block_request_id,task_id,asset_id,corridor_id,block_window_id,block_date,start_min,end_min,duration_min,predicted_priority,priority_category,department,possession_required,candidate_id,train_conflicts,total_conflict_duration_min,forecast_date,forecast_goods_trains,peak_period,confidence_pct
BR000002,TMS000003,AST000826,C00078,COA000408,2025-06-21,155,246,91,54.48744583129883,Medium,Engineering,No,0,1,91.0,,0.0,,0.0
BR000004,TMS000005,AST001012,C00078,COA000722,2025-06-04,988,1066,78,67.6893539428711,High,Engineering,Yes,1,0,0.0,2025-06-04,7.0,Normal,85.0
BR000004,TMS000005,AST001012,C00078,COA000722,2025-06-04,988,1066,78,67.6893539428711,High,Engineering,Yes,1,0,0.0,2025-06-04,3.0,Off-Peak,82.0
BR000007,TMS000008,AST004121,C00094,COA001390,2025-06-10,1057,1203,146,43.130348205566406,Medium,Engineering,Yes,2,1,56.0,2025-06-10,3.0,Off-Peak,86.0
BR000007,TMS000008,AST004121,C00094,COA001390,2025-06-10,1057,1203,146,43.130348205566406,Medium,Engineering,Yes,2,1,56.0,2025-06-10,4.0,Off-Peak,76.0
BR000007,TMS000008,AST004121,C00094,COA001390,2025-06-10,1057,1203,146,43.130348205566406,Medium,Engineering,Yes,2,1,56.0,2025-06-10,2.0,Peak,95.0
BR000019,TMS000021,AST003486,C00003,COA000390,2025-06-28,206,249,43,62.8548583984375,High,Engineering,Yes,3,1,14.0,2025-06-28,6.0,Off-Peak,94.0
BR000024,TMS000027,AST003894,C00093,COA000139,2025-06-25,608,644,36,49.29445266723633,Medium,Engineering,Yes,4,1,21.0,,0.0,,0.0
BR000025,TMS000028,AST001133,C00076,COA001405,2025-06-02,1146,1256,110,59.352386474609375,Medium,Engineering,Yes,5,0,0.0,,0.0,,0.0
BR000043,TMS000053,AST004534,C00086,COA000527,2025-06-17,291,420,129,23.9704532623291,Low,Engineering,Yes,6,2,174.0,2025-06-17,6.0,Normal,92.0
BR000044,TMS000055,AST004019,C00066,COA000597,2025-06-25,68,101,33,26.74348258972168,Low,Engineering,Yes,7,0,0.0,2025-06-25,11.0,Normal,70.0
BR000044,TMS000055,AST004019,C00066,COA000597,2025-06-25,68,101,33,26.74348258972168,Low,Engineering,Yes,7,0,0.0,2025-06-25,2.0,Normal,89.0
BR000051,TMS000065,AST000013,C00001,COA001168,2025-06-02,537,600,63,77.89313507080078,High,Engineering,Yes,8,2,84.0,,0.0,,0.0
BR000051,TMS000065,AST000013,C00001,COA001199,2025-06-02,803,866,63,77.89313507080078,High,Engineering,Yes,9,0,0.0,,0.0,,0.0
BR000060,TMS000074,AST001213,C00041,COA000939,2025-06-05,432,517,85,40.71774673461914,Medium,Engineering,No,10,0,0.0,,0.0,,0.0
BR000060,TMS000074,AST001213,C00041,COA001210,2025-06-05,972,1057,85,40.71774673461914,Medium,Engineering,No,11,1,36.0,,0.0,,0.0
BR000062,TMS000076,AST002317,C00046,COA000796,2025-06-15,359,478,119,54.495582580566406,Medium,Engineering,Yes,12,0,0.0,2025-06-15,4.0,Normal,73.0
BR000070,TMS000086,AST000036,C00017,COA000826,2025-06-20,186,239,53,74.3526382446289,High,Engineering,No,13,0,0.0,,0.0,,0.0
BR000081,TMS000098,AST003042,C00006,COA001192,2025-06-01,40,74,34,37.731422424316406,Low,Engineering,No,14,0,0.0,2025-06-01,3.0,Normal,93.0
BR000081,TMS000098,AST003042,C00006,COA001192,2025-06-01,40,74,34,37.731422424316406,Low,Engineering,No,14,0,0.0,2025-06-01,5.0,Peak,94.0
BR000086,TMS000103,AST004028,C00050,COA000530,2025-06-19,196,243,47,30.329280853271484,Low,Engineering,Yes,15,0,0.0,2025-06-19,5.0,Normal,94.0
BR000086,TMS000103,AST004028,C00050,COA000530,2025-06-19,196,243,47,30.329280853271484,Low,Engineering,Yes,15,0,0.0,2025-06-19,11.0,Normal,71.0
BR000086,TMS000103,AST004028,C00050,COA001121,2025-06-19,1043,1090,47,30.329280853271484,Low,Engineering,Yes,16,0,0.0,2025-06-19,5.0,Normal,94.0
BR000086,TMS000103,AST004028,C00050,COA001121,2025-06-19,1043,1090,47,30.329280853271484,Low,Engineering,Yes,16,0,0.0,2025-06-19,11.0,Normal,71.0
BR000089,TMS000106,AST005053,C00077,COA001294,2025-06-01,685,813,128,20.250770568847656,Low,Engineering,Yes,17,1,38.0,2025-06-01,10.0,Normal,89.0
BR000089,TMS000106,AST005053,C00077,COA001294,2025-06-01,685,813,128,20.250770568847656,Low,Engineering,Yes,17,1,38.0,2025-06-01,7.0,Off-Peak,78.0
BR000110,TMS000132,AST003824,C00008,COA001474,2025-06-10,1141,1214,73,27.067981719970703,Low,Engineering,Yes,18,0,0.0,,0.0,,0.0
BR000115,TMS000141,AST001048,C00093,COA001291,2025-06-13,768,842,74,44.86659240722656,Medium,Engineering,Yes,19,0,0.0,2025-06-13,4.0,Off-Peak,81.0
BR000115,TMS000141,AST001048,C00093,COA001499,2025-06-13,610,684,74,44.86659240722656,Medium,Engineering,Yes,20,1,74.0,2025-06-13,4.0,Off-Peak,81.0
BR000125,TMS000153,AST000769,C00085,COA000993,2025-06-20,902,1023,121,20.790023803710938,Low,Engineering,Yes,21,0,0.0,2025-06-20,4.0,Peak,85.0
BR000132,TMS000162,AST001332,C00013,COA001108,2025-06-15,36,158,122,24.421567916870117,Low,Engineering,No,22,0,0.0,2025-06-15,2.0,Off-Peak,93.0
BR000132,TMS000162,AST001332,C00013,COA001108,2025-06-15,36,158,122,24.421567916870117,Low,Engineering,No,22,0,0.0,2025-06-15,3.0,Off-Peak,94.0
BR000132,TMS000162,AST001332,C00013,COA001108,2025-06-15,36,158,122,24.421567916870117,Low,Engineering,No,22,0,0.0,2025-06-15,6.0,Normal,74.0
BR000140,TMS000171,AST003865,C00063,COA000973,2025-06-13,1161,1202,41,68.7098388671875,High,Engineering,No,23,1,41.0,2025-06-13,6.0,Normal,85.0
BR000140,TMS000171,AST003865,C00063,COA000973,2025-06-13,1161,1202,41,68.7098388671875,High,Engineering,No,23,1,41.0,2025-06-13,4.0,Normal,76.0
BR000140,TMS000171,AST003865,C00063,COA000973,2025-06-13,1161,1202,41,68.7098388671875,High,Engineering,No,23,1,41.0,2025-06-13,5.0,Normal,76.0
BR000141,TMS000172,AST002249,C00053,COA001336,2025-06-11,86,158,72,48.97134780883789,Medium,Engineering,Yes,24,0,0.0,2025-06-11,6.0,Peak,81.0
BR000141,TMS000172,AST002249,C00053,COA001336,2025-06-11,86,158,72,48.97134780883789,Medium,Engineering,Yes,24,0,0.0,2025-06-11,7.0,Normal,82.0
BR000141,TMS000172,AST002249,C00053,COA001336,2025-06-11,86,158,72,48.97134780883789,Medium,Engineering,Yes,24,0,0.0,2025-06-11,4.0,Off-Peak,94.0
BR000141,TMS000172,AST002249,C00053,COA001336,2025-06-11,86,158,72,48.97134780883789,Medium,Engineering,Yes,24,0,0.0,2025-06-11,6.0,Normal,83.0
BR000156,TMS000192,AST003593,C00015,COA000231,2025-06-14,336,468,132,26.272706985473633,Low,Engineering,Yes,25,2,143.0,2025-06-14,3.0,Peak,86.0
BR000156,TMS000192,AST003593,C00015,COA000231,2025-06-14,336,468,132,26.272706985473633,Low,Engineering,Yes,25,2,143.0,2025-06-14,3.0,Normal,94.0
BR000156,TMS000192,AST003593,C00015,COA000231,2025-06-14,336,468,132,26.272706985473633,Low,Engineering,Yes,25,2,143.0,2025-06-14,5.0,Normal,78.0
BR000172,TMS000210,AST000269,C00003,COA001023,2025-06-06,41,176,135,52.04310989379883,Medium,Engineering,Yes,26,0,0.0,2025-06-06,4.0,Normal,93.0
BR000172,TMS000210,AST000269,C00003,COA001023,2025-06-06,41,176,135,52.04310989379883,Medium,Engineering,Yes,26,0,0.0,2025-06-06,4.0,Peak,70.0
BR000178,TMS000219,AST004615,C00039,COA000542,2025-06-04,1182,1230,48,26.705039978027344,Low,Engineering,Yes,27,1,48.0,,0.0,,0.0
BR000182,TMS000224,AST001854,C00016,COA001302,2025-06-14,310,470,160,41.191001892089844,Medium,Engineering,No,28,0,0.0,2025-06-14,5.0,Normal,85.0
BR000182,TMS000224,AST001854,C00016,COA001302,2025-06-14,310,470,160,41.191001892089844,Medium,Engineering,No,28,0,0.0,2025-06-14,6.0,Peak,90.0
BR000189,TMS000235,AST003191,C00016,COA000991,2025-06-27,1038,1090,52,34.15465545654297,Low,Engineering,Yes,29,1,52.0,2025-06-27,5.0,Off-Peak,79.0
BR000194,TMS000242,AST001537,C00040,COA000102,2025-06-22,997,1101,104,48.13828659057617,Medium,Engineering,Yes,30,0,0.0,,0.0,,0.0
BR000197,TMS000245,AST000951,C00003,COA000185,2025-06-14,807,880,73,41.93967819213867,Medium,Engineering,Yes,31,0,0.0,,0.0,,0.0
BR000201,TMS000250,AST000688,C00049,COA000074,2025-06-13,928,1023,95,57.683082580566406,Medium,Engineering,Yes,32,1,95.0,2025-06-13,7.0,Off-Peak,71.0
BR000201,TMS000250,AST000688,C00049,COA000074,2025-06-13,928,1023,95,57.683082580566406,Medium,Engineering,Yes,32,1,95.0,2025-06-13,6.0,Off-Peak,81.0
BR000205,TMS000255,AST003583,C00030,COA001464,2025-06-28,882,977,95,55.71949768066406,Medium,Engineering,Yes,33,1,86.0,2025-06-28,5.0,Peak,82.0
BR000207,TMS000257,AST005137,C00007,COA000525,2025-06-28,589,672,83,38.60211181640625,Low,Engineering,Yes,34,0,0.0,,0.0,,0.0
BR000221,TMS000273,AST004477,C00052,COA000126,2025-06-16,75,144,69,63.24244689941406,High,Engineering,Yes,35,0,0.0,2025-06-16,4.0,Normal,81.0
BR000221,TMS000273,AST004477,C00052,COA000126,2025-06-16,75,144,69,63.24244689941406,High,Engineering,Yes,35,0,0.0,2025-06-16,2.0,Normal,92.0
BR000221,TMS000273,AST004477,C00052,COA000126,2025-06-16,75,144,69,63.24244689941406,High,Engineering,Yes,35,0,0.0,2025-06-16,2.0,Peak,77.0
BR000221,TMS000273,AST004477,C00052,COA000126,2025-06-16,75,144,69,63.24244689941406,High,Engineering,Yes,35,0,0.0,2025-06-16,5.0,Normal,87.0
BR000221,TMS000273,AST004477,C00052,COA001399,2025-06-16,1028,1097,69,63.24244689941406,High,Engineering,Yes,36,1,35.0,2025-06-16,4.0,Normal,81.0
BR000221,TMS000273,AST004477,C00052,COA001399,2025-06-16,1028,1097,69,63.24244689941406,High,Engineering,Yes,36,1,35.0,2025-06-16,2.0,Normal,92.0
BR000221,TMS000273,AST004477,C00052,COA001399,2025-06-16,1028,1097,69,63.24244689941406,High,Engineering,Yes,36,1,35.0,2025-06-16,2.0,Peak,77.0
BR000221,TMS000273,AST004477,C00052,COA001399,2025-06-16,1028,1097,69,63.24244689941406,High,Engineering,Yes,36,1,35.0,2025-06-16,5.0,Normal,87.0
BR000223,TMS000275,AST001732,C00049,COA001043,2025-06-25,20,54,34,32.53102493286133,Low,Engineering,Yes,37,0,0.0,2025-06-25,3.0,Normal,87.0
BR000225,TMS000277,AST003848,C00081,COA001426,2025-06-02,953,1036,83,18.87638282775879,Low,Engineering,Yes,38,1,45.0,,0.0,,0.0
BR000227,TMS000279,AST002253,C00034,COA000039,2025-06-11,40,87,47,29.0541934967041,Low,Engineering,Yes,39,0,0.0,2025-06-11,4.0,Normal,82.0
BR000227,TMS000279,AST002253,C00034,COA001223,2025-06-11,696,743,47,29.0541934967041,Low,Engineering,Yes,40,0,0.0,2025-06-11,4.0,Normal,82.0
BR000228,TMS000280,AST000646,C00051,COA001289,2025-06-09,591,682,91,59.18415451049805,Medium,Engineering,Yes,41,2,147.0,2025-06-09,4.0,Normal,94.0
BR000230,TMS000282,AST001723,C00020,COA001030,2025-06-02,984,1055,71,40.487388610839844,Medium,Engineering,No,42,1,42.0,2025-06-02,4.0,Normal,76.0
BR000249,TMS000306,AST001532,C00002,COA000347,2025-06-26,72,120,48,52.46213150024414,Medium,Engineering,Yes,43,0,0.0,,0.0,,0.0
BR000249,TMS000306,AST001532,C00002,COA000898,2025-06-26,196,244,48,52.46213150024414,Medium,Engineering,Yes,44,1,33.0,,0.0,,0.0
BR000259,TMS000319,AST004348,C00039,COA000175,2025-06-14,366,470,104,35.69047164916992,Low,Engineering,Yes,45,0,0.0,2025-06-14,4.0,Normal,73.0
BR000264,TMS000325,AST002478,C00032,COA000875,2025-06-14,270,335,65,59.70527267456055,Medium,Engineering,Yes,46,1,40.0,2025-06-14,4.0,Normal,93.0
BR000264,TMS000325,AST002478,C00032,COA000875,2025-06-14,270,335,65,59.70527267456055,Medium,Engineering,Yes,46,1,40.0,2025-06-14,3.0,Normal,71.0
BR000264,TMS000325,AST002478,C00032,COA000875,2025-06-14,270,335,65,59.70527267456055,Medium,Engineering,Yes,46,1,40.0,2025-06-14,4.0,Off-Peak,86.0
BR000264,TMS000325,AST002478,C00032,COA000920,2025-06-14,198,263,65,59.70527267456055,Medium,Engineering,Yes,47,2,53.0,2025-06-14,4.0,Normal,93.0
BR000264,TMS000325,AST002478,C00032,COA000920,2025-06-14,198,263,65,59.70527267456055,Medium,Engineering,Yes,47,2,53.0,2025-06-14,3.0,Normal,71.0
BR000264,TMS000325,AST002478,C00032,COA000920,2025-06-14,198,263,65,59.70527267456055,Medium,Engineering,Yes,47,2,53.0,2025-06-14,4.0,Off-Peak,86.0
BR000274,TMS000336,AST000853,C00053,COA000789,2025-06-02,558,663,105,61.18579864501953,High,Engineering,No,48,1,98.0,2025-06-02,5.0,Normal,93.0
BR000289,TMS000360,AST000112,C00091,COA001317,2025-06-02,292,366,74,49.593055725097656,Medium,Engineering,Yes,49,2,139.0,,0.0,,0.0
BR000304,TMS000376,AST003204,C00037,COA000508,2025-06-06,709,765,56,47.81586837768555,Medium,Engineering,Yes,50,0,0.0,2025-06-06,10.0,Off-Peak,74.0
BR000304,TMS000376,AST003204,C00037,COA000508,2025-06-06,709,765,56,47.81586837768555,Medium,Engineering,Yes,50,0,0.0,2025-06-06,2.0,Peak,82.0
BR000308,TMS000382,AST003995,C00058,COA000458,2025-06-20,168,208,40,33.66064453125,Low,Engineering,Yes,51,1,38.0,2025-06-20,4.0,Normal,95.0
BR000308,TMS000382,AST003995,C00058,COA000458,2025-06-20,168,208,40,33.66064453125,Low,Engineering,Yes,51,1,38.0,2025-06-20,4.0,Off-Peak,80.0
BR000308,TMS000382,AST003995,C00058,COA000990,2025-06-20,247,287,40,33.66064453125,Low,Engineering,Yes,52,1,40.0,2025-06-20,4.0,Normal,95.0
BR000308,TMS000382,AST003995,C00058,COA000990,2025-06-20,247,287,40,33.66064453125,Low,Engineering,Yes,52,1,40.0,2025-06-20,4.0,Off-Peak,80.0
BR000325,TMS000407,AST001839,C00095,COA001422,2025-06-14,252,374,122,29.876026153564453,Low,Engineering,Yes,53,2,210.0,2025-06-14,5.0,Normal,77.0
BR000325,TMS000407,AST001839,C00095,COA001422,2025-06-14,252,374,122,29.876026153564453,Low,Engineering,Yes,53,2,210.0,2025-06-14,3.0,Off-Peak,73.0
BR000326,TMS000411,AST000235,C00084,COA000120,2025-06-21,415,464,49,32.527828216552734,Low,Engineering,Yes,54,1,10.0,2025-06-21,2.0,Normal,88.0
BR000326,TMS000411,AST000235,C00084,COA000120,2025-06-21,415,464,49,32.527828216552734,Low,Engineering,Yes,54,1,10.0,2025-06-21,3.0,Off-Peak,71.0
BR000328,TMS000413,AST001400,C00005,COA000338,2025-06-25,956,1005,49,32.843353271484375,Low,Engineering,Yes,55,1,49.0,2025-06-25,3.0,Normal,85.0
BR000335,TMS000422,AST004554,C00078,COA000293,2025-06-05,208,284,76,29.119583129882812,Low,Engineering,Yes,56,0,0.0,2025-06-05,3.0,Normal,77.0
BR000335,TMS000422,AST004554,C00078,COA000293,2025-06-05,208,284,76,29.119583129882812,Low,Engineering,Yes,56,0,0.0,2025-06-05,3.0,Peak,83.0
BR000335,TMS000422,AST004554,C00078,COA000293,2025-06-05,208,284,76,29.119583129882812,Low,Engineering,Yes,56,0,0.0,2025-06-05,4.0,Normal,92.0
BR000336,TMS000423,AST003516,C00055,COA001100,2025-06-28,192,241,49,36.672454833984375,Low,Engineering,Yes,57,0,0.0,,0.0,,0.0
BR000339,TMS000427,AST002409,C00080,COA000444,2025-06-06,57,218,161,44.83461380004883,Medium,Engineering,Yes,58,2,137.0,2025-06-06,3.0,Off-Peak,73.0
BR000341,TMS000430,AST002929,C00100,COA000848,2025-06-18,1,66,65,47.35833740234375,Medium,Engineering,Yes,59,0,0.0,,0.0,,0.0
BR000367,TMS000464,AST002000,C00077,COA001141,2025-06-13,438,486,48,48.902130126953125,Medium,Engineering,Yes,60,2,88.0,2025-06-13,3.0,Normal,93.0
BR000367,TMS000464,AST002000,C00077,COA001141,2025-06-13,438,486,48,48.902130126953125,Medium,Engineering,Yes,60,2,88.0,2025-06-13,3.0,Off-Peak,82.0
BR000367,TMS000464,AST002000,C00077,COA001255,2025-06-13,390,438,48,48.902130126953125,Medium,Engineering,Yes,61,1,39.0,2025-06-13,3.0,Normal,93.0
BR000367,TMS000464,AST002000,C00077,COA001255,2025-06-13,390,438,48,48.902130126953125,Medium,Engineering,Yes,61,1,39.0,2025-06-13,3.0,Off-Peak,82.0
BR000372,TMS000470,AST002160,C00018,COA000484,2025-06-23,815,925,110,53.39499282836914,Medium,Engineering,Yes,62,0,0.0,2025-06-23,5.0,Normal,82.0
BR000391,TMS000495,AST002749,C00007,COA000693,2025-06-03,89,207,118,64.08495330810547,High,Engineering,Yes,63,1,74.0,2025-06-03,4.0,Normal,77.0
BR000391,TMS000495,AST002749,C00007,COA000693,2025-06-03,89,207,118,64.08495330810547,High,Engineering,Yes,63,1,74.0,2025-06-03,5.0,Off-Peak,81.0
BR000391,TMS000495,AST002749,C00007,COA000693,2025-06-03,89,207,118,64.08495330810547,High,Engineering,Yes,63,1,74.0,2025-06-03,5.0,Peak,87.0
BR000404,TMS000510,AST001118,C00013,COA001415,2025-06-30,810,989,179,48.35883712768555,Medium,Engineering,No,64,0,0.0,,0.0,,0.0
BR000407,TMS000513,AST000799,C00006,COA000103,2025-06-23,561,644,83,66.24956512451172,High,Engineering,Yes,65,0,0.0,2025-06-23,1.0,Normal,88.0
BR000407,TMS000513,AST000799,C00006,COA000103,2025-06-23,561,644,83,66.24956512451172,High,Engineering,Yes,65,0,0.0,2025-06-23,5.0,Normal,80.0
BR000407,TMS000513,AST000799,C00006,COA000586,2025-06-23,993,1076,83,66.24956512451172,High,Engineering,Yes,66,1,21.0,2025-06-23,1.0,Normal,88.0
BR000407,TMS000513,AST000799,C00006,COA000586,2025-06-23,993,1076,83,66.24956512451172,High,Engineering,Yes,66,1,21.0,2025-06-23,5.0,Normal,80.0
BR000422,TMS000532,AST005157,C00031,COA000015,2025-06-09,1084,1145,61,34.429691314697266,Low,Engineering,No,67,0,0.0,,0.0,,0.0
BR000423,TMS000534,AST002957,C00058,COA001077,2025-06-04,606,718,112,30.802143096923828,Low,Engineering,Yes,68,2,87.0,2025-06-04,7.0,Normal,85.0
BR000423,TMS000534,AST002957,C00058,COA001077,2025-06-04,606,718,112,30.802143096923828,Low,Engineering,Yes,68,2,87.0,2025-06-04,5.0,Normal,84.0
BR000425,TMS000536,AST004290,C00097,COA001064,2025-06-05,862,969,107,71.3008804321289,High,Engineering,Yes,69,0,0.0,,0.0,,0.0
BR000439,TMS000555,AST004816,C00045,COA000239,2025-06-22,696,780,84,40.86472702026367,Medium,Engineering,Yes,70,0,0.0,2025-06-22,9.0,Peak,95.0
BR000448,TMS000566,AST004848,C00031,COA000306,2025-06-28,600,631,31,36.257686614990234,Low,Engineering,No,71,0,0.0,,0.0,,0.0
BR000455,TMS000574,AST000917,C00013,COA000275,2025-06-10,1126,1256,130,47.91828918457031,Medium,Engineering,Yes,72,0,0.0,2025-06-10,4.0,Peak,85.0
BR000469,TMS000596,AST000513,C00035,COA000765,2025-06-24,453,588,135,57.095848083496094,Medium,Engineering,Yes,73,0,0.0,2025-06-24,2.0,Normal,71.0
BR000469,TMS000596,AST000513,C00035,COA000765,2025-06-24,453,588,135,57.095848083496094,Medium,Engineering,Yes,73,0,0.0,2025-06-24,5.0,Normal,89.0
BR000470,TMS000597,AST003719,C00053,COA000715,2025-06-17,677,766,89,31.279273986816406,Low,Engineering,No,74,1,2.0,2025-06-17,6.0,Normal,94.0
BR000470,TMS000597,AST003719,C00053,COA000715,2025-06-17,677,766,89,31.279273986816406,Low,Engineering,No,74,1,2.0,2025-06-17,6.0,Off-Peak,87.0
BR000474,TMS000601,AST002623,C00031,COA000897,2025-06-16,38,161,123,30.625194549560547,Low,Engineering,Yes,75,0,0.0,2025-06-16,4.0,Normal,89.0
BR000474,TMS000601,AST002623,C00031,COA000897,2025-06-16,38,161,123,30.625194549560547,Low,Engineering,Yes,75,0,0.0,2025-06-16,2.0,Normal,91.0
BR000498,TMS000632,AST003399,C00043,COA000405,2025-06-29,452,579,127,44.80398941040039,Medium,Engineering,Yes,76,1,49.0,2025-06-29,3.0,Normal,94.0
BR000512,TMS000648,AST004818,C00014,COA000289,2025-06-11,375,513,138,65.1375732421875,High,Engineering,Yes,77,1,134.0,2025-06-11,3.0,Normal,79.0
BR000520,TMS000658,AST003570,C00011,COA000056,2025-06-13,703,798,95,42.156211853027344,Medium,Engineering,Yes,78,2,94.0,,0.0,,0.0
BR000520,TMS000658,AST003570,C00011,COA000909,2025-06-13,542,637,95,42.156211853027344,Medium,Engineering,Yes,79,2,190.0,,0.0,,0.0
BR000526,TMS000667,AST003907,C00055,COA000249,2025-06-11,1107,1185,78,18.98447608947754,Low,Engineering,Yes,80,0,0.0,,0.0,,0.0
BR000526,TMS000667,AST003907,C00055,COA001209,2025-06-11,994,1072,78,18.98447608947754,Low,Engineering,Yes,81,0,0.0,,0.0,,0.0
BR000530,TMS000672,AST003791,C00058,COA000458,2025-06-20,168,208,40,60.652252197265625,High,Engineering,No,82,1,38.0,2025-06-20,4.0,Normal,95.0
BR000530,TMS000672,AST003791,C00058,COA000458,2025-06-20,168,208,40,60.652252197265625,High,Engineering,No,82,1,38.0,2025-06-20,4.0,Off-Peak,80.0
BR000530,TMS000672,AST003791,C00058,COA000990,2025-06-20,247,287,40,60.652252197265625,High,Engineering,No,83,1,40.0,2025-06-20,4.0,Normal,95.0
BR000530,TMS000672,AST003791,C00058,COA000990,2025-06-20,247,287,40,60.652252197265625,High,Engineering,No,83,1,40.0,2025-06-20,4.0,Off-Peak,80.0
BR000531,TMS000673,AST003211,C00003,COA000948,2025-06-23,132,287,155,67.15543365478516,High,Engineering,Yes,84,0,0.0,,0.0,,0.0
BR000535,TMS000678,AST003725,C00049,COA000430,2025-06-14,808,907,99,57.56301498413086,Medium,Engineering,Yes,85,1,21.0,2025-06-14,7.0,Normal,89.0
BR000535,TMS000678,AST003725,C00049,COA000430,2025-06-14,808,907,99,57.56301498413086,Medium,Engineering,Yes,85,1,21.0,2025-06-14,7.0,Off-Peak,71.0
BR000536,TMS000679,AST004908,C00019,COA001242,2025-06-04,1191,1225,34,56.72065353393555,Medium,Engineering,Yes,86,1,34.0,,0.0,,0.0
BR000543,TMS000686,AST001238,C00020,COA001323,2025-06-10,741,885,144,28.523103713989258,Low,Engineering,Yes,87,0,0.0,,0.0,,0.0
BR000544,TMS000687,AST004247,C00047,COA000584,2025-06-13,340,505,165,40.92325210571289,Medium,Engineering,Yes,88,2,170.0,2025-06-13,9.0,Normal,89.0
BR000548,TMS000693,AST004282,C00098,COA001002,2025-06-22,7,72,65,72.72721099853516,High,Engineering,Yes,89,1,26.0,,0.0,,0.0
BR000583,TMS000741,AST004590,C00013,COA001415,2025-06-30,810,942,132,17.573448181152344,Low,Engineering,Yes,90,0,0.0,,0.0,,0.0
BR000619,TMS000797,AST004551,C00002,COA000596,2025-06-22,546,642,96,36.27513122558594,Low,Engineering,Yes,91,0,0.0,,0.0,,0.0
BR000628,TMS000809,AST000950,C00006,COA000586,2025-06-23,993,1120,127,84.33378601074219,Critical,Engineering,Yes,92,1,21.0,2025-06-23,1.0,Normal,88.0
BR000628,TMS000809,AST000950,C00006,COA000586,2025-06-23,993,1120,127,84.33378601074219,Critical,Engineering,Yes,92,1,21.0,2025-06-23,5.0,Normal,80.0
BR000629,TMS000810,AST000056,C00076,COA000572,2025-06-12,218,299,81,49.691978454589844,Medium,Engineering,Yes,93,1,81.0,2025-06-12,4.0,Normal,81.0
BR000629,TMS000810,AST000056,C00076,COA000572,2025-06-12,218,299,81,49.691978454589844,Medium,Engineering,Yes,93,1,81.0,2025-06-12,4.0,Off-Peak,80.0
BR000629,TMS000810,AST000056,C00076,COA000572,2025-06-12,218,299,81,49.691978454589844,Medium,Engineering,Yes,93,1,81.0,2025-06-12,8.0,Peak,77.0
BR000631,TMS000813,AST004263,C00011,COA000690,2025-06-10,932,1030,98,48.62418746948242,Medium,Engineering,Yes,94,5,263.0,2025-06-10,8.0,Normal,90.0
BR000631,TMS000813,AST004263,C00011,COA000690,2025-06-10,932,1030,98,48.62418746948242,Medium,Engineering,Yes,94,5,263.0,2025-06-10,4.0,Normal,83.0
BR000631,TMS000813,AST004263,C00011,COA000690,2025-06-10,932,1030,98,48.62418746948242,Medium,Engineering,Yes,94,5,263.0,2025-06-10,4.0,Normal,79.0
BR000631,TMS000813,AST004263,C00011,COA000690,2025-06-10,932,1030,98,48.62418746948242,Medium,Engineering,Yes,94,5,263.0,2025-06-10,5.0,Normal,92.0
BR000636,TMS000820,AST002763,C00081,COA000124,2025-06-03,181,316,135,20.74152374267578,Low,Engineering,Yes,95,0,0.0,,0.0,,0.0
BR000636,TMS000820,AST002763,C00081,COA000559,2025-06-03,285,420,135,20.74152374267578,Low,Engineering,Yes,96,0,0.0,,0.0,,0.0
BR000638,TMS000823,AST001210,C00066,COA000080,2025-06-05,1124,1276,152,38.33488464355469,Low,Engineering,Yes,97,2,149.0,,0.0,,0.0
BR000639,TMS000824,AST002230,C00099,COA000614,2025-06-04,604,676,72,53.29069519042969,Medium,Engineering,No,98,0,0.0,2025-06-04,5.0,Off-Peak,70.0
BR000642,TMS000828,AST004301,C00017,COA000379,2025-06-04,1086,1147,61,39.71046829223633,Low,Engineering,Yes,99,0,0.0,2025-06-04,6.0,Off-Peak,87.0
BR000673,TMS000862,AST004121,C00094,COA001471,2025-06-27,305,343,38,34.734703063964844,Low,Engineering,Yes,100,0,0.0,,0.0,,0.0
BR000690,TMS000885,AST000183,C00007,COA000028,2025-06-01,669,784,115,25.33670425415039,Low,Engineering,Yes,101,3,264.0,,0.0,,0.0
BR000690,TMS000885,AST000183,C00007,COA000105,2025-06-01,1126,1241,115,25.33670425415039,Low,Engineering,Yes,102,2,141.0,,0.0,,0.0
BR000691,TMS000888,AST000690,C00086,COA000605,2025-06-03,397,513,116,65.4158706665039,High,Engineering,Yes,103,0,0.0,,0.0,,0.0
BR000709,TMS000914,AST001373,C00041,COA000189,2025-06-24,253,335,82,57.4510612487793,Medium,Engineering,Yes,104,1,49.0,,0.0,,0.0
BR000723,TMS000934,AST000602,C00040,COA000177,2025-06-28,571,616,45,35.81829071044922,Low,Engineering,Yes,105,1,10.0,,0.0,,0.0
BR000729,TMS000942,AST002018,C00080,COA000739,2025-06-09,48,173,125,32.2530403137207,Low,Engineering,Yes,106,3,120.0,2025-06-09,9.0,Normal,70.0
BR000729,TMS000942,AST002018,C00080,COA000739,2025-06-09,48,173,125,32.2530403137207,Low,Engineering,Yes,106,3,120.0,2025-06-09,6.0,Normal,71.0
BR000729,TMS000942,AST002018,C00080,COA000739,2025-06-09,48,173,125,32.2530403137207,Low,Engineering,Yes,106,3,120.0,2025-06-09,7.0,Normal,82.0
BR000729,TMS000942,AST002018,C00080,COA000739,2025-06-09,48,173,125,32.2530403137207,Low,Engineering,Yes,106,3,120.0,2025-06-09,5.0,Peak,81.0
BR000732,TMS000945,AST003366,C00072,COA000844,2025-06-23,397,459,62,27.061153411865234,Low,Engineering,No,107,2,84.0,2025-06-23,4.0,Normal,76.0
BR000739,TMS000955,AST005250,C00024,COA000192,2025-06-01,31,132,101,44.24654006958008,Medium,Engineering,Yes,108,1,100.0,,0.0,,0.0
BR000771,TMS001000,AST002413,C00085,COA000063,2025-06-07,364,470,106,53.43265914916992,Medium,Engineering,Yes,109,4,235.0,2025-06-07,4.0,Peak,91.0
BR000771,TMS001000,AST002413,C00085,COA000063,2025-06-07,364,470,106,53.43265914916992,Medium,Engineering,Yes,109,4,235.0,2025-06-07,4.0,Normal,90.0
BR000771,TMS001000,AST002413,C00085,COA000063,2025-06-07,364,470,106,53.43265914916992,Medium,Engineering,Yes,109,4,235.0,2025-06-07,3.0,Normal,91.0
BR000774,TMS001004,AST005116,C00077,COA001259,2025-06-09,305,338,33,28.97800636291504,Low,Engineering,Yes,110,0,0.0,2025-06-09,3.0,Off-Peak,90.0
BR000783,TMS001014,AST003683,C00068,COA001393,2025-06-23,705,777,72,51.043907165527344,Medium,Engineering,No,111,1,31.0,,0.0,,0.0
BR000800,TMS001037,AST005270,C00052,COA001338,2025-06-30,613,656,43,61.374141693115234,High,Engineering,No,112,1,43.0,,0.0,,0.0
BR000800,TMS001037,AST005270,C00052,COA001443,2025-06-30,979,1022,43,61.374141693115234,High,Engineering,No,113,2,86.0,,0.0,,0.0
BR000804,TMS001043,AST003413,C00004,COA000764,2025-06-19,492,641,149,50.48440170288086,Medium,Engineering,Yes,114,0,0.0,,0.0,,0.0
BR000807,TMS001047,AST000257,C00041,COA000939,2025-06-05,432,587,155,50.37519454956055,Medium,Engineering,Yes,115,0,0.0,,0.0,,0.0
BR000814,TMS001059,AST005247,C00077,COA000049,2025-06-26,88,143,55,70.0226058959961,High,Engineering,Yes,116,3,148.0,2025-06-26,9.0,Normal,90.0
BR000814,TMS001059,AST005247,C00077,COA000650,2025-06-26,399,454,55,70.0226058959961,High,Engineering,Yes,117,0,0.0,2025-06-26,9.0,Normal,90.0
BR000826,TMS001072,AST002488,C00047,COA000584,2025-06-13,340,467,127,40.65364074707031,Medium,Engineering,Yes,118,2,132.0,2025-06-13,9.0,Normal,89.0
BR000828,TMS001074,AST004033,C00002,COA000898,2025-06-26,196,306,110,29.561283111572266,Low,Engineering,Yes,119,1,33.0,,0.0,,0.0
BR000848,TMS001098,AST004883,C00030,COA001200,2025-06-13,1106,1164,58,46.35978698730469,Medium,Engineering,Yes,120,1,57.0,2025-06-13,1.0,Normal,83.0
BR000850,TMS001100,AST001537,C00040,COA000102,2025-06-22,997,1102,105,35.798736572265625,Low,Engineering,Yes,121,0,0.0,,0.0,,0.0
BR000853,TMS001104,AST002841,C00030,COA000600,2025-06-25,327,469,142,24.856670379638672,Low,Engineering,Yes,122,1,17.0,,0.0,,0.0
BR000860,TMS001113,AST000802,C00097,COA000467,2025-06-28,1038,1124,86,28.272539138793945,Low,Engineering,No,123,0,0.0,2025-06-28,3.0,Normal,75.0
BR000890,TMS001148,AST003224,C00044,COA000927,2025-06-16,184,254,70,47.0586051940918,Medium,Engineering,Yes,124,1,52.0,2025-06-16,4.0,Normal,70.0
BR000890,TMS001148,AST003224,C00044,COA001444,2025-06-16,959,1029,70,47.0586051940918,Medium,Engineering,Yes,125,0,0.0,2025-06-16,4.0,Normal,70.0
BR000896,TMS001158,AST005224,C00051,COA000144,2025-06-01,415,525,110,32.08220672607422,Low,Engineering,Yes,126,1,23.0,,0.0,,0.0
BR000903,TMS001172,AST000134,C00062,COA000110,2025-06-05,163,290,127,53.087894439697266,Medium,Engineering,Yes,127,0,0.0,2025-06-05,2.0,Normal,92.0
BR000911,TMS001185,AST003195,C00050,COA001037,2025-06-16,893,939,46,30.02313804626465,Low,Engineering,Yes,128,0,0.0,2025-06-16,6.0,Normal,79.0
BR000912,TMS001187,AST000019,C00100,COA000087,2025-06-28,80,158,78,53.65614318847656,Medium,Engineering,Yes,129,0,0.0,,0.0,,0.0
BR000913,TMS001188,AST002472,C00055,COA000249,2025-06-11,1107,1175,68,59.123992919921875,Medium,Engineering,Yes,130,0,0.0,,0.0,,0.0
BR000913,TMS001188,AST002472,C00055,COA001209,2025-06-11,994,1062,68,59.123992919921875,Medium,Engineering,Yes,131,0,0.0,,0.0,,0.0
BR000924,TMS001204,AST001111,C00082,COA000623,2025-06-21,965,1014,49,37.83534622192383,Low,Engineering,Yes,132,0,0.0,,0.0,,0.0
BR000928,TMS001208,AST000381,C00007,COA000693,2025-06-03,89,194,105,27.850269317626953,Low,Engineering,Yes,133,1,61.0,2025-06-03,4.0,Normal,77.0
BR000928,TMS001208,AST000381,C00007,COA000693,2025-06-03,89,194,105,27.850269317626953,Low,Engineering,Yes,133,1,61.0,2025-06-03,5.0,Off-Peak,81.0
BR000928,TMS001208,AST000381,C00007,COA000693,2025-06-03,89,194,105,27.850269317626953,Low,Engineering,Yes,133,1,61.0,2025-06-03,5.0,Peak,87.0
BR000939,TMS001224,AST000342,C00031,COA000897,2025-06-16,38,194,156,34.760005950927734,Low,Engineering,Yes,134,0,0.0,2025-06-16,4.0,Normal,89.0
BR000939,TMS001224,AST000342,C00031,COA000897,2025-06-16,38,194,156,34.760005950927734,Low,Engineering,Yes,134,0,0.0,2025-06-16,2.0,Normal,91.0
BR000943,TMS001228,AST004592,C00043,COA000027,2025-06-18,3,145,142,41.95737838745117,Medium,Engineering,Yes,135,0,0.0,,0.0,,0.0
BR000963,TMS001255,AST001312,C00008,COA000591,2025-06-04,123,160,37,27.56119155883789,Low,Engineering,No,136,1,37.0,2025-06-04,5.0,Peak,82.0
BR000963,TMS001255,AST001312,C00008,COA000591,2025-06-04,123,160,37,27.56119155883789,Low,Engineering,No,136,1,37.0,2025-06-04,3.0,Normal,80.0
BR000973,TMS001265,AST004880,C00081,COA001334,2025-06-13,605,728,123,26.86406898498535,Low,Engineering,Yes,137,1,29.0,2025-06-13,3.0,Normal,76.0
BR000973,TMS001265,AST004880,C00081,COA001334,2025-06-13,605,728,123,26.86406898498535,Low,Engineering,Yes,137,1,29.0,2025-06-13,4.0,Normal,88.0
BR000982,TMS001280,AST001630,C00007,COA000093,2025-06-10,324,469,145,20.611915588378906,Low,Engineering,No,138,3,263.0,2025-06-10,5.0,Peak,89.0
BR000985,TMS001283,AST000281,C00091,COA001080,2025-06-18,976,1095,119,49.01292037963867,Medium,Engineering,Yes,139,2,129.0,2025-06-18,5.0,Peak,79.0
BR000995,TMS001294,AST002878,C00063,COA000973,2025-06-13,1161,1277,116,35.0564079284668,Low,Engineering,Yes,140,1,116.0,2025-06-13,6.0,Normal,85.0
BR000995,TMS001294,AST002878,C00063,COA000973,2025-06-13,1161,1277,116,35.0564079284668,Low,Engineering,Yes,140,1,116.0,2025-06-13,4.0,Normal,76.0
BR000995,TMS001294,AST002878,C00063,COA000973,2025-06-13,1161,1277,116,35.0564079284668,Low,Engineering,Yes,140,1,116.0,2025-06-13,5.0,Normal,76.0
BR001001,TMS001301,AST000015,C00014,COA001253,2025-06-26,362,473,111,47.307090759277344,Medium,Engineering,Yes,141,1,35.0,2025-06-26,4.0,Normal,73.0
BR001001,TMS001301,AST000015,C00014,COA001253,2025-06-26,362,473,111,47.307090759277344,Medium,Engineering,Yes,141,1,35.0,2025-06-26,4.0,Off-Peak,91.0
BR001002,TMS001302,AST004299,C00079,COA001262,2025-06-21,79,156,77,27.148283004760742,Low,Engineering,Yes,142,0,0.0,,0.0,,0.0
BR001006,TMS001306,AST000938,C00094,COA000310,2025-06-09,862,918,56,83.41619873046875,Critical,Engineering,Yes,143,1,53.0,2025-06-09,7.0,Normal,79.0
BR001006,TMS001306,AST000938,C00094,COA000310,2025-06-09,862,918,56,83.41619873046875,Critical,Engineering,Yes,143,1,53.0,2025-06-09,8.0,Peak,86.0
BR001006,TMS001306,AST000938,C00094,COA000310,2025-06-09,862,918,56,83.41619873046875,Critical,Engineering,Yes,143,1,53.0,2025-06-09,4.0,Normal,92.0
BR001006,TMS001306,AST000938,C00094,COA001247,2025-06-09,988,1044,56,83.41619873046875,Critical,Engineering,Yes,144,1,56.0,2025-06-09,7.0,Normal,79.0
BR001006,TMS001306,AST000938,C00094,COA001247,2025-06-09,988,1044,56,83.41619873046875,Critical,Engineering,Yes,144,1,56.0,2025-06-09,8.0,Peak,86.0
BR001006,TMS001306,AST000938,C00094,COA001247,2025-06-09,988,1044,56,83.41619873046875,Critical,Engineering,Yes,144,1,56.0,2025-06-09,4.0,Normal,92.0
BR001014,TMS001316,AST004626,C00003,COA001455,2025-06-09,1015,1098,83,29.294849395751953,Low,Engineering,Yes,145,0,0.0,2025-06-09,4.0,Off-Peak,73.0
BR001020,TMS001323,AST004078,C00097,COA000216,2025-06-20,475,630,155,29.898649215698242,Low,Engineering,Yes,146,0,0.0,2025-06-20,4.0,Normal,83.0
BR001020,TMS001323,AST004078,C00097,COA000216,2025-06-20,475,630,155,29.898649215698242,Low,Engineering,Yes,146,0,0.0,2025-06-20,11.0,Off-Peak,80.0
BR001024,TMS001327,AST000705,C00047,COA001053,2025-06-20,1082,1148,66,54.43936538696289,Medium,Engineering,Yes,147,0,0.0,2025-06-20,9.0,Normal,94.0
BR001035,TMS001343,AST002417,C00041,COA000189,2025-06-24,253,397,144,38.36384201049805,Low,Engineering,Yes,148,1,49.0,,0.0,,0.0
BR001043,TMS001354,AST003520,C00046,COA001429,2025-06-05,327,416,89,44.75938415527344,Medium,Engineering,Yes,149,0,0.0,,0.0,,0.0
BR001047,TMS001359,AST002881,C00013,COA001287,2025-06-16,360,483,123,27.2902889251709,Low,Engineering,Yes,150,0,0.0,2025-06-16,6.0,Normal,78.0
BR001064,TMS001376,AST001467,C00086,COA000648,2025-06-15,541,628,87,37.110191345214844,Low,Engineering,Yes,151,1,87.0,2025-06-15,8.0,Off-Peak,94.0
BR001068,TMS001381,AST000086,C00042,COA001128,2025-06-08,863,984,121,50.189666748046875,Medium,Engineering,Yes,152,0,0.0,,0.0,,0.0
BR001072,TMS001386,AST002942,C00075,COA000368,2025-06-16,954,1070,116,54.760711669921875,Medium,Engineering,Yes,153,1,9.0,2025-06-16,5.0,Normal,82.0
BR001072,TMS001386,AST002942,C00075,COA000368,2025-06-16,954,1070,116,54.760711669921875,Medium,Engineering,Yes,153,1,9.0,2025-06-16,4.0,Peak,74.0
BR001077,TMS001393,AST003583,C00030,COA000218,2025-06-06,393,515,122,47.58542251586914,Medium,Engineering,Yes,154,0,0.0,2025-06-06,7.0,Peak,72.0
BR001077,TMS001393,AST003583,C00030,COA000218,2025-06-06,393,515,122,47.58542251586914,Medium,Engineering,Yes,154,0,0.0,2025-06-06,7.0,Normal,78.0
BR001077,TMS001393,AST003583,C00030,COA001293,2025-06-06,1039,1161,122,47.58542251586914,Medium,Engineering,Yes,155,1,51.0,2025-06-06,7.0,Peak,72.0
BR001077,TMS001393,AST003583,C00030,COA001293,2025-06-06,1039,1161,122,47.58542251586914,Medium,Engineering,Yes,155,1,51.0,2025-06-06,7.0,Normal,78.0
BR001083,TMS001399,AST001781,C00068,COA001393,2025-06-23,705,841,136,24.30351448059082,Low,Engineering,Yes,156,1,31.0,,0.0,,0.0
BR001106,TMS001435,AST002453,C00071,COA000731,2025-06-19,569,599,30,33.518157958984375,Low,Engineering,Yes,157,0,0.0,2025-06-19,2.0,Normal,76.0
BR001116,TMS001448,AST003177,C00073,COA001304,2025-06-22,927,1058,131,32.97340774536133,Low,Engineering,Yes,158,3,138.0,2025-06-22,3.0,Normal,76.0
BR001126,TMS001462,AST003430,C00016,COA000919,2025-06-08,120,166,46,33.13600158691406,Low,Engineering,No,159,1,13.0,2025-06-08,7.0,Normal,80.0
BR001127,TMS001464,AST004606,C00004,COA000764,2025-06-19,492,592,100,40.268821716308594,Medium,Engineering,Yes,160,0,0.0,,0.0,,0.0
BR001132,TMS001472,AST004387,C00014,COA000668,2025-06-24,959,1106,147,49.85633087158203,Medium,Engineering,Yes,161,1,103.0,2025-06-24,5.0,Peak,82.0
BR001132,TMS001472,AST004387,C00014,COA000668,2025-06-24,959,1106,147,49.85633087158203,Medium,Engineering,Yes,161,1,103.0,2025-06-24,0.0,Off-Peak,88.0
BR001141,TMS001484,AST000620,C00016,COA000795,2025-06-20,1121,1235,114,34.705177307128906,Low,Engineering,Yes,162,1,17.0,,0.0,,0.0
BR001145,TMS001492,AST003829,C00095,COA000051,2025-06-06,510,605,95,80.15524291992188,Critical,Engineering,Yes,163,4,284.0,,0.0,,0.0
BR001168,TMS001524,AST001009,C00077,COA001259,2025-06-09,305,371,66,43.06232452392578,Medium,Engineering,No,164,0,0.0,2025-06-09,3.0,Off-Peak,90.0
BR001171,TMS001527,AST001105,C00037,COA000104,2025-06-10,1059,1136,77,61.95555877685547,High,Engineering,Yes,165,0,0.0,2025-06-10,4.0,Normal,94.0
BR001172,TMS001528,AST002590,C00056,COA000270,2025-06-14,778,934,156,36.63232421875,Low,Engineering,Yes,166,0,0.0,2025-06-14,5.0,Off-Peak,91.0
BR001172,TMS001528,AST002590,C00056,COA000270,2025-06-14,778,934,156,36.63232421875,Low,Engineering,Yes,166,0,0.0,2025-06-14,5.0,Normal,92.0
BR001176,TMS001532,AST004161,C00012,COA000797,2025-06-13,1194,1274,80,51.156654357910156,Medium,Engineering,Yes,167,1,80.0,,0.0,,0.0
BR001189,TMS001549,AST000600,C00072,COA001387,2025-06-22,662,714,52,38.75298309326172,Low,Engineering,Yes,168,2,104.0,2025-06-22,3.0,Normal,70.0
BR001191,TMS001551,AST004760,C00064,COA000248,2025-06-13,320,445,125,52.97574996948242,Medium,Engineering,Yes,169,2,73.0,2025-06-13,10.0,Normal,85.0
BR001197,TMS001558,AST001089,C00022,COA000943,2025-06-09,795,909,114,51.77443313598633,Medium,Engineering,Yes,170,1,24.0,2025-06-09,2.0,Peak,94.0
BR001197,TMS001558,AST001089,C00022,COA000943,2025-06-09,795,909,114,51.77443313598633,Medium,Engineering,Yes,170,1,24.0,2025-06-09,4.0,Peak,93.0
BR001246,TMS001623,AST003068,C00033,COA000649,2025-06-27,718,787,69,53.35737609863281,Medium,Engineering,No,171,0,0.0,2025-06-27,5.0,Peak,91.0
BR001249,TMS001627,AST001555,C00035,COA000635,2025-06-02,911,1024,113,33.792537689208984,Low,Engineering,Yes,172,0,0.0,2025-06-02,3.0,Normal,80.0
BR001258,TMS001637,AST000448,C00003,COA000746,2025-06-03,472,512,40,29.25566864013672,Low,Engineering,Yes,173,0,0.0,2025-06-03,6.0,Off-Peak,74.0
BR001258,TMS001637,AST000448,C00003,COA000746,2025-06-03,472,512,40,29.25566864013672,Low,Engineering,Yes,173,0,0.0,2025-06-03,10.0,Peak,78.0
BR001263,TMS001644,AST000378,C00014,COA000309,2025-06-24,980,1054,74,33.35560607910156,Low,Engineering,Yes,174,1,74.0,2025-06-24,5.0,Peak,82.0
BR001263,TMS001644,AST000378,C00014,COA000309,2025-06-24,980,1054,74,33.35560607910156,Low,Engineering,Yes,174,1,74.0,2025-06-24,0.0,Off-Peak,88.0
BR001263,TMS001644,AST000378,C00014,COA000668,2025-06-24,959,1033,74,33.35560607910156,Low,Engineering,Yes,175,1,56.0,2025-06-24,5.0,Peak,82.0
BR001263,TMS001644,AST000378,C00014,COA000668,2025-06-24,959,1033,74,33.35560607910156,Low,Engineering,Yes,175,1,56.0,2025-06-24,0.0,Off-Peak,88.0
BR001288,TMS001672,AST004117,C00023,COA000947,2025-06-12,1037,1189,152,28.565153121948242,Low,Engineering,Yes,176,0,0.0,2025-06-12,5.0,Normal,74.0
BR001288,TMS001672,AST004117,C00023,COA000947,2025-06-12,1037,1189,152,28.565153121948242,Low,Engineering,Yes,176,0,0.0,2025-06-12,10.0,Off-Peak,81.0
BR001289,TMS001673,AST003850,C00085,COA000643,2025-06-24,1121,1186,65,42.836669921875,Medium,Engineering,Yes,177,1,65.0,2025-06-24,8.0,Peak,72.0
BR001289,TMS001673,AST003850,C00085,COA000643,2025-06-24,1121,1186,65,42.836669921875,Medium,Engineering,Yes,177,1,65.0,2025-06-24,6.0,Peak,94.0
BR001289,TMS001673,AST003850,C00085,COA000847,2025-06-24,1198,1263,65,42.836669921875,Medium,Engineering,Yes,178,1,65.0,2025-06-24,8.0,Peak,72.0
BR001289,TMS001673,AST003850,C00085,COA000847,2025-06-24,1198,1263,65,42.836669921875,Medium,Engineering,Yes,178,1,65.0,2025-06-24,6.0,Peak,94.0
BR001299,TMS001685,AST002951,C00034,COA001223,2025-06-11,696,857,161,17.58233642578125,Low,Engineering,Yes,179,0,0.0,2025-06-11,4.0,Normal,82.0
BR001302,TMS001690,AST004095,C00014,COA000289,2025-06-11,375,471,96,47.0125846862793,Medium,Engineering,No,180,1,92.0,2025-06-11,3.0,Normal,79.0
BR001316,TMS001707,AST000539,C00058,COA000730,2025-06-18,980,1095,115,28.56182861328125,Low,Engineering,Yes,181,1,32.0,2025-06-18,7.0,Peak,78.0
BR001325,TMS001719,AST003991,C00050,COA000799,2025-06-25,43,80,37,37.552284240722656,Low,Engineering,Yes,182,0,0.0,2025-06-25,3.0,Normal,73.0
BR001331,TMS001727,AST002833,C00011,COA000694,2025-06-16,251,329,78,57.51044464111328,Medium,Engineering,Yes,183,1,78.0,2025-06-16,2.0,Off-Peak,77.0
BR001339,TMS001735,AST001316,C00056,COA000270,2025-06-14,778,904,126,34.86284637451172,Low,Engineering,Yes,184,0,0.0,2025-06-14,5.0,Off-Peak,91.0
BR001339,TMS001735,AST001316,C00056,COA000270,2025-06-14,778,904,126,34.86284637451172,Low,Engineering,Yes,184,0,0.0,2025-06-14,5.0,Normal,92.0
BR001347,TMS001744,AST003986,C00001,COA000326,2025-06-22,505,632,127,31.41425895690918,Low,Engineering,Yes,185,0,0.0,2025-06-22,5.0,Normal,85.0
BR001347,TMS001744,AST003986,C00001,COA000326,2025-06-22,505,632,127,31.41425895690918,Low,Engineering,Yes,185,0,0.0,2025-06-22,9.0,Off-Peak,76.0
BR001347,TMS001744,AST003986,C00001,COA000326,2025-06-22,505,632,127,31.41425895690918,Low,Engineering,Yes,185,0,0.0,2025-06-22,8.0,Normal,82.0
BR001348,TMS001745,AST000460,C00012,COA000797,2025-06-13,1194,1256,62,81.59739685058594,Critical,Engineering,Yes,186,1,62.0,,0.0,,0.0
BR001350,TMS001748,AST005115,C00015,COA001123,2025-06-19,905,1012,107,62.82112503051758,High,Engineering,Yes,187,0,0.0,,0.0,,0.0
BR001364,TMS001767,AST000781,C00003,COA000653,2025-06-20,991,1099,108,31.402816772460938,Low,Engineering,Yes,188,2,110.0,,0.0,,0.0
BR001364,TMS001767,AST000781,C00003,COA000748,2025-06-20,833,941,108,31.402816772460938,Low,Engineering,Yes,189,1,83.0,,0.0,,0.0
BR001364,TMS001767,AST000781,C00003,COA001234,2025-06-20,1018,1126,108,31.402816772460938,Low,Engineering,Yes,190,2,110.0,,0.0,,0.0
BR001376,TMS001782,AST004901,C00030,COA000599,2025-06-07,701,764,63,23.56505012512207,Low,Engineering,Yes,191,0,0.0,,0.0,,0.0
BR001382,TMS001789,AST004048,C00045,COA001131,2025-06-10,210,278,68,35.9815788269043,Low,Engineering,Yes,192,0,0.0,2025-06-10,7.0,Peak,93.0
BR001389,TMS001799,AST000034,C00082,COA000661,2025-06-08,862,903,41,72.79035186767578,High,Engineering,No,193,0,0.0,2025-06-08,3.0,Off-Peak,76.0
BR001389,TMS001799,AST000034,C00082,COA000661,2025-06-08,862,903,41,72.79035186767578,High,Engineering,No,193,0,0.0,2025-06-08,6.0,Normal,90.0
BR001397,TMS001811,AST005016,C00029,COA000343,2025-06-25,405,489,84,45.822113037109375,Medium,Engineering,Yes,194,1,84.0,2025-06-25,4.0,Peak,79.0
BR001397,TMS001811,AST005016,C00029,COA000343,2025-06-25,405,489,84,45.822113037109375,Medium,Engineering,Yes,194,1,84.0,2025-06-25,4.0,Off-Peak,91.0
BR001426,TMS001847,AST004912,C00038,COA000737,2025-06-05,915,980,65,40.35258102416992,Medium,Engineering,No,195,0,0.0,2025-06-05,4.0,Peak,83.0
BR001430,TMS001853,AST001052,C00092,COA001012,2025-06-03,164,297,133,79.2149887084961,High,Engineering,Yes,196,0,0.0,2025-06-03,8.0,Normal,95.0
BR001430,TMS001853,AST001052,C00092,COA001012,2025-06-03,164,297,133,79.2149887084961,High,Engineering,Yes,196,0,0.0,2025-06-03,5.0,Peak,78.0
BR001431,TMS001854,AST000524,C00091,COA000666,2025-06-26,623,744,121,48.50773620605469,Medium,Engineering,Yes,197,1,50.0,2025-06-26,4.0,Off-Peak,89.0
BR001438,TMS001861,AST001732,C00049,COA001423,2025-06-07,320,482,162,51.936798095703125,Medium,Engineering,Yes,198,2,257.0,,0.0,,0.0
BR001452,TMS001875,AST003128,C00089,COA000380,2025-06-30,11,115,104,49.432804107666016,Medium,Engineering,Yes,199,1,92.0,,0.0,,0.0
BR001483,TMS001912,AST001424,C00027,COA000417,2025-06-07,725,824,99,57.886085510253906,Medium,Engineering,Yes,200,0,0.0,,0.0,,0.0
BR001485,TMS001915,AST000231,C00025,COA000528,2025-06-07,755,862,107,25.270944595336914,Low,Engineering,Yes,201,5,342.0,2025-06-07,6.0,Off-Peak,94.0
BR001488,TMS001920,AST001816,C00018,COA001106,2025-06-13,781,876,95,30.096248626708984,Low,Engineering,Yes,202,2,117.0,2025-06-13,7.0,Off-Peak,82.0
BR001506,TMS001946,AST000864,C00025,COA001460,2025-06-05,776,875,99,33.048362731933594,Low,Engineering,Yes,203,2,138.0,,0.0,,0.0
BR001513,TMS001954,AST003447,C00095,COA001422,2025-06-14,252,423,171,39.153751373291016,Low,Engineering,Yes,204,2,259.0,2025-06-14,5.0,Normal,77.0
BR001513,TMS001954,AST003447,C00095,COA001422,2025-06-14,252,423,171,39.153751373291016,Low,Engineering,Yes,204,2,259.0,2025-06-14,3.0,Off-Peak,73.0
BR001516,TMS001957,AST000343,C00042,COA000582,2025-06-09,586,659,73,27.895862579345703,Low,Engineering,Yes,205,0,0.0,2025-06-09,6.0,Normal,84.0
BR001516,TMS001957,AST000343,C00042,COA000582,2025-06-09,586,659,73,27.895862579345703,Low,Engineering,Yes,205,0,0.0,2025-06-09,7.0,Peak,77.0
BR001516,TMS001957,AST000343,C00042,COA000788,2025-06-09,627,700,73,27.895862579345703,Low,Engineering,Yes,206,0,0.0,2025-06-09,6.0,Normal,84.0
BR001516,TMS001957,AST000343,C00042,COA000788,2025-06-09,627,700,73,27.895862579345703,Low,Engineering,Yes,206,0,0.0,2025-06-09,7.0,Peak,77.0
BR001517,TMS001958,AST003323,C00023,COA000590,2025-06-20,503,667,164,36.178646087646484,Low,Engineering,Yes,207,0,0.0,2025-06-20,7.0,Normal,85.0
BR001534,TMS001978,AST002306,C00078,COA001127,2025-06-20,771,835,64,27.534217834472656,Low,Engineering,Yes,208,2,57.0,2025-06-20,5.0,Off-Peak,94.0
BR001535,TMS001979,AST000679,C00094,COA000310,2025-06-09,862,904,42,34.70283126831055,Low,Engineering,Yes,209,1,39.0,2025-06-09,7.0,Normal,79.0
BR001535,TMS001979,AST000679,C00094,COA000310,2025-06-09,862,904,42,34.70283126831055,Low,Engineering,Yes,209,1,39.0,2025-06-09,8.0,Peak,86.0
BR001535,TMS001979,AST000679,C00094,COA000310,2025-06-09,862,904,42,34.70283126831055,Low,Engineering,Yes,209,1,39.0,2025-06-09,4.0,Normal,92.0
BR001535,TMS001979,AST000679,C00094,COA001247,2025-06-09,988,1030,42,34.70283126831055,Low,Engineering,Yes,210,1,42.0,2025-06-09,7.0,Normal,79.0
BR001535,TMS001979,AST000679,C00094,COA001247,2025-06-09,988,1030,42,34.70283126831055,Low,Engineering,Yes,210,1,42.0,2025-06-09,8.0,Peak,86.0
BR001535,TMS001979,AST000679,C00094,COA001247,2025-06-09,988,1030,42,34.70283126831055,Low,Engineering,Yes,210,1,42.0,2025-06-09,4.0,Normal,92.0
BR001537,TMS001981,AST004778,C00014,COA000668,2025-06-24,959,1121,162,27.69860076904297,Low,Engineering,Yes,211,1,103.0,2025-06-24,5.0,Peak,82.0
BR001537,TMS001981,AST004778,C00014,COA000668,2025-06-24,959,1121,162,27.69860076904297,Low,Engineering,Yes,211,1,103.0,2025-06-24,0.0,Off-Peak,88.0
BR001546,TMS001994,AST001052,C00092,COA000060,2025-06-17,515,574,59,66.90011596679688,High,Engineering,Yes,212,1,59.0,2025-06-17,3.0,Peak,82.0
BR001546,TMS001994,AST001052,C00092,COA000060,2025-06-17,515,574,59,66.90011596679688,High,Engineering,Yes,212,1,59.0,2025-06-17,7.0,Off-Peak,82.0
BR001546,TMS001994,AST001052,C00092,COA000589,2025-06-17,54,113,59,66.90011596679688,High,Engineering,Yes,213,0,0.0,2025-06-17,3.0,Peak,82.0
BR001546,TMS001994,AST001052,C00092,COA000589,2025-06-17,54,113,59,66.90011596679688,High,Engineering,Yes,213,0,0.0,2025-06-17,7.0,Off-Peak,82.0
BR001554,TMS002009,AST002481,C00047,COA000784,2025-06-22,940,1064,124,68.79742431640625,High,Engineering,Yes,214,3,109.0,2025-06-22,5.0,Normal,81.0
BR001558,TMS002014,AST003495,C00039,COA000883,2025-06-07,16,180,164,38.71427536010742,Low,Engineering,Yes,215,1,63.0,2025-06-07,6.0,Peak,77.0
BR001564,TMS002025,AST001818,C00097,COA001295,2025-06-27,411,546,135,59.10942077636719,Medium,Engineering,Yes,216,0,0.0,,0.0,,0.0
BR001565,TMS002026,AST001129,C00072,COA001434,2025-06-26,1124,1171,47,28.589561462402344,Low,Engineering,Yes,217,1,47.0,2025-06-26,7.0,Normal,91.0
BR001570,TMS002031,AST000997,C00023,COA000291,2025-06-12,356,390,34,31.043508529663086,Low,Engineering,No,218,1,1.0,2025-06-12,5.0,Normal,74.0
BR001570,TMS002031,AST000997,C00023,COA000291,2025-06-12,356,390,34,31.043508529663086,Low,Engineering,No,218,1,1.0,2025-06-12,10.0,Off-Peak,81.0
BR001570,TMS002031,AST000997,C00023,COA000947,2025-06-12,1037,1071,34,31.043508529663086,Low,Engineering,No,219,0,0.0,2025-06-12,5.0,Normal,74.0
BR001570,TMS002031,AST000997,C00023,COA000947,2025-06-12,1037,1071,34,31.043508529663086,Low,Engineering,No,219,0,0.0,2025-06-12,10.0,Off-Peak,81.0
BR001571,TMS002032,AST001182,C00032,COA001446,2025-06-25,986,1124,138,42.81540298461914,Medium,Engineering,Yes,220,1,1.0,2025-06-25,4.0,Peak,71.0
BR001571,TMS002032,AST001182,C00032,COA001446,2025-06-25,986,1124,138,42.81540298461914,Medium,Engineering,Yes,220,1,1.0,2025-06-25,3.0,Peak,82.0
BR001588,TMS002053,AST005113,C00035,COA000698,2025-06-19,1160,1202,42,28.56853675842285,Low,Engineering,Yes,221,0,0.0,,0.0,,0.0
BR001588,TMS002053,AST005113,C00035,COA001250,2025-06-19,622,664,42,28.56853675842285,Low,Engineering,Yes,222,0,0.0,,0.0,,0.0
BR001591,TMS002056,AST004863,C00077,COA000344,2025-06-07,265,333,68,38.15690231323242,Low,Engineering,Yes,223,0,0.0,2025-06-07,6.0,Off-Peak,85.0
BR001591,TMS002056,AST004863,C00077,COA000344,2025-06-07,265,333,68,38.15690231323242,Low,Engineering,Yes,223,0,0.0,2025-06-07,8.0,Off-Peak,70.0
BR001591,TMS002056,AST004863,C00077,COA000344,2025-06-07,265,333,68,38.15690231323242,Low,Engineering,Yes,223,0,0.0,2025-06-07,7.0,Normal,92.0
BR001592,TMS002058,AST002507,C00025,COA000528,2025-06-07,755,827,72,30.135183334350586,Low,Engineering,Yes,224,4,227.0,2025-06-07,6.0,Off-Peak,94.0
BR001592,TMS002058,AST002507,C00025,COA001404,2025-06-07,134,206,72,30.135183334350586,Low,Engineering,Yes,225,0,0.0,2025-06-07,6.0,Off-Peak,94.0
BR001600,TMS002069,AST004774,C00086,COA000527,2025-06-17,291,416,125,67.68404388427734,High,Engineering,Yes,226,2,166.0,2025-06-17,6.0,Normal,92.0
BR001602,TMS002071,AST000099,C00017,COA000379,2025-06-04,1086,1176,90,51.87996292114258,Medium,Engineering,Yes,227,1,25.0,2025-06-04,6.0,Off-Peak,87.0
BR001610,TMS002082,AST001473,C00047,COA000784,2025-06-22,940,1028,88,58.56920623779297,Medium,Engineering,Yes,228,3,61.0,2025-06-22,5.0,Normal,81.0
BR001613,TMS002085,AST001127,C00078,COA000511,2025-06-07,1173,1281,108,74.82841491699219,High,Engineering,Yes,229,2,81.0,2025-06-07,6.0,Normal,79.0
BR001644,TMS002124,AST005233,C00026,COA000327,2025-06-28,376,447,71,35.898990631103516,Low,Engineering,Yes,230,4,284.0,,0.0,,0.0
BR001644,TMS002124,AST005233,C00026,COA000977,2025-06-28,1039,1110,71,35.898990631103516,Low,Engineering,Yes,231,0,0.0,,0.0,,0.0
BR001676,TMS002160,AST004423,C00053,COA000715,2025-06-17,677,768,91,39.996795654296875,Low,Engineering,Yes,232,1,4.0,2025-06-17,6.0,Normal,94.0
BR001676,TMS002160,AST004423,C00053,COA000715,2025-06-17,677,768,91,39.996795654296875,Low,Engineering,Yes,232,1,4.0,2025-06-17,6.0,Off-Peak,87.0
BR001679,TMS002164,AST000486,C00060,COA000076,2025-06-18,1091,1159,68,48.16926956176758,Medium,Engineering,Yes,233,0,0.0,2025-06-18,7.0,Off-Peak,95.0
BR001684,TMS002170,AST005003,C00078,COA000957,2025-06-16,137,187,50,70.67496490478516,High,Engineering,Yes,234,1,49.0,2025-06-16,4.0,Normal,82.0
BR001703,TMS002195,AST003189,C00087,COA000215,2025-06-23,321,362,41,26.677574157714844,Low,Engineering,Yes,235,3,96.0,,0.0,,0.0
BR001725,TMS002226,AST005251,C00043,COA000027,2025-06-18,3,150,147,41.24415969848633,Medium,Engineering,Yes,236,0,0.0,,0.0,,0.0
BR001738,TMS002242,AST001046,C00024,COA000627,2025-06-24,547,585,38,59.953311920166016,Medium,Engineering,Yes,237,1,32.0,2025-06-24,4.0,Normal,76.0
BR001769,TMS002283,AST000497,C00083,COA000938,2025-06-25,1113,1210,97,52.06298828125,Medium,Engineering,Yes,238,1,32.0,2025-06-25,5.0,Off-Peak,77.0
BR001769,TMS002283,AST000497,C00083,COA000938,2025-06-25,1113,1210,97,52.06298828125,Medium,Engineering,Yes,238,1,32.0,2025-06-25,5.0,Normal,86.0
BR001771,TMS002285,AST002785,C00031,COA000548,2025-06-14,140,259,119,48.71723556518555,Medium,Engineering,Yes,239,1,69.0,2025-06-14,3.0,Peak,72.0
BR001782,TMS002298,AST000853,C00053,COA000789,2025-06-02,558,650,92,40.192466735839844,Medium,Engineering,Yes,240,1,92.0,2025-06-02,5.0,Normal,93.0
BR001784,TMS002301,AST000452,C00013,COA000620,2025-06-12,378,517,139,71.52735137939453,High,Engineering,Yes,241,0,0.0,2025-06-12,7.0,Off-Peak,75.0
BR001784,TMS002301,AST000452,C00013,COA000620,2025-06-12,378,517,139,71.52735137939453,High,Engineering,Yes,241,0,0.0,2025-06-12,5.0,Normal,88.0
BR001784,TMS002301,AST000452,C00013,COA000620,2025-06-12,378,517,139,71.52735137939453,High,Engineering,Yes,241,0,0.0,2025-06-12,4.0,Off-Peak,95.0
BR001790,TMS002309,AST004634,C00002,COA001331,2025-06-19,668,771,103,50.803340911865234,Medium,Engineering,Yes,242,1,53.0,,0.0,,0.0
BR001794,TMS002313,AST000812,C00087,COA001436,2025-06-16,1145,1243,98,22.690677642822266,Low,Engineering,No,243,2,109.0,,0.0,,0.0
BR001795,TMS002314,AST004227,C00013,COA000645,2025-06-28,1143,1214,71,63.75917053222656,High,Engineering,Yes,244,0,0.0,2025-06-28,4.0,Off-Peak,83.0
BR001814,TMS002337,AST001427,C00063,COA000911,2025-06-12,429,476,47,29.5369930267334,Low,Engineering,Yes,245,0,0.0,2025-06-12,12.0,Normal,73.0
BR001820,TMS002348,AST000984,C00057,COA000016,2025-06-12,1180,1307,127,23.359472274780273,Low,Engineering,Yes,246,0,0.0,,0.0,,0.0
BR001820,TMS002348,AST000984,C00057,COA001246,2025-06-12,1192,1319,127,23.359472274780273,Low,Engineering,Yes,247,0,0.0,,0.0,,0.0
BR001827,TMS002357,AST000495,C00073,COA000201,2025-06-12,927,988,61,20.526111602783203,Low,Engineering,No,248,0,0.0,2025-06-12,5.0,Peak,83.0
BR001827,TMS002357,AST000495,C00073,COA000201,2025-06-12,927,988,61,20.526111602783203,Low,Engineering,No,248,0,0.0,2025-06-12,7.0,Normal,79.0
BR001828,TMS002358,AST002186,C00059,COA001458,2025-06-28,1138,1303,165,37.17870330810547,Low,Engineering,Yes,249,0,0.0,2025-06-28,9.0,Normal,80.0
BR001848,TMS002383,AST005270,C00052,COA000341,2025-06-03,646,678,32,40.626731872558594,Medium,Engineering,Yes,250,0,0.0,,0.0,,0.0
BR001861,TMS002401,AST001852,C00094,COA000254,2025-06-07,936,1055,119,30.68692970275879,Low,Engineering,Yes,251,1,119.0,,0.0,,0.0
BR001891,TMS002440,AST000773,C00021,COA000435,2025-06-20,1047,1180,133,26.211183547973633,Low,Engineering,Yes,252,0,0.0,,0.0,,0.0
BR001893,TMS002444,AST001159,C00056,COA000535,2025-06-21,926,999,73,28.330303192138672,Low,Engineering,Yes,253,1,73.0,,0.0,,0.0
BR001901,TMS002455,AST004975,C00089,COA000059,2025-06-23,134,247,113,46.5134391784668,Medium,Engineering,Yes,254,2,95.0,2025-06-23,8.0,Peak,89.0
BR001901,TMS002455,AST004975,C00089,COA000059,2025-06-23,134,247,113,46.5134391784668,Medium,Engineering,Yes,254,2,95.0,2025-06-23,4.0,Peak,79.0
BR001901,TMS002455,AST004975,C00089,COA000059,2025-06-23,134,247,113,46.5134391784668,Medium,Engineering,Yes,254,2,95.0,2025-06-23,4.0,Off-Peak,87.0
BR001901,TMS002455,AST004975,C00089,COA000059,2025-06-23,134,247,113,46.5134391784668,Medium,Engineering,Yes,254,2,95.0,2025-06-23,4.0,Normal,77.0
BR001902,TMS002456,AST001369,C00046,COA000796,2025-06-15,359,506,147,32.688655853271484,Low,Engineering,Yes,255,0,0.0,2025-06-15,4.0,Normal,73.0
BR001906,TMS002460,AST005085,C00008,COA000591,2025-06-04,123,178,55,38.94441223144531,Low,Engineering,Yes,256,1,40.0,2025-06-04,5.0,Peak,82.0
BR001906,TMS002460,AST005085,C00008,COA000591,2025-06-04,123,178,55,38.94441223144531,Low,Engineering,Yes,256,1,40.0,2025-06-04,3.0,Normal,80.0
BR001916,TMS002471,AST001662,C00016,COA001033,2025-06-18,131,269,138,54.9481201171875,Medium,Engineering,Yes,257,1,65.0,2025-06-18,4.0,Normal,77.0
BR001919,TMS002475,AST003682,C00023,COA000291,2025-06-12,356,428,72,28.083452224731445,Low,Engineering,No,258,1,39.0,2025-06-12,5.0,Normal,74.0
BR001919,TMS002475,AST003682,C00023,COA000291,2025-06-12,356,428,72,28.083452224731445,Low,Engineering,No,258,1,39.0,2025-06-12,10.0,Off-Peak,81.0
BR001919,TMS002475,AST003682,C00023,COA000947,2025-06-12,1037,1109,72,28.083452224731445,Low,Engineering,No,259,0,0.0,2025-06-12,5.0,Normal,74.0
BR001919,TMS002475,AST003682,C00023,COA000947,2025-06-12,1037,1109,72,28.083452224731445,Low,Engineering,No,259,0,0.0,2025-06-12,10.0,Off-Peak,81.0
BR001927,TMS002485,AST001120,C00009,COA000753,2025-06-09,909,993,84,49.44455337524414,Medium,Engineering,Yes,260,0,0.0,2025-06-09,5.0,Peak,79.0
BR001932,TMS002490,AST001964,C00006,COA001325,2025-06-05,910,1004,94,54.928680419921875,Medium,Engineering,Yes,261,0,0.0,2025-06-05,2.0,Peak,84.0
BR001932,TMS002490,AST001964,C00006,COA001325,2025-06-05,910,1004,94,54.928680419921875,Medium,Engineering,Yes,261,0,0.0,2025-06-05,3.0,Normal,75.0
BR001938,TMS002498,AST004708,C00026,COA000078,2025-06-20,839,953,114,45.20464324951172,Medium,Engineering,Yes,262,4,452.0,,0.0,,0.0
BR001941,TMS002502,AST002149,C00088,COA000062,2025-06-13,381,412,31,41.05518341064453,Medium,Engineering,Yes,263,1,8.0,,0.0,,0.0
BR001942,TMS002503,AST004744,C00005,COA000750,2025-06-12,629,804,175,46.72358322143555,Medium,Engineering,Yes,264,1,9.0,,0.0,,0.0
BR001947,TMS002510,AST003977,C00045,COA001131,2025-06-10,210,282,72,42.60279083251953,Medium,Engineering,Yes,265,0,0.0,2025-06-10,7.0,Peak,93.0
BR001952,TMS002516,AST003528,C00001,COA000682,2025-06-30,723,790,67,53.00009536743164,Medium,Engineering,Yes,266,3,182.0,,0.0,,0.0
BR001956,TMS002520,AST000191,C00097,COA001064,2025-06-05,862,912,50,76.10413360595703,High,Engineering,Yes,267,0,0.0,,0.0,,0.0
BR001970,TMS002537,AST000202,C00023,COA001111,2025-06-08,519,581,62,37.67305374145508,Low,Engineering,No,268,0,0.0,,0.0,,0.0
BR001970,TMS002537,AST000202,C00023,COA001496,2025-06-08,1160,1222,62,37.67305374145508,Low,Engineering,No,269,0,0.0,,0.0,,0.0
BR001979,TMS002549,AST002998,C00058,COA000043,2025-06-30,1065,1107,42,37.659584045410156,Low,Engineering,No,270,0,0.0,,0.0,,0.0
BR001985,TMS002555,AST000013,C00001,COA000066,2025-06-03,1084,1170,86,41.69219970703125,Medium,Engineering,Yes,271,0,0.0,,0.0,,0.0
BR001985,TMS002555,AST000013,C00001,COA000785,2025-06-03,1184,1270,86,41.69219970703125,Medium,Engineering,Yes,272,0,0.0,,0.0,,0.0
BR001995,TMS002568,AST003525,C00041,COA000296,2025-06-21,534,682,148,51.395870208740234,Medium,Engineering,Yes,273,1,78.0,2025-06-21,7.0,Peak,88.0
BR002002,TMS002575,AST002931,C00070,COA001257,2025-06-27,678,742,64,41.60984802246094,Medium,Engineering,Yes,274,1,35.0,,0.0,,0.0
BR002011,TMS002589,AST004311,C00015,COA000235,2025-06-22,1091,1178,87,34.30342483520508,Low,Engineering,No,275,1,87.0,,0.0,,0.0
BR002012,TMS002590,AST004726,C00023,COA001111,2025-06-08,519,570,51,61.053253173828125,High,Engineering,Yes,276,0,0.0,,0.0,,0.0
BR002012,TMS002590,AST004726,C00023,COA001496,2025-06-08,1160,1211,51,61.053253173828125,High,Engineering,Yes,277,0,0.0,,0.0,,0.0
BR002030,TMS002618,AST001069,C00007,COA000028,2025-06-01,669,793,124,32.76945114135742,Low,Engineering,Yes,278,4,283.0,,0.0,,0.0
BR002037,TMS002629,AST004954,C00066,COA001146,2025-06-14,361,470,109,21.515777587890625,Low,Engineering,Yes,279,0,0.0,2025-06-14,7.0,Normal,82.0
BR002038,TMS002630,AST001943,C00079,COA000125,2025-06-19,1171,1231,60,18.972074508666992,Low,Engineering,Yes,280,0,0.0,,0.0,,0.0
BR002049,TMS002642,AST000833,C00060,COA000578,2025-06-06,44,152,108,27.841440200805664,Low,Engineering,Yes,281,0,0.0,,0.0,,0.0
BR002052,TMS002647,AST002986,C00005,COA000580,2025-06-08,564,604,40,39.64457321166992,Low,Engineering,Yes,282,1,40.0,2025-06-08,2.0,Normal,80.0
BR002062,TMS002659,AST003362,C00030,COA001191,2025-06-05,1189,1284,95,32.85316848754883,Low,Engineering,No,283,0,0.0,2025-06-05,6.0,Off-Peak,85.0
BR002076,TMS002677,AST000225,C00048,COA000191,2025-06-27,123,172,49,27.01528549194336,Low,Engineering,Yes,284,0,0.0,,0.0,,0.0
BR002076,TMS002677,AST000225,C00048,COA001366,2025-06-27,30,79,49,27.01528549194336,Low,Engineering,Yes,285,0,0.0,,0.0,,0.0
BR002082,TMS002684,AST002933,C00023,COA001201,2025-06-24,564,661,97,40.5394287109375,Medium,Engineering,Yes,286,0,0.0,2025-06-24,5.0,Normal,91.0
BR002085,TMS002689,AST003446,C00083,COA001249,2025-06-12,16,67,51,53.32011795043945,Medium,Engineering,Yes,287,1,30.0,2025-06-12,3.0,Off-Peak,78.0
BR002088,TMS002692,AST004260,C00033,COA000356,2025-06-19,230,365,135,69.61712646484375,High,Engineering,No,288,2,135.0,2025-06-19,4.0,Peak,86.0
BR002091,TMS002695,AST001548,C00089,COA000908,2025-06-01,468,583,115,57.52968978881836,Medium,Engineering,Yes,289,4,329.0,,0.0,,0.0
BR002099,TMS002705,AST002803,C00013,COA000240,2025-06-12,623,701,78,78.09130859375,High,Engineering,Yes,290,0,0.0,2025-06-12,7.0,Off-Peak,75.0
BR002099,TMS002705,AST002803,C00013,COA000240,2025-06-12,623,701,78,78.09130859375,High,Engineering,Yes,290,0,0.0,2025-06-12,5.0,Normal,88.0
BR002099,TMS002705,AST002803,C00013,COA000240,2025-06-12,623,701,78,78.09130859375,High,Engineering,Yes,290,0,0.0,2025-06-12,4.0,Off-Peak,95.0
BR002099,TMS002705,AST002803,C00013,COA000620,2025-06-12,378,456,78,78.09130859375,High,Engineering,Yes,291,0,0.0,2025-06-12,7.0,Off-Peak,75.0
BR002099,TMS002705,AST002803,C00013,COA000620,2025-06-12,378,456,78,78.09130859375,High,Engineering,Yes,291,0,0.0,2025-06-12,5.0,Normal,88.0
BR002099,TMS002705,AST002803,C00013,COA000620,2025-06-12,378,456,78,78.09130859375,High,Engineering,Yes,291,0,0.0,2025-06-12,4.0,Off-Peak,95.0
BR002099,TMS002705,AST002803,C00013,COA000964,2025-06-12,1020,1098,78,78.09130859375,High,Engineering,Yes,292,0,0.0,2025-06-12,7.0,Off-Peak,75.0
BR002099,TMS002705,AST002803,C00013,COA000964,2025-06-12,1020,1098,78,78.09130859375,High,Engineering,Yes,292,0,0.0,2025-06-12,5.0,Normal,88.0
BR002099,TMS002705,AST002803,C00013,COA000964,2025-06-12,1020,1098,78,78.09130859375,High,Engineering,Yes,292,0,0.0,2025-06-12,4.0,Off-Peak,95.0
BR002128,TMS002750,AST001949,C00025,COA000471,2025-06-18,819,922,103,32.420658111572266,Low,Engineering,Yes,293,4,396.0,2025-06-18,6.0,Off-Peak,77.0
BR002137,TMS002761,AST001071,C00058,COA001024,2025-06-02,247,300,53,57.41082000732422,Medium,Engineering,Yes,294,0,0.0,,0.0,,0.0
BR002151,TMS002777,AST001405,C00003,COA000653,2025-06-20,991,1099,108,30.34547233581543,Low,Engineering,No,295,2,110.0,,0.0,,0.0
BR002151,TMS002777,AST001405,C00003,COA000748,2025-06-20,833,941,108,30.34547233581543,Low,Engineering,No,296,1,83.0,,0.0,,0.0
BR002151,TMS002777,AST001405,C00003,COA001234,2025-06-20,1018,1126,108,30.34547233581543,Low,Engineering,No,297,2,110.0,,0.0,,0.0
BR002155,TMS002781,AST000091,C00012,COA000475,2025-06-16,758,802,44,24.784048080444336,Low,Engineering,Yes,298,0,0.0,2025-06-16,8.0,Off-Peak,79.0
BR002160,TMS002788,AST000874,C00039,COA000542,2025-06-04,1182,1245,63,30.932390213012695,Low,Engineering,Yes,299,1,62.0,,0.0,,0.0
BR002168,TMS002798,AST001501,C00100,COA000359,2025-06-27,936,1004,68,23.667530059814453,Low,Engineering,Yes,300,1,11.0,2025-06-27,4.0,Normal,73.0
BR002168,TMS002798,AST001501,C00100,COA000492,2025-06-27,93,161,68,23.667530059814453,Low,Engineering,Yes,301,0,0.0,2025-06-27,4.0,Normal,73.0
BR002174,TMS002805,AST001050,C00049,COA000074,2025-06-13,928,1010,82,68.90599822998047,High,Engineering,Yes,302,1,82.0,2025-06-13,7.0,Off-Peak,71.0
BR002174,TMS002805,AST001050,C00049,COA000074,2025-06-13,928,1010,82,68.90599822998047,High,Engineering,Yes,302,1,82.0,2025-06-13,6.0,Off-Peak,81.0
BR002174,TMS002805,AST001050,C00049,COA001481,2025-06-13,546,628,82,68.90599822998047,High,Engineering,Yes,303,1,59.0,2025-06-13,7.0,Off-Peak,71.0
BR002174,TMS002805,AST001050,C00049,COA001481,2025-06-13,546,628,82,68.90599822998047,High,Engineering,Yes,303,1,59.0,2025-06-13,6.0,Off-Peak,81.0
BR002177,TMS002808,AST000789,C00059,COA001132,2025-06-29,183,331,148,47.21780776977539,Medium,Engineering,Yes,304,1,26.0,,0.0,,0.0
BR002179,TMS002811,AST002962,C00081,COA000481,2025-06-14,1135,1239,104,32.294883728027344,Low,Engineering,Yes,305,3,134.0,2025-06-14,6.0,Normal,87.0
BR002182,TMS002814,AST003896,C00066,COA000080,2025-06-05,1124,1280,156,27.11069107055664,Low,Engineering,Yes,306,2,149.0,,0.0,,0.0
BR002187,TMS002821,AST004417,C00014,COA001253,2025-06-26,362,528,166,36.791751861572266,Low,Engineering,Yes,307,2,143.0,2025-06-26,4.0,Normal,73.0
BR002187,TMS002821,AST004417,C00014,COA001253,2025-06-26,362,528,166,36.791751861572266,Low,Engineering,Yes,307,2,143.0,2025-06-26,4.0,Off-Peak,91.0
BR002188,TMS002822,AST000619,C00073,COA001281,2025-06-01,901,1042,141,36.270111083984375,Low,Engineering,Yes,308,0,0.0,2025-06-01,8.0,Normal,72.0
BR002192,TMS002826,AST003510,C00060,COA000838,2025-06-12,330,382,52,54.53652572631836,Medium,Engineering,Yes,309,0,0.0,2025-06-12,6.0,Normal,70.0
BR002192,TMS002826,AST003510,C00060,COA000838,2025-06-12,330,382,52,54.53652572631836,Medium,Engineering,Yes,309,0,0.0,2025-06-12,5.0,Normal,71.0
BR002192,TMS002826,AST003510,C00060,COA001065,2025-06-12,28,80,52,54.53652572631836,Medium,Engineering,Yes,310,1,52.0,2025-06-12,6.0,Normal,70.0
BR002192,TMS002826,AST003510,C00060,COA001065,2025-06-12,28,80,52,54.53652572631836,Medium,Engineering,Yes,310,1,52.0,2025-06-12,5.0,Normal,71.0
BR002195,TMS002830,AST004532,C00090,COA001282,2025-06-25,470,519,49,31.555673599243164,Low,Engineering,No,311,2,95.0,,0.0,,0.0
BR002195,TMS002830,AST004532,C00090,COA001489,2025-06-25,646,695,49,31.555673599243164,Low,Engineering,No,312,0,0.0,,0.0,,0.0
BR002203,TMS002839,AST001692,C00063,COA001467,2025-06-30,295,408,113,19.258380889892578,Low,Engineering,Yes,313,2,226.0,2025-06-30,8.0,Normal,79.0
BR002216,TMS002857,AST002984,C00008,COA000718,2025-06-28,612,661,49,48.16788101196289,Medium,Engineering,No,314,0,0.0,2025-06-28,6.0,Off-Peak,84.0
BR002216,TMS002857,AST002984,C00008,COA000940,2025-06-28,736,785,49,48.16788101196289,Medium,Engineering,No,315,0,0.0,2025-06-28,6.0,Off-Peak,84.0
BR002236,TMS002881,AST001679,C00091,COA000141,2025-06-01,887,979,92,61.554569244384766,High,Engineering,Yes,316,3,159.0,,0.0,,0.0
BR002236,TMS002881,AST001679,C00091,COA000203,2025-06-01,786,878,92,61.554569244384766,High,Engineering,Yes,317,2,184.0,,0.0,,0.0
BR002244,TMS002893,AST003405,C00093,COA000975,2025-06-28,705,753,48,82.43401336669922,Critical,Engineering,Yes,318,0,0.0,,0.0,,0.0
BR002247,TMS002896,AST003676,C00081,COA000481,2025-06-14,1135,1204,69,43.32364273071289,Medium,Engineering,No,319,3,134.0,2025-06-14,6.0,Normal,87.0
BR002253,TMS002904,AST001679,C00091,COA000294,2025-06-16,5,89,84,33.217132568359375,Low,Engineering,Yes,320,0,0.0,,0.0,,0.0
BR002255,TMS002907,AST004129,C00060,COA000634,2025-06-29,385,519,134,63.177677154541016,High,Engineering,Yes,321,0,0.0,,0.0,,0.0
BR002266,TMS002920,AST003816,C00088,COA001139,2025-06-27,521,582,61,50.33090591430664,Medium,Engineering,Yes,322,1,61.0,2025-06-27,5.0,Normal,88.0
BR002266,TMS002920,AST003816,C00088,COA001139,2025-06-27,521,582,61,50.33090591430664,Medium,Engineering,Yes,322,1,61.0,2025-06-27,7.0,Normal,75.0
BR002266,TMS002920,AST003816,C00088,COA001139,2025-06-27,521,582,61,50.33090591430664,Medium,Engineering,Yes,322,1,61.0,2025-06-27,4.0,Off-Peak,72.0
BR002276,TMS002937,AST002120,C00051,COA000843,2025-06-19,793,873,80,49.61964416503906,Medium,Engineering,No,323,0,0.0,2025-06-19,1.0,Normal,78.0
BR002277,TMS002938,AST002764,C00019,COA001087,2025-06-24,511,611,100,55.133548736572266,Medium,Engineering,Yes,324,1,100.0,,0.0,,0.0
BR002278,TMS002939,AST001524,C00025,COA000551,2025-06-28,1126,1169,43,62.90219497680664,High,Engineering,No,325,3,101.0,2025-06-28,5.0,Off-Peak,82.0
BR002285,TMS002949,AST000772,C00011,COA000017,2025-06-28,599,745,146,32.01193618774414,Low,Engineering,Yes,326,5,592.0,2025-06-28,5.0,Normal,80.0
BR002285,TMS002949,AST000772,C00011,COA000017,2025-06-28,599,745,146,32.01193618774414,Low,Engineering,Yes,326,5,592.0,2025-06-28,6.0,Off-Peak,93.0
BR002285,TMS002949,AST000772,C00011,COA001252,2025-06-28,1093,1239,146,32.01193618774414,Low,Engineering,Yes,327,4,376.0,2025-06-28,5.0,Normal,80.0
BR002285,TMS002949,AST000772,C00011,COA001252,2025-06-28,1093,1239,146,32.01193618774414,Low,Engineering,Yes,327,4,376.0,2025-06-28,6.0,Off-Peak,93.0
BR002302,TMS002968,AST000345,C00046,COA000558,2025-06-29,1143,1188,45,36.749366760253906,Low,Engineering,Yes,328,0,0.0,,0.0,,0.0
BR002303,TMS002969,AST003532,C00015,COA000207,2025-06-29,620,659,39,30.77513885498047,Low,Engineering,Yes,329,2,78.0,2025-06-29,3.0,Peak,72.0
BR002303,TMS002969,AST003532,C00015,COA000207,2025-06-29,620,659,39,30.77513885498047,Low,Engineering,Yes,329,2,78.0,2025-06-29,5.0,Normal,93.0
BR002303,TMS002969,AST003532,C00015,COA000207,2025-06-29,620,659,39,30.77513885498047,Low,Engineering,Yes,329,2,78.0,2025-06-29,4.0,Normal,84.0
BR002303,TMS002969,AST003532,C00015,COA001214,2025-06-29,989,1028,39,30.77513885498047,Low,Engineering,Yes,330,2,78.0,2025-06-29,3.0,Peak,72.0
BR002303,TMS002969,AST003532,C00015,COA001214,2025-06-29,989,1028,39,30.77513885498047,Low,Engineering,Yes,330,2,78.0,2025-06-29,5.0,Normal,93.0
BR002303,TMS002969,AST003532,C00015,COA001214,2025-06-29,989,1028,39,30.77513885498047,Low,Engineering,Yes,330,2,78.0,2025-06-29,4.0,Normal,84.0
BR002306,TMS002972,AST004681,C00082,COA000179,2025-06-27,659,773,114,33.780052185058594,Low,Engineering,Yes,331,1,114.0,2025-06-27,6.0,Normal,74.0
BR002306,TMS002972,AST004681,C00082,COA000179,2025-06-27,659,773,114,33.780052185058594,Low,Engineering,Yes,331,1,114.0,2025-06-27,4.0,Normal,84.0
BR002308,TMS002974,AST001830,C00009,COA000753,2025-06-09,909,950,41,39.284523010253906,Low,Engineering,Yes,332,0,0.0,2025-06-09,5.0,Peak,79.0
BR002309,TMS002975,AST000647,C00060,COA000292,2025-06-16,1045,1171,126,35.433143615722656,Low,Engineering,Yes,333,0,0.0,2025-06-16,2.0,Normal,94.0
BR002309,TMS002975,AST000647,C00060,COA000292,2025-06-16,1045,1171,126,35.433143615722656,Low,Engineering,Yes,333,0,0.0,2025-06-16,3.0,Normal,75.0
BR002337,TMS003009,AST000926,C00012,COA000491,2025-06-26,1159,1225,66,47.0804557800293,Medium,Engineering,Yes,334,0,0.0,2025-06-26,4.0,Peak,88.0
BR002337,TMS003009,AST000926,C00012,COA000491,2025-06-26,1159,1225,66,47.0804557800293,Medium,Engineering,Yes,334,0,0.0,2025-06-26,4.0,Peak,89.0
BR002348,TMS003027,AST000870,C00059,COA000780,2025-06-17,889,1009,120,27.7285099029541,Low,Engineering,Yes,335,2,240.0,,0.0,,0.0
BR002360,TMS003041,AST004608,C00062,COA000536,2025-06-30,895,964,69,46.48185348510742,Medium,Engineering,No,336,0,0.0,2025-06-30,3.0,Normal,91.0
BR002368,TMS003050,AST004790,C00023,COA000136,2025-06-02,604,709,105,47.60640335083008,Medium,Engineering,No,337,2,32.0,,0.0,,0.0
BR002388,TMS003072,AST000809,C00060,COA000838,2025-06-12,330,461,131,48.344356536865234,Medium,Engineering,Yes,338,1,30.0,2025-06-12,6.0,Normal,70.0
BR002388,TMS003072,AST000809,C00060,COA000838,2025-06-12,330,461,131,48.344356536865234,Medium,Engineering,Yes,338,1,30.0,2025-06-12,5.0,Normal,71.0
BR002388,TMS003072,AST000809,C00060,COA001065,2025-06-12,28,159,131,48.344356536865234,Medium,Engineering,Yes,339,2,109.0,2025-06-12,6.0,Normal,70.0
BR002388,TMS003072,AST000809,C00060,COA001065,2025-06-12,28,159,131,48.344356536865234,Medium,Engineering,Yes,339,2,109.0,2025-06-12,5.0,Normal,71.0
BR002394,TMS003079,AST000792,C00097,COA000313,2025-06-06,592,652,60,40.7564582824707,Medium,Engineering,Yes,340,1,53.0,2025-06-06,6.0,Normal,86.0
BR002409,TMS003097,AST001788,C00066,COA000466,2025-06-11,30,76,46,36.407814025878906,Low,Engineering,No,341,0,0.0,2025-06-11,5.0,Normal,70.0
BR002421,TMS003111,AST000894,C00048,COA000140,2025-06-05,518,628,110,38.55626678466797,Low,Engineering,Yes,342,1,19.0,2025-06-05,5.0,Normal,93.0
BR002421,TMS003111,AST000894,C00048,COA000140,2025-06-05,518,628,110,38.55626678466797,Low,Engineering,Yes,342,1,19.0,2025-06-05,4.0,Off-Peak,86.0
BR002430,TMS003122,AST003013,C00038,COA000737,2025-06-05,915,1040,125,55.59790802001953,Medium,Engineering,Yes,343,0,0.0,2025-06-05,4.0,Peak,83.0
BR002437,TMS003132,AST003537,C00068,COA001393,2025-06-23,705,811,106,30.351428985595703,Low,Engineering,Yes,344,1,31.0,,0.0,,0.0
BR002441,TMS003136,AST003853,C00078,COA001127,2025-06-20,771,888,117,64.39657592773438,High,Engineering,Yes,345,2,110.0,2025-06-20,5.0,Off-Peak,94.0
BR002451,TMS003146,AST004977,C00075,COA000038,2025-06-01,843,889,46,37.79122543334961,Low,Engineering,Yes,346,0,0.0,2025-06-01,8.0,Normal,94.0
BR002454,TMS003151,AST002355,C00034,COA000071,2025-06-10,1038,1115,77,48.7859001159668,Medium,Engineering,Yes,347,1,24.0,2025-06-10,5.0,Normal,83.0
BR002466,TMS003166,AST000781,C00003,COA001455,2025-06-09,1015,1107,92,38.04336929321289,Low,Engineering,Yes,348,0,0.0,2025-06-09,4.0,Off-Peak,73.0
BR002468,TMS003168,AST000195,C00013,COA000213,2025-06-09,458,563,105,48.4577751159668,Medium,Engineering,Yes,349,0,0.0,,0.0,,0.0
BR002471,TMS003171,AST000439,C00013,COA001287,2025-06-16,360,458,98,56.40998840332031,Medium,Engineering,Yes,350,0,0.0,2025-06-16,6.0,Normal,78.0
BR002475,TMS003175,AST003098,C00064,COA001016,2025-06-17,1153,1193,40,39.68883514404297,Low,Engineering,No,351,0,0.0,,0.0,,0.0
BR002479,TMS003179,AST004266,C00009,COA000753,2025-06-09,909,1003,94,46.940731048583984,Medium,Engineering,No,352,0,0.0,2025-06-09,5.0,Peak,79.0
BR002480,TMS003180,AST001116,C00008,COA001300,2025-06-30,1066,1120,54,26.33311653137207,Low,Engineering,Yes,353,1,35.0,,0.0,,0.0
BR002490,TMS003191,AST001777,C00068,COA001393,2025-06-23,705,848,143,31.966766357421875,Low,Engineering,Yes,354,1,31.0,,0.0,,0.0
BR002504,TMS003209,AST002424,C00045,COA000239,2025-06-22,696,804,108,61.301177978515625,High,Engineering,Yes,355,0,0.0,2025-06-22,9.0,Peak,95.0
BR002528,TMS003241,AST002141,C00020,COA001323,2025-06-10,741,878,137,40.13140869140625,Medium,Engineering,Yes,356,0,0.0,,0.0,,0.0
BR002558,TMS003278,AST005194,C00033,COA001025,2025-06-14,1002,1088,86,81.80567169189453,Critical,Engineering,Yes,357,2,126.0,2025-06-14,12.0,Off-Peak,78.0
BR002558,TMS003278,AST005194,C00033,COA001025,2025-06-14,1002,1088,86,81.80567169189453,Critical,Engineering,Yes,357,2,126.0,2025-06-14,2.0,Normal,84.0
BR002558,TMS003278,AST005194,C00033,COA001025,2025-06-14,1002,1088,86,81.80567169189453,Critical,Engineering,Yes,357,2,126.0,2025-06-14,9.0,Off-Peak,86.0
BR002558,TMS003278,AST005194,C00033,COA001025,2025-06-14,1002,1088,86,81.80567169189453,Critical,Engineering,Yes,357,2,126.0,2025-06-14,4.0,Normal,95.0
BR002558,TMS003278,AST005194,C00033,COA001025,2025-06-14,1002,1088,86,81.80567169189453,Critical,Engineering,Yes,357,2,126.0,2025-06-14,8.0,Normal,71.0
BR002561,TMS003284,AST003554,C00088,COA001139,2025-06-27,521,608,87,63.57626724243164,High,Engineering,Yes,358,1,87.0,2025-06-27,5.0,Normal,88.0
BR002561,TMS003284,AST003554,C00088,COA001139,2025-06-27,521,608,87,63.57626724243164,High,Engineering,Yes,358,1,87.0,2025-06-27,7.0,Normal,75.0
BR002561,TMS003284,AST003554,C00088,COA001139,2025-06-27,521,608,87,63.57626724243164,High,Engineering,Yes,358,1,87.0,2025-06-27,4.0,Off-Peak,72.0
BR002565,TMS003289,AST000208,C00008,COA000655,2025-06-26,283,438,155,38.239173889160156,Low,Engineering,Yes,359,1,42.0,,0.0,,0.0
BR002574,TMS003301,AST000073,C00021,COA000435,2025-06-20,1047,1175,128,27.46466827392578,Low,Engineering,No,360,0,0.0,,0.0,,0.0
BR002575,TMS003302,AST005156,C00093,COA001487,2025-06-11,472,569,97,66.01826477050781,High,Engineering,No,361,2,117.0,,0.0,,0.0
BR002583,TMS003310,AST003798,C00026,COA001333,2025-06-15,1123,1217,94,39.68210983276367,Low,Engineering,Yes,362,3,282.0,2025-06-15,4.0,Normal,94.0
BR002583,TMS003310,AST003798,C00026,COA001406,2025-06-15,387,481,94,39.68210983276367,Low,Engineering,Yes,363,3,282.0,2025-06-15,4.0,Normal,94.0
BR002587,TMS003318,AST000386,C00072,COA000751,2025-06-16,332,440,108,26.820322036743164,Low,Engineering,Yes,364,3,144.0,2025-06-16,7.0,Peak,70.0
BR002601,TMS003334,AST000014,C00094,COA001390,2025-06-10,1057,1213,156,87.45694732666016,Critical,Engineering,No,365,1,66.0,2025-06-10,3.0,Off-Peak,86.0
BR002601,TMS003334,AST000014,C00094,COA001390,2025-06-10,1057,1213,156,87.45694732666016,Critical,Engineering,No,365,1,66.0,2025-06-10,4.0,Off-Peak,76.0
BR002601,TMS003334,AST000014,C00094,COA001390,2025-06-10,1057,1213,156,87.45694732666016,Critical,Engineering,No,365,1,66.0,2025-06-10,2.0,Peak,95.0
BR002608,TMS003342,AST004184,C00013,COA000620,2025-06-12,378,497,119,40.9100227355957,Medium,Engineering,Yes,366,0,0.0,2025-06-12,7.0,Off-Peak,75.0
BR002608,TMS003342,AST004184,C00013,COA000620,2025-06-12,378,497,119,40.9100227355957,Medium,Engineering,Yes,366,0,0.0,2025-06-12,5.0,Normal,88.0
BR002608,TMS003342,AST004184,C00013,COA000620,2025-06-12,378,497,119,40.9100227355957,Medium,Engineering,Yes,366,0,0.0,2025-06-12,4.0,Off-Peak,95.0
BR002611,TMS003347,AST004770,C00064,COA000151,2025-06-22,1028,1124,96,50.09159851074219,Medium,Engineering,Yes,367,1,22.0,2025-06-22,8.0,Normal,82.0
BR002614,TMS003352,AST002409,C00080,COA001286,2025-06-21,930,1036,106,72.92066955566406,High,Engineering,Yes,368,1,8.0,,0.0,,0.0
BR002642,TMS003391,AST002839,C00014,COA000289,2025-06-11,375,503,128,38.00676345825195,Low,Engineering,Yes,369,1,124.0,2025-06-11,3.0,Normal,79.0
BR002645,TMS003395,AST001998,C00025,COA000528,2025-06-07,755,853,98,76.28248596191406,High,Engineering,No,370,5,306.0,2025-06-07,6.0,Off-Peak,94.0
BR002647,TMS003398,AST002744,C00025,COA000528,2025-06-07,755,837,82,48.270233154296875,Medium,Engineering,Yes,371,4,257.0,2025-06-07,6.0,Off-Peak,94.0
BR002653,TMS003408,AST004239,C00035,COA000866,2025-06-07,165,253,88,28.38641929626465,Low,Engineering,Yes,372,0,0.0,2025-06-07,2.0,Peak,82.0
BR002653,TMS003408,AST004239,C00035,COA000866,2025-06-07,165,253,88,28.38641929626465,Low,Engineering,Yes,372,0,0.0,2025-06-07,7.0,Off-Peak,84.0
BR002657,TMS003412,AST001419,C00008,COA000243,2025-06-09,605,639,34,52.5659294128418,Medium,Engineering,No,373,1,20.0,2025-06-09,3.0,Normal,86.0
BR002657,TMS003412,AST001419,C00008,COA000243,2025-06-09,605,639,34,52.5659294128418,Medium,Engineering,No,373,1,20.0,2025-06-09,8.0,Normal,93.0
BR002657,TMS003412,AST001419,C00008,COA000243,2025-06-09,605,639,34,52.5659294128418,Medium,Engineering,No,373,1,20.0,2025-06-09,8.0,Peak,87.0
BR002657,TMS003412,AST001419,C00008,COA000315,2025-06-09,45,79,34,52.5659294128418,Medium,Engineering,No,374,0,0.0,2025-06-09,3.0,Normal,86.0
BR002657,TMS003412,AST001419,C00008,COA000315,2025-06-09,45,79,34,52.5659294128418,Medium,Engineering,No,374,0,0.0,2025-06-09,8.0,Normal,93.0
BR002657,TMS003412,AST001419,C00008,COA000315,2025-06-09,45,79,34,52.5659294128418,Medium,Engineering,No,374,0,0.0,2025-06-09,8.0,Peak,87.0
BR002658,TMS003413,AST004989,C00077,COA000344,2025-06-07,265,309,44,57.190460205078125,Medium,Engineering,Yes,375,0,0.0,2025-06-07,6.0,Off-Peak,85.0
BR002658,TMS003413,AST004989,C00077,COA000344,2025-06-07,265,309,44,57.190460205078125,Medium,Engineering,Yes,375,0,0.0,2025-06-07,8.0,Off-Peak,70.0
BR002658,TMS003413,AST004989,C00077,COA000344,2025-06-07,265,309,44,57.190460205078125,Medium,Engineering,Yes,375,0,0.0,2025-06-07,7.0,Normal,92.0
BR002661,TMS003416,AST003309,C00019,COA001087,2025-06-24,511,661,150,46.963680267333984,Medium,Engineering,Yes,376,1,150.0,,0.0,,0.0
BR002678,TMS003440,AST004491,C00011,COA000056,2025-06-13,703,765,62,79.89630889892578,High,Engineering,No,377,2,94.0,,0.0,,0.0
BR002678,TMS003440,AST004491,C00011,COA000909,2025-06-13,542,604,62,79.89630889892578,High,Engineering,No,378,2,124.0,,0.0,,0.0
BR002684,TMS003446,AST004597,C00044,COA001205,2025-06-07,209,259,50,54.28020095825195,Medium,Engineering,Yes,379,0,0.0,2025-06-07,7.0,Peak,88.0
BR002684,TMS003446,AST004597,C00044,COA001205,2025-06-07,209,259,50,54.28020095825195,Medium,Engineering,Yes,379,0,0.0,2025-06-07,6.0,Peak,91.0
BR002684,TMS003446,AST004597,C00044,COA001205,2025-06-07,209,259,50,54.28020095825195,Medium,Engineering,Yes,379,0,0.0,2025-06-07,5.0,Normal,94.0
BR002687,TMS003450,AST003274,C00008,COA000770,2025-06-12,71,107,36,20.422527313232422,Low,Engineering,Yes,380,0,0.0,2025-06-12,4.0,Peak,85.0
BR002687,TMS003450,AST003274,C00008,COA000770,2025-06-12,71,107,36,20.422527313232422,Low,Engineering,Yes,380,0,0.0,2025-06-12,2.0,Off-Peak,79.0
BR002687,TMS003450,AST003274,C00008,COA000770,2025-06-12,71,107,36,20.422527313232422,Low,Engineering,Yes,380,0,0.0,2025-06-12,4.0,Normal,89.0
BR002688,TMS003451,AST004442,C00097,COA000738,2025-06-26,458,577,119,40.6878662109375,Medium,Engineering,Yes,381,1,63.0,,0.0,,0.0
BR002703,TMS003472,AST003872,C00062,COA000110,2025-06-05,163,202,39,56.4355354309082,Medium,Engineering,Yes,382,0,0.0,2025-06-05,2.0,Normal,92.0
BR002731,TMS003510,AST004718,C00028,COA000942,2025-06-21,750,835,85,45.12865447998047,Medium,Engineering,Yes,383,2,110.0,2025-06-21,4.0,Normal,70.0
BR002746,TMS003531,AST001789,C00023,COA000068,2025-06-01,419,518,99,47.714637756347656,Medium,Engineering,Yes,384,2,170.0,2025-06-01,6.0,Normal,86.0
BR002749,TMS003535,AST003702,C00063,COA000973,2025-06-13,1161,1254,93,60.632476806640625,High,Engineering,No,385,1,93.0,2025-06-13,6.0,Normal,85.0
BR002749,TMS003535,AST003702,C00063,COA000973,2025-06-13,1161,1254,93,60.632476806640625,High,Engineering,No,385,1,93.0,2025-06-13,4.0,Normal,76.0
BR002749,TMS003535,AST003702,C00063,COA000973,2025-06-13,1161,1254,93,60.632476806640625,High,Engineering,No,385,1,93.0,2025-06-13,5.0,Normal,76.0
BR002767,TMS003558,AST001981,C00033,COA000649,2025-06-27,718,750,32,38.10184860229492,Low,Engineering,No,386,0,0.0,2025-06-27,5.0,Peak,91.0
BR002771,TMS003564,AST002459,C00020,COA001169,2025-06-22,464,584,120,40.37401580810547,Medium,Engineering,Yes,387,0,0.0,2025-06-22,7.0,Normal,84.0
BR002771,TMS003564,AST002459,C00020,COA001169,2025-06-22,464,584,120,40.37401580810547,Medium,Engineering,Yes,387,0,0.0,2025-06-22,8.0,Normal,82.0
BR002772,TMS003565,AST003682,C00023,COA000340,2025-06-09,976,1012,36,72.37390899658203,High,Engineering,Yes,388,1,36.0,2025-06-09,8.0,Normal,94.0
BR002772,TMS003565,AST003682,C00023,COA000340,2025-06-09,976,1012,36,72.37390899658203,High,Engineering,Yes,388,1,36.0,2025-06-09,7.0,Off-Peak,90.0
BR002798,TMS003599,AST003117,C00094,COA000254,2025-06-07,936,1017,81,28.972705841064453,Low,Engineering,Yes,389,1,81.0,,0.0,,0.0
BR002798,TMS003599,AST003117,C00094,COA000851,2025-06-07,213,294,81,28.972705841064453,Low,Engineering,Yes,390,1,74.0,,0.0,,0.0
BR002803,TMS003606,AST000303,C00065,COA000298,2025-06-07,72,129,57,42.81236267089844,Medium,Engineering,No,391,3,86.0,2025-06-07,5.0,Peak,90.0
BR002803,TMS003606,AST000303,C00065,COA000298,2025-06-07,72,129,57,42.81236267089844,Medium,Engineering,No,391,3,86.0,2025-06-07,6.0,Off-Peak,71.0
BR002812,TMS003616,AST002999,C00022,COA000884,2025-06-05,875,1012,137,35.968570709228516,Low,Engineering,Yes,392,1,137.0,2025-06-05,6.0,Normal,72.0
BR002817,TMS003624,AST000880,C00014,COA000899,2025-06-18,269,393,124,36.260948181152344,Low,Engineering,Yes,393,1,61.0,2025-06-18,6.0,Off-Peak,81.0
BR002817,TMS003624,AST000880,C00014,COA000899,2025-06-18,269,393,124,36.260948181152344,Low,Engineering,Yes,393,1,61.0,2025-06-18,2.0,Peak,92.0
BR002819,TMS003627,AST004684,C00066,COA001146,2025-06-14,361,526,165,35.2562141418457,Low,Engineering,Yes,394,0,0.0,2025-06-14,7.0,Normal,82.0
BR002839,TMS003650,AST004620,C00002,COA000229,2025-06-11,520,597,77,40.4484977722168,Medium,Engineering,No,395,1,77.0,2025-06-11,3.0,Normal,88.0
BR002850,TMS003666,AST003445,C00085,COA000993,2025-06-20,902,973,71,64.79852294921875,High,Engineering,Yes,396,0,0.0,2025-06-20,4.0,Peak,85.0
BR002857,TMS003674,AST002058,C00001,COA000752,2025-06-24,338,449,111,51.093788146972656,Medium,Engineering,Yes,397,2,222.0,,0.0,,0.0
BR002866,TMS003685,AST000375,C00069,COA000936,2025-06-29,814,936,122,52.9931640625,Medium,Engineering,Yes,398,1,122.0,2025-06-29,6.0,Peak,76.0
BR002866,TMS003685,AST000375,C00069,COA000936,2025-06-29,814,936,122,52.9931640625,Medium,Engineering,Yes,398,1,122.0,2025-06-29,6.0,Peak,84.0
BR002866,TMS003685,AST000375,C00069,COA000936,2025-06-29,814,936,122,52.9931640625,Medium,Engineering,Yes,398,1,122.0,2025-06-29,2.0,Peak,71.0
BR002869,TMS003688,AST004085,C00058,COA000129,2025-06-15,248,285,37,30.52291488647461,Low,Engineering,Yes,399,1,37.0,2025-06-15,3.0,Peak,81.0
BR002869,TMS003688,AST004085,C00058,COA001279,2025-06-15,1073,1110,37,30.52291488647461,Low,Engineering,Yes,400,0,0.0,2025-06-15,3.0,Peak,81.0
BR002871,TMS003690,AST003440,C00065,COA000250,2025-06-21,685,784,99,36.62614822387695,Low,Engineering,No,401,0,0.0,,0.0,,0.0
BR002882,TMS003702,AST000743,C00012,COA001230,2025-06-20,284,401,117,33.21297836303711,Low,Engineering,Yes,402,2,82.0,,0.0,,0.0
BR002885,TMS003705,AST002298,C00088,COA001155,2025-06-28,778,908,130,34.78293228149414,Low,Engineering,Yes,403,1,7.0,2025-06-28,2.0,Normal,92.0
BR002898,TMS003722,AST002827,C00072,COA001387,2025-06-22,662,767,105,59.75829315185547,Medium,Engineering,Yes,404,2,210.0,2025-06-22,3.0,Normal,70.0
BR002910,TMS003736,AST002215,C00025,COA000412,2025-06-16,324,453,129,38.92150115966797,Low,Engineering,Yes,405,1,8.0,2025-06-16,2.0,Peak,89.0
BR002910,TMS003736,AST002215,C00025,COA000412,2025-06-16,324,453,129,38.92150115966797,Low,Engineering,Yes,405,1,8.0,2025-06-16,3.0,Normal,80.0
BR002912,TMS003739,AST003458,C00065,COA000090,2025-06-15,667,795,128,31.163843154907227,Low,Engineering,Yes,406,0,0.0,2025-06-15,7.0,Off-Peak,86.0
BR002912,TMS003739,AST003458,C00065,COA000090,2025-06-15,667,795,128,31.163843154907227,Low,Engineering,Yes,406,0,0.0,2025-06-15,4.0,Normal,75.0
BR002921,TMS003750,AST004592,C00043,COA001351,2025-06-25,687,755,68,24.11656379699707,Low,Engineering,No,407,1,12.0,,0.0,,0.0
BR002934,TMS003767,AST003649,C00019,COA000111,2025-06-29,569,723,154,71.56749725341797,High,Engineering,Yes,408,3,150.0,2025-06-29,5.0,Off-Peak,80.0
BR002936,TMS003770,AST004607,C00098,COA001044,2025-06-28,938,1094,156,28.589412689208984,Low,Engineering,Yes,409,1,36.0,,0.0,,0.0
BR002945,TMS003779,AST001233,C00049,COA001028,2025-06-03,848,923,75,29.41857147216797,Low,Engineering,Yes,410,0,0.0,,0.0,,0.0
BR002946,TMS003780,AST004079,C00054,COA000651,2025-06-17,1070,1214,144,37.316837310791016,Low,Engineering,Yes,411,0,0.0,,0.0,,0.0
BR002948,TMS003782,AST000513,C00035,COA001014,2025-06-30,924,1032,108,23.867368698120117,Low,Engineering,Yes,412,0,0.0,2025-06-30,5.0,Normal,70.0
BR002948,TMS003782,AST000513,C00035,COA001014,2025-06-30,924,1032,108,23.867368698120117,Low,Engineering,Yes,412,0,0.0,2025-06-30,4.0,Normal,87.0
BR002978,TMS003830,AST001666,C00001,COA000882,2025-06-13,1035,1081,46,72.2404556274414,High,Engineering,No,413,2,40.0,2025-06-13,9.0,Peak,79.0
BR002978,TMS003830,AST001666,C00001,COA000882,2025-06-13,1035,1081,46,72.2404556274414,High,Engineering,No,413,2,40.0,2025-06-13,3.0,Normal,71.0
BR002986,TMS003840,AST005220,C00041,COA000189,2025-06-24,253,290,37,52.87538528442383,Medium,Engineering,Yes,414,1,37.0,,0.0,,0.0
BR002993,TMS003847,AST004115,C00078,COA001127,2025-06-20,771,859,88,68.09571838378906,High,Engineering,Yes,415,2,81.0,2025-06-20,5.0,Off-Peak,94.0
BR002994,TMS003848,AST000201,C00003,COA001023,2025-06-06,41,126,85,41.83925247192383,Medium,Engineering,Yes,416,0,0.0,2025-06-06,4.0,Normal,93.0
BR002994,TMS003848,AST000201,C00003,COA001023,2025-06-06,41,126,85,41.83925247192383,Medium,Engineering,Yes,416,0,0.0,2025-06-06,4.0,Peak,70.0
BR003002,TMS003858,AST001694,C00009,COA000318,2025-06-03,13,119,106,70.98066711425781,High,Engineering,No,417,0,0.0,,0.0,,0.0
BR003004,TMS003860,AST003568,C00017,COA000618,2025-06-28,332,385,53,71.34403228759766,High,Engineering,No,418,0,0.0,2025-06-28,4.0,Peak,74.0
BR003004,TMS003860,AST003568,C00017,COA000618,2025-06-28,332,385,53,71.34403228759766,High,Engineering,No,418,0,0.0,2025-06-28,6.0,Normal,74.0
BR003006,TMS003865,AST003445,C00085,COA000503,2025-06-30,618,681,63,44.965476989746094,Medium,Engineering,Yes,419,0,0.0,,0.0,,0.0
BR003013,TMS003873,AST002766,C00067,COA000669,2025-06-11,129,225,96,21.339155197143555,Low,Engineering,Yes,420,1,96.0,,0.0,,0.0
BR003030,TMS003898,AST000465,C00070,COA000791,2025-06-17,1147,1197,50,59.691192626953125,Medium,Engineering,No,421,0,0.0,,0.0,,0.0
BR003038,TMS003908,AST004556,C00051,COA001372,2025-06-15,873,1035,162,57.10578918457031,Medium,Engineering,Yes,422,1,124.0,2025-06-15,5.0,Normal,93.0
BR003038,TMS003908,AST004556,C00051,COA001372,2025-06-15,873,1035,162,57.10578918457031,Medium,Engineering,Yes,422,1,124.0,2025-06-15,9.0,Off-Peak,80.0
BR003039,TMS003909,AST005225,C00061,COA000488,2025-06-17,559,610,51,26.48268699645996,Low,Engineering,No,423,1,4.0,,0.0,,0.0
BR003043,TMS003913,AST005104,C00072,COA001170,2025-06-11,755,908,153,59.95424270629883,Medium,Engineering,Yes,424,2,155.0,2025-06-11,6.0,Off-Peak,86.0
BR003044,TMS003914,AST002734,C00094,COA000310,2025-06-09,862,994,132,34.51018524169922,Low,Engineering,Yes,425,1,129.0,2025-06-09,7.0,Normal,79.0
BR003044,TMS003914,AST002734,C00094,COA000310,2025-06-09,862,994,132,34.51018524169922,Low,Engineering,Yes,425,1,129.0,2025-06-09,8.0,Peak,86.0
BR003044,TMS003914,AST002734,C00094,COA000310,2025-06-09,862,994,132,34.51018524169922,Low,Engineering,Yes,425,1,129.0,2025-06-09,4.0,Normal,92.0
BR003057,TMS003929,AST003689,C00047,COA001053,2025-06-20,1082,1161,79,55.190147399902344,Medium,Engineering,Yes,426,0,0.0,2025-06-20,9.0,Normal,94.0
BR003060,TMS003932,AST003395,C00023,COA000353,2025-06-06,84,207,123,32.360618591308594,Low,Engineering,Yes,427,0,0.0,,0.0,,0.0
BR003073,TMS003947,AST002787,C00072,COA001170,2025-06-11,755,926,171,42.91895294189453,Medium,Engineering,Yes,428,2,173.0,2025-06-11,6.0,Off-Peak,86.0
BR003088,TMS003965,AST003096,C00037,COA000104,2025-06-10,1059,1204,145,68.30370330810547,High,Engineering,Yes,429,0,0.0,2025-06-10,4.0,Normal,94.0
BR003093,TMS003970,AST002582,C00001,COA001156,2025-06-12,108,176,68,62.827796936035156,High,Engineering,Yes,430,0,0.0,,0.0,,0.0
BR003096,TMS003973,AST004146,C00068,COA001393,2025-06-23,705,846,141,42.49027633666992,Medium,Engineering,Yes,431,1,31.0,,0.0,,0.0
BR003098,TMS003975,AST000308,C00063,COA000030,2025-06-04,683,754,71,29.83359718322754,Low,Engineering,No,432,1,11.0,2025-06-04,6.0,Peak,78.0
BR003098,TMS003975,AST000308,C00063,COA001309,2025-06-04,728,799,71,29.83359718322754,Low,Engineering,No,433,0,0.0,2025-06-04,6.0,Peak,78.0
BR003101,TMS003978,AST004804,C00066,COA001021,2025-06-13,39,182,143,56.17666244506836,Medium,Engineering,Yes,434,1,69.0,2025-06-13,7.0,Peak,84.0
BR003101,TMS003978,AST004804,C00066,COA001021,2025-06-13,39,182,143,56.17666244506836,Medium,Engineering,Yes,434,1,69.0,2025-06-13,2.0,Normal,90.0
BR003107,TMS003986,AST005087,C00046,COA001432,2025-06-12,1004,1120,116,25.544315338134766,Low,Engineering,Yes,435,0,0.0,,0.0,,0.0
BR003107,TMS003986,AST005087,C00046,COA001500,2025-06-12,710,826,116,25.544315338134766,Low,Engineering,Yes,436,1,36.0,,0.0,,0.0
BR003131,TMS004020,AST000287,C00014,COA000564,2025-06-18,692,769,77,30.091768264770508,Low,Engineering,Yes,437,0,0.0,2025-06-18,6.0,Off-Peak,81.0
BR003131,TMS004020,AST000287,C00014,COA000564,2025-06-18,692,769,77,30.091768264770508,Low,Engineering,Yes,437,0,0.0,2025-06-18,2.0,Peak,92.0
BR003131,TMS004020,AST000287,C00014,COA000899,2025-06-18,269,346,77,30.091768264770508,Low,Engineering,Yes,438,1,14.0,2025-06-18,6.0,Off-Peak,81.0
BR003131,TMS004020,AST000287,C00014,COA000899,2025-06-18,269,346,77,30.091768264770508,Low,Engineering,Yes,438,1,14.0,2025-06-18,2.0,Peak,92.0
BR003136,TMS004025,AST003015,C00091,COA001317,2025-06-02,292,357,65,29.824365615844727,Low,Engineering,Yes,439,2,122.0,,0.0,,0.0
BR003145,TMS004038,AST003091,C00065,COA000298,2025-06-07,72,183,111,56.386688232421875,Medium,Engineering,Yes,440,3,170.0,2025-06-07,5.0,Peak,90.0
BR003145,TMS004038,AST003091,C00065,COA000298,2025-06-07,72,183,111,56.386688232421875,Medium,Engineering,Yes,440,3,170.0,2025-06-07,6.0,Off-Peak,71.0
BR003155,TMS004052,AST000656,C00005,COA000311,2025-06-30,156,262,106,69.84490203857422,High,Engineering,Yes,441,1,31.0,,0.0,,0.0
BR003159,TMS004057,AST003998,C00069,COA001442,2025-06-13,991,1083,92,48.11680221557617,Medium,Engineering,Yes,442,2,184.0,2025-06-13,6.0,Normal,91.0
BR003179,TMS004086,AST002565,C00040,COA000276,2025-06-24,1079,1189,110,33.10318374633789,Low,Engineering,Yes,443,0,0.0,,0.0,,0.0
BR003180,TMS004087,AST004015,C00090,COA001303,2025-06-05,932,1050,118,47.0257682800293,Medium,Engineering,Yes,444,4,200.0,2025-06-05,2.0,Peak,80.0
BR003190,TMS004102,AST004512,C00025,COA000878,2025-06-20,642,677,35,46.704532623291016,Medium,Engineering,Yes,445,5,170.0,2025-06-20,3.0,Off-Peak,88.0
BR003195,TMS004108,AST004472,C00054,COA001284,2025-06-02,568,664,96,35.40476989746094,Low,Engineering,No,446,2,54.0,2025-06-02,5.0,Normal,73.0
BR003195,TMS004108,AST004472,C00054,COA001284,2025-06-02,568,664,96,35.40476989746094,Low,Engineering,No,446,2,54.0,2025-06-02,6.0,Normal,82.0
BR003196,TMS004109,AST000745,C00031,COA001070,2025-06-23,894,1049,155,39.33103561401367,Low,Engineering,Yes,447,2,153.0,,0.0,,0.0
BR003197,TMS004110,AST004547,C00099,COA000614,2025-06-04,604,676,72,46.80860900878906,Medium,Engineering,No,448,0,0.0,2025-06-04,5.0,Off-Peak,70.0
BR003204,TMS004118,AST002459,C00020,COA000569,2025-06-19,475,619,144,58.147151947021484,Medium,Engineering,Yes,449,0,0.0,2025-06-19,8.0,Off-Peak,88.0
BR003209,TMS004123,AST002310,C00092,COA000589,2025-06-17,54,142,88,49.68241500854492,Medium,Engineering,Yes,450,0,0.0,2025-06-17,3.0,Peak,82.0
BR003209,TMS004123,AST002310,C00092,COA000589,2025-06-17,54,142,88,49.68241500854492,Medium,Engineering,Yes,450,0,0.0,2025-06-17,7.0,Off-Peak,82.0
BR003214,TMS004133,AST003344,C00037,COA001000,2025-06-15,442,544,102,63.41973114013672,High,Engineering,Yes,451,0,0.0,,0.0,,0.0
BR003220,TMS004143,AST004323,C00100,COA000685,2025-06-29,310,462,152,41.3612060546875,Medium,Engineering,Yes,452,1,36.0,2025-06-29,2.0,Normal,75.0
BR003220,TMS004143,AST004323,C00100,COA000685,2025-06-29,310,462,152,41.3612060546875,Medium,Engineering,Yes,452,1,36.0,2025-06-29,6.0,Normal,85.0
BR003228,TMS004151,AST004910,C00066,COA000080,2025-06-05,1124,1223,99,39.167232513427734,Low,Engineering,Yes,453,2,100.0,,0.0,,0.0
BR003229,TMS004152,AST000189,C00001,COA001020,2025-06-09,441,507,66,48.23752975463867,Medium,Engineering,No,454,2,132.0,2025-06-09,6.0,Normal,80.0
BR003229,TMS004152,AST000189,C00001,COA001020,2025-06-09,441,507,66,48.23752975463867,Medium,Engineering,No,454,2,132.0,2025-06-09,5.0,Normal,80.0
BR003235,TMS004163,AST000974,C00098,COA000959,2025-06-15,1161,1241,80,60.138607025146484,High,Engineering,Yes,455,0,0.0,2025-06-15,4.0,Peak,85.0
BR003235,TMS004163,AST000974,C00098,COA000959,2025-06-15,1161,1241,80,60.138607025146484,High,Engineering,Yes,455,0,0.0,2025-06-15,4.0,Off-Peak,79.0
BR003235,TMS004163,AST000974,C00098,COA001297,2025-06-15,476,556,80,60.138607025146484,High,Engineering,Yes,456,0,0.0,2025-06-15,4.0,Peak,85.0
BR003235,TMS004163,AST000974,C00098,COA001297,2025-06-15,476,556,80,60.138607025146484,High,Engineering,Yes,456,0,0.0,2025-06-15,4.0,Off-Peak,79.0
BR003249,TMS004182,AST002571,C00060,COA000178,2025-06-25,644,725,81,57.678619384765625,Medium,Engineering,Yes,457,0,0.0,2025-06-25,7.0,Normal,72.0
BR003256,TMS004192,AST002971,C00003,COA000955,2025-06-29,482,634,152,39.49056625366211,Low,Engineering,Yes,458,0,0.0,,0.0,,0.0
BR003261,TMS004200,AST001098,C00093,COA000026,2025-06-18,87,133,46,75.21611022949219,High,Engineering,Yes,459,1,46.0,2025-06-18,6.0,Off-Peak,87.0
BR003273,TMS004212,AST002539,C00024,COA001341,2025-06-27,648,726,78,26.96534538269043,Low,Engineering,Yes,460,0,0.0,2025-06-27,10.0,Normal,95.0
BR003273,TMS004212,AST002539,C00024,COA001341,2025-06-27,648,726,78,26.96534538269043,Low,Engineering,Yes,460,0,0.0,2025-06-27,1.0,Off-Peak,82.0
BR003274,TMS004214,AST002689,C00088,COA000517,2025-06-28,1189,1307,118,32.350318908691406,Low,Engineering,Yes,461,0,0.0,2025-06-28,2.0,Normal,92.0
BR003274,TMS004214,AST002689,C00088,COA001155,2025-06-28,778,896,118,32.350318908691406,Low,Engineering,Yes,462,0,0.0,2025-06-28,2.0,Normal,92.0
BR003279,TMS004222,AST004972,C00024,COA001433,2025-06-13,317,428,111,47.899967193603516,Medium,Engineering,Yes,463,2,137.0,2025-06-13,2.0,Normal,86.0
BR003279,TMS004222,AST004972,C00024,COA001433,2025-06-13,317,428,111,47.899967193603516,Medium,Engineering,Yes,463,2,137.0,2025-06-13,1.0,Normal,75.0
BR003279,TMS004222,AST004972,C00024,COA001433,2025-06-13,317,428,111,47.899967193603516,Medium,Engineering,Yes,463,2,137.0,2025-06-13,4.0,Peak,72.0
BR003288,TMS004236,AST004888,C00065,COA000031,2025-06-10,546,620,74,26.415849685668945,Low,Engineering,Yes,464,0,0.0,,0.0,,0.0
BR003290,TMS004238,AST000201,C00003,COA000948,2025-06-23,132,260,128,64.4883041381836,High,Engineering,Yes,465,0,0.0,,0.0,,0.0
BR003301,TMS004251,AST002047,C00050,COA000477,2025-06-26,1104,1221,117,50.11505889892578,Medium,Engineering,No,466,3,99.0,2025-06-26,7.0,Normal,70.0
BR003316,TMS004273,AST003077,C00083,COA001361,2025-06-21,344,452,108,43.16565704345703,Medium,Engineering,Yes,467,1,1.0,,0.0,,0.0
BR003323,TMS004281,AST004749,C00060,COA000099,2025-06-28,1056,1089,33,27.808826446533203,Low,Engineering,Yes,468,0,0.0,2025-06-28,3.0,Normal,90.0
BR003326,TMS004285,AST004740,C00069,COA000556,2025-06-30,387,460,73,24.198238372802734,Low,Engineering,Yes,469,0,0.0,2025-06-30,8.0,Normal,94.0
BR003326,TMS004285,AST004740,C00069,COA000556,2025-06-30,387,460,73,24.198238372802734,Low,Engineering,Yes,469,0,0.0,2025-06-30,8.0,Off-Peak,94.0
BR003326,TMS004285,AST004740,C00069,COA000556,2025-06-30,387,460,73,24.198238372802734,Low,Engineering,Yes,469,0,0.0,2025-06-30,6.0,Normal,94.0
BR003335,TMS004296,AST000970,C00034,COA000763,2025-06-20,1042,1077,35,36.452510833740234,Low,Engineering,Yes,470,0,0.0,,0.0,,0.0
BR003337,TMS004298,AST002280,C00002,COA000347,2025-06-26,72,155,83,48.8907585144043,Medium,Engineering,Yes,471,1,26.0,,0.0,,0.0
BR003337,TMS004298,AST002280,C00002,COA000898,2025-06-26,196,279,83,48.8907585144043,Medium,Engineering,Yes,472,1,33.0,,0.0,,0.0
BR003338,TMS004299,AST001487,C00095,COA001422,2025-06-14,252,348,96,33.5194091796875,Low,Engineering,Yes,473,2,160.0,2025-06-14,5.0,Normal,77.0
BR003338,TMS004299,AST001487,C00095,COA001422,2025-06-14,252,348,96,33.5194091796875,Low,Engineering,Yes,473,2,160.0,2025-06-14,3.0,Off-Peak,73.0
BR003340,TMS004301,AST004983,C00024,COA001433,2025-06-13,317,412,95,36.126617431640625,Low,Engineering,Yes,474,2,121.0,2025-06-13,2.0,Normal,86.0
BR003340,TMS004301,AST004983,C00024,COA001433,2025-06-13,317,412,95,36.126617431640625,Low,Engineering,Yes,474,2,121.0,2025-06-13,1.0,Normal,75.0
BR003340,TMS004301,AST004983,C00024,COA001433,2025-06-13,317,412,95,36.126617431640625,Low,Engineering,Yes,474,2,121.0,2025-06-13,4.0,Peak,72.0
BR003355,TMS004318,AST003507,C00016,COA000858,2025-06-02,131,194,63,48.296142578125,Medium,Engineering,No,475,1,2.0,2025-06-02,6.0,Normal,76.0
BR003355,TMS004318,AST003507,C00016,COA000858,2025-06-02,131,194,63,48.296142578125,Medium,Engineering,No,475,1,2.0,2025-06-02,9.0,Normal,92.0
BR003355,TMS004318,AST003507,C00016,COA000858,2025-06-02,131,194,63,48.296142578125,Medium,Engineering,No,475,1,2.0,2025-06-02,3.0,Normal,74.0
BR003381,TMS004352,AST001277,C00010,COA000277,2025-06-15,111,201,90,40.427886962890625,Medium,Engineering,Yes,476,1,90.0,2025-06-15,6.0,Normal,76.0
BR003407,TMS004381,AST002444,C00057,COA000507,2025-06-30,100,185,85,28.141267776489258,Low,Engineering,No,477,0,0.0,2025-06-30,5.0,Peak,86.0
BR003407,TMS004381,AST002444,C00057,COA000507,2025-06-30,100,185,85,28.141267776489258,Low,Engineering,No,477,0,0.0,2025-06-30,3.0,Normal,70.0
BR003408,TMS004382,AST004907,C00073,COA000808,2025-06-16,833,876,43,55.524269104003906,Medium,Engineering,Yes,478,0,0.0,2025-06-16,6.0,Off-Peak,72.0
BR003408,TMS004382,AST004907,C00073,COA000808,2025-06-16,833,876,43,55.524269104003906,Medium,Engineering,Yes,478,0,0.0,2025-06-16,5.0,Off-Peak,93.0
BR003409,TMS004383,AST004792,C00050,COA000799,2025-06-25,43,158,115,42.9339599609375,Medium,Engineering,Yes,479,0,0.0,2025-06-25,3.0,Normal,73.0
BR003412,TMS004386,AST001905,C00028,COA000505,2025-06-16,665,788,123,44.482051849365234,Medium,Engineering,No,480,0,0.0,,0.0,,0.0
BR003413,TMS004387,AST003049,C00052,COA000126,2025-06-16,75,121,46,28.46111488342285,Low,Engineering,Yes,481,0,0.0,2025-06-16,4.0,Normal,81.0
BR003413,TMS004387,AST003049,C00052,COA000126,2025-06-16,75,121,46,28.46111488342285,Low,Engineering,Yes,481,0,0.0,2025-06-16,2.0,Normal,92.0
BR003413,TMS004387,AST003049,C00052,COA000126,2025-06-16,75,121,46,28.46111488342285,Low,Engineering,Yes,481,0,0.0,2025-06-16,2.0,Peak,77.0
BR003413,TMS004387,AST003049,C00052,COA000126,2025-06-16,75,121,46,28.46111488342285,Low,Engineering,Yes,481,0,0.0,2025-06-16,5.0,Normal,87.0
BR003413,TMS004387,AST003049,C00052,COA001399,2025-06-16,1028,1074,46,28.46111488342285,Low,Engineering,Yes,482,1,35.0,2025-06-16,4.0,Normal,81.0
BR003413,TMS004387,AST003049,C00052,COA001399,2025-06-16,1028,1074,46,28.46111488342285,Low,Engineering,Yes,482,1,35.0,2025-06-16,2.0,Normal,92.0
BR003413,TMS004387,AST003049,C00052,COA001399,2025-06-16,1028,1074,46,28.46111488342285,Low,Engineering,Yes,482,1,35.0,2025-06-16,2.0,Peak,77.0
BR003413,TMS004387,AST003049,C00052,COA001399,2025-06-16,1028,1074,46,28.46111488342285,Low,Engineering,Yes,482,1,35.0,2025-06-16,5.0,Normal,87.0
BR003423,TMS004398,AST000261,C00069,COA000556,2025-06-30,387,484,97,29.409297943115234,Low,Engineering,Yes,483,0,0.0,2025-06-30,8.0,Normal,94.0
BR003423,TMS004398,AST000261,C00069,COA000556,2025-06-30,387,484,97,29.409297943115234,Low,Engineering,Yes,483,0,0.0,2025-06-30,8.0,Off-Peak,94.0
BR003423,TMS004398,AST000261,C00069,COA000556,2025-06-30,387,484,97,29.409297943115234,Low,Engineering,Yes,483,0,0.0,2025-06-30,6.0,Normal,94.0
BR003426,TMS004403,AST004680,C00096,COA000012,2025-06-10,803,867,64,30.730571746826172,Low,Engineering,No,484,4,195.0,2025-06-10,6.0,Peak,79.0
BR003426,TMS004403,AST004680,C00096,COA000012,2025-06-10,803,867,64,30.730571746826172,Low,Engineering,No,484,4,195.0,2025-06-10,3.0,Normal,81.0
BR003426,TMS004403,AST004680,C00096,COA000012,2025-06-10,803,867,64,30.730571746826172,Low,Engineering,No,484,4,195.0,2025-06-10,8.0,Normal,88.0
BR003426,TMS004403,AST004680,C00096,COA001240,2025-06-10,482,546,64,30.730571746826172,Low,Engineering,No,485,0,0.0,2025-06-10,6.0,Peak,79.0
BR003426,TMS004403,AST004680,C00096,COA001240,2025-06-10,482,546,64,30.730571746826172,Low,Engineering,No,485,0,0.0,2025-06-10,3.0,Normal,81.0
BR003426,TMS004403,AST004680,C00096,COA001240,2025-06-10,482,546,64,30.730571746826172,Low,Engineering,No,485,0,0.0,2025-06-10,8.0,Normal,88.0
BR003437,TMS004417,AST000685,C00098,COA001221,2025-06-20,540,685,145,34.83062744140625,Low,Engineering,Yes,486,0,0.0,,0.0,,0.0
BR003446,TMS004431,AST001882,C00013,COA000256,2025-06-05,828,956,128,60.651615142822266,High,Engineering,Yes,487,0,0.0,,0.0,,0.0
BR003457,TMS004445,AST004842,C00077,COA000888,2025-06-12,607,678,71,54.74857711791992,Medium,Engineering,No,488,0,0.0,2025-06-12,5.0,Peak,85.0
BR003457,TMS004445,AST004842,C00077,COA001469,2025-06-12,1187,1258,71,54.74857711791992,Medium,Engineering,No,489,1,66.0,2025-06-12,5.0,Peak,85.0
BR003458,TMS004446,AST000720,C00009,COA000318,2025-06-03,13,100,87,30.386259078979492,Low,Engineering,Yes,490,0,0.0,,0.0,,0.0
BR003463,TMS004452,AST002457,C00097,COA000587,2025-06-18,317,361,44,65.391845703125,High,Engineering,Yes,491,1,38.0,2025-06-18,8.0,Off-Peak,84.0
BR003463,TMS004452,AST002457,C00097,COA000691,2025-06-18,1155,1199,44,65.391845703125,High,Engineering,Yes,492,1,25.0,2025-06-18,8.0,Off-Peak,84.0
BR003464,TMS004453,AST000360,C00074,COA001195,2025-06-06,448,549,101,43.581321716308594,Medium,Engineering,Yes,493,1,49.0,2025-06-06,4.0,Off-Peak,95.0
BR003465,TMS004454,AST004097,C00072,COA001041,2025-06-01,580,623,43,19.866561889648438,Low,Engineering,Yes,494,2,86.0,2025-06-01,2.0,Off-Peak,86.0
BR003465,TMS004454,AST004097,C00072,COA001041,2025-06-01,580,623,43,19.866561889648438,Low,Engineering,Yes,494,2,86.0,2025-06-01,5.0,Normal,84.0
BR003465,TMS004454,AST004097,C00072,COA001041,2025-06-01,580,623,43,19.866561889648438,Low,Engineering,Yes,494,2,86.0,2025-06-01,5.0,Normal,81.0
BR003473,TMS004466,AST005043,C00093,COA001291,2025-06-13,768,861,93,27.33901023864746,Low,Engineering,Yes,495,0,0.0,2025-06-13,4.0,Off-Peak,81.0
BR003473,TMS004466,AST005043,C00093,COA001499,2025-06-13,610,703,93,27.33901023864746,Low,Engineering,Yes,496,1,93.0,2025-06-13,4.0,Off-Peak,81.0
BR003475,TMS004470,AST002483,C00065,COA000123,2025-06-16,966,1027,61,47.1363410949707,Medium,Engineering,Yes,497,2,76.0,2025-06-16,9.0,Peak,88.0
BR003475,TMS004470,AST002483,C00065,COA000123,2025-06-16,966,1027,61,47.1363410949707,Medium,Engineering,Yes,497,2,76.0,2025-06-16,6.0,Peak,91.0
BR003475,TMS004470,AST002483,C00065,COA000123,2025-06-16,966,1027,61,47.1363410949707,Medium,Engineering,Yes,497,2,76.0,2025-06-16,4.0,Peak,86.0
BR003475,TMS004470,AST002483,C00065,COA000222,2025-06-16,927,988,61,47.1363410949707,Medium,Engineering,Yes,498,2,120.0,2025-06-16,9.0,Peak,88.0
BR003475,TMS004470,AST002483,C00065,COA000222,2025-06-16,927,988,61,47.1363410949707,Medium,Engineering,Yes,498,2,120.0,2025-06-16,6.0,Peak,91.0
BR003475,TMS004470,AST002483,C00065,COA000222,2025-06-16,927,988,61,47.1363410949707,Medium,Engineering,Yes,498,2,120.0,2025-06-16,4.0,Peak,86.0
BR003489,TMS004485,AST000242,C00023,COA000353,2025-06-06,84,158,74,34.157989501953125,Low,Engineering,Yes,499,0,0.0,,0.0,,0.0
BR003490,TMS004487,AST001834,C00043,COA000405,2025-06-29,452,535,83,20.410554885864258,Low,Engineering,Yes,500,1,5.0,2025-06-29,3.0,Normal,94.0
BR003493,TMS004490,AST001236,C00005,COA000580,2025-06-08,564,624,60,29.02996063232422,Low,Engineering,Yes,501,1,60.0,2025-06-08,2.0,Normal,80.0
BR003497,TMS004494,AST000763,C00092,COA000617,2025-06-19,684,792,108,55.19794464111328,Medium,Engineering,Yes,502,1,35.0,2025-06-19,0.0,Normal,78.0
BR003497,TMS004494,AST000763,C00092,COA000617,2025-06-19,684,792,108,55.19794464111328,Medium,Engineering,Yes,502,1,35.0,2025-06-19,5.0,Normal,80.0
BR003499,TMS004496,AST004849,C00033,COA000849,2025-06-29,1178,1229,51,50.64079666137695,Medium,Engineering,Yes,503,0,0.0,2025-06-29,2.0,Off-Peak,86.0
BR003524,TMS004529,AST004933,C00065,COA000031,2025-06-10,546,660,114,40.761417388916016,Medium,Engineering,Yes,504,0,0.0,,0.0,,0.0
BR003528,TMS004533,AST004539,C00046,COA000796,2025-06-15,359,441,82,28.887216567993164,Low,Engineering,Yes,505,0,0.0,2025-06-15,4.0,Normal,73.0
BR003531,TMS004536,AST002695,C00100,COA000685,2025-06-29,310,396,86,52.674137115478516,Medium,Engineering,Yes,506,0,0.0,2025-06-29,2.0,Normal,75.0
BR003531,TMS004536,AST002695,C00100,COA000685,2025-06-29,310,396,86,52.674137115478516,Medium,Engineering,Yes,506,0,0.0,2025-06-29,6.0,Normal,85.0
BR003564,TMS004577,AST004349,C00024,COA000432,2025-06-25,749,886,137,72.57096862792969,High,Engineering,Yes,507,0,0.0,2025-06-25,5.0,Normal,91.0
BR003564,TMS004577,AST004349,C00024,COA000432,2025-06-25,749,886,137,72.57096862792969,High,Engineering,Yes,507,0,0.0,2025-06-25,2.0,Normal,94.0
BR003573,TMS004587,AST000090,C00057,COA000901,2025-06-05,688,744,56,59.20908737182617,Medium,Engineering,Yes,508,2,64.0,,0.0,,0.0
BR003580,TMS004596,AST004426,C00053,COA000904,2025-06-13,1114,1259,145,69.23481750488281,High,Engineering,Yes,509,0,0.0,,0.0,,0.0
BR003583,TMS004599,AST003561,C00019,COA000111,2025-06-29,569,719,150,50.65222930908203,Medium,Engineering,Yes,510,3,146.0,2025-06-29,5.0,Off-Peak,80.0
BR003596,TMS004614,AST001864,C00061,COA000579,2025-06-08,1109,1222,113,38.30915832519531,Low,Engineering,Yes,511,1,40.0,2025-06-08,3.0,Normal,76.0
BR003596,TMS004614,AST001864,C00061,COA001166,2025-06-08,881,994,113,38.30915832519531,Low,Engineering,Yes,512,1,8.0,2025-06-08,3.0,Normal,76.0
BR003605,TMS004624,AST001533,C00038,COA000737,2025-06-05,915,1047,132,38.42976379394531,Low,Engineering,Yes,513,0,0.0,2025-06-05,4.0,Peak,83.0
BR003615,TMS004638,AST004591,C00093,COA000975,2025-06-28,705,751,46,28.021072387695312,Low,Engineering,Yes,514,0,0.0,,0.0,,0.0
BR003618,TMS004645,AST002609,C00016,COA000554,2025-06-01,921,1012,91,25.94085693359375,Low,Engineering,Yes,515,0,0.0,2025-06-01,6.0,Normal,79.0
BR003633,TMS004664,AST001819,C00091,COA001317,2025-06-02,292,395,103,49.1992073059082,Medium,Engineering,Yes,516,2,168.0,,0.0,,0.0
BR003647,TMS004683,AST005240,C00083,COA000845,2025-06-11,1111,1166,55,39.221702575683594,Low,Engineering,Yes,517,0,0.0,2025-06-11,4.0,Peak,92.0
BR003647,TMS004683,AST005240,C00083,COA000845,2025-06-11,1111,1166,55,39.221702575683594,Low,Engineering,Yes,517,0,0.0,2025-06-11,2.0,Off-Peak,76.0
BR003647,TMS004683,AST005240,C00083,COA000845,2025-06-11,1111,1166,55,39.221702575683594,Low,Engineering,Yes,517,0,0.0,2025-06-11,4.0,Normal,91.0
BR003655,TMS004692,AST002992,C00024,COA001454,2025-06-05,327,380,53,31.881576538085938,Low,Engineering,Yes,518,0,0.0,2025-06-05,3.0,Normal,73.0
BR003655,TMS004692,AST002992,C00024,COA001454,2025-06-05,327,380,53,31.881576538085938,Low,Engineering,Yes,518,0,0.0,2025-06-05,5.0,Normal,89.0
BR003655,TMS004692,AST002992,C00024,COA001454,2025-06-05,327,380,53,31.881576538085938,Low,Engineering,Yes,518,0,0.0,2025-06-05,2.0,Peak,88.0
BR003655,TMS004692,AST002992,C00024,COA001454,2025-06-05,327,380,53,31.881576538085938,Low,Engineering,Yes,518,0,0.0,2025-06-05,6.0,Normal,71.0
BR003655,TMS004692,AST002992,C00024,COA001454,2025-06-05,327,380,53,31.881576538085938,Low,Engineering,Yes,518,0,0.0,2025-06-05,6.0,Normal,92.0
BR003677,TMS004718,AST000954,C00041,COA001001,2025-06-16,320,385,65,39.081180572509766,Low,Engineering,Yes,519,0,0.0,2025-06-16,4.0,Off-Peak,83.0
BR003688,TMS004731,AST001929,C00057,COA000016,2025-06-12,1180,1302,122,33.408565521240234,Low,Engineering,No,520,0,0.0,,0.0,,0.0
BR003688,TMS004731,AST001929,C00057,COA001246,2025-06-12,1192,1314,122,33.408565521240234,Low,Engineering,No,521,0,0.0,,0.0,,0.0
BR003691,TMS004735,AST003370,C00058,COA001066,2025-06-29,1067,1130,63,35.798892974853516,Low,Engineering,Yes,522,2,109.0,2025-06-29,3.0,Peak,76.0
BR003703,TMS004749,AST002241,C00004,COA000369,2025-06-07,267,317,50,50.6214714050293,Medium,Engineering,Yes,523,0,0.0,2025-06-07,5.0,Off-Peak,87.0
BR003703,TMS004749,AST002241,C00004,COA000369,2025-06-07,267,317,50,50.6214714050293,Medium,Engineering,Yes,523,0,0.0,2025-06-07,6.0,Normal,77.0
BR003706,TMS004753,AST000323,C00053,COA000200,2025-06-18,882,963,81,37.53523635864258,Low,Engineering,Yes,524,0,0.0,,0.0,,0.0
BR003716,TMS004764,AST000755,C00070,COA000236,2025-06-19,228,289,61,45.47441864013672,Medium,Engineering,Yes,525,0,0.0,2025-06-19,10.0,Peak,74.0
BR003716,TMS004764,AST000755,C00070,COA000236,2025-06-19,228,289,61,45.47441864013672,Medium,Engineering,Yes,525,0,0.0,2025-06-19,7.0,Normal,87.0
BR003720,TMS004770,AST004538,C00060,COA000838,2025-06-12,330,436,106,32.77516555786133,Low,Engineering,Yes,526,1,5.0,2025-06-12,6.0,Normal,70.0
BR003720,TMS004770,AST004538,C00060,COA000838,2025-06-12,330,436,106,32.77516555786133,Low,Engineering,Yes,526,1,5.0,2025-06-12,5.0,Normal,71.0
BR003720,TMS004770,AST004538,C00060,COA001065,2025-06-12,28,134,106,32.77516555786133,Low,Engineering,Yes,527,2,84.0,2025-06-12,6.0,Normal,70.0
BR003720,TMS004770,AST004538,C00060,COA001065,2025-06-12,28,134,106,32.77516555786133,Low,Engineering,Yes,527,2,84.0,2025-06-12,5.0,Normal,71.0
BR003727,TMS004779,AST005165,C00098,COA000427,2025-06-07,674,769,95,30.14762306213379,Low,Engineering,Yes,528,0,0.0,2025-06-07,5.0,Peak,89.0
BR003727,TMS004779,AST005165,C00098,COA000885,2025-06-07,843,938,95,30.14762306213379,Low,Engineering,Yes,529,0,0.0,2025-06-07,5.0,Peak,89.0
BR003734,TMS004790,AST001800,C00063,COA000253,2025-06-06,583,655,72,38.76649856567383,Low,Engineering,Yes,530,1,15.0,2025-06-06,4.0,Peak,83.0
BR003734,TMS004790,AST001800,C00063,COA000253,2025-06-06,583,655,72,38.76649856567383,Low,Engineering,Yes,530,1,15.0,2025-06-06,7.0,Normal,89.0
BR003734,TMS004790,AST001800,C00063,COA001035,2025-06-06,248,320,72,38.76649856567383,Low,Engineering,Yes,531,0,0.0,2025-06-06,4.0,Peak,83.0
BR003734,TMS004790,AST001800,C00063,COA001035,2025-06-06,248,320,72,38.76649856567383,Low,Engineering,Yes,531,0,0.0,2025-06-06,7.0,Normal,89.0
BR003749,TMS004807,AST001755,C00097,COA001064,2025-06-05,862,1009,147,81.65644073486328,Critical,Engineering,Yes,532,0,0.0,,0.0,,0.0
BR003754,TMS004812,AST004005,C00035,COA000698,2025-06-19,1160,1208,48,26.722904205322266,Low,Engineering,Yes,533,0,0.0,,0.0,,0.0
BR003754,TMS004812,AST004005,C00035,COA001250,2025-06-19,622,670,48,26.722904205322266,Low,Engineering,Yes,534,0,0.0,,0.0,,0.0
BR003759,TMS004818,AST000963,C00001,COA000724,2025-06-04,785,920,135,22.76352882385254,Low,Engineering,Yes,535,1,51.0,2025-06-04,6.0,Normal,85.0
BR003764,TMS004824,AST004217,C00026,COA001439,2025-06-06,831,870,39,30.417335510253906,Low,Engineering,No,536,3,106.0,,0.0,,0.0
BR003775,TMS004839,AST002704,C00049,COA001261,2025-06-11,275,362,87,22.041210174560547,Low,Engineering,Yes,537,4,232.0,2025-06-11,4.0,Peak,70.0
BR003790,TMS004857,AST003856,C00025,COA001460,2025-06-05,776,914,138,71.00926971435547,High,Engineering,No,538,2,153.0,,0.0,,0.0
BR003795,TMS004863,AST005200,C00007,COA001330,2025-06-29,1119,1294,175,63.18029022216797,High,Engineering,Yes,539,1,175.0,,0.0,,0.0
BR003803,TMS004871,AST000415,C00100,COA000300,2025-06-01,438,481,43,62.04521179199219,High,Engineering,Yes,540,0,0.0,,0.0,,0.0
BR003814,TMS004884,AST000677,C00092,COA001012,2025-06-03,164,237,73,40.490169525146484,Medium,Engineering,No,541,0,0.0,2025-06-03,8.0,Normal,95.0
BR003814,TMS004884,AST000677,C00092,COA001012,2025-06-03,164,237,73,40.490169525146484,Medium,Engineering,No,541,0,0.0,2025-06-03,5.0,Peak,78.0
BR003815,TMS004885,AST002364,C00059,COA001340,2025-06-03,996,1063,67,48.99598693847656,Medium,Engineering,Yes,542,0,0.0,2025-06-03,4.0,Normal,77.0
BR003815,TMS004885,AST002364,C00059,COA001340,2025-06-03,996,1063,67,48.99598693847656,Medium,Engineering,Yes,542,0,0.0,2025-06-03,6.0,Normal,76.0
BR003816,TMS004886,AST000325,C00057,COA000020,2025-06-18,240,294,54,41.46383285522461,Medium,Engineering,Yes,543,2,69.0,,0.0,,0.0
BR003821,TMS004892,AST002678,C00034,COA000071,2025-06-10,1038,1163,125,31.571653366088867,Low,Engineering,Yes,544,1,67.0,2025-06-10,5.0,Normal,83.0
BR003862,TMS004942,AST004284,C00088,COA001051,2025-06-04,519,606,87,42.629058837890625,Medium,Engineering,Yes,545,2,108.0,,0.0,,0.0
BR003864,TMS004945,AST001166,C00039,COA000195,2025-06-19,1018,1149,131,31.906179428100586,Low,Engineering,No,546,0,0.0,,0.0,,0.0
BR003864,TMS004945,AST001166,C00039,COA001452,2025-06-19,139,270,131,31.906179428100586,Low,Engineering,No,547,2,33.0,,0.0,,0.0
BR003877,TMS004960,AST002612,C00016,COA000795,2025-06-20,1121,1182,61,34.814388275146484,Low,Engineering,Yes,548,1,17.0,,0.0,,0.0
BR003881,TMS004966,AST000328,C00019,COA000470,2025-06-27,539,634,95,27.485952377319336,Low,Engineering,Yes,549,1,95.0,2025-06-27,6.0,Normal,95.0
BR003890,TMS004977,AST003540,C00027,COA000462,2025-06-25,1010,1094,84,57.290771484375,Medium,Engineering,Yes,550,1,81.0,2025-06-25,10.0,Off-Peak,83.0
BR003902,TMS004993,AST004494,C00013,COA000620,2025-06-12,378,483,105,46.800514221191406,Medium,Engineering,Yes,551,0,0.0,2025-06-12,7.0,Off-Peak,75.0
BR003902,TMS004993,AST004494,C00013,COA000620,2025-06-12,378,483,105,46.800514221191406,Medium,Engineering,Yes,551,0,0.0,2025-06-12,5.0,Normal,88.0
BR003902,TMS004993,AST004494,C00013,COA000620,2025-06-12,378,483,105,46.800514221191406,Medium,Engineering,Yes,551,0,0.0,2025-06-12,4.0,Off-Peak,95.0
BR003902,TMS004993,AST004494,C00013,COA000964,2025-06-12,1020,1125,105,46.800514221191406,Medium,Engineering,Yes,552,0,0.0,2025-06-12,7.0,Off-Peak,75.0
BR003902,TMS004993,AST004494,C00013,COA000964,2025-06-12,1020,1125,105,46.800514221191406,Medium,Engineering,Yes,552,0,0.0,2025-06-12,5.0,Normal,88.0
BR003902,TMS004993,AST004494,C00013,COA000964,2025-06-12,1020,1125,105,46.800514221191406,Medium,Engineering,Yes,552,0,0.0,2025-06-12,4.0,Off-Peak,95.0
BR003907,TMS004998,AST002798,C00040,COA000276,2025-06-24,1079,1189,110,58.27979278564453,Medium,Engineering,Yes,553,0,0.0,,0.0,,0.0
BR003927,TMS005027,AST001135,C00041,COA001001,2025-06-16,320,411,91,36.23116683959961,Low,Engineering,Yes,554,0,0.0,2025-06-16,4.0,Off-Peak,83.0
BR003929,TMS005030,AST004932,C00073,COA001304,2025-06-22,927,1030,103,28.004281997680664,Low,Engineering,Yes,555,2,100.0,2025-06-22,3.0,Normal,76.0
BR003943,TMS005049,AST000837,C00013,COA000240,2025-06-12,623,657,34,27.668237686157227,Low,Engineering,Yes,556,0,0.0,2025-06-12,7.0,Off-Peak,75.0
BR003943,TMS005049,AST000837,C00013,COA000240,2025-06-12,623,657,34,27.668237686157227,Low,Engineering,Yes,556,0,0.0,2025-06-12,5.0,Normal,88.0
BR003943,TMS005049,AST000837,C00013,COA000240,2025-06-12,623,657,34,27.668237686157227,Low,Engineering,Yes,556,0,0.0,2025-06-12,4.0,Off-Peak,95.0
BR003943,TMS005049,AST000837,C00013,COA000620,2025-06-12,378,412,34,27.668237686157227,Low,Engineering,Yes,557,0,0.0,2025-06-12,7.0,Off-Peak,75.0
BR003943,TMS005049,AST000837,C00013,COA000620,2025-06-12,378,412,34,27.668237686157227,Low,Engineering,Yes,557,0,0.0,2025-06-12,5.0,Normal,88.0
BR003943,TMS005049,AST000837,C00013,COA000620,2025-06-12,378,412,34,27.668237686157227,Low,Engineering,Yes,557,0,0.0,2025-06-12,4.0,Off-Peak,95.0
BR003943,TMS005049,AST000837,C00013,COA000964,2025-06-12,1020,1054,34,27.668237686157227,Low,Engineering,Yes,558,0,0.0,2025-06-12,7.0,Off-Peak,75.0
BR003943,TMS005049,AST000837,C00013,COA000964,2025-06-12,1020,1054,34,27.668237686157227,Low,Engineering,Yes,558,0,0.0,2025-06-12,5.0,Normal,88.0
BR003943,TMS005049,AST000837,C00013,COA000964,2025-06-12,1020,1054,34,27.668237686157227,Low,Engineering,Yes,558,0,0.0,2025-06-12,4.0,Off-Peak,95.0
BR003946,TMS005052,AST005049,C00008,COA000744,2025-06-27,757,826,69,44.57746505737305,Medium,Engineering,Yes,559,0,0.0,2025-06-27,6.0,Peak,92.0
BR003948,TMS005054,AST000833,C00060,COA000178,2025-06-25,644,693,49,45.43189239501953,Medium,Engineering,No,560,0,0.0,2025-06-25,7.0,Normal,72.0
BR003951,TMS005058,AST000096,C00072,COA000751,2025-06-16,332,418,86,43.18433380126953,Medium,Engineering,Yes,561,2,94.0,2025-06-16,7.0,Peak,70.0
BR003964,TMS005076,AST001204,C00009,COA001144,2025-06-10,541,667,126,51.17865753173828,Medium,Engineering,No,562,0,0.0,2025-06-10,6.0,Normal,88.0
BR003994,TMS005116,AST001997,C00027,COA000873,2025-06-20,298,440,142,36.49404525756836,Low,Engineering,Yes,563,2,98.0,2025-06-20,4.0,Normal,82.0
BR003994,TMS005116,AST001997,C00027,COA000873,2025-06-20,298,440,142,36.49404525756836,Low,Engineering,Yes,563,2,98.0,2025-06-20,6.0,Normal,77.0
BR003995,TMS005117,AST004841,C00074,COA000479,2025-06-25,72,187,115,50.91147232055664,Medium,Engineering,No,564,1,15.0,,0.0,,0.0
BR003997,TMS005121,AST001482,C00091,COA000203,2025-06-01,786,926,140,51.15088653564453,Medium,Engineering,Yes,565,2,280.0,,0.0,,0.0
BR003999,TMS005125,AST002551,C00057,COA001246,2025-06-12,1192,1360,168,22.569717407226562,Low,Engineering,Yes,566,0,0.0,,0.0,,0.0
BR004002,TMS005128,AST000791,C00088,COA001155,2025-06-28,778,920,142,74.0026626586914,High,Engineering,Yes,567,1,19.0,2025-06-28,2.0,Normal,92.0
BR004006,TMS005132,AST001052,C00092,COA000855,2025-06-18,654,726,72,67.16132354736328,High,Engineering,No,568,0,0.0,,0.0,,0.0
BR004016,TMS005147,AST002755,C00080,COA001286,2025-06-21,930,1061,131,49.62485122680664,Medium,Engineering,Yes,569,1,8.0,,0.0,,0.0
BR004018,TMS005150,AST001551,C00014,COA001253,2025-06-26,362,504,142,45.00261688232422,Medium,Engineering,Yes,570,2,95.0,2025-06-26,4.0,Normal,73.0
BR004018,TMS005150,AST001551,C00014,COA001253,2025-06-26,362,504,142,45.00261688232422,Medium,Engineering,Yes,570,2,95.0,2025-06-26,4.0,Off-Peak,91.0
BR004019,TMS005152,AST003039,C00048,COA000140,2025-06-05,518,619,101,31.38532066345215,Low,Engineering,No,571,1,19.0,2025-06-05,5.0,Normal,93.0
BR004019,TMS005152,AST003039,C00048,COA000140,2025-06-05,518,619,101,31.38532066345215,Low,Engineering,No,571,1,19.0,2025-06-05,4.0,Off-Peak,86.0
BR004020,TMS005153,AST000046,C00087,COA000150,2025-06-29,319,440,121,30.705110549926758,Low,Engineering,Yes,572,3,280.0,,0.0,,0.0
BR004020,TMS005153,AST000046,C00087,COA000234,2025-06-29,179,300,121,30.705110549926758,Low,Engineering,Yes,573,1,45.0,,0.0,,0.0
BR004028,TMS005163,AST002860,C00060,COA001088,2025-06-15,659,729,70,28.626066207885742,Low,Engineering,Yes,574,1,42.0,2025-06-15,3.0,Off-Peak,77.0
BR004028,TMS005163,AST002860,C00060,COA001088,2025-06-15,659,729,70,28.626066207885742,Low,Engineering,Yes,574,1,42.0,2025-06-15,4.0,Off-Peak,85.0
BR004071,TMS005221,AST000219,C00090,COA001308,2025-06-17,198,310,112,34.61258316040039,Low,Engineering,Yes,575,2,142.0,2025-06-17,10.0,Off-Peak,74.0
BR004083,TMS005235,AST002377,C00057,COA001206,2025-06-20,1112,1235,123,39.46617126464844,Low,Engineering,Yes,576,2,209.0,,0.0,,0.0
BR004109,TMS005274,AST003924,C00030,COA001200,2025-06-13,1106,1183,77,36.41861343383789,Low,Engineering,Yes,577,1,57.0,2025-06-13,1.0,Normal,83.0
BR004120,TMS005289,AST004959,C00088,COA000517,2025-06-28,1189,1315,126,28.715473175048828,Low,Engineering,Yes,578,0,0.0,2025-06-28,2.0,Normal,92.0
BR004120,TMS005289,AST004959,C00088,COA001155,2025-06-28,778,904,126,28.715473175048828,Low,Engineering,Yes,579,1,3.0,2025-06-28,2.0,Normal,92.0
BR004137,TMS005317,AST003109,C00014,COA000734,2025-06-08,348,393,45,29.603076934814453,Low,Engineering,Yes,580,0,0.0,,0.0,,0.0
BR004142,TMS005322,AST003294,C00033,COA000356,2025-06-19,230,343,113,31.45516586303711,Low,Engineering,Yes,581,2,135.0,2025-06-19,4.0,Peak,86.0
BR004145,TMS005327,AST002704,C00049,COA000430,2025-06-14,808,880,72,29.761960983276367,Low,Engineering,No,582,1,21.0,2025-06-14,7.0,Normal,89.0
BR004145,TMS005327,AST002704,C00049,COA000430,2025-06-14,808,880,72,29.761960983276367,Low,Engineering,No,582,1,21.0,2025-06-14,7.0,Off-Peak,71.0
BR004156,TMS005340,AST000554,C00048,COA000806,2025-06-12,990,1110,120,44.238014221191406,Medium,Engineering,No,583,2,235.0,,0.0,,0.0
BR004178,TMS005366,AST004534,C00086,COA000021,2025-06-17,878,918,40,56.265625,Medium,Engineering,Yes,584,3,120.0,2025-06-17,6.0,Normal,92.0
BR004178,TMS005366,AST004534,C00086,COA000527,2025-06-17,291,331,40,56.265625,Medium,Engineering,Yes,585,1,35.0,2025-06-17,6.0,Normal,92.0
BR004181,TMS005369,AST001575,C00038,COA000861,2025-06-19,654,773,119,26.94045639038086,Low,Engineering,Yes,586,1,112.0,2025-06-19,6.0,Peak,86.0
BR004181,TMS005369,AST001575,C00038,COA000861,2025-06-19,654,773,119,26.94045639038086,Low,Engineering,Yes,586,1,112.0,2025-06-19,7.0,Peak,92.0
BR004186,TMS005374,AST000792,C00097,COA001130,2025-06-22,1115,1273,158,23.925668716430664,Low,Engineering,Yes,587,1,3.0,2025-06-22,4.0,Normal,73.0
BR004190,TMS005380,AST003951,C00082,COA000179,2025-06-27,659,752,93,40.01371383666992,Medium,Engineering,Yes,588,1,93.0,2025-06-27,6.0,Normal,74.0
BR004190,TMS005380,AST003951,C00082,COA000179,2025-06-27,659,752,93,40.01371383666992,Medium,Engineering,Yes,588,1,93.0,2025-06-27,4.0,Normal,84.0
BR004195,TMS005385,AST002485,C00081,COA001360,2025-06-17,211,339,128,26.446964263916016,Low,Engineering,Yes,589,1,19.0,,0.0,,0.0
BR004197,TMS005388,AST003615,C00040,COA000177,2025-06-28,571,663,92,29.234477996826172,Low,Engineering,Yes,590,1,10.0,,0.0,,0.0
BR004214,TMS005406,AST002039,C00086,COA000527,2025-06-17,291,391,100,32.452022552490234,Low,Engineering,Yes,591,2,116.0,2025-06-17,6.0,Normal,92.0
BR004222,TMS005414,AST000575,C00096,COA001032,2025-06-25,440,606,166,28.95178985595703,Low,Engineering,Yes,592,0,0.0,2025-06-25,4.0,Normal,75.0
BR004228,TMS005423,AST004823,C00060,COA000838,2025-06-12,330,427,97,51.830345153808594,Medium,Engineering,Yes,593,0,0.0,2025-06-12,6.0,Normal,70.0
BR004228,TMS005423,AST004823,C00060,COA000838,2025-06-12,330,427,97,51.830345153808594,Medium,Engineering,Yes,593,0,0.0,2025-06-12,5.0,Normal,71.0
BR004228,TMS005423,AST004823,C00060,COA001065,2025-06-12,28,125,97,51.830345153808594,Medium,Engineering,Yes,594,2,75.0,2025-06-12,6.0,Normal,70.0
BR004228,TMS005423,AST004823,C00060,COA001065,2025-06-12,28,125,97,51.830345153808594,Medium,Engineering,Yes,594,2,75.0,2025-06-12,5.0,Normal,71.0
BR004230,TMS005426,AST004789,C00097,COA000409,2025-06-25,705,798,93,33.519248962402344,Low,Engineering,Yes,595,0,0.0,2025-06-25,5.0,Normal,83.0
BR004234,TMS005432,AST004549,C00059,COA000780,2025-06-17,889,987,98,43.70830154418945,Medium,Engineering,Yes,596,2,196.0,,0.0,,0.0
BR004236,TMS005434,AST000607,C00066,COA000328,2025-06-16,227,276,49,28.93509864807129,Low,Engineering,No,597,0,0.0,,0.0,,0.0
BR004252,TMS005455,AST000644,C00007,COA001330,2025-06-29,1119,1193,74,31.145240783691406,Low,Engineering,No,598,1,74.0,,0.0,,0.0
BR004253,TMS005457,AST000311,C00053,COA000904,2025-06-13,1114,1267,153,70.11677551269531,High,Engineering,Yes,599,0,0.0,,0.0,,0.0
BR004319,TMS005531,AST000150,C00057,COA000020,2025-06-18,240,333,93,55.36039733886719,Medium,Engineering,No,600,3,77.0,,0.0,,0.0
BR004321,TMS005533,AST004065,C00075,COA000426,2025-06-20,219,261,42,80.47708129882812,Critical,Engineering,Yes,601,3,117.0,2025-06-20,4.0,Peak,76.0
BR004328,TMS005540,AST004330,C00095,COA000287,2025-06-13,876,951,75,41.66294479370117,Medium,Engineering,Yes,602,1,61.0,2025-06-13,2.0,Off-Peak,76.0
BR004328,TMS005540,AST004330,C00095,COA001215,2025-06-13,140,215,75,41.66294479370117,Medium,Engineering,Yes,603,2,150.0,2025-06-13,2.0,Off-Peak,76.0
BR004336,TMS005551,AST001866,C00064,COA001375,2025-06-08,527,625,98,46.63993835449219,Medium,Engineering,Yes,604,1,21.0,2025-06-08,5.0,Peak,76.0
BR004336,TMS005551,AST001866,C00064,COA001375,2025-06-08,527,625,98,46.63993835449219,Medium,Engineering,Yes,604,1,21.0,2025-06-08,8.0,Normal,94.0
BR004336,TMS005551,AST001866,C00064,COA001375,2025-06-08,527,625,98,46.63993835449219,Medium,Engineering,Yes,604,1,21.0,2025-06-08,10.0,Peak,83.0
BR004340,TMS005556,AST002584,C00088,COA001139,2025-06-27,521,564,43,34.32890319824219,Low,Engineering,Yes,605,1,43.0,2025-06-27,5.0,Normal,88.0
BR004340,TMS005556,AST002584,C00088,COA001139,2025-06-27,521,564,43,34.32890319824219,Low,Engineering,Yes,605,1,43.0,2025-06-27,7.0,Normal,75.0
BR004340,TMS005556,AST002584,C00088,COA001139,2025-06-27,521,564,43,34.32890319824219,Low,Engineering,Yes,605,1,43.0,2025-06-27,4.0,Off-Peak,72.0
BR004342,TMS005558,AST002562,C00029,COA001212,2025-06-08,247,390,143,63.243919372558594,High,Engineering,Yes,606,3,181.0,,0.0,,0.0
BR004359,TMS005581,AST002763,C00081,COA000058,2025-06-13,691,751,60,40.09794235229492,Medium,Engineering,Yes,607,1,52.0,2025-06-13,3.0,Normal,76.0
BR004359,TMS005581,AST002763,C00081,COA000058,2025-06-13,691,751,60,40.09794235229492,Medium,Engineering,Yes,607,1,52.0,2025-06-13,4.0,Normal,88.0
BR004359,TMS005581,AST002763,C00081,COA001327,2025-06-13,1021,1081,60,40.09794235229492,Medium,Engineering,Yes,608,0,0.0,2025-06-13,3.0,Normal,76.0
BR004359,TMS005581,AST002763,C00081,COA001327,2025-06-13,1021,1081,60,40.09794235229492,Medium,Engineering,Yes,608,0,0.0,2025-06-13,4.0,Normal,88.0
BR004359,TMS005581,AST002763,C00081,COA001334,2025-06-13,605,665,60,40.09794235229492,Medium,Engineering,Yes,609,0,0.0,2025-06-13,3.0,Normal,76.0
BR004359,TMS005581,AST002763,C00081,COA001334,2025-06-13,605,665,60,40.09794235229492,Medium,Engineering,Yes,609,0,0.0,2025-06-13,4.0,Normal,88.0
BR004361,TMS005583,AST004708,C00026,COA001463,2025-06-04,586,692,106,51.62028121948242,Medium,Engineering,No,610,3,256.0,,0.0,,0.0
BR004373,TMS005599,AST000714,C00014,COA000734,2025-06-08,348,412,64,54.423580169677734,Medium,Engineering,Yes,611,0,0.0,,0.0,,0.0
BR004374,TMS005602,AST000378,C00014,COA001226,2025-06-06,288,365,77,50.50447463989258,Medium,Engineering,Yes,612,0,0.0,,0.0,,0.0
BR004376,TMS005605,AST003095,C00049,COA001028,2025-06-03,848,923,75,34.76579666137695,Low,Engineering,Yes,613,0,0.0,,0.0,,0.0
BR004380,TMS005609,AST003942,C00033,COA000529,2025-06-05,20,119,99,63.50034713745117,High,Engineering,Yes,614,0,0.0,2025-06-05,5.0,Normal,73.0
BR004380,TMS005609,AST003942,C00033,COA000529,2025-06-05,20,119,99,63.50034713745117,High,Engineering,Yes,614,0,0.0,2025-06-05,5.0,Off-Peak,92.0
BR004385,TMS005616,AST004809,C00041,COA000116,2025-06-22,139,193,54,57.94357681274414,Medium,Engineering,Yes,615,0,0.0,,0.0,,0.0
BR004385,TMS005616,AST004809,C00041,COA000308,2025-06-22,953,1007,54,57.94357681274414,Medium,Engineering,Yes,616,1,4.0,,0.0,,0.0
BR004397,TMS005629,AST002660,C00026,COA001463,2025-06-04,586,683,97,32.0460205078125,Low,Engineering,Yes,617,3,229.0,,0.0,,0.0
BR004403,TMS005637,AST000624,C00050,COA000799,2025-06-25,43,173,130,31.564367294311523,Low,Engineering,Yes,618,0,0.0,2025-06-25,3.0,Normal,73.0
BR004427,TMS005670,AST005124,C00097,COA001295,2025-06-27,411,497,86,42.26974868774414,Medium,Engineering,Yes,619,0,0.0,,0.0,,0.0
BR004432,TMS005677,AST004849,C00033,COA000849,2025-06-29,1178,1225,47,24.693052291870117,Low,Engineering,Yes,620,0,0.0,2025-06-29,2.0,Off-Peak,86.0
BR004458,TMS005714,AST001317,C00064,COA001375,2025-06-08,527,621,94,30.605653762817383,Low,Engineering,Yes,621,1,21.0,2025-06-08,5.0,Peak,76.0
BR004458,TMS005714,AST001317,C00064,COA001375,2025-06-08,527,621,94,30.605653762817383,Low,Engineering,Yes,621,1,21.0,2025-06-08,8.0,Normal,94.0
BR004458,TMS005714,AST001317,C00064,COA001375,2025-06-08,527,621,94,30.605653762817383,Low,Engineering,Yes,621,1,21.0,2025-06-08,10.0,Peak,83.0
BR004462,TMS005719,AST003891,C00047,COA001053,2025-06-20,1082,1153,71,38.07975769042969,Low,Engineering,Yes,622,0,0.0,2025-06-20,9.0,Normal,94.0
BR004466,TMS005724,AST000244,C00066,COA001114,2025-06-28,785,941,156,36.2177848815918,Low,Engineering,Yes,623,1,46.0,,0.0,,0.0
BR004473,TMS005734,AST005056,C00055,COA001272,2025-06-15,523,613,90,30.558792114257812,Low,Engineering,Yes,624,0,0.0,2025-06-15,2.0,Peak,71.0
BR004483,TMS005748,AST002967,C00081,COA001426,2025-06-02,953,1039,86,42.15011215209961,Medium,Engineering,Yes,625,1,45.0,,0.0,,0.0
BR004492,TMS005757,AST000733,C00062,COA000536,2025-06-30,895,951,56,47.25896072387695,Medium,Engineering,No,626,0,0.0,2025-06-30,3.0,Normal,91.0
BR004500,TMS005767,AST001593,C00085,COA001346,2025-06-14,869,1006,137,27.513242721557617,Low,Engineering,No,627,4,327.0,,0.0,,0.0
BR004507,TMS005775,AST002807,C00059,COA000073,2025-06-16,418,519,101,64.43504333496094,High,Engineering,No,628,2,170.0,2025-06-16,5.0,Normal,71.0
BR004509,TMS005778,AST001025,C00080,COA000165,2025-06-22,404,501,97,22.04288673400879,Low,Engineering,Yes,629,0,0.0,2025-06-22,8.0,Off-Peak,92.0
BR004509,TMS005778,AST001025,C00080,COA000336,2025-06-22,268,365,97,22.04288673400879,Low,Engineering,Yes,630,1,45.0,2025-06-22,8.0,Off-Peak,92.0
BR004514,TMS005784,AST003643,C00025,COA000465,2025-06-12,875,938,63,36.89158630371094,Low,Engineering,Yes,631,3,189.0,2025-06-12,4.0,Off-Peak,85.0
BR004514,TMS005784,AST003643,C00025,COA000574,2025-06-12,789,852,63,36.89158630371094,Low,Engineering,Yes,632,3,189.0,2025-06-12,4.0,Off-Peak,85.0
BR004518,TMS005790,AST003507,C00016,COA000577,2025-06-25,304,421,117,40.58940887451172,Medium,Engineering,Yes,633,0,0.0,2025-06-25,7.0,Peak,74.0
BR004518,TMS005790,AST003507,C00016,COA000577,2025-06-25,304,421,117,40.58940887451172,Medium,Engineering,Yes,633,0,0.0,2025-06-25,5.0,Off-Peak,82.0
BR004518,TMS005790,AST003507,C00016,COA000577,2025-06-25,304,421,117,40.58940887451172,Medium,Engineering,Yes,633,0,0.0,2025-06-25,7.0,Peak,77.0
BR004518,TMS005790,AST003507,C00016,COA000577,2025-06-25,304,421,117,40.58940887451172,Medium,Engineering,Yes,633,0,0.0,2025-06-25,5.0,Normal,94.0
BR004524,TMS005796,AST001901,C00086,COA000642,2025-06-11,529,573,44,37.70026779174805,Low,Engineering,Yes,634,1,44.0,2025-06-11,2.0,Normal,92.0
BR004524,TMS005796,AST001901,C00086,COA000642,2025-06-11,529,573,44,37.70026779174805,Low,Engineering,Yes,634,1,44.0,2025-06-11,6.0,Normal,90.0
BR004524,TMS005796,AST001901,C00086,COA000642,2025-06-11,529,573,44,37.70026779174805,Low,Engineering,Yes,634,1,44.0,2025-06-11,3.0,Normal,95.0
BR004524,TMS005796,AST001901,C00086,COA001265,2025-06-11,492,536,44,37.70026779174805,Low,Engineering,Yes,635,1,37.0,2025-06-11,2.0,Normal,92.0
BR004524,TMS005796,AST001901,C00086,COA001265,2025-06-11,492,536,44,37.70026779174805,Low,Engineering,Yes,635,1,37.0,2025-06-11,6.0,Normal,90.0
BR004524,TMS005796,AST001901,C00086,COA001265,2025-06-11,492,536,44,37.70026779174805,Low,Engineering,Yes,635,1,37.0,2025-06-11,3.0,Normal,95.0
BR004542,TMS005819,AST003843,C00033,COA000849,2025-06-29,1178,1215,37,26.26904296875,Low,Engineering,Yes,636,0,0.0,2025-06-29,2.0,Off-Peak,86.0
BR004547,TMS005824,AST003760,C00053,COA000117,2025-06-27,345,489,144,79.30909729003906,High,Engineering,Yes,637,2,150.0,2025-06-27,7.0,Normal,74.0
BR004549,TMS005827,AST001507,C00023,COA000068,2025-06-01,419,555,136,50.8027229309082,Medium,Engineering,Yes,638,2,172.0,2025-06-01,6.0,Normal,86.0
BR004558,TMS005841,AST001168,C00092,COA001012,2025-06-03,164,288,124,26.30303955078125,Low,Engineering,No,639,0,0.0,2025-06-03,8.0,Normal,95.0
BR004558,TMS005841,AST001168,C00092,COA001012,2025-06-03,164,288,124,26.30303955078125,Low,Engineering,No,639,0,0.0,2025-06-03,5.0,Peak,78.0
BR004568,TMS005855,AST002925,C00027,COA000417,2025-06-07,725,761,36,59.65992736816406,Medium,Engineering,Yes,640,0,0.0,,0.0,,0.0
BR004581,TMS005872,AST000267,C00077,COA000476,2025-06-14,518,549,31,58.520450592041016,Medium,Engineering,Yes,641,1,31.0,,0.0,,0.0
BR004584,TMS005875,AST002064,C00046,COA001432,2025-06-12,1004,1149,145,45.970069885253906,Medium,Engineering,Yes,642,0,0.0,,0.0,,0.0
BR004599,TMS005899,AST000087,C00097,COA001064,2025-06-05,862,1011,149,27.136011123657227,Low,Engineering,Yes,643,0,0.0,,0.0,,0.0
BR004621,TMS005927,AST003595,C00039,COA000142,2025-06-13,1125,1169,44,60.78537368774414,High,Engineering,Yes,644,0,0.0,,0.0,,0.0
BR004621,TMS005927,AST003595,C00039,COA000712,2025-06-13,247,291,44,60.78537368774414,High,Engineering,Yes,645,0,0.0,,0.0,,0.0
BR004626,TMS005936,AST003941,C00001,COA001177,2025-06-05,664,738,74,24.86977767944336,Low,Engineering,Yes,646,0,0.0,2025-06-05,5.0,Normal,89.0
BR004638,TMS005950,AST002258,C00082,COA001305,2025-06-03,320,414,94,62.47065734863281,High,Engineering,Yes,647,2,176.0,2025-06-03,2.0,Off-Peak,87.0
BR004648,TMS005962,AST005252,C00089,COA000908,2025-06-01,468,576,108,60.865718841552734,High,Engineering,Yes,648,4,322.0,,0.0,,0.0
BR004649,TMS005963,AST004326,C00062,COA000110,2025-06-05,163,281,118,25.876354217529297,Low,Engineering,Yes,649,0,0.0,2025-06-05,2.0,Normal,92.0
BR004654,TMS005969,AST002208,C00032,COA000173,2025-06-23,487,534,47,30.236675262451172,Low,Engineering,Yes,650,0,0.0,,0.0,,0.0
BR004667,TMS005986,AST004110,C00017,COA001484,2025-06-26,753,796,43,48.45138931274414,Medium,Engineering,Yes,651,0,0.0,,0.0,,0.0
BR004676,TMS005998,AST004695,C00074,COA000479,2025-06-25,72,158,86,32.03089904785156,Low,Engineering,Yes,652,0,0.0,,0.0,,0.0
BR004681,SMMS000003,AST007290,C00014,COA000734,2025-06-08,348,484,136,49.24645233154297,Medium,Signal & Telecom,Yes,653,0,0.0,,0.0,,0.0
BR004683,SMMS000005,AST005948,C00095,COA000422,2025-06-24,46,154,108,42.35475158691406,Medium,Signal & Telecom,No,654,0,0.0,,0.0,,0.0
BR004686,SMMS000010,AST005439,C00009,COA001400,2025-06-18,964,1018,54,21.337085723876953,Low,Signal & Telecom,No,655,0,0.0,2025-06-18,6.0,Normal,85.0
BR004686,SMMS000010,AST005439,C00009,COA001400,2025-06-18,964,1018,54,21.337085723876953,Low,Signal & Telecom,No,655,0,0.0,2025-06-18,7.0,Normal,79.0
BR004693,SMMS000019,AST007449,C00088,COA000517,2025-06-28,1189,1306,117,59.67974090576172,Medium,Signal & Telecom,No,656,0,0.0,2025-06-28,2.0,Normal,92.0
BR004693,SMMS000019,AST007449,C00088,COA001155,2025-06-28,778,895,117,59.67974090576172,Medium,Signal & Telecom,No,657,0,0.0,2025-06-28,2.0,Normal,92.0
BR004695,SMMS000021,AST006793,C00064,COA000759,2025-06-29,775,872,97,31.838863372802734,Low,Signal & Telecom,No,658,0,0.0,,0.0,,0.0
BR004705,SMMS000036,AST006445,C00041,COA000296,2025-06-21,534,636,102,39.28868865966797,Low,Signal & Telecom,Yes,659,1,66.0,2025-06-21,7.0,Peak,88.0
BR004706,SMMS000037,AST008089,C00014,COA000899,2025-06-18,269,400,131,27.448467254638672,Low,Signal & Telecom,No,660,1,68.0,2025-06-18,6.0,Off-Peak,81.0
BR004706,SMMS000037,AST008089,C00014,COA000899,2025-06-18,269,400,131,27.448467254638672,Low,Signal & Telecom,No,660,1,68.0,2025-06-18,2.0,Peak,92.0
BR004709,SMMS000041,AST006087,C00027,COA000001,2025-06-28,1107,1160,53,58.257930755615234,Medium,Signal & Telecom,No,661,0,0.0,2025-06-28,6.0,Peak,89.0
BR004709,SMMS000041,AST006087,C00027,COA000001,2025-06-28,1107,1160,53,58.257930755615234,Medium,Signal & Telecom,No,661,0,0.0,2025-06-28,2.0,Normal,83.0
BR004714,SMMS000046,AST005323,C00030,COA001464,2025-06-28,882,1019,137,50.6385383605957,Medium,Signal & Telecom,Yes,662,1,86.0,2025-06-28,5.0,Peak,82.0
BR004722,SMMS000059,AST005728,C00097,COA000691,2025-06-18,1155,1233,78,63.03180694580078,High,Signal & Telecom,No,663,2,65.0,2025-06-18,8.0,Off-Peak,84.0
BR004726,SMMS000063,AST005987,C00094,COA000652,2025-06-10,261,348,87,62.094093322753906,High,Signal & Telecom,Yes,664,0,0.0,2025-06-10,3.0,Off-Peak,86.0
BR004726,SMMS000063,AST005987,C00094,COA000652,2025-06-10,261,348,87,62.094093322753906,High,Signal & Telecom,Yes,664,0,0.0,2025-06-10,4.0,Off-Peak,76.0
BR004726,SMMS000063,AST005987,C00094,COA000652,2025-06-10,261,348,87,62.094093322753906,High,Signal & Telecom,Yes,664,0,0.0,2025-06-10,2.0,Peak,95.0
BR004726,SMMS000063,AST005987,C00094,COA001390,2025-06-10,1057,1144,87,62.094093322753906,High,Signal & Telecom,Yes,665,0,0.0,2025-06-10,3.0,Off-Peak,86.0
BR004726,SMMS000063,AST005987,C00094,COA001390,2025-06-10,1057,1144,87,62.094093322753906,High,Signal & Telecom,Yes,665,0,0.0,2025-06-10,4.0,Off-Peak,76.0
BR004726,SMMS000063,AST005987,C00094,COA001390,2025-06-10,1057,1144,87,62.094093322753906,High,Signal & Telecom,Yes,665,0,0.0,2025-06-10,2.0,Peak,95.0
BR004730,SMMS000067,AST006065,C00003,COA000119,2025-06-02,997,1134,137,54.33694076538086,Medium,Signal & Telecom,Yes,666,1,24.0,2025-06-02,6.0,Normal,92.0
BR004730,SMMS000067,AST006065,C00003,COA000119,2025-06-02,997,1134,137,54.33694076538086,Medium,Signal & Telecom,Yes,666,1,24.0,2025-06-02,3.0,Normal,83.0
BR004742,SMMS000088,AST007053,C00066,COA001146,2025-06-14,361,498,137,35.9764289855957,Low,Signal & Telecom,Yes,667,0,0.0,2025-06-14,7.0,Normal,82.0
BR004745,SMMS000094,AST007835,C00059,COA001458,2025-06-28,1138,1233,95,38.468955993652344,Low,Signal & Telecom,Yes,668,0,0.0,2025-06-28,9.0,Normal,80.0
BR004746,SMMS000095,AST007329,C00016,COA001302,2025-06-14,310,380,70,31.492013931274414,Low,Signal & Telecom,Yes,669,0,0.0,2025-06-14,5.0,Normal,85.0
BR004746,SMMS000095,AST007329,C00016,COA001302,2025-06-14,310,380,70,31.492013931274414,Low,Signal & Telecom,Yes,669,0,0.0,2025-06-14,6.0,Peak,90.0
BR004747,SMMS000096,AST007262,C00058,COA001279,2025-06-15,1073,1182,109,45.552852630615234,Medium,Signal & Telecom,Yes,670,0,0.0,2025-06-15,3.0,Peak,81.0
BR004748,SMMS000097,AST006532,C00081,COA001360,2025-06-17,211,367,156,35.40105438232422,Low,Signal & Telecom,Yes,671,1,47.0,,0.0,,0.0
BR004757,SMMS000108,AST005476,C00039,COA000094,2025-06-12,42,93,51,34.1209831237793,Low,Signal & Telecom,No,672,0,0.0,,0.0,,0.0
BR004765,SMMS000120,AST005837,C00013,COA000645,2025-06-28,1143,1230,87,20.69415283203125,Low,Signal & Telecom,Yes,673,0,0.0,2025-06-28,4.0,Off-Peak,83.0
BR004771,SMMS000127,AST006521,C00097,COA001130,2025-06-22,1115,1243,128,63.97490692138672,High,Signal & Telecom,Yes,674,0,0.0,2025-06-22,4.0,Normal,73.0
BR004775,SMMS000133,AST007681,C00078,COA001127,2025-06-20,771,854,83,50.43288803100586,Medium,Signal & Telecom,No,675,2,76.0,2025-06-20,5.0,Off-Peak,94.0
BR004777,SMMS000137,AST005330,C00014,COA000734,2025-06-08,348,456,108,29.157888412475586,Low,Signal & Telecom,No,676,0,0.0,,0.0,,0.0
BR004779,SMMS000139,AST007353,C00088,COA001155,2025-06-28,778,911,133,40.267417907714844,Medium,Signal & Telecom,No,677,1,10.0,2025-06-28,2.0,Normal,92.0
BR004785,SMMS000146,AST008406,C00091,COA000294,2025-06-16,5,128,123,44.94695281982422,Medium,Signal & Telecom,Yes,678,0,0.0,,0.0,,0.0
BR004802,SMMS000175,AST007719,C00091,COA000294,2025-06-16,5,111,106,52.25278854370117,Medium,Signal & Telecom,Yes,679,0,0.0,,0.0,,0.0
BR004820,SMMS000197,AST006047,C00085,COA000643,2025-06-24,1121,1183,62,23.15127944946289,Low,Signal & Telecom,Yes,680,1,62.0,2025-06-24,8.0,Peak,72.0
BR004820,SMMS000197,AST006047,C00085,COA000643,2025-06-24,1121,1183,62,23.15127944946289,Low,Signal & Telecom,Yes,680,1,62.0,2025-06-24,6.0,Peak,94.0
BR004820,SMMS000197,AST006047,C00085,COA000847,2025-06-24,1198,1260,62,23.15127944946289,Low,Signal & Telecom,Yes,681,1,62.0,2025-06-24,8.0,Peak,72.0
BR004820,SMMS000197,AST006047,C00085,COA000847,2025-06-24,1198,1260,62,23.15127944946289,Low,Signal & Telecom,Yes,681,1,62.0,2025-06-24,6.0,Peak,94.0
BR004824,SMMS000204,AST006460,C00091,COA000666,2025-06-26,623,726,103,76.96382141113281,High,Signal & Telecom,No,682,1,50.0,2025-06-26,4.0,Off-Peak,89.0
BR004828,SMMS000209,AST007313,C00023,COA000136,2025-06-02,604,647,43,27.9116153717041,Low,Signal & Telecom,No,683,1,8.0,,0.0,,0.0
BR004848,SMMS000232,AST008152,C00037,COA001000,2025-06-15,442,534,92,35.56666564941406,Low,Signal & Telecom,No,684,0,0.0,,0.0,,0.0
BR004857,SMMS000242,AST006352,C00053,COA000117,2025-06-27,345,412,67,53.654876708984375,Medium,Signal & Telecom,No,685,1,67.0,2025-06-27,7.0,Normal,74.0
BR004863,SMMS000251,AST007881,C00002,COA000898,2025-06-26,196,292,96,50.94520950317383,Medium,Signal & Telecom,Yes,686,1,33.0,,0.0,,0.0
BR004864,SMMS000253,AST006938,C00091,COA001154,2025-06-20,965,1061,96,37.6666259765625,Low,Signal & Telecom,Yes,687,2,192.0,2025-06-20,1.0,Normal,85.0
BR004864,SMMS000253,AST006938,C00091,COA001154,2025-06-20,965,1061,96,37.6666259765625,Low,Signal & Telecom,Yes,687,2,192.0,2025-06-20,5.0,Peak,81.0
BR004865,SMMS000255,AST007001,C00002,COA001073,2025-06-14,412,516,104,35.092552185058594,Low,Signal & Telecom,No,688,0,0.0,2025-06-14,5.0,Normal,84.0
BR004865,SMMS000255,AST007001,C00002,COA001073,2025-06-14,412,516,104,35.092552185058594,Low,Signal & Telecom,No,688,0,0.0,2025-06-14,7.0,Off-Peak,81.0
BR004865,SMMS000255,AST007001,C00002,COA001073,2025-06-14,412,516,104,35.092552185058594,Low,Signal & Telecom,No,688,0,0.0,2025-06-14,6.0,Normal,90.0
BR004866,SMMS000256,AST006829,C00053,COA000200,2025-06-18,882,1020,138,72.57376861572266,High,Signal & Telecom,Yes,689,0,0.0,,0.0,,0.0
BR004867,SMMS000257,AST006963,C00092,COA001012,2025-06-03,164,244,80,37.95280456542969,Low,Signal & Telecom,No,690,0,0.0,2025-06-03,8.0,Normal,95.0
BR004867,SMMS000257,AST006963,C00092,COA001012,2025-06-03,164,244,80,37.95280456542969,Low,Signal & Telecom,No,690,0,0.0,2025-06-03,5.0,Peak,78.0
BR004870,SMMS000260,AST005647,C00047,COA001053,2025-06-20,1082,1177,95,40.14088439941406,Medium,Signal & Telecom,Yes,691,0,0.0,2025-06-20,9.0,Normal,94.0
BR004872,SMMS000263,AST005649,C00077,COA000344,2025-06-07,265,362,97,60.493751525878906,High,Signal & Telecom,Yes,692,1,3.0,2025-06-07,6.0,Off-Peak,85.0
BR004872,SMMS000263,AST005649,C00077,COA000344,2025-06-07,265,362,97,60.493751525878906,High,Signal & Telecom,Yes,692,1,3.0,2025-06-07,8.0,Off-Peak,70.0
BR004872,SMMS000263,AST005649,C00077,COA000344,2025-06-07,265,362,97,60.493751525878906,High,Signal & Telecom,Yes,692,1,3.0,2025-06-07,7.0,Normal,92.0
BR004873,SMMS000265,AST007469,C00090,COA000995,2025-06-23,689,725,36,55.85950469970703,Medium,Signal & Telecom,No,693,0,0.0,2025-06-23,5.0,Normal,83.0
BR004873,SMMS000265,AST007469,C00090,COA000995,2025-06-23,689,725,36,55.85950469970703,Medium,Signal & Telecom,No,693,0,0.0,2025-06-23,4.0,Normal,72.0
BR004873,SMMS000265,AST007469,C00090,COA000995,2025-06-23,689,725,36,55.85950469970703,Medium,Signal & Telecom,No,693,0,0.0,2025-06-23,10.0,Normal,92.0
BR004873,SMMS000265,AST007469,C00090,COA001116,2025-06-23,585,621,36,55.85950469970703,Medium,Signal & Telecom,No,694,0,0.0,2025-06-23,5.0,Normal,83.0
BR004873,SMMS000265,AST007469,C00090,COA001116,2025-06-23,585,621,36,55.85950469970703,Medium,Signal & Telecom,No,694,0,0.0,2025-06-23,4.0,Normal,72.0
BR004873,SMMS000265,AST007469,C00090,COA001116,2025-06-23,585,621,36,55.85950469970703,Medium,Signal & Telecom,No,694,0,0.0,2025-06-23,10.0,Normal,92.0
BR004905,SMMS000304,AST006119,C00076,COA001039,2025-06-10,13,58,45,39.20704650878906,Low,Signal & Telecom,No,695,0,0.0,,0.0,,0.0
BR004920,SMMS000325,AST005441,C00077,COA001469,2025-06-12,1187,1290,103,65.04336547851562,High,Signal & Telecom,No,696,1,66.0,2025-06-12,5.0,Peak,85.0
BR004930,SMMS000337,AST007134,C00030,COA000600,2025-06-25,327,479,152,34.83108901977539,Low,Signal & Telecom,Yes,697,1,27.0,,0.0,,0.0
BR004936,SMMS000343,AST008000,C00051,COA000332,2025-06-10,947,1034,87,36.18301773071289,Low,Signal & Telecom,Yes,698,0,0.0,,0.0,,0.0
BR004942,SMMS000354,AST007287,C00032,COA001476,2025-06-11,493,585,92,28.716413497924805,Low,Signal & Telecom,Yes,699,1,3.0,2025-06-11,7.0,Peak,83.0
BR004943,SMMS000355,AST005286,C00011,COA000690,2025-06-10,932,1054,122,25.6705265045166,Low,Signal & Telecom,No,700,5,310.0,2025-06-10,8.0,Normal,90.0
BR004943,SMMS000355,AST005286,C00011,COA000690,2025-06-10,932,1054,122,25.6705265045166,Low,Signal & Telecom,No,700,5,310.0,2025-06-10,4.0,Normal,83.0
BR004943,SMMS000355,AST005286,C00011,COA000690,2025-06-10,932,1054,122,25.6705265045166,Low,Signal & Telecom,No,700,5,310.0,2025-06-10,4.0,Normal,79.0
BR004943,SMMS000355,AST005286,C00011,COA000690,2025-06-10,932,1054,122,25.6705265045166,Low,Signal & Telecom,No,700,5,310.0,2025-06-10,5.0,Normal,92.0
BR004961,SMMS000380,AST005519,C00033,COA000356,2025-06-19,230,269,39,53.503299713134766,Medium,Signal & Telecom,No,701,2,66.0,2025-06-19,4.0,Peak,86.0
BR004964,SMMS000385,AST006191,C00098,COA001221,2025-06-20,540,611,71,34.1878547668457,Low,Signal & Telecom,Yes,702,0,0.0,,0.0,,0.0
BR004967,SMMS000388,AST008260,C00057,COA000016,2025-06-12,1180,1220,40,84.4769058227539,Critical,Signal & Telecom,No,703,0,0.0,,0.0,,0.0
BR004967,SMMS000388,AST008260,C00057,COA001246,2025-06-12,1192,1232,40,84.4769058227539,Critical,Signal & Telecom,No,704,0,0.0,,0.0,,0.0
BR004968,SMMS000389,AST007309,C00029,COA000325,2025-06-28,1035,1110,75,76.82542419433594,High,Signal & Telecom,Yes,705,0,0.0,,0.0,,0.0
BR004973,SMMS000396,AST007096,C00085,COA000063,2025-06-07,364,441,77,46.9303092956543,Medium,Signal & Telecom,Yes,706,4,177.0,2025-06-07,4.0,Peak,91.0
BR004973,SMMS000396,AST007096,C00085,COA000063,2025-06-07,364,441,77,46.9303092956543,Medium,Signal & Telecom,Yes,706,4,177.0,2025-06-07,4.0,Normal,90.0
BR004973,SMMS000396,AST007096,C00085,COA000063,2025-06-07,364,441,77,46.9303092956543,Medium,Signal & Telecom,Yes,706,4,177.0,2025-06-07,3.0,Normal,91.0
BR004977,SMMS000401,AST005659,C00098,COA001044,2025-06-28,938,1100,162,42.93077087402344,Medium,Signal & Telecom,No,707,1,36.0,,0.0,,0.0
BR004980,SMMS000404,AST005861,C00092,COA000617,2025-06-19,684,822,138,65.91727447509766,High,Signal & Telecom,No,708,1,65.0,2025-06-19,0.0,Normal,78.0
BR004980,SMMS000404,AST005861,C00092,COA000617,2025-06-19,684,822,138,65.91727447509766,High,Signal & Telecom,No,708,1,65.0,2025-06-19,5.0,Normal,80.0
BR004984,SMMS000411,AST006891,C00025,COA000551,2025-06-28,1126,1237,111,63.234676361083984,High,Signal & Telecom,No,709,3,169.0,2025-06-28,5.0,Off-Peak,82.0
BR004986,SMMS000413,AST007596,C00050,COA001319,2025-06-02,1087,1160,73,46.973453521728516,Medium,Signal & Telecom,Yes,710,1,73.0,2025-06-02,3.0,Peak,91.0
BR004986,SMMS000413,AST007596,C00050,COA001319,2025-06-02,1087,1160,73,46.973453521728516,Medium,Signal & Telecom,Yes,710,1,73.0,2025-06-02,3.0,Off-Peak,78.0
BR005013,SMMS000451,AST005525,C00093,COA000975,2025-06-28,705,755,50,39.29103088378906,Low,Signal & Telecom,No,711,0,0.0,,0.0,,0.0
BR005025,SMMS000467,AST007861,C00093,COA000429,2025-06-17,22,119,97,38.328102111816406,Low,Signal & Telecom,No,712,0,0.0,,0.0,,0.0
BR005028,SMMS000471,AST008560,C00053,COA001315,2025-06-19,718,844,126,39.11195373535156,Low,Signal & Telecom,No,713,2,79.0,2025-06-19,6.0,Normal,83.0
BR005029,SMMS000472,AST007729,C00095,COA000180,2025-06-29,299,435,136,27.04163360595703,Low,Signal & Telecom,Yes,714,1,88.0,,0.0,,0.0
BR005032,SMMS000475,AST007044,C00022,COA001092,2025-06-24,6,129,123,36.614620208740234,Low,Signal & Telecom,No,715,0,0.0,,0.0,,0.0
BR005035,SMMS000479,AST008342,C00013,COA000213,2025-06-09,458,514,56,33.47964859008789,Low,Signal & Telecom,Yes,716,0,0.0,,0.0,,0.0
BR005041,SMMS000489,AST006052,C00005,COA000311,2025-06-30,156,301,145,71.67794799804688,High,Signal & Telecom,No,717,1,31.0,,0.0,,0.0
BR005045,SMMS000494,AST006365,C00097,COA001295,2025-06-27,411,510,99,47.42481994628906,Medium,Signal & Telecom,Yes,718,0,0.0,,0.0,,0.0
BR005055,SMMS000506,AST005685,C00077,COA000476,2025-06-14,518,609,91,26.548030853271484,Low,Signal & Telecom,Yes,719,1,42.0,,0.0,,0.0
BR005057,SMMS000508,AST005821,C00056,COA000270,2025-06-14,778,861,83,33.24715042114258,Low,Signal & Telecom,No,720,0,0.0,2025-06-14,5.0,Off-Peak,91.0
BR005057,SMMS000508,AST005821,C00056,COA000270,2025-06-14,778,861,83,33.24715042114258,Low,Signal & Telecom,No,720,0,0.0,2025-06-14,5.0,Normal,92.0
BR005067,SMMS000521,AST007106,C00020,COA000636,2025-06-06,14,111,97,68.6058349609375,High,Signal & Telecom,No,721,0,0.0,2025-06-06,6.0,Off-Peak,72.0
BR005076,SMMS000533,AST008586,C00096,COA000997,2025-06-30,347,428,81,50.03873062133789,Medium,Signal & Telecom,No,722,2,152.0,2025-06-30,6.0,Peak,70.0
BR005076,SMMS000533,AST008586,C00096,COA000997,2025-06-30,347,428,81,50.03873062133789,Medium,Signal & Telecom,No,722,2,152.0,2025-06-30,7.0,Normal,92.0
BR005085,SMMS000546,AST006858,C00068,COA000013,2025-06-24,315,369,54,35.785240173339844,Low,Signal & Telecom,Yes,723,1,29.0,,0.0,,0.0
BR005101,SMMS000567,AST006574,C00081,COA000532,2025-06-06,534,595,61,50.8848991394043,Medium,Signal & Telecom,Yes,724,0,0.0,2025-06-06,5.0,Peak,84.0
BR005104,SMMS000570,AST006641,C00078,COA001149,2025-06-23,279,331,52,58.94286346435547,Medium,Signal & Telecom,No,725,0,0.0,,0.0,,0.0
BR005105,SMMS000571,AST008404,C00034,COA000096,2025-06-07,892,971,79,23.969980239868164,Low,Signal & Telecom,Yes,726,0,0.0,2025-06-07,1.0,Peak,88.0
BR005105,SMMS000571,AST008404,C00034,COA000096,2025-06-07,892,971,79,23.969980239868164,Low,Signal & Telecom,Yes,726,0,0.0,2025-06-07,4.0,Peak,78.0
BR005105,SMMS000571,AST008404,C00034,COA001412,2025-06-07,448,527,79,23.969980239868164,Low,Signal & Telecom,Yes,727,1,43.0,2025-06-07,1.0,Peak,88.0
BR005105,SMMS000571,AST008404,C00034,COA001412,2025-06-07,448,527,79,23.969980239868164,Low,Signal & Telecom,Yes,727,1,43.0,2025-06-07,4.0,Peak,78.0
BR005117,SMMS000584,AST007339,C00098,COA001044,2025-06-28,938,1099,161,34.46428680419922,Low,Signal & Telecom,Yes,728,1,36.0,,0.0,,0.0
BR005123,SMMS000591,AST007901,C00098,COA000427,2025-06-07,674,751,77,63.532981872558594,High,Signal & Telecom,No,729,0,0.0,2025-06-07,5.0,Peak,89.0
BR005123,SMMS000591,AST007901,C00098,COA000885,2025-06-07,843,920,77,63.532981872558594,High,Signal & Telecom,No,730,0,0.0,2025-06-07,5.0,Peak,89.0
BR005126,SMMS000595,AST006163,C00052,COA000958,2025-06-02,218,311,93,34.05045700073242,Low,Signal & Telecom,No,731,2,49.0,2025-06-02,5.0,Normal,95.0
BR005130,SMMS000601,AST006648,C00066,COA001146,2025-06-14,361,502,141,32.39280319213867,Low,Signal & Telecom,Yes,732,0,0.0,2025-06-14,7.0,Normal,82.0
BR005145,SMMS000620,AST008567,C00026,COA000241,2025-06-07,992,1100,108,29.013450622558594,Low,Signal & Telecom,Yes,733,3,238.0,,0.0,,0.0
BR005146,SMMS000621,AST008260,C00057,COA000016,2025-06-12,1180,1214,34,28.549062728881836,Low,Signal & Telecom,No,734,0,0.0,,0.0,,0.0
BR005146,SMMS000621,AST008260,C00057,COA001246,2025-06-12,1192,1226,34,28.549062728881836,Low,Signal & Telecom,No,735,0,0.0,,0.0,,0.0
BR005157,SMMS000638,AST005487,C00053,COA000786,2025-06-24,148,209,61,30.894367218017578,Low,Signal & Telecom,No,736,0,0.0,,0.0,,0.0
BR005158,SMMS000639,AST005969,C00056,COA000069,2025-06-09,559,682,123,31.6851863861084,Low,Signal & Telecom,Yes,737,1,45.0,,0.0,,0.0
BR005162,SMMS000643,AST006026,C00058,COA000043,2025-06-30,1065,1160,95,32.15495300292969,Low,Signal & Telecom,No,738,0,0.0,,0.0,,0.0
BR005166,SMMS000652,AST007856,C00042,COA000437,2025-06-07,795,844,49,59.613616943359375,Medium,Signal & Telecom,Yes,739,1,49.0,2025-06-07,5.0,Peak,73.0
BR005170,SMMS000658,AST005708,C00003,COA000955,2025-06-29,482,577,95,64.07014465332031,High,Signal & Telecom,Yes,740,0,0.0,,0.0,,0.0
BR005173,SMMS000661,AST006531,C00023,COA000353,2025-06-06,84,153,69,31.14310646057129,Low,Signal & Telecom,Yes,741,0,0.0,,0.0,,0.0
BR005181,SMMS000672,AST005876,C00053,COA000117,2025-06-27,345,456,111,40.31065368652344,Medium,Signal & Telecom,Yes,742,1,111.0,2025-06-27,7.0,Normal,74.0
BR005182,SMMS000673,AST006229,C00098,COA001044,2025-06-28,938,1045,107,66.3445053100586,High,Signal & Telecom,Yes,743,1,7.0,,0.0,,0.0
BR005183,SMMS000674,AST007925,C00065,COA000478,2025-06-24,887,976,89,60.01978302001953,High,Signal & Telecom,No,744,0,0.0,2025-06-24,1.0,Off-Peak,72.0
BR005183,SMMS000674,AST007925,C00065,COA000478,2025-06-24,887,976,89,60.01978302001953,High,Signal & Telecom,No,744,0,0.0,2025-06-24,4.0,Normal,88.0
BR005183,SMMS000674,AST007925,C00065,COA000478,2025-06-24,887,976,89,60.01978302001953,High,Signal & Telecom,No,744,0,0.0,2025-06-24,7.0,Normal,77.0
BR005195,SMMS000690,AST007490,C00097,COA000409,2025-06-25,705,811,106,57.23863220214844,Medium,Signal & Telecom,Yes,745,0,0.0,2025-06-25,5.0,Normal,83.0
BR005207,SMMS000702,AST008239,C00004,COA000764,2025-06-19,492,637,145,42.92762756347656,Medium,Signal & Telecom,Yes,746,0,0.0,,0.0,,0.0
BR005214,SMMS000710,AST007794,C00033,COA001459,2025-06-06,856,965,109,43.806827545166016,Medium,Signal & Telecom,No,747,1,93.0,2025-06-06,4.0,Normal,85.0
BR005224,SMMS000722,AST006324,C00017,COA000618,2025-06-28,332,494,162,72.1465835571289,High,Signal & Telecom,Yes,748,0,0.0,2025-06-28,4.0,Peak,74.0
BR005224,SMMS000722,AST006324,C00017,COA000618,2025-06-28,332,494,162,72.1465835571289,High,Signal & Telecom,Yes,748,0,0.0,2025-06-28,6.0,Normal,74.0
BR005227,SMMS000725,AST006734,C00077,COA000344,2025-06-07,265,361,96,32.734466552734375,Low,Signal & Telecom,No,749,1,2.0,2025-06-07,6.0,Off-Peak,85.0
BR005227,SMMS000725,AST006734,C00077,COA000344,2025-06-07,265,361,96,32.734466552734375,Low,Signal & Telecom,No,749,1,2.0,2025-06-07,8.0,Off-Peak,70.0
BR005227,SMMS000725,AST006734,C00077,COA000344,2025-06-07,265,361,96,32.734466552734375,Low,Signal & Telecom,No,749,1,2.0,2025-06-07,7.0,Normal,92.0
BR005236,SMMS000738,AST006982,C00035,COA000866,2025-06-07,165,254,89,34.194984436035156,Low,Signal & Telecom,Yes,750,0,0.0,2025-06-07,2.0,Peak,82.0
BR005236,SMMS000738,AST006982,C00035,COA000866,2025-06-07,165,254,89,34.194984436035156,Low,Signal & Telecom,Yes,750,0,0.0,2025-06-07,7.0,Off-Peak,84.0
BR005240,SMMS000743,AST008393,C00010,COA000665,2025-06-11,343,413,70,38.39919662475586,Low,Signal & Telecom,Yes,751,1,22.0,,0.0,,0.0
BR005242,SMMS000746,AST005708,C00003,COA000196,2025-06-13,678,764,86,36.151458740234375,Low,Signal & Telecom,Yes,752,0,0.0,,0.0,,0.0
BR005251,SMMS000758,AST006549,C00015,COA000913,2025-06-02,1161,1264,103,41.68519973754883,Medium,Signal & Telecom,No,753,0,0.0,2025-06-02,4.0,Normal,84.0
BR005251,SMMS000758,AST006549,C00015,COA000913,2025-06-02,1161,1264,103,41.68519973754883,Medium,Signal & Telecom,No,753,0,0.0,2025-06-02,3.0,Peak,89.0
BR005256,SMMS000764,AST008453,C00014,COA000289,2025-06-11,375,513,138,39.07455062866211,Low,Signal & Telecom,Yes,754,1,134.0,2025-06-11,3.0,Normal,79.0
BR005261,SMMS000769,AST008611,C00097,COA000467,2025-06-28,1038,1134,96,39.23550796508789,Low,Signal & Telecom,No,755,0,0.0,2025-06-28,3.0,Normal,75.0
BR005312,SMMS000836,AST007651,C00071,COA001007,2025-06-15,127,198,71,43.390254974365234,Medium,Signal & Telecom,No,756,0,0.0,,0.0,,0.0
BR005327,SMMS000854,AST008036,C00057,COA000507,2025-06-30,100,250,150,26.982107162475586,Low,Signal & Telecom,No,757,0,0.0,2025-06-30,5.0,Peak,86.0
BR005327,SMMS000854,AST008036,C00057,COA000507,2025-06-30,100,250,150,26.982107162475586,Low,Signal & Telecom,No,757,0,0.0,2025-06-30,3.0,Normal,70.0
BR005339,SMMS000870,AST006246,C00087,COA001436,2025-06-16,1145,1247,102,27.5750789642334,Low,Signal & Telecom,No,758,2,117.0,,0.0,,0.0
BR005345,SMMS000876,AST006186,C00065,COA000478,2025-06-24,887,969,82,35.95729446411133,Low,Signal & Telecom,Yes,759,0,0.0,2025-06-24,1.0,Off-Peak,72.0
BR005345,SMMS000876,AST006186,C00065,COA000478,2025-06-24,887,969,82,35.95729446411133,Low,Signal & Telecom,Yes,759,0,0.0,2025-06-24,4.0,Normal,88.0
BR005345,SMMS000876,AST006186,C00065,COA000478,2025-06-24,887,969,82,35.95729446411133,Low,Signal & Telecom,Yes,759,0,0.0,2025-06-24,7.0,Normal,77.0
BR005356,SMMS000888,AST005641,C00046,COA001432,2025-06-12,1004,1079,75,35.489952087402344,Low,Signal & Telecom,Yes,760,0,0.0,,0.0,,0.0
BR005356,SMMS000888,AST005641,C00046,COA001500,2025-06-12,710,785,75,35.489952087402344,Low,Signal & Telecom,Yes,761,1,36.0,,0.0,,0.0
BR005364,SMMS000900,AST007586,C00022,COA000622,2025-06-13,144,318,174,49.633541107177734,Medium,Signal & Telecom,Yes,762,3,347.0,,0.0,,0.0
BR005367,SMMS000905,AST008578,C00084,COA000981,2025-06-11,804,964,160,39.716976165771484,Low,Signal & Telecom,Yes,763,5,630.0,2025-06-11,5.0,Off-Peak,71.0
BR005367,SMMS000905,AST008578,C00084,COA000981,2025-06-11,804,964,160,39.716976165771484,Low,Signal & Telecom,Yes,763,5,630.0,2025-06-11,3.0,Normal,87.0
BR005367,SMMS000905,AST008578,C00084,COA000981,2025-06-11,804,964,160,39.716976165771484,Low,Signal & Telecom,Yes,763,5,630.0,2025-06-11,2.0,Off-Peak,88.0
BR005373,SMMS000911,AST008007,C00083,COA001249,2025-06-12,16,88,72,35.14705276489258,Low,Signal & Telecom,No,764,2,58.0,2025-06-12,3.0,Off-Peak,78.0
BR005374,SMMS000912,AST006531,C00023,COA000353,2025-06-06,84,188,104,63.39552307128906,High,Signal & Telecom,Yes,765,0,0.0,,0.0,,0.0
BR005380,SMMS000918,AST006127,C00054,COA000651,2025-06-17,1070,1139,69,25.93328094482422,Low,Signal & Telecom,Yes,766,0,0.0,,0.0,,0.0
BR005393,SMMS000934,AST006378,C00085,COA001288,2025-06-22,689,772,83,53.4997673034668,Medium,Signal & Telecom,No,767,1,60.0,,0.0,,0.0
BR005394,SMMS000935,AST007669,C00048,COA000678,2025-06-16,882,932,50,36.23756790161133,Low,Signal & Telecom,No,768,1,9.0,2025-06-16,5.0,Normal,73.0
BR005394,SMMS000935,AST007669,C00048,COA000678,2025-06-16,882,932,50,36.23756790161133,Low,Signal & Telecom,No,768,1,9.0,2025-06-16,6.0,Normal,79.0
BR005394,SMMS000935,AST007669,C00048,COA001386,2025-06-16,1027,1077,50,36.23756790161133,Low,Signal & Telecom,No,769,1,38.0,2025-06-16,5.0,Normal,73.0
BR005394,SMMS000935,AST007669,C00048,COA001386,2025-06-16,1027,1077,50,36.23756790161133,Low,Signal & Telecom,No,769,1,38.0,2025-06-16,6.0,Normal,79.0
BR005401,SMMS000945,AST008083,C00005,COA000890,2025-06-07,646,742,96,37.382198333740234,Low,Signal & Telecom,Yes,770,1,61.0,2025-06-07,7.0,Off-Peak,85.0
BR005404,SMMS000948,AST005646,C00074,COA001195,2025-06-06,448,575,127,43.17058181762695,Medium,Signal & Telecom,Yes,771,2,53.0,2025-06-06,4.0,Off-Peak,95.0
BR005405,SMMS000950,AST006991,C00027,COA000873,2025-06-20,298,452,154,29.743610382080078,Low,Signal & Telecom,Yes,772,3,104.0,2025-06-20,4.0,Normal,82.0
BR005405,SMMS000950,AST006991,C00027,COA000873,2025-06-20,298,452,154,29.743610382080078,Low,Signal & Telecom,Yes,772,3,104.0,2025-06-20,6.0,Normal,77.0
BR005408,SMMS000953,AST007814,C00069,COA000705,2025-06-10,581,721,140,55.61651611328125,Medium,Signal & Telecom,Yes,773,2,141.0,2025-06-10,4.0,Off-Peak,74.0
BR005408,SMMS000953,AST007814,C00069,COA000705,2025-06-10,581,721,140,55.61651611328125,Medium,Signal & Telecom,Yes,773,2,141.0,2025-06-10,5.0,Peak,78.0
BR005429,SMMS000974,AST008125,C00003,COA000354,2025-06-07,578,691,113,32.87678146362305,Low,Signal & Telecom,Yes,774,1,86.0,,0.0,,0.0
BR005431,SMMS000977,AST006800,C00056,COA000631,2025-06-30,3,55,52,44.819732666015625,Medium,Signal & Telecom,No,775,0,0.0,2025-06-30,5.0,Normal,71.0
BR005431,SMMS000977,AST006800,C00056,COA000631,2025-06-30,3,55,52,44.819732666015625,Medium,Signal & Telecom,No,775,0,0.0,2025-06-30,11.0,Peak,85.0
BR005432,SMMS000978,AST006919,C00085,COA001346,2025-06-14,869,960,91,20.539278030395508,Low,Signal & Telecom,Yes,776,4,189.0,,0.0,,0.0
BR005433,SMMS000980,AST006978,C00019,COA000755,2025-06-20,1175,1269,94,42.346336364746094,Medium,Signal & Telecom,Yes,777,0,0.0,,0.0,,0.0
BR005433,SMMS000980,AST006978,C00019,COA001344,2025-06-20,699,793,94,42.346336364746094,Medium,Signal & Telecom,Yes,778,0,0.0,,0.0,,0.0
BR005436,SMMS000984,AST007425,C00064,COA000151,2025-06-22,1028,1164,136,38.83983612060547,Low,Signal & Telecom,No,779,1,62.0,2025-06-22,8.0,Normal,82.0
BR005444,SMMS000992,AST006043,C00008,COA000655,2025-06-26,283,388,105,31.495033264160156,Low,Signal & Telecom,No,780,1,42.0,,0.0,,0.0
BR005445,SMMS000993,AST006025,C00037,COA000508,2025-06-06,709,841,132,36.54011917114258,Low,Signal & Telecom,Yes,781,0,0.0,2025-06-06,10.0,Off-Peak,74.0
BR005445,SMMS000993,AST006025,C00037,COA000508,2025-06-06,709,841,132,36.54011917114258,Low,Signal & Telecom,Yes,781,0,0.0,2025-06-06,2.0,Peak,82.0
BR005450,SMMS000999,AST005628,C00016,COA000269,2025-06-28,701,766,65,63.23378372192383,High,Signal & Telecom,No,782,1,55.0,2025-06-28,2.0,Off-Peak,77.0
BR005466,SMMS001019,AST007076,C00008,COA000967,2025-06-29,127,237,110,39.51984405517578,Low,Signal & Telecom,Yes,783,1,71.0,2025-06-29,3.0,Normal,78.0
BR005469,SMMS001024,AST005364,C00085,COA000993,2025-06-20,902,1025,123,46.471614837646484,Medium,Signal & Telecom,Yes,784,0,0.0,2025-06-20,4.0,Peak,85.0
BR005471,SMMS001026,AST006663,C00071,COA001320,2025-06-18,736,800,64,34.61379623413086,Low,Signal & Telecom,No,785,0,0.0,2025-06-18,4.0,Peak,95.0
BR005471,SMMS001026,AST006663,C00071,COA001320,2025-06-18,736,800,64,34.61379623413086,Low,Signal & Telecom,No,785,0,0.0,2025-06-18,7.0,Normal,82.0
BR005476,SMMS001032,AST006584,C00004,COA000764,2025-06-19,492,574,82,25.436887741088867,Low,Signal & Telecom,No,786,0,0.0,,0.0,,0.0
BR005478,SMMS001034,AST006124,C00047,COA000566,2025-06-04,377,434,57,36.77566909790039,Low,Signal & Telecom,Yes,787,0,0.0,,0.0,,0.0
BR005489,SMMS001048,AST006248,C00017,COA000618,2025-06-28,332,449,117,31.57927894592285,Low,Signal & Telecom,No,788,0,0.0,2025-06-28,4.0,Peak,74.0
BR005489,SMMS001048,AST006248,C00017,COA000618,2025-06-28,332,449,117,31.57927894592285,Low,Signal & Telecom,No,788,0,0.0,2025-06-28,6.0,Normal,74.0
BR005494,SMMS001054,AST007788,C00070,COA001313,2025-06-30,162,317,155,47.76284408569336,Medium,Signal & Telecom,No,789,0,0.0,2025-06-30,7.0,Normal,77.0
BR005494,SMMS001054,AST007788,C00070,COA001313,2025-06-30,162,317,155,47.76284408569336,Medium,Signal & Telecom,No,789,0,0.0,2025-06-30,5.0,Normal,88.0
BR005502,SMMS001065,AST007651,C00071,COA000188,2025-06-24,433,558,125,34.85811996459961,Low,Signal & Telecom,Yes,790,0,0.0,,0.0,,0.0
BR005507,SMMS001071,AST006870,C00007,COA000525,2025-06-28,589,656,67,51.94669723510742,Medium,Signal & Telecom,Yes,791,0,0.0,,0.0,,0.0
BR005511,SMMS001076,AST008375,C00054,COA000460,2025-06-04,469,510,41,34.594215393066406,Low,Signal & Telecom,Yes,792,0,0.0,2025-06-04,7.0,Off-Peak,80.0
BR005518,SMMS001084,AST008278,C00043,COA000405,2025-06-29,452,594,142,31.62563705444336,Low,Signal & Telecom,Yes,793,1,52.0,2025-06-29,3.0,Normal,94.0
BR005565,SMMS001143,AST005298,C00011,COA000694,2025-06-16,251,300,49,41.2755126953125,Medium,Signal & Telecom,No,794,1,49.0,2025-06-16,2.0,Off-Peak,77.0
BR005576,SMMS001157,AST007859,C00012,COA000630,2025-06-23,148,266,118,44.244239807128906,Medium,Signal & Telecom,Yes,795,0,0.0,2025-06-23,3.0,Normal,83.0
BR005604,SMMS001197,AST006916,C00002,COA001331,2025-06-19,668,787,119,66.34343719482422,High,Signal & Telecom,No,796,1,53.0,,0.0,,0.0
BR005611,SMMS001205,AST006326,C00020,COA000569,2025-06-19,475,599,124,21.90239143371582,Low,Signal & Telecom,Yes,797,0,0.0,2025-06-19,8.0,Off-Peak,88.0
BR005616,SMMS001210,AST007349,C00080,COA000521,2025-06-01,1070,1132,62,29.377161026000977,Low,Signal & Telecom,Yes,798,0,0.0,2025-06-01,7.0,Normal,90.0
BR005616,SMMS001210,AST007349,C00080,COA000521,2025-06-01,1070,1132,62,29.377161026000977,Low,Signal & Telecom,Yes,798,0,0.0,2025-06-01,8.0,Normal,88.0
BR005621,SMMS001215,AST005374,C00023,COA001280,2025-06-13,406,458,52,36.22148895263672,Low,Signal & Telecom,Yes,799,2,48.0,,0.0,,0.0
BR005628,SMMS001224,AST005981,C00099,COA000707,2025-06-28,530,638,108,35.883113861083984,Low,Signal & Telecom,Yes,800,0,0.0,2025-06-28,8.0,Normal,79.0
BR005628,SMMS001224,AST005981,C00099,COA000707,2025-06-28,530,638,108,35.883113861083984,Low,Signal & Telecom,Yes,800,0,0.0,2025-06-28,2.0,Off-Peak,85.0
BR005634,SMMS001233,AST006801,C00088,COA000626,2025-06-20,643,717,74,30.57219886779785,Low,Signal & Telecom,No,801,2,96.0,2025-06-20,4.0,Normal,70.0
BR005634,SMMS001233,AST006801,C00088,COA000626,2025-06-20,643,717,74,30.57219886779785,Low,Signal & Telecom,No,801,2,96.0,2025-06-20,6.0,Off-Peak,87.0
BR005635,SMMS001234,AST007916,C00018,COA000040,2025-06-22,319,440,121,34.37557601928711,Low,Signal & Telecom,No,802,0,0.0,2025-06-22,4.0,Peak,89.0
BR005635,SMMS001234,AST007916,C00018,COA000040,2025-06-22,319,440,121,34.37557601928711,Low,Signal & Telecom,No,802,0,0.0,2025-06-22,3.0,Off-Peak,79.0
BR005635,SMMS001234,AST007916,C00018,COA000040,2025-06-22,319,440,121,34.37557601928711,Low,Signal & Telecom,No,802,0,0.0,2025-06-22,1.0,Off-Peak,81.0
BR005641,SMMS001245,AST006434,C00055,COA000493,2025-06-19,164,222,58,28.120792388916016,Low,Signal & Telecom,Yes,803,1,39.0,2025-06-19,0.0,Normal,71.0
BR005641,SMMS001245,AST006434,C00055,COA000533,2025-06-19,352,410,58,28.120792388916016,Low,Signal & Telecom,Yes,804,1,8.0,2025-06-19,0.0,Normal,71.0
BR005641,SMMS001245,AST006434,C00055,COA000658,2025-06-19,259,317,58,28.120792388916016,Low,Signal & Telecom,Yes,805,1,58.0,2025-06-19,0.0,Normal,71.0
BR005646,SMMS001251,AST006933,C00031,COA000015,2025-06-09,1084,1187,103,57.6995849609375,Medium,Signal & Telecom,Yes,806,0,0.0,,0.0,,0.0
BR005651,SMMS001256,AST005844,C00040,COA000895,2025-06-13,322,359,37,51.68353271484375,Medium,Signal & Telecom,No,807,2,74.0,,0.0,,0.0
BR005655,SMMS001260,AST008064,C00088,COA000823,2025-06-18,802,900,98,56.04319763183594,Medium,Signal & Telecom,No,808,1,7.0,2025-06-18,9.0,Normal,85.0
BR005673,SMMS001286,AST007781,C00010,COA000680,2025-06-04,84,207,123,55.847782135009766,Medium,Signal & Telecom,No,809,0,0.0,2025-06-04,8.0,Normal,86.0
BR005674,SMMS001288,AST006186,C00065,COA000031,2025-06-10,546,667,121,33.541316986083984,Low,Signal & Telecom,Yes,810,0,0.0,,0.0,,0.0
BR005676,SMMS001292,AST008165,C00080,COA000157,2025-06-30,1119,1169,50,67.5630874633789,High,Signal & Telecom,No,811,0,0.0,2025-06-30,4.0,Normal,78.0
BR005676,SMMS001292,AST008165,C00080,COA000157,2025-06-30,1119,1169,50,67.5630874633789,High,Signal & Telecom,No,811,0,0.0,2025-06-30,1.0,Normal,74.0
BR005678,SMMS001297,AST005855,C00081,COA000613,2025-06-12,410,478,68,26.505712509155273,Low,Signal & Telecom,No,812,1,68.0,,0.0,,0.0
BR005683,SMMS001302,AST006638,C00073,COA001281,2025-06-01,901,1017,116,83.59265899658203,Critical,Signal & Telecom,No,813,0,0.0,2025-06-01,8.0,Normal,72.0
BR005687,SMMS001307,AST007328,C00026,COA000977,2025-06-28,1039,1125,86,33.91067886352539,Low,Signal & Telecom,No,814,0,0.0,,0.0,,0.0
BR005705,SMMS001332,AST008114,C00007,COA000093,2025-06-10,324,394,70,55.557518005371094,Medium,Signal & Telecom,Yes,815,3,169.0,2025-06-10,5.0,Peak,89.0
BR005705,SMMS001332,AST008114,C00007,COA000553,2025-06-10,2,72,70,55.557518005371094,Medium,Signal & Telecom,Yes,816,1,1.0,2025-06-10,5.0,Peak,89.0
BR005718,SMMS001351,AST007882,C00067,COA001219,2025-06-05,1019,1106,87,61.75059509277344,High,Signal & Telecom,No,817,0,0.0,,0.0,,0.0
BR005732,SMMS001367,AST007299,C00015,COA000207,2025-06-29,620,707,87,41.61353302001953,Medium,Signal & Telecom,No,818,3,179.0,2025-06-29,3.0,Peak,72.0
BR005732,SMMS001367,AST007299,C00015,COA000207,2025-06-29,620,707,87,41.61353302001953,Medium,Signal & Telecom,No,818,3,179.0,2025-06-29,5.0,Normal,93.0
BR005732,SMMS001367,AST007299,C00015,COA000207,2025-06-29,620,707,87,41.61353302001953,Medium,Signal & Telecom,No,818,3,179.0,2025-06-29,4.0,Normal,84.0
BR005732,SMMS001367,AST007299,C00015,COA001214,2025-06-29,989,1076,87,41.61353302001953,Medium,Signal & Telecom,No,819,2,126.0,2025-06-29,3.0,Peak,72.0
BR005732,SMMS001367,AST007299,C00015,COA001214,2025-06-29,989,1076,87,41.61353302001953,Medium,Signal & Telecom,No,819,2,126.0,2025-06-29,5.0,Normal,93.0
BR005732,SMMS001367,AST007299,C00015,COA001214,2025-06-29,989,1076,87,41.61353302001953,Medium,Signal & Telecom,No,819,2,126.0,2025-06-29,4.0,Normal,84.0
BR005744,SMMS001382,AST008242,C00091,COA000141,2025-06-01,887,1004,117,53.81276321411133,Medium,Signal & Telecom,Yes,820,3,190.0,,0.0,,0.0
BR005744,SMMS001382,AST008242,C00091,COA000203,2025-06-01,786,903,117,53.81276321411133,Medium,Signal & Telecom,Yes,821,2,234.0,,0.0,,0.0
BR005750,SMMS001389,AST006770,C00055,COA001209,2025-06-11,994,1152,158,75.39412689208984,High,Signal & Telecom,Yes,822,0,0.0,,0.0,,0.0
BR005765,SMMS001407,AST005289,C00003,COA001196,2025-06-24,1169,1297,128,50.61925506591797,Medium,Signal & Telecom,No,823,1,111.0,,0.0,,0.0
BR005771,SMMS001416,AST007311,C00058,COA001279,2025-06-15,1073,1179,106,39.655826568603516,Low,Signal & Telecom,Yes,824,0,0.0,2025-06-15,3.0,Peak,81.0
BR005793,SMMS001444,AST008109,C00047,COA000584,2025-06-13,340,502,162,31.69234275817871,Low,Signal & Telecom,Yes,825,2,167.0,2025-06-13,9.0,Normal,89.0
BR005794,SMMS001445,AST008406,C00091,COA000294,2025-06-16,5,98,93,52.36604690551758,Medium,Signal & Telecom,Yes,826,0,0.0,,0.0,,0.0
BR005795,SMMS001446,AST005356,C00091,COA001080,2025-06-18,976,1035,59,36.441898345947266,Low,Signal & Telecom,Yes,827,1,13.0,2025-06-18,5.0,Peak,79.0
BR005798,SMMS001451,AST006890,C00056,COA000270,2025-06-14,778,892,114,31.185400009155273,Low,Signal & Telecom,No,828,0,0.0,2025-06-14,5.0,Off-Peak,91.0
BR005798,SMMS001451,AST006890,C00056,COA000270,2025-06-14,778,892,114,31.185400009155273,Low,Signal & Telecom,No,828,0,0.0,2025-06-14,5.0,Normal,92.0
BR005806,SMMS001460,AST006229,C00098,COA001044,2025-06-28,938,1043,105,50.27976989746094,Medium,Signal & Telecom,No,829,1,5.0,,0.0,,0.0
BR005815,SMMS001472,AST005979,C00006,COA000922,2025-06-11,570,704,134,53.902748107910156,Medium,Signal & Telecom,No,830,0,0.0,2025-06-11,2.0,Normal,93.0
BR005822,SMMS001479,AST006646,C00030,COA000599,2025-06-07,701,821,120,33.009239196777344,Low,Signal & Telecom,Yes,831,0,0.0,,0.0,,0.0
BR005827,SMMS001484,AST008259,C00015,COA000207,2025-06-29,620,754,134,35.54290008544922,Low,Signal & Telecom,Yes,832,4,269.0,2025-06-29,3.0,Peak,72.0
BR005827,SMMS001484,AST008259,C00015,COA000207,2025-06-29,620,754,134,35.54290008544922,Low,Signal & Telecom,Yes,832,4,269.0,2025-06-29,5.0,Normal,93.0
BR005827,SMMS001484,AST008259,C00015,COA000207,2025-06-29,620,754,134,35.54290008544922,Low,Signal & Telecom,Yes,832,4,269.0,2025-06-29,4.0,Normal,84.0
BR005837,SMMS001494,AST006566,C00010,COA000680,2025-06-04,84,125,41,33.974647521972656,Low,Signal & Telecom,No,833,0,0.0,2025-06-04,8.0,Normal,86.0
BR005838,SMMS001495,AST008473,C00095,COA000051,2025-06-06,510,641,131,27.08570098876953,Low,Signal & Telecom,Yes,834,5,323.0,,0.0,,0.0
BR005841,SMMS001501,AST005925,C00057,COA000020,2025-06-18,240,374,134,32.612674713134766,Low,Signal & Telecom,No,835,4,131.0,,0.0,,0.0
BR005842,SMMS001502,AST007585,C00005,COA000580,2025-06-08,564,667,103,73.2059555053711,High,Signal & Telecom,Yes,836,1,103.0,2025-06-08,2.0,Normal,80.0
BR005850,SMMS001511,AST007048,C00098,COA001044,2025-06-28,938,1055,117,26.059080123901367,Low,Signal & Telecom,No,837,1,17.0,,0.0,,0.0
BR005851,SMMS001514,AST006472,C00016,COA000991,2025-06-27,1038,1166,128,68.39848327636719,High,Signal & Telecom,No,838,2,145.0,2025-06-27,5.0,Off-Peak,79.0
BR005852,SMMS001517,AST005807,C00009,COA000753,2025-06-09,909,964,55,49.760868072509766,Medium,Signal & Telecom,No,839,0,0.0,2025-06-09,5.0,Peak,79.0
BR005853,SMMS001519,AST007268,C00067,COA000879,2025-06-01,259,291,32,40.69464111328125,Medium,Signal & Telecom,Yes,840,2,64.0,2025-06-01,4.0,Normal,73.0
BR005855,SMMS001521,AST006398,C00015,COA000913,2025-06-02,1161,1265,104,81.30418395996094,Critical,Signal & Telecom,No,841,0,0.0,2025-06-02,4.0,Normal,84.0
BR005855,SMMS001521,AST006398,C00015,COA000913,2025-06-02,1161,1265,104,81.30418395996094,Critical,Signal & Telecom,No,841,0,0.0,2025-06-02,3.0,Peak,89.0
BR005866,SMMS001534,AST007856,C00042,COA000009,2025-06-28,991,1025,34,31.208309173583984,Low,Signal & Telecom,No,842,1,34.0,,0.0,,0.0
BR005867,SMMS001535,AST005535,C00026,COA001333,2025-06-15,1123,1238,115,32.211544036865234,Low,Signal & Telecom,Yes,843,3,345.0,2025-06-15,4.0,Normal,94.0
BR005867,SMMS001535,AST005535,C00026,COA001406,2025-06-15,387,502,115,32.211544036865234,Low,Signal & Telecom,Yes,844,3,335.0,2025-06-15,4.0,Normal,94.0
BR005868,SMMS001536,AST008590,C00066,COA000466,2025-06-11,30,78,48,26.231361389160156,Low,Signal & Telecom,Yes,845,0,0.0,2025-06-11,5.0,Normal,70.0
BR005869,SMMS001537,AST008316,C00068,COA001393,2025-06-23,705,805,100,56.729305267333984,Medium,Signal & Telecom,No,846,1,31.0,,0.0,,0.0
BR005881,SMMS001550,AST008304,C00020,COA000052,2025-06-25,858,904,46,60.32487106323242,High,Signal & Telecom,No,847,0,0.0,,0.0,,0.0
BR005884,SMMS001555,AST007934,C00091,COA000141,2025-06-01,887,1003,116,43.29996871948242,Medium,Signal & Telecom,No,848,3,189.0,,0.0,,0.0
BR005884,SMMS001555,AST007934,C00091,COA000203,2025-06-01,786,902,116,43.29996871948242,Medium,Signal & Telecom,No,849,2,232.0,,0.0,,0.0
BR005914,SMMS001596,AST005492,C00079,COA001010,2025-06-14,5,69,64,59.2831916809082,Medium,Signal & Telecom,No,850,1,48.0,2025-06-14,4.0,Off-Peak,95.0
BR005914,SMMS001596,AST005492,C00079,COA001010,2025-06-14,5,69,64,59.2831916809082,Medium,Signal & Telecom,No,850,1,48.0,2025-06-14,4.0,Normal,73.0
BR005947,SMMS001638,AST006738,C00009,COA000394,2025-06-28,772,851,79,35.9761848449707,Low,Signal & Telecom,Yes,851,0,0.0,2025-06-28,2.0,Normal,70.0
BR005947,SMMS001638,AST006738,C00009,COA000394,2025-06-28,772,851,79,35.9761848449707,Low,Signal & Telecom,Yes,851,0,0.0,2025-06-28,7.0,Peak,84.0
BR005952,SMMS001647,AST008149,C00087,COA000150,2025-06-29,319,396,77,54.1649284362793,Medium,Signal & Telecom,Yes,852,3,148.0,,0.0,,0.0
BR005952,SMMS001647,AST008149,C00087,COA000234,2025-06-29,179,256,77,54.1649284362793,Medium,Signal & Telecom,Yes,853,1,1.0,,0.0,,0.0
BR005960,SMMS001656,AST006304,C00042,COA000205,2025-06-18,1076,1159,83,25.038528442382812,Low,Signal & Telecom,No,854,0,0.0,2025-06-18,3.0,Normal,80.0
BR005970,SMMS001668,AST007601,C00064,COA000609,2025-06-27,791,867,76,30.147443771362305,Low,Signal & Telecom,Yes,855,1,43.0,,0.0,,0.0
BR005977,SMMS001676,AST007562,C00035,COA000698,2025-06-19,1160,1323,163,30.169498443603516,Low,Signal & Telecom,Yes,856,0,0.0,,0.0,,0.0
BR005979,SMMS001678,AST008265,C00004,COA001174,2025-06-16,365,497,132,28.437156677246094,Low,Signal & Telecom,No,857,0,0.0,2025-06-16,3.0,Normal,82.0
BR005993,SMMS001695,AST008502,C00043,COA000405,2025-06-29,452,553,101,37.845211029052734,Low,Signal & Telecom,Yes,858,1,23.0,2025-06-29,3.0,Normal,94.0
