block_request_id,task_id,corridor_id,department,requested_duration_min,requested_date,priority,request_status
BR000001,TMS000001,C00069,Engineering,75,2025-06-03,Medium,Pending
BR000002,TMS000003,C00078,Engineering,91,2025-06-21,Medium,Pending
BR000003,TMS000004,C00002,Engineering,114,2025-06-08,Medium,Pending
BR000004,TMS000005,C00078,Engineering,78,2025-06-04,High,Pending
BR000005,TMS000006,C00041,Engineering,115,2025-06-14,Medium,Pending
BR000006,TMS000007,C00056,Engineering,252,2025-06-09,Low,Pending
BR000007,TMS000008,C00094,Engineering,146,2025-06-10,Medium,Pending
BR000008,TMS000009,C00068,Engineering,229,2025-06-05,High,Pending
BR000009,TMS000010,C00084,Engineering,119,2025-06-13,High,Pending
BR000010,TMS000011,C00033,Engineering,182,2025-06-24,Low,Pending
BR000011,TMS000012,C00054,Engineering,115,2025-06-29,Low,Pending
BR000012,TMS000013,C00014,Engineering,128,2025-06-29,Medium,Pending
BR000013,TMS000014,C00005,Engineering,220,2025-06-16,Medium,Pending
BR000014,TMS000015,C00002,Engineering,150,2025-06-20,Low,Pending
BR000015,TMS000016,C00092,Engineering,211,2025-06-02,Medium,Pending
BR000016,TMS000017,C00081,Engineering,110,2025-06-22,Low,Pending
BR000017,TMS000018,C00078,Engineering,280,2025-06-22,High,Pending
BR000018,TMS000020,C00036,Engineering,308,2025-06-25,Critical,Pending
BR000019,TMS000021,C00003,Engineering,43,2025-06-28,Critical,Pending
BR000020,TMS000022,C00094,Engineering,162,2025-06-01,Medium,Pending
BR000021,TMS000023,C00037,Engineering,132,2025-06-11,Low,Pending
BR000022,TMS000025,C00068,Engineering,148,2025-06-16,Medium,Pending
BR000023,TMS000026,C00042,Engineering,287,2025-06-22,Critical,Pending
BR000024,TMS000027,C00093,Engineering,36,2025-06-25,Low,Pending
BR000025,TMS000028,C00076,Engineering,110,2025-06-02,Medium,Pending
BR000026,TMS000029,C00052,Engineering,212,2025-06-28,Low,Pending
BR000027,TMS000030,C00063,Engineering,244,2025-06-02,Medium,Pending
BR000028,TMS000031,C00041,Engineering,226,2025-06-09,Medium,Pending
BR000029,TMS000032,C00037,Engineering,49,2025-06-22,High,Pending
BR000030,TMS000033,C00022,Engineering,73,2025-06-02,Low,Pending
BR000031,TMS000034,C00056,Engineering,156,2025-06-19,Low,Pending
BR000032,TMS000035,C00012,Engineering,168,2025-06-12,Low,Pending
BR000033,TMS000036,C00038,Engineering,229,2025-06-05,Low,Pending
BR000034,TMS000038,C00081,Engineering,201,2025-06-05,Low,Pending
BR000035,TMS000040,C00038,Engineering,100,2025-06-22,Medium,Pending
BR000036,TMS000043,C00029,Engineering,164,2025-06-27,Low,Pending
BR000037,TMS000044,C00083,Engineering,87,2025-06-13,Low,Pending
BR000038,TMS000046,C00061,Engineering,153,2025-06-18,Medium,Pending
BR000039,TMS000047,C00079,Engineering,281,2025-06-16,Medium,Pending
BR000040,TMS000049,C00080,Engineering,223,2025-06-12,Medium,Pending
BR000041,TMS000050,C00049,Engineering,163,2025-06-01,High,Pending
BR000042,TMS000051,C00032,Engineering,81,2025-06-03,Medium,Pending
BR000043,TMS000053,C00086,Engineering,129,2025-06-17,Low,Pending
BR000044,TMS000055,C00066,Engineering,33,2025-06-25,Medium,Pending
BR000045,TMS000057,C00005,Engineering,142,2025-06-01,High,Pending
BR000046,TMS000058,C00072,Engineering,125,2025-06-24,Low,Pending
BR000047,TMS000059,C00068,Engineering,192,2025-06-29,Medium,Pending
BR000048,TMS000062,C00039,Engineering,255,2025-06-19,Critical,Pending
BR000049,TMS000063,C00017,Engineering,100,2025-06-14,Medium,Pending
BR000050,TMS000064,C00038,Engineering,72,2025-06-09,Critical,Pending
BR000051,TMS000065,C00001,Engineering,63,2025-06-02,Critical,Pending
BR000052,TMS000066,C00011,Engineering,169,2025-06-23,Low,Pending
BR000053,TMS000067,C00049,Engineering,117,2025-06-20,Medium,Pending
BR000054,TMS000068,C00025,Engineering,97,2025-06-30,Low,Pending
BR000055,TMS000069,C00052,Engineering,172,2025-06-12,Medium,Pending
BR000056,TMS000070,C00016,Engineering,204,2025-06-07,Low,Pending
BR000057,TMS000071,C00008,Engineering,44,2025-06-18,Critical,Pending
BR000058,TMS000072,C00024,Engineering,274,2025-06-11,Critical,Pending
BR000059,TMS000073,C00043,Engineering,101,2025-06-17,Medium,Pending
BR000060,TMS000074,C00041,Engineering,85,2025-06-05,Medium,Pending
BR000061,TMS000075,C00056,Engineering,74,2025-06-02,High,Pending
BR000062,TMS000076,C00046,Engineering,119,2025-06-15,Medium,Pending
BR000063,TMS000077,C00065,Engineering,75,2025-06-18,Medium,Pending
BR000064,TMS000078,C00089,Engineering,189,2025-06-10,High,Pending
BR000065,TMS000079,C00096,Engineering,118,2025-06-27,Medium,Pending
BR000066,TMS000081,C00055,Engineering,121,2025-06-07,Medium,Pending
BR000067,TMS000082,C00008,Engineering,156,2025-06-04,Low,Pending
BR000068,TMS000083,C00048,Engineering,192,2025-06-29,High,Pending
BR000069,TMS000085,C00060,Engineering,154,2025-06-25,Low,Pending
BR000070,TMS000086,C00017,Engineering,53,2025-06-20,Critical,Pending
BR000071,TMS000087,C00098,Engineering,231,2025-06-26,Low,Pending
BR000072,TMS000088,C00044,Engineering,133,2025-06-22,Low,Pending
BR000073,TMS000089,C00094,Engineering,60,2025-06-20,Medium,Pending
BR000074,TMS000090,C00012,Engineering,271,2025-06-16,Medium,Pending
BR000075,TMS000091,C00095,Engineering,154,2025-06-25,Critical,Pending
BR000076,TMS000092,C00071,Engineering,189,2025-06-09,Low,Pending
BR000077,TMS000093,C00011,Engineering,198,2025-06-29,Medium,Pending
BR000078,TMS000094,C00095,Engineering,90,2025-06-03,Low,Pending
BR000079,TMS000095,C00036,Engineering,113,2025-06-08,Medium,Pending
BR000080,TMS000097,C00045,Engineering,190,2025-06-14,Medium,Pending
BR000081,TMS000098,C00006,Engineering,34,2025-06-01,Low,Pending
BR000082,TMS000099,C00016,Engineering,77,2025-06-30,Low,Pending
BR000083,TMS000100,C00036,Engineering,133,2025-06-09,Medium,Pending
BR000084,TMS000101,C00067,Engineering,171,2025-06-29,Critical,Pending
BR000085,TMS000102,C00056,Engineering,118,2025-06-16,Critical,Pending
BR000086,TMS000103,C00050,Engineering,47,2025-06-19,Low,Pending
BR000087,TMS000104,C00024,Engineering,138,2025-06-19,Low,Pending
BR000088,TMS000105,C00023,Engineering,179,2025-06-09,Low,Pending
BR000089,TMS000106,C00077,Engineering,128,2025-06-01,Low,Pending
BR000090,TMS000107,C00068,Engineering,199,2025-06-22,Medium,Pending
BR000091,TMS000108,C00097,Engineering,106,2025-06-11,High,Pending
BR000092,TMS000109,C00032,Engineering,105,2025-06-02,High,Pending
BR000093,TMS000112,C00079,Engineering,217,2025-06-10,Medium,Pending
BR000094,TMS000113,C00038,Engineering,154,2025-06-15,Low,Pending
BR000095,TMS000114,C00100,Engineering,113,2025-06-28,Medium,Pending
BR000096,TMS000115,C00033,Engineering,356,2025-06-04,Critical,Pending
BR000097,TMS000116,C00007,Engineering,115,2025-06-07,Medium,Pending
BR000098,TMS000118,C00042,Engineering,44,2025-06-29,Low,Pending
BR000099,TMS000119,C00087,Engineering,206,2025-06-27,Medium,Pending
BR000100,TMS000120,C00092,Engineering,69,2025-06-14,Critical,Pending
BR000101,TMS000121,C00096,Engineering,110,2025-06-03,High,Pending
BR000102,TMS000122,C00043,Engineering,182,2025-06-28,Low,Pending
BR000103,TMS000123,C00064,Engineering,190,2025-06-12,Medium,Pending
BR000104,TMS000124,C00028,Engineering,107,2025-06-12,Critical,Pending
BR000105,TMS000125,C00095,Engineering,54,2025-06-02,Low,Pending
BR000106,TMS000126,C00049,Engineering,222,2025-06-10,Critical,Pending
BR000107,TMS000128,C00090,Engineering,223,2025-06-12,High,Pending
BR000108,TMS000129,C00042,Engineering,122,2025-06-02,Medium,Pending
BR000109,TMS000130,C00051,Engineering,289,2025-06-22,Low,Pending
BR000110,TMS000132,C00008,Engineering,73,2025-06-10,Low,Pending
BR000111,TMS000135,C00036,Engineering,247,2025-06-30,Medium,Pending
BR000112,TMS000136,C00082,Engineering,140,2025-06-18,Low,Pending
BR000113,TMS000137,C00040,Engineering,211,2025-06-19,Low,Pending
BR000114,TMS000139,C00047,Engineering,71,2025-06-04,Low,Pending
BR000115,TMS000141,C00093,Engineering,74,2025-06-13,High,Pending
BR000116,TMS000142,C00082,Engineering,189,2025-06-16,Medium,Pending
BR000117,TMS000143,C00051,Engineering,230,2025-06-08,High,Pending
BR000118,TMS000145,C00055,Engineering,201,2025-06-10,Medium,Pending
BR000119,TMS000146,C00010,Engineering,189,2025-06-12,Low,Pending
BR000120,TMS000147,C00078,Engineering,90,2025-06-23,Low,Pending
BR000121,TMS000148,C00012,Engineering,134,2025-06-19,High,Pending
BR000122,TMS000149,C00020,Engineering,262,2025-06-30,Low,Pending
BR000123,TMS000151,C00063,Engineering,168,2025-06-27,Medium,Pending
BR000124,TMS000152,C00056,Engineering,139,2025-06-17,Medium,Pending
BR000125,TMS000153,C00085,Engineering,121,2025-06-20,Low,Pending
BR000126,TMS000156,C00010,Engineering,112,2025-06-18,High,Pending
BR000127,TMS000157,C00087,Engineering,171,2025-06-26,Low,Pending
BR000128,TMS000158,C00044,Engineering,223,2025-06-09,High,Pending
BR000129,TMS000159,C00055,Engineering,36,2025-06-18,Medium,Pending
BR000130,TMS000160,C00006,Engineering,148,2025-06-18,High,Pending
BR000131,TMS000161,C00081,Engineering,133,2025-06-28,High,Pending
BR000132,TMS000162,C00013,Engineering,122,2025-06-15,Low,Pending
BR000133,TMS000163,C00097,Engineering,63,2025-06-01,Low,Pending
BR000134,TMS000164,C00092,Engineering,52,2025-06-10,Medium,Pending
BR000135,TMS000165,C00046,Engineering,205,2025-06-15,Low,Pending
BR000136,TMS000167,C00008,Engineering,103,2025-06-12,Medium,Pending
BR000137,TMS000168,C00034,Engineering,190,2025-06-07,Medium,Pending
BR000138,TMS000169,C00033,Engineering,215,2025-06-29,Low,Pending
BR000139,TMS000170,C00010,Engineering,242,2025-06-01,Critical,Pending
BR000140,TMS000171,C00063,Engineering,41,2025-06-13,Critical,Pending
BR000141,TMS000172,C00053,Engineering,72,2025-06-11,Low,Pending
BR000142,TMS000173,C00067,Engineering,236,2025-06-14,Medium,Pending
BR000143,TMS000174,C00013,Engineering,157,2025-06-01,Critical,Pending
BR000144,TMS000175,C00033,Engineering,126,2025-06-15,Low,Pending
BR000145,TMS000176,C00053,Engineering,174,2025-06-03,High,Pending
BR000146,TMS000177,C00026,Engineering,112,2025-06-01,High,Pending
BR000147,TMS000178,C00057,Engineering,215,2025-06-30,Critical,Pending
BR000148,TMS000179,C00071,Engineering,79,2025-06-07,Critical,Pending
BR000149,TMS000180,C00051,Engineering,142,2025-06-22,Low,Pending
BR000150,TMS000182,C00030,Engineering,73,2025-06-09,Medium,Pending
BR000151,TMS000186,C00046,Engineering,250,2025-06-06,Medium,Pending
BR000152,TMS000188,C00092,Engineering,73,2025-06-14,Low,Pending
BR000153,TMS000189,C00023,Engineering,73,2025-06-15,Medium,Pending
BR000154,TMS000190,C00084,Engineering,200,2025-06-25,Medium,Pending
BR000155,TMS000191,C00050,Engineering,79,2025-06-23,Low,Pending
BR000156,TMS000192,C00015,Engineering,132,2025-06-14,Low,Pending
BR000157,TMS000193,C00098,Engineering,222,2025-06-14,Medium,Pending
BR000158,TMS000194,C00045,Engineering,126,2025-06-23,Critical,Pending
BR000159,TMS000195,C00041,Engineering,208,2025-06-07,Medium,Pending
BR000160,TMS000197,C00081,Engineering,190,2025-06-15,Medium,Pending
BR000161,TMS000198,C00006,Engineering,277,2025-06-27,Low,Pending
BR000162,TMS000199,C00047,Engineering,181,2025-06-09,Medium,Pending
BR000163,TMS000200,C00092,Engineering,101,2025-06-15,High,Pending
BR000164,TMS000201,C00050,Engineering,175,2025-06-12,Low,Pending
BR000165,TMS000202,C00094,Engineering,213,2025-06-15,Low,Pending
BR000166,TMS000203,C00014,Engineering,132,2025-06-01,Low,Pending
BR000167,TMS000204,C00011,Engineering,153,2025-06-07,Low,Pending
BR000168,TMS000205,C00062,Engineering,227,2025-06-08,Medium,Pending
BR000169,TMS000206,C00036,Engineering,137,2025-06-15,Medium,Pending
BR000170,TMS000207,C00022,Engineering,178,2025-06-08,Low,Pending
BR000171,TMS000209,C00095,Engineering,178,2025-06-07,Low,Pending
BR000172,TMS000210,C00003,Engineering,135,2025-06-06,Medium,Pending
BR000173,TMS000211,C00029,Engineering,228,2025-06-14,High,Pending
BR000174,TMS000212,C00061,Engineering,123,2025-06-30,High,Pending
BR000175,TMS000215,C00061,Engineering,220,2025-06-30,Medium,Pending
BR000176,TMS000216,C00023,Engineering,128,2025-06-29,Low,Pending
BR000177,TMS000217,C00007,Engineering,239,2025-06-04,Medium,Pending
BR000178,TMS000219,C00039,Engineering,48,2025-06-04,Low,Pending
BR000179,TMS000220,C00048,Engineering,160,2025-06-29,Low,Pending
BR000180,TMS000221,C00054,Engineering,196,2025-06-13,Critical,Pending
BR000181,TMS000222,C00040,Engineering,187,2025-06-26,Medium,Pending
BR000182,TMS000224,C00016,Engineering,160,2025-06-14,Low,Pending
BR000183,TMS000225,C00059,Engineering,40,2025-06-24,Critical,Pending
BR000184,TMS000227,C00039,Engineering,127,2025-06-03,Medium,Pending
BR000185,TMS000229,C00066,Engineering,266,2025-06-27,Low,Pending
BR000186,TMS000230,C00011,Engineering,113,2025-06-20,Critical,Pending
BR000187,TMS000233,C00024,Engineering,213,2025-06-09,Medium,Pending
BR000188,TMS000234,C00055,Engineering,136,2025-06-21,Low,Pending
BR000189,TMS000235,C00016,Engineering,52,2025-06-27,Low,Pending
BR000190,TMS000236,C00019,Engineering,201,2025-06-11,High,Pending
BR000191,TMS000238,C00068,Engineering,76,2025-06-18,Low,Pending
BR000192,TMS000239,C00017,Engineering,233,2025-06-03,Medium,Pending
BR000193,TMS000240,C00006,Engineering,169,2025-06-09,Critical,Pending
BR000194,TMS000242,C00040,Engineering,104,2025-06-22,Low,Pending
BR000195,TMS000243,C00004,Engineering,196,2025-06-28,Low,Pending
BR000196,TMS000244,C00034,Engineering,241,2025-06-01,Low,Pending
BR000197,TMS000245,C00003,Engineering,73,2025-06-14,Low,Pending
BR000198,TMS000246,C00022,Engineering,120,2025-06-08,Low,Pending
BR000199,TMS000247,C00013,Engineering,100,2025-06-19,Low,Pending
BR000200,TMS000248,C00012,Engineering,259,2025-06-05,Medium,Pending
BR000201,TMS000250,C00049,Engineering,95,2025-06-13,High,Pending
BR000202,TMS000252,C00074,Engineering,49,2025-06-15,Low,Pending
BR000203,TMS000253,C00095,Engineering,265,2025-06-30,Medium,Pending
BR000204,TMS000254,C00032,Engineering,180,2025-06-17,Medium,Pending
BR000205,TMS000255,C00030,Engineering,95,2025-06-28,High,Pending
BR000206,TMS000256,C00073,Engineering,257,2025-06-06,Medium,Pending
BR000207,TMS000257,C00007,Engineering,83,2025-06-28,Medium,Pending
BR000208,TMS000258,C00077,Engineering,121,2025-06-03,Low,Pending
BR000209,TMS000259,C00078,Engineering,291,2025-06-20,Low,Pending
BR000210,TMS000260,C00046,Engineering,136,2025-06-18,Low,Pending
BR000211,TMS000262,C00089,Engineering,216,2025-06-29,Medium,Pending
BR000212,TMS000263,C00068,Engineering,282,2025-06-24,High,Pending
BR000213,TMS000264,C00023,Engineering,184,2025-06-19,Low,Pending
BR000214,TMS000265,C00094,Engineering,213,2025-06-14,High,Pending
BR000215,TMS000267,C00068,Engineering,113,2025-06-16,Low,Pending
BR000216,TMS000268,C00063,Engineering,72,2025-06-11,Low,Pending
BR000217,TMS000269,C00086,Engineering,167,2025-06-25,Medium,Pending
BR000218,TMS000270,C00031,Engineering,125,2025-06-29,Low,Pending
BR000219,TMS000271,C00063,Engineering,139,2025-06-15,Medium,Pending
BR000220,TMS000272,C00007,Engineering,151,2025-06-27,Low,Pending
BR000221,TMS000273,C00052,Engineering,69,2025-06-16,High,Pending
BR000222,TMS000274,C00037,Engineering,183,2025-06-27,High,Pending
BR000223,TMS000275,C00049,Engineering,34,2025-06-25,Medium,Pending
BR000224,TMS000276,C00075,Engineering,132,2025-06-12,High,Pending
BR000225,TMS000277,C00081,Engineering,83,2025-06-02,Low,Pending
BR000226,TMS000278,C00033,Engineering,154,2025-06-25,Critical,Pending
BR000227,TMS000279,C00034,Engineering,47,2025-06-11,Low,Pending
BR000228,TMS000280,C00051,Engineering,91,2025-06-09,Medium,Pending
BR000229,TMS000281,C00038,Engineering,83,2025-06-21,Low,Pending
BR000230,TMS000282,C00020,Engineering,71,2025-06-02,Medium,Pending
BR000231,TMS000283,C00010,Engineering,175,2025-06-01,Low,Pending
BR000232,TMS000284,C00093,Engineering,218,2025-06-22,Medium,Pending
BR000233,TMS000286,C00074,Engineering,149,2025-06-01,High,Pending
BR000234,TMS000287,C00098,Engineering,211,2025-06-26,Medium,Pending
BR000235,TMS000288,C00052,Engineering,266,2025-06-20,Medium,Pending
BR000236,TMS000289,C00003,Engineering,216,2025-06-17,Medium,Pending
BR000237,TMS000290,C00067,Engineering,173,2025-06-03,Low,Pending
BR000238,TMS000292,C00027,Engineering,175,2025-06-02,Low,Pending
BR000239,TMS000293,C00039,Engineering,153,2025-06-17,Medium,Pending
BR000240,TMS000294,C00052,Engineering,243,2025-06-30,Medium,Pending
BR000241,TMS000295,C00015,Engineering,295,2025-06-02,Medium,Pending
BR000242,TMS000296,C00053,Engineering,126,2025-06-16,High,Pending
BR000243,TMS000297,C00028,Engineering,163,2025-06-06,Low,Pending
BR000244,TMS000299,C00054,Engineering,219,2025-06-24,Medium,Pending
BR000245,TMS000300,C00059,Engineering,243,2025-06-19,Medium,Pending
BR000246,TMS000301,C00037,Engineering,312,2025-06-30,Medium,Pending
BR000247,TMS000303,C00010,Engineering,137,2025-06-12,High,Pending
BR000248,TMS000305,C00094,Engineering,191,2025-06-14,Low,Pending
BR000249,TMS000306,C00002,Engineering,48,2025-06-26,Medium,Pending
BR000250,TMS000307,C00026,Engineering,55,2025-06-11,Critical,Pending
BR000251,TMS000308,C00059,Engineering,148,2025-06-04,Low,Pending
BR000252,TMS000309,C00069,Engineering,251,2025-06-10,High,Pending
BR000253,TMS000310,C00063,Engineering,298,2025-06-04,Low,Pending
BR000254,TMS000311,C00027,Engineering,131,2025-06-23,Critical,Pending
BR000255,TMS000313,C00033,Engineering,84,2025-06-04,High,Pending
BR000256,TMS000314,C00058,Engineering,84,2025-06-11,High,Pending
BR000257,TMS000317,C00051,Engineering,79,2025-06-07,Low,Pending
BR000258,TMS000318,C00052,Engineering,166,2025-06-28,High,Pending
BR000259,TMS000319,C00039,Engineering,104,2025-06-14,Medium,Pending
BR000260,TMS000320,C00074,Engineering,176,2025-06-12,Medium,Pending
BR000261,TMS000321,C00088,Engineering,254,2025-06-02,Critical,Pending
BR000262,TMS000322,C00044,Engineering,141,2025-06-22,High,Pending
BR000263,TMS000323,C00076,Engineering,231,2025-06-19,Low,Pending
BR000264,TMS000325,C00032,Engineering,65,2025-06-14,Medium,Pending
BR000265,TMS000326,C00029,Engineering,178,2025-06-21,Critical,Pending
BR000266,TMS000327,C00020,Engineering,68,2025-06-27,Medium,Pending
BR000267,TMS000328,C00043,Engineering,265,2025-06-11,Critical,Pending
BR000268,TMS000330,C00067,Engineering,216,2025-06-18,Low,Pending
BR000269,TMS000331,C00081,Engineering,200,2025-06-16,Medium,Pending
BR000270,TMS000332,C00065,Engineering,235,2025-06-13,Medium,Pending
BR000271,TMS000333,C00029,Engineering,260,2025-06-29,Low,Pending
BR000272,TMS000334,C00090,Engineering,79,2025-06-06,Low,Pending
BR000273,TMS000335,C00004,Engineering,220,2025-06-15,Medium,Pending
BR000274,TMS000336,C00053,Engineering,105,2025-06-02,Critical,Pending
BR000275,TMS000337,C00034,Engineering,95,2025-06-06,Medium,Pending
BR000276,TMS000338,C00024,Engineering,268,2025-06-23,Low,Pending
BR000277,TMS000339,C00080,Engineering,142,2025-06-16,Medium,Pending
BR000278,TMS000342,C00017,Engineering,154,2025-06-20,Medium,Pending
BR000279,TMS000344,C00081,Engineering,40,2025-06-10,Low,Pending
BR000280,TMS000348,C00027,Engineering,121,2025-06-01,Low,Pending
BR000281,TMS000349,C00049,Engineering,180,2025-06-16,Medium,Pending
BR000282,TMS000350,C00024,Engineering,101,2025-06-17,Medium,Pending
BR000283,TMS000351,C00044,Engineering,264,2025-06-15,High,Pending
BR000284,TMS000353,C00013,Engineering,109,2025-06-11,High,Pending
BR000285,TMS000354,C00080,Engineering,304,2025-06-13,Low,Pending
BR000286,TMS000355,C00051,Engineering,206,2025-06-19,Low,Pending
BR000287,TMS000356,C00096,Engineering,137,2025-06-09,Medium,Pending
BR000288,TMS000358,C00032,Engineering,238,2025-06-03,High,Pending
BR000289,TMS000360,C00091,Engineering,74,2025-06-02,Low,Pending
BR000290,TMS000361,C00052,Engineering,359,2025-06-21,Critical,Pending
BR000291,TMS000362,C00018,Engineering,259,2025-06-12,Medium,Pending
BR000292,TMS000363,C00094,Engineering,161,2025-06-14,High,Pending
BR000293,TMS000364,C00026,Engineering,254,2025-06-20,Low,Pending
BR000294,TMS000365,C00034,Engineering,68,2025-06-29,Low,Pending
BR000295,TMS000366,C00001,Engineering,160,2025-06-09,High,Pending
BR000296,TMS000367,C00074,Engineering,131,2025-06-05,High,Pending
BR000297,TMS000368,C00009,Engineering,107,2025-06-12,High,Pending
BR000298,TMS000369,C00064,Engineering,131,2025-06-29,Medium,Pending
BR000299,TMS000371,C00056,Engineering,101,2025-06-06,Medium,Pending
BR000300,TMS000372,C00002,Engineering,65,2025-06-07,Medium,Pending
BR000301,TMS000373,C00055,Engineering,188,2025-06-17,High,Pending
BR000302,TMS000374,C00070,Engineering,92,2025-06-25,High,Pending
BR000303,TMS000375,C00016,Engineering,235,2025-06-10,Medium,Pending
BR000304,TMS000376,C00037,Engineering,56,2025-06-06,Low,Pending
BR000305,TMS000378,C00027,Engineering,174,2025-06-07,Low,Pending
BR000306,TMS000379,C00044,Engineering,181,2025-06-09,Low,Pending
BR000307,TMS000381,C00066,Engineering,199,2025-06-28,Low,Pending
BR000308,TMS000382,C00058,Engineering,40,2025-06-20,Low,Pending
BR000309,TMS000384,C00046,Engineering,225,2025-06-28,High,Pending
BR000310,TMS000385,C00066,Engineering,220,2025-06-26,High,Pending
BR000311,TMS000386,C00037,Engineering,261,2025-06-09,Medium,Pending
BR000312,TMS000387,C00044,Engineering,106,2025-06-21,Low,Pending
BR000313,TMS000389,C00038,Engineering,86,2025-06-22,Critical,Pending
BR000314,TMS000391,C00066,Engineering,137,2025-06-29,High,Pending
BR000315,TMS000392,C00017,Engineering,86,2025-06-08,Medium,Pending
BR000316,TMS000394,C00065,Engineering,239,2025-06-30,Low,Pending
BR000317,TMS000395,C00037,Engineering,173,2025-06-21,High,Pending
BR000318,TMS000396,C00017,Engineering,173,2025-06-23,Medium,Pending
BR000319,TMS000397,C00033,Engineering,161,2025-06-11,Low,Pending
BR000320,TMS000399,C00057,Engineering,315,2025-06-16,High,Pending
BR000321,TMS000400,C00100,Engineering,100,2025-06-09,Low,Pending
BR000322,TMS000401,C00064,Engineering,132,2025-06-13,Medium,Pending
BR000323,TMS000403,C00074,Engineering,212,2025-06-22,Medium,Pending
BR000324,TMS000405,C00097,Engineering,177,2025-06-30,High,Pending
BR000325,TMS000407,C00095,Engineering,122,2025-06-14,Medium,Pending
BR000326,TMS000411,C00084,Engineering,49,2025-06-21,Medium,Pending
BR000327,TMS000412,C00039,Engineering,171,2025-06-20,Medium,Pending
BR000328,TMS000413,C00005,Engineering,49,2025-06-25,Medium,Pending
BR000329,TMS000414,C00075,Engineering,270,2025-06-25,Medium,Pending
BR000330,TMS000415,C00057,Engineering,170,2025-06-04,Medium,Pending
BR000331,TMS000417,C00016,Engineering,33,2025-06-09,Low,Pending
BR000332,TMS000418,C00004,Engineering,258,2025-06-16,Low,Pending
BR000333,TMS000419,C00097,Engineering,297,2025-06-30,High,Pending
BR000334,TMS000420,C00055,Engineering,238,2025-06-10,Medium,Pending
BR000335,TMS000422,C00078,Engineering,76,2025-06-05,Low,Pending
BR000336,TMS000423,C00055,Engineering,49,2025-06-28,Medium,Pending
BR000337,TMS000425,C00001,Engineering,247,2025-06-08,High,Pending
BR000338,TMS000426,C00017,Engineering,163,2025-06-01,Low,Pending
BR000339,TMS000427,C00080,Engineering,161,2025-06-06,High,Pending
BR000340,TMS000429,C00073,Engineering,171,2025-06-05,High,Pending
BR000341,TMS000430,C00100,Engineering,65,2025-06-18,Low,Pending
BR000342,TMS000431,C00002,Engineering,125,2025-06-09,High,Pending
BR000343,TMS000432,C00086,Engineering,211,2025-06-17,Medium,Pending
BR000344,TMS000434,C00077,Engineering,100,2025-06-17,Medium,Pending
BR000345,TMS000435,C00054,Engineering,166,2025-06-27,Medium,Pending
BR000346,TMS000436,C00035,Engineering,194,2025-06-04,Low,Pending
BR000347,TMS000437,C00058,Engineering,60,2025-06-09,Low,Pending
BR000348,TMS000438,C00089,Engineering,71,2025-06-27,Critical,Pending
BR000349,TMS000440,C00031,Engineering,198,2025-06-21,Low,Pending
BR000350,TMS000441,C00014,Engineering,278,2025-06-21,Medium,Pending
BR000351,TMS000442,C00015,Engineering,189,2025-06-20,Medium,Pending
BR000352,TMS000444,C00001,Engineering,186,2025-06-20,High,Pending
BR000353,TMS000445,C00060,Engineering,175,2025-06-13,Low,Pending
BR000354,TMS000447,C00096,Engineering,65,2025-06-15,High,Pending
BR000355,TMS000448,C00072,Engineering,249,2025-06-30,Medium,Pending
BR000356,TMS000449,C00018,Engineering,158,2025-06-02,Medium,Pending
BR000357,TMS000451,C00041,Engineering,210,2025-06-21,High,Pending
BR000358,TMS000452,C00020,Engineering,211,2025-06-25,Low,Pending
BR000359,TMS000454,C00074,Engineering,172,2025-06-12,Medium,Pending
BR000360,TMS000455,C00079,Engineering,182,2025-06-15,Medium,Pending
BR000361,TMS000456,C00054,Engineering,172,2025-06-13,High,Pending
BR000362,TMS000459,C00092,Engineering,203,2025-06-20,Medium,Pending
BR000363,TMS000460,C00043,Engineering,133,2025-06-27,High,Pending
BR000364,TMS000461,C00044,Engineering,225,2025-06-12,High,Pending
BR000365,TMS000462,C00093,Engineering,142,2025-06-20,Low,Pending
BR000366,TMS000463,C00086,Engineering,195,2025-06-09,Medium,Pending
BR000367,TMS000464,C00077,Engineering,48,2025-06-13,Medium,Pending
BR000368,TMS000465,C00022,Engineering,90,2025-06-19,Low,Pending
BR000369,TMS000466,C00098,Engineering,243,2025-06-07,Low,Pending
BR000370,TMS000468,C00033,Engineering,55,2025-06-26,High,Pending
BR000371,TMS000469,C00050,Engineering,112,2025-06-04,Low,Pending
BR000372,TMS000470,C00018,Engineering,110,2025-06-23,High,Pending
BR000373,TMS000471,C00044,Engineering,117,2025-06-24,High,Pending
BR000374,TMS000472,C00071,Engineering,75,2025-06-21,Medium,Pending
BR000375,TMS000473,C00100,Engineering,228,2025-06-05,Critical,Pending
BR000376,TMS000474,C00006,Engineering,117,2025-06-02,Medium,Pending
BR000377,TMS000475,C00084,Engineering,220,2025-06-24,Medium,Pending
BR000378,TMS000476,C00099,Engineering,189,2025-06-17,Low,Pending
BR000379,TMS000477,C00089,Engineering,42,2025-06-11,High,Pending
BR000380,TMS000478,C00037,Engineering,55,2025-06-19,High,Pending
BR000381,TMS000479,C00043,Engineering,170,2025-06-24,Low,Pending
BR000382,TMS000481,C00051,Engineering,217,2025-06-04,Critical,Pending
BR000383,TMS000482,C00079,Engineering,57,2025-06-16,High,Pending
BR000384,TMS000483,C00028,Engineering,111,2025-06-03,Medium,Pending
BR000385,TMS000484,C00075,Engineering,172,2025-06-26,High,Pending
BR000386,TMS000487,C00083,Engineering,65,2025-06-02,High,Pending
BR000387,TMS000488,C00093,Engineering,184,2025-06-13,Medium,Pending
BR000388,TMS000489,C00005,Engineering,246,2025-06-28,High,Pending
BR000389,TMS000491,C00039,Engineering,234,2025-06-26,High,Pending
BR000390,TMS000494,C00067,Engineering,86,2025-06-19,Low,Pending
BR000391,TMS000495,C00007,Engineering,118,2025-06-03,Critical,Pending
BR000392,TMS000496,C00073,Engineering,137,2025-06-03,Low,Pending
BR000393,TMS000498,C00070,Engineering,218,2025-06-30,Critical,Pending
BR000394,TMS000499,C00031,Engineering,127,2025-06-28,High,Pending
BR000395,TMS000500,C00048,Engineering,134,2025-06-13,Low,Pending
BR000396,TMS000501,C00039,Engineering,53,2025-06-10,Medium,Pending
BR000397,TMS000502,C00071,Engineering,143,2025-06-22,Low,Pending
BR000398,TMS000503,C00095,Engineering,84,2025-06-15,Medium,Pending
BR000399,TMS000504,C00029,Engineering,188,2025-06-30,Low,Pending
BR000400,TMS000506,C00093,Engineering,245,2025-06-23,Low,Pending
BR000401,TMS000507,C00074,Engineering,45,2025-06-19,Medium,Pending
BR000402,TMS000508,C00053,Engineering,226,2025-06-03,Medium,Pending
BR000403,TMS000509,C00054,Engineering,151,2025-06-04,Medium,Pending
BR000404,TMS000510,C00013,Engineering,179,2025-06-30,High,Pending
BR000405,TMS000511,C00047,Engineering,106,2025-06-19,Low,Pending
BR000406,TMS000512,C00039,Engineering,256,2025-06-22,Critical,Pending
BR000407,TMS000513,C00006,Engineering,83,2025-06-23,Critical,Pending
BR000408,TMS000514,C00005,Engineering,217,2025-06-07,Medium,Pending
BR000409,TMS000515,C00022,Engineering,111,2025-06-15,Low,Pending
BR000410,TMS000516,C00049,Engineering,245,2025-06-15,Low,Pending
BR000411,TMS000518,C00040,Engineering,120,2025-06-25,Medium,Pending
BR000412,TMS000520,C00028,Engineering,94,2025-06-30,Low,Pending
BR000413,TMS000521,C00100,Engineering,73,2025-06-04,Low,Pending
BR000414,TMS000522,C00063,Engineering,188,2025-06-13,Medium,Pending
BR000415,TMS000524,C00092,Engineering,243,2025-06-14,Medium,Pending
BR000416,TMS000525,C00057,Engineering,174,2025-06-21,Critical,Pending
BR000417,TMS000526,C00003,Engineering,122,2025-06-26,Medium,Pending
BR000418,TMS000527,C00052,Engineering,140,2025-06-17,Low,Pending
BR000419,TMS000528,C00020,Engineering,204,2025-06-25,Low,Pending
BR000420,TMS000529,C00001,Engineering,107,2025-06-07,Low,Pending
BR000421,TMS000531,C00040,Engineering,191,2025-06-17,High,Pending
BR000422,TMS000532,C00031,Engineering,61,2025-06-09,Low,Pending
BR000423,TMS000534,C00058,Engineering,112,2025-06-04,Low,Pending
BR000424,TMS000535,C00094,Engineering,202,2025-06-30,Low,Pending
BR000425,TMS000536,C00097,Engineering,107,2025-06-05,Critical,Pending
BR000426,TMS000537,C00016,Engineering,139,2025-06-10,High,Pending
BR000427,TMS000538,C00065,Engineering,239,2025-06-05,High,Pending
BR000428,TMS000541,C00093,Engineering,40,2025-06-21,Medium,Pending
BR000429,TMS000542,C00093,Engineering,203,2025-06-10,Low,Pending
BR000430,TMS000543,C00028,Engineering,134,2025-06-12,Medium,Pending
BR000431,TMS000544,C00069,Engineering,183,2025-06-07,Low,Pending
BR000432,TMS000545,C00056,Engineering,92,2025-06-06,Medium,Pending
BR000433,TMS000546,C00028,Engineering,206,2025-06-13,High,Pending
BR000434,TMS000547,C00095,Engineering,233,2025-06-15,Medium,Pending
BR000435,TMS000549,C00099,Engineering,297,2025-06-03,High,Pending
BR000436,TMS000551,C00066,Engineering,159,2025-06-24,Low,Pending
BR000437,TMS000552,C00008,Engineering,134,2025-06-18,Medium,Pending
BR000438,TMS000554,C00026,Engineering,191,2025-06-11,Medium,Pending
BR000439,TMS000555,C00045,Engineering,84,2025-06-22,Medium,Pending
BR000440,TMS000556,C00068,Engineering,87,2025-06-17,Low,Pending
BR000441,TMS000557,C00041,Engineering,170,2025-06-25,Medium,Pending
BR000442,TMS000558,C00026,Engineering,101,2025-06-30,Low,Pending
BR000443,TMS000559,C00004,Engineering,233,2025-06-08,Low,Pending
BR000444,TMS000560,C00023,Engineering,289,2025-06-16,Medium,Pending
BR000445,TMS000562,C00030,Engineering,176,2025-06-24,Critical,Pending
BR000446,TMS000563,C00083,Engineering,42,2025-06-05,Medium,Pending
BR000447,TMS000565,C00006,Engineering,191,2025-06-21,Medium,Pending
BR000448,TMS000566,C00031,Engineering,31,2025-06-28,Medium,Pending
BR000449,TMS000567,C00051,Engineering,198,2025-06-03,Medium,Pending
BR000450,TMS000568,C00084,Engineering,240,2025-06-20,Medium,Pending
BR000451,TMS000569,C00006,Engineering,179,2025-06-27,Low,Pending
BR000452,TMS000570,C00075,Engineering,143,2025-06-13,Low,Pending
BR000453,TMS000572,C00028,Engineering,168,2025-06-13,Low,Pending
BR000454,TMS000573,C00023,Engineering,230,2025-06-30,High,Pending
BR000455,TMS000574,C00013,Engineering,130,2025-06-10,Medium,Pending
BR000456,TMS000575,C00025,Engineering,161,2025-06-27,Low,Pending
BR000457,TMS000579,C00051,Engineering,97,2025-06-13,Medium,Pending
BR000458,TMS000581,C00043,Engineering,124,2025-06-14,Medium,Pending
BR000459,TMS000583,C00100,Engineering,197,2025-06-10,High,Pending
BR000460,TMS000584,C00069,Engineering,107,2025-06-28,Medium,Pending
BR000461,TMS000585,C00039,Engineering,263,2025-06-10,Low,Pending
BR000462,TMS000586,C00041,Engineering,81,2025-06-02,Low,Pending
BR000463,TMS000587,C00041,Engineering,63,2025-06-18,Medium,Pending
BR000464,TMS000589,C00071,Engineering,152,2025-06-04,Medium,Pending
BR000465,TMS000591,C00079,Engineering,210,2025-06-18,High,Pending
BR000466,TMS000592,C00055,Engineering,181,2025-06-14,Low,Pending
BR000467,TMS000593,C00042,Engineering,127,2025-06-24,High,Pending
BR000468,TMS000595,C00038,Engineering,216,2025-06-06,Medium,Pending
BR000469,TMS000596,C00035,Engineering,135,2025-06-24,Medium,Pending
BR000470,TMS000597,C00053,Engineering,89,2025-06-17,Low,Pending
BR000471,TMS000598,C00014,Engineering,228,2025-06-29,High,Pending
BR000472,TMS000599,C00085,Engineering,148,2025-06-26,High,Pending
BR000473,TMS000600,C00041,Engineering,171,2025-06-06,Low,Pending
BR000474,TMS000601,C00031,Engineering,123,2025-06-16,Low,Pending
BR000475,TMS000602,C00092,Engineering,68,2025-06-07,Medium,Pending
BR000476,TMS000604,C00094,Engineering,70,2025-06-06,Medium,Pending
BR000477,TMS000605,C00024,Engineering,212,2025-06-02,Medium,Pending
BR000478,TMS000607,C00099,Engineering,71,2025-06-12,Medium,Pending
BR000479,TMS000608,C00093,Engineering,161,2025-06-19,Low,Pending
BR000480,TMS000609,C00045,Engineering,246,2025-06-14,High,Pending
BR000481,TMS000610,C00084,Engineering,210,2025-06-16,Medium,Pending
BR000482,TMS000612,C00062,Engineering,239,2025-06-24,Medium,Pending
BR000483,TMS000613,C00042,Engineering,271,2025-06-30,Critical,Pending
BR000484,TMS000614,C00049,Engineering,295,2025-06-02,Low,Pending
BR000485,TMS000615,C00071,Engineering,45,2025-06-01,Critical,Pending
BR000486,TMS000616,C00038,Engineering,157,2025-06-11,Low,Pending
BR000487,TMS000619,C00068,Engineering,216,2025-06-15,Medium,Pending
BR000488,TMS000620,C00009,Engineering,255,2025-06-07,High,Pending
BR000489,TMS000621,C00017,Engineering,138,2025-06-12,High,Pending
BR000490,TMS000623,C00091,Engineering,223,2025-06-03,Low,Pending
BR000491,TMS000624,C00048,Engineering,110,2025-06-30,Low,Pending
BR000492,TMS000626,C00075,Engineering,170,2025-06-05,Low,Pending
BR000493,TMS000627,C00092,Engineering,243,2025-06-18,High,Pending
BR000494,TMS000628,C00095,Engineering,225,2025-06-06,Medium,Pending
BR000495,TMS000629,C00065,Engineering,50,2025-06-28,Low,Pending
BR000496,TMS000630,C00048,Engineering,272,2025-06-19,Low,Pending
BR000497,TMS000631,C00096,Engineering,153,2025-06-14,High,Pending
BR000498,TMS000632,C00043,Engineering,127,2025-06-29,Low,Pending
BR000499,TMS000633,C00024,Engineering,179,2025-06-29,Medium,Pending
BR000500,TMS000634,C00039,Engineering,233,2025-06-22,High,Pending
BR000501,TMS000635,C00093,Engineering,157,2025-06-29,High,Pending
BR000502,TMS000636,C00061,Engineering,161,2025-06-26,Medium,Pending
BR000503,TMS000637,C00007,Engineering,236,2025-06-18,Low,Pending
BR000504,TMS000638,C00061,Engineering,66,2025-06-09,Low,Pending
BR000505,TMS000639,C00065,Engineering,42,2025-06-02,High,Pending
BR000506,TMS000640,C00065,Engineering,88,2025-06-03,Low,Pending
BR000507,TMS000641,C00073,Engineering,147,2025-06-07,High,Pending
BR000508,TMS000642,C00091,Engineering,89,2025-06-30,High,Pending
BR000509,TMS000644,C00033,Engineering,49,2025-06-07,Low,Pending
BR000510,TMS000645,C00085,Engineering,178,2025-06-06,High,Pending
BR000511,TMS000647,C00100,Engineering,248,2025-06-11,Low,Pending
BR000512,TMS000648,C00014,Engineering,138,2025-06-11,High,Pending
BR000513,TMS000650,C00067,Engineering,252,2025-06-03,Medium,Pending
BR000514,TMS000651,C00006,Engineering,351,2025-06-25,Critical,Pending
BR000515,TMS000653,C00062,Engineering,207,2025-06-02,Medium,Pending
BR000516,TMS000654,C00005,Engineering,98,2025-06-18,Critical,Pending
BR000517,TMS000655,C00098,Engineering,78,2025-06-12,Medium,Pending
BR000518,TMS000656,C00012,Engineering,239,2025-06-11,Low,Pending
BR000519,TMS000657,C00073,Engineering,165,2025-06-27,Low,Pending
BR000520,TMS000658,C00011,Engineering,95,2025-06-13,Medium,Pending
BR000521,TMS000659,C00007,Engineering,152,2025-06-22,Medium,Pending
BR000522,TMS000661,C00043,Engineering,253,2025-06-14,High,Pending
BR000523,TMS000664,C00097,Engineering,154,2025-06-17,Medium,Pending
BR000524,TMS000665,C00048,Engineering,134,2025-06-11,Medium,Pending
BR000525,TMS000666,C00063,Engineering,147,2025-06-22,Medium,Pending
BR000526,TMS000667,C00055,Engineering,78,2025-06-11,Low,Pending
BR000527,TMS000668,C00085,Engineering,129,2025-06-13,Low,Pending
BR000528,TMS000669,C00092,Engineering,239,2025-06-01,Medium,Pending
BR000529,TMS000671,C00083,Engineering,204,2025-06-07,High,Pending
BR000530,TMS000672,C00058,Engineering,40,2025-06-20,Critical,Pending
BR000531,TMS000673,C00003,Engineering,155,2025-06-23,High,Pending
BR000532,TMS000675,C00006,Engineering,134,2025-06-24,Medium,Pending
BR000533,TMS000676,C00063,Engineering,162,2025-06-15,Medium,Pending
BR000534,TMS000677,C00068,Engineering,182,2025-06-25,Low,Pending
BR000535,TMS000678,C00049,Engineering,99,2025-06-14,Low,Pending
BR000536,TMS000679,C00019,Engineering,34,2025-06-04,Medium,Pending
BR000537,TMS000680,C00100,Engineering,229,2025-06-18,Low,Pending
BR000538,TMS000681,C00011,Engineering,268,2025-06-22,Medium,Pending
BR000539,TMS000682,C00026,Engineering,265,2025-06-30,Medium,Pending
BR000540,TMS000683,C00097,Engineering,175,2025-06-09,Medium,Pending
BR000541,TMS000684,C00068,Engineering,176,2025-06-04,High,Pending
BR000542,TMS000685,C00078,Engineering,322,2025-06-19,High,Pending
BR000543,TMS000686,C00020,Engineering,144,2025-06-10,Low,Pending
BR000544,TMS000687,C00047,Engineering,165,2025-06-13,Low,Pending
BR000545,TMS000689,C00043,Engineering,95,2025-06-30,High,Pending
BR000546,TMS000691,C00072,Engineering,244,2025-06-16,High,Pending
BR000547,TMS000692,C00055,Engineering,276,2025-06-30,Critical,Pending
BR000548,TMS000693,C00098,Engineering,65,2025-06-22,High,Pending
BR000549,TMS000695,C00073,Engineering,198,2025-06-20,Low,Pending
BR000550,TMS000696,C00091,Engineering,295,2025-06-21,High,Pending
BR000551,TMS000697,C00074,Engineering,112,2025-06-14,Critical,Pending
BR000552,TMS000698,C00073,Engineering,107,2025-06-03,Medium,Pending
BR000553,TMS000699,C00053,Engineering,227,2025-06-08,Low,Pending
BR000554,TMS000701,C00045,Engineering,124,2025-06-11,High,Pending
BR000555,TMS000702,C00027,Engineering,166,2025-06-17,Medium,Pending
BR000556,TMS000703,C00054,Engineering,175,2025-06-11,Medium,Pending
BR000557,TMS000705,C00055,Engineering,98,2025-06-18,Low,Pending
BR000558,TMS000707,C00095,Engineering,213,2025-06-09,Medium,Pending
BR000559,TMS000708,C00047,Engineering,82,2025-06-16,Medium,Pending
BR000560,TMS000710,C00049,Engineering,162,2025-06-29,Critical,Pending
BR000561,TMS000711,C00099,Engineering,168,2025-06-18,Low,Pending
BR000562,TMS000714,C00068,Engineering,163,2025-06-21,High,Pending
BR000563,TMS000716,C00075,Engineering,204,2025-06-03,Low,Pending
BR000564,TMS000717,C00088,Engineering,83,2025-06-22,Low,Pending
BR000565,TMS000720,C00079,Engineering,210,2025-06-25,High,Pending
BR000566,TMS000722,C00048,Engineering,118,2025-06-04,Medium,Pending
BR000567,TMS000723,C00030,Engineering,176,2025-06-03,Medium,Pending
BR000568,TMS000724,C00072,Engineering,130,2025-06-27,Low,Pending
BR000569,TMS000726,C00076,Engineering,90,2025-06-23,Medium,Pending
BR000570,TMS000727,C00078,Engineering,211,2025-06-18,Critical,Pending
BR000571,TMS000728,C00054,Engineering,55,2025-06-30,High,Pending
BR000572,TMS000729,C00056,Engineering,133,2025-06-23,Low,Pending
BR000573,TMS000730,C00052,Engineering,174,2025-06-20,Medium,Pending
BR000574,TMS000731,C00047,Engineering,220,2025-06-09,Critical,Pending
BR000575,TMS000732,C00009,Engineering,95,2025-06-19,Low,Pending
BR000576,TMS000733,C00064,Engineering,113,2025-06-07,High,Pending
BR000577,TMS000734,C00074,Engineering,170,2025-06-18,High,Pending
BR000578,TMS000736,C00023,Engineering,252,2025-06-03,High,Pending
BR000579,TMS000737,C00068,Engineering,218,2025-06-14,Low,Pending
BR000580,TMS000738,C00018,Engineering,186,2025-06-14,Low,Pending
BR000581,TMS000739,C00100,Engineering,89,2025-06-10,Medium,Pending
BR000582,TMS000740,C00055,Engineering,215,2025-06-29,Low,Pending
BR000583,TMS000741,C00013,Engineering,132,2025-06-30,Low,Pending
BR000584,TMS000742,C00008,Engineering,249,2025-06-24,High,Pending
BR000585,TMS000744,C00093,Engineering,232,2025-06-18,Low,Pending
BR000586,TMS000745,C00008,Engineering,220,2025-06-06,Low,Pending
BR000587,TMS000748,C00027,Engineering,132,2025-06-05,High,Pending
BR000588,TMS000750,C00043,Engineering,87,2025-06-15,High,Pending
BR000589,TMS000751,C00014,Engineering,91,2025-06-04,Low,Pending
BR000590,TMS000752,C00097,Engineering,183,2025-06-25,Medium,Pending
BR000591,TMS000753,C00001,Engineering,146,2025-06-30,Low,Pending
BR000592,TMS000756,C00085,Engineering,185,2025-06-07,High,Pending
BR000593,TMS000757,C00028,Engineering,195,2025-06-19,Low,Pending
BR000594,TMS000758,C00019,Engineering,185,2025-06-19,High,Pending
BR000595,TMS000759,C00048,Engineering,218,2025-06-21,Critical,Pending
BR000596,TMS000761,C00072,Engineering,288,2025-06-01,Medium,Pending
BR000597,TMS000762,C00015,Engineering,174,2025-06-05,High,Pending
BR000598,TMS000765,C00049,Engineering,161,2025-06-01,High,Pending
BR000599,TMS000766,C00061,Engineering,176,2025-06-05,Low,Pending
BR000600,TMS000767,C00098,Engineering,209,2025-06-21,Medium,Pending
BR000601,TMS000768,C00060,Engineering,149,2025-06-10,Medium,Pending
BR000602,TMS000769,C00011,Engineering,220,2025-06-08,High,Pending
BR000603,TMS000770,C00066,Engineering,269,2025-06-25,Medium,Pending
BR000604,TMS000771,C00091,Engineering,72,2025-06-17,High,Pending
BR000605,TMS000772,C00034,Engineering,111,2025-06-20,Low,Pending
BR000606,TMS000774,C00006,Engineering,223,2025-06-07,Medium,Pending
BR000607,TMS000775,C00086,Engineering,242,2025-06-25,High,Pending
BR000608,TMS000776,C00031,Engineering,134,2025-06-20,Low,Pending
BR000609,TMS000778,C00080,Engineering,198,2025-06-01,Medium,Pending
BR000610,TMS000779,C00079,Engineering,162,2025-06-17,Medium,Pending
BR000611,TMS000780,C00029,Engineering,222,2025-06-19,Low,Pending
BR000612,TMS000784,C00061,Engineering,84,2025-06-28,Medium,Pending
BR000613,TMS000788,C00049,Engineering,201,2025-06-16,Low,Pending
BR000614,TMS000792,C00060,Engineering,206,2025-06-22,Medium,Pending
BR000615,TMS000793,C00079,Engineering,165,2025-06-09,Low,Pending
BR000616,TMS000794,C00069,Engineering,270,2025-06-04,Low,Pending
BR000617,TMS000795,C00042,Engineering,216,2025-06-30,Critical,Pending
BR000618,TMS000796,C00029,Engineering,165,2025-06-20,Medium,Pending
BR000619,TMS000797,C00002,Engineering,96,2025-06-22,Medium,Pending
BR000620,TMS000798,C00061,Engineering,216,2025-06-10,Medium,Pending
BR000621,TMS000801,C00065,Engineering,186,2025-06-23,Critical,Pending
BR000622,TMS000802,C00061,Engineering,190,2025-06-27,Medium,Pending
BR000623,TMS000803,C00053,Engineering,178,2025-06-16,Critical,Pending
BR000624,TMS000804,C00002,Engineering,165,2025-06-26,High,Pending
BR000625,TMS000806,C00024,Engineering,232,2025-06-02,High,Pending
BR000626,TMS000807,C00011,Engineering,298,2025-06-09,Critical,Pending
BR000627,TMS000808,C00072,Engineering,267,2025-06-23,Low,Pending
BR000628,TMS000809,C00006,Engineering,127,2025-06-23,Critical,Pending
BR000629,TMS000810,C00076,Engineering,81,2025-06-12,Medium,Pending
BR000630,TMS000811,C00077,Engineering,44,2025-06-02,High,Pending
BR000631,TMS000813,C00011,Engineering,98,2025-06-10,Low,Pending
BR000632,TMS000814,C00002,Engineering,244,2025-06-13,High,Pending
BR000633,TMS000817,C00010,Engineering,160,2025-06-08,Medium,Pending
BR000634,TMS000818,C00069,Engineering,200,2025-06-01,Critical,Pending
BR000635,TMS000819,C00052,Engineering,231,2025-06-04,High,Pending
BR000636,TMS000820,C00081,Engineering,135,2025-06-03,Low,Pending
BR000637,TMS000821,C00059,Engineering,205,2025-06-15,Low,Pending
BR000638,TMS000823,C00066,Engineering,152,2025-06-05,Medium,Pending
BR000639,TMS000824,C00099,Engineering,72,2025-06-04,Medium,Pending
BR000640,TMS000826,C00021,Engineering,138,2025-06-27,High,Pending
BR000641,TMS000827,C00064,Engineering,58,2025-06-18,Medium,Pending
BR000642,TMS000828,C00017,Engineering,61,2025-06-04,Low,Pending
BR000643,TMS000830,C00043,Engineering,104,2025-06-08,Medium,Pending
BR000644,TMS000831,C00014,Engineering,236,2025-06-06,Low,Pending
BR000645,TMS000832,C00057,Engineering,84,2025-06-04,Low,Pending
BR000646,TMS000834,C00004,Engineering,245,2025-06-15,Medium,Pending
BR000647,TMS000835,C00030,Engineering,175,2025-06-10,Medium,Pending
BR000648,TMS000836,C00062,Engineering,127,2025-06-19,Low,Pending
BR000649,TMS000837,C00047,Engineering,69,2025-06-18,Low,Pending
BR000650,TMS000838,C00033,Engineering,130,2025-06-16,Low,Pending
BR000651,TMS000839,C00029,Engineering,196,2025-06-21,Low,Pending
BR000652,TMS000840,C00051,Engineering,180,2025-06-18,Low,Pending
BR000653,TMS000841,C00057,Engineering,189,2025-06-18,Medium,Pending
BR000654,TMS000842,C00046,Engineering,38,2025-06-13,Medium,Pending
BR000655,TMS000843,C00010,Engineering,280,2025-06-21,Low,Pending
BR000656,TMS000844,C00013,Engineering,95,2025-06-19,Critical,Pending
BR000657,TMS000845,C00073,Engineering,261,2025-06-01,Low,Pending
BR000658,TMS000846,C00083,Engineering,111,2025-06-03,Low,Pending
BR000659,TMS000847,C00083,Engineering,34,2025-06-13,Medium,Pending
BR000660,TMS000848,C00009,Engineering,108,2025-06-06,Critical,Pending
BR000661,TMS000850,C00007,Engineering,88,2025-06-08,Medium,Pending
BR000662,TMS000851,C00058,Engineering,62,2025-06-19,Critical,Pending
BR000663,TMS000852,C00092,Engineering,250,2025-06-15,Critical,Pending
BR000664,TMS000853,C00086,Engineering,159,2025-06-15,Low,Pending
BR000665,TMS000854,C00015,Engineering,229,2025-06-05,Medium,Pending
BR000666,TMS000855,C00082,Engineering,237,2025-06-09,Medium,Pending
BR000667,TMS000856,C00099,Engineering,158,2025-06-23,Medium,Pending
BR000668,TMS000857,C00039,Engineering,234,2025-06-12,Low,Pending
BR000669,TMS000858,C00075,Engineering,166,2025-06-03,High,Pending
BR000670,TMS000859,C00017,Engineering,43,2025-06-29,Medium,Pending
BR000671,TMS000860,C00039,Engineering,188,2025-06-18,High,Pending
BR000672,TMS000861,C00092,Engineering,243,2025-06-28,Low,Pending
BR000673,TMS000862,C00094,Engineering,38,2025-06-27,Medium,Pending
BR000674,TMS000863,C00088,Engineering,145,2025-06-23,Medium,Pending
BR000675,TMS000864,C00069,Engineering,260,2025-06-19,Critical,Pending
BR000676,TMS000865,C00097,Engineering,76,2025-06-11,Low,Pending
BR000677,TMS000866,C00082,Engineering,45,2025-06-18,Critical,Pending
BR000678,TMS000870,C00052,Engineering,220,2025-06-21,Critical,Pending
BR000679,TMS000871,C00100,Engineering,163,2025-06-17,Medium,Pending
BR000680,TMS000872,C00019,Engineering,189,2025-06-18,Medium,Pending
BR000681,TMS000874,C00060,Engineering,134,2025-06-28,Medium,Pending
BR000682,TMS000875,C00055,Engineering,51,2025-06-20,High,Pending
BR000683,TMS000877,C00071,Engineering,245,2025-06-20,Medium,Pending
BR000684,TMS000879,C00019,Engineering,183,2025-06-29,Low,Pending
BR000685,TMS000880,C00032,Engineering,54,2025-06-28,Critical,Pending
BR000686,TMS000881,C00049,Engineering,171,2025-06-26,High,Pending
BR000687,TMS000882,C00097,Engineering,71,2025-06-30,Critical,Pending
BR000688,TMS000883,C00023,Engineering,86,2025-06-17,High,Pending
BR000689,TMS000884,C00049,Engineering,304,2025-06-15,Medium,Pending
BR000690,TMS000885,C00007,Engineering,115,2025-06-01,Medium,Pending
BR000691,TMS000888,C00086,Engineering,116,2025-06-03,High,Pending
BR000692,TMS000889,C00093,Engineering,145,2025-06-27,Medium,Pending
BR000693,TMS000890,C00066,Engineering,180,2025-06-18,High,Pending
BR000694,TMS000892,C00027,Engineering,241,2025-06-07,Low,Pending
BR000695,TMS000893,C00028,Engineering,78,2025-06-20,Low,Pending
BR000696,TMS000894,C00074,Engineering,61,2025-06-26,Low,Pending
BR000697,TMS000895,C00032,Engineering,61,2025-06-02,Medium,Pending
BR000698,TMS000896,C00038,Engineering,150,2025-06-16,High,Pending
BR000699,TMS000897,C00086,Engineering,204,2025-06-08,Medium,Pending
BR000700,TMS000898,C00044,Engineering,180,2025-06-11,Medium,Pending
BR000701,TMS000900,C00087,Engineering,75,2025-06-15,Critical,Pending
BR000702,TMS000901,C00040,Engineering,104,2025-06-23,Low,Pending
BR000703,TMS000903,C00032,Engineering,130,2025-06-05,Medium,Pending
BR000704,TMS000904,C00068,Engineering,138,2025-06-04,Medium,Pending
BR000705,TMS000908,C00057,Engineering,190,2025-06-06,Medium,Pending
BR000706,TMS000910,C00014,Engineering,248,2025-06-17,Low,Pending
BR000707,TMS000911,C00036,Engineering,171,2025-06-20,High,Pending
BR000708,TMS000912,C00010,Engineering,228,2025-06-23,Low,Pending
BR000709,TMS000914,C00041,Engineering,82,2025-06-24,Medium,Pending
BR000710,TMS000915,C00044,Engineering,53,2025-06-29,Medium,Pending
BR000711,TMS000918,C00078,Engineering,77,2025-06-25,High,Pending
BR000712,TMS000920,C00064,Engineering,292,2025-06-29,Medium,Pending
BR000713,TMS000921,C00006,Engineering,132,2025-06-06,Medium,Pending
BR000714,TMS000923,C00010,Engineering,43,2025-06-16,Low,Pending
BR000715,TMS000924,C00098,Engineering,182,2025-06-29,Low,Pending
BR000716,TMS000925,C00018,Engineering,134,2025-06-09,Low,Pending
BR000717,TMS000927,C00026,Engineering,117,2025-06-03,High,Pending
BR000718,TMS000928,C00048,Engineering,106,2025-06-06,Medium,Pending
BR000719,TMS000929,C00023,Engineering,117,2025-06-07,High,Pending
BR000720,TMS000930,C00027,Engineering,243,2025-06-09,Critical,Pending
BR000721,TMS000931,C00023,Engineering,180,2025-06-29,Medium,Pending
BR000722,TMS000932,C00077,Engineering,137,2025-06-27,High,Pending
BR000723,TMS000934,C00040,Engineering,45,2025-06-28,Medium,Pending
BR000724,TMS000935,C00052,Engineering,161,2025-06-16,Low,Pending
BR000725,TMS000936,C00035,Engineering,148,2025-06-12,Medium,Pending
BR000726,TMS000937,C00047,Engineering,70,2025-06-02,Medium,Pending
BR000727,TMS000938,C00012,Engineering,106,2025-06-05,Medium,Pending
BR000728,TMS000939,C00049,Engineering,92,2025-06-10,Medium,Pending
BR000729,TMS000942,C00080,Engineering,125,2025-06-09,Medium,Pending
BR000730,TMS000943,C00002,Engineering,114,2025-06-21,Low,Pending
BR000731,TMS000944,C00040,Engineering,122,2025-06-30,Low,Pending
BR000732,TMS000945,C00072,Engineering,62,2025-06-23,Low,Pending
BR000733,TMS000946,C00001,Engineering,181,2025-06-24,High,Pending
BR000734,TMS000947,C00003,Engineering,166,2025-06-04,Medium,Pending
BR000735,TMS000949,C00052,Engineering,248,2025-06-27,High,Pending
BR000736,TMS000951,C00093,Engineering,176,2025-06-29,Critical,Pending
BR000737,TMS000952,C00004,Engineering,58,2025-06-05,High,Pending
BR000738,TMS000954,C00095,Engineering,71,2025-06-23,Low,Pending
BR000739,TMS000955,C00024,Engineering,101,2025-06-01,High,Pending
BR000740,TMS000958,C00049,Engineering,196,2025-06-23,Medium,Pending
BR000741,TMS000959,C00046,Engineering,128,2025-06-05,High,Pending
BR000742,TMS000960,C00053,Engineering,160,2025-06-02,Medium,Pending
BR000743,TMS000962,C00006,Engineering,253,2025-06-16,Low,Pending
BR000744,TMS000963,C00097,Engineering,156,2025-06-08,Medium,Pending
BR000745,TMS000964,C00072,Engineering,44,2025-06-28,Medium,Pending
BR000746,TMS000965,C00095,Engineering,178,2025-06-01,Medium,Pending
BR000747,TMS000966,C00055,Engineering,132,2025-06-03,Critical,Pending
BR000748,TMS000968,C00041,Engineering,316,2025-06-28,Critical,Pending
BR000749,TMS000969,C00043,Engineering,254,2025-06-02,High,Pending
BR000750,TMS000972,C00036,Engineering,35,2025-06-09,Medium,Pending
BR000751,TMS000973,C00085,Engineering,315,2025-06-08,Critical,Pending
BR000752,TMS000974,C00026,Engineering,226,2025-06-15,Medium,Pending
BR000753,TMS000975,C00092,Engineering,192,2025-06-29,Medium,Pending
BR000754,TMS000977,C00045,Engineering,128,2025-06-03,Medium,Pending
BR000755,TMS000978,C00057,Engineering,184,2025-06-26,Medium,Pending
BR000756,TMS000979,C00070,Engineering,53,2025-06-29,Low,Pending
BR000757,TMS000982,C00025,Engineering,279,2025-06-12,Low,Pending
BR000758,TMS000983,C00002,Engineering,268,2025-06-04,Low,Pending
BR000759,TMS000984,C00079,Engineering,170,2025-06-19,Medium,Pending
BR000760,TMS000985,C00091,Engineering,142,2025-06-22,Low,Pending
BR000761,TMS000986,C00065,Engineering,132,2025-06-08,Medium,Pending
BR000762,TMS000987,C00069,Engineering,57,2025-06-19,Medium,Pending
BR000763,TMS000989,C00068,Engineering,265,2025-06-14,High,Pending
BR000764,TMS000990,C00061,Engineering,273,2025-06-06,High,Pending
BR000765,TMS000991,C00044,Engineering,263,2025-06-03,High,Pending
BR000766,TMS000992,C00018,Engineering,116,2025-06-19,Low,Pending
BR000767,TMS000995,C00046,Engineering,253,2025-06-30,Critical,Pending
BR000768,TMS000996,C00090,Engineering,327,2025-06-07,Critical,Pending
BR000769,TMS000998,C00071,Engineering,153,2025-06-03,Medium,Pending
BR000770,TMS000999,C00028,Engineering,97,2025-06-30,Low,Pending
BR000771,TMS001000,C00085,Engineering,106,2025-06-07,Medium,Pending
BR000772,TMS001001,C00050,Engineering,108,2025-06-03,Medium,Pending
BR000773,TMS001002,C00039,Engineering,108,2025-06-16,High,Pending
BR000774,TMS001004,C00077,Engineering,33,2025-06-09,Low,Pending
BR000775,TMS001005,C00068,Engineering,158,2025-06-26,Medium,Pending
BR000776,TMS001006,C00017,Engineering,109,2025-06-08,Low,Pending
BR000777,TMS001007,C00013,Engineering,55,2025-06-29,Low,Pending
BR000778,TMS001008,C00034,Engineering,264,2025-06-10,Critical,Pending
BR000779,TMS001009,C00028,Engineering,131,2025-06-04,Medium,Pending
BR000780,TMS001011,C00071,Engineering,171,2025-06-11,High,Pending
BR000781,TMS001012,C00080,Engineering,309,2025-06-24,Critical,Pending
BR000782,TMS001013,C00087,Engineering,202,2025-06-07,Low,Pending
BR000783,TMS001014,C00068,Engineering,72,2025-06-23,High,Pending
BR000784,TMS001015,C00040,Engineering,125,2025-06-06,High,Pending
BR000785,TMS001018,C00047,Engineering,233,2025-06-22,High,Pending
BR000786,TMS001019,C00064,Engineering,140,2025-06-15,Low,Pending
BR000787,TMS001020,C00018,Engineering,114,2025-06-19,Medium,Pending
BR000788,TMS001022,C00017,Engineering,87,2025-06-18,Low,Pending
BR000789,TMS001023,C00070,Engineering,99,2025-06-21,Low,Pending
BR000790,TMS001024,C00059,Engineering,208,2025-06-15,High,Pending
BR000791,TMS001026,C00100,Engineering,191,2025-06-22,Medium,Pending
BR000792,TMS001027,C00032,Engineering,221,2025-06-14,High,Pending
BR000793,TMS001028,C00080,Engineering,267,2025-06-19,Medium,Pending
BR000794,TMS001029,C00067,Engineering,194,2025-06-01,High,Pending
BR000795,TMS001030,C00053,Engineering,136,2025-06-08,Medium,Pending
BR000796,TMS001032,C00087,Engineering,131,2025-06-05,Low,Pending
BR000797,TMS001034,C00098,Engineering,188,2025-06-10,Medium,Pending
BR000798,TMS001035,C00078,Engineering,210,2025-06-20,Medium,Pending
BR000799,TMS001036,C00098,Engineering,126,2025-06-27,Medium,Pending
BR000800,TMS001037,C00052,Engineering,43,2025-06-30,High,Pending
BR000801,TMS001039,C00020,Engineering,82,2025-06-17,Low,Pending
BR000802,TMS001041,C00036,Engineering,168,2025-06-16,Medium,Pending
BR000803,TMS001042,C00065,Engineering,66,2025-06-30,High,Pending
BR000804,TMS001043,C00004,Engineering,149,2025-06-19,High,Pending
BR000805,TMS001044,C00089,Engineering,322,2025-06-07,Critical,Pending
BR000806,TMS001046,C00018,Engineering,42,2025-06-09,Low,Pending
BR000807,TMS001047,C00041,Engineering,155,2025-06-05,Medium,Pending
BR000808,TMS001049,C00048,Engineering,47,2025-06-29,Medium,Pending
BR000809,TMS001050,C00067,Engineering,178,2025-06-14,Medium,Pending
BR000810,TMS001051,C00012,Engineering,81,2025-06-09,Medium,Pending
BR000811,TMS001054,C00007,Engineering,183,2025-06-13,Low,Pending
BR000812,TMS001056,C00074,Engineering,168,2025-06-25,Low,Pending
BR000813,TMS001058,C00090,Engineering,222,2025-06-01,Low,Pending
BR000814,TMS001059,C00077,Engineering,55,2025-06-26,High,Pending
BR000815,TMS001060,C00056,Engineering,106,2025-06-22,High,Pending
BR000816,TMS001061,C00026,Engineering,95,2025-06-25,High,Pending
BR000817,TMS001062,C00069,Engineering,232,2025-06-13,Medium,Pending
BR000818,TMS001063,C00030,Engineering,61,2025-06-26,Low,Pending
BR000819,TMS001064,C00050,Engineering,190,2025-06-02,Medium,Pending
BR000820,TMS001065,C00065,Engineering,73,2025-06-01,Critical,Pending
BR000821,TMS001066,C00071,Engineering,154,2025-06-27,Low,Pending
BR000822,TMS001067,C00040,Engineering,300,2025-06-13,Critical,Pending
BR000823,TMS001069,C00095,Engineering,191,2025-06-23,Medium,Pending
BR000824,TMS001070,C00063,Engineering,192,2025-06-12,Medium,Pending
BR000825,TMS001071,C00089,Engineering,66,2025-06-10,Medium,Pending
BR000826,TMS001072,C00047,Engineering,127,2025-06-13,Medium,Pending
BR000827,TMS001073,C00001,Engineering,212,2025-06-14,Critical,Pending
BR000828,TMS001074,C00002,Engineering,110,2025-06-26,Low,Pending
BR000829,TMS001075,C00015,Engineering,71,2025-06-20,Low,Pending
BR000830,TMS001076,C00025,Engineering,336,2025-06-05,Critical,Pending
BR000831,TMS001079,C00066,Engineering,177,2025-06-14,High,Pending
BR000832,TMS001080,C00022,Engineering,104,2025-06-19,Low,Pending
BR000833,TMS001082,C00046,Engineering,151,2025-06-21,Medium,Pending
BR000834,TMS001084,C00064,Engineering,166,2025-06-01,Low,Pending
BR000835,TMS001085,C00046,Engineering,101,2025-06-25,High,Pending
BR000836,TMS001086,C00089,Engineering,110,2025-06-19,Medium,Pending
BR000837,TMS001087,C00073,Engineering,210,2025-06-25,High,Pending
BR000838,TMS001088,C00063,Engineering,227,2025-06-09,Low,Pending
BR000839,TMS001089,C00080,Engineering,171,2025-06-13,Low,Pending
BR000840,TMS001090,C00050,Engineering,146,2025-06-28,Medium,Pending
BR000841,TMS001091,C00018,Engineering,215,2025-06-30,High,Pending
BR000842,TMS001092,C00092,Engineering,167,2025-06-19,High,Pending
BR000843,TMS001093,C00040,Engineering,50,2025-06-13,High,Pending
BR000844,TMS001094,C00069,Engineering,226,2025-06-25,Critical,Pending
BR000845,TMS001095,C00003,Engineering,137,2025-06-04,Medium,Pending
BR000846,TMS001096,C00086,Engineering,53,2025-06-09,Medium,Pending
BR000847,TMS001097,C00041,Engineering,135,2025-06-13,Low,Pending
BR000848,TMS001098,C00030,Engineering,58,2025-06-13,Low,Pending
BR000849,TMS001099,C00043,Engineering,138,2025-06-04,Low,Pending
BR000850,TMS001100,C00040,Engineering,105,2025-06-22,Low,Pending
BR000851,TMS001101,C00052,Engineering,43,2025-06-05,Medium,Pending
BR000852,TMS001103,C00081,Engineering,153,2025-06-01,Medium,Pending
BR000853,TMS001104,C00030,Engineering,142,2025-06-25,Low,Pending
BR000854,TMS001106,C00086,Engineering,137,2025-06-14,Medium,Pending
BR000855,TMS001107,C00035,Engineering,165,2025-06-20,Medium,Pending
BR000856,TMS001109,C00014,Engineering,132,2025-06-15,Low,Pending
BR000857,TMS001110,C00065,Engineering,74,2025-06-19,High,Pending
BR000858,TMS001111,C00090,Engineering,66,2025-06-18,High,Pending
BR000859,TMS001112,C00068,Engineering,183,2025-06-01,Medium,Pending
BR000860,TMS001113,C00097,Engineering,86,2025-06-28,Low,Pending
BR000861,TMS001114,C00027,Engineering,187,2025-06-17,Medium,Pending
BR000862,TMS001115,C00082,Engineering,60,2025-06-23,High,Pending
BR000863,TMS001116,C00095,Engineering,210,2025-06-08,High,Pending
BR000864,TMS001118,C00042,Engineering,175,2025-06-06,Medium,Pending
BR000865,TMS001119,C00047,Engineering,153,2025-06-14,Medium,Pending
BR000866,TMS001120,C00006,Engineering,182,2025-06-25,Low,Pending
BR000867,TMS001122,C00022,Engineering,201,2025-06-15,Medium,Pending
BR000868,TMS001123,C00018,Engineering,192,2025-06-17,Low,Pending
BR000869,TMS001124,C00077,Engineering,164,2025-06-17,Medium,Pending
BR000870,TMS001125,C00020,Engineering,225,2025-06-18,Low,Pending
BR000871,TMS001126,C00081,Engineering,143,2025-06-02,High,Pending
BR000872,TMS001127,C00081,Engineering,282,2025-06-01,Critical,Pending
BR000873,TMS001128,C00073,Engineering,68,2025-06-19,Low,Pending
BR000874,TMS001129,C00076,Engineering,87,2025-06-22,Medium,Pending
BR000875,TMS001130,C00007,Engineering,214,2025-06-12,Medium,Pending
BR000876,TMS001132,C00095,Engineering,125,2025-06-18,High,Pending
BR000877,TMS001134,C00066,Engineering,168,2025-06-20,Low,Pending
BR000878,TMS001135,C00043,Engineering,330,2025-06-06,Critical,Pending
BR000879,TMS001136,C00100,Engineering,250,2025-06-26,Critical,Pending
BR000880,TMS001137,C00049,Engineering,70,2025-06-22,Low,Pending
BR000881,TMS001138,C00063,Engineering,168,2025-06-10,Medium,Pending
BR000882,TMS001140,C00023,Engineering,189,2025-06-02,High,Pending
BR000883,TMS001141,C00052,Engineering,131,2025-06-08,Medium,Pending
BR000884,TMS001142,C00045,Engineering,162,2025-06-08,Low,Pending
BR000885,TMS001143,C00096,Engineering,219,2025-06-04,Medium,Pending
BR000886,TMS001144,C00020,Engineering,134,2025-06-15,Medium,Pending
BR000887,TMS001145,C00008,Engineering,143,2025-06-05,High,Pending
BR000888,TMS001146,C00052,Engineering,254,2025-06-30,Medium,Pending
BR000889,TMS001147,C00068,Engineering,40,2025-06-30,High,Pending
BR000890,TMS001148,C00044,Engineering,70,2025-06-16,High,Pending
BR000891,TMS001149,C00041,Engineering,102,2025-06-13,High,Pending
BR000892,TMS001150,C00036,Engineering,168,2025-06-11,Low,Pending
BR000893,TMS001151,C00047,Engineering,327,2025-06-19,Critical,Pending
BR000894,TMS001154,C00025,Engineering,225,2025-06-15,Medium,Pending
BR000895,TMS001156,C00008,Engineering,94,2025-06-22,Low,Pending
BR000896,TMS001158,C00051,Engineering,110,2025-06-01,Medium,Pending
BR000897,TMS001160,C00085,Engineering,124,2025-06-06,Medium,Pending
BR000898,TMS001161,C00094,Engineering,128,2025-06-16,Low,Pending
BR000899,TMS001163,C00046,Engineering,141,2025-06-22,Low,Pending
BR000900,TMS001167,C00045,Engineering,33,2025-06-30,Low,Pending
BR000901,TMS001169,C00063,Engineering,189,2025-06-25,Medium,Pending
BR000902,TMS001170,C00094,Engineering,56,2025-06-03,Low,Pending
BR000903,TMS001172,C00062,Engineering,127,2025-06-05,Medium,Pending
BR000904,TMS001176,C00011,Engineering,203,2025-06-16,Critical,Pending
BR000905,TMS001178,C00061,Engineering,186,2025-06-23,Medium,Pending
BR000906,TMS001179,C00019,Engineering,102,2025-06-14,Medium,Pending
BR000907,TMS001180,C00011,Engineering,207,2025-06-17,Low,Pending
BR000908,TMS001181,C00047,Engineering,148,2025-06-02,Low,Pending
BR000909,TMS001182,C00056,Engineering,158,2025-06-20,Medium,Pending
BR000910,TMS001184,C00060,Engineering,231,2025-06-12,Critical,Pending
BR000911,TMS001185,C00050,Engineering,46,2025-06-16,Low,Pending
BR000912,TMS001187,C00100,Engineering,78,2025-06-28,High,Pending
BR000913,TMS001188,C00055,Engineering,68,2025-06-11,Medium,Pending
BR000914,TMS001190,C00001,Engineering,76,2025-06-21,High,Pending
BR000915,TMS001191,C00001,Engineering,155,2025-06-16,High,Pending
BR000916,TMS001192,C00065,Engineering,301,2025-06-27,Low,Pending
BR000917,TMS001193,C00042,Engineering,95,2025-06-05,Low,Pending
BR000918,TMS001197,C00098,Engineering,200,2025-06-29,Critical,Pending
BR000919,TMS001198,C00008,Engineering,64,2025-06-14,High,Pending
BR000920,TMS001199,C00080,Engineering,149,2025-06-20,Low,Pending
BR000921,TMS001200,C00045,Engineering,121,2025-06-01,Medium,Pending
BR000922,TMS001202,C00024,Engineering,97,2025-06-11,High,Pending
BR000923,TMS001203,C00072,Engineering,149,2025-06-20,High,Pending
BR000924,TMS001204,C00082,Engineering,49,2025-06-21,Low,Pending
BR000925,TMS001205,C00078,Engineering,151,2025-06-20,Low,Pending
BR000926,TMS001206,C00042,Engineering,145,2025-06-02,Medium,Pending
BR000927,TMS001207,C00100,Engineering,140,2025-06-27,Low,Pending
BR000928,TMS001208,C00007,Engineering,105,2025-06-03,Low,Pending
BR000929,TMS001209,C00032,Engineering,141,2025-06-05,High,Pending
BR000930,TMS001210,C00016,Engineering,196,2025-06-27,Low,Pending
BR000931,TMS001211,C00049,Engineering,143,2025-06-09,Medium,Pending
BR000932,TMS001212,C00084,Engineering,216,2025-06-03,High,Pending
BR000933,TMS001213,C00012,Engineering,47,2025-06-24,High,Pending
BR000934,TMS001214,C00051,Engineering,235,2025-06-27,Low,Pending
BR000935,TMS001215,C00009,Engineering,47,2025-06-19,High,Pending
BR000936,TMS001216,C00007,Engineering,162,2025-06-18,Medium,Pending
BR000937,TMS001217,C00100,Engineering,147,2025-06-09,High,Pending
BR000938,TMS001221,C00063,Engineering,265,2025-06-27,Low,Pending
BR000939,TMS001224,C00031,Engineering,156,2025-06-16,Medium,Pending
BR000940,TMS001225,C00037,Engineering,161,2025-06-17,Low,Pending
BR000941,TMS001226,C00075,Engineering,240,2025-06-12,Critical,Pending
BR000942,TMS001227,C00046,Engineering,152,2025-06-26,Low,Pending
BR000943,TMS001228,C00043,Engineering,142,2025-06-18,Medium,Pending
BR000944,TMS001229,C00086,Engineering,155,2025-06-26,Low,Pending
BR000945,TMS001230,C00076,Engineering,84,2025-06-15,High,Pending
BR000946,TMS001231,C00014,Engineering,250,2025-06-06,High,Pending
BR000947,TMS001233,C00056,Engineering,171,2025-06-08,Medium,Pending
BR000948,TMS001236,C00062,Engineering,116,2025-06-21,High,Pending
BR000949,TMS001237,C00009,Engineering,171,2025-06-22,Low,Pending
BR000950,TMS001238,C00057,Engineering,67,2025-06-22,Low,Pending
BR000951,TMS001240,C00008,Engineering,105,2025-06-14,Low,Pending
BR000952,TMS001241,C00036,Engineering,212,2025-06-25,Medium,Pending
BR000953,TMS001242,C00067,Engineering,91,2025-06-28,Low,Pending
BR000954,TMS001244,C00019,Engineering,237,2025-06-13,Medium,Pending
BR000955,TMS001245,C00076,Engineering,46,2025-06-25,Low,Pending
BR000956,TMS001246,C00096,Engineering,170,2025-06-15,Low,Pending
BR000957,TMS001247,C00040,Engineering,81,2025-06-03,Low,Pending
BR000958,TMS001248,C00017,Engineering,162,2025-06-29,Medium,Pending
BR000959,TMS001249,C00061,Engineering,83,2025-06-02,Low,Pending
BR000960,TMS001251,C00029,Engineering,152,2025-06-24,Medium,Pending
BR000961,TMS001253,C00033,Engineering,146,2025-06-02,Medium,Pending
BR000962,TMS001254,C00035,Engineering,222,2025-06-11,High,Pending
BR000963,TMS001255,C00008,Engineering,37,2025-06-04,Low,Pending
BR000964,TMS001256,C00088,Engineering,261,2025-06-15,High,Pending
BR000965,TMS001257,C00033,Engineering,264,2025-06-14,Critical,Pending
BR000966,TMS001258,C00093,Engineering,231,2025-06-25,Low,Pending
BR000967,TMS001259,C00055,Engineering,72,2025-06-20,Medium,Pending
BR000968,TMS001260,C00050,Engineering,169,2025-06-02,High,Pending
BR000969,TMS001261,C00067,Engineering,161,2025-06-27,Low,Pending
BR000970,TMS001262,C00092,Engineering,258,2025-06-02,High,Pending
BR000971,TMS001263,C00040,Engineering,59,2025-06-04,Low,Pending
BR000972,TMS001264,C00009,Engineering,170,2025-06-30,Medium,Pending
BR000973,TMS001265,C00081,Engineering,123,2025-06-13,Low,Pending
BR000974,TMS001266,C00006,Engineering,37,2025-06-24,High,Pending
BR000975,TMS001267,C00032,Engineering,44,2025-06-10,Low,Pending
BR000976,TMS001268,C00046,Engineering,180,2025-06-13,High,Pending
BR000977,TMS001271,C00085,Engineering,264,2025-06-12,Critical,Pending
BR000978,TMS001273,C00082,Engineering,31,2025-06-25,Low,Pending
BR000979,TMS001276,C00084,Engineering,98,2025-06-27,Low,Pending
BR000980,TMS001277,C00052,Engineering,202,2025-06-19,High,Pending
BR000981,TMS001278,C00049,Engineering,184,2025-06-25,Low,Pending
BR000982,TMS001280,C00007,Engineering,145,2025-06-10,Low,Pending
BR000983,TMS001281,C00062,Engineering,216,2025-06-14,Low,Pending
BR000984,TMS001282,C00060,Engineering,98,2025-06-07,High,Pending
BR000985,TMS001283,C00091,Engineering,119,2025-06-18,High,Pending
BR000986,TMS001285,C00045,Engineering,216,2025-06-17,High,Pending
BR000987,TMS001286,C00041,Engineering,122,2025-06-20,Medium,Pending
BR000988,TMS001287,C00029,Engineering,87,2025-06-24,Medium,Pending
BR000989,TMS001288,C00036,Engineering,63,2025-06-30,Low,Pending
BR000990,TMS001289,C00063,Engineering,272,2025-06-10,High,Pending
BR000991,TMS001290,C00030,Engineering,128,2025-06-12,Low,Pending
BR000992,TMS001291,C00056,Engineering,111,2025-06-21,Low,Pending
BR000993,TMS001292,C00073,Engineering,102,2025-06-02,High,Pending
BR000994,TMS001293,C00013,Engineering,191,2025-06-04,High,Pending
BR000995,TMS001294,C00063,Engineering,116,2025-06-13,Low,Pending
BR000996,TMS001295,C00063,Engineering,224,2025-06-09,Medium,Pending
BR000997,TMS001296,C00007,Engineering,234,2025-06-01,High,Pending
BR000998,TMS001298,C00088,Engineering,146,2025-06-03,Medium,Pending
BR000999,TMS001299,C00002,Engineering,220,2025-06-03,Critical,Pending
BR001000,TMS001300,C00071,Engineering,134,2025-06-30,Medium,Pending
BR001001,TMS001301,C00014,Engineering,111,2025-06-26,Medium,Pending
BR001002,TMS001302,C00079,Engineering,77,2025-06-21,Low,Pending
BR001003,TMS001303,C00005,Engineering,173,2025-06-21,Medium,Pending
BR001004,TMS001304,C00019,Engineering,149,2025-06-28,Critical,Pending
BR001005,TMS001305,C00091,Engineering,210,2025-06-22,Low,Pending
BR001006,TMS001306,C00094,Engineering,56,2025-06-09,Critical,Pending
BR001007,TMS001307,C00044,Engineering,190,2025-06-05,Low,Pending
BR001008,TMS001308,C00069,Engineering,210,2025-06-13,Medium,Pending
BR001009,TMS001309,C00061,Engineering,167,2025-06-09,High,Pending
BR001010,TMS001310,C00085,Engineering,152,2025-06-17,Critical,Pending
BR001011,TMS001312,C00096,Engineering,126,2025-06-21,Low,Pending
BR001012,TMS001313,C00088,Engineering,134,2025-06-09,Critical,Pending
BR001013,TMS001315,C00087,Engineering,114,2025-06-06,Medium,Pending
BR001014,TMS001316,C00003,Engineering,83,2025-06-09,Low,Pending
BR001015,TMS001317,C00061,Engineering,190,2025-06-01,Low,Pending
BR001016,TMS001318,C00069,Engineering,282,2025-06-28,Medium,Pending
BR001017,TMS001319,C00088,Engineering,163,2025-06-13,Medium,Pending
BR001018,TMS001320,C00016,Engineering,80,2025-06-09,Medium,Pending
BR001019,TMS001321,C00097,Engineering,85,2025-06-01,High,Pending
BR001020,TMS001323,C00097,Engineering,155,2025-06-20,Low,Pending
BR001021,TMS001324,C00083,Engineering,202,2025-06-28,High,Pending
BR001022,TMS001325,C00029,Engineering,248,2025-06-07,Low,Pending
BR001023,TMS001326,C00023,Engineering,97,2025-06-21,Medium,Pending
BR001024,TMS001327,C00047,Engineering,66,2025-06-20,Medium,Pending
BR001025,TMS001328,C00013,Engineering,239,2025-06-08,Critical,Pending
BR001026,TMS001330,C00088,Engineering,253,2025-06-06,Critical,Pending
BR001027,TMS001333,C00039,Engineering,219,2025-06-28,Low,Pending
BR001028,TMS001335,C00073,Engineering,50,2025-06-26,Low,Pending
BR001029,TMS001336,C00097,Engineering,202,2025-06-20,Medium,Pending
BR001030,TMS001337,C00013,Engineering,215,2025-06-19,Low,Pending
BR001031,TMS001338,C00014,Engineering,76,2025-06-02,Low,Pending
BR001032,TMS001339,C00094,Engineering,144,2025-06-20,Medium,Pending
BR001033,TMS001341,C00036,Engineering,171,2025-06-27,Medium,Pending
BR001034,TMS001342,C00087,Engineering,93,2025-06-23,Medium,Pending
BR001035,TMS001343,C00041,Engineering,144,2025-06-24,Medium,Pending
BR001036,TMS001345,C00095,Engineering,96,2025-06-12,High,Pending
BR001037,TMS001346,C00056,Engineering,163,2025-06-25,Medium,Pending
BR001038,TMS001348,C00025,Engineering,177,2025-06-07,Medium,Pending
BR001039,TMS001349,C00036,Engineering,131,2025-06-28,Low,Pending
BR001040,TMS001350,C00057,Engineering,67,2025-06-21,Low,Pending
BR001041,TMS001351,C00075,Engineering,198,2025-06-22,Medium,Pending
BR001042,TMS001353,C00065,Engineering,113,2025-06-14,Medium,Pending
BR001043,TMS001354,C00046,Engineering,89,2025-06-05,High,Pending
BR001044,TMS001355,C00091,Engineering,238,2025-06-21,Low,Pending
BR001045,TMS001356,C00065,Engineering,70,2025-06-17,Critical,Pending
BR001046,TMS001358,C00002,Engineering,36,2025-06-08,Low,Pending
BR001047,TMS001359,C00013,Engineering,123,2025-06-16,Medium,Pending
BR001048,TMS001360,C00010,Engineering,202,2025-06-01,Medium,Pending
BR001049,TMS001361,C00030,Engineering,111,2025-06-08,Medium,Pending
BR001050,TMS001362,C00071,Engineering,151,2025-06-11,Medium,Pending
BR001051,TMS001363,C00007,Engineering,136,2025-06-18,High,Pending
BR001052,TMS001364,C00013,Engineering,188,2025-06-29,Low,Pending
BR001053,TMS001365,C00031,Engineering,352,2025-06-13,Critical,Pending
BR001054,TMS001366,C00058,Engineering,169,2025-06-17,Low,Pending
BR001055,TMS001367,C00077,Engineering,170,2025-06-09,Medium,Pending
BR001056,TMS001368,C00061,Engineering,142,2025-06-28,Low,Pending
BR001057,TMS001369,C00032,Engineering,103,2025-06-15,Low,Pending
BR001058,TMS001370,C00080,Engineering,157,2025-06-25,Medium,Pending
BR001059,TMS001371,C00014,Engineering,80,2025-06-21,Low,Pending
BR001060,TMS001372,C00048,Engineering,176,2025-06-09,Medium,Pending
BR001061,TMS001373,C00010,Engineering,75,2025-06-12,Low,Pending
BR001062,TMS001374,C00048,Engineering,279,2025-06-06,Critical,Pending
BR001063,TMS001375,C00068,Engineering,250,2025-06-22,High,Pending
BR001064,TMS001376,C00086,Engineering,87,2025-06-15,Medium,Pending
BR001065,TMS001377,C00011,Engineering,80,2025-06-07,Low,Pending
BR001066,TMS001378,C00090,Engineering,128,2025-06-01,Medium,Pending
BR001067,TMS001379,C00058,Engineering,70,2025-06-22,Medium,Pending
BR001068,TMS001381,C00042,Engineering,121,2025-06-08,High,Pending
BR001069,TMS001382,C00027,Engineering,225,2025-06-16,High,Pending
BR001070,TMS001384,C00051,Engineering,58,2025-06-30,Medium,Pending
BR001071,TMS001385,C00052,Engineering,237,2025-06-07,Medium,Pending
BR001072,TMS001386,C00075,Engineering,116,2025-06-16,Medium,Pending
BR001073,TMS001389,C00010,Engineering,114,2025-06-22,Low,Pending
BR001074,TMS001390,C00059,Engineering,194,2025-06-28,Medium,Pending
BR001075,TMS001391,C00064,Engineering,169,2025-06-26,Medium,Pending
BR001076,TMS001392,C00093,Engineering,221,2025-06-19,Critical,Pending
BR001077,TMS001393,C00030,Engineering,122,2025-06-06,High,Pending
BR001078,TMS001394,C00010,Engineering,217,2025-06-29,High,Pending
BR001079,TMS001395,C00085,Engineering,168,2025-06-21,High,Pending
BR001080,TMS001396,C00093,Engineering,263,2025-06-05,Medium,Pending
BR001081,TMS001397,C00051,Engineering,152,2025-06-05,Critical,Pending
BR001082,TMS001398,C00046,Engineering,193,2025-06-13,Medium,Pending
BR001083,TMS001399,C00068,Engineering,136,2025-06-23,Low,Pending
BR001084,TMS001401,C00011,Engineering,161,2025-06-19,High,Pending
BR001085,TMS001402,C00039,Engineering,233,2025-06-25,Medium,Pending
BR001086,TMS001406,C00001,Engineering,271,2025-06-16,Critical,Pending
BR001087,TMS001407,C00089,Engineering,151,2025-06-13,Low,Pending
BR001088,TMS001410,C00062,Engineering,214,2025-06-10,High,Pending
BR001089,TMS001412,C00030,Engineering,42,2025-06-17,Medium,Pending
BR001090,TMS001413,C00019,Engineering,271,2025-06-01,High,Pending
BR001091,TMS001414,C00066,Engineering,175,2025-06-28,Medium,Pending
BR001092,TMS001415,C00051,Engineering,81,2025-06-26,Medium,Pending
BR001093,TMS001416,C00100,Engineering,182,2025-06-03,Medium,Pending
BR001094,TMS001418,C00005,Engineering,124,2025-06-10,High,Pending
BR001095,TMS001420,C00025,Engineering,244,2025-06-10,Critical,Pending
BR001096,TMS001421,C00070,Engineering,267,2025-06-27,Medium,Pending
BR001097,TMS001422,C00005,Engineering,88,2025-06-13,Medium,Pending
BR001098,TMS001423,C00080,Engineering,275,2025-06-04,Critical,Pending
BR001099,TMS001424,C00098,Engineering,98,2025-06-25,Low,Pending
BR001100,TMS001427,C00011,Engineering,219,2025-06-07,Low,Pending
BR001101,TMS001429,C00060,Engineering,257,2025-06-17,High,Pending
BR001102,TMS001431,C00035,Engineering,148,2025-06-17,Low,Pending
BR001103,TMS001432,C00093,Engineering,92,2025-06-04,Medium,Pending
BR001104,TMS001433,C00073,Engineering,116,2025-06-07,High,Pending
BR001105,TMS001434,C00070,Engineering,67,2025-06-06,Medium,Pending
BR001106,TMS001435,C00071,Engineering,30,2025-06-19,Low,Pending
BR001107,TMS001436,C00041,Engineering,45,2025-06-28,Medium,Pending
BR001108,TMS001437,C00071,Engineering,84,2025-06-25,Medium,Pending
BR001109,TMS001438,C00073,Engineering,189,2025-06-28,High,Pending
BR001110,TMS001440,C00087,Engineering,61,2025-06-24,Critical,Pending
BR001111,TMS001441,C00042,Engineering,281,2025-06-04,Critical,Pending
BR001112,TMS001442,C00045,Engineering,71,2025-06-12,Low,Pending
BR001113,TMS001444,C00047,Engineering,265,2025-06-21,High,Pending
BR001114,TMS001445,C00002,Engineering,206,2025-06-06,Medium,Pending
BR001115,TMS001446,C00031,Engineering,213,2025-06-08,Medium,Pending
BR001116,TMS001448,C00073,Engineering,131,2025-06-22,Medium,Pending
BR001117,TMS001450,C00074,Engineering,183,2025-06-18,Low,Pending
BR001118,TMS001451,C00081,Engineering,187,2025-06-29,Medium,Pending
BR001119,TMS001453,C00060,Engineering,235,2025-06-04,Low,Pending
BR001120,TMS001454,C00081,Engineering,231,2025-06-30,Low,Pending
BR001121,TMS001456,C00064,Engineering,79,2025-06-26,Low,Pending
BR001122,TMS001458,C00073,Engineering,149,2025-06-03,Medium,Pending
BR001123,TMS001459,C00027,Engineering,133,2025-06-23,High,Pending
BR001124,TMS001460,C00031,Engineering,200,2025-06-04,Low,Pending
BR001125,TMS001461,C00086,Engineering,196,2025-06-01,Critical,Pending
BR001126,TMS001462,C00016,Engineering,46,2025-06-08,Low,Pending
BR001127,TMS001464,C00004,Engineering,100,2025-06-19,Low,Pending
BR001128,TMS001465,C00017,Engineering,142,2025-06-06,High,Pending
BR001129,TMS001468,C00026,Engineering,116,2025-06-17,Critical,Pending
BR001130,TMS001470,C00009,Engineering,135,2025-06-19,Low,Pending
BR001131,TMS001471,C00067,Engineering,186,2025-06-26,Medium,Pending
BR001132,TMS001472,C00014,Engineering,147,2025-06-24,Medium,Pending
BR001133,TMS001473,C00032,Engineering,72,2025-06-24,Medium,Pending
BR001134,TMS001474,C00072,Engineering,237,2025-06-23,Low,Pending
BR001135,TMS001475,C00081,Engineering,218,2025-06-26,Medium,Pending
BR001136,TMS001476,C00036,Engineering,167,2025-06-02,Medium,Pending
BR001137,TMS001478,C00018,Engineering,166,2025-06-21,Medium,Pending
BR001138,TMS001479,C00011,Engineering,147,2025-06-26,Low,Pending
BR001139,TMS001482,C00071,Engineering,199,2025-06-06,Medium,Pending
BR001140,TMS001483,C00049,Engineering,141,2025-06-19,High,Pending
BR001141,TMS001484,C00016,Engineering,114,2025-06-20,Low,Pending
BR001142,TMS001485,C00054,Engineering,57,2025-06-24,High,Pending
BR001143,TMS001487,C00059,Engineering,168,2025-06-30,Low,Pending
BR001144,TMS001491,C00023,Engineering,293,2025-06-14,High,Pending
BR001145,TMS001492,C00095,Engineering,95,2025-06-06,Critical,Pending
BR001146,TMS001493,C00047,Engineering,183,2025-06-14,Low,Pending
BR001147,TMS001495,C00046,Engineering,253,2025-06-15,Medium,Pending
BR001148,TMS001496,C00082,Engineering,98,2025-06-19,Low,Pending
BR001149,TMS001497,C00025,Engineering,72,2025-06-17,Critical,Pending
BR001150,TMS001498,C00080,Engineering,166,2025-06-12,High,Pending
BR001151,TMS001499,C00067,Engineering,159,2025-06-15,High,Pending
BR001152,TMS001500,C00062,Engineering,292,2025-06-02,Low,Pending
BR001153,TMS001501,C00037,Engineering,290,2025-06-07,High,Pending
BR001154,TMS001502,C00042,Engineering,132,2025-06-12,Low,Pending
BR001155,TMS001504,C00081,Engineering,139,2025-06-25,Medium,Pending
BR001156,TMS001507,C00068,Engineering,241,2025-06-07,Medium,Pending
BR001157,TMS001508,C00058,Engineering,167,2025-06-27,Medium,Pending
BR001158,TMS001510,C00020,Engineering,194,2025-06-26,Medium,Pending
BR001159,TMS001511,C00010,Engineering,138,2025-06-02,Low,Pending
BR001160,TMS001513,C00063,Engineering,173,2025-06-08,Medium,Pending
BR001161,TMS001514,C00005,Engineering,214,2025-06-04,High,Pending
BR001162,TMS001516,C00063,Engineering,171,2025-06-17,High,Pending
BR001163,TMS001518,C00089,Engineering,115,2025-06-16,Critical,Pending
BR001164,TMS001519,C00015,Engineering,79,2025-06-21,Low,Pending
BR001165,TMS001520,C00070,Engineering,131,2025-06-06,Medium,Pending
BR001166,TMS001521,C00007,Engineering,107,2025-06-21,High,Pending
BR001167,TMS001522,C00008,Engineering,255,2025-06-19,Critical,Pending
BR001168,TMS001524,C00077,Engineering,66,2025-06-09,Low,Pending
BR001169,TMS001525,C00051,Engineering,190,2025-06-19,Medium,Pending
BR001170,TMS001526,C00020,Engineering,139,2025-06-15,Medium,Pending
BR001171,TMS001527,C00037,Engineering,77,2025-06-10,High,Pending
BR001172,TMS001528,C00056,Engineering,156,2025-06-14,Low,Pending
BR001173,TMS001529,C00045,Engineering,192,2025-06-09,Critical,Pending
BR001174,TMS001530,C00088,Engineering,221,2025-06-05,Low,Pending
BR001175,TMS001531,C00085,Engineering,46,2025-06-10,Medium,Pending
BR001176,TMS001532,C00012,Engineering,80,2025-06-13,High,Pending
BR001177,TMS001533,C00002,Engineering,139,2025-06-27,High,Pending
BR001178,TMS001534,C00088,Engineering,289,2025-06-27,Low,Pending
BR001179,TMS001535,C00024,Engineering,210,2025-06-23,Medium,Pending
BR001180,TMS001536,C00033,Engineering,308,2025-06-13,Low,Pending
BR001181,TMS001537,C00009,Engineering,312,2025-06-08,Critical,Pending
BR001182,TMS001538,C00008,Engineering,223,2025-06-21,Low,Pending
BR001183,TMS001539,C00007,Engineering,186,2025-06-01,Critical,Pending
BR001184,TMS001540,C00031,Engineering,104,2025-06-22,Medium,Pending
BR001185,TMS001542,C00041,Engineering,264,2025-06-01,High,Pending
BR001186,TMS001543,C00093,Engineering,196,2025-06-26,Critical,Pending
BR001187,TMS001544,C00027,Engineering,140,2025-06-28,Low,Pending
BR001188,TMS001548,C00087,Engineering,219,2025-06-02,Low,Pending
BR001189,TMS001549,C00072,Engineering,52,2025-06-22,Medium,Pending
BR001190,TMS001550,C00004,Engineering,152,2025-06-04,Low,Pending
BR001191,TMS001551,C00064,Engineering,125,2025-06-13,Low,Pending
BR001192,TMS001552,C00045,Engineering,60,2025-06-23,Low,Pending
BR001193,TMS001553,C00049,Engineering,31,2025-06-08,Low,Pending
BR001194,TMS001554,C00059,Engineering,102,2025-06-06,Medium,Pending
BR001195,TMS001556,C00045,Engineering,153,2025-06-11,Critical,Pending
BR001196,TMS001557,C00085,Engineering,178,2025-06-10,Medium,Pending
BR001197,TMS001558,C00022,Engineering,114,2025-06-09,Medium,Pending
BR001198,TMS001559,C00078,Engineering,343,2025-06-13,Critical,Pending
BR001199,TMS001560,C00051,Engineering,231,2025-06-08,Medium,Pending
BR001200,TMS001561,C00028,Engineering,101,2025-06-01,High,Pending
BR001201,TMS001562,C00043,Engineering,168,2025-06-21,Medium,Pending
BR001202,TMS001563,C00092,Engineering,54,2025-06-26,Medium,Pending
BR001203,TMS001564,C00083,Engineering,149,2025-06-08,Medium,Pending
BR001204,TMS001565,C00016,Engineering,222,2025-06-01,High,Pending
BR001205,TMS001567,C00093,Engineering,245,2025-06-16,High,Pending
BR001206,TMS001568,C00065,Engineering,64,2025-06-29,Low,Pending
BR001207,TMS001569,C00074,Engineering,185,2025-06-18,Critical,Pending
BR001208,TMS001571,C00040,Engineering,228,2025-06-10,Medium,Pending
BR001209,TMS001572,C00033,Engineering,192,2025-06-30,Medium,Pending
BR001210,TMS001573,C00020,Engineering,126,2025-06-16,Medium,Pending
BR001211,TMS001574,C00097,Engineering,92,2025-06-23,High,Pending
BR001212,TMS001575,C00040,Engineering,163,2025-06-29,Low,Pending
BR001213,TMS001576,C00050,Engineering,158,2025-06-06,Medium,Pending
BR001214,TMS001577,C00088,Engineering,101,2025-06-02,Low,Pending
BR001215,TMS001578,C00002,Engineering,100,2025-06-23,High,Pending
BR001216,TMS001579,C00016,Engineering,179,2025-06-21,Medium,Pending
BR001217,TMS001580,C00071,Engineering,125,2025-06-22,Low,Pending
BR001218,TMS001581,C00026,Engineering,79,2025-06-05,Low,Pending
BR001219,TMS001582,C00073,Engineering,45,2025-06-07,High,Pending
BR001220,TMS001584,C00044,Engineering,160,2025-06-27,Low,Pending
BR001221,TMS001585,C00090,Engineering,356,2025-06-05,Critical,Pending
BR001222,TMS001587,C00004,Engineering,32,2025-06-02,Medium,Pending
BR001223,TMS001588,C00051,Engineering,232,2025-06-03,Low,Pending
BR001224,TMS001589,C00060,Engineering,225,2025-06-15,Low,Pending
BR001225,TMS001590,C00046,Engineering,50,2025-06-13,Low,Pending
BR001226,TMS001592,C00007,Engineering,41,2025-06-09,Low,Pending
BR001227,TMS001594,C00038,Engineering,314,2025-06-04,Low,Pending
BR001228,TMS001595,C00038,Engineering,43,2025-06-29,Low,Pending
BR001229,TMS001596,C00050,Engineering,57,2025-06-05,Medium,Pending
BR001230,TMS001597,C00030,Engineering,226,2025-06-09,Medium,Pending
BR001231,TMS001599,C00010,Engineering,167,2025-06-28,Low,Pending
BR001232,TMS001600,C00095,Engineering,110,2025-06-11,Low,Pending
BR001233,TMS001603,C00013,Engineering,183,2025-06-03,Medium,Pending
BR001234,TMS001606,C00002,Engineering,187,2025-06-10,High,Pending
BR001235,TMS001608,C00019,Engineering,112,2025-06-13,Medium,Pending
BR001236,TMS001609,C00056,Engineering,191,2025-06-21,Low,Pending
BR001237,TMS001610,C00068,Engineering,185,2025-06-21,Critical,Pending
BR001238,TMS001612,C00037,Engineering,167,2025-06-21,Low,Pending
BR001239,TMS001614,C00076,Engineering,176,2025-06-15,Low,Pending
BR001240,TMS001615,C00016,Engineering,86,2025-06-30,Medium,Pending
BR001241,TMS001616,C00046,Engineering,61,2025-06-14,Medium,Pending
BR001242,TMS001617,C00042,Engineering,233,2025-06-28,Medium,Pending
BR001243,TMS001618,C00070,Engineering,124,2025-06-22,Low,Pending
BR001244,TMS001620,C00041,Engineering,103,2025-06-09,Medium,Pending
BR001245,TMS001622,C00039,Engineering,86,2025-06-18,Critical,Pending
BR001246,TMS001623,C00033,Engineering,69,2025-06-27,Medium,Pending
BR001247,TMS001625,C00017,Engineering,193,2025-06-21,High,Pending
BR001248,TMS001626,C00061,Engineering,205,2025-06-28,Low,Pending
BR001249,TMS001627,C00035,Engineering,113,2025-06-02,Low,Pending
BR001250,TMS001628,C00047,Engineering,214,2025-06-14,Medium,Pending
BR001251,TMS001629,C00008,Engineering,144,2025-06-22,Medium,Pending
BR001252,TMS001630,C00020,Engineering,174,2025-06-08,Medium,Pending
BR001253,TMS001631,C00048,Engineering,175,2025-06-28,High,Pending
BR001254,TMS001632,C00018,Engineering,184,2025-06-08,High,Pending
BR001255,TMS001633,C00037,Engineering,158,2025-06-24,Medium,Pending
BR001256,TMS001634,C00042,Engineering,159,2025-06-25,Low,Pending
BR001257,TMS001636,C00023,Engineering,239,2025-06-27,High,Pending
BR001258,TMS001637,C00003,Engineering,40,2025-06-03,Low,Pending
BR001259,TMS001638,C00098,Engineering,202,2025-06-25,Low,Pending
BR001260,TMS001639,C00085,Engineering,37,2025-06-16,Medium,Pending
BR001261,TMS001640,C00070,Engineering,161,2025-06-22,Medium,Pending
BR001262,TMS001641,C00066,Engineering,213,2025-06-23,Medium,Pending
BR001263,TMS001644,C00014,Engineering,74,2025-06-24,Medium,Pending
BR001264,TMS001645,C00006,Engineering,72,2025-06-22,High,Pending
BR001265,TMS001646,C00022,Engineering,291,2025-06-15,Low,Pending
BR001266,TMS001647,C00083,Engineering,225,2025-06-09,Low,Pending
BR001267,TMS001648,C00034,Engineering,149,2025-06-01,Medium,Pending
BR001268,TMS001649,C00061,Engineering,97,2025-06-28,High,Pending
BR001269,TMS001650,C00091,Engineering,202,2025-06-23,Low,Pending
BR001270,TMS001651,C00036,Engineering,58,2025-06-22,Low,Pending
BR001271,TMS001652,C00067,Engineering,156,2025-06-19,High,Pending
BR001272,TMS001653,C00044,Engineering,84,2025-06-06,High,Pending
BR001273,TMS001654,C00095,Engineering,183,2025-06-13,Low,Pending
BR001274,TMS001655,C00066,Engineering,89,2025-06-06,Low,Pending
BR001275,TMS001656,C00050,Engineering,119,2025-06-02,Medium,Pending
BR001276,TMS001657,C00048,Engineering,151,2025-06-02,High,Pending
BR001277,TMS001659,C00050,Engineering,137,2025-06-17,Critical,Pending
BR001278,TMS001661,C00067,Engineering,85,2025-06-14,Low,Pending
BR001279,TMS001662,C00088,Engineering,282,2025-06-14,Critical,Pending
BR001280,TMS001663,C00031,Engineering,56,2025-06-20,Medium,Pending
BR001281,TMS001664,C00024,Engineering,237,2025-06-28,Low,Pending
BR001282,TMS001665,C00090,Engineering,145,2025-06-08,Medium,Pending
BR001283,TMS001666,C00048,Engineering,157,2025-06-03,Low,Pending
BR001284,TMS001667,C00002,Engineering,150,2025-06-27,Medium,Pending
BR001285,TMS001669,C00035,Engineering,54,2025-06-13,Medium,Pending
BR001286,TMS001670,C00050,Engineering,177,2025-06-06,Medium,Pending
BR001287,TMS001671,C00009,Engineering,122,2025-06-14,Critical,Pending
BR001288,TMS001672,C00023,Engineering,152,2025-06-12,Low,Pending
BR001289,TMS001673,C00085,Engineering,65,2025-06-24,Medium,Pending
BR001290,TMS001674,C00088,Engineering,181,2025-06-18,Medium,Pending
BR001291,TMS001675,C00070,Engineering,178,2025-06-30,Medium,Pending
BR001292,TMS001676,C00056,Engineering,152,2025-06-11,Critical,Pending
BR001293,TMS001677,C00049,Engineering,103,2025-06-02,Medium,Pending
BR001294,TMS001680,C00094,Engineering,274,2025-06-05,High,Pending
BR001295,TMS001681,C00043,Engineering,143,2025-06-04,High,Pending
BR001296,TMS001682,C00048,Engineering,130,2025-06-10,High,Pending
BR001297,TMS001683,C00027,Engineering,151,2025-06-08,High,Pending
BR001298,TMS001684,C00072,Engineering,182,2025-06-07,Low,Pending
BR001299,TMS001685,C00034,Engineering,161,2025-06-11,Low,Pending
BR001300,TMS001687,C00014,Engineering,165,2025-06-15,Low,Pending
BR001301,TMS001688,C00047,Engineering,112,2025-06-18,Low,Pending
BR001302,TMS001690,C00014,Engineering,96,2025-06-11,Medium,Pending
BR001303,TMS001691,C00066,Engineering,167,2025-06-22,High,Pending
BR001304,TMS001692,C00079,Engineering,95,2025-06-06,Low,Pending
BR001305,TMS001693,C00015,Engineering,165,2025-06-03,Medium,Pending
BR001306,TMS001696,C00009,Engineering,146,2025-06-11,High,Pending
BR001307,TMS001697,C00020,Engineering,100,2025-06-18,Medium,Pending
BR001308,TMS001698,C00035,Engineering,255,2025-06-11,Low,Pending
BR001309,TMS001699,C00021,Engineering,76,2025-06-21,High,Pending
BR001310,TMS001700,C00029,Engineering,85,2025-06-14,High,Pending
BR001311,TMS001701,C00086,Engineering,180,2025-06-10,Medium,Pending
BR001312,TMS001703,C00058,Engineering,151,2025-06-29,Low,Pending
BR001313,TMS001704,C00037,Engineering,183,2025-06-12,Medium,Pending
BR001314,TMS001705,C00080,Engineering,200,2025-06-06,Medium,Pending
BR001315,TMS001706,C00089,Engineering,88,2025-06-11,Low,Pending
BR001316,TMS001707,C00058,Engineering,115,2025-06-18,Low,Pending
BR001317,TMS001708,C00024,Engineering,147,2025-06-09,Medium,Pending
BR001318,TMS001710,C00087,Engineering,273,2025-06-08,High,Pending
BR001319,TMS001712,C00006,Engineering,196,2025-06-07,Low,Pending
BR001320,TMS001713,C00041,Engineering,217,2025-06-15,Low,Pending
BR001321,TMS001714,C00084,Engineering,110,2025-06-01,Low,Pending
BR001322,TMS001715,C00042,Engineering,196,2025-06-14,High,Pending
BR001323,TMS001717,C00072,Engineering,134,2025-06-19,Medium,Pending
BR001324,TMS001718,C00038,Engineering,84,2025-06-16,Medium,Pending
BR001325,TMS001719,C00050,Engineering,37,2025-06-25,Medium,Pending
BR001326,TMS001721,C00082,Engineering,213,2025-06-20,Medium,Pending
BR001327,TMS001723,C00012,Engineering,135,2025-06-28,Critical,Pending
BR001328,TMS001724,C00096,Engineering,202,2025-06-01,Medium,Pending
BR001329,TMS001725,C00025,Engineering,241,2025-06-28,Critical,Pending
BR001330,TMS001726,C00003,Engineering,130,2025-06-19,Low,Pending
BR001331,TMS001727,C00011,Engineering,78,2025-06-16,High,Pending
BR001332,TMS001728,C00085,Engineering,143,2025-06-01,Low,Pending
BR001333,TMS001729,C00070,Engineering,235,2025-06-15,Medium,Pending
BR001334,TMS001730,C00065,Engineering,37,2025-06-28,High,Pending
BR001335,TMS001731,C00067,Engineering,175,2025-06-13,Low,Pending
BR001336,TMS001732,C00026,Engineering,99,2025-06-22,Low,Pending
BR001337,TMS001733,C00054,Engineering,234,2025-06-27,Low,Pending
BR001338,TMS001734,C00019,Engineering,166,2025-06-24,High,Pending
BR001339,TMS001735,C00056,Engineering,126,2025-06-14,Medium,Pending
BR001340,TMS001736,C00085,Engineering,311,2025-06-23,Low,Pending
BR001341,TMS001737,C00090,Engineering,247,2025-06-17,Medium,Pending
BR001342,TMS001738,C00006,Engineering,208,2025-06-25,High,Pending
BR001343,TMS001739,C00031,Engineering,320,2025-06-29,Critical,Pending
BR001344,TMS001741,C00024,Engineering,132,2025-06-30,Low,Pending
BR001345,TMS001742,C00048,Engineering,213,2025-06-03,Medium,Pending
BR001346,TMS001743,C00063,Engineering,140,2025-06-12,Medium,Pending
BR001347,TMS001744,C00001,Engineering,127,2025-06-22,Low,Pending
BR001348,TMS001745,C00012,Engineering,62,2025-06-13,Critical,Pending
BR001349,TMS001747,C00081,Engineering,44,2025-06-05,Medium,Pending
BR001350,TMS001748,C00015,Engineering,107,2025-06-19,Medium,Pending
BR001351,TMS001749,C00045,Engineering,253,2025-06-09,High,Pending
BR001352,TMS001750,C00097,Engineering,277,2025-06-23,Low,Pending
BR001353,TMS001752,C00020,Engineering,240,2025-06-23,Low,Pending
BR001354,TMS001753,C00073,Engineering,230,2025-06-27,High,Pending
BR001355,TMS001755,C00100,Engineering,120,2025-06-25,Low,Pending
BR001356,TMS001757,C00092,Engineering,190,2025-06-27,Critical,Pending
BR001357,TMS001759,C00059,Engineering,171,2025-06-23,Medium,Pending
BR001358,TMS001760,C00078,Engineering,275,2025-06-30,Medium,Pending
BR001359,TMS001761,C00009,Engineering,162,2025-06-12,High,Pending
BR001360,TMS001762,C00077,Engineering,228,2025-06-07,Medium,Pending
BR001361,TMS001763,C00019,Engineering,205,2025-06-11,Low,Pending
BR001362,TMS001764,C00065,Engineering,219,2025-06-05,Medium,Pending
BR001363,TMS001765,C00074,Engineering,161,2025-06-04,Low,Pending
BR001364,TMS001767,C00003,Engineering,108,2025-06-20,Low,Pending
BR001365,TMS001768,C00027,Engineering,355,2025-06-24,Critical,Pending
BR001366,TMS001769,C00050,Engineering,245,2025-06-11,Medium,Pending
BR001367,TMS001771,C00043,Engineering,53,2025-06-05,Medium,Pending
BR001368,TMS001772,C00075,Engineering,219,2025-06-14,Medium,Pending
BR001369,TMS001774,C00061,Engineering,82,2025-06-30,Low,Pending
BR001370,TMS001775,C00023,Engineering,264,2025-06-25,High,Pending
BR001371,TMS001776,C00012,Engineering,45,2025-06-19,Low,Pending
BR001372,TMS001777,C00040,Engineering,78,2025-06-04,Medium,Pending
BR001373,TMS001778,C00062,Engineering,98,2025-06-02,Low,Pending
BR001374,TMS001780,C00069,Engineering,287,2025-06-04,Low,Pending
BR001375,TMS001781,C00092,Engineering,216,2025-06-21,Medium,Pending
BR001376,TMS001782,C00030,Engineering,63,2025-06-07,Low,Pending
BR001377,TMS001783,C00089,Engineering,203,2025-06-08,Low,Pending
BR001378,TMS001784,C00030,Engineering,212,2025-06-30,Low,Pending
BR001379,TMS001785,C00021,Engineering,106,2025-06-03,Low,Pending
BR001380,TMS001787,C00094,Engineering,226,2025-06-15,Low,Pending
BR001381,TMS001788,C00071,Engineering,110,2025-06-29,Low,Pending
BR001382,TMS001789,C00045,Engineering,68,2025-06-10,Low,Pending
BR001383,TMS001791,C00059,Engineering,220,2025-06-17,High,Pending
BR001384,TMS001792,C00068,Engineering,146,2025-06-10,Low,Pending
BR001385,TMS001793,C00043,Engineering,244,2025-06-28,High,Pending
BR001386,TMS001795,C00047,Engineering,127,2025-06-23,Medium,Pending
BR001387,TMS001796,C00046,Engineering,194,2025-06-06,Low,Pending
BR001388,TMS001798,C00003,Engineering,201,2025-06-26,Medium,Pending
BR001389,TMS001799,C00082,Engineering,41,2025-06-08,High,Pending
BR001390,TMS001800,C00025,Engineering,185,2025-06-21,Medium,Pending
BR001391,TMS001803,C00044,Engineering,234,2025-06-18,Medium,Pending
BR001392,TMS001804,C00030,Engineering,118,2025-06-01,Medium,Pending
BR001393,TMS001806,C00035,Engineering,224,2025-06-13,Medium,Pending
BR001394,TMS001807,C00084,Engineering,64,2025-06-30,Medium,Pending
BR001395,TMS001808,C00024,Engineering,66,2025-06-11,Low,Pending
BR001396,TMS001809,C00067,Engineering,83,2025-06-03,Low,Pending
BR001397,TMS001811,C00029,Engineering,84,2025-06-25,High,Pending
BR001398,TMS001812,C00045,Engineering,204,2025-06-15,Medium,Pending
BR001399,TMS001813,C00081,Engineering,149,2025-06-25,Low,Pending
BR001400,TMS001814,C00045,Engineering,181,2025-06-05,Low,Pending
BR001401,TMS001815,C00085,Engineering,230,2025-06-20,Medium,Pending
BR001402,TMS001816,C00024,Engineering,249,2025-06-21,High,Pending
BR001403,TMS001817,C00058,Engineering,212,2025-06-20,High,Pending
BR001404,TMS001819,C00095,Engineering,148,2025-06-26,High,Pending
BR001405,TMS001820,C00041,Engineering,204,2025-06-14,Low,Pending
BR001406,TMS001822,C00066,Engineering,139,2025-06-07,Critical,Pending
BR001407,TMS001823,C00013,Engineering,262,2025-06-25,Low,Pending
BR001408,TMS001824,C00081,Engineering,186,2025-06-01,Medium,Pending
BR001409,TMS001825,C00057,Engineering,187,2025-06-14,High,Pending
BR001410,TMS001827,C00027,Engineering,113,2025-06-11,Critical,Pending
BR001411,TMS001830,C00092,Engineering,277,2025-06-28,Critical,Pending
BR001412,TMS001831,C00073,Engineering,153,2025-06-17,Medium,Pending
BR001413,TMS001832,C00090,Engineering,251,2025-06-03,High,Pending
BR001414,TMS001833,C00013,Engineering,154,2025-06-19,Low,Pending
BR001415,TMS001836,C00078,Engineering,251,2025-06-06,Medium,Pending
BR001416,TMS001837,C00047,Engineering,129,2025-06-10,High,Pending
BR001417,TMS001838,C00034,Engineering,254,2025-06-08,Low,Pending
BR001418,TMS001839,C00059,Engineering,129,2025-06-24,High,Pending
BR001419,TMS001840,C00037,Engineering,325,2025-06-18,Critical,Pending
BR001420,TMS001841,C00043,Engineering,153,2025-06-05,Low,Pending
BR001421,TMS001842,C00063,Engineering,205,2025-06-21,Medium,Pending
BR001422,TMS001843,C00028,Engineering,172,2025-06-05,Low,Pending
BR001423,TMS001844,C00016,Engineering,237,2025-06-27,Medium,Pending
BR001424,TMS001845,C00008,Engineering,312,2025-06-03,High,Pending
BR001425,TMS001846,C00096,Engineering,166,2025-06-01,Medium,Pending
BR001426,TMS001847,C00038,Engineering,65,2025-06-05,Low,Pending
BR001427,TMS001848,C00008,Engineering,122,2025-06-03,Medium,Pending
BR001428,TMS001849,C00078,Engineering,198,2025-06-10,High,Pending
BR001429,TMS001851,C00028,Engineering,250,2025-06-22,Low,Pending
BR001430,TMS001853,C00092,Engineering,133,2025-06-03,Critical,Pending
BR001431,TMS001854,C00091,Engineering,121,2025-06-26,High,Pending
BR001432,TMS001855,C00014,Engineering,110,2025-06-05,Critical,Pending
BR001433,TMS001856,C00090,Engineering,176,2025-06-18,Critical,Pending
BR001434,TMS001857,C00028,Engineering,123,2025-06-12,High,Pending
BR001435,TMS001858,C00019,Engineering,249,2025-06-30,Medium,Pending
BR001436,TMS001859,C00068,Engineering,300,2025-06-25,Medium,Pending
BR001437,TMS001860,C00089,Engineering,221,2025-06-15,Critical,Pending
BR001438,TMS001861,C00049,Engineering,162,2025-06-07,High,Pending
BR001439,TMS001862,C00011,Engineering,77,2025-06-27,Low,Pending
BR001440,TMS001863,C00025,Engineering,132,2025-06-06,High,Pending
BR001441,TMS001864,C00097,Engineering,217,2025-06-22,High,Pending
BR001442,TMS001865,C00060,Engineering,159,2025-06-15,Low,Pending
BR001443,TMS001866,C00047,Engineering,157,2025-06-09,Critical,Pending
BR001444,TMS001867,C00010,Engineering,90,2025-06-06,Low,Pending
BR001445,TMS001868,C00056,Engineering,170,2025-06-02,High,Pending
BR001446,TMS001869,C00080,Engineering,64,2025-06-25,High,Pending
BR001447,TMS001870,C00036,Engineering,111,2025-06-09,High,Pending
BR001448,TMS001871,C00083,Engineering,142,2025-06-18,Critical,Pending
BR001449,TMS001872,C00049,Engineering,86,2025-06-15,Medium,Pending
BR001450,TMS001873,C00088,Engineering,145,2025-06-12,Medium,Pending
BR001451,TMS001874,C00055,Engineering,169,2025-06-29,Medium,Pending
BR001452,TMS001875,C00089,Engineering,104,2025-06-30,High,Pending
BR001453,TMS001876,C00062,Engineering,208,2025-06-19,Low,Pending
BR001454,TMS001878,C00100,Engineering,171,2025-06-09,High,Pending
BR001455,TMS001879,C00031,Engineering,40,2025-06-12,Low,Pending
BR001456,TMS001880,C00090,Engineering,292,2025-06-01,Medium,Pending
BR001457,TMS001882,C00079,Engineering,225,2025-06-28,High,Pending
BR001458,TMS001884,C00056,Engineering,156,2025-06-13,Low,Pending
BR001459,TMS001885,C00020,Engineering,144,2025-06-20,High,Pending
BR001460,TMS001886,C00047,Engineering,175,2025-06-19,Low,Pending
BR001461,TMS001887,C00065,Engineering,134,2025-06-05,Medium,Pending
BR001462,TMS001889,C00094,Engineering,200,2025-06-03,Critical,Pending
BR001463,TMS001890,C00069,Engineering,241,2025-06-10,Medium,Pending
BR001464,TMS001891,C00029,Engineering,116,2025-06-11,Medium,Pending
BR001465,TMS001892,C00051,Engineering,164,2025-06-16,Low,Pending
BR001466,TMS001893,C00059,Engineering,140,2025-06-13,Low,Pending
BR001467,TMS001894,C00020,Engineering,109,2025-06-11,Medium,Pending
BR001468,TMS001895,C00071,Engineering,238,2025-06-19,High,Pending
BR001469,TMS001896,C00043,Engineering,101,2025-06-28,Medium,Pending
BR001470,TMS001897,C00077,Engineering,141,2025-06-10,Medium,Pending
BR001471,TMS001898,C00014,Engineering,270,2025-06-29,Critical,Pending
BR001472,TMS001900,C00002,Engineering,135,2025-06-23,Critical,Pending
BR001473,TMS001901,C00051,Engineering,247,2025-06-14,High,Pending
BR001474,TMS001903,C00040,Engineering,85,2025-06-19,High,Pending
BR001475,TMS001904,C00020,Engineering,119,2025-06-17,High,Pending
BR001476,TMS001905,C00068,Engineering,90,2025-06-21,High,Pending
BR001477,TMS001906,C00001,Engineering,86,2025-06-05,Medium,Pending
BR001478,TMS001907,C00046,Engineering,216,2025-06-09,Low,Pending
BR001479,TMS001908,C00086,Engineering,109,2025-06-04,Medium,Pending
BR001480,TMS001909,C00031,Engineering,184,2025-06-14,Medium,Pending
BR001481,TMS001910,C00049,Engineering,313,2025-06-07,Medium,Pending
BR001482,TMS001911,C00068,Engineering,222,2025-06-10,High,Pending
BR001483,TMS001912,C00027,Engineering,99,2025-06-07,Medium,Pending
BR001484,TMS001913,C00057,Engineering,273,2025-06-08,High,Pending
BR001485,TMS001915,C00025,Engineering,107,2025-06-07,Low,Pending
BR001486,TMS001916,C00036,Engineering,91,2025-06-18,Low,Pending
BR001487,TMS001919,C00017,Engineering,260,2025-06-13,Critical,Pending
BR001488,TMS001920,C00018,Engineering,95,2025-06-13,Medium,Pending
BR001489,TMS001922,C00073,Engineering,157,2025-06-28,Low,Pending
BR001490,TMS001923,C00082,Engineering,192,2025-06-30,Medium,Pending
BR001491,TMS001924,C00089,Engineering,57,2025-06-25,Medium,Pending
BR001492,TMS001925,C00087,Engineering,96,2025-06-07,Low,Pending
BR001493,TMS001926,C00045,Engineering,242,2025-06-19,Low,Pending
BR001494,TMS001927,C00076,Engineering,124,2025-06-28,Low,Pending
BR001495,TMS001928,C00086,Engineering,72,2025-06-22,Medium,Pending
BR001496,TMS001930,C00063,Engineering,63,2025-06-09,Low,Pending
BR001497,TMS001932,C00099,Engineering,87,2025-06-27,Low,Pending
BR001498,TMS001933,C00077,Engineering,166,2025-06-15,Low,Pending
BR001499,TMS001934,C00092,Engineering,117,2025-06-27,Medium,Pending
BR001500,TMS001935,C00038,Engineering,135,2025-06-21,Low,Pending
BR001501,TMS001936,C00095,Engineering,241,2025-06-07,Low,Pending
BR001502,TMS001940,C00025,Engineering,137,2025-06-20,Low,Pending
BR001503,TMS001942,C00043,Engineering,241,2025-06-06,Low,Pending
BR001504,TMS001944,C00069,Engineering,69,2025-06-24,High,Pending
BR001505,TMS001945,C00013,Engineering,111,2025-06-08,Low,Pending
BR001506,TMS001946,C00025,Engineering,99,2025-06-05,Low,Pending
BR001507,TMS001948,C00017,Engineering,213,2025-06-07,Medium,Pending
BR001508,TMS001949,C00092,Engineering,68,2025-06-08,Low,Pending
BR001509,TMS001950,C00026,Engineering,122,2025-06-02,Medium,Pending
BR001510,TMS001951,C00017,Engineering,180,2025-06-02,High,Pending
BR001511,TMS001952,C00076,Engineering,99,2025-06-28,Low,Pending
BR001512,TMS001953,C00011,Engineering,89,2025-06-26,Low,Pending
BR001513,TMS001954,C00095,Engineering,171,2025-06-14,Low,Pending
BR001514,TMS001955,C00006,Engineering,128,2025-06-13,Medium,Pending
BR001515,TMS001956,C00073,Engineering,110,2025-06-30,Low,Pending
BR001516,TMS001957,C00042,Engineering,73,2025-06-09,Low,Pending
BR001517,TMS001958,C00023,Engineering,164,2025-06-20,Low,Pending
BR001518,TMS001959,C00075,Engineering,146,2025-06-10,Low,Pending
BR001519,TMS001960,C00072,Engineering,227,2025-06-04,Low,Pending
BR001520,TMS001961,C00034,Engineering,198,2025-06-22,Low,Pending
BR001521,TMS001963,C00033,Engineering,241,2025-06-24,Low,Pending
BR001522,TMS001964,C00052,Engineering,179,2025-06-13,Low,Pending
BR001523,TMS001965,C00082,Engineering,112,2025-06-10,Medium,Pending
BR001524,TMS001966,C00027,Engineering,192,2025-06-19,Medium,Pending
BR001525,TMS001968,C00041,Engineering,126,2025-06-25,Medium,Pending
BR001526,TMS001969,C00020,Engineering,119,2025-06-30,Low,Pending
BR001527,TMS001970,C00003,Engineering,218,2025-06-19,Critical,Pending
BR001528,TMS001971,C00088,Engineering,294,2025-06-15,Critical,Pending
BR001529,TMS001972,C00090,Engineering,100,2025-06-07,High,Pending
BR001530,TMS001973,C00073,Engineering,253,2025-06-19,High,Pending
BR001531,TMS001975,C00035,Engineering,147,2025-06-15,Low,Pending
BR001532,TMS001976,C00080,Engineering,80,2025-06-15,High,Pending
BR001533,TMS001977,C00096,Engineering,67,2025-06-06,Medium,Pending
BR001534,TMS001978,C00078,Engineering,64,2025-06-20,Low,Pending
BR001535,TMS001979,C00094,Engineering,42,2025-06-09,Medium,Pending
BR001536,TMS001980,C00099,Engineering,83,2025-06-13,Low,Pending
BR001537,TMS001981,C00014,Engineering,162,2025-06-24,Low,Pending
BR001538,TMS001982,C00033,Engineering,201,2025-06-16,High,Pending
BR001539,TMS001983,C00039,Engineering,138,2025-06-27,Medium,Pending
BR001540,TMS001985,C00045,Engineering,239,2025-06-20,Medium,Pending
BR001541,TMS001986,C00085,Engineering,131,2025-06-18,Low,Pending
BR001542,TMS001987,C00063,Engineering,100,2025-06-28,Medium,Pending
BR001543,TMS001988,C00058,Engineering,85,2025-06-25,Medium,Pending
BR001544,TMS001989,C00037,Engineering,54,2025-06-04,Medium,Pending
BR001545,TMS001991,C00045,Engineering,284,2025-06-01,High,Pending
BR001546,TMS001994,C00092,Engineering,59,2025-06-17,High,Pending
BR001547,TMS001996,C00046,Engineering,250,2025-06-01,Low,Pending
BR001548,TMS001999,C00068,Engineering,117,2025-06-16,High,Pending
BR001549,TMS002000,C00093,Engineering,142,2025-06-20,Medium,Pending
BR001550,TMS002004,C00100,Engineering,159,2025-06-25,High,Pending
BR001551,TMS002005,C00092,Engineering,157,2025-06-13,High,Pending
BR001552,TMS002007,C00048,Engineering,142,2025-06-02,Low,Pending
BR001553,TMS002008,C00065,Engineering,230,2025-06-23,Medium,Pending
BR001554,TMS002009,C00047,Engineering,124,2025-06-22,High,Pending
BR001555,TMS002011,C00094,Engineering,197,2025-06-13,Low,Pending
BR001556,TMS002012,C00095,Engineering,147,2025-06-17,Low,Pending
BR001557,TMS002013,C00034,Engineering,112,2025-06-30,Medium,Pending
BR001558,TMS002014,C00039,Engineering,164,2025-06-07,Medium,Pending
BR001559,TMS002015,C00059,Engineering,175,2025-06-16,Low,Pending
BR001560,TMS002016,C00049,Engineering,158,2025-06-19,Medium,Pending
BR001561,TMS002021,C00036,Engineering,129,2025-06-12,Medium,Pending
BR001562,TMS002022,C00095,Engineering,270,2025-06-15,Critical,Pending
BR001563,TMS002024,C00062,Engineering,312,2025-06-09,High,Pending
BR001564,TMS002025,C00097,Engineering,135,2025-06-27,Medium,Pending
BR001565,TMS002026,C00072,Engineering,47,2025-06-26,Low,Pending
BR001566,TMS002027,C00060,Engineering,173,2025-06-02,Low,Pending
BR001567,TMS002028,C00044,Engineering,184,2025-06-01,High,Pending
BR001568,TMS002029,C00023,Engineering,102,2025-06-09,Medium,Pending
BR001569,TMS002030,C00050,Engineering,60,2025-06-28,Low,Pending
BR001570,TMS002031,C00023,Engineering,34,2025-06-12,Medium,Pending
BR001571,TMS002032,C00032,Engineering,138,2025-06-25,Medium,Pending
BR001572,TMS002033,C00027,Engineering,210,2025-06-23,Medium,Pending
BR001573,TMS002035,C00033,Engineering,204,2025-06-23,Low,Pending
BR001574,TMS002036,C00002,Engineering,130,2025-06-17,Low,Pending
BR001575,TMS002037,C00095,Engineering,190,2025-06-28,Critical,Pending
BR001576,TMS002038,C00032,Engineering,234,2025-06-14,Medium,Pending
BR001577,TMS002039,C00057,Engineering,70,2025-06-22,Medium,Pending
BR001578,TMS002040,C00020,Engineering,197,2025-06-25,Low,Pending
BR001579,TMS002041,C00010,Engineering,43,2025-06-17,Medium,Pending
BR001580,TMS002043,C00041,Engineering,135,2025-06-12,Low,Pending
BR001581,TMS002045,C00065,Engineering,252,2025-06-10,High,Pending
BR001582,TMS002046,C00062,Engineering,169,2025-06-23,Low,Pending
BR001583,TMS002047,C00065,Engineering,111,2025-06-09,Low,Pending
BR001584,TMS002049,C00006,Engineering,161,2025-06-18,Medium,Pending
BR001585,TMS002050,C00048,Engineering,41,2025-06-13,Critical,Pending
BR001586,TMS002051,C00020,Engineering,335,2025-06-26,High,Pending
BR001587,TMS002052,C00069,Engineering,197,2025-06-09,Low,Pending
BR001588,TMS002053,C00035,Engineering,42,2025-06-19,Medium,Pending
BR001589,TMS002054,C00078,Engineering,206,2025-06-17,Low,Pending
BR001590,TMS002055,C00080,Engineering,172,2025-06-04,Low,Pending
BR001591,TMS002056,C00077,Engineering,68,2025-06-07,Medium,Pending
BR001592,TMS002058,C00025,Engineering,72,2025-06-07,Low,Pending
BR001593,TMS002059,C00026,Engineering,160,2025-06-14,Medium,Pending
BR001594,TMS002061,C00072,Engineering,82,2025-06-21,Medium,Pending
BR001595,TMS002062,C00081,Engineering,105,2025-06-23,High,Pending
BR001596,TMS002063,C00042,Engineering,246,2025-06-20,High,Pending
BR001597,TMS002064,C00087,Engineering,221,2025-06-21,Low,Pending
BR001598,TMS002066,C00028,Engineering,138,2025-06-23,Medium,Pending
BR001599,TMS002067,C00013,Engineering,55,2025-06-24,High,Pending
BR001600,TMS002069,C00086,Engineering,125,2025-06-17,Critical,Pending
BR001601,TMS002070,C00054,Engineering,223,2025-06-04,Low,Pending
BR001602,TMS002071,C00017,Engineering,90,2025-06-04,High,Pending
BR001603,TMS002072,C00067,Engineering,120,2025-06-03,High,Pending
BR001604,TMS002073,C00026,Engineering,68,2025-06-09,High,Pending
BR001605,TMS002074,C00044,Engineering,210,2025-06-30,Medium,Pending
BR001606,TMS002075,C00007,Engineering,137,2025-06-21,High,Pending
BR001607,TMS002076,C00045,Engineering,71,2025-06-19,Medium,Pending
BR001608,TMS002078,C00003,Engineering,157,2025-06-23,Medium,Pending
BR001609,TMS002080,C00026,Engineering,132,2025-06-06,Medium,Pending
BR001610,TMS002082,C00047,Engineering,88,2025-06-22,High,Pending
BR001611,TMS002083,C00016,Engineering,92,2025-06-30,High,Pending
BR001612,TMS002084,C00076,Engineering,236,2025-06-29,Medium,Pending
BR001613,TMS002085,C00078,Engineering,108,2025-06-07,Critical,Pending
BR001614,TMS002086,C00082,Engineering,188,2025-06-09,Medium,Pending
BR001615,TMS002087,C00046,Engineering,159,2025-06-22,Low,Pending
BR001616,TMS002088,C00089,Engineering,192,2025-06-21,Critical,Pending
BR001617,TMS002091,C00064,Engineering,256,2025-06-12,Critical,Pending
BR001618,TMS002093,C00030,Engineering,126,2025-06-20,High,Pending
BR001619,TMS002095,C00071,Engineering,186,2025-06-28,Critical,Pending
BR001620,TMS002096,C00018,Engineering,120,2025-06-24,Medium,Pending
BR001621,TMS002097,C00011,Engineering,210,2025-06-16,Medium,Pending
BR001622,TMS002098,C00007,Engineering,145,2025-06-07,Medium,Pending
BR001623,TMS002099,C00081,Engineering,179,2025-06-25,Medium,Pending
BR001624,TMS002100,C00069,Engineering,38,2025-06-06,Medium,Pending
BR001625,TMS002101,C00027,Engineering,189,2025-06-06,Low,Pending
BR001626,TMS002102,C00015,Engineering,275,2025-06-02,Medium,Pending
BR001627,TMS002103,C00094,Engineering,229,2025-06-10,Medium,Pending
BR001628,TMS002104,C00048,Engineering,119,2025-06-08,Low,Pending
BR001629,TMS002105,C00038,Engineering,214,2025-06-04,Low,Pending
BR001630,TMS002106,C00025,Engineering,175,2025-06-18,Medium,Pending
BR001631,TMS002107,C00084,Engineering,174,2025-06-21,High,Pending
BR001632,TMS002108,C00052,Engineering,215,2025-06-04,Critical,Pending
BR001633,TMS002109,C00065,Engineering,210,2025-06-11,High,Pending
BR001634,TMS002110,C00045,Engineering,243,2025-06-21,High,Pending
BR001635,TMS002111,C00100,Engineering,220,2025-06-17,High,Pending
BR001636,TMS002112,C00086,Engineering,194,2025-06-08,High,Pending
BR001637,TMS002114,C00061,Engineering,132,2025-06-30,Low,Pending
BR001638,TMS002115,C00097,Engineering,63,2025-06-19,Medium,Pending
BR001639,TMS002117,C00067,Engineering,96,2025-06-09,Medium,Pending
BR001640,TMS002118,C00049,Engineering,127,2025-06-20,Low,Pending
BR001641,TMS002119,C00051,Engineering,133,2025-06-23,Low,Pending
BR001642,TMS002122,C00048,Engineering,319,2025-06-28,Medium,Pending
BR001643,TMS002123,C00047,Engineering,43,2025-06-09,Medium,Pending
BR001644,TMS002124,C00026,Engineering,71,2025-06-28,Medium,Pending
BR001645,TMS002125,C00052,Engineering,67,2025-06-14,Low,Pending
BR001646,TMS002126,C00004,Engineering,140,2025-06-08,Low,Pending
BR001647,TMS002127,C00092,Engineering,253,2025-06-28,Critical,Pending
BR001648,TMS002129,C00010,Engineering,100,2025-06-24,Low,Pending
BR001649,TMS002130,C00091,Engineering,117,2025-06-10,High,Pending
BR001650,TMS002131,C00068,Engineering,161,2025-06-18,High,Pending
BR001651,TMS002132,C00078,Engineering,202,2025-06-22,Critical,Pending
BR001652,TMS002133,C00011,Engineering,240,2025-06-14,Medium,Pending
BR001653,TMS002134,C00066,Engineering,234,2025-06-08,Medium,Pending
BR001654,TMS002135,C00018,Engineering,99,2025-06-27,Low,Pending
BR001655,TMS002137,C00028,Engineering,189,2025-06-27,Low,Pending
BR001656,TMS002138,C00052,Engineering,148,2025-06-13,Medium,Pending
BR001657,TMS002139,C00037,Engineering,118,2025-06-05,High,Pending
BR001658,TMS002142,C00055,Engineering,168,2025-06-14,Low,Pending
BR001659,TMS002143,C00028,Engineering,44,2025-06-30,Low,Pending
BR001660,TMS002144,C00077,Engineering,93,2025-06-30,Critical,Pending
BR001661,TMS002145,C00090,Engineering,192,2025-06-25,Low,Pending
BR001662,TMS002146,C00053,Engineering,104,2025-06-01,Medium,Pending
BR001663,TMS002147,C00092,Engineering,145,2025-06-06,Low,Pending
BR001664,TMS002148,C00064,Engineering,127,2025-06-18,Medium,Pending
BR001665,TMS002149,C00032,Engineering,169,2025-06-03,Medium,Pending
BR001666,TMS002150,C00093,Engineering,194,2025-06-13,Medium,Pending
BR001667,TMS002151,C00052,Engineering,143,2025-06-21,High,Pending
BR001668,TMS002152,C00063,Engineering,127,2025-06-02,Low,Pending
BR001669,TMS002153,C00091,Engineering,116,2025-06-14,Low,Pending
BR001670,TMS002154,C00031,Engineering,100,2025-06-05,Low,Pending
BR001671,TMS002155,C00025,Engineering,181,2025-06-11,Critical,Pending
BR001672,TMS002156,C00002,Engineering,249,2025-06-11,High,Pending
BR001673,TMS002157,C00093,Engineering,188,2025-06-16,Low,Pending
BR001674,TMS002158,C00013,Engineering,152,2025-06-12,Low,Pending
BR001675,TMS002159,C00079,Engineering,175,2025-06-21,Medium,Pending
BR001676,TMS002160,C00053,Engineering,91,2025-06-17,Medium,Pending
BR001677,TMS002162,C00016,Engineering,65,2025-06-26,Low,Pending
BR001678,TMS002163,C00037,Engineering,59,2025-06-09,Low,Pending
BR001679,TMS002164,C00060,Engineering,68,2025-06-18,Low,Pending
BR001680,TMS002165,C00040,Engineering,79,2025-06-25,Medium,Pending
BR001681,TMS002166,C00033,Engineering,81,2025-06-16,Critical,Pending
BR001682,TMS002168,C00095,Engineering,144,2025-06-09,High,Pending
BR001683,TMS002169,C00011,Engineering,125,2025-06-07,Low,Pending
BR001684,TMS002170,C00078,Engineering,50,2025-06-16,High,Pending
BR001685,TMS002171,C00011,Engineering,90,2025-06-02,Low,Pending
BR001686,TMS002172,C00023,Engineering,161,2025-06-04,Low,Pending
BR001687,TMS002174,C00044,Engineering,37,2025-06-29,Medium,Pending
BR001688,TMS002176,C00084,Engineering,137,2025-06-21,Low,Pending
BR001689,TMS002177,C00093,Engineering,211,2025-06-11,Low,Pending
BR001690,TMS002178,C00032,Engineering,171,2025-06-13,Medium,Pending
BR001691,TMS002180,C00057,Engineering,105,2025-06-02,Low,Pending
BR001692,TMS002181,C00047,Engineering,109,2025-06-21,High,Pending
BR001693,TMS002183,C00050,Engineering,310,2025-06-05,Critical,Pending
BR001694,TMS002184,C00096,Engineering,337,2025-06-24,High,Pending
BR001695,TMS002185,C00079,Engineering,166,2025-06-14,Low,Pending
BR001696,TMS002186,C00073,Engineering,61,2025-06-29,Critical,Pending
BR001697,TMS002187,C00033,Engineering,90,2025-06-17,Medium,Pending
BR001698,TMS002188,C00025,Engineering,89,2025-06-01,Critical,Pending
BR001699,TMS002189,C00090,Engineering,227,2025-06-15,Critical,Pending
BR001700,TMS002190,C00035,Engineering,124,2025-06-27,High,Pending
BR001701,TMS002192,C00055,Engineering,102,2025-06-02,High,Pending
BR001702,TMS002194,C00042,Engineering,151,2025-06-08,Low,Pending
BR001703,TMS002195,C00087,Engineering,41,2025-06-23,Low,Pending
BR001704,TMS002196,C00086,Engineering,93,2025-06-26,High,Pending
BR001705,TMS002198,C00039,Engineering,168,2025-06-17,Medium,Pending
BR001706,TMS002199,C00060,Engineering,164,2025-06-27,Low,Pending
BR001707,TMS002201,C00040,Engineering,244,2025-06-15,Critical,Pending
BR001708,TMS002202,C00083,Engineering,253,2025-06-15,Low,Pending
BR001709,TMS002203,C00045,Engineering,163,2025-06-22,High,Pending
BR001710,TMS002204,C00049,Engineering,95,2025-06-16,High,Pending
BR001711,TMS002205,C00091,Engineering,170,2025-06-11,Low,Pending
BR001712,TMS002206,C00074,Engineering,109,2025-06-12,Medium,Pending
BR001713,TMS002207,C00018,Engineering,225,2025-06-18,Low,Pending
BR001714,TMS002209,C00033,Engineering,191,2025-06-03,Low,Pending
BR001715,TMS002210,C00062,Engineering,107,2025-06-23,Low,Pending
BR001716,TMS002212,C00012,Engineering,150,2025-06-05,High,Pending
BR001717,TMS002215,C00047,Engineering,113,2025-06-04,Medium,Pending
BR001718,TMS002216,C00050,Engineering,212,2025-06-16,Medium,Pending
BR001719,TMS002217,C00095,Engineering,87,2025-06-18,Medium,Pending
BR001720,TMS002218,C00083,Engineering,63,2025-06-29,Low,Pending
BR001721,TMS002219,C00021,Engineering,195,2025-06-10,Medium,Pending
BR001722,TMS002221,C00027,Engineering,121,2025-06-29,High,Pending
BR001723,TMS002223,C00070,Engineering,199,2025-06-16,Medium,Pending
BR001724,TMS002225,C00058,Engineering,210,2025-06-13,High,Pending
BR001725,TMS002226,C00043,Engineering,147,2025-06-18,Low,Pending
BR001726,TMS002227,C00015,Engineering,44,2025-06-12,Low,Pending
BR001727,TMS002228,C00030,Engineering,148,2025-06-15,Medium,Pending
BR001728,TMS002229,C00064,Engineering,186,2025-06-10,Medium,Pending
BR001729,TMS002230,C00043,Engineering,136,2025-06-01,Low,Pending
BR001730,TMS002231,C00061,Engineering,176,2025-06-13,Critical,Pending
BR001731,TMS002233,C00007,Engineering,117,2025-06-07,Low,Pending
BR001732,TMS002234,C00011,Engineering,254,2025-06-12,High,Pending
BR001733,TMS002236,C00097,Engineering,204,2025-06-14,High,Pending
BR001734,TMS002238,C00081,Engineering,178,2025-06-18,Medium,Pending
BR001735,TMS002239,C00037,Engineering,106,2025-06-08,High,Pending
BR001736,TMS002240,C00010,Engineering,142,2025-06-19,High,Pending
BR001737,TMS002241,C00097,Engineering,81,2025-06-16,Low,Pending
BR001738,TMS002242,C00024,Engineering,38,2025-06-24,Medium,Pending
BR001739,TMS002243,C00006,Engineering,166,2025-06-03,Low,Pending
BR001740,TMS002244,C00007,Engineering,220,2025-06-07,High,Pending
BR001741,TMS002245,C00013,Engineering,152,2025-06-01,Medium,Pending
BR001742,TMS002246,C00017,Engineering,146,2025-06-02,Medium,Pending
BR001743,TMS002247,C00098,Engineering,126,2025-06-10,Critical,Pending
BR001744,TMS002248,C00054,Engineering,174,2025-06-27,Low,Pending
BR001745,TMS002249,C00043,Engineering,284,2025-06-23,Critical,Pending
BR001746,TMS002250,C00022,Engineering,102,2025-06-06,High,Pending
BR001747,TMS002251,C00096,Engineering,235,2025-06-03,Low,Pending
BR001748,TMS002253,C00003,Engineering,182,2025-06-14,High,Pending
BR001749,TMS002256,C00075,Engineering,273,2025-06-03,Low,Pending
BR001750,TMS002260,C00007,Engineering,65,2025-06-18,Medium,Pending
BR001751,TMS002261,C00096,Engineering,67,2025-06-18,Low,Pending
BR001752,TMS002263,C00003,Engineering,233,2025-06-17,Low,Pending
BR001753,TMS002264,C00080,Engineering,215,2025-06-09,Low,Pending
BR001754,TMS002265,C00079,Engineering,132,2025-06-29,Low,Pending
BR001755,TMS002266,C00059,Engineering,214,2025-06-07,Medium,Pending
BR001756,TMS002267,C00008,Engineering,216,2025-06-06,Medium,Pending
BR001757,TMS002269,C00099,Engineering,204,2025-06-30,Low,Pending
BR001758,TMS002270,C00027,Engineering,220,2025-06-27,Low,Pending
BR001759,TMS002271,C00079,Engineering,259,2025-06-15,Low,Pending
BR001760,TMS002272,C00034,Engineering,105,2025-06-27,Low,Pending
BR001761,TMS002273,C00081,Engineering,218,2025-06-24,Low,Pending
BR001762,TMS002276,C00091,Engineering,124,2025-06-14,High,Pending
BR001763,TMS002277,C00010,Engineering,179,2025-06-18,Medium,Pending
BR001764,TMS002278,C00089,Engineering,189,2025-06-25,Low,Pending
BR001765,TMS002279,C00076,Engineering,196,2025-06-08,Low,Pending
BR001766,TMS002280,C00060,Engineering,181,2025-06-10,Low,Pending
BR001767,TMS002281,C00061,Engineering,317,2025-06-17,Critical,Pending
BR001768,TMS002282,C00005,Engineering,158,2025-06-20,Low,Pending
BR001769,TMS002283,C00083,Engineering,97,2025-06-25,High,Pending
BR001770,TMS002284,C00088,Engineering,313,2025-06-26,Critical,Pending
BR001771,TMS002285,C00031,Engineering,119,2025-06-14,Low,Pending
BR001772,TMS002286,C00013,Engineering,239,2025-06-20,Critical,Pending
BR001773,TMS002287,C00058,Engineering,57,2025-06-14,Medium,Pending
BR001774,TMS002288,C00074,Engineering,114,2025-06-12,Medium,Pending
BR001775,TMS002289,C00085,Engineering,194,2025-06-02,High,Pending
BR001776,TMS002290,C00007,Engineering,143,2025-06-12,Medium,Pending
BR001777,TMS002291,C00005,Engineering,58,2025-06-09,Low,Pending
BR001778,TMS002292,C00077,Engineering,275,2025-06-19,Medium,Pending
BR001779,TMS002294,C00066,Engineering,262,2025-06-05,Low,Pending
BR001780,TMS002296,C00096,Engineering,77,2025-06-05,Low,Pending
BR001781,TMS002297,C00053,Engineering,121,2025-06-29,Low,Pending
BR001782,TMS002298,C00053,Engineering,92,2025-06-02,Low,Pending
BR001783,TMS002300,C00029,Engineering,232,2025-06-18,Low,Pending
BR001784,TMS002301,C00013,Engineering,139,2025-06-12,High,Pending
BR001785,TMS002302,C00020,Engineering,154,2025-06-11,Medium,Pending
BR001786,TMS002303,C00041,Engineering,100,2025-06-19,High,Pending
BR001787,TMS002305,C00056,Engineering,150,2025-06-17,High,Pending
BR001788,TMS002306,C00059,Engineering,72,2025-06-26,Medium,Pending
BR001789,TMS002307,C00043,Engineering,205,2025-06-12,Low,Pending
BR001790,TMS002309,C00002,Engineering,103,2025-06-19,Medium,Pending
BR001791,TMS002310,C00047,Engineering,97,2025-06-19,High,Pending
BR001792,TMS002311,C00027,Engineering,78,2025-06-26,Low,Pending
BR001793,TMS002312,C00063,Engineering,84,2025-06-05,High,Pending
BR001794,TMS002313,C00087,Engineering,98,2025-06-16,Low,Pending
BR001795,TMS002314,C00013,Engineering,71,2025-06-28,High,Pending
BR001796,TMS002315,C00024,Engineering,191,2025-06-04,Low,Pending
BR001797,TMS002316,C00008,Engineering,138,2025-06-23,Medium,Pending
BR001798,TMS002317,C00055,Engineering,290,2025-06-12,Medium,Pending
BR001799,TMS002318,C00049,Engineering,108,2025-06-04,Medium,Pending
BR001800,TMS002319,C00070,Engineering,285,2025-06-30,Low,Pending
BR001801,TMS002320,C00042,Engineering,99,2025-06-27,Medium,Pending
BR001802,TMS002321,C00001,Engineering,245,2025-06-10,High,Pending
BR001803,TMS002322,C00066,Engineering,243,2025-06-19,Low,Pending
BR001804,TMS002325,C00047,Engineering,165,2025-06-30,High,Pending
BR001805,TMS002326,C00084,Engineering,243,2025-06-18,Medium,Pending
BR001806,TMS002329,C00079,Engineering,140,2025-06-30,High,Pending
BR001807,TMS002330,C00036,Engineering,88,2025-06-07,High,Pending
BR001808,TMS002331,C00092,Engineering,135,2025-06-30,High,Pending
BR001809,TMS002332,C00099,Engineering,215,2025-06-05,Critical,Pending
BR001810,TMS002333,C00041,Engineering,113,2025-06-09,Low,Pending
BR001811,TMS002334,C00009,Engineering,61,2025-06-20,Low,Pending
BR001812,TMS002335,C00070,Engineering,266,2025-06-20,Low,Pending
BR001813,TMS002336,C00002,Engineering,250,2025-06-10,Medium,Pending
BR001814,TMS002337,C00063,Engineering,47,2025-06-12,Low,Pending
BR001815,TMS002338,C00020,Engineering,120,2025-06-13,Low,Pending
BR001816,TMS002342,C00004,Engineering,119,2025-06-24,Low,Pending
BR001817,TMS002343,C00032,Engineering,231,2025-06-01,Medium,Pending
BR001818,TMS002345,C00036,Engineering,75,2025-06-27,Medium,Pending
BR001819,TMS002347,C00005,Engineering,208,2025-06-01,High,Pending
BR001820,TMS002348,C00057,Engineering,127,2025-06-12,Medium,Pending
BR001821,TMS002349,C00012,Engineering,81,2025-06-10,Low,Pending
BR001822,TMS002350,C00012,Engineering,120,2025-06-27,Medium,Pending
BR001823,TMS002351,C00074,Engineering,212,2025-06-24,Low,Pending
BR001824,TMS002352,C00080,Engineering,228,2025-06-11,Critical,Pending
BR001825,TMS002354,C00081,Engineering,186,2025-06-22,Low,Pending
BR001826,TMS002355,C00061,Engineering,193,2025-06-13,Critical,Pending
BR001827,TMS002357,C00073,Engineering,61,2025-06-12,Low,Pending
BR001828,TMS002358,C00059,Engineering,165,2025-06-28,High,Pending
BR001829,TMS002359,C00051,Engineering,265,2025-06-23,Critical,Pending
BR001830,TMS002362,C00038,Engineering,221,2025-06-08,Critical,Pending
BR001831,TMS002363,C00045,Engineering,142,2025-06-20,Medium,Pending
BR001832,TMS002364,C00080,Engineering,98,2025-06-20,Low,Pending
BR001833,TMS002366,C00071,Engineering,239,2025-06-24,Low,Pending
BR001834,TMS002368,C00089,Engineering,218,2025-06-15,Low,Pending
BR001835,TMS002369,C00057,Engineering,166,2025-06-09,Medium,Pending
BR001836,TMS002370,C00065,Engineering,189,2025-06-24,High,Pending
BR001837,TMS002371,C00069,Engineering,109,2025-06-28,Medium,Pending
BR001838,TMS002372,C00093,Engineering,157,2025-06-27,High,Pending
BR001839,TMS002373,C00066,Engineering,128,2025-06-26,Low,Pending
BR001840,TMS002374,C00033,Engineering,195,2025-06-24,Medium,Pending
BR001841,TMS002375,C00018,Engineering,130,2025-06-12,High,Pending
BR001842,TMS002376,C00046,Engineering,165,2025-06-20,Low,Pending
BR001843,TMS002377,C00100,Engineering,262,2025-06-24,Low,Pending
BR001844,TMS002378,C00087,Engineering,166,2025-06-03,Low,Pending
BR001845,TMS002380,C00025,Engineering,71,2025-06-15,Low,Pending
BR001846,TMS002381,C00090,Engineering,200,2025-06-24,Low,Pending
BR001847,TMS002382,C00097,Engineering,66,2025-06-01,Low,Pending
BR001848,TMS002383,C00052,Engineering,32,2025-06-03,Medium,Pending
BR001849,TMS002386,C00081,Engineering,209,2025-06-24,High,Pending
BR001850,TMS002387,C00019,Engineering,242,2025-06-14,Medium,Pending
BR001851,TMS002388,C00017,Engineering,116,2025-06-14,Low,Pending
BR001852,TMS002389,C00097,Engineering,264,2025-06-15,Low,Pending
BR001853,TMS002390,C00085,Engineering,129,2025-06-26,Medium,Pending
BR001854,TMS002393,C00040,Engineering,184,2025-06-27,Medium,Pending
BR001855,TMS002395,C00072,Engineering,129,2025-06-30,Low,Pending
BR001856,TMS002396,C00044,Engineering,192,2025-06-03,Critical,Pending
BR001857,TMS002397,C00088,Engineering,226,2025-06-14,Critical,Pending
BR001858,TMS002398,C00047,Engineering,186,2025-06-26,Critical,Pending
BR001859,TMS002399,C00032,Engineering,147,2025-06-29,Low,Pending
BR001860,TMS002400,C00044,Engineering,48,2025-06-06,Low,Pending
BR001861,TMS002401,C00094,Engineering,119,2025-06-07,Medium,Pending
BR001862,TMS002403,C00089,Engineering,150,2025-06-06,Medium,Pending
BR001863,TMS002405,C00057,Engineering,212,2025-06-15,Medium,Pending
BR001864,TMS002406,C00057,Engineering,204,2025-06-03,Medium,Pending
BR001865,TMS002407,C00095,Engineering,184,2025-06-16,High,Pending
BR001866,TMS002408,C00052,Engineering,225,2025-06-10,Medium,Pending
BR001867,TMS002409,C00048,Engineering,56,2025-06-29,Medium,Pending
BR001868,TMS002410,C00041,Engineering,115,2025-06-26,Medium,Pending
BR001869,TMS002411,C00027,Engineering,198,2025-06-21,Low,Pending
BR001870,TMS002414,C00030,Engineering,169,2025-06-19,Low,Pending
BR001871,TMS002415,C00061,Engineering,48,2025-06-11,High,Pending
BR001872,TMS002416,C00040,Engineering,93,2025-06-14,High,Pending
BR001873,TMS002418,C00010,Engineering,250,2025-06-21,High,Pending
BR001874,TMS002419,C00023,Engineering,182,2025-06-25,High,Pending
BR001875,TMS002420,C00043,Engineering,149,2025-06-16,Medium,Pending
BR001876,TMS002421,C00084,Engineering,137,2025-06-01,Low,Pending
BR001877,TMS002422,C00023,Engineering,203,2025-06-05,High,Pending
BR001878,TMS002423,C00077,Engineering,229,2025-06-03,Medium,Pending
BR001879,TMS002424,C00079,Engineering,227,2025-06-06,High,Pending
BR001880,TMS002425,C00022,Engineering,321,2025-06-22,Critical,Pending
BR001881,TMS002426,C00075,Engineering,258,2025-06-20,High,Pending
BR001882,TMS002427,C00037,Engineering,205,2025-06-30,Low,Pending
BR001883,TMS002428,C00048,Engineering,308,2025-06-13,Critical,Pending
BR001884,TMS002432,C00091,Engineering,67,2025-06-05,Critical,Pending
BR001885,TMS002433,C00035,Engineering,218,2025-06-23,Medium,Pending
BR001886,TMS002434,C00063,Engineering,103,2025-06-08,Low,Pending
BR001887,TMS002435,C00047,Engineering,213,2025-06-30,High,Pending
BR001888,TMS002437,C00059,Engineering,204,2025-06-07,Low,Pending
BR001889,TMS002438,C00095,Engineering,124,2025-06-09,Low,Pending
BR001890,TMS002439,C00095,Engineering,158,2025-06-22,Medium,Pending
BR001891,TMS002440,C00021,Engineering,133,2025-06-20,Low,Pending
BR001892,TMS002441,C00072,Engineering,101,2025-06-08,Low,Pending
BR001893,TMS002444,C00056,Engineering,73,2025-06-21,Medium,Pending
BR001894,TMS002448,C00035,Engineering,140,2025-06-20,Low,Pending
BR001895,TMS002449,C00061,Engineering,107,2025-06-13,Low,Pending
BR001896,TMS002450,C00004,Engineering,145,2025-06-25,Low,Pending
BR001897,TMS002451,C00023,Engineering,172,2025-06-04,Critical,Pending
BR001898,TMS002452,C00045,Engineering,307,2025-06-14,Critical,Pending
BR001899,TMS002453,C00022,Engineering,318,2025-06-25,Critical,Pending
BR001900,TMS002454,C00056,Engineering,226,2025-06-03,Medium,Pending
BR001901,TMS002455,C00089,Engineering,113,2025-06-23,Medium,Pending
BR001902,TMS002456,C00046,Engineering,147,2025-06-15,Low,Pending
BR001903,TMS002457,C00001,Engineering,161,2025-06-27,Low,Pending
BR001904,TMS002458,C00010,Engineering,204,2025-06-02,Low,Pending
BR001905,TMS002459,C00034,Engineering,240,2025-06-26,Critical,Pending
BR001906,TMS002460,C00008,Engineering,55,2025-06-04,Medium,Pending
BR001907,TMS002461,C00002,Engineering,239,2025-06-16,High,Pending
BR001908,TMS002462,C00087,Engineering,137,2025-06-16,High,Pending
BR001909,TMS002463,C00082,Engineering,161,2025-06-08,High,Pending
BR001910,TMS002464,C00034,Engineering,162,2025-06-03,Low,Pending
BR001911,TMS002465,C00050,Engineering,187,2025-06-07,Low,Pending
BR001912,TMS002466,C00012,Engineering,180,2025-06-03,Medium,Pending
BR001913,TMS002467,C00008,Engineering,110,2025-06-28,Low,Pending
BR001914,TMS002468,C00060,Engineering,102,2025-06-20,Low,Pending
BR001915,TMS002469,C00099,Engineering,124,2025-06-13,High,Pending
BR001916,TMS002471,C00016,Engineering,138,2025-06-18,High,Pending
BR001917,TMS002472,C00021,Engineering,173,2025-06-21,Medium,Pending
BR001918,TMS002473,C00055,Engineering,113,2025-06-27,High,Pending
BR001919,TMS002475,C00023,Engineering,72,2025-06-12,Low,Pending
BR001920,TMS002476,C00045,Engineering,177,2025-06-03,Medium,Pending
BR001921,TMS002477,C00043,Engineering,135,2025-06-03,Low,Pending
BR001922,TMS002479,C00002,Engineering,55,2025-06-07,Critical,Pending
BR001923,TMS002480,C00022,Engineering,73,2025-06-19,High,Pending
BR001924,TMS002481,C00070,Engineering,213,2025-06-05,Medium,Pending
BR001925,TMS002482,C00099,Engineering,133,2025-06-13,Medium,Pending
BR001926,TMS002484,C00038,Engineering,33,2025-06-07,Medium,Pending
BR001927,TMS002485,C00009,Engineering,84,2025-06-09,High,Pending
BR001928,TMS002486,C00051,Engineering,61,2025-06-07,Medium,Pending
BR001929,TMS002487,C00030,Engineering,115,2025-06-12,Low,Pending
BR001930,TMS002488,C00088,Engineering,91,2025-06-05,Low,Pending
BR001931,TMS002489,C00083,Engineering,208,2025-06-16,Low,Pending
BR001932,TMS002490,C00006,Engineering,94,2025-06-05,Medium,Pending
BR001933,TMS002491,C00007,Engineering,130,2025-06-25,High,Pending
BR001934,TMS002492,C00033,Engineering,82,2025-06-08,Medium,Pending
BR001935,TMS002493,C00040,Engineering,264,2025-06-08,Critical,Pending
BR001936,TMS002495,C00027,Engineering,241,2025-06-14,Critical,Pending
BR001937,TMS002496,C00050,Engineering,201,2025-06-03,Medium,Pending
BR001938,TMS002498,C00026,Engineering,114,2025-06-20,Medium,Pending
BR001939,TMS002500,C00055,Engineering,87,2025-06-03,Medium,Pending
BR001940,TMS002501,C00074,Engineering,57,2025-06-01,Low,Pending
BR001941,TMS002502,C00088,Engineering,31,2025-06-13,Low,Pending
BR001942,TMS002503,C00005,Engineering,175,2025-06-12,Low,Pending
BR001943,TMS002504,C00080,Engineering,150,2025-06-08,Medium,Pending
BR001944,TMS002505,C00100,Engineering,265,2025-06-25,Critical,Pending
BR001945,TMS002506,C00019,Engineering,160,2025-06-19,Critical,Pending
BR001946,TMS002509,C00045,Engineering,156,2025-06-10,Low,Pending
BR001947,TMS002510,C00045,Engineering,72,2025-06-10,Medium,Pending
BR001948,TMS002511,C00027,Engineering,186,2025-06-10,High,Pending
BR001949,TMS002512,C00018,Engineering,214,2025-06-23,Medium,Pending
BR001950,TMS002513,C00009,Engineering,128,2025-06-22,Medium,Pending
BR001951,TMS002515,C00010,Engineering,42,2025-06-25,Medium,Pending
BR001952,TMS002516,C00001,Engineering,67,2025-06-30,Low,Pending
BR001953,TMS002517,C00001,Engineering,226,2025-06-30,Low,Pending
BR001954,TMS002518,C00028,Engineering,50,2025-06-29,Low,Pending
BR001955,TMS002519,C00048,Engineering,166,2025-06-27,Low,Pending
BR001956,TMS002520,C00097,Engineering,50,2025-06-05,High,Pending
BR001957,TMS002521,C00046,Engineering,201,2025-06-25,Medium,Pending
BR001958,TMS002522,C00093,Engineering,140,2025-06-29,Medium,Pending
BR001959,TMS002523,C00016,Engineering,217,2025-06-22,Medium,Pending
BR001960,TMS002524,C00006,Engineering,159,2025-06-16,Medium,Pending
BR001961,TMS002527,C00006,Engineering,187,2025-06-18,Low,Pending
BR001962,TMS002528,C00062,Engineering,86,2025-06-19,Low,Pending
BR001963,TMS002529,C00076,Engineering,228,2025-06-16,High,Pending
BR001964,TMS002530,C00082,Engineering,211,2025-06-01,Medium,Pending
BR001965,TMS002531,C00043,Engineering,101,2025-06-30,Low,Pending
BR001966,TMS002533,C00093,Engineering,157,2025-06-23,Low,Pending
BR001967,TMS002534,C00031,Engineering,241,2025-06-26,High,Pending
BR001968,TMS002535,C00047,Engineering,295,2025-06-03,Medium,Pending
BR001969,TMS002536,C00099,Engineering,128,2025-06-16,Low,Pending
BR001970,TMS002537,C00023,Engineering,62,2025-06-08,Medium,Pending
BR001971,TMS002538,C00087,Engineering,125,2025-06-14,Low,Pending
BR001972,TMS002540,C00036,Engineering,44,2025-06-15,Low,Pending
BR001973,TMS002541,C00051,Engineering,212,2025-06-03,Medium,Pending
BR001974,TMS002542,C00089,Engineering,80,2025-06-20,Medium,Pending
BR001975,TMS002543,C00080,Engineering,98,2025-06-27,Critical,Pending
BR001976,TMS002545,C00041,Engineering,192,2025-06-08,High,Pending
BR001977,TMS002547,C00083,Engineering,333,2025-06-04,Low,Pending
BR001978,TMS002548,C00080,Engineering,282,2025-06-13,Low,Pending
BR001979,TMS002549,C00058,Engineering,42,2025-06-30,Low,Pending
BR001980,TMS002550,C00001,Engineering,271,2025-06-04,Critical,Pending
BR001981,TMS002551,C00031,Engineering,137,2025-06-25,High,Pending
BR001982,TMS002552,C00036,Engineering,119,2025-06-18,High,Pending
BR001983,TMS002553,C00008,Engineering,43,2025-06-16,Low,Pending
BR001984,TMS002554,C00042,Engineering,139,2025-06-09,High,Pending
BR001985,TMS002555,C00001,Engineering,86,2025-06-03,Medium,Pending
BR001986,TMS002556,C00093,Engineering,162,2025-06-21,Low,Pending
BR001987,TMS002558,C00018,Engineering,48,2025-06-24,Medium,Pending
BR001988,TMS002560,C00038,Engineering,76,2025-06-17,Critical,Pending
BR001989,TMS002561,C00067,Engineering,89,2025-06-02,Low,Pending
BR001990,TMS002562,C00083,Engineering,213,2025-06-30,Medium,Pending
BR001991,TMS002564,C00011,Engineering,93,2025-06-03,High,Pending
BR001992,TMS002565,C00072,Engineering,31,2025-06-05,Low,Pending
BR001993,TMS002566,C00077,Engineering,156,2025-06-19,Low,Pending
BR001994,TMS002567,C00049,Engineering,142,2025-06-22,High,Pending
BR001995,TMS002568,C00041,Engineering,148,2025-06-21,Low,Pending
BR001996,TMS002569,C00051,Engineering,90,2025-06-03,Low,Pending
BR001997,TMS002570,C00008,Engineering,131,2025-06-12,Low,Pending
BR001998,TMS002571,C00008,Engineering,194,2025-06-21,Low,Pending
BR001999,TMS002572,C00065,Engineering,206,2025-06-06,Low,Pending
BR002000,TMS002573,C00058,Engineering,165,2025-06-21,Medium,Pending
BR002001,TMS002574,C00047,Engineering,160,2025-06-11,Medium,Pending
BR002002,TMS002575,C00070,Engineering,64,2025-06-27,Medium,Pending
BR002003,TMS002576,C00063,Engineering,224,2025-06-22,Low,Pending
BR002004,TMS002578,C00050,Engineering,145,2025-06-01,Medium,Pending
BR002005,TMS002581,C00076,Engineering,114,2025-06-30,Low,Pending
BR002006,TMS002582,C00091,Engineering,71,2025-06-15,Low,Pending
BR002007,TMS002583,C00032,Engineering,106,2025-06-28,High,Pending
BR002008,TMS002584,C00043,Engineering,102,2025-06-09,Medium,Pending
BR002009,TMS002585,C00053,Engineering,140,2025-06-03,Low,Pending
BR002010,TMS002587,C00019,Engineering,234,2025-06-24,Medium,Pending
BR002011,TMS002589,C00015,Engineering,87,2025-06-22,Low,Pending
BR002012,TMS002590,C00023,Engineering,51,2025-06-08,Critical,Pending
BR002013,TMS002591,C00006,Engineering,91,2025-06-21,Medium,Pending
BR002014,TMS002592,C00052,Engineering,198,2025-06-20,Medium,Pending
BR002015,TMS002596,C00097,Engineering,141,2025-06-01,Low,Pending
BR002016,TMS002597,C00002,Engineering,141,2025-06-25,Low,Pending
BR002017,TMS002598,C00035,Engineering,165,2025-06-13,Low,Pending
BR002018,TMS002600,C00011,Engineering,264,2025-06-02,Critical,Pending
BR002019,TMS002601,C00059,Engineering,261,2025-06-30,Low,Pending
BR002020,TMS002603,C00005,Engineering,180,2025-06-01,Low,Pending
BR002021,TMS002604,C00049,Engineering,48,2025-06-28,High,Pending
BR002022,TMS002605,C00095,Engineering,118,2025-06-22,Critical,Pending
BR002023,TMS002606,C00070,Engineering,93,2025-06-14,Low,Pending
BR002024,TMS002608,C00063,Engineering,232,2025-06-04,Medium,Pending
BR002025,TMS002609,C00027,Engineering,40,2025-06-11,Medium,Pending
BR002026,TMS002611,C00040,Engineering,296,2025-06-24,Low,Pending
BR002027,TMS002612,C00032,Engineering,147,2025-06-29,High,Pending
BR002028,TMS002614,C00027,Engineering,50,2025-06-01,Critical,Pending
BR002029,TMS002616,C00071,Engineering,185,2025-06-11,High,Pending
BR002030,TMS002618,C00007,Engineering,124,2025-06-01,Medium,Pending
BR002031,TMS002619,C00060,Engineering,251,2025-06-25,Critical,Pending
BR002032,TMS002620,C00067,Engineering,163,2025-06-18,High,Pending
BR002033,TMS002621,C00027,Engineering,139,2025-06-01,Low,Pending
BR002034,TMS002623,C00016,Engineering,262,2025-06-04,Medium,Pending
BR002035,TMS002625,C00064,Engineering,101,2025-06-11,Medium,Pending
BR002036,TMS002627,C00013,Engineering,31,2025-06-06,Medium,Pending
BR002037,TMS002629,C00066,Engineering,109,2025-06-14,Low,Pending
BR002038,TMS002630,C00079,Engineering,60,2025-06-19,Low,Pending
BR002039,TMS002631,C00094,Engineering,237,2025-06-23,Low,Pending
BR002040,TMS002632,C00077,Engineering,69,2025-06-18,Low,Pending
BR002041,TMS002633,C00047,Engineering,143,2025-06-10,Low,Pending
BR002042,TMS002634,C00095,Engineering,238,2025-06-30,Critical,Pending
BR002043,TMS002635,C00029,Engineering,244,2025-06-12,Critical,Pending
BR002044,TMS002636,C00064,Engineering,115,2025-06-03,High,Pending
BR002045,TMS002637,C00067,Engineering,229,2025-06-28,Critical,Pending
BR002046,TMS002638,C00094,Engineering,182,2025-06-10,Medium,Pending
BR002047,TMS002639,C00092,Engineering,65,2025-06-29,High,Pending
BR002048,TMS002640,C00084,Engineering,64,2025-06-24,Medium,Pending
BR002049,TMS002642,C00060,Engineering,108,2025-06-06,Low,Pending
BR002050,TMS002644,C00088,Engineering,222,2025-06-12,Low,Pending
BR002051,TMS002646,C00074,Engineering,210,2025-06-06,Medium,Pending
BR002052,TMS002647,C00005,Engineering,40,2025-06-08,High,Pending
BR002053,TMS002648,C00023,Engineering,221,2025-06-02,High,Pending
BR002054,TMS002649,C00078,Engineering,49,2025-06-28,High,Pending
BR002055,TMS002650,C00058,Engineering,196,2025-06-21,High,Pending
BR002056,TMS002652,C00009,Engineering,49,2025-06-01,Medium,Pending
BR002057,TMS002653,C00082,Engineering,214,2025-06-18,Low,Pending
BR002058,TMS002654,C00006,Engineering,90,2025-06-28,Low,Pending
BR002059,TMS002655,C00018,Engineering,139,2025-06-19,Critical,Pending
BR002060,TMS002656,C00081,Engineering,121,2025-06-23,High,Pending
BR002061,TMS002657,C00068,Engineering,107,2025-06-18,Low,Pending
BR002062,TMS002659,C00030,Engineering,95,2025-06-05,Medium,Pending
BR002063,TMS002660,C00033,Engineering,151,2025-06-07,High,Pending
BR002064,TMS002661,C00050,Engineering,165,2025-06-30,High,Pending
BR002065,TMS002662,C00035,Engineering,139,2025-06-15,Low,Pending
BR002066,TMS002663,C00073,Engineering,110,2025-06-19,Medium,Pending
BR002067,TMS002664,C00084,Engineering,185,2025-06-10,High,Pending
BR002068,TMS002666,C00059,Engineering,89,2025-06-06,Low,Pending
BR002069,TMS002668,C00004,Engineering,134,2025-06-28,Medium,Pending
BR002070,TMS002669,C00038,Engineering,35,2025-06-10,Low,Pending
BR002071,TMS002670,C00044,Engineering,53,2025-06-09,Medium,Pending
BR002072,TMS002671,C00022,Engineering,132,2025-06-17,Low,Pending
BR002073,TMS002672,C00063,Engineering,213,2025-06-23,Low,Pending
BR002074,TMS002673,C00008,Engineering,247,2025-06-25,Medium,Pending
BR002075,TMS002676,C00014,Engineering,66,2025-06-14,Medium,Pending
BR002076,TMS002677,C00048,Engineering,49,2025-06-27,Low,Pending
BR002077,TMS002678,C00056,Engineering,187,2025-06-08,Medium,Pending
BR002078,TMS002679,C00026,Engineering,103,2025-06-13,High,Pending
BR002079,TMS002680,C00092,Engineering,163,2025-06-08,High,Pending
BR002080,TMS002681,C00092,Engineering,140,2025-06-05,High,Pending
BR002081,TMS002682,C00081,Engineering,74,2025-06-09,Medium,Pending
BR002082,TMS002684,C00023,Engineering,97,2025-06-24,Low,Pending
BR002083,TMS002687,C00035,Engineering,118,2025-06-04,Low,Pending
BR002084,TMS002688,C00070,Engineering,187,2025-06-14,Medium,Pending
BR002085,TMS002689,C00083,Engineering,51,2025-06-12,Medium,Pending
BR002086,TMS002690,C00028,Engineering,213,2025-06-21,Medium,Pending
BR002087,TMS002691,C00010,Engineering,267,2025-06-01,Low,Pending
BR002088,TMS002692,C00033,Engineering,135,2025-06-19,High,Pending
BR002089,TMS002693,C00062,Engineering,138,2025-06-22,High,Pending
BR002090,TMS002694,C00019,Engineering,74,2025-06-07,Medium,Pending
BR002091,TMS002695,C00089,Engineering,115,2025-06-01,Critical,Pending
BR002092,TMS002696,C00089,Engineering,248,2025-06-01,Medium,Pending
BR002093,TMS002698,C00001,Engineering,119,2025-06-11,Medium,Pending
BR002094,TMS002700,C00043,Engineering,90,2025-06-27,Critical,Pending
BR002095,TMS002701,C00093,Engineering,144,2025-06-07,High,Pending
BR002096,TMS002702,C00080,Engineering,115,2025-06-23,Medium,Pending
BR002097,TMS002703,C00032,Engineering,139,2025-06-11,Medium,Pending
BR002098,TMS002704,C00035,Engineering,126,2025-06-05,Medium,Pending
BR002099,TMS002705,C00013,Engineering,78,2025-06-12,Critical,Pending
BR002100,TMS002706,C00046,Engineering,177,2025-06-06,High,Pending
BR002101,TMS002707,C00025,Engineering,169,2025-06-12,Medium,Pending
BR002102,TMS002709,C00031,Engineering,256,2025-06-27,High,Pending
BR002103,TMS002710,C00079,Engineering,109,2025-06-23,Medium,Pending
BR002104,TMS002712,C00036,Engineering,151,2025-06-29,Low,Pending
BR002105,TMS002713,C00066,Engineering,220,2025-06-30,Medium,Pending
BR002106,TMS002715,C00077,Engineering,189,2025-06-26,Medium,Pending
BR002107,TMS002717,C00017,Engineering,223,2025-06-03,High,Pending
BR002108,TMS002718,C00043,Engineering,170,2025-06-16,Low,Pending
BR002109,TMS002719,C00098,Engineering,194,2025-06-22,Medium,Pending
BR002110,TMS002720,C00100,Engineering,242,2025-06-19,High,Pending
BR002111,TMS002721,C00039,Engineering,165,2025-06-08,Medium,Pending
BR002112,TMS002722,C00065,Engineering,91,2025-06-06,Medium,Pending
BR002113,TMS002723,C00067,Engineering,61,2025-06-15,Medium,Pending
BR002114,TMS002726,C00079,Engineering,159,2025-06-21,High,Pending
BR002115,TMS002728,C00006,Engineering,145,2025-06-29,Medium,Pending
BR002116,TMS002729,C00022,Engineering,214,2025-06-23,High,Pending
BR002117,TMS002731,C00094,Engineering,245,2025-06-06,Medium,Pending
BR002118,TMS002734,C00072,Engineering,76,2025-06-10,Low,Pending
BR002119,TMS002735,C00059,Engineering,46,2025-06-05,Medium,Pending
BR002120,TMS002736,C00036,Engineering,168,2025-06-25,Medium,Pending
BR002121,TMS002738,C00057,Engineering,104,2025-06-23,High,Pending
BR002122,TMS002743,C00042,Engineering,154,2025-06-16,Medium,Pending
BR002123,TMS002744,C00046,Engineering,50,2025-06-07,Low,Pending
BR002124,TMS002745,C00006,Engineering,271,2025-06-08,Low,Pending
BR002125,TMS002746,C00030,Engineering,167,2025-06-15,Low,Pending
BR002126,TMS002747,C00085,Engineering,129,2025-06-30,Medium,Pending
BR002127,TMS002749,C00049,Engineering,169,2025-06-08,Critical,Pending
BR002128,TMS002750,C00025,Engineering,103,2025-06-18,Low,Pending
BR002129,TMS002753,C00009,Engineering,120,2025-06-13,Medium,Pending
BR002130,TMS002754,C00017,Engineering,198,2025-06-29,Low,Pending
BR002131,TMS002755,C00064,Engineering,146,2025-06-04,Medium,Pending
BR002132,TMS002756,C00069,Engineering,130,2025-06-18,Low,Pending
BR002133,TMS002757,C00017,Engineering,287,2025-06-18,Low,Pending
BR002134,TMS002758,C00032,Engineering,88,2025-06-17,Low,Pending
BR002135,TMS002759,C00089,Engineering,139,2025-06-17,Low,Pending
BR002136,TMS002760,C00022,Engineering,180,2025-06-07,High,Pending
BR002137,TMS002761,C00058,Engineering,53,2025-06-02,High,Pending
BR002138,TMS002762,C00023,Engineering,60,2025-06-26,Low,Pending
BR002139,TMS002763,C00096,Engineering,179,2025-06-26,Medium,Pending
BR002140,TMS002764,C00100,Engineering,48,2025-06-02,Medium,Pending
BR002141,TMS002765,C00081,Engineering,144,2025-06-05,High,Pending
BR002142,TMS002766,C00093,Engineering,182,2025-06-16,Low,Pending
BR002143,TMS002767,C00034,Engineering,87,2025-06-09,Medium,Pending
BR002144,TMS002768,C00010,Engineering,171,2025-06-15,Medium,Pending
BR002145,TMS002769,C00081,Engineering,126,2025-06-29,Medium,Pending
BR002146,TMS002770,C00038,Engineering,190,2025-06-24,Low,Pending
BR002147,TMS002773,C00013,Engineering,139,2025-06-17,Low,Pending
BR002148,TMS002774,C00098,Engineering,194,2025-06-09,Low,Pending
BR002149,TMS002775,C00007,Engineering,248,2025-06-25,Low,Pending
BR002150,TMS002776,C00079,Engineering,253,2025-06-06,Critical,Pending
BR002151,TMS002777,C00003,Engineering,108,2025-06-20,Low,Pending
BR002152,TMS002778,C00036,Engineering,88,2025-06-27,Low,Pending
BR002153,TMS002779,C00057,Engineering,157,2025-06-04,Low,Pending
BR002154,TMS002780,C00083,Engineering,189,2025-06-12,High,Pending
BR002155,TMS002781,C00012,Engineering,44,2025-06-16,Low,Pending
BR002156,TMS002782,C00003,Engineering,142,2025-06-17,Medium,Pending
BR002157,TMS002783,C00006,Engineering,80,2025-06-15,Medium,Pending
BR002158,TMS002786,C00090,Engineering,112,2025-06-30,Low,Pending
BR002159,TMS002787,C00027,Engineering,240,2025-06-14,Critical,Pending
BR002160,TMS002788,C00039,Engineering,63,2025-06-04,Medium,Pending
BR002161,TMS002789,C00052,Engineering,360,2025-06-18,High,Pending
BR002162,TMS002790,C00094,Engineering,166,2025-06-02,Medium,Pending
BR002163,TMS002793,C00020,Engineering,285,2025-06-09,Medium,Pending
BR002164,TMS002794,C00016,Engineering,183,2025-06-10,Low,Pending
BR002165,TMS002795,C00048,Engineering,63,2025-06-17,Low,Pending
BR002166,TMS002796,C00002,Engineering,59,2025-06-10,Low,Pending
BR002167,TMS002797,C00071,Engineering,142,2025-06-18,Medium,Pending
BR002168,TMS002798,C00100,Engineering,68,2025-06-27,Low,Pending
BR002169,TMS002800,C00075,Engineering,167,2025-06-09,Low,Pending
BR002170,TMS002801,C00088,Engineering,174,2025-06-01,Medium,Pending
BR002171,TMS002802,C00026,Engineering,183,2025-06-30,High,Pending
BR002172,TMS002803,C00001,Engineering,338,2025-06-05,Critical,Pending
BR002173,TMS002804,C00032,Engineering,117,2025-06-05,Low,Pending
BR002174,TMS002805,C00049,Engineering,82,2025-06-13,High,Pending
BR002175,TMS002806,C00027,Engineering,148,2025-06-02,Low,Pending
BR002176,TMS002807,C00098,Engineering,167,2025-06-29,Low,Pending
BR002177,TMS002808,C00059,Engineering,148,2025-06-29,Low,Pending
BR002178,TMS002809,C00068,Engineering,175,2025-06-29,Medium,Pending
BR002179,TMS002811,C00081,Engineering,104,2025-06-14,Medium,Pending
BR002180,TMS002812,C00018,Engineering,236,2025-06-04,Medium,Pending
BR002181,TMS002813,C00089,Engineering,195,2025-06-07,Critical,Pending
BR002182,TMS002814,C00066,Engineering,156,2025-06-05,Low,Pending
BR002183,TMS002815,C00051,Engineering,174,2025-06-14,High,Pending
BR002184,TMS002816,C00070,Engineering,203,2025-06-04,Medium,Pending
BR002185,TMS002817,C00054,Engineering,199,2025-06-06,High,Pending
BR002186,TMS002819,C00063,Engineering,123,2025-06-22,High,Pending
BR002187,TMS002821,C00014,Engineering,166,2025-06-26,Medium,Pending
BR002188,TMS002822,C00073,Engineering,141,2025-06-01,Medium,Pending
BR002189,TMS002823,C00041,Engineering,200,2025-06-19,Low,Pending
BR002190,TMS002824,C00001,Engineering,135,2025-06-07,Medium,Pending
BR002191,TMS002825,C00041,Engineering,184,2025-06-10,Medium,Pending
BR002192,TMS002826,C00060,Engineering,52,2025-06-12,High,Pending
BR002193,TMS002828,C00087,Engineering,199,2025-06-15,High,Pending
BR002194,TMS002829,C00092,Engineering,258,2025-06-28,High,Pending
BR002195,TMS002830,C00090,Engineering,49,2025-06-25,Low,Pending
BR002196,TMS002831,C00033,Engineering,40,2025-06-20,High,Pending
BR002197,TMS002832,C00083,Engineering,186,2025-06-19,High,Pending
BR002198,TMS002833,C00073,Engineering,278,2025-06-03,Critical,Pending
BR002199,TMS002835,C00084,Engineering,113,2025-06-27,High,Pending
BR002200,TMS002836,C00014,Engineering,208,2025-06-01,Critical,Pending
BR002201,TMS002837,C00038,Engineering,52,2025-06-08,Medium,Pending
BR002202,TMS002838,C00041,Engineering,266,2025-06-16,High,Pending
BR002203,TMS002839,C00063,Engineering,113,2025-06-30,Low,Pending
BR002204,TMS002840,C00025,Engineering,266,2025-06-09,Low,Pending
BR002205,TMS002841,C00048,Engineering,211,2025-06-17,Medium,Pending
BR002206,TMS002842,C00006,Engineering,115,2025-06-09,Low,Pending
BR002207,TMS002843,C00050,Engineering,242,2025-06-20,Critical,Pending
BR002208,TMS002847,C00017,Engineering,111,2025-06-23,Low,Pending
BR002209,TMS002848,C00095,Engineering,200,2025-06-05,Low,Pending
BR002210,TMS002849,C00006,Engineering,189,2025-06-01,Medium,Pending
BR002211,TMS002850,C00088,Engineering,66,2025-06-09,Low,Pending
BR002212,TMS002851,C00074,Engineering,177,2025-06-26,High,Pending
BR002213,TMS002852,C00063,Engineering,39,2025-06-27,Medium,Pending
BR002214,TMS002853,C00039,Engineering,243,2025-06-14,Low,Pending
BR002215,TMS002854,C00045,Engineering,141,2025-06-07,Medium,Pending
BR002216,TMS002857,C00008,Engineering,49,2025-06-28,High,Pending
BR002217,TMS002858,C00059,Engineering,62,2025-06-22,Medium,Pending
BR002218,TMS002860,C00096,Engineering,81,2025-06-20,Medium,Pending
BR002219,TMS002861,C00043,Engineering,233,2025-06-04,Low,Pending
BR002220,TMS002862,C00044,Engineering,221,2025-06-24,Medium,Pending
BR002221,TMS002863,C00043,Engineering,157,2025-06-28,Medium,Pending
BR002222,TMS002864,C00012,Engineering,253,2025-06-11,Medium,Pending
BR002223,TMS002865,C00085,Engineering,30,2025-06-28,Medium,Pending
BR002224,TMS002866,C00097,Engineering,47,2025-06-29,Low,Pending
BR002225,TMS002868,C00036,Engineering,43,2025-06-13,Low,Pending
BR002226,TMS002869,C00027,Engineering,60,2025-06-10,Low,Pending
BR002227,TMS002870,C00010,Engineering,237,2025-06-02,High,Pending
BR002228,TMS002871,C00078,Engineering,225,2025-06-28,Low,Pending
BR002229,TMS002872,C00052,Engineering,246,2025-06-24,Medium,Pending
BR002230,TMS002873,C00080,Engineering,100,2025-06-28,Medium,Pending
BR002231,TMS002874,C00097,Engineering,119,2025-06-24,Medium,Pending
BR002232,TMS002876,C00054,Engineering,78,2025-06-24,Critical,Pending
BR002233,TMS002878,C00050,Engineering,78,2025-06-30,Critical,Pending
BR002234,TMS002879,C00047,Engineering,257,2025-06-11,Low,Pending
BR002235,TMS002880,C00006,Engineering,224,2025-06-20,Low,Pending
BR002236,TMS002881,C00091,Engineering,92,2025-06-01,Critical,Pending
BR002237,TMS002882,C00034,Engineering,163,2025-06-13,Low,Pending
BR002238,TMS002885,C00025,Engineering,95,2025-06-19,Medium,Pending
BR002239,TMS002887,C00063,Engineering,101,2025-06-26,High,Pending
BR002240,TMS002888,C00083,Engineering,83,2025-06-09,Medium,Pending
BR002241,TMS002889,C00083,Engineering,132,2025-06-20,High,Pending
BR002242,TMS002890,C00053,Engineering,114,2025-06-05,Low,Pending
BR002243,TMS002891,C00013,Engineering,199,2025-06-22,High,Pending
BR002244,TMS002893,C00093,Engineering,48,2025-06-28,High,Pending
BR002245,TMS002894,C00036,Engineering,189,2025-06-21,Low,Pending
BR002246,TMS002895,C00096,Engineering,153,2025-06-22,Low,Pending
BR002247,TMS002896,C00081,Engineering,69,2025-06-14,Medium,Pending
BR002248,TMS002897,C00032,Engineering,162,2025-06-17,Medium,Pending
BR002249,TMS002898,C00024,Engineering,235,2025-06-09,Low,Pending
BR002250,TMS002899,C00008,Engineering,73,2025-06-22,Low,Pending
BR002251,TMS002901,C00049,Engineering,139,2025-06-15,Medium,Pending
BR002252,TMS002902,C00097,Engineering,101,2025-06-19,Medium,Pending
BR002253,TMS002904,C00091,Engineering,84,2025-06-16,Low,Pending
BR002254,TMS002905,C00036,Engineering,145,2025-06-16,Low,Pending
BR002255,TMS002907,C00060,Engineering,134,2025-06-29,High,Pending
BR002256,TMS002908,C00004,Engineering,140,2025-06-21,Low,Pending
BR002257,TMS002909,C00073,Engineering,234,2025-06-11,Medium,Pending
BR002258,TMS002912,C00098,Engineering,172,2025-06-18,Low,Pending
BR002259,TMS002913,C00006,Engineering,95,2025-06-29,Low,Pending
BR002260,TMS002914,C00049,Engineering,96,2025-06-17,High,Pending
BR002261,TMS002915,C00041,Engineering,173,2025-06-08,Low,Pending
BR002262,TMS002916,C00021,Engineering,143,2025-06-24,Low,Pending
BR002263,TMS002917,C00100,Engineering,191,2025-06-27,Medium,Pending
BR002264,TMS002918,C00026,Engineering,221,2025-06-10,Low,Pending
BR002265,TMS002919,C00050,Engineering,223,2025-06-12,High,Pending
BR002266,TMS002920,C00088,Engineering,61,2025-06-27,Medium,Pending
BR002267,TMS002922,C00059,Engineering,165,2025-06-07,Critical,Pending
BR002268,TMS002927,C00060,Engineering,206,2025-06-27,Medium,Pending
BR002269,TMS002929,C00058,Engineering,187,2025-06-09,Medium,Pending
BR002270,TMS002930,C00091,Engineering,142,2025-06-05,Low,Pending
BR002271,TMS002931,C00047,Engineering,119,2025-06-11,Critical,Pending
BR002272,TMS002932,C00003,Engineering,41,2025-06-08,Critical,Pending
BR002273,TMS002933,C00097,Engineering,181,2025-06-18,Low,Pending
BR002274,TMS002934,C00008,Engineering,161,2025-06-19,Low,Pending
BR002275,TMS002935,C00097,Engineering,130,2025-06-09,Medium,Pending
BR002276,TMS002937,C00051,Engineering,80,2025-06-19,Low,Pending
BR002277,TMS002938,C00019,Engineering,100,2025-06-24,High,Pending
BR002278,TMS002939,C00025,Engineering,43,2025-06-28,High,Pending
BR002279,TMS002940,C00076,Engineering,110,2025-06-15,Critical,Pending
BR002280,TMS002942,C00033,Engineering,208,2025-06-30,High,Pending
BR002281,TMS002943,C00025,Engineering,289,2025-06-25,Critical,Pending
BR002282,TMS002944,C00069,Engineering,151,2025-06-25,Low,Pending
BR002283,TMS002947,C00061,Engineering,213,2025-06-03,Low,Pending
BR002284,TMS002948,C00023,Engineering,129,2025-06-28,Medium,Pending
BR002285,TMS002949,C00011,Engineering,146,2025-06-28,Medium,Pending
BR002286,TMS002950,C00091,Engineering,112,2025-06-29,Low,Pending
BR002287,TMS002951,C00092,Engineering,167,2025-06-15,Low,Pending
BR002288,TMS002952,C00028,Engineering,196,2025-06-26,Medium,Pending
BR002289,TMS002953,C00027,Engineering,192,2025-06-17,High,Pending
BR002290,TMS002954,C00060,Engineering,287,2025-06-13,Critical,Pending
BR002291,TMS002955,C00009,Engineering,301,2025-06-22,Critical,Pending
BR002292,TMS002956,C00082,Engineering,215,2025-06-15,High,Pending
BR002293,TMS002957,C00085,Engineering,89,2025-06-19,Medium,Pending
BR002294,TMS002958,C00011,Engineering,190,2025-06-13,Low,Pending
BR002295,TMS002959,C00096,Engineering,90,2025-06-12,Low,Pending
BR002296,TMS002960,C00057,Engineering,222,2025-06-20,Critical,Pending
BR002297,TMS002961,C00076,Engineering,171,2025-06-01,Low,Pending
BR002298,TMS002962,C00035,Engineering,132,2025-06-22,Low,Pending
BR002299,TMS002963,C00060,Engineering,84,2025-06-11,Medium,Pending
BR002300,TMS002964,C00017,Engineering,191,2025-06-05,Low,Pending
BR002301,TMS002966,C00055,Engineering,238,2025-06-21,Medium,Pending
BR002302,TMS002968,C00046,Engineering,45,2025-06-29,Medium,Pending
BR002303,TMS002969,C00015,Engineering,39,2025-06-29,Medium,Pending
BR002304,TMS002970,C00021,Engineering,203,2025-06-07,Medium,Pending
BR002305,TMS002971,C00010,Engineering,238,2025-06-30,Medium,Pending
BR002306,TMS002972,C00082,Engineering,114,2025-06-27,Low,Pending
BR002307,TMS002973,C00080,Engineering,248,2025-06-13,Critical,Pending
BR002308,TMS002974,C00009,Engineering,41,2025-06-09,Medium,Pending
BR002309,TMS002975,C00060,Engineering,126,2025-06-16,Medium,Pending
BR002310,TMS002976,C00055,Engineering,128,2025-06-20,Low,Pending
BR002311,TMS002977,C00058,Engineering,156,2025-06-02,Low,Pending
BR002312,TMS002978,C00077,Engineering,200,2025-06-18,Low,Pending
BR002313,TMS002979,C00068,Engineering,170,2025-06-08,High,Pending
BR002314,TMS002980,C00068,Engineering,224,2025-06-12,Low,Pending
BR002315,TMS002981,C00038,Engineering,263,2025-06-11,Critical,Pending
BR002316,TMS002982,C00024,Engineering,174,2025-06-12,Low,Pending
BR002317,TMS002983,C00017,Engineering,254,2025-06-27,Low,Pending
BR002318,TMS002985,C00066,Engineering,89,2025-06-30,Critical,Pending
BR002319,TMS002986,C00065,Engineering,141,2025-06-26,Low,Pending
BR002320,TMS002988,C00076,Engineering,76,2025-06-27,Medium,Pending
BR002321,TMS002989,C00038,Engineering,152,2025-06-28,High,Pending
BR002322,TMS002990,C00081,Engineering,229,2025-06-13,Medium,Pending
BR002323,TMS002991,C00090,Engineering,116,2025-06-18,High,Pending
BR002324,TMS002992,C00043,Engineering,145,2025-06-21,Medium,Pending
BR002325,TMS002993,C00062,Engineering,205,2025-06-07,Medium,Pending
BR002326,TMS002994,C00027,Engineering,152,2025-06-04,Low,Pending
BR002327,TMS002995,C00009,Engineering,254,2025-06-05,High,Pending
BR002328,TMS002996,C00023,Engineering,142,2025-06-09,Medium,Pending
BR002329,TMS002998,C00042,Engineering,161,2025-06-22,Medium,Pending
BR002330,TMS003000,C00006,Engineering,229,2025-06-27,High,Pending
BR002331,TMS003002,C00022,Engineering,72,2025-06-28,Medium,Pending
BR002332,TMS003003,C00073,Engineering,177,2025-06-08,Low,Pending
BR002333,TMS003004,C00044,Engineering,97,2025-06-13,Critical,Pending
BR002334,TMS003006,C00088,Engineering,146,2025-06-03,Low,Pending
BR002335,TMS003007,C00059,Engineering,147,2025-06-05,Medium,Pending
BR002336,TMS003008,C00032,Engineering,209,2025-06-20,Medium,Pending
BR002337,TMS003009,C00012,Engineering,66,2025-06-26,Low,Pending
BR002338,TMS003010,C00008,Engineering,160,2025-06-24,Medium,Pending
BR002339,TMS003011,C00078,Engineering,145,2025-06-04,Medium,Pending
BR002340,TMS003016,C00097,Engineering,178,2025-06-05,Low,Pending
BR002341,TMS003017,C00031,Engineering,90,2025-06-04,High,Pending
BR002342,TMS003019,C00088,Engineering,144,2025-06-09,High,Pending
BR002343,TMS003021,C00027,Engineering,141,2025-06-14,Medium,Pending
BR002344,TMS003022,C00061,Engineering,143,2025-06-16,Medium,Pending
BR002345,TMS003024,C00085,Engineering,112,2025-06-29,Low,Pending
BR002346,TMS003025,C00011,Engineering,175,2025-06-02,Low,Pending
BR002347,TMS003026,C00023,Engineering,138,2025-06-15,Medium,Pending
BR002348,TMS003027,C00059,Engineering,120,2025-06-17,Low,Pending
BR002349,TMS003028,C00008,Engineering,152,2025-06-12,Low,Pending
BR002350,TMS003029,C00013,Engineering,256,2025-06-15,Low,Pending
BR002351,TMS003030,C00068,Engineering,163,2025-06-13,Low,Pending
BR002352,TMS003031,C00065,Engineering,132,2025-06-12,Critical,Pending
BR002353,TMS003032,C00014,Engineering,170,2025-06-06,Low,Pending
BR002354,TMS003033,C00083,Engineering,106,2025-06-23,Medium,Pending
BR002355,TMS003034,C00066,Engineering,197,2025-06-29,Medium,Pending
BR002356,TMS003035,C00048,Engineering,126,2025-06-07,Low,Pending
BR002357,TMS003037,C00046,Engineering,74,2025-06-01,Medium,Pending
BR002358,TMS003038,C00034,Engineering,48,2025-06-08,Medium,Pending
BR002359,TMS003039,C00085,Engineering,68,2025-06-19,Low,Pending
BR002360,TMS003041,C00062,Engineering,69,2025-06-30,Medium,Pending
BR002361,TMS003042,C00081,Engineering,178,2025-06-06,High,Pending
BR002362,TMS003043,C00061,Engineering,315,2025-06-12,High,Pending
BR002363,TMS003044,C00082,Engineering,123,2025-06-25,Low,Pending
BR002364,TMS003046,C00044,Engineering,187,2025-06-06,Medium,Pending
BR002365,TMS003047,C00056,Engineering,224,2025-06-17,High,Pending
BR002366,TMS003048,C00041,Engineering,186,2025-06-17,Low,Pending
BR002367,TMS003049,C00046,Engineering,56,2025-06-22,Low,Pending
BR002368,TMS003050,C00023,Engineering,105,2025-06-02,Medium,Pending
BR002369,TMS003051,C00042,Engineering,126,2025-06-17,Medium,Pending
BR002370,TMS003053,C00009,Engineering,201,2025-06-01,Low,Pending
BR002371,TMS003054,C00069,Engineering,244,2025-06-05,Low,Pending
BR002372,TMS003055,C00035,Engineering,166,2025-06-02,Low,Pending
BR002373,TMS003056,C00034,Engineering,36,2025-06-03,Medium,Pending
BR002374,TMS003057,C00059,Engineering,132,2025-06-11,Low,Pending
BR002375,TMS003058,C00084,Engineering,111,2025-06-30,Medium,Pending
BR002376,TMS003059,C00025,Engineering,150,2025-06-17,Low,Pending
BR002377,TMS003060,C00048,Engineering,130,2025-06-03,Medium,Pending
BR002378,TMS003061,C00082,Engineering,30,2025-06-13,Low,Pending
BR002379,TMS003062,C00031,Engineering,195,2025-06-02,Low,Pending
BR002380,TMS003063,C00026,Engineering,151,2025-06-22,High,Pending
BR002381,TMS003065,C00002,Engineering,139,2025-06-07,Medium,Pending
BR002382,TMS003066,C00042,Engineering,220,2025-06-24,High,Pending
BR002383,TMS003067,C00092,Engineering,226,2025-06-11,Critical,Pending
BR002384,TMS003068,C00005,Engineering,173,2025-06-29,Medium,Pending
BR002385,TMS003069,C00006,Engineering,83,2025-06-02,Medium,Pending
BR002386,TMS003070,C00077,Engineering,131,2025-06-29,Low,Pending
BR002387,TMS003071,C00011,Engineering,303,2025-06-11,Medium,Pending
BR002388,TMS003072,C00060,Engineering,131,2025-06-12,Low,Pending
BR002389,TMS003073,C00092,Engineering,105,2025-06-06,Low,Pending
BR002390,TMS003074,C00050,Engineering,76,2025-06-15,Medium,Pending
BR002391,TMS003075,C00095,Engineering,177,2025-06-27,High,Pending
BR002392,TMS003076,C00011,Engineering,228,2025-06-10,Medium,Pending
BR002393,TMS003078,C00048,Engineering,178,2025-06-16,Low,Pending
BR002394,TMS003079,C00097,Engineering,60,2025-06-06,Medium,Pending
BR002395,TMS003080,C00091,Engineering,242,2025-06-01,Low,Pending
BR002396,TMS003081,C00080,Engineering,211,2025-06-06,Low,Pending
BR002397,TMS003082,C00018,Engineering,89,2025-06-24,Medium,Pending
BR002398,TMS003085,C00074,Engineering,168,2025-06-21,Low,Pending
BR002399,TMS003086,C00091,Engineering,147,2025-06-10,Medium,Pending
BR002400,TMS003088,C00094,Engineering,317,2025-06-18,Critical,Pending
BR002401,TMS003089,C00077,Engineering,309,2025-06-04,Medium,Pending
BR002402,TMS003090,C00027,Engineering,132,2025-06-09,Critical,Pending
BR002403,TMS003091,C00001,Engineering,67,2025-06-25,Medium,Pending
BR002404,TMS003092,C00042,Engineering,167,2025-06-22,Medium,Pending
BR002405,TMS003093,C00066,Engineering,105,2025-06-20,Low,Pending
BR002406,TMS003094,C00080,Engineering,171,2025-06-19,Medium,Pending
BR002407,TMS003095,C00066,Engineering,101,2025-06-11,Low,Pending
BR002408,TMS003096,C00059,Engineering,324,2025-06-18,Critical,Pending
BR002409,TMS003097,C00066,Engineering,46,2025-06-11,Medium,Pending
BR002410,TMS003098,C00069,Engineering,158,2025-06-29,Medium,Pending
BR002411,TMS003099,C00095,Engineering,215,2025-06-20,High,Pending
BR002412,TMS003101,C00003,Engineering,198,2025-06-07,Low,Pending
BR002413,TMS003102,C00027,Engineering,199,2025-06-13,Low,Pending
BR002414,TMS003103,C00064,Engineering,52,2025-06-11,Medium,Pending
BR002415,TMS003105,C00064,Engineering,155,2025-06-04,Low,Pending
BR002416,TMS003106,C00071,Engineering,227,2025-06-24,Medium,Pending
BR002417,TMS003107,C00057,Engineering,70,2025-06-06,Low,Pending
BR002418,TMS003108,C00066,Engineering,120,2025-06-01,Medium,Pending
BR002419,TMS003109,C00076,Engineering,137,2025-06-30,Critical,Pending
BR002420,TMS003110,C00069,Engineering,227,2025-06-30,Medium,Pending
BR002421,TMS003111,C00048,Engineering,110,2025-06-05,Medium,Pending
BR002422,TMS003112,C00006,Engineering,129,2025-06-24,Medium,Pending
BR002423,TMS003113,C00025,Engineering,333,2025-06-03,Medium,Pending
BR002424,TMS003115,C00045,Engineering,164,2025-06-10,Medium,Pending
BR002425,TMS003116,C00029,Engineering,78,2025-06-24,High,Pending
BR002426,TMS003117,C00068,Engineering,85,2025-06-19,High,Pending
BR002427,TMS003118,C00041,Engineering,199,2025-06-12,Low,Pending
BR002428,TMS003120,C00090,Engineering,187,2025-06-02,Low,Pending
BR002429,TMS003121,C00092,Engineering,122,2025-06-08,Medium,Pending
BR002430,TMS003122,C00038,Engineering,125,2025-06-05,High,Pending
BR002431,TMS003123,C00001,Engineering,180,2025-06-25,Critical,Pending
BR002432,TMS003124,C00078,Engineering,121,2025-06-13,Low,Pending
BR002433,TMS003125,C00097,Engineering,166,2025-06-10,Medium,Pending
BR002434,TMS003126,C00095,Engineering,134,2025-06-08,High,Pending
BR002435,TMS003128,C00097,Engineering,133,2025-06-29,High,Pending
BR002436,TMS003130,C00068,Engineering,126,2025-06-27,Medium,Pending
BR002437,TMS003132,C00068,Engineering,106,2025-06-23,Low,Pending
BR002438,TMS003133,C00068,Engineering,141,2025-06-15,Medium,Pending
BR002439,TMS003134,C00063,Engineering,171,2025-06-03,Medium,Pending
BR002440,TMS003135,C00027,Engineering,109,2025-06-17,Low,Pending
BR002441,TMS003136,C00078,Engineering,117,2025-06-20,High,Pending
BR002442,TMS003137,C00005,Engineering,92,2025-06-01,High,Pending
BR002443,TMS003138,C00051,Engineering,236,2025-06-30,High,Pending
BR002444,TMS003139,C00073,Engineering,98,2025-06-25,Medium,Pending
BR002445,TMS003140,C00047,Engineering,223,2025-06-11,Medium,Pending
BR002446,TMS003141,C00013,Engineering,217,2025-06-28,Critical,Pending
BR002447,TMS003142,C00093,Engineering,146,2025-06-28,Medium,Pending
BR002448,TMS003143,C00011,Engineering,81,2025-06-29,Medium,Pending
BR002449,TMS003144,C00051,Engineering,109,2025-06-02,Medium,Pending
BR002450,TMS003145,C00035,Engineering,41,2025-06-12,Medium,Pending
BR002451,TMS003146,C00075,Engineering,46,2025-06-01,High,Pending
BR002452,TMS003147,C00024,Engineering,258,2025-06-09,Low,Pending
BR002453,TMS003149,C00036,Engineering,203,2025-06-11,Medium,Pending
BR002454,TMS003151,C00034,Engineering,77,2025-06-10,Low,Pending
BR002455,TMS003152,C00044,Engineering,188,2025-06-08,Medium,Pending
BR002456,TMS003153,C00099,Engineering,54,2025-06-06,Medium,Pending
BR002457,TMS003155,C00099,Engineering,127,2025-06-12,Low,Pending
BR002458,TMS003156,C00088,Engineering,206,2025-06-18,Critical,Pending
BR002459,TMS003157,C00084,Engineering,202,2025-06-02,High,Pending
BR002460,TMS003159,C00053,Engineering,165,2025-06-19,High,Pending
BR002461,TMS003160,C00026,Engineering,265,2025-06-09,Medium,Pending
BR002462,TMS003161,C00084,Engineering,79,2025-06-29,Low,Pending
BR002463,TMS003163,C00071,Engineering,205,2025-06-29,Medium,Pending
BR002464,TMS003164,C00009,Engineering,88,2025-06-11,Low,Pending
BR002465,TMS003165,C00031,Engineering,262,2025-06-13,High,Pending
BR002466,TMS003166,C00003,Engineering,92,2025-06-09,Medium,Pending
BR002467,TMS003167,C00093,Engineering,69,2025-06-01,High,Pending
BR002468,TMS003168,C00013,Engineering,105,2025-06-09,Low,Pending
BR002469,TMS003169,C00068,Engineering,90,2025-06-18,Medium,Pending
BR002470,TMS003170,C00086,Engineering,112,2025-06-01,High,Pending
BR002471,TMS003171,C00013,Engineering,98,2025-06-16,High,Pending
BR002472,TMS003172,C00054,Engineering,93,2025-06-05,Medium,Pending
BR002473,TMS003173,C00019,Engineering,75,2025-06-17,Medium,Pending
BR002474,TMS003174,C00041,Engineering,237,2025-06-19,Medium,Pending
BR002475,TMS003175,C00064,Engineering,40,2025-06-17,Medium,Pending
BR002476,TMS003176,C00076,Engineering,183,2025-06-13,Medium,Pending
BR002477,TMS003177,C00015,Engineering,219,2025-06-15,Low,Pending
BR002478,TMS003178,C00012,Engineering,81,2025-06-11,Low,Pending
BR002479,TMS003179,C00009,Engineering,94,2025-06-09,High,Pending
BR002480,TMS003180,C00008,Engineering,54,2025-06-30,Low,Pending
BR002481,TMS003181,C00046,Engineering,253,2025-06-23,Low,Pending
BR002482,TMS003182,C00012,Engineering,270,2025-06-24,Medium,Pending
BR002483,TMS003183,C00070,Engineering,208,2025-06-04,Critical,Pending
BR002484,TMS003184,C00083,Engineering,151,2025-06-25,Low,Pending
BR002485,TMS003185,C00086,Engineering,73,2025-06-25,Medium,Pending
BR002486,TMS003186,C00072,Engineering,191,2025-06-20,Medium,Pending
BR002487,TMS003187,C00047,Engineering,166,2025-06-06,Low,Pending
BR002488,TMS003188,C00031,Engineering,46,2025-06-29,Medium,Pending
BR002489,TMS003190,C00051,Engineering,110,2025-06-03,Critical,Pending
BR002490,TMS003191,C00068,Engineering,143,2025-06-23,Medium,Pending
BR002491,TMS003192,C00011,Engineering,65,2025-06-02,Low,Pending
BR002492,TMS003193,C00055,Engineering,164,2025-06-07,Low,Pending
BR002493,TMS003194,C00050,Engineering,203,2025-06-04,Low,Pending
BR002494,TMS003197,C00042,Engineering,175,2025-06-09,High,Pending
BR002495,TMS003198,C00075,Engineering,195,2025-06-21,Low,Pending
BR002496,TMS003199,C00054,Engineering,50,2025-06-21,High,Pending
BR002497,TMS003200,C00018,Engineering,55,2025-06-01,Low,Pending
BR002498,TMS003201,C00080,Engineering,161,2025-06-10,High,Pending
BR002499,TMS003203,C00029,Engineering,268,2025-06-24,Critical,Pending
BR002500,TMS003204,C00098,Engineering,173,2025-06-01,High,Pending
BR002501,TMS003206,C00048,Engineering,68,2025-06-28,High,Pending
BR002502,TMS003207,C00012,Engineering,216,2025-06-11,High,Pending
BR002503,TMS003208,C00019,Engineering,154,2025-06-05,Medium,Pending
BR002504,TMS003209,C00045,Engineering,108,2025-06-22,Critical,Pending
BR002505,TMS003210,C00014,Engineering,69,2025-06-14,Medium,Pending
BR002506,TMS003211,C00041,Engineering,277,2025-06-11,High,Pending
BR002507,TMS003212,C00023,Engineering,162,2025-06-11,Low,Pending
BR002508,TMS003214,C00004,Engineering,213,2025-06-03,Medium,Pending
BR002509,TMS003216,C00084,Engineering,164,2025-06-18,Low,Pending
BR002510,TMS003218,C00036,Engineering,196,2025-06-23,Critical,Pending
BR002511,TMS003220,C00045,Engineering,37,2025-06-18,Low,Pending
BR002512,TMS003221,C00048,Engineering,130,2025-06-23,High,Pending
BR002513,TMS003223,C00060,Engineering,299,2025-06-06,Medium,Pending
BR002514,TMS003224,C00068,Engineering,269,2025-06-12,High,Pending
BR002515,TMS003225,C00040,Engineering,227,2025-06-14,Medium,Pending
BR002516,TMS003226,C00027,Engineering,268,2025-06-01,Medium,Pending
BR002517,TMS003227,C00076,Engineering,154,2025-06-16,Medium,Pending
BR002518,TMS003228,C00048,Engineering,264,2025-06-28,Low,Pending
BR002519,TMS003231,C00075,Engineering,219,2025-06-28,Low,Pending
BR002520,TMS003233,C00024,Engineering,272,2025-06-16,High,Pending
BR002521,TMS003234,C00083,Engineering,257,2025-06-08,Critical,Pending
BR002522,TMS003235,C00039,Engineering,52,2025-06-10,Low,Pending
BR002523,TMS003236,C00025,Engineering,116,2025-06-09,Medium,Pending
BR002524,TMS003237,C00063,Engineering,312,2025-06-24,Medium,Pending
BR002525,TMS003238,C00062,Engineering,190,2025-06-14,Low,Pending
BR002526,TMS003239,C00021,Engineering,86,2025-06-27,Medium,Pending
BR002527,TMS003240,C00042,Engineering,177,2025-06-18,High,Pending
BR002528,TMS003241,C00020,Engineering,137,2025-06-10,Low,Pending
BR002529,TMS003242,C00013,Engineering,197,2025-06-26,High,Pending
BR002530,TMS003245,C00085,Engineering,228,2025-06-11,Critical,Pending
BR002531,TMS003246,C00009,Engineering,206,2025-06-24,Medium,Pending
BR002532,TMS003247,C00027,Engineering,57,2025-06-10,Medium,Pending
BR002533,TMS003248,C00092,Engineering,116,2025-06-18,Low,Pending
BR002534,TMS003249,C00072,Engineering,265,2025-06-16,Critical,Pending
BR002535,TMS003250,C00076,Engineering,174,2025-06-23,Medium,Pending
BR002536,TMS003251,C00005,Engineering,243,2025-06-06,Medium,Pending
BR002537,TMS003252,C00067,Engineering,169,2025-06-09,Medium,Pending
BR002538,TMS003253,C00100,Engineering,137,2025-06-25,Critical,Pending
BR002539,TMS003254,C00010,Engineering,306,2025-06-24,High,Pending
BR002540,TMS003255,C00036,Engineering,189,2025-06-08,Medium,Pending
BR002541,TMS003256,C00085,Engineering,94,2025-06-26,High,Pending
BR002542,TMS003257,C00029,Engineering,280,2025-06-22,Medium,Pending
BR002543,TMS003258,C00007,Engineering,144,2025-06-26,Low,Pending
BR002544,TMS003259,C00099,Engineering,145,2025-06-03,Medium,Pending
BR002545,TMS003260,C00054,Engineering,240,2025-06-14,Low,Pending
BR002546,TMS003261,C00041,Engineering,114,2025-06-11,Medium,Pending
BR002547,TMS003262,C00012,Engineering,120,2025-06-25,Low,Pending
BR002548,TMS003263,C00068,Engineering,282,2025-06-19,Low,Pending
BR002549,TMS003264,C00038,Engineering,161,2025-06-27,Medium,Pending
BR002550,TMS003265,C00035,Engineering,158,2025-06-08,Low,Pending
BR002551,TMS003266,C00030,Engineering,113,2025-06-20,Medium,Pending
BR002552,TMS003267,C00029,Engineering,221,2025-06-04,Low,Pending
BR002553,TMS003268,C00040,Engineering,104,2025-06-23,High,Pending
BR002554,TMS003269,C00078,Engineering,119,2025-06-29,High,Pending
BR002555,TMS003270,C00084,Engineering,205,2025-06-08,Medium,Pending
BR002556,TMS003273,C00081,Engineering,236,2025-06-12,Critical,Pending
BR002557,TMS003277,C00088,Engineering,93,2025-06-24,Medium,Pending
BR002558,TMS003278,C00033,Engineering,86,2025-06-14,Critical,Pending
BR002559,TMS003279,C00097,Engineering,183,2025-06-19,Low,Pending
BR002560,TMS003282,C00025,Engineering,225,2025-06-10,Critical,Pending
BR002561,TMS003284,C00088,Engineering,87,2025-06-27,High,Pending
BR002562,TMS003285,C00072,Engineering,301,2025-06-04,High,Pending
BR002563,TMS003286,C00001,Engineering,122,2025-06-29,Medium,Pending
BR002564,TMS003287,C00070,Engineering,87,2025-06-21,Medium,Pending
BR002565,TMS003289,C00008,Engineering,155,2025-06-26,Medium,Pending
BR002566,TMS003290,C00032,Engineering,118,2025-06-20,Medium,Pending
BR002567,TMS003292,C00061,Engineering,185,2025-06-03,Medium,Pending
BR002568,TMS003294,C00048,Engineering,146,2025-06-14,Critical,Pending
BR002569,TMS003295,C00088,Engineering,187,2025-06-20,Medium,Pending
BR002570,TMS003296,C00082,Engineering,220,2025-06-23,Low,Pending
BR002571,TMS003297,C00019,Engineering,90,2025-06-21,Medium,Pending
BR002572,TMS003298,C00075,Engineering,226,2025-06-24,Medium,Pending
BR002573,TMS003300,C00029,Engineering,70,2025-06-22,Low,Pending
BR002574,TMS003301,C00021,Engineering,128,2025-06-20,Low,Pending
BR002575,TMS003302,C00093,Engineering,97,2025-06-11,High,Pending
BR002576,TMS003303,C00064,Engineering,69,2025-06-05,Medium,Pending
BR002577,TMS003304,C00085,Engineering,104,2025-06-06,Medium,Pending
BR002578,TMS003305,C00048,Engineering,223,2025-06-29,Low,Pending
BR002579,TMS003306,C00065,Engineering,296,2025-06-10,Medium,Pending
BR002580,TMS003307,C00010,Engineering,143,2025-06-15,High,Pending
BR002581,TMS003308,C00022,Engineering,224,2025-06-06,Medium,Pending
BR002582,TMS003309,C00069,Engineering,135,2025-06-04,Medium,Pending
BR002583,TMS003310,C00026,Engineering,94,2025-06-15,Medium,Pending
BR002584,TMS003311,C00024,Engineering,249,2025-06-28,High,Pending
BR002585,TMS003314,C00018,Engineering,202,2025-06-08,Low,Pending
BR002586,TMS003316,C00005,Engineering,126,2025-06-21,Critical,Pending
BR002587,TMS003318,C00072,Engineering,108,2025-06-16,Low,Pending
BR002588,TMS003319,C00039,Engineering,174,2025-06-18,High,Pending
BR002589,TMS003320,C00044,Engineering,161,2025-06-13,High,Pending
BR002590,TMS003321,C00046,Engineering,73,2025-06-08,Medium,Pending
BR002591,TMS003322,C00074,Engineering,217,2025-06-28,Low,Pending
BR002592,TMS003324,C00049,Engineering,156,2025-06-05,High,Pending
BR002593,TMS003325,C00077,Engineering,187,2025-06-29,Medium,Pending
BR002594,TMS003326,C00059,Engineering,79,2025-06-13,Medium,Pending
BR002595,TMS003327,C00001,Engineering,216,2025-06-13,High,Pending
BR002596,TMS003328,C00093,Engineering,162,2025-06-24,Critical,Pending
BR002597,TMS003329,C00027,Engineering,160,2025-06-18,Low,Pending
BR002598,TMS003330,C00008,Engineering,151,2025-06-27,Low,Pending
BR002599,TMS003331,C00059,Engineering,71,2025-06-21,Medium,Pending
BR002600,TMS003332,C00036,Engineering,134,2025-06-17,Medium,Pending
BR002601,TMS003334,C00094,Engineering,156,2025-06-10,Critical,Pending
BR002602,TMS003335,C00086,Engineering,218,2025-06-17,Medium,Pending
BR002603,TMS003336,C00079,Engineering,108,2025-06-05,Medium,Pending
BR002604,TMS003337,C00088,Engineering,152,2025-06-30,Medium,Pending
BR002605,TMS003338,C00010,Engineering,272,2025-06-28,Low,Pending
BR002606,TMS003339,C00050,Engineering,151,2025-06-22,Medium,Pending
BR002607,TMS003341,C00023,Engineering,179,2025-06-15,Medium,Pending
BR002608,TMS003342,C00013,Engineering,119,2025-06-12,High,Pending
BR002609,TMS003343,C00016,Engineering,140,2025-06-03,Critical,Pending
BR002610,TMS003346,C00064,Engineering,216,2025-06-06,Medium,Pending
BR002611,TMS003347,C00064,Engineering,96,2025-06-22,Low,Pending
BR002612,TMS003350,C00043,Engineering,110,2025-06-02,Medium,Pending
BR002613,TMS003351,C00078,Engineering,145,2025-06-07,High,Pending
BR002614,TMS003352,C00080,Engineering,106,2025-06-21,Critical,Pending
BR002615,TMS003353,C00100,Engineering,149,2025-06-04,Low,Pending
BR002616,TMS003354,C00069,Engineering,102,2025-06-20,Medium,Pending
BR002617,TMS003355,C00006,Engineering,263,2025-06-24,Low,Pending
BR002618,TMS003357,C00043,Engineering,113,2025-06-04,Low,Pending
BR002619,TMS003358,C00047,Engineering,119,2025-06-04,High,Pending
BR002620,TMS003359,C00093,Engineering,169,2025-06-24,Medium,Pending
BR002621,TMS003360,C00023,Engineering,117,2025-06-27,Low,Pending
BR002622,TMS003362,C00041,Engineering,239,2025-06-19,High,Pending
BR002623,TMS003363,C00045,Engineering,250,2025-06-22,Medium,Pending
BR002624,TMS003364,C00058,Engineering,125,2025-06-19,Critical,Pending
BR002625,TMS003365,C00045,Engineering,124,2025-06-11,Medium,Pending
BR002626,TMS003370,C00049,Engineering,64,2025-06-20,Low,Pending
BR002627,TMS003371,C00056,Engineering,253,2025-06-24,Low,Pending
BR002628,TMS003372,C00062,Engineering,226,2025-06-27,Medium,Pending
BR002629,TMS003373,C00097,Engineering,88,2025-06-02,Medium,Pending
BR002630,TMS003374,C00053,Engineering,237,2025-06-08,Low,Pending
BR002631,TMS003375,C00028,Engineering,225,2025-06-03,High,Pending
BR002632,TMS003376,C00049,Engineering,109,2025-06-09,Critical,Pending
BR002633,TMS003379,C00033,Engineering,169,2025-06-01,Low,Pending
BR002634,TMS003381,C00005,Engineering,90,2025-06-06,Medium,Pending
BR002635,TMS003384,C00006,Engineering,170,2025-06-26,Medium,Pending
BR002636,TMS003385,C00060,Engineering,171,2025-06-19,High,Pending
BR002637,TMS003386,C00007,Engineering,47,2025-06-25,Medium,Pending
BR002638,TMS003387,C00072,Engineering,77,2025-06-13,High,Pending
BR002639,TMS003388,C00023,Engineering,53,2025-06-17,Low,Pending
BR002640,TMS003389,C00023,Engineering,85,2025-06-03,Low,Pending
BR002641,TMS003390,C00036,Engineering,205,2025-06-14,High,Pending
BR002642,TMS003391,C00014,Engineering,128,2025-06-11,Medium,Pending
BR002643,TMS003392,C00063,Engineering,204,2025-06-13,High,Pending
BR002644,TMS003393,C00046,Engineering,159,2025-06-07,Low,Pending
BR002645,TMS003395,C00025,Engineering,98,2025-06-07,Critical,Pending
BR002646,TMS003397,C00098,Engineering,99,2025-06-26,Low,Pending
BR002647,TMS003398,C00025,Engineering,82,2025-06-07,Medium,Pending
BR002648,TMS003399,C00063,Engineering,236,2025-06-30,Low,Pending
BR002649,TMS003400,C00037,Engineering,203,2025-06-22,Low,Pending
BR002650,TMS003401,C00078,Engineering,93,2025-06-02,Medium,Pending
BR002651,TMS003402,C00027,Engineering,126,2025-06-15,High,Pending
BR002652,TMS003407,C00048,Engineering,103,2025-06-30,Low,Pending
BR002653,TMS003408,C00035,Engineering,88,2025-06-07,Low,Pending
BR002654,TMS003409,C00093,Engineering,103,2025-06-25,Low,Pending
BR002655,TMS003410,C00047,Engineering,185,2025-06-08,Low,Pending
BR002656,TMS003411,C00088,Engineering,166,2025-06-05,High,Pending
BR002657,TMS003412,C00008,Engineering,34,2025-06-09,High,Pending
BR002658,TMS003413,C00077,Engineering,44,2025-06-07,Medium,Pending
BR002659,TMS003414,C00051,Engineering,92,2025-06-25,Critical,Pending
BR002660,TMS003415,C00061,Engineering,126,2025-06-04,Medium,Pending
BR002661,TMS003416,C00019,Engineering,150,2025-06-24,High,Pending
BR002662,TMS003418,C00042,Engineering,143,2025-06-01,Low,Pending
BR002663,TMS003419,C00097,Engineering,131,2025-06-15,Medium,Pending
BR002664,TMS003421,C00025,Engineering,206,2025-06-08,Low,Pending
BR002665,TMS003422,C00037,Engineering,137,2025-06-03,Medium,Pending
BR002666,TMS003424,C00028,Engineering,42,2025-06-13,High,Pending
BR002667,TMS003425,C00032,Engineering,145,2025-06-04,Low,Pending
BR002668,TMS003428,C00090,Engineering,171,2025-06-30,Low,Pending
BR002669,TMS003430,C00027,Engineering,166,2025-06-24,Low,Pending
BR002670,TMS003432,C00085,Engineering,165,2025-06-28,Low,Pending
BR002671,TMS003433,C00026,Engineering,58,2025-06-03,Low,Pending
BR002672,TMS003434,C00007,Engineering,98,2025-06-13,Medium,Pending
BR002673,TMS003435,C00025,Engineering,199,2025-06-22,Medium,Pending
BR002674,TMS003436,C00034,Engineering,239,2025-06-25,Medium,Pending
BR002675,TMS003437,C00088,Engineering,193,2025-06-14,Critical,Pending
BR002676,TMS003438,C00026,Engineering,215,2025-06-12,Medium,Pending
BR002677,TMS003439,C00056,Engineering,221,2025-06-12,Medium,Pending
BR002678,TMS003440,C00011,Engineering,62,2025-06-13,Critical,Pending
BR002679,TMS003441,C00010,Engineering,263,2025-06-04,High,Pending
BR002680,TMS003442,C00012,Engineering,339,2025-06-15,Critical,Pending
BR002681,TMS003443,C00093,Engineering,210,2025-06-11,Medium,Pending
BR002682,TMS003444,C00067,Engineering,196,2025-06-04,Critical,Pending
BR002683,TMS003445,C00095,Engineering,219,2025-06-22,Low,Pending
BR002684,TMS003446,C00044,Engineering,50,2025-06-07,High,Pending
BR002685,TMS003448,C00040,Engineering,156,2025-06-22,High,Pending
BR002686,TMS003449,C00008,Engineering,65,2025-06-19,Medium,Pending
BR002687,TMS003450,C00008,Engineering,36,2025-06-12,Low,Pending
BR002688,TMS003451,C00097,Engineering,119,2025-06-26,Low,Pending
BR002689,TMS003452,C00085,Engineering,93,2025-06-04,Medium,Pending
BR002690,TMS003454,C00034,Engineering,87,2025-06-15,Low,Pending
BR002691,TMS003455,C00088,Engineering,72,2025-06-26,Medium,Pending
BR002692,TMS003456,C00002,Engineering,237,2025-06-08,Low,Pending
BR002693,TMS003457,C00045,Engineering,38,2025-06-05,Medium,Pending
BR002694,TMS003460,C00068,Engineering,122,2025-06-26,Critical,Pending
BR002695,TMS003461,C00084,Engineering,205,2025-06-22,High,Pending
BR002696,TMS003462,C00034,Engineering,234,2025-06-02,Low,Pending
BR002697,TMS003464,C00021,Engineering,150,2025-06-14,Low,Pending
BR002698,TMS003465,C00051,Engineering,76,2025-06-30,Medium,Pending
BR002699,TMS003466,C00073,Engineering,181,2025-06-16,Medium,Pending
BR002700,TMS003467,C00023,Engineering,252,2025-06-09,Critical,Pending
BR002701,TMS003468,C00090,Engineering,117,2025-06-17,Medium,Pending
BR002702,TMS003471,C00081,Engineering,125,2025-06-24,High,Pending
BR002703,TMS003472,C00062,Engineering,39,2025-06-05,High,Pending
BR002704,TMS003473,C00034,Engineering,39,2025-06-16,High,Pending
BR002705,TMS003474,C00098,Engineering,161,2025-06-03,High,Pending
BR002706,TMS003475,C00002,Engineering,64,2025-06-05,Low,Pending
BR002707,TMS003476,C00007,Engineering,348,2025-06-06,Critical,Pending
BR002708,TMS003477,C00036,Engineering,90,2025-06-10,Medium,Pending
BR002709,TMS003478,C00060,Engineering,224,2025-06-16,Medium,Pending
BR002710,TMS003479,C00054,Engineering,92,2025-06-12,High,Pending
BR002711,TMS003480,C00034,Engineering,114,2025-06-16,Low,Pending
BR002712,TMS003481,C00036,Engineering,95,2025-06-05,Medium,Pending
BR002713,TMS003484,C00001,Engineering,162,2025-06-20,Medium,Pending
BR002714,TMS003486,C00008,Engineering,168,2025-06-08,Low,Pending
BR002715,TMS003487,C00024,Engineering,281,2025-06-09,Medium,Pending
BR002716,TMS003488,C00008,Engineering,202,2025-06-29,Low,Pending
BR002717,TMS003491,C00009,Engineering,70,2025-06-04,Medium,Pending
BR002718,TMS003493,C00049,Engineering,188,2025-06-12,Medium,Pending
BR002719,TMS003495,C00092,Engineering,126,2025-06-01,High,Pending
BR002720,TMS003496,C00007,Engineering,254,2025-06-28,Medium,Pending
BR002721,TMS003497,C00077,Engineering,193,2025-06-10,Low,Pending
BR002722,TMS003499,C00019,Engineering,117,2025-06-15,High,Pending
BR002723,TMS003500,C00024,Engineering,175,2025-06-12,High,Pending
BR002724,TMS003501,C00012,Engineering,160,2025-06-11,Low,Pending
BR002725,TMS003502,C00066,Engineering,149,2025-06-30,Medium,Pending
BR002726,TMS003503,C00039,Engineering,130,2025-06-25,Medium,Pending
BR002727,TMS003506,C00064,Engineering,257,2025-06-15,High,Pending
BR002728,TMS003507,C00018,Engineering,79,2025-06-24,Critical,Pending
BR002729,TMS003508,C00016,Engineering,83,2025-06-15,Medium,Pending
BR002730,TMS003509,C00046,Engineering,129,2025-06-06,Medium,Pending
BR002731,TMS003510,C00028,Engineering,85,2025-06-21,High,Pending
BR002732,TMS003511,C00038,Engineering,68,2025-06-12,Low,Pending
BR002733,TMS003512,C00045,Engineering,205,2025-06-03,Medium,Pending
BR002734,TMS003513,C00026,Engineering,180,2025-06-07,High,Pending
BR002735,TMS003514,C00018,Engineering,172,2025-06-15,Low,Pending
BR002736,TMS003515,C00075,Engineering,111,2025-06-01,Medium,Pending
BR002737,TMS003516,C00072,Engineering,123,2025-06-24,Medium,Pending
BR002738,TMS003517,C00018,Engineering,171,2025-06-19,Low,Pending
BR002739,TMS003519,C00078,Engineering,86,2025-06-10,Medium,Pending
BR002740,TMS003521,C00037,Engineering,236,2025-06-04,Low,Pending
BR002741,TMS003524,C00010,Engineering,191,2025-06-25,Medium,Pending
BR002742,TMS003525,C00005,Engineering,209,2025-06-04,Critical,Pending
BR002743,TMS003526,C00009,Engineering,160,2025-06-17,Low,Pending
BR002744,TMS003527,C00013,Engineering,266,2025-06-04,Critical,Pending
BR002745,TMS003530,C00055,Engineering,199,2025-06-17,Low,Pending
BR002746,TMS003531,C00023,Engineering,99,2025-06-01,High,Pending
BR002747,TMS003532,C00069,Engineering,200,2025-06-13,Low,Pending
BR002748,TMS003533,C00017,Engineering,91,2025-06-23,Low,Pending
BR002749,TMS003535,C00063,Engineering,93,2025-06-13,High,Pending
BR002750,TMS003536,C00038,Engineering,53,2025-06-21,Medium,Pending
BR002751,TMS003537,C00038,Engineering,176,2025-06-26,High,Pending
BR002752,TMS003539,C00070,Engineering,127,2025-06-12,High,Pending
BR002753,TMS003540,C00047,Engineering,228,2025-06-22,Medium,Pending
BR002754,TMS003542,C00002,Engineering,229,2025-06-24,Low,Pending
BR002755,TMS003544,C00088,Engineering,192,2025-06-14,Medium,Pending
BR002756,TMS003545,C00098,Engineering,122,2025-06-06,High,Pending
BR002757,TMS003546,C00015,Engineering,154,2025-06-13,High,Pending
BR002758,TMS003547,C00081,Engineering,186,2025-06-21,Medium,Pending
BR002759,TMS003548,C00008,Engineering,119,2025-06-07,Medium,Pending
BR002760,TMS003549,C00032,Engineering,148,2025-06-13,Low,Pending
BR002761,TMS003550,C00072,Engineering,145,2025-06-01,High,Pending
BR002762,TMS003551,C00007,Engineering,189,2025-06-28,Low,Pending
BR002763,TMS003552,C00014,Engineering,152,2025-06-09,Low,Pending
BR002764,TMS003555,C00019,Engineering,114,2025-06-26,Medium,Pending
BR002765,TMS003556,C00027,Engineering,184,2025-06-13,Low,Pending
BR002766,TMS003557,C00063,Engineering,43,2025-06-08,High,Pending
BR002767,TMS003558,C00033,Engineering,32,2025-06-27,Medium,Pending
BR002768,TMS003559,C00088,Engineering,82,2025-06-14,Critical,Pending
BR002769,TMS003560,C00001,Engineering,249,2025-06-01,Medium,Pending
BR002770,TMS003563,C00092,Engineering,96,2025-06-07,Medium,Pending
BR002771,TMS003564,C00020,Engineering,120,2025-06-22,Medium,Pending
BR002772,TMS003565,C00023,Engineering,36,2025-06-09,High,Pending
BR002773,TMS003566,C00079,Engineering,287,2025-06-04,Medium,Pending
BR002774,TMS003567,C00039,Engineering,111,2025-06-08,Medium,Pending
BR002775,TMS003568,C00017,Engineering,122,2025-06-19,Low,Pending
BR002776,TMS003570,C00005,Engineering,225,2025-06-28,Critical,Pending
BR002777,TMS003571,C00024,Engineering,136,2025-06-07,Low,Pending
BR002778,TMS003572,C00054,Engineering,306,2025-06-14,Medium,Pending
BR002779,TMS003573,C00003,Engineering,65,2025-06-18,Low,Pending
BR002780,TMS003575,C00049,Engineering,118,2025-06-30,Medium,Pending
BR002781,TMS003576,C00043,Engineering,209,2025-06-13,Low,Pending
BR002782,TMS003577,C00020,Engineering,135,2025-06-26,Medium,Pending
BR002783,TMS003578,C00092,Engineering,79,2025-06-21,Medium,Pending
BR002784,TMS003580,C00074,Engineering,107,2025-06-24,High,Pending
BR002785,TMS003581,C00063,Engineering,72,2025-06-19,Medium,Pending
BR002786,TMS003582,C00059,Engineering,134,2025-06-26,Critical,Pending
BR002787,TMS003584,C00099,Engineering,127,2025-06-16,Medium,Pending
BR002788,TMS003585,C00096,Engineering,109,2025-06-15,Low,Pending
BR002789,TMS003586,C00024,Engineering,129,2025-06-22,Medium,Pending
BR002790,TMS003587,C00076,Engineering,273,2025-06-21,High,Pending
BR002791,TMS003591,C00028,Engineering,72,2025-06-30,Low,Pending
BR002792,TMS003592,C00069,Engineering,127,2025-06-09,High,Pending
BR002793,TMS003593,C00096,Engineering,90,2025-06-18,Medium,Pending
BR002794,TMS003594,C00030,Engineering,202,2025-06-29,Medium,Pending
BR002795,TMS003596,C00075,Engineering,32,2025-06-28,Medium,Pending
BR002796,TMS003597,C00050,Engineering,250,2025-06-18,High,Pending
BR002797,TMS003598,C00020,Engineering,47,2025-06-07,Low,Pending
BR002798,TMS003599,C00094,Engineering,81,2025-06-07,Low,Pending
BR002799,TMS003601,C00014,Engineering,249,2025-06-22,Medium,Pending
BR002800,TMS003602,C00009,Engineering,144,2025-06-19,Low,Pending
BR002801,TMS003604,C00033,Engineering,102,2025-06-02,Medium,Pending
BR002802,TMS003605,C00034,Engineering,128,2025-06-16,Low,Pending
BR002803,TMS003606,C00065,Engineering,57,2025-06-07,Medium,Pending
BR002804,TMS003608,C00068,Engineering,131,2025-06-14,Medium,Pending
BR002805,TMS003609,C00091,Engineering,59,2025-06-30,High,Pending
BR002806,TMS003610,C00008,Engineering,59,2025-06-07,Low,Pending
BR002807,TMS003611,C00034,Engineering,249,2025-06-21,High,Pending
BR002808,TMS003612,C00084,Engineering,140,2025-06-20,Medium,Pending
BR002809,TMS003613,C00042,Engineering,170,2025-06-21,Medium,Pending
BR002810,TMS003614,C00047,Engineering,194,2025-06-02,Critical,Pending
BR002811,TMS003615,C00043,Engineering,243,2025-06-05,High,Pending
BR002812,TMS003616,C00022,Engineering,137,2025-06-05,High,Pending
BR002813,TMS003618,C00030,Engineering,145,2025-06-21,Low,Pending
BR002814,TMS003621,C00083,Engineering,161,2025-06-07,Low,Pending
BR002815,TMS003622,C00016,Engineering,216,2025-06-17,High,Pending
BR002816,TMS003623,C00098,Engineering,215,2025-06-05,Medium,Pending
BR002817,TMS003624,C00014,Engineering,124,2025-06-18,Low,Pending
BR002818,TMS003626,C00026,Engineering,132,2025-06-05,Medium,Pending
BR002819,TMS003627,C00066,Engineering,165,2025-06-14,Medium,Pending
BR002820,TMS003630,C00016,Engineering,168,2025-06-10,Low,Pending
BR002821,TMS003631,C00096,Engineering,187,2025-06-11,Critical,Pending
BR002822,TMS003633,C00043,Engineering,251,2025-06-30,Medium,Pending
BR002823,TMS003634,C00089,Engineering,336,2025-06-02,Critical,Pending
BR002824,TMS003635,C00017,Engineering,77,2025-06-03,Medium,Pending
BR002825,TMS003636,C00058,Engineering,129,2025-06-21,Critical,Pending
BR002826,TMS003637,C00006,Engineering,302,2025-06-09,High,Pending
BR002827,TMS003638,C00035,Engineering,258,2025-06-11,Low,Pending
BR002828,TMS003639,C00011,Engineering,129,2025-06-22,Medium,Pending
BR002829,TMS003640,C00039,Engineering,247,2025-06-29,High,Pending
BR002830,TMS003641,C00010,Engineering,234,2025-06-08,Medium,Pending
BR002831,TMS003642,C00062,Engineering,212,2025-06-03,Medium,Pending
BR002832,TMS003643,C00007,Engineering,173,2025-06-09,Medium,Pending
BR002833,TMS003644,C00057,Engineering,126,2025-06-11,Medium,Pending
BR002834,TMS003645,C00088,Engineering,191,2025-06-22,High,Pending
BR002835,TMS003646,C00069,Engineering,191,2025-06-06,High,Pending
BR002836,TMS003647,C00041,Engineering,264,2025-06-07,Critical,Pending
BR002837,TMS003648,C00071,Engineering,151,2025-06-30,Medium,Pending
BR002838,TMS003649,C00019,Engineering,193,2025-06-10,Low,Pending
BR002839,TMS003650,C00002,Engineering,77,2025-06-11,High,Pending
BR002840,TMS003651,C00031,Engineering,214,2025-06-27,Medium,Pending
BR002841,TMS003652,C00093,Engineering,188,2025-06-30,Low,Pending
BR002842,TMS003654,C00094,Engineering,202,2025-06-19,Low,Pending
BR002843,TMS003656,C00089,Engineering,95,2025-06-17,Low,Pending
BR002844,TMS003657,C00045,Engineering,64,2025-06-15,High,Pending
BR002845,TMS003659,C00010,Engineering,148,2025-06-18,Medium,Pending
BR002846,TMS003660,C00100,Engineering,191,2025-06-02,Low,Pending
BR002847,TMS003662,C00013,Engineering,185,2025-06-23,Low,Pending
BR002848,TMS003663,C00023,Engineering,237,2025-06-27,Medium,Pending
BR002849,TMS003665,C00080,Engineering,197,2025-06-04,Low,Pending
BR002850,TMS003666,C00085,Engineering,71,2025-06-20,High,Pending
BR002851,TMS003667,C00033,Engineering,177,2025-06-03,Low,Pending
BR002852,TMS003668,C00072,Engineering,173,2025-06-22,Low,Pending
BR002853,TMS003669,C00088,Engineering,159,2025-06-22,Low,Pending
BR002854,TMS003670,C00069,Engineering,32,2025-06-08,Medium,Pending
BR002855,TMS003671,C00071,Engineering,134,2025-06-03,Medium,Pending
BR002856,TMS003672,C00010,Engineering,145,2025-06-05,High,Pending
BR002857,TMS003674,C00001,Engineering,111,2025-06-24,Low,Pending
BR002858,TMS003675,C00006,Engineering,70,2025-06-03,Medium,Pending
BR002859,TMS003676,C00016,Engineering,199,2025-06-14,Low,Pending
BR002860,TMS003677,C00070,Engineering,248,2025-06-20,Medium,Pending
BR002861,TMS003678,C00051,Engineering,127,2025-06-23,High,Pending
BR002862,TMS003680,C00039,Engineering,58,2025-06-25,Medium,Pending
BR002863,TMS003681,C00058,Engineering,73,2025-06-25,Medium,Pending
BR002864,TMS003682,C00014,Engineering,225,2025-06-14,Low,Pending
BR002865,TMS003683,C00001,Engineering,193,2025-06-14,High,Pending
BR002866,TMS003685,C00069,Engineering,122,2025-06-29,High,Pending
BR002867,TMS003686,C00047,Engineering,270,2025-06-02,Low,Pending
BR002868,TMS003687,C00067,Engineering,206,2025-06-22,Critical,Pending
BR002869,TMS003688,C00058,Engineering,37,2025-06-15,Low,Pending
BR002870,TMS003689,C00040,Engineering,193,2025-06-29,Low,Pending
BR002871,TMS003690,C00065,Engineering,99,2025-06-21,Medium,Pending
BR002872,TMS003691,C00068,Engineering,161,2025-06-06,High,Pending
BR002873,TMS003692,C00086,Engineering,245,2025-06-10,Low,Pending
BR002874,TMS003693,C00005,Engineering,169,2025-06-16,High,Pending
BR002875,TMS003694,C00023,Engineering,185,2025-06-05,Low,Pending
BR002876,TMS003695,C00079,Engineering,232,2025-06-28,Low,Pending
BR002877,TMS003696,C00059,Engineering,151,2025-06-18,Medium,Pending
BR002878,TMS003697,C00034,Engineering,135,2025-06-21,High,Pending
BR002879,TMS003699,C00058,Engineering,106,2025-06-22,High,Pending
BR002880,TMS003700,C00065,Engineering,263,2025-06-27,Low,Pending
BR002881,TMS003701,C00088,Engineering,199,2025-06-06,Low,Pending
BR002882,TMS003702,C00012,Engineering,117,2025-06-20,Medium,Pending
BR002883,TMS003703,C00042,Engineering,119,2025-06-22,High,Pending
BR002884,TMS003704,C00039,Engineering,197,2025-06-16,Low,Pending
BR002885,TMS003705,C00088,Engineering,130,2025-06-28,Medium,Pending
BR002886,TMS003708,C00008,Engineering,200,2025-06-22,Medium,Pending
BR002887,TMS003709,C00038,Engineering,97,2025-06-24,Low,Pending
BR002888,TMS003710,C00059,Engineering,218,2025-06-02,Critical,Pending
BR002889,TMS003711,C00092,Engineering,215,2025-06-24,Low,Pending
BR002890,TMS003713,C00066,Engineering,61,2025-06-15,Medium,Pending
BR002891,TMS003715,C00061,Engineering,271,2025-06-01,Low,Pending
BR002892,TMS003716,C00087,Engineering,169,2025-06-21,Low,Pending
BR002893,TMS003717,C00098,Engineering,102,2025-06-26,Medium,Pending
BR002894,TMS003718,C00007,Engineering,127,2025-06-30,Critical,Pending
BR002895,TMS003719,C00100,Engineering,210,2025-06-12,High,Pending
BR002896,TMS003720,C00032,Engineering,302,2025-06-26,High,Pending
BR002897,TMS003721,C00068,Engineering,343,2025-06-28,Medium,Pending
BR002898,TMS003722,C00072,Engineering,105,2025-06-22,High,Pending
BR002899,TMS003724,C00092,Engineering,163,2025-06-11,Low,Pending
BR002900,TMS003726,C00060,Engineering,187,2025-06-29,Low,Pending
BR002901,TMS003727,C00097,Engineering,102,2025-06-30,Medium,Pending
BR002902,TMS003728,C00082,Engineering,57,2025-06-24,High,Pending
BR002903,TMS003729,C00095,Engineering,131,2025-06-05,Medium,Pending
BR002904,TMS003730,C00014,Engineering,177,2025-06-21,Medium,Pending
BR002905,TMS003731,C00043,Engineering,231,2025-06-22,Medium,Pending
BR002906,TMS003732,C00038,Engineering,207,2025-06-26,Low,Pending
BR002907,TMS003733,C00010,Engineering,178,2025-06-09,Medium,Pending
BR002908,TMS003734,C00009,Engineering,274,2025-06-19,High,Pending
BR002909,TMS003735,C00043,Engineering,224,2025-06-23,High,Pending
BR002910,TMS003736,C00025,Engineering,129,2025-06-16,Low,Pending
BR002911,TMS003738,C00003,Engineering,199,2025-06-18,High,Pending
BR002912,TMS003739,C00065,Engineering,128,2025-06-15,Low,Pending
BR002913,TMS003740,C00081,Engineering,106,2025-06-16,Medium,Pending
BR002914,TMS003741,C00051,Engineering,105,2025-06-06,Medium,Pending
BR002915,TMS003742,C00065,Engineering,248,2025-06-27,Medium,Pending
BR002916,TMS003743,C00094,Engineering,123,2025-06-29,Low,Pending
BR002917,TMS003744,C00061,Engineering,299,2025-06-24,Medium,Pending
BR002918,TMS003745,C00090,Engineering,313,2025-06-18,Critical,Pending
BR002919,TMS003748,C00009,Engineering,193,2025-06-10,Low,Pending
BR002920,TMS003749,C00018,Engineering,103,2025-06-08,Medium,Pending
BR002921,TMS003750,C00043,Engineering,68,2025-06-25,Low,Pending
BR002922,TMS003751,C00066,Engineering,207,2025-06-24,Medium,Pending
BR002923,TMS003752,C00049,Engineering,184,2025-06-12,Medium,Pending
BR002924,TMS003753,C00061,Engineering,165,2025-06-04,Medium,Pending
BR002925,TMS003754,C00054,Engineering,219,2025-06-20,Low,Pending
BR002926,TMS003755,C00038,Engineering,185,2025-06-23,Medium,Pending
BR002927,TMS003757,C00008,Engineering,254,2025-06-30,Low,Pending
BR002928,TMS003759,C00011,Engineering,93,2025-06-18,Medium,Pending
BR002929,TMS003761,C00032,Engineering,169,2025-06-29,Medium,Pending
BR002930,TMS003763,C00083,Engineering,106,2025-06-28,Medium,Pending
BR002931,TMS003764,C00091,Engineering,116,2025-06-27,Low,Pending
BR002932,TMS003765,C00030,Engineering,254,2025-06-17,High,Pending
BR002933,TMS003766,C00050,Engineering,281,2025-06-02,Critical,Pending
BR002934,TMS003767,C00019,Engineering,154,2025-06-29,Critical,Pending
BR002935,TMS003769,C00018,Engineering,63,2025-06-09,High,Pending
BR002936,TMS003770,C00098,Engineering,156,2025-06-28,Low,Pending
BR002937,TMS003771,C00005,Engineering,84,2025-06-27,Medium,Pending
BR002938,TMS003772,C00030,Engineering,71,2025-06-29,High,Pending
BR002939,TMS003773,C00050,Engineering,112,2025-06-08,Medium,Pending
BR002940,TMS003774,C00001,Engineering,83,2025-06-21,Critical,Pending
BR002941,TMS003775,C00037,Engineering,120,2025-06-30,Medium,Pending
BR002942,TMS003776,C00029,Engineering,92,2025-06-18,Medium,Pending
BR002943,TMS003777,C00042,Engineering,192,2025-06-27,Medium,Pending
BR002944,TMS003778,C00057,Engineering,101,2025-06-01,Medium,Pending
BR002945,TMS003779,C00049,Engineering,75,2025-06-03,Low,Pending
BR002946,TMS003780,C00054,Engineering,144,2025-06-17,Medium,Pending
BR002947,TMS003781,C00071,Engineering,239,2025-06-24,Medium,Pending
BR002948,TMS003782,C00035,Engineering,108,2025-06-30,Low,Pending
BR002949,TMS003783,C00011,Engineering,181,2025-06-18,High,Pending
BR002950,TMS003784,C00066,Engineering,87,2025-06-02,High,Pending
BR002951,TMS003785,C00051,Engineering,192,2025-06-23,Medium,Pending
BR002952,TMS003787,C00085,Engineering,116,2025-06-19,Medium,Pending
BR002953,TMS003788,C00020,Engineering,241,2025-06-29,Low,Pending
BR002954,TMS003789,C00008,Engineering,139,2025-06-03,High,Pending
BR002955,TMS003790,C00005,Engineering,210,2025-06-29,Low,Pending
BR002956,TMS003791,C00051,Engineering,38,2025-06-14,Low,Pending
BR002957,TMS003793,C00069,Engineering,118,2025-06-14,Low,Pending
BR002958,TMS003795,C00036,Engineering,125,2025-06-22,High,Pending
BR002959,TMS003796,C00052,Engineering,208,2025-06-06,Critical,Pending
BR002960,TMS003798,C00038,Engineering,80,2025-06-03,Low,Pending
BR002961,TMS003799,C00098,Engineering,344,2025-06-05,Critical,Pending
BR002962,TMS003803,C00078,Engineering,282,2025-06-08,High,Pending
BR002963,TMS003805,C00016,Engineering,223,2025-06-01,Critical,Pending
BR002964,TMS003806,C00071,Engineering,287,2025-06-12,Medium,Pending
BR002965,TMS003807,C00080,Engineering,51,2025-06-11,Low,Pending
BR002966,TMS003808,C00093,Engineering,360,2025-06-13,Critical,Pending
BR002967,TMS003811,C00087,Engineering,89,2025-06-25,Medium,Pending
BR002968,TMS003815,C00015,Engineering,228,2025-06-01,Critical,Pending
BR002969,TMS003816,C00048,Engineering,89,2025-06-19,Low,Pending
BR002970,TMS003817,C00085,Engineering,142,2025-06-07,High,Pending
BR002971,TMS003819,C00037,Engineering,221,2025-06-27,Medium,Pending
BR002972,TMS003820,C00068,Engineering,83,2025-06-20,Medium,Pending
BR002973,TMS003821,C00051,Engineering,77,2025-06-22,Medium,Pending
BR002974,TMS003824,C00024,Engineering,62,2025-06-15,Medium,Pending
BR002975,TMS003827,C00060,Engineering,222,2025-06-20,Medium,Pending
BR002976,TMS003828,C00050,Engineering,58,2025-06-09,Low,Pending
BR002977,TMS003829,C00054,Engineering,212,2025-06-02,Medium,Pending
BR002978,TMS003830,C00001,Engineering,46,2025-06-13,Critical,Pending
BR002979,TMS003831,C00075,Engineering,149,2025-06-16,Medium,Pending
BR002980,TMS003832,C00055,Engineering,121,2025-06-21,High,Pending
BR002981,TMS003833,C00056,Engineering,82,2025-06-07,Medium,Pending
BR002982,TMS003835,C00038,Engineering,247,2025-06-10,Low,Pending
BR002983,TMS003837,C00011,Engineering,193,2025-06-30,Medium,Pending
BR002984,TMS003838,C00099,Engineering,184,2025-06-25,Low,Pending
BR002985,TMS003839,C00010,Engineering,120,2025-06-29,Low,Pending
BR002986,TMS003840,C00041,Engineering,37,2025-06-24,Medium,Pending
BR002987,TMS003841,C00091,Engineering,221,2025-06-27,Low,Pending
BR002988,TMS003842,C00010,Engineering,88,2025-06-17,Medium,Pending
BR002989,TMS003843,C00050,Engineering,152,2025-06-21,Medium,Pending
BR002990,TMS003844,C00019,Engineering,258,2025-06-22,High,Pending
BR002991,TMS003845,C00042,Engineering,181,2025-06-18,Low,Pending
BR002992,TMS003846,C00022,Engineering,76,2025-06-10,Critical,Pending
BR002993,TMS003847,C00078,Engineering,88,2025-06-20,High,Pending
BR002994,TMS003848,C00003,Engineering,85,2025-06-06,Medium,Pending
BR002995,TMS003849,C00084,Engineering,79,2025-06-12,Medium,Pending
BR002996,TMS003850,C00056,Engineering,102,2025-06-17,Low,Pending
BR002997,TMS003851,C00080,Engineering,258,2025-06-05,Low,Pending
BR002998,TMS003853,C00048,Engineering,214,2025-06-13,Low,Pending
BR002999,TMS003855,C00066,Engineering,106,2025-06-02,Low,Pending
BR003000,TMS003856,C00022,Engineering,142,2025-06-22,Medium,Pending
BR003001,TMS003857,C00096,Engineering,203,2025-06-18,Critical,Pending
BR003002,TMS003858,C00009,Engineering,106,2025-06-03,Critical,Pending
BR003003,TMS003859,C00010,Engineering,157,2025-06-06,Medium,Pending
BR003004,TMS003860,C00017,Engineering,53,2025-06-28,High,Pending
BR003005,TMS003862,C00076,Engineering,91,2025-06-09,Medium,Pending
BR003006,TMS003865,C00085,Engineering,63,2025-06-30,Medium,Pending
BR003007,TMS003866,C00065,Engineering,140,2025-06-25,High,Pending
BR003008,TMS003868,C00050,Engineering,211,2025-06-09,Low,Pending
BR003009,TMS003869,C00039,Engineering,86,2025-06-02,Low,Pending
BR003010,TMS003870,C00094,Engineering,220,2025-06-11,Medium,Pending
BR003011,TMS003871,C00042,Engineering,296,2025-06-21,High,Pending
BR003012,TMS003872,C00002,Engineering,107,2025-06-30,Low,Pending
BR003013,TMS003873,C00067,Engineering,96,2025-06-11,Low,Pending
BR003014,TMS003874,C00052,Engineering,235,2025-06-01,Medium,Pending
BR003015,TMS003875,C00044,Engineering,312,2025-06-23,Critical,Pending
BR003016,TMS003876,C00010,Engineering,160,2025-06-29,Low,Pending
BR003017,TMS003878,C00049,Engineering,115,2025-06-24,Medium,Pending
BR003018,TMS003879,C00081,Engineering,46,2025-06-01,Medium,Pending
BR003019,TMS003880,C00002,Engineering,153,2025-06-08,Low,Pending
BR003020,TMS003881,C00031,Engineering,141,2025-06-07,Low,Pending
BR003021,TMS003882,C00099,Engineering,79,2025-06-05,Low,Pending
BR003022,TMS003885,C00020,Engineering,175,2025-06-02,Critical,Pending
BR003023,TMS003886,C00002,Engineering,188,2025-06-28,High,Pending
BR003024,TMS003887,C00022,Engineering,219,2025-06-12,Low,Pending
BR003025,TMS003888,C00061,Engineering,140,2025-06-11,Low,Pending
BR003026,TMS003889,C00092,Engineering,122,2025-06-26,Low,Pending
BR003027,TMS003891,C00050,Engineering,209,2025-06-17,Low,Pending
BR003028,TMS003892,C00100,Engineering,44,2025-06-19,Low,Pending
BR003029,TMS003896,C00078,Engineering,196,2025-06-18,Medium,Pending
BR003030,TMS003898,C00070,Engineering,50,2025-06-17,Medium,Pending
BR003031,TMS003899,C00051,Engineering,251,2025-06-27,Low,Pending
BR003032,TMS003900,C00080,Engineering,170,2025-06-02,High,Pending
BR003033,TMS003903,C00068,Engineering,171,2025-06-28,Low,Pending
BR003034,TMS003904,C00046,Engineering,159,2025-06-01,Low,Pending
BR003035,TMS003905,C00057,Engineering,189,2025-06-24,Low,Pending
BR003036,TMS003906,C00002,Engineering,314,2025-06-02,Low,Pending
BR003037,TMS003907,C00042,Engineering,68,2025-06-11,Low,Pending
BR003038,TMS003908,C00051,Engineering,162,2025-06-15,Medium,Pending
BR003039,TMS003909,C00061,Engineering,51,2025-06-17,Low,Pending
BR003040,TMS003910,C00068,Engineering,300,2025-06-02,Low,Pending
BR003041,TMS003911,C00015,Engineering,190,2025-06-24,Medium,Pending
BR003042,TMS003912,C00071,Engineering,44,2025-06-11,High,Pending
BR003043,TMS003913,C00072,Engineering,153,2025-06-11,Medium,Pending
BR003044,TMS003914,C00094,Engineering,132,2025-06-09,Medium,Pending
BR003045,TMS003915,C00049,Engineering,126,2025-06-15,Low,Pending
BR003046,TMS003916,C00008,Engineering,68,2025-06-02,Low,Pending
BR003047,TMS003917,C00076,Engineering,105,2025-06-11,Medium,Pending
BR003048,TMS003918,C00098,Engineering,239,2025-06-04,Critical,Pending
BR003049,TMS003919,C00035,Engineering,79,2025-06-22,Critical,Pending
BR003050,TMS003921,C00080,Engineering,178,2025-06-08,Medium,Pending
BR003051,TMS003922,C00048,Engineering,182,2025-06-25,Critical,Pending
BR003052,TMS003923,C00029,Engineering,138,2025-06-21,Low,Pending
BR003053,TMS003924,C00093,Engineering,230,2025-06-08,High,Pending
BR003054,TMS003925,C00093,Engineering,247,2025-06-28,High,Pending
BR003055,TMS003927,C00009,Engineering,213,2025-06-24,Low,Pending
BR003056,TMS003928,C00015,Engineering,66,2025-06-27,Low,Pending
BR003057,TMS003929,C00047,Engineering,79,2025-06-20,High,Pending
BR003058,TMS003930,C00096,Engineering,77,2025-06-17,Medium,Pending
BR003059,TMS003931,C00087,Engineering,156,2025-06-28,Low,Pending
BR003060,TMS003932,C00023,Engineering,123,2025-06-06,Low,Pending
BR003061,TMS003933,C00099,Engineering,187,2025-06-09,Medium,Pending
BR003062,TMS003935,C00069,Engineering,98,2025-06-04,Medium,Pending
BR003063,TMS003936,C00086,Engineering,213,2025-06-21,Low,Pending
BR003064,TMS003938,C00076,Engineering,53,2025-06-15,Medium,Pending
BR003065,TMS003939,C00065,Engineering,79,2025-06-27,Medium,Pending
BR003066,TMS003940,C00095,Engineering,85,2025-06-28,Medium,Pending
BR003067,TMS003941,C00031,Engineering,271,2025-06-02,Medium,Pending
BR003068,TMS003942,C00078,Engineering,163,2025-06-27,Medium,Pending
BR003069,TMS003943,C00090,Engineering,217,2025-06-17,Low,Pending
BR003070,TMS003944,C00019,Engineering,212,2025-06-18,Critical,Pending
BR003071,TMS003945,C00054,Engineering,246,2025-06-08,Low,Pending
BR003072,TMS003946,C00085,Engineering,327,2025-06-28,High,Pending
BR003073,TMS003947,C00072,Engineering,171,2025-06-11,Medium,Pending
BR003074,TMS003948,C00018,Engineering,237,2025-06-24,Medium,Pending
BR003075,TMS003949,C00067,Engineering,224,2025-06-23,Low,Pending
BR003076,TMS003951,C00057,Engineering,243,2025-06-17,Critical,Pending
BR003077,TMS003952,C00019,Engineering,215,2025-06-21,Low,Pending
BR003078,TMS003954,C00073,Engineering,162,2025-06-04,Medium,Pending
BR003079,TMS003955,C00020,Engineering,107,2025-06-30,Medium,Pending
BR003080,TMS003956,C00047,Engineering,172,2025-06-04,Medium,Pending
BR003081,TMS003957,C00049,Engineering,207,2025-06-28,High,Pending
BR003082,TMS003959,C00055,Engineering,162,2025-06-08,Medium,Pending
BR003083,TMS003960,C00051,Engineering,255,2025-06-07,Low,Pending
BR003084,TMS003961,C00015,Engineering,96,2025-06-10,Medium,Pending
BR003085,TMS003962,C00096,Engineering,190,2025-06-14,Medium,Pending
BR003086,TMS003963,C00016,Engineering,161,2025-06-22,Low,Pending
BR003087,TMS003964,C00043,Engineering,122,2025-06-02,High,Pending
BR003088,TMS003965,C00037,Engineering,145,2025-06-10,Critical,Pending
BR003089,TMS003966,C00053,Engineering,201,2025-06-30,High,Pending
BR003090,TMS003967,C00085,Engineering,40,2025-06-25,High,Pending
BR003091,TMS003968,C00097,Engineering,177,2025-06-22,Medium,Pending
BR003092,TMS003969,C00048,Engineering,156,2025-06-11,High,Pending
BR003093,TMS003970,C00001,Engineering,68,2025-06-12,High,Pending
BR003094,TMS003971,C00015,Engineering,98,2025-06-30,Low,Pending
BR003095,TMS003972,C00027,Engineering,126,2025-06-09,Medium,Pending
BR003096,TMS003973,C00068,Engineering,141,2025-06-23,Medium,Pending
BR003097,TMS003974,C00070,Engineering,203,2025-06-17,High,Pending
BR003098,TMS003975,C00063,Engineering,71,2025-06-04,Medium,Pending
BR003099,TMS003976,C00090,Engineering,113,2025-06-23,Medium,Pending
BR003100,TMS003977,C00049,Engineering,130,2025-06-08,Critical,Pending
BR003101,TMS003978,C00066,Engineering,143,2025-06-13,High,Pending
BR003102,TMS003979,C00046,Engineering,222,2025-06-04,High,Pending
BR003103,TMS003981,C00007,Engineering,219,2025-06-26,Critical,Pending
BR003104,TMS003982,C00005,Engineering,91,2025-06-10,Low,Pending
BR003105,TMS003983,C00026,Engineering,274,2025-06-07,Low,Pending
BR003106,TMS003984,C00064,Engineering,160,2025-06-01,Medium,Pending
BR003107,TMS003986,C00046,Engineering,116,2025-06-12,Low,Pending
BR003108,TMS003989,C00016,Engineering,266,2025-06-08,Critical,Pending
BR003109,TMS003990,C00065,Engineering,276,2025-06-10,High,Pending
BR003110,TMS003991,C00091,Engineering,90,2025-06-21,Medium,Pending
BR003111,TMS003992,C00100,Engineering,232,2025-06-24,Medium,Pending
BR003112,TMS003993,C00072,Engineering,34,2025-06-07,Medium,Pending
BR003113,TMS003994,C00005,Engineering,88,2025-06-19,Medium,Pending
BR003114,TMS003995,C00045,Engineering,42,2025-06-14,Critical,Pending
BR003115,TMS003996,C00100,Engineering,181,2025-06-29,Low,Pending
BR003116,TMS003997,C00012,Engineering,263,2025-06-17,Medium,Pending
BR003117,TMS003998,C00036,Engineering,231,2025-06-05,High,Pending
BR003118,TMS003999,C00032,Engineering,126,2025-06-02,Low,Pending
BR003119,TMS004004,C00057,Engineering,183,2025-06-14,High,Pending
BR003120,TMS004005,C00089,Engineering,179,2025-06-27,Low,Pending
BR003121,TMS004006,C00024,Engineering,244,2025-06-02,Medium,Pending
BR003122,TMS004007,C00081,Engineering,90,2025-06-08,Low,Pending
BR003123,TMS004009,C00096,Engineering,239,2025-06-19,Low,Pending
BR003124,TMS004011,C00090,Engineering,302,2025-06-28,Low,Pending
BR003125,TMS004012,C00044,Engineering,248,2025-06-20,High,Pending
BR003126,TMS004013,C00042,Engineering,235,2025-06-08,Critical,Pending
BR003127,TMS004015,C00028,Engineering,263,2025-06-13,Low,Pending
BR003128,TMS004016,C00074,Engineering,170,2025-06-23,Critical,Pending
BR003129,TMS004017,C00045,Engineering,173,2025-06-21,Medium,Pending
BR003130,TMS004019,C00029,Engineering,200,2025-06-21,Medium,Pending
BR003131,TMS004020,C00014,Engineering,77,2025-06-18,Medium,Pending
BR003132,TMS004021,C00020,Engineering,212,2025-06-13,Low,Pending
BR003133,TMS004022,C00017,Engineering,165,2025-06-29,Medium,Pending
BR003134,TMS004023,C00034,Engineering,45,2025-06-13,Medium,Pending
BR003135,TMS004024,C00071,Engineering,200,2025-06-28,Low,Pending
BR003136,TMS004025,C00091,Engineering,65,2025-06-02,Low,Pending
BR003137,TMS004026,C00004,Engineering,155,2025-06-18,High,Pending
BR003138,TMS004027,C00030,Engineering,200,2025-06-18,High,Pending
BR003139,TMS004028,C00036,Engineering,185,2025-06-28,Medium,Pending
BR003140,TMS004030,C00024,Engineering,82,2025-06-18,High,Pending
BR003141,TMS004031,C00092,Engineering,81,2025-06-04,Critical,Pending
BR003142,TMS004033,C00045,Engineering,78,2025-06-01,Low,Pending
BR003143,TMS004035,C00031,Engineering,210,2025-06-27,High,Pending
BR003144,TMS004037,C00025,Engineering,158,2025-06-25,Low,Pending
BR003145,TMS004038,C00065,Engineering,111,2025-06-07,Medium,Pending
BR003146,TMS004039,C00066,Engineering,296,2025-06-09,Low,Pending
BR003147,TMS004040,C00024,Engineering,170,2025-06-02,Medium,Pending
BR003148,TMS004041,C00021,Engineering,53,2025-06-26,High,Pending
BR003149,TMS004044,C00092,Engineering,244,2025-06-24,Critical,Pending
BR003150,TMS004045,C00096,Engineering,213,2025-06-09,Medium,Pending
BR003151,TMS004047,C00058,Engineering,204,2025-06-30,Low,Pending
BR003152,TMS004048,C00082,Engineering,67,2025-06-18,Medium,Pending
BR003153,TMS004049,C00038,Engineering,96,2025-06-14,Low,Pending
BR003154,TMS004051,C00029,Engineering,85,2025-06-07,Medium,Pending
BR003155,TMS004052,C00005,Engineering,106,2025-06-30,High,Pending
BR003156,TMS004054,C00035,Engineering,176,2025-06-21,Critical,Pending
BR003157,TMS004055,C00096,Engineering,318,2025-06-04,Critical,Pending
BR003158,TMS004056,C00001,Engineering,353,2025-06-26,High,Pending
BR003159,TMS004057,C00069,Engineering,92,2025-06-13,High,Pending
BR003160,TMS004058,C00077,Engineering,117,2025-06-29,Medium,Pending
BR003161,TMS004059,C00096,Engineering,198,2025-06-20,Low,Pending
BR003162,TMS004060,C00068,Engineering,215,2025-06-08,Medium,Pending
BR003163,TMS004061,C00005,Engineering,228,2025-06-26,Medium,Pending
BR003164,TMS004062,C00064,Engineering,115,2025-06-11,Medium,Pending
BR003165,TMS004063,C00046,Engineering,116,2025-06-27,Low,Pending
BR003166,TMS004066,C00027,Engineering,165,2025-06-27,Low,Pending
BR003167,TMS004067,C00016,Engineering,136,2025-06-22,Critical,Pending
BR003168,TMS004068,C00062,Engineering,55,2025-06-07,Medium,Pending
BR003169,TMS004069,C00057,Engineering,199,2025-06-16,Medium,Pending
BR003170,TMS004070,C00074,Engineering,159,2025-06-29,Low,Pending
BR003171,TMS004071,C00006,Engineering,159,2025-06-12,Low,Pending
BR003172,TMS004074,C00048,Engineering,271,2025-06-01,High,Pending
BR003173,TMS004076,C00014,Engineering,302,2025-06-01,High,Pending
BR003174,TMS004078,C00080,Engineering,225,2025-06-28,High,Pending
BR003175,TMS004080,C00084,Engineering,90,2025-06-23,Medium,Pending
BR003176,TMS004081,C00065,Engineering,153,2025-06-17,Low,Pending
BR003177,TMS004082,C00052,Engineering,127,2025-06-11,Medium,Pending
BR003178,TMS004084,C00058,Engineering,121,2025-06-11,High,Pending
BR003179,TMS004086,C00040,Engineering,110,2025-06-24,Medium,Pending
BR003180,TMS004087,C00090,Engineering,118,2025-06-05,Medium,Pending
BR003181,TMS004089,C00020,Engineering,162,2025-06-29,Low,Pending
BR003182,TMS004091,C00028,Engineering,106,2025-06-01,Low,Pending
BR003183,TMS004092,C00074,Engineering,70,2025-06-03,Medium,Pending
BR003184,TMS004093,C00094,Engineering,196,2025-06-13,Medium,Pending
BR003185,TMS004095,C00071,Engineering,228,2025-06-08,Low,Pending
BR003186,TMS004096,C00021,Engineering,119,2025-06-18,High,Pending
BR003187,TMS004097,C00061,Engineering,106,2025-06-20,Medium,Pending
BR003188,TMS004099,C00040,Engineering,54,2025-06-06,High,Pending
BR003189,TMS004100,C00024,Engineering,133,2025-06-30,High,Pending
BR003190,TMS004102,C00025,Engineering,35,2025-06-20,Medium,Pending
BR003191,TMS004103,C00009,Engineering,262,2025-06-29,High,Pending
BR003192,TMS004104,C00050,Engineering,270,2025-06-08,Low,Pending
BR003193,TMS004106,C00001,Engineering,228,2025-06-28,High,Pending
BR003194,TMS004107,C00091,Engineering,164,2025-06-26,Critical,Pending
BR003195,TMS004108,C00054,Engineering,96,2025-06-02,Medium,Pending
BR003196,TMS004109,C00031,Engineering,155,2025-06-23,Medium,Pending
BR003197,TMS004110,C00099,Engineering,72,2025-06-04,High,Pending
BR003198,TMS004111,C00082,Engineering,230,2025-06-01,High,Pending
BR003199,TMS004112,C00037,Engineering,209,2025-06-11,Critical,Pending
BR003200,TMS004113,C00081,Engineering,65,2025-06-16,Low,Pending
BR003201,TMS004114,C00077,Engineering,153,2025-06-04,Low,Pending
BR003202,TMS004115,C00092,Engineering,51,2025-06-09,Critical,Pending
BR003203,TMS004116,C00012,Engineering,121,2025-06-25,Medium,Pending
BR003204,TMS004118,C00020,Engineering,144,2025-06-19,High,Pending
BR003205,TMS004119,C00011,Engineering,166,2025-06-24,Low,Pending
BR003206,TMS004120,C00039,Engineering,163,2025-06-17,Critical,Pending
BR003207,TMS004121,C00085,Engineering,206,2025-06-14,Low,Pending
BR003208,TMS004122,C00083,Engineering,181,2025-06-15,Low,Pending
BR003209,TMS004123,C00092,Engineering,88,2025-06-17,Low,Pending
BR003210,TMS004124,C00024,Engineering,85,2025-06-20,Medium,Pending
BR003211,TMS004125,C00094,Engineering,156,2025-06-05,Medium,Pending
BR003212,TMS004126,C00041,Engineering,208,2025-06-16,Low,Pending
BR003213,TMS004130,C00087,Engineering,292,2025-06-20,Low,Pending
BR003214,TMS004133,C00037,Engineering,102,2025-06-15,High,Pending
BR003215,TMS004134,C00038,Engineering,136,2025-06-20,Low,Pending
BR003216,TMS004139,C00096,Engineering,77,2025-06-06,Low,Pending
BR003217,TMS004140,C00018,Engineering,65,2025-06-09,Low,Pending
BR003218,TMS004141,C00015,Engineering,143,2025-06-17,Low,Pending
BR003219,TMS004142,C00081,Engineering,296,2025-06-19,Critical,Pending
BR003220,TMS004143,C00100,Engineering,152,2025-06-29,Low,Pending
BR003221,TMS004144,C00068,Engineering,231,2025-06-24,Low,Pending
BR003222,TMS004145,C00088,Engineering,313,2025-06-30,Critical,Pending
BR003223,TMS004146,C00049,Engineering,182,2025-06-16,Medium,Pending
BR003224,TMS004147,C00082,Engineering,185,2025-06-22,Medium,Pending
BR003225,TMS004148,C00071,Engineering,221,2025-06-29,Low,Pending
BR003226,TMS004149,C00089,Engineering,85,2025-06-27,Low,Pending
BR003227,TMS004150,C00034,Engineering,95,2025-06-02,Low,Pending
BR003228,TMS004151,C00066,Engineering,99,2025-06-05,Low,Pending
BR003229,TMS004152,C00001,Engineering,66,2025-06-09,Low,Pending
BR003230,TMS004153,C00029,Engineering,216,2025-06-11,Low,Pending
BR003231,TMS004156,C00074,Engineering,270,2025-06-29,Critical,Pending
BR003232,TMS004159,C00076,Engineering,54,2025-06-06,Medium,Pending
BR003233,TMS004160,C00100,Engineering,156,2025-06-10,High,Pending
BR003234,TMS004161,C00037,Engineering,216,2025-06-22,Low,Pending
BR003235,TMS004163,C00098,Engineering,80,2025-06-15,High,Pending
BR003236,TMS004165,C00067,Engineering,205,2025-06-30,Critical,Pending
BR003237,TMS004168,C00059,Engineering,144,2025-06-14,High,Pending
BR003238,TMS004170,C00012,Engineering,148,2025-06-14,Medium,Pending
BR003239,TMS004171,C00047,Engineering,191,2025-06-02,Low,Pending
BR003240,TMS004173,C00072,Engineering,61,2025-06-18,Low,Pending
BR003241,TMS004174,C00089,Engineering,263,2025-06-03,Critical,Pending
BR003242,TMS004175,C00056,Engineering,216,2025-06-30,High,Pending
BR003243,TMS004176,C00054,Engineering,181,2025-06-13,Low,Pending
BR003244,TMS004177,C00027,Engineering,84,2025-06-06,Low,Pending
BR003245,TMS004178,C00055,Engineering,269,2025-06-27,Low,Pending
BR003246,TMS004179,C00042,Engineering,77,2025-06-29,Low,Pending
BR003247,TMS004180,C00095,Engineering,206,2025-06-01,High,Pending
BR003248,TMS004181,C00067,Engineering,128,2025-06-13,Low,Pending
BR003249,TMS004182,C00060,Engineering,81,2025-06-25,Medium,Pending
BR003250,TMS004185,C00034,Engineering,98,2025-06-04,Medium,Pending
BR003251,TMS004186,C00056,Engineering,84,2025-06-27,Critical,Pending
BR003252,TMS004187,C00062,Engineering,189,2025-06-03,High,Pending
BR003253,TMS004188,C00052,Engineering,90,2025-06-24,Low,Pending
BR003254,TMS004190,C00003,Engineering,223,2025-06-09,Low,Pending
BR003255,TMS004191,C00048,Engineering,96,2025-06-14,Medium,Pending
BR003256,TMS004192,C00003,Engineering,152,2025-06-29,Medium,Pending
BR003257,TMS004193,C00031,Engineering,121,2025-06-22,Medium,Pending
BR003258,TMS004194,C00077,Engineering,78,2025-06-29,Low,Pending
BR003259,TMS004196,C00014,Engineering,212,2025-06-17,Critical,Pending
BR003260,TMS004198,C00072,Engineering,176,2025-06-03,Low,Pending
BR003261,TMS004200,C00093,Engineering,46,2025-06-18,Critical,Pending
BR003262,TMS004201,C00048,Engineering,169,2025-06-13,High,Pending
BR003263,TMS004202,C00077,Engineering,294,2025-06-29,High,Pending
BR003264,TMS004203,C00018,Engineering,124,2025-06-07,Low,Pending
BR003265,TMS004204,C00036,Engineering,318,2025-06-25,Medium,Pending
BR003266,TMS004205,C00044,Engineering,150,2025-06-11,Critical,Pending
BR003267,TMS004206,C00080,Engineering,33,2025-06-16,Medium,Pending
BR003268,TMS004207,C00006,Engineering,99,2025-06-09,Low,Pending
BR003269,TMS004208,C00081,Engineering,110,2025-06-23,Medium,Pending
BR003270,TMS004209,C00087,Engineering,154,2025-06-07,Critical,Pending
BR003271,TMS004210,C00085,Engineering,130,2025-06-13,Low,Pending
BR003272,TMS004211,C00034,Engineering,109,2025-06-13,High,Pending
BR003273,TMS004212,C00024,Engineering,78,2025-06-27,Medium,Pending
BR003274,TMS004214,C00088,Engineering,118,2025-06-28,Low,Pending
BR003275,TMS004215,C00031,Engineering,167,2025-06-04,Low,Pending
BR003276,TMS004216,C00080,Engineering,136,2025-06-03,Medium,Pending
BR003277,TMS004220,C00012,Engineering,179,2025-06-11,Medium,Pending
BR003278,TMS004221,C00032,Engineering,172,2025-06-15,High,Pending
BR003279,TMS004222,C00024,Engineering,111,2025-06-13,Low,Pending
BR003280,TMS004223,C00070,Engineering,122,2025-06-22,Low,Pending
BR003281,TMS004224,C00060,Engineering,244,2025-06-21,Medium,Pending
BR003282,TMS004226,C00093,Engineering,216,2025-06-24,Medium,Pending
BR003283,TMS004228,C00037,Engineering,144,2025-06-17,Medium,Pending
BR003284,TMS004229,C00062,Engineering,62,2025-06-22,High,Pending
BR003285,TMS004231,C00096,Engineering,359,2025-06-06,Critical,Pending
BR003286,TMS004232,C00079,Engineering,190,2025-06-05,Low,Pending
BR003287,TMS004235,C00091,Engineering,194,2025-06-15,High,Pending
BR003288,TMS004236,C00065,Engineering,74,2025-06-10,Low,Pending
BR003289,TMS004237,C00041,Engineering,116,2025-06-28,Low,Pending
BR003290,TMS004238,C00003,Engineering,128,2025-06-23,High,Pending
BR003291,TMS004239,C00094,Engineering,186,2025-06-30,Critical,Pending
BR003292,TMS004240,C00050,Engineering,192,2025-06-01,Low,Pending
BR003293,TMS004241,C00093,Engineering,156,2025-06-23,Low,Pending
BR003294,TMS004242,C00004,Engineering,203,2025-06-20,Medium,Pending
BR003295,TMS004243,C00065,Engineering,216,2025-06-19,High,Pending
BR003296,TMS004244,C00075,Engineering,109,2025-06-02,Low,Pending
BR003297,TMS004245,C00007,Engineering,101,2025-06-14,Critical,Pending
BR003298,TMS004246,C00090,Engineering,271,2025-06-18,High,Pending
BR003299,TMS004248,C00032,Engineering,142,2025-06-24,Low,Pending
BR003300,TMS004249,C00080,Engineering,310,2025-06-02,Critical,Pending
BR003301,TMS004251,C00050,Engineering,117,2025-06-26,High,Pending
BR003302,TMS004252,C00047,Engineering,200,2025-06-15,Low,Pending
BR003303,TMS004253,C00069,Engineering,206,2025-06-19,High,Pending
BR003304,TMS004255,C00041,Engineering,136,2025-06-08,Low,Pending
BR003305,TMS004257,C00017,Engineering,140,2025-06-25,Medium,Pending
BR003306,TMS004258,C00092,Engineering,360,2025-06-11,Critical,Pending
BR003307,TMS004259,C00017,Engineering,40,2025-06-10,High,Pending
BR003308,TMS004260,C00001,Engineering,137,2025-06-02,Medium,Pending
BR003309,TMS004261,C00004,Engineering,236,2025-06-23,High,Pending
BR003310,TMS004263,C00093,Engineering,85,2025-06-14,Low,Pending
BR003311,TMS004265,C00004,Engineering,160,2025-06-02,Low,Pending
BR003312,TMS004268,C00032,Engineering,166,2025-06-18,Medium,Pending
BR003313,TMS004269,C00091,Engineering,281,2025-06-09,High,Pending
BR003314,TMS004270,C00048,Engineering,178,2025-06-26,Low,Pending
BR003315,TMS004271,C00049,Engineering,263,2025-06-28,High,Pending
BR003316,TMS004273,C00083,Engineering,108,2025-06-21,Medium,Pending
BR003317,TMS004274,C00073,Engineering,160,2025-06-20,Low,Pending
BR003318,TMS004275,C00039,Engineering,118,2025-06-06,Low,Pending
BR003319,TMS004276,C00004,Engineering,144,2025-06-08,High,Pending
BR003320,TMS004277,C00098,Engineering,307,2025-06-01,Critical,Pending
BR003321,TMS004278,C00028,Engineering,132,2025-06-05,Critical,Pending
BR003322,TMS004279,C00029,Engineering,354,2025-06-13,Medium,Pending
BR003323,TMS004281,C00060,Engineering,33,2025-06-28,Low,Pending
BR003324,TMS004282,C00022,Engineering,110,2025-06-06,Medium,Pending
BR003325,TMS004283,C00019,Engineering,202,2025-06-27,Medium,Pending
BR003326,TMS004285,C00069,Engineering,73,2025-06-30,Low,Pending
BR003327,TMS004286,C00018,Engineering,187,2025-06-22,High,Pending
BR003328,TMS004287,C00056,Engineering,149,2025-06-16,Medium,Pending
BR003329,TMS004289,C00042,Engineering,248,2025-06-07,High,Pending
BR003330,TMS004290,C00032,Engineering,127,2025-06-02,Critical,Pending
BR003331,TMS004291,C00023,Engineering,175,2025-06-29,Low,Pending
BR003332,TMS004292,C00034,Engineering,299,2025-06-06,Low,Pending
BR003333,TMS004293,C00060,Engineering,179,2025-06-28,High,Pending
BR003334,TMS004295,C00052,Engineering,104,2025-06-01,Medium,Pending
BR003335,TMS004296,C00034,Engineering,35,2025-06-20,Medium,Pending
BR003336,TMS004297,C00083,Engineering,91,2025-06-22,High,Pending
BR003337,TMS004298,C00002,Engineering,83,2025-06-26,Medium,Pending
BR003338,TMS004299,C00095,Engineering,96,2025-06-14,Low,Pending
BR003339,TMS004300,C00088,Engineering,208,2025-06-10,Medium,Pending
BR003340,TMS004301,C00024,Engineering,95,2025-06-13,Medium,Pending
BR003341,TMS004302,C00099,Engineering,143,2025-06-08,Medium,Pending
BR003342,TMS004304,C00097,Engineering,179,2025-06-21,Medium,Pending
BR003343,TMS004305,C00029,Engineering,194,2025-06-30,Low,Pending
BR003344,TMS004306,C00028,Engineering,204,2025-06-14,Critical,Pending
BR003345,TMS004307,C00060,Engineering,70,2025-06-17,High,Pending
BR003346,TMS004309,C00072,Engineering,184,2025-06-26,Medium,Pending
BR003347,TMS004310,C00068,Engineering,83,2025-06-30,High,Pending
BR003348,TMS004311,C00042,Engineering,222,2025-06-20,Low,Pending
BR003349,TMS004312,C00053,Engineering,71,2025-06-05,Low,Pending
BR003350,TMS004313,C00050,Engineering,177,2025-06-15,Low,Pending
BR003351,TMS004314,C00029,Engineering,44,2025-06-02,Low,Pending
BR003352,TMS004315,C00083,Engineering,116,2025-06-03,High,Pending
BR003353,TMS004316,C00097,Engineering,150,2025-06-01,Low,Pending
BR003354,TMS004317,C00052,Engineering,223,2025-06-30,Medium,Pending
BR003355,TMS004318,C00016,Engineering,63,2025-06-02,Low,Pending
BR003356,TMS004319,C00011,Engineering,129,2025-06-04,Low,Pending
BR003357,TMS004320,C00037,Engineering,160,2025-06-26,Low,Pending
BR003358,TMS004322,C00046,Engineering,118,2025-06-07,Low,Pending
BR003359,TMS004323,C00064,Engineering,205,2025-06-27,Low,Pending
BR003360,TMS004324,C00020,Engineering,174,2025-06-29,High,Pending
BR003361,TMS004325,C00089,Engineering,264,2025-06-08,High,Pending
BR003362,TMS004327,C00081,Engineering,165,2025-06-21,Low,Pending
BR003363,TMS004328,C00076,Engineering,187,2025-06-01,Low,Pending
BR003364,TMS004331,C00050,Engineering,78,2025-06-10,Low,Pending
BR003365,TMS004332,C00038,Engineering,148,2025-06-06,Low,Pending
BR003366,TMS004335,C00088,Engineering,121,2025-06-08,Low,Pending
BR003367,TMS004336,C00038,Engineering,181,2025-06-11,Critical,Pending
BR003368,TMS004337,C00045,Engineering,171,2025-06-29,Low,Pending
BR003369,TMS004338,C00096,Engineering,216,2025-06-02,Low,Pending
BR003370,TMS004339,C00094,Engineering,125,2025-06-12,Low,Pending
BR003371,TMS004340,C00050,Engineering,163,2025-06-15,Critical,Pending
BR003372,TMS004341,C00097,Engineering,98,2025-06-24,Medium,Pending
BR003373,TMS004343,C00055,Engineering,264,2025-06-18,High,Pending
BR003374,TMS004344,C00014,Engineering,105,2025-06-30,Low,Pending
BR003375,TMS004345,C00080,Engineering,173,2025-06-22,Medium,Pending
BR003376,TMS004346,C00012,Engineering,171,2025-06-09,Critical,Pending
BR003377,TMS004347,C00079,Engineering,35,2025-06-09,Low,Pending
BR003378,TMS004348,C00033,Engineering,206,2025-06-23,Medium,Pending
BR003379,TMS004349,C00063,Engineering,240,2025-06-23,Low,Pending
BR003380,TMS004350,C00077,Engineering,123,2025-06-28,Low,Pending
BR003381,TMS004352,C00010,Engineering,90,2025-06-15,Medium,Pending
BR003382,TMS004353,C00086,Engineering,217,2025-06-14,Medium,Pending
BR003383,TMS004354,C00097,Engineering,333,2025-06-18,High,Pending
BR003384,TMS004356,C00032,Engineering,67,2025-06-22,Medium,Pending
BR003385,TMS004357,C00046,Engineering,146,2025-06-07,High,Pending
BR003386,TMS004358,C00057,Engineering,57,2025-06-06,Low,Pending
BR003387,TMS004359,C00094,Engineering,174,2025-06-13,Low,Pending
BR003388,TMS004360,C00041,Engineering,115,2025-06-30,High,Pending
BR003389,TMS004361,C00021,Engineering,156,2025-06-24,Medium,Pending
BR003390,TMS004362,C00091,Engineering,183,2025-06-13,Medium,Pending
BR003391,TMS004363,C00059,Engineering,122,2025-06-30,Critical,Pending
BR003392,TMS004364,C00053,Engineering,247,2025-06-14,Medium,Pending
BR003393,TMS004366,C00040,Engineering,67,2025-06-11,High,Pending
BR003394,TMS004367,C00054,Engineering,175,2025-06-13,Medium,Pending
BR003395,TMS004368,C00043,Engineering,96,2025-06-09,Low,Pending
BR003396,TMS004369,C00071,Engineering,179,2025-06-11,Medium,Pending
BR003397,TMS004370,C00066,Engineering,168,2025-06-07,Medium,Pending
BR003398,TMS004371,C00009,Engineering,66,2025-06-13,Critical,Pending
BR003399,TMS004372,C00026,Engineering,130,2025-06-21,High,Pending
BR003400,TMS004373,C00096,Engineering,175,2025-06-22,High,Pending
BR003401,TMS004374,C00041,Engineering,119,2025-06-17,Low,Pending
BR003402,TMS004375,C00034,Engineering,87,2025-06-21,Medium,Pending
BR003403,TMS004376,C00055,Engineering,128,2025-06-03,Low,Pending
BR003404,TMS004378,C00072,Engineering,82,2025-06-20,Medium,Pending
BR003405,TMS004379,C00055,Engineering,283,2025-06-15,Low,Pending
BR003406,TMS004380,C00074,Engineering,154,2025-06-30,Medium,Pending
BR003407,TMS004381,C00057,Engineering,85,2025-06-30,Low,Pending
BR003408,TMS004382,C00073,Engineering,43,2025-06-16,Medium,Pending
BR003409,TMS004383,C00050,Engineering,115,2025-06-25,Medium,Pending
BR003410,TMS004384,C00050,Engineering,312,2025-06-03,High,Pending
BR003411,TMS004385,C00022,Engineering,61,2025-06-30,Medium,Pending
BR003412,TMS004386,C00028,Engineering,123,2025-06-16,Low,Pending
BR003413,TMS004387,C00052,Engineering,46,2025-06-16,Low,Pending
BR003414,TMS004388,C00023,Engineering,232,2025-06-16,Low,Pending
BR003415,TMS004389,C00080,Engineering,81,2025-06-15,Low,Pending
BR003416,TMS004390,C00017,Engineering,155,2025-06-16,Medium,Pending
BR003417,TMS004391,C00084,Engineering,97,2025-06-30,Low,Pending
BR003418,TMS004392,C00016,Engineering,127,2025-06-05,Low,Pending
BR003419,TMS004393,C00013,Engineering,224,2025-06-29,High,Pending
BR003420,TMS004395,C00012,Engineering,301,2025-06-11,High,Pending
BR003421,TMS004396,C00001,Engineering,216,2025-06-21,Medium,Pending
BR003422,TMS004397,C00014,Engineering,283,2025-06-12,High,Pending
BR003423,TMS004398,C00069,Engineering,97,2025-06-30,Low,Pending
BR003424,TMS004399,C00043,Engineering,35,2025-06-10,Low,Pending
BR003425,TMS004402,C00061,Engineering,87,2025-06-22,Medium,Pending
BR003426,TMS004403,C00096,Engineering,64,2025-06-10,Low,Pending
BR003427,TMS004404,C00035,Engineering,126,2025-06-25,Medium,Pending
BR003428,TMS004405,C00041,Engineering,40,2025-06-07,High,Pending
BR003429,TMS004408,C00039,Engineering,197,2025-06-13,High,Pending
BR003430,TMS004409,C00081,Engineering,151,2025-06-21,Low,Pending
BR003431,TMS004410,C00036,Engineering,109,2025-06-01,Medium,Pending
BR003432,TMS004412,C00041,Engineering,223,2025-06-24,Low,Pending
BR003433,TMS004413,C00021,Engineering,78,2025-06-01,Low,Pending
BR003434,TMS004414,C00096,Engineering,188,2025-06-10,Low,Pending
BR003435,TMS004415,C00018,Engineering,191,2025-06-03,Medium,Pending
BR003436,TMS004416,C00066,Engineering,143,2025-06-21,Low,Pending
BR003437,TMS004417,C00098,Engineering,145,2025-06-20,Medium,Pending
BR003438,TMS004419,C00029,Engineering,112,2025-06-01,Low,Pending
BR003439,TMS004421,C00049,Engineering,84,2025-06-27,High,Pending
BR003440,TMS004422,C00098,Engineering,257,2025-06-13,Critical,Pending
BR003441,TMS004423,C00037,Engineering,144,2025-06-29,Low,Pending
BR003442,TMS004426,C00027,Engineering,112,2025-06-09,Medium,Pending
BR003443,TMS004427,C00078,Engineering,202,2025-06-01,High,Pending
BR003444,TMS004428,C00062,Engineering,195,2025-06-19,Medium,Pending
BR003445,TMS004429,C00086,Engineering,143,2025-06-01,Low,Pending
BR003446,TMS004431,C00013,Engineering,128,2025-06-05,Medium,Pending
BR003447,TMS004432,C00047,Engineering,128,2025-06-09,High,Pending
BR003448,TMS004435,C00032,Engineering,93,2025-06-29,High,Pending
BR003449,TMS004436,C00055,Engineering,64,2025-06-08,Low,Pending
BR003450,TMS004437,C00063,Engineering,360,2025-06-04,Critical,Pending
BR003451,TMS004438,C00096,Engineering,172,2025-06-09,Low,Pending
BR003452,TMS004439,C00060,Engineering,336,2025-06-18,High,Pending
BR003453,TMS004441,C00062,Engineering,224,2025-06-20,Low,Pending
BR003454,TMS004442,C00016,Engineering,175,2025-06-12,Low,Pending
BR003455,TMS004443,C00068,Engineering,139,2025-06-09,High,Pending
BR003456,TMS004444,C00009,Engineering,190,2025-06-24,Medium,Pending
BR003457,TMS004445,C00077,Engineering,71,2025-06-12,High,Pending
BR003458,TMS004446,C00009,Engineering,87,2025-06-03,Low,Pending
BR003459,TMS004447,C00095,Engineering,149,2025-06-16,Medium,Pending
BR003460,TMS004449,C00028,Engineering,173,2025-06-02,High,Pending
BR003461,TMS004450,C00065,Engineering,96,2025-06-04,Low,Pending
BR003462,TMS004451,C00033,Engineering,93,2025-06-08,Critical,Pending
BR003463,TMS004452,C00097,Engineering,44,2025-06-18,High,Pending
BR003464,TMS004453,C00074,Engineering,101,2025-06-06,High,Pending
BR003465,TMS004454,C00072,Engineering,43,2025-06-01,Low,Pending
BR003466,TMS004456,C00028,Engineering,176,2025-06-24,Medium,Pending
BR003467,TMS004457,C00082,Engineering,180,2025-06-04,Medium,Pending
BR003468,TMS004458,C00011,Engineering,140,2025-06-25,Medium,Pending
BR003469,TMS004459,C00097,Engineering,168,2025-06-29,Low,Pending
BR003470,TMS004461,C00045,Engineering,193,2025-06-17,Low,Pending
BR003471,TMS004462,C00013,Engineering,188,2025-06-29,High,Pending
BR003472,TMS004464,C00088,Engineering,195,2025-06-12,Medium,Pending
BR003473,TMS004466,C00093,Engineering,93,2025-06-13,Low,Pending
BR003474,TMS004469,C00099,Engineering,269,2025-06-23,Low,Pending
BR003475,TMS004470,C00065,Engineering,61,2025-06-16,Low,Pending
BR003476,TMS004471,C00062,Engineering,189,2025-06-23,High,Pending
BR003477,TMS004472,C00030,Engineering,83,2025-06-29,Low,Pending
BR003478,TMS004473,C00081,Engineering,170,2025-06-29,Critical,Pending
BR003479,TMS004474,C00033,Engineering,272,2025-06-28,High,Pending
BR003480,TMS004475,C00058,Engineering,312,2025-06-30,Medium,Pending
BR003481,TMS004476,C00005,Engineering,206,2025-06-30,Medium,Pending
BR003482,TMS004477,C00076,Engineering,218,2025-06-24,Medium,Pending
BR003483,TMS004478,C00047,Engineering,226,2025-06-02,Low,Pending
BR003484,TMS004479,C00027,Engineering,197,2025-06-15,Medium,Pending
BR003485,TMS004480,C00016,Engineering,76,2025-06-23,Low,Pending
BR003486,TMS004481,C00007,Engineering,190,2025-06-20,Medium,Pending
BR003487,TMS004482,C00082,Engineering,317,2025-06-17,Low,Pending
BR003488,TMS004484,C00012,Engineering,105,2025-06-30,Low,Pending
BR003489,TMS004485,C00023,Engineering,74,2025-06-06,Low,Pending
BR003490,TMS004487,C00043,Engineering,83,2025-06-29,Low,Pending
BR003491,TMS004488,C00034,Engineering,153,2025-06-12,High,Pending
BR003492,TMS004489,C00098,Engineering,158,2025-06-15,High,Pending
BR003493,TMS004490,C00005,Engineering,60,2025-06-08,Low,Pending
BR003494,TMS004491,C00048,Engineering,198,2025-06-10,Medium,Pending
BR003495,TMS004492,C00035,Engineering,271,2025-06-20,Medium,Pending
BR003496,TMS004493,C00071,Engineering,126,2025-06-19,Low,Pending
BR003497,TMS004494,C00092,Engineering,108,2025-06-19,Medium,Pending
BR003498,TMS004495,C00023,Engineering,106,2025-06-21,Medium,Pending
BR003499,TMS004496,C00033,Engineering,51,2025-06-29,High,Pending
BR003500,TMS004497,C00076,Engineering,212,2025-06-01,Low,Pending
BR003501,TMS004499,C00032,Engineering,92,2025-06-03,Medium,Pending
BR003502,TMS004500,C00099,Engineering,100,2025-06-07,Low,Pending
BR003503,TMS004501,C00053,Engineering,159,2025-06-01,High,Pending
BR003504,TMS004502,C00096,Engineering,240,2025-06-12,High,Pending
BR003505,TMS004503,C00001,Engineering,294,2025-06-02,Medium,Pending
BR003506,TMS004504,C00072,Engineering,171,2025-06-25,High,Pending
BR003507,TMS004505,C00077,Engineering,88,2025-06-22,Low,Pending
BR003508,TMS004506,C00042,Engineering,62,2025-06-28,High,Pending
BR003509,TMS004507,C00013,Engineering,89,2025-06-04,Low,Pending
BR003510,TMS004509,C00065,Engineering,96,2025-06-18,Low,Pending
BR003511,TMS004510,C00031,Engineering,74,2025-06-17,Medium,Pending
BR003512,TMS004511,C00023,Engineering,172,2025-06-30,Low,Pending
BR003513,TMS004512,C00092,Engineering,179,2025-06-05,High,Pending
BR003514,TMS004514,C00010,Engineering,184,2025-06-16,Low,Pending
BR003515,TMS004515,C00051,Engineering,71,2025-06-23,Medium,Pending
BR003516,TMS004516,C00009,Engineering,199,2025-06-18,Low,Pending
BR003517,TMS004517,C00094,Engineering,162,2025-06-17,Low,Pending
BR003518,TMS004520,C00003,Engineering,210,2025-06-28,Low,Pending
BR003519,TMS004521,C00025,Engineering,86,2025-06-26,Medium,Pending
BR003520,TMS004523,C00054,Engineering,224,2025-06-10,High,Pending
BR003521,TMS004524,C00038,Engineering,164,2025-06-01,Low,Pending
BR003522,TMS004526,C00010,Engineering,154,2025-06-04,Low,Pending
BR003523,TMS004528,C00058,Engineering,104,2025-06-23,Medium,Pending
BR003524,TMS004529,C00065,Engineering,114,2025-06-10,Low,Pending
BR003525,TMS004530,C00071,Engineering,222,2025-06-10,Low,Pending
BR003526,TMS004531,C00099,Engineering,201,2025-06-01,Medium,Pending
BR003527,TMS004532,C00027,Engineering,61,2025-06-15,Low,Pending
BR003528,TMS004533,C00046,Engineering,82,2025-06-15,Low,Pending
BR003529,TMS004534,C00041,Engineering,106,2025-06-30,Medium,Pending
BR003530,TMS004535,C00079,Engineering,207,2025-06-21,Medium,Pending
BR003531,TMS004536,C00100,Engineering,86,2025-06-29,Medium,Pending
BR003532,TMS004537,C00083,Engineering,149,2025-06-25,Medium,Pending
BR003533,TMS004538,C00049,Engineering,103,2025-06-29,Medium,Pending
BR003534,TMS004540,C00035,Engineering,238,2025-06-06,Medium,Pending
BR003535,TMS004543,C00084,Engineering,40,2025-06-30,High,Pending
BR003536,TMS004544,C00093,Engineering,112,2025-06-24,Medium,Pending
BR003537,TMS004545,C00006,Engineering,107,2025-06-30,Low,Pending
BR003538,TMS004546,C00092,Engineering,187,2025-06-13,Low,Pending
BR003539,TMS004547,C00025,Engineering,204,2025-06-19,High,Pending
BR003540,TMS004549,C00066,Engineering,133,2025-06-24,High,Pending
BR003541,TMS004550,C00028,Engineering,203,2025-06-25,Medium,Pending
BR003542,TMS004551,C00044,Engineering,267,2025-06-30,High,Pending
BR003543,TMS004552,C00001,Engineering,139,2025-06-02,Low,Pending
BR003544,TMS004553,C00004,Engineering,153,2025-06-18,Low,Pending
BR003545,TMS004555,C00046,Engineering,118,2025-06-19,Medium,Pending
BR003546,TMS004556,C00038,Engineering,74,2025-06-04,Medium,Pending
BR003547,TMS004557,C00073,Engineering,152,2025-06-18,High,Pending
BR003548,TMS004559,C00070,Engineering,236,2025-06-23,High,Pending
BR003549,TMS004560,C00093,Engineering,214,2025-06-09,Low,Pending
BR003550,TMS004561,C00071,Engineering,106,2025-06-02,Low,Pending
BR003551,TMS004562,C00004,Engineering,230,2025-06-17,High,Pending
BR003552,TMS004563,C00012,Engineering,255,2025-06-18,Critical,Pending
BR003553,TMS004564,C00098,Engineering,71,2025-06-06,Medium,Pending
BR003554,TMS004565,C00067,Engineering,57,2025-06-12,Low,Pending
BR003555,TMS004566,C00088,Engineering,106,2025-06-18,Medium,Pending
BR003556,TMS004567,C00064,Engineering,220,2025-06-15,Critical,Pending
BR003557,TMS004570,C00010,Engineering,68,2025-06-30,Low,Pending
BR003558,TMS004571,C00087,Engineering,207,2025-06-03,High,Pending
BR003559,TMS004572,C00012,Engineering,96,2025-06-17,Low,Pending
BR003560,TMS004573,C00061,Engineering,187,2025-06-26,Medium,Pending
BR003561,TMS004574,C00088,Engineering,201,2025-06-06,Medium,Pending
BR003562,TMS004575,C00075,Engineering,214,2025-06-13,Medium,Pending
BR003563,TMS004576,C00050,Engineering,153,2025-06-11,Medium,Pending
BR003564,TMS004577,C00024,Engineering,137,2025-06-25,High,Pending
BR003565,TMS004578,C00029,Engineering,90,2025-06-20,Critical,Pending
BR003566,TMS004579,C00053,Engineering,93,2025-06-30,Medium,Pending
BR003567,TMS004580,C00018,Engineering,243,2025-06-19,Low,Pending
BR003568,TMS004581,C00086,Engineering,65,2025-06-24,High,Pending
BR003569,TMS004582,C00027,Engineering,32,2025-06-01,Medium,Pending
BR003570,TMS004583,C00014,Engineering,130,2025-06-30,High,Pending
BR003571,TMS004584,C00092,Engineering,227,2025-06-27,Low,Pending
BR003572,TMS004586,C00080,Engineering,181,2025-06-11,Low,Pending
BR003573,TMS004587,C00057,Engineering,56,2025-06-05,High,Pending
BR003574,TMS004588,C00012,Engineering,146,2025-06-19,High,Pending
BR003575,TMS004589,C00096,Engineering,241,2025-06-10,Critical,Pending
BR003576,TMS004590,C00095,Engineering,195,2025-06-20,Low,Pending
BR003577,TMS004593,C00031,Engineering,112,2025-06-27,Critical,Pending
BR003578,TMS004594,C00095,Engineering,195,2025-06-08,Medium,Pending
BR003579,TMS004595,C00031,Engineering,156,2025-06-29,High,Pending
BR003580,TMS004596,C00053,Engineering,145,2025-06-13,High,Pending
BR003581,TMS004597,C00025,Engineering,99,2025-06-30,High,Pending
BR003582,TMS004598,C00051,Engineering,146,2025-06-09,Medium,Pending
BR003583,TMS004599,C00019,Engineering,150,2025-06-29,High,Pending
BR003584,TMS004600,C00006,Engineering,144,2025-06-12,Low,Pending
BR003585,TMS004601,C00070,Engineering,296,2025-06-10,Medium,Pending
BR003586,TMS004602,C00055,Engineering,75,2025-06-05,Low,Pending
BR003587,TMS004603,C00081,Engineering,42,2025-06-24,Medium,Pending
BR003588,TMS004604,C00076,Engineering,66,2025-06-27,Medium,Pending
BR003589,TMS004605,C00014,Engineering,130,2025-06-21,Medium,Pending
BR003590,TMS004606,C00059,Engineering,271,2025-06-21,High,Pending
BR003591,TMS004608,C00074,Engineering,233,2025-06-28,Low,Pending
BR003592,TMS004609,C00038,Engineering,189,2025-06-10,Low,Pending
BR003593,TMS004610,C00058,Engineering,189,2025-06-22,Low,Pending
BR003594,TMS004612,C00095,Engineering,100,2025-06-09,Medium,Pending
BR003595,TMS004613,C00058,Engineering,178,2025-06-09,High,Pending
BR003596,TMS004614,C00061,Engineering,113,2025-06-08,Low,Pending
BR003597,TMS004615,C00010,Engineering,167,2025-06-17,Low,Pending
BR003598,TMS004616,C00083,Engineering,155,2025-06-26,Low,Pending
BR003599,TMS004617,C00051,Engineering,282,2025-06-29,Medium,Pending
BR003600,TMS004618,C00029,Engineering,136,2025-06-02,Medium,Pending
BR003601,TMS004619,C00037,Engineering,107,2025-06-25,Medium,Pending
BR003602,TMS004621,C00046,Engineering,128,2025-06-02,Medium,Pending
BR003603,TMS004622,C00078,Engineering,210,2025-06-16,Medium,Pending
BR003604,TMS004623,C00034,Engineering,100,2025-06-16,High,Pending
BR003605,TMS004624,C00038,Engineering,132,2025-06-05,Medium,Pending
BR003606,TMS004625,C00091,Engineering,55,2025-06-04,Low,Pending
BR003607,TMS004627,C00024,Engineering,165,2025-06-21,High,Pending
BR003608,TMS004628,C00093,Engineering,162,2025-06-21,Medium,Pending
BR003609,TMS004631,C00023,Engineering,129,2025-06-27,Low,Pending
BR003610,TMS004632,C00067,Engineering,85,2025-06-20,Low,Pending
BR003611,TMS004633,C00007,Engineering,196,2025-06-10,Low,Pending
BR003612,TMS004634,C00077,Engineering,139,2025-06-22,Medium,Pending
BR003613,TMS004636,C00096,Engineering,117,2025-06-21,Critical,Pending
BR003614,TMS004637,C00087,Engineering,247,2025-06-03,Low,Pending
BR003615,TMS004638,C00093,Engineering,46,2025-06-28,Low,Pending
BR003616,TMS004642,C00073,Engineering,213,2025-06-10,Medium,Pending
BR003617,TMS004644,C00070,Engineering,206,2025-06-06,Medium,Pending
BR003618,TMS004645,C00016,Engineering,91,2025-06-01,Low,Pending
BR003619,TMS004646,C00059,Engineering,161,2025-06-06,Critical,Pending
BR003620,TMS004648,C00063,Engineering,277,2025-06-06,Low,Pending
BR003621,TMS004649,C00061,Engineering,104,2025-06-16,Low,Pending
BR003622,TMS004650,C00090,Engineering,95,2025-06-03,Critical,Pending
BR003623,TMS004651,C00057,Engineering,205,2025-06-28,Low,Pending
BR003624,TMS004652,C00069,Engineering,63,2025-06-23,Medium,Pending
BR003625,TMS004653,C00067,Engineering,185,2025-06-19,Medium,Pending
BR003626,TMS004654,C00011,Engineering,171,2025-06-22,Medium,Pending
BR003627,TMS004656,C00093,Engineering,227,2025-06-21,Medium,Pending
BR003628,TMS004657,C00012,Engineering,198,2025-06-04,High,Pending
BR003629,TMS004658,C00099,Engineering,229,2025-06-02,Low,Pending
BR003630,TMS004659,C00035,Engineering,161,2025-06-20,Medium,Pending
BR003631,TMS004660,C00019,Engineering,191,2025-06-30,Low,Pending
BR003632,TMS004663,C00055,Engineering,158,2025-06-22,Medium,Pending
BR003633,TMS004664,C00091,Engineering,103,2025-06-02,High,Pending
BR003634,TMS004665,C00027,Engineering,208,2025-06-03,Medium,Pending
BR003635,TMS004666,C00035,Engineering,226,2025-06-17,Medium,Pending
BR003636,TMS004668,C00086,Engineering,204,2025-06-18,Medium,Pending
BR003637,TMS004669,C00006,Engineering,179,2025-06-01,High,Pending
BR003638,TMS004671,C00047,Engineering,145,2025-06-16,Low,Pending
BR003639,TMS004672,C00098,Engineering,267,2025-06-28,Low,Pending
BR003640,TMS004673,C00088,Engineering,150,2025-06-29,Low,Pending
BR003641,TMS004674,C00086,Engineering,167,2025-06-01,Medium,Pending
BR003642,TMS004675,C00018,Engineering,167,2025-06-22,Medium,Pending
BR003643,TMS004677,C00007,Engineering,130,2025-06-16,Medium,Pending
BR003644,TMS004678,C00017,Engineering,101,2025-06-26,Low,Pending
BR003645,TMS004679,C00040,Engineering,217,2025-06-01,High,Pending
BR003646,TMS004681,C00070,Engineering,151,2025-06-08,Low,Pending
BR003647,TMS004683,C00083,Engineering,55,2025-06-11,Low,Pending
BR003648,TMS004684,C00042,Engineering,55,2025-06-30,Medium,Pending
BR003649,TMS004685,C00004,Engineering,162,2025-06-26,High,Pending
BR003650,TMS004687,C00083,Engineering,129,2025-06-06,Low,Pending
BR003651,TMS004688,C00070,Engineering,134,2025-06-12,Low,Pending
BR003652,TMS004689,C00037,Engineering,265,2025-06-07,Medium,Pending
BR003653,TMS004690,C00020,Engineering,155,2025-06-17,Medium,Pending
BR003654,TMS004691,C00050,Engineering,239,2025-06-29,Medium,Pending
BR003655,TMS004692,C00024,Engineering,53,2025-06-05,Medium,Pending
BR003656,TMS004693,C00020,Engineering,80,2025-06-27,Low,Pending
BR003657,TMS004694,C00076,Engineering,178,2025-06-15,High,Pending
BR003658,TMS004695,C00048,Engineering,124,2025-06-03,Low,Pending
BR003659,TMS004696,C00026,Engineering,148,2025-06-28,Low,Pending
BR003660,TMS004697,C00099,Engineering,168,2025-06-21,Medium,Pending
BR003661,TMS004698,C00065,Engineering,280,2025-06-13,Low,Pending
BR003662,TMS004700,C00045,Engineering,248,2025-06-21,Low,Pending
BR003663,TMS004701,C00017,Engineering,91,2025-06-19,Critical,Pending
BR003664,TMS004704,C00026,Engineering,67,2025-06-17,Medium,Pending
BR003665,TMS004705,C00061,Engineering,218,2025-06-06,Low,Pending
BR003666,TMS004706,C00027,Engineering,75,2025-06-24,Medium,Pending
BR003667,TMS004707,C00086,Engineering,201,2025-06-12,Low,Pending
BR003668,TMS004708,C00083,Engineering,84,2025-06-27,High,Pending
BR003669,TMS004709,C00080,Engineering,172,2025-06-12,Medium,Pending
BR003670,TMS004710,C00050,Engineering,184,2025-06-13,Low,Pending
BR003671,TMS004711,C00033,Engineering,246,2025-06-09,Medium,Pending
BR003672,TMS004713,C00024,Engineering,217,2025-06-16,Medium,Pending
BR003673,TMS004714,C00030,Engineering,220,2025-06-27,Low,Pending
BR003674,TMS004715,C00093,Engineering,183,2025-06-27,High,Pending
BR003675,TMS004716,C00018,Engineering,131,2025-06-24,Medium,Pending
BR003676,TMS004717,C00072,Engineering,99,2025-06-03,Low,Pending
BR003677,TMS004718,C00041,Engineering,65,2025-06-16,Medium,Pending
BR003678,TMS004719,C00037,Engineering,105,2025-06-02,Critical,Pending
BR003679,TMS004721,C00050,Engineering,178,2025-06-26,Medium,Pending
BR003680,TMS004722,C00080,Engineering,201,2025-06-29,Low,Pending
BR003681,TMS004723,C00057,Engineering,73,2025-06-29,Medium,Pending
BR003682,TMS004724,C00074,Engineering,262,2025-06-18,Low,Pending
BR003683,TMS004725,C00036,Engineering,148,2025-06-20,Medium,Pending
BR003684,TMS004727,C00086,Engineering,83,2025-06-12,Low,Pending
BR003685,TMS004728,C00032,Engineering,108,2025-06-20,Low,Pending
BR003686,TMS004729,C00012,Engineering,155,2025-06-18,High,Pending
BR003687,TMS004730,C00078,Engineering,159,2025-06-21,Low,Pending
BR003688,TMS004731,C00057,Engineering,122,2025-06-12,Low,Pending
BR003689,TMS004733,C00075,Engineering,182,2025-06-21,Low,Pending
BR003690,TMS004734,C00065,Engineering,262,2025-06-12,Critical,Pending
BR003691,TMS004735,C00058,Engineering,63,2025-06-29,Low,Pending
BR003692,TMS004737,C00054,Engineering,75,2025-06-11,Low,Pending
BR003693,TMS004738,C00007,Engineering,101,2025-06-19,Low,Pending
BR003694,TMS004739,C00073,Engineering,101,2025-06-06,High,Pending
BR003695,TMS004740,C00041,Engineering,306,2025-06-06,Medium,Pending
BR003696,TMS004741,C00016,Engineering,285,2025-06-15,Low,Pending
BR003697,TMS004742,C00100,Engineering,61,2025-06-15,Critical,Pending
BR003698,TMS004743,C00001,Engineering,221,2025-06-15,Low,Pending
BR003699,TMS004744,C00048,Engineering,207,2025-06-02,Medium,Pending
BR003700,TMS004746,C00074,Engineering,86,2025-06-01,Low,Pending
BR003701,TMS004747,C00037,Engineering,255,2025-06-09,Medium,Pending
BR003702,TMS004748,C00021,Engineering,208,2025-06-21,Critical,Pending
BR003703,TMS004749,C00004,Engineering,50,2025-06-07,Medium,Pending
BR003704,TMS004750,C00086,Engineering,132,2025-06-13,Low,Pending
BR003705,TMS004751,C00096,Engineering,173,2025-06-25,Medium,Pending
BR003706,TMS004753,C00053,Engineering,81,2025-06-18,Low,Pending
BR003707,TMS004754,C00021,Engineering,144,2025-06-09,Low,Pending
BR003708,TMS004755,C00058,Engineering,67,2025-06-03,Low,Pending
BR003709,TMS004756,C00040,Engineering,266,2025-06-30,Critical,Pending
BR003710,TMS004757,C00010,Engineering,201,2025-06-20,Low,Pending
BR003711,TMS004758,C00100,Engineering,243,2025-06-01,High,Pending
BR003712,TMS004759,C00047,Engineering,155,2025-06-17,Medium,Pending
BR003713,TMS004760,C00079,Engineering,160,2025-06-08,Medium,Pending
BR003714,TMS004761,C00093,Engineering,153,2025-06-18,Medium,Pending
BR003715,TMS004763,C00016,Engineering,220,2025-06-17,Low,Pending
BR003716,TMS004764,C00070,Engineering,61,2025-06-19,Low,Pending
BR003717,TMS004766,C00087,Engineering,50,2025-06-18,Low,Pending
BR003718,TMS004767,C00076,Engineering,178,2025-06-03,Medium,Pending
BR003719,TMS004768,C00044,Engineering,132,2025-06-13,Medium,Pending
BR003720,TMS004770,C00060,Engineering,106,2025-06-12,Medium,Pending
BR003721,TMS004771,C00005,Engineering,123,2025-06-29,Medium,Pending
BR003722,TMS004772,C00020,Engineering,232,2025-06-17,Low,Pending
BR003723,TMS004773,C00050,Engineering,140,2025-06-11,Low,Pending
BR003724,TMS004776,C00032,Engineering,183,2025-06-13,Medium,Pending
BR003725,TMS004777,C00055,Engineering,164,2025-06-01,High,Pending
BR003726,TMS004778,C00082,Engineering,156,2025-06-07,High,Pending
BR003727,TMS004779,C00098,Engineering,95,2025-06-07,Low,Pending
BR003728,TMS004780,C00082,Engineering,148,2025-06-24,Medium,Pending
BR003729,TMS004781,C00028,Engineering,154,2025-06-11,Low,Pending
BR003730,TMS004783,C00008,Engineering,35,2025-06-17,High,Pending
BR003731,TMS004785,C00087,Engineering,189,2025-06-28,Low,Pending
BR003732,TMS004787,C00037,Engineering,69,2025-06-03,Low,Pending
BR003733,TMS004789,C00078,Engineering,189,2025-06-09,Medium,Pending
BR003734,TMS004790,C00063,Engineering,72,2025-06-06,Medium,Pending
BR003735,TMS004791,C00071,Engineering,142,2025-06-13,Critical,Pending
BR003736,TMS004792,C00075,Engineering,135,2025-06-16,Medium,Pending
BR003737,TMS004793,C00062,Engineering,239,2025-06-04,Low,Pending
BR003738,TMS004794,C00069,Engineering,226,2025-06-18,High,Pending
BR003739,TMS004795,C00012,Engineering,143,2025-06-05,Low,Pending
BR003740,TMS004796,C00066,Engineering,91,2025-06-23,Low,Pending
BR003741,TMS004797,C00083,Engineering,141,2025-06-28,High,Pending
BR003742,TMS004798,C00069,Engineering,99,2025-06-26,Medium,Pending
BR003743,TMS004799,C00048,Engineering,153,2025-06-11,Low,Pending
BR003744,TMS004800,C00051,Engineering,135,2025-06-08,High,Pending
BR003745,TMS004801,C00092,Engineering,205,2025-06-21,Low,Pending
BR003746,TMS004802,C00023,Engineering,185,2025-06-15,Medium,Pending
BR003747,TMS004804,C00076,Engineering,172,2025-06-06,Medium,Pending
BR003748,TMS004805,C00038,Engineering,187,2025-06-15,Medium,Pending
BR003749,TMS004807,C00097,Engineering,147,2025-06-05,Critical,Pending
BR003750,TMS004808,C00013,Engineering,216,2025-06-02,Medium,Pending
BR003751,TMS004809,C00017,Engineering,61,2025-06-06,Low,Pending
BR003752,TMS004810,C00090,Engineering,226,2025-06-30,Critical,Pending
BR003753,TMS004811,C00058,Engineering,162,2025-06-14,Low,Pending
BR003754,TMS004812,C00035,Engineering,48,2025-06-19,Low,Pending
BR003755,TMS004814,C00039,Engineering,184,2025-06-19,Low,Pending
BR003756,TMS004815,C00058,Engineering,156,2025-06-14,Medium,Pending
BR003757,TMS004816,C00001,Engineering,116,2025-06-15,Medium,Pending
BR003758,TMS004817,C00051,Engineering,159,2025-06-03,Medium,Pending
BR003759,TMS004818,C00001,Engineering,135,2025-06-04,Low,Pending
BR003760,TMS004819,C00095,Engineering,57,2025-06-22,High,Pending
BR003761,TMS004820,C00023,Engineering,172,2025-06-17,Low,Pending
BR003762,TMS004821,C00012,Engineering,179,2025-06-23,Low,Pending
BR003763,TMS004823,C00065,Engineering,161,2025-06-27,Medium,Pending
BR003764,TMS004824,C00026,Engineering,39,2025-06-06,Low,Pending
BR003765,TMS004826,C00053,Engineering,152,2025-06-24,Medium,Pending
BR003766,TMS004827,C00071,Engineering,48,2025-06-17,High,Pending
BR003767,TMS004828,C00032,Engineering,221,2025-06-20,Medium,Pending
BR003768,TMS004830,C00072,Engineering,66,2025-06-20,Low,Pending
BR003769,TMS004831,C00072,Engineering,132,2025-06-12,Medium,Pending
BR003770,TMS004833,C00089,Engineering,197,2025-06-01,Medium,Pending
BR003771,TMS004834,C00012,Engineering,216,2025-06-17,Low,Pending
BR003772,TMS004836,C00027,Engineering,252,2025-06-19,Critical,Pending
BR003773,TMS004837,C00062,Engineering,64,2025-06-08,Critical,Pending
BR003774,TMS004838,C00019,Engineering,129,2025-06-16,Medium,Pending
BR003775,TMS004839,C00049,Engineering,87,2025-06-11,Low,Pending
BR003776,TMS004840,C00048,Engineering,81,2025-06-29,Medium,Pending
BR003777,TMS004842,C00095,Engineering,118,2025-06-02,Medium,Pending
BR003778,TMS004843,C00026,Engineering,91,2025-06-22,Medium,Pending
BR003779,TMS004844,C00036,Engineering,76,2025-06-27,Low,Pending
BR003780,TMS004845,C00086,Engineering,221,2025-06-16,Medium,Pending
BR003781,TMS004846,C00026,Engineering,218,2025-06-27,Low,Pending
BR003782,TMS004847,C00040,Engineering,122,2025-06-26,Medium,Pending
BR003783,TMS004849,C00029,Engineering,208,2025-06-18,High,Pending
BR003784,TMS004851,C00072,Engineering,114,2025-06-06,Low,Pending
BR003785,TMS004852,C00033,Engineering,191,2025-06-09,Medium,Pending
BR003786,TMS004853,C00029,Engineering,286,2025-06-18,High,Pending
BR003787,TMS004854,C00029,Engineering,49,2025-06-20,Low,Pending
BR003788,TMS004855,C00047,Engineering,183,2025-06-06,Medium,Pending
BR003789,TMS004856,C00045,Engineering,184,2025-06-09,Medium,Pending
BR003790,TMS004857,C00025,Engineering,138,2025-06-05,Critical,Pending
BR003791,TMS004858,C00059,Engineering,87,2025-06-11,High,Pending
BR003792,TMS004860,C00009,Engineering,133,2025-06-09,Critical,Pending
BR003793,TMS004861,C00006,Engineering,54,2025-06-25,Medium,Pending
BR003794,TMS004862,C00097,Engineering,45,2025-06-15,High,Pending
BR003795,TMS004863,C00007,Engineering,175,2025-06-29,High,Pending
BR003796,TMS004864,C00068,Engineering,224,2025-06-15,Medium,Pending
BR003797,TMS004865,C00029,Engineering,252,2025-06-07,Critical,Pending
BR003798,TMS004866,C00086,Engineering,102,2025-06-12,Low,Pending
BR003799,TMS004867,C00035,Engineering,245,2025-06-06,Low,Pending
BR003800,TMS004868,C00089,Engineering,225,2025-06-19,High,Pending
BR003801,TMS004869,C00065,Engineering,136,2025-06-10,Medium,Pending
BR003802,TMS004870,C00061,Engineering,206,2025-06-16,Critical,Pending
BR003803,TMS004871,C00100,Engineering,43,2025-06-01,High,Pending
BR003804,TMS004872,C00069,Engineering,266,2025-06-07,High,Pending
BR003805,TMS004873,C00023,Engineering,256,2025-06-23,Medium,Pending
BR003806,TMS004874,C00021,Engineering,155,2025-06-22,Medium,Pending
BR003807,TMS004875,C00100,Engineering,54,2025-06-07,Low,Pending
BR003808,TMS004876,C00040,Engineering,269,2025-06-15,Low,Pending
BR003809,TMS004877,C00028,Engineering,141,2025-06-06,Low,Pending
BR003810,TMS004879,C00034,Engineering,53,2025-06-16,High,Pending
BR003811,TMS004880,C00092,Engineering,97,2025-06-23,Critical,Pending
BR003812,TMS004881,C00001,Engineering,151,2025-06-29,Medium,Pending
BR003813,TMS004883,C00084,Engineering,176,2025-06-30,Low,Pending
BR003814,TMS004884,C00092,Engineering,73,2025-06-03,Low,Pending
BR003815,TMS004885,C00059,Engineering,67,2025-06-03,Medium,Pending
BR003816,TMS004886,C00057,Engineering,54,2025-06-18,High,Pending
BR003817,TMS004887,C00041,Engineering,130,2025-06-01,High,Pending
BR003818,TMS004889,C00052,Engineering,164,2025-06-15,Medium,Pending
BR003819,TMS004890,C00079,Engineering,77,2025-06-23,Critical,Pending
BR003820,TMS004891,C00082,Engineering,94,2025-06-28,Low,Pending
BR003821,TMS004892,C00034,Engineering,125,2025-06-10,Medium,Pending
BR003822,TMS004893,C00068,Engineering,154,2025-06-04,Critical,Pending
BR003823,TMS004894,C00042,Engineering,284,2025-06-01,High,Pending
BR003824,TMS004895,C00082,Engineering,133,2025-06-23,Low,Pending
BR003825,TMS004896,C00004,Engineering,169,2025-06-29,Medium,Pending
BR003826,TMS004897,C00074,Engineering,288,2025-06-02,Critical,Pending
BR003827,TMS004898,C00093,Engineering,56,2025-06-08,Low,Pending
BR003828,TMS004899,C00080,Engineering,211,2025-06-07,Low,Pending
BR003829,TMS004900,C00003,Engineering,204,2025-06-13,High,Pending
BR003830,TMS004901,C00034,Engineering,121,2025-06-08,Low,Pending
BR003831,TMS004902,C00024,Engineering,212,2025-06-09,High,Pending
BR003832,TMS004903,C00044,Engineering,157,2025-06-09,Medium,Pending
BR003833,TMS004904,C00051,Engineering,41,2025-06-08,High,Pending
BR003834,TMS004905,C00080,Engineering,71,2025-06-12,Low,Pending
BR003835,TMS004906,C00087,Engineering,234,2025-06-20,Medium,Pending
BR003836,TMS004907,C00059,Engineering,76,2025-06-15,Medium,Pending
BR003837,TMS004909,C00096,Engineering,209,2025-06-21,Low,Pending
BR003838,TMS004910,C00072,Engineering,147,2025-06-10,High,Pending
BR003839,TMS004913,C00080,Engineering,178,2025-06-20,Low,Pending
BR003840,TMS004915,C00014,Engineering,220,2025-06-29,Low,Pending
BR003841,TMS004917,C00081,Engineering,184,2025-06-01,Low,Pending
BR003842,TMS004918,C00024,Engineering,273,2025-06-09,Critical,Pending
BR003843,TMS004919,C00029,Engineering,287,2025-06-04,Medium,Pending
BR003844,TMS004920,C00048,Engineering,35,2025-06-29,Medium,Pending
BR003845,TMS004921,C00018,Engineering,132,2025-06-09,Medium,Pending
BR003846,TMS004922,C00018,Engineering,138,2025-06-23,Critical,Pending
BR003847,TMS004923,C00036,Engineering,225,2025-06-29,Low,Pending
BR003848,TMS004925,C00053,Engineering,88,2025-06-04,Low,Pending
BR003849,TMS004926,C00062,Engineering,105,2025-06-11,High,Pending
BR003850,TMS004927,C00060,Engineering,153,2025-06-22,Medium,Pending
BR003851,TMS004928,C00066,Engineering,194,2025-06-09,High,Pending
BR003852,TMS004929,C00032,Engineering,88,2025-06-28,Low,Pending
BR003853,TMS004930,C00031,Engineering,261,2025-06-29,Medium,Pending
BR003854,TMS004931,C00033,Engineering,256,2025-06-14,Medium,Pending
BR003855,TMS004933,C00038,Engineering,275,2025-06-13,Low,Pending
BR003856,TMS004934,C00057,Engineering,75,2025-06-06,High,Pending
BR003857,TMS004936,C00006,Engineering,180,2025-06-27,High,Pending
BR003858,TMS004937,C00094,Engineering,137,2025-06-20,Low,Pending
BR003859,TMS004938,C00072,Engineering,136,2025-06-25,Low,Pending
BR003860,TMS004939,C00001,Engineering,161,2025-06-30,Medium,Pending
BR003861,TMS004940,C00015,Engineering,254,2025-06-24,Medium,Pending
BR003862,TMS004942,C00088,Engineering,87,2025-06-04,Low,Pending
BR003863,TMS004943,C00044,Engineering,102,2025-06-06,Medium,Pending
BR003864,TMS004945,C00039,Engineering,131,2025-06-19,Low,Pending
BR003865,TMS004946,C00097,Engineering,200,2025-06-11,High,Pending
BR003866,TMS004947,C00076,Engineering,79,2025-06-06,Low,Pending
BR003867,TMS004948,C00021,Engineering,96,2025-06-09,High,Pending
BR003868,TMS004949,C00092,Engineering,94,2025-06-22,Low,Pending
BR003869,TMS004950,C00038,Engineering,130,2025-06-03,Medium,Pending
BR003870,TMS004951,C00037,Engineering,239,2025-06-27,Low,Pending
BR003871,TMS004952,C00011,Engineering,75,2025-06-15,Low,Pending
BR003872,TMS004954,C00001,Engineering,224,2025-06-21,Medium,Pending
BR003873,TMS004956,C00089,Engineering,209,2025-06-19,Low,Pending
BR003874,TMS004957,C00053,Engineering,46,2025-06-23,Low,Pending
BR003875,TMS004958,C00095,Engineering,158,2025-06-25,Critical,Pending
BR003876,TMS004959,C00082,Engineering,53,2025-06-26,Low,Pending
BR003877,TMS004960,C00016,Engineering,61,2025-06-20,Medium,Pending
BR003878,TMS004962,C00022,Engineering,183,2025-06-14,Low,Pending
BR003879,TMS004964,C00018,Engineering,206,2025-06-27,Low,Pending
BR003880,TMS004965,C00097,Engineering,187,2025-06-09,Medium,Pending
BR003881,TMS004966,C00019,Engineering,95,2025-06-27,Medium,Pending
BR003882,TMS004968,C00010,Engineering,172,2025-06-27,Medium,Pending
BR003883,TMS004969,C00060,Engineering,177,2025-06-12,Low,Pending
BR003884,TMS004970,C00004,Engineering,160,2025-06-28,Medium,Pending
BR003885,TMS004971,C00045,Engineering,256,2025-06-24,Low,Pending
BR003886,TMS004972,C00081,Engineering,168,2025-06-15,High,Pending
BR003887,TMS004973,C00069,Engineering,203,2025-06-20,Low,Pending
BR003888,TMS004974,C00057,Engineering,163,2025-06-08,Low,Pending
BR003889,TMS004975,C00006,Engineering,121,2025-06-01,Medium,Pending
BR003890,TMS004977,C00027,Engineering,84,2025-06-25,High,Pending
BR003891,TMS004979,C00035,Engineering,54,2025-06-22,High,Pending
BR003892,TMS004981,C00013,Engineering,205,2025-06-16,Medium,Pending
BR003893,TMS004982,C00046,Engineering,136,2025-06-19,Low,Pending
BR003894,TMS004983,C00006,Engineering,89,2025-06-24,Low,Pending
BR003895,TMS004985,C00075,Engineering,137,2025-06-24,Medium,Pending
BR003896,TMS004986,C00099,Engineering,199,2025-06-28,High,Pending
BR003897,TMS004987,C00086,Engineering,117,2025-06-20,Low,Pending
BR003898,TMS004989,C00021,Engineering,227,2025-06-15,Medium,Pending
BR003899,TMS004990,C00080,Engineering,230,2025-06-25,Low,Pending
BR003900,TMS004991,C00098,Engineering,158,2025-06-22,Low,Pending
BR003901,TMS004992,C00020,Engineering,85,2025-06-05,Low,Pending
BR003902,TMS004993,C00013,Engineering,105,2025-06-12,Medium,Pending
BR003903,TMS004994,C00015,Engineering,225,2025-06-11,High,Pending
BR003904,TMS004995,C00073,Engineering,267,2025-06-26,Low,Pending
BR003905,TMS004996,C00045,Engineering,73,2025-06-09,Medium,Pending
BR003906,TMS004997,C00065,Engineering,170,2025-06-06,Low,Pending
BR003907,TMS004998,C00040,Engineering,110,2025-06-24,High,Pending
BR003908,TMS004999,C00033,Engineering,100,2025-06-23,Low,Pending
BR003909,TMS005000,C00046,Engineering,85,2025-06-13,Medium,Pending
BR003910,TMS005001,C00098,Engineering,124,2025-06-12,Low,Pending
BR003911,TMS005003,C00040,Engineering,147,2025-06-22,High,Pending
BR003912,TMS005004,C00033,Engineering,115,2025-06-23,Low,Pending
BR003913,TMS005005,C00006,Engineering,125,2025-06-30,Low,Pending
BR003914,TMS005008,C00039,Engineering,58,2025-06-10,Critical,Pending
BR003915,TMS005012,C00031,Engineering,135,2025-06-15,Low,Pending
BR003916,TMS005013,C00033,Engineering,108,2025-06-04,High,Pending
BR003917,TMS005015,C00007,Engineering,116,2025-06-18,High,Pending
BR003918,TMS005016,C00012,Engineering,94,2025-06-22,Medium,Pending
BR003919,TMS005017,C00085,Engineering,58,2025-06-06,Critical,Pending
BR003920,TMS005019,C00094,Engineering,85,2025-06-19,Low,Pending
BR003921,TMS005020,C00065,Engineering,244,2025-06-01,Low,Pending
BR003922,TMS005021,C00014,Engineering,60,2025-06-12,Low,Pending
BR003923,TMS005023,C00055,Engineering,247,2025-06-21,Low,Pending
BR003924,TMS005024,C00046,Engineering,239,2025-06-18,Medium,Pending
BR003925,TMS005025,C00013,Engineering,276,2025-06-29,Medium,Pending
BR003926,TMS005026,C00069,Engineering,237,2025-06-03,Low,Pending
BR003927,TMS005027,C00041,Engineering,91,2025-06-16,Medium,Pending
BR003928,TMS005029,C00099,Engineering,166,2025-06-06,High,Pending
BR003929,TMS005030,C00073,Engineering,103,2025-06-22,Low,Pending
BR003930,TMS005031,C00034,Engineering,171,2025-06-26,Medium,Pending
BR003931,TMS005032,C00099,Engineering,270,2025-06-19,Low,Pending
BR003932,TMS005033,C00064,Engineering,222,2025-06-19,High,Pending
BR003933,TMS005035,C00003,Engineering,117,2025-06-08,Medium,Pending
BR003934,TMS005036,C00089,Engineering,114,2025-06-19,Medium,Pending
BR003935,TMS005038,C00098,Engineering,106,2025-06-26,Low,Pending
BR003936,TMS005039,C00079,Engineering,36,2025-06-04,Low,Pending
BR003937,TMS005042,C00077,Engineering,61,2025-06-19,Low,Pending
BR003938,TMS005044,C00016,Engineering,194,2025-06-29,Critical,Pending
BR003939,TMS005045,C00090,Engineering,180,2025-06-28,Medium,Pending
BR003940,TMS005046,C00063,Engineering,167,2025-06-23,Medium,Pending
BR003941,TMS005047,C00002,Engineering,177,2025-06-06,Critical,Pending
BR003942,TMS005048,C00070,Engineering,181,2025-06-04,Medium,Pending
BR003943,TMS005049,C00013,Engineering,34,2025-06-12,Low,Pending
BR003944,TMS005050,C00053,Engineering,144,2025-06-23,Low,Pending
BR003945,TMS005051,C00015,Engineering,140,2025-06-26,Medium,Pending
BR003946,TMS005052,C00008,Engineering,69,2025-06-27,Medium,Pending
BR003947,TMS005053,C00021,Engineering,240,2025-06-06,Medium,Pending
BR003948,TMS005054,C00060,Engineering,49,2025-06-25,Low,Pending
BR003949,TMS005056,C00028,Engineering,199,2025-06-21,Low,Pending
BR003950,TMS005057,C00055,Engineering,275,2025-06-19,High,Pending
BR003951,TMS005058,C00072,Engineering,86,2025-06-16,Low,Pending
BR003952,TMS005059,C00037,Engineering,112,2025-06-23,High,Pending
BR003953,TMS005060,C00009,Engineering,193,2025-06-06,Low,Pending
BR003954,TMS005062,C00077,Engineering,154,2025-06-25,High,Pending
BR003955,TMS005063,C00087,Engineering,211,2025-06-08,Medium,Pending
BR003956,TMS005064,C00070,Engineering,218,2025-06-09,Low,Pending
BR003957,TMS005065,C00014,Engineering,149,2025-06-22,Low,Pending
BR003958,TMS005066,C00058,Engineering,218,2025-06-22,Low,Pending
BR003959,TMS005067,C00099,Engineering,200,2025-06-08,Low,Pending
BR003960,TMS005070,C00023,Engineering,345,2025-06-11,High,Pending
BR003961,TMS005072,C00006,Engineering,262,2025-06-09,Low,Pending
BR003962,TMS005073,C00020,Engineering,128,2025-06-12,Medium,Pending
BR003963,TMS005074,C00003,Engineering,80,2025-06-10,Low,Pending
BR003964,TMS005076,C00009,Engineering,126,2025-06-10,High,Pending
BR003965,TMS005079,C00095,Engineering,187,2025-06-18,High,Pending
BR003966,TMS005080,C00009,Engineering,107,2025-06-04,Low,Pending
BR003967,TMS005081,C00097,Engineering,157,2025-06-25,High,Pending
BR003968,TMS005083,C00071,Engineering,88,2025-06-01,Low,Pending
BR003969,TMS005085,C00088,Engineering,83,2025-06-07,Low,Pending
BR003970,TMS005086,C00096,Engineering,138,2025-06-12,Low,Pending
BR003971,TMS005087,C00071,Engineering,225,2025-06-25,High,Pending
BR003972,TMS005089,C00091,Engineering,200,2025-06-16,High,Pending
BR003973,TMS005090,C00077,Engineering,141,2025-06-29,Low,Pending
BR003974,TMS005091,C00067,Engineering,57,2025-06-20,Low,Pending
BR003975,TMS005092,C00001,Engineering,64,2025-06-06,Critical,Pending
BR003976,TMS005093,C00070,Engineering,192,2025-06-27,High,Pending
BR003977,TMS005094,C00062,Engineering,273,2025-06-30,Critical,Pending
BR003978,TMS005096,C00078,Engineering,241,2025-06-03,Low,Pending
BR003979,TMS005099,C00065,Engineering,199,2025-06-20,High,Pending
BR003980,TMS005100,C00098,Engineering,228,2025-06-18,Low,Pending
BR003981,TMS005101,C00021,Engineering,258,2025-06-08,Medium,Pending
BR003982,TMS005102,C00027,Engineering,98,2025-06-27,Critical,Pending
BR003983,TMS005104,C00023,Engineering,206,2025-06-03,Medium,Pending
BR003984,TMS005105,C00088,Engineering,326,2025-06-16,Critical,Pending
BR003985,TMS005106,C00063,Engineering,119,2025-06-11,Critical,Pending
BR003986,TMS005107,C00073,Engineering,76,2025-06-27,Low,Pending
BR003987,TMS005108,C00017,Engineering,172,2025-06-15,Critical,Pending
BR003988,TMS005109,C00016,Engineering,235,2025-06-26,Low,Pending
BR003989,TMS005111,C00073,Engineering,108,2025-06-10,Low,Pending
BR003990,TMS005112,C00033,Engineering,187,2025-06-18,Medium,Pending
BR003991,TMS005113,C00052,Engineering,94,2025-06-07,High,Pending
BR003992,TMS005114,C00046,Engineering,134,2025-06-18,Medium,Pending
BR003993,TMS005115,C00009,Engineering,162,2025-06-15,Low,Pending
BR003994,TMS005116,C00027,Engineering,142,2025-06-20,Medium,Pending
BR003995,TMS005117,C00074,Engineering,115,2025-06-25,Medium,Pending
BR003996,TMS005120,C00098,Engineering,74,2025-06-13,Low,Pending
BR003997,TMS005121,C00091,Engineering,140,2025-06-01,Low,Pending
BR003998,TMS005122,C00062,Engineering,218,2025-06-19,Medium,Pending
BR003999,TMS005125,C00057,Engineering,168,2025-06-12,Low,Pending
BR004000,TMS005126,C00014,Engineering,94,2025-06-23,High,Pending
BR004001,TMS005127,C00042,Engineering,152,2025-06-02,Low,Pending
BR004002,TMS005128,C00088,Engineering,142,2025-06-28,High,Pending
BR004003,TMS005129,C00013,Engineering,201,2025-06-06,Low,Pending
BR004004,TMS005130,C00052,Engineering,248,2025-06-15,Medium,Pending
BR004005,TMS005131,C00041,Engineering,56,2025-06-26,High,Pending
BR004006,TMS005132,C00092,Engineering,72,2025-06-18,High,Pending
BR004007,TMS005133,C00003,Engineering,152,2025-06-03,Medium,Pending
BR004008,TMS005135,C00014,Engineering,219,2025-06-24,Medium,Pending
BR004009,TMS005138,C00066,Engineering,213,2025-06-25,Critical,Pending
BR004010,TMS005139,C00094,Engineering,118,2025-06-28,Low,Pending
BR004011,TMS005140,C00068,Engineering,108,2025-06-13,High,Pending
BR004012,TMS005141,C00091,Engineering,139,2025-06-28,Medium,Pending
BR004013,TMS005143,C00005,Engineering,187,2025-06-07,High,Pending
BR004014,TMS005144,C00016,Engineering,174,2025-06-12,Low,Pending
BR004015,TMS005146,C00012,Engineering,191,2025-06-26,Medium,Pending
BR004016,TMS005147,C00080,Engineering,131,2025-06-21,Medium,Pending
BR004017,TMS005148,C00064,Engineering,181,2025-06-14,Low,Pending
BR004018,TMS005150,C00014,Engineering,142,2025-06-26,Medium,Pending
BR004019,TMS005152,C00048,Engineering,101,2025-06-05,Medium,Pending
BR004020,TMS005153,C00087,Engineering,121,2025-06-29,Medium,Pending
BR004021,TMS005154,C00014,Engineering,137,2025-06-23,Low,Pending
BR004022,TMS005155,C00068,Engineering,158,2025-06-29,Low,Pending
BR004023,TMS005157,C00047,Engineering,135,2025-06-21,High,Pending
BR004024,TMS005158,C00049,Engineering,174,2025-06-01,High,Pending
BR004025,TMS005159,C00026,Engineering,240,2025-06-06,Medium,Pending
BR004026,TMS005161,C00028,Engineering,223,2025-06-07,Low,Pending
BR004027,TMS005162,C00021,Engineering,268,2025-06-25,Medium,Pending
BR004028,TMS005163,C00060,Engineering,70,2025-06-15,Low,Pending
BR004029,TMS005164,C00063,Engineering,184,2025-06-25,High,Pending
BR004030,TMS005165,C00048,Engineering,238,2025-06-09,High,Pending
BR004031,TMS005166,C00059,Engineering,162,2025-06-07,Low,Pending
BR004032,TMS005167,C00037,Engineering,127,2025-06-18,Medium,Pending
BR004033,TMS005168,C00022,Engineering,57,2025-06-28,Medium,Pending
BR004034,TMS005170,C00085,Engineering,148,2025-06-21,Low,Pending
BR004035,TMS005171,C00010,Engineering,166,2025-06-26,Low,Pending
BR004036,TMS005172,C00073,Engineering,182,2025-06-19,Low,Pending
BR004037,TMS005173,C00096,Engineering,199,2025-06-11,Medium,Pending
BR004038,TMS005174,C00079,Engineering,237,2025-06-16,Low,Pending
BR004039,TMS005175,C00076,Engineering,222,2025-06-22,High,Pending
BR004040,TMS005178,C00035,Engineering,223,2025-06-03,Medium,Pending
BR004041,TMS005180,C00066,Engineering,112,2025-06-21,Medium,Pending
BR004042,TMS005181,C00073,Engineering,307,2025-06-28,Low,Pending
BR004043,TMS005182,C00036,Engineering,227,2025-06-20,High,Pending
BR004044,TMS005184,C00009,Engineering,216,2025-06-16,Medium,Pending
BR004045,TMS005185,C00041,Engineering,37,2025-06-27,Medium,Pending
BR004046,TMS005186,C00096,Engineering,66,2025-06-21,Low,Pending
BR004047,TMS005187,C00100,Engineering,291,2025-06-26,High,Pending
BR004048,TMS005189,C00077,Engineering,206,2025-06-27,Critical,Pending
BR004049,TMS005190,C00070,Engineering,182,2025-06-20,Medium,Pending
BR004050,TMS005191,C00041,Engineering,147,2025-06-22,Medium,Pending
BR004051,TMS005192,C00028,Engineering,164,2025-06-21,Low,Pending
BR004052,TMS005193,C00043,Engineering,192,2025-06-28,Low,Pending
BR004053,TMS005194,C00043,Engineering,275,2025-06-20,Medium,Pending
BR004054,TMS005195,C00020,Engineering,149,2025-06-12,Medium,Pending
BR004055,TMS005196,C00042,Engineering,134,2025-06-05,Low,Pending
BR004056,TMS005197,C00045,Engineering,288,2025-06-08,Low,Pending
BR004057,TMS005198,C00024,Engineering,152,2025-06-10,Medium,Pending
BR004058,TMS005199,C00082,Engineering,107,2025-06-29,Low,Pending
BR004059,TMS005201,C00088,Engineering,196,2025-06-06,Medium,Pending
BR004060,TMS005204,C00038,Engineering,233,2025-06-08,Medium,Pending
BR004061,TMS005205,C00055,Engineering,190,2025-06-03,Low,Pending
BR004062,TMS005206,C00051,Engineering,215,2025-06-28,Medium,Pending
BR004063,TMS005207,C00050,Engineering,99,2025-06-12,Low,Pending
BR004064,TMS005209,C00052,Engineering,94,2025-06-26,Critical,Pending
BR004065,TMS005210,C00096,Engineering,147,2025-06-11,Medium,Pending
BR004066,TMS005211,C00016,Engineering,80,2025-06-30,Medium,Pending
BR004067,TMS005212,C00064,Engineering,220,2025-06-30,Critical,Pending
BR004068,TMS005214,C00042,Engineering,139,2025-06-03,Low,Pending
BR004069,TMS005218,C00029,Engineering,230,2025-06-04,Low,Pending
BR004070,TMS005220,C00009,Engineering,179,2025-06-06,High,Pending
BR004071,TMS005221,C00090,Engineering,112,2025-06-17,Low,Pending
BR004072,TMS005222,C00064,Engineering,54,2025-06-28,Critical,Pending
BR004073,TMS005223,C00034,Engineering,241,2025-06-26,Critical,Pending
BR004074,TMS005224,C00019,Engineering,240,2025-06-09,Low,Pending
BR004075,TMS005225,C00064,Engineering,238,2025-06-02,High,Pending
BR004076,TMS005226,C00050,Engineering,270,2025-06-09,Medium,Pending
BR004077,TMS005228,C00066,Engineering,182,2025-06-29,Low,Pending
BR004078,TMS005230,C00069,Engineering,223,2025-06-05,High,Pending
BR004079,TMS005231,C00051,Engineering,220,2025-06-13,Low,Pending
BR004080,TMS005232,C00049,Engineering,117,2025-06-29,Medium,Pending
BR004081,TMS005233,C00099,Engineering,357,2025-06-12,High,Pending
BR004082,TMS005234,C00056,Engineering,73,2025-06-15,High,Pending
BR004083,TMS005235,C00057,Engineering,123,2025-06-20,High,Pending
BR004084,TMS005236,C00057,Engineering,81,2025-06-27,Low,Pending
BR004085,TMS005237,C00011,Engineering,245,2025-06-24,Medium,Pending
BR004086,TMS005238,C00031,Engineering,155,2025-06-20,Low,Pending
BR004087,TMS005240,C00023,Engineering,200,2025-06-06,Low,Pending
BR004088,TMS005243,C00060,Engineering,309,2025-06-10,Critical,Pending
BR004089,TMS005244,C00011,Engineering,90,2025-06-02,Low,Pending
BR004090,TMS005245,C00007,Engineering,195,2025-06-28,Low,Pending
BR004091,TMS005246,C00014,Engineering,248,2025-06-19,High,Pending
BR004092,TMS005247,C00098,Engineering,203,2025-06-03,Medium,Pending
BR004093,TMS005248,C00072,Engineering,169,2025-06-13,Low,Pending
BR004094,TMS005249,C00095,Engineering,72,2025-06-21,High,Pending
BR004095,TMS005250,C00004,Engineering,142,2025-06-28,Low,Pending
BR004096,TMS005251,C00057,Engineering,116,2025-06-26,Low,Pending
BR004097,TMS005252,C00100,Engineering,80,2025-06-07,Medium,Pending
BR004098,TMS005255,C00077,Engineering,142,2025-06-13,High,Pending
BR004099,TMS005256,C00033,Engineering,46,2025-06-23,Low,Pending
BR004100,TMS005257,C00078,Engineering,69,2025-06-19,Medium,Pending
BR004101,TMS005258,C00080,Engineering,45,2025-06-27,Low,Pending
BR004102,TMS005262,C00067,Engineering,176,2025-06-23,Low,Pending
BR004103,TMS005263,C00066,Engineering,156,2025-06-11,Low,Pending
BR004104,TMS005264,C00041,Engineering,157,2025-06-18,Low,Pending
BR004105,TMS005265,C00042,Engineering,266,2025-06-26,Low,Pending
BR004106,TMS005266,C00075,Engineering,151,2025-06-26,Medium,Pending
BR004107,TMS005271,C00073,Engineering,87,2025-06-25,Medium,Pending
BR004108,TMS005272,C00084,Engineering,280,2025-06-20,Low,Pending
BR004109,TMS005274,C00030,Engineering,77,2025-06-13,Medium,Pending
BR004110,TMS005275,C00029,Engineering,43,2025-06-04,High,Pending
BR004111,TMS005276,C00038,Engineering,269,2025-06-13,Critical,Pending
BR004112,TMS005277,C00088,Engineering,160,2025-06-16,High,Pending
BR004113,TMS005278,C00030,Engineering,37,2025-06-21,Medium,Pending
BR004114,TMS005279,C00033,Engineering,101,2025-06-04,Low,Pending
BR004115,TMS005280,C00085,Engineering,229,2025-06-19,Medium,Pending
BR004116,TMS005282,C00012,Engineering,120,2025-06-15,Low,Pending
BR004117,TMS005286,C00086,Engineering,237,2025-06-19,Low,Pending
BR004118,TMS005287,C00094,Engineering,269,2025-06-23,High,Pending
BR004119,TMS005288,C00046,Engineering,267,2025-06-14,Medium,Pending
BR004120,TMS005289,C00088,Engineering,126,2025-06-28,Medium,Pending
BR004121,TMS005290,C00097,Engineering,234,2025-06-21,High,Pending
BR004122,TMS005292,C00002,Engineering,183,2025-06-30,Medium,Pending
BR004123,TMS005294,C00087,Engineering,59,2025-06-05,Medium,Pending
BR004124,TMS005295,C00058,Engineering,91,2025-06-09,Low,Pending
BR004125,TMS005296,C00053,Engineering,230,2025-06-07,Medium,Pending
BR004126,TMS005299,C00057,Engineering,219,2025-06-03,Critical,Pending
BR004127,TMS005300,C00088,Engineering,132,2025-06-03,Medium,Pending
BR004128,TMS005302,C00051,Engineering,254,2025-06-15,Critical,Pending
BR004129,TMS005303,C00096,Engineering,215,2025-06-01,Low,Pending
BR004130,TMS005304,C00048,Engineering,210,2025-06-26,Low,Pending
BR004131,TMS005305,C00049,Engineering,168,2025-06-26,High,Pending
BR004132,TMS005309,C00037,Engineering,125,2025-06-05,Low,Pending
BR004133,TMS005310,C00004,Engineering,311,2025-06-24,Critical,Pending
BR004134,TMS005311,C00045,Engineering,206,2025-06-18,Low,Pending
BR004135,TMS005313,C00059,Engineering,213,2025-06-14,Medium,Pending
BR004136,TMS005315,C00063,Engineering,300,2025-06-18,High,Pending
BR004137,TMS005317,C00014,Engineering,45,2025-06-08,Low,Pending
BR004138,TMS005318,C00096,Engineering,97,2025-06-12,High,Pending
BR004139,TMS005319,C00058,Engineering,139,2025-06-11,Low,Pending
BR004140,TMS005320,C00079,Engineering,214,2025-06-14,Medium,Pending
BR004141,TMS005321,C00097,Engineering,38,2025-06-07,Low,Pending
BR004142,TMS005322,C00033,Engineering,113,2025-06-19,Low,Pending
BR004143,TMS005323,C00028,Engineering,211,2025-06-19,Medium,Pending
BR004144,TMS005325,C00095,Engineering,313,2025-06-23,High,Pending
BR004145,TMS005327,C00049,Engineering,72,2025-06-14,Low,Pending
BR004146,TMS005328,C00062,Engineering,159,2025-06-14,Medium,Pending
BR004147,TMS005329,C00064,Engineering,253,2025-06-25,Medium,Pending
BR004148,TMS005330,C00034,Engineering,283,2025-06-25,Low,Pending
BR004149,TMS005331,C00082,Engineering,298,2025-06-19,Low,Pending
BR004150,TMS005333,C00094,Engineering,248,2025-06-09,Low,Pending
BR004151,TMS005334,C00039,Engineering,216,2025-06-18,High,Pending
BR004152,TMS005335,C00041,Engineering,158,2025-06-03,Medium,Pending
BR004153,TMS005336,C00036,Engineering,187,2025-06-04,Critical,Pending
BR004154,TMS005338,C00098,Engineering,86,2025-06-04,Low,Pending
BR004155,TMS005339,C00071,Engineering,181,2025-06-21,Medium,Pending
BR004156,TMS005340,C00048,Engineering,120,2025-06-12,Medium,Pending
BR004157,TMS005341,C00046,Engineering,84,2025-06-24,Low,Pending
BR004158,TMS005343,C00018,Engineering,87,2025-06-16,Low,Pending
BR004159,TMS005344,C00093,Engineering,291,2025-06-28,High,Pending
BR004160,TMS005345,C00052,Engineering,316,2025-06-24,High,Pending
BR004161,TMS005346,C00084,Engineering,299,2025-06-22,Medium,Pending
BR004162,TMS005347,C00087,Engineering,259,2025-06-10,Low,Pending
BR004163,TMS005348,C00049,Engineering,80,2025-06-06,High,Pending
BR004164,TMS005349,C00083,Engineering,61,2025-06-28,Medium,Pending
BR004165,TMS005350,C00042,Engineering,188,2025-06-16,Medium,Pending
BR004166,TMS005351,C00071,Engineering,160,2025-06-27,Low,Pending
BR004167,TMS005352,C00093,Engineering,252,2025-06-01,Critical,Pending
BR004168,TMS005354,C00032,Engineering,98,2025-06-05,Low,Pending
BR004169,TMS005355,C00081,Engineering,190,2025-06-21,High,Pending
BR004170,TMS005356,C00068,Engineering,231,2025-06-18,High,Pending
BR004171,TMS005358,C00050,Engineering,75,2025-06-15,High,Pending
BR004172,TMS005359,C00098,Engineering,189,2025-06-08,High,Pending
BR004173,TMS005360,C00002,Engineering,245,2025-06-25,Medium,Pending
BR004174,TMS005362,C00100,Engineering,258,2025-06-07,Medium,Pending
BR004175,TMS005363,C00024,Engineering,167,2025-06-01,Medium,Pending
BR004176,TMS005364,C00043,Engineering,230,2025-06-26,Low,Pending
BR004177,TMS005365,C00080,Engineering,229,2025-06-20,Medium,Pending
BR004178,TMS005366,C00086,Engineering,40,2025-06-17,Medium,Pending
BR004179,TMS005367,C00047,Engineering,102,2025-06-10,Medium,Pending
BR004180,TMS005368,C00098,Engineering,223,2025-06-07,High,Pending
BR004181,TMS005369,C00038,Engineering,119,2025-06-19,Low,Pending
BR004182,TMS005370,C00054,Engineering,174,2025-06-18,Medium,Pending
BR004183,TMS005371,C00002,Engineering,184,2025-06-09,Low,Pending
BR004184,TMS005372,C00025,Engineering,188,2025-06-07,High,Pending
BR004185,TMS005373,C00046,Engineering,172,2025-06-17,Medium,Pending
BR004186,TMS005374,C00097,Engineering,158,2025-06-22,Low,Pending
BR004187,TMS005376,C00071,Engineering,187,2025-06-05,Low,Pending
BR004188,TMS005378,C00064,Engineering,107,2025-06-28,Low,Pending
BR004189,TMS005379,C00025,Engineering,81,2025-06-03,Medium,Pending
BR004190,TMS005380,C00082,Engineering,93,2025-06-27,Medium,Pending
BR004191,TMS005381,C00092,Engineering,76,2025-06-08,Medium,Pending
BR004192,TMS005382,C00048,Engineering,175,2025-06-05,High,Pending
BR004193,TMS005383,C00036,Engineering,171,2025-06-28,Medium,Pending
BR004194,TMS005384,C00037,Engineering,38,2025-06-21,Low,Pending
BR004195,TMS005385,C00081,Engineering,128,2025-06-17,Low,Pending
BR004196,TMS005386,C00080,Engineering,131,2025-06-11,Medium,Pending
BR004197,TMS005388,C00040,Engineering,92,2025-06-28,Low,Pending
BR004198,TMS005389,C00038,Engineering,297,2025-06-25,Critical,Pending
BR004199,TMS005390,C00071,Engineering,58,2025-06-14,Low,Pending
BR004200,TMS005391,C00081,Engineering,145,2025-06-02,High,Pending
BR004201,TMS005392,C00092,Engineering,149,2025-06-01,Medium,Pending
BR004202,TMS005393,C00096,Engineering,259,2025-06-21,Critical,Pending
BR004203,TMS005394,C00015,Engineering,52,2025-06-27,Low,Pending
BR004204,TMS005395,C00034,Engineering,71,2025-06-20,Low,Pending
BR004205,TMS005396,C00087,Engineering,290,2025-06-25,Critical,Pending
BR004206,TMS005397,C00095,Engineering,208,2025-06-24,Medium,Pending
BR004207,TMS005398,C00084,Engineering,63,2025-06-06,Low,Pending
BR004208,TMS005399,C00027,Engineering,138,2025-06-10,High,Pending
BR004209,TMS005401,C00022,Engineering,198,2025-06-09,Medium,Pending
BR004210,TMS005402,C00016,Engineering,60,2025-06-24,Medium,Pending
BR004211,TMS005403,C00042,Engineering,285,2025-06-13,High,Pending
BR004212,TMS005404,C00027,Engineering,41,2025-06-23,Medium,Pending
BR004213,TMS005405,C00022,Engineering,70,2025-06-22,Low,Pending
BR004214,TMS005406,C00086,Engineering,100,2025-06-17,Low,Pending
BR004215,TMS005407,C00044,Engineering,187,2025-06-15,Low,Pending
BR004216,TMS005408,C00092,Engineering,101,2025-06-13,Low,Pending
BR004217,TMS005409,C00096,Engineering,153,2025-06-17,Medium,Pending
BR004218,TMS005410,C00027,Engineering,144,2025-06-05,Low,Pending
BR004219,TMS005411,C00071,Engineering,182,2025-06-12,Critical,Pending
BR004220,TMS005412,C00023,Engineering,169,2025-06-07,Low,Pending
BR004221,TMS005413,C00082,Engineering,54,2025-06-06,Medium,Pending
BR004222,TMS005414,C00096,Engineering,166,2025-06-25,Medium,Pending
BR004223,TMS005417,C00090,Engineering,178,2025-06-20,Low,Pending
BR004224,TMS005418,C00039,Engineering,221,2025-06-08,Critical,Pending
BR004225,TMS005419,C00086,Engineering,117,2025-06-26,High,Pending
BR004226,TMS005421,C00048,Engineering,151,2025-06-22,Medium,Pending
BR004227,TMS005422,C00074,Engineering,73,2025-06-21,High,Pending
BR004228,TMS005423,C00060,Engineering,97,2025-06-12,Low,Pending
BR004229,TMS005424,C00027,Engineering,223,2025-06-29,High,Pending
BR004230,TMS005426,C00097,Engineering,93,2025-06-25,Low,Pending
BR004231,TMS005428,C00010,Engineering,137,2025-06-10,High,Pending
BR004232,TMS005429,C00074,Engineering,187,2025-06-01,Low,Pending
BR004233,TMS005431,C00009,Engineering,143,2025-06-14,High,Pending
BR004234,TMS005432,C00059,Engineering,98,2025-06-17,High,Pending
BR004235,TMS005433,C00015,Engineering,245,2025-06-09,High,Pending
BR004236,TMS005434,C00066,Engineering,49,2025-06-16,Low,Pending
BR004237,TMS005435,C00092,Engineering,140,2025-06-02,Medium,Pending
BR004238,TMS005436,C00049,Engineering,35,2025-06-22,High,Pending
BR004239,TMS005437,C00085,Engineering,264,2025-06-25,Low,Pending
BR004240,TMS005440,C00005,Engineering,64,2025-06-28,Medium,Pending
BR004241,TMS005441,C00037,Engineering,185,2025-06-19,Low,Pending
BR004242,TMS005442,C00037,Engineering,206,2025-06-26,Low,Pending
BR004243,TMS005443,C00010,Engineering,61,2025-06-06,Low,Pending
BR004244,TMS005444,C00057,Engineering,102,2025-06-01,Low,Pending
BR004245,TMS005445,C00047,Engineering,116,2025-06-27,Critical,Pending
BR004246,TMS005447,C00026,Engineering,228,2025-06-03,Low,Pending
BR004247,TMS005449,C00032,Engineering,257,2025-06-20,Critical,Pending
BR004248,TMS005450,C00016,Engineering,234,2025-06-17,Medium,Pending
BR004249,TMS005452,C00080,Engineering,103,2025-06-27,Medium,Pending
BR004250,TMS005453,C00029,Engineering,253,2025-06-19,High,Pending
BR004251,TMS005454,C00016,Engineering,102,2025-06-15,Medium,Pending
BR004252,TMS005455,C00007,Engineering,74,2025-06-29,Medium,Pending
BR004253,TMS005457,C00053,Engineering,153,2025-06-13,Critical,Pending
BR004254,TMS005458,C00020,Engineering,233,2025-06-29,Medium,Pending
BR004255,TMS005459,C00063,Engineering,183,2025-06-11,Medium,Pending
BR004256,TMS005460,C00096,Engineering,234,2025-06-27,Critical,Pending
BR004257,TMS005461,C00091,Engineering,46,2025-06-04,Low,Pending
BR004258,TMS005462,C00014,Engineering,151,2025-06-04,Low,Pending
BR004259,TMS005463,C00092,Engineering,113,2025-06-14,Low,Pending
BR004260,TMS005464,C00065,Engineering,230,2025-06-29,Low,Pending
BR004261,TMS005465,C00052,Engineering,107,2025-06-09,Medium,Pending
BR004262,TMS005466,C00017,Engineering,153,2025-06-29,Low,Pending
BR004263,TMS005467,C00089,Engineering,61,2025-06-09,Medium,Pending
BR004264,TMS005468,C00069,Engineering,223,2025-06-19,Low,Pending
BR004265,TMS005469,C00041,Engineering,179,2025-06-07,High,Pending
BR004266,TMS005470,C00030,Engineering,86,2025-06-11,Critical,Pending
BR004267,TMS005471,C00007,Engineering,187,2025-06-10,High,Pending
BR004268,TMS005472,C00071,Engineering,220,2025-06-02,Critical,Pending
BR004269,TMS005473,C00032,Engineering,326,2025-06-15,Critical,Pending
BR004270,TMS005475,C00074,Engineering,190,2025-06-26,Low,Pending
BR004271,TMS005477,C00046,Engineering,169,2025-06-29,High,Pending
BR004272,TMS005478,C00077,Engineering,187,2025-06-19,Low,Pending
BR004273,TMS005479,C00031,Engineering,55,2025-06-18,Low,Pending
BR004274,TMS005480,C00035,Engineering,221,2025-06-04,High,Pending
BR004275,TMS005481,C00052,Engineering,114,2025-06-17,Medium,Pending
BR004276,TMS005482,C00076,Engineering,143,2025-06-22,High,Pending
BR004277,TMS005483,C00098,Engineering,195,2025-06-29,Medium,Pending
BR004278,TMS005484,C00075,Engineering,186,2025-06-22,Medium,Pending
BR004279,TMS005485,C00006,Engineering,144,2025-06-04,Critical,Pending
BR004280,TMS005486,C00050,Engineering,49,2025-06-05,High,Pending
BR004281,TMS005487,C00015,Engineering,128,2025-06-15,High,Pending
BR004282,TMS005488,C00012,Engineering,238,2025-06-18,High,Pending
BR004283,TMS005489,C00060,Engineering,159,2025-06-18,Low,Pending
BR004284,TMS005491,C00092,Engineering,183,2025-06-23,High,Pending
BR004285,TMS005492,C00023,Engineering,99,2025-06-05,Low,Pending
BR004286,TMS005493,C00094,Engineering,204,2025-06-21,Low,Pending
BR004287,TMS005496,C00079,Engineering,209,2025-06-06,Low,Pending
BR004288,TMS005497,C00097,Engineering,105,2025-06-30,Low,Pending
BR004289,TMS005498,C00046,Engineering,149,2025-06-20,High,Pending
BR004290,TMS005499,C00018,Engineering,175,2025-06-19,High,Pending
BR004291,TMS005500,C00067,Engineering,220,2025-06-13,High,Pending
BR004292,TMS005501,C00086,Engineering,163,2025-06-09,Medium,Pending
BR004293,TMS005502,C00046,Engineering,218,2025-06-28,Low,Pending
BR004294,TMS005503,C00032,Engineering,187,2025-06-27,Low,Pending
BR004295,TMS005504,C00048,Engineering,57,2025-06-06,Low,Pending
BR004296,TMS005505,C00092,Engineering,107,2025-06-04,Medium,Pending
BR004297,TMS005506,C00030,Engineering,231,2025-06-14,Medium,Pending
BR004298,TMS005507,C00069,Engineering,271,2025-06-01,Low,Pending
BR004299,TMS005508,C00035,Engineering,262,2025-06-16,High,Pending
BR004300,TMS005509,C00089,Engineering,206,2025-06-13,High,Pending
BR004301,TMS005510,C00026,Engineering,195,2025-06-15,Medium,Pending
BR004302,TMS005511,C00046,Engineering,53,2025-06-14,Critical,Pending
BR004303,TMS005512,C00006,Engineering,143,2025-06-20,Medium,Pending
BR004304,TMS005513,C00066,Engineering,54,2025-06-20,Medium,Pending
BR004305,TMS005514,C00015,Engineering,148,2025-06-14,Low,Pending
BR004306,TMS005515,C00071,Engineering,247,2025-06-08,Low,Pending
BR004307,TMS005516,C00067,Engineering,98,2025-06-24,Medium,Pending
BR004308,TMS005517,C00079,Engineering,35,2025-06-23,Medium,Pending
BR004309,TMS005518,C00012,Engineering,235,2025-06-08,Medium,Pending
BR004310,TMS005521,C00061,Engineering,217,2025-06-22,High,Pending
BR004311,TMS005522,C00026,Engineering,204,2025-06-10,High,Pending
BR004312,TMS005523,C00022,Engineering,205,2025-06-05,Low,Pending
BR004313,TMS005524,C00050,Engineering,101,2025-06-16,Medium,Pending
BR004314,TMS005525,C00018,Engineering,108,2025-06-06,Low,Pending
BR004315,TMS005526,C00023,Engineering,297,2025-06-28,High,Pending
BR004316,TMS005527,C00097,Engineering,88,2025-06-24,Medium,Pending
BR004317,TMS005529,C00052,Engineering,184,2025-06-08,Medium,Pending
BR004318,TMS005530,C00013,Engineering,110,2025-06-19,High,Pending
BR004319,TMS005531,C00057,Engineering,93,2025-06-18,High,Pending
BR004320,TMS005532,C00048,Engineering,200,2025-06-09,Medium,Pending
BR004321,TMS005533,C00075,Engineering,42,2025-06-20,Critical,Pending
BR004322,TMS005534,C00045,Engineering,197,2025-06-28,Low,Pending
BR004323,TMS005535,C00083,Engineering,122,2025-06-19,High,Pending
BR004324,TMS005536,C00005,Engineering,59,2025-06-28,Medium,Pending
BR004325,TMS005537,C00057,Engineering,118,2025-06-26,High,Pending
BR004326,TMS005538,C00018,Engineering,82,2025-06-06,Low,Pending
BR004327,TMS005539,C00031,Engineering,181,2025-06-10,Medium,Pending
BR004328,TMS005540,C00095,Engineering,75,2025-06-13,Medium,Pending
BR004329,TMS005542,C00079,Engineering,219,2025-06-24,Medium,Pending
BR004330,TMS005543,C00041,Engineering,45,2025-06-01,Low,Pending
BR004331,TMS005544,C00015,Engineering,151,2025-06-01,High,Pending
BR004332,TMS005545,C00036,Engineering,158,2025-06-15,Low,Pending
BR004333,TMS005548,C00098,Engineering,42,2025-06-26,Low,Pending
BR004334,TMS005549,C00076,Engineering,129,2025-06-27,Low,Pending
BR004335,TMS005550,C00089,Engineering,214,2025-06-10,Critical,Pending
BR004336,TMS005551,C00064,Engineering,98,2025-06-08,Medium,Pending
BR004337,TMS005553,C00005,Engineering,210,2025-06-04,Medium,Pending
BR004338,TMS005554,C00088,Engineering,161,2025-06-28,Medium,Pending
BR004339,TMS005555,C00038,Engineering,343,2025-06-21,Medium,Pending
BR004340,TMS005556,C00088,Engineering,43,2025-06-27,Medium,Pending
BR004341,TMS005557,C00086,Engineering,42,2025-06-18,High,Pending
BR004342,TMS005558,C00029,Engineering,143,2025-06-08,High,Pending
BR004343,TMS005559,C00086,Engineering,214,2025-06-22,High,Pending
BR004344,TMS005560,C00093,Engineering,159,2025-06-13,Medium,Pending
BR004345,TMS005562,C00093,Engineering,55,2025-06-16,Medium,Pending
BR004346,TMS005563,C00062,Engineering,140,2025-06-12,Low,Pending
BR004347,TMS005564,C00015,Engineering,160,2025-06-17,Medium,Pending
BR004348,TMS005565,C00010,Engineering,146,2025-06-25,Low,Pending
BR004349,TMS005566,C00097,Engineering,109,2025-06-24,Low,Pending
BR004350,TMS005567,C00006,Engineering,274,2025-06-15,High,Pending
BR004351,TMS005568,C00012,Engineering,171,2025-06-27,Critical,Pending
BR004352,TMS005569,C00070,Engineering,181,2025-06-17,Low,Pending
BR004353,TMS005571,C00062,Engineering,262,2025-06-24,Low,Pending
BR004354,TMS005575,C00006,Engineering,82,2025-06-24,High,Pending
BR004355,TMS005576,C00081,Engineering,180,2025-06-26,Low,Pending
BR004356,TMS005578,C00088,Engineering,180,2025-06-21,High,Pending
BR004357,TMS005579,C00097,Engineering,141,2025-06-24,Medium,Pending
BR004358,TMS005580,C00061,Engineering,45,2025-06-21,Critical,Pending
BR004359,TMS005581,C00081,Engineering,60,2025-06-13,Medium,Pending
BR004360,TMS005582,C00028,Engineering,115,2025-06-27,Low,Pending
BR004361,TMS005583,C00026,Engineering,106,2025-06-04,Medium,Pending
BR004362,TMS005585,C00046,Engineering,275,2025-06-10,High,Pending
BR004363,TMS005586,C00081,Engineering,127,2025-06-18,Critical,Pending
BR004364,TMS005588,C00082,Engineering,41,2025-06-17,Low,Pending
BR004365,TMS005589,C00098,Engineering,144,2025-06-25,Low,Pending
BR004366,TMS005590,C00055,Engineering,231,2025-06-04,High,Pending
BR004367,TMS005591,C00091,Engineering,271,2025-06-24,Critical,Pending
BR004368,TMS005593,C00035,Engineering,276,2025-06-22,Medium,Pending
BR004369,TMS005594,C00086,Engineering,288,2025-06-29,Low,Pending
BR004370,TMS005595,C00006,Engineering,174,2025-06-07,Medium,Pending
BR004371,TMS005596,C00013,Engineering,175,2025-06-19,High,Pending
BR004372,TMS005598,C00032,Engineering,44,2025-06-20,Medium,Pending
BR004373,TMS005599,C00014,Engineering,64,2025-06-08,High,Pending
BR004374,TMS005602,C00014,Engineering,77,2025-06-06,Medium,Pending
BR004375,TMS005603,C00037,Engineering,141,2025-06-25,Low,Pending
BR004376,TMS005605,C00049,Engineering,75,2025-06-03,Medium,Pending
BR004377,TMS005606,C00086,Engineering,34,2025-06-29,Medium,Pending
BR004378,TMS005607,C00042,Engineering,258,2025-06-13,Low,Pending
BR004379,TMS005608,C00007,Engineering,360,2025-06-19,Critical,Pending
BR004380,TMS005609,C00033,Engineering,99,2025-06-05,High,Pending
BR004381,TMS005610,C00097,Engineering,188,2025-06-11,Medium,Pending
BR004382,TMS005612,C00019,Engineering,109,2025-06-26,Critical,Pending
BR004383,TMS005613,C00059,Engineering,235,2025-06-12,Critical,Pending
BR004384,TMS005615,C00053,Engineering,136,2025-06-05,Low,Pending
BR004385,TMS005616,C00041,Engineering,54,2025-06-22,High,Pending
BR004386,TMS005617,C00070,Engineering,289,2025-06-20,Medium,Pending
BR004387,TMS005618,C00026,Engineering,164,2025-06-20,Low,Pending
BR004388,TMS005619,C00013,Engineering,200,2025-06-07,Medium,Pending
BR004389,TMS005620,C00084,Engineering,161,2025-06-04,High,Pending
BR004390,TMS005621,C00070,Engineering,62,2025-06-13,Medium,Pending
BR004391,TMS005622,C00040,Engineering,211,2025-06-02,High,Pending
BR004392,TMS005623,C00008,Engineering,253,2025-06-04,High,Pending
BR004393,TMS005625,C00086,Engineering,279,2025-06-30,Critical,Pending
BR004394,TMS005626,C00078,Engineering,54,2025-06-10,Medium,Pending
BR004395,TMS005627,C00008,Engineering,151,2025-06-20,Medium,Pending
BR004396,TMS005628,C00090,Engineering,149,2025-06-29,High,Pending
BR004397,TMS005629,C00026,Engineering,97,2025-06-04,Medium,Pending
BR004398,TMS005630,C00052,Engineering,77,2025-06-19,Critical,Pending
BR004399,TMS005631,C00031,Engineering,94,2025-06-05,High,Pending
BR004400,TMS005633,C00019,Engineering,172,2025-06-16,Medium,Pending
BR004401,TMS005634,C00075,Engineering,103,2025-06-18,High,Pending
BR004402,TMS005635,C00020,Engineering,308,2025-06-24,High,Pending
BR004403,TMS005637,C00050,Engineering,130,2025-06-25,Medium,Pending
BR004404,TMS005638,C00033,Engineering,164,2025-06-05,High,Pending
BR004405,TMS005639,C00042,Engineering,89,2025-06-25,High,Pending
BR004406,TMS005641,C00087,Engineering,200,2025-06-01,Critical,Pending
BR004407,TMS005642,C00007,Engineering,171,2025-06-08,Low,Pending
BR004408,TMS005643,C00091,Engineering,269,2025-06-22,Low,Pending
BR004409,TMS005644,C00088,Engineering,227,2025-06-04,High,Pending
BR004410,TMS005645,C00055,Engineering,324,2025-06-19,Critical,Pending
BR004411,TMS005646,C00078,Engineering,120,2025-06-27,Medium,Pending
BR004412,TMS005647,C00085,Engineering,242,2025-06-05,Medium,Pending
BR004413,TMS005648,C00049,Engineering,188,2025-06-19,Low,Pending
BR004414,TMS005649,C00031,Engineering,42,2025-06-13,Medium,Pending
BR004415,TMS005652,C00096,Engineering,306,2025-06-28,Critical,Pending
BR004416,TMS005653,C00018,Engineering,200,2025-06-21,Low,Pending
BR004417,TMS005657,C00040,Engineering,74,2025-06-08,Low,Pending
BR004418,TMS005658,C00098,Engineering,129,2025-06-05,High,Pending
BR004419,TMS005660,C00045,Engineering,266,2025-06-24,Critical,Pending
BR004420,TMS005661,C00018,Engineering,228,2025-06-25,Medium,Pending
BR004421,TMS005663,C00073,Engineering,262,2025-06-06,High,Pending
BR004422,TMS005665,C00062,Engineering,239,2025-06-16,High,Pending
BR004423,TMS005666,C00096,Engineering,177,2025-06-26,Low,Pending
BR004424,TMS005667,C00045,Engineering,223,2025-06-26,Medium,Pending
BR004425,TMS005668,C00082,Engineering,191,2025-06-11,Low,Pending
BR004426,TMS005669,C00042,Engineering,68,2025-06-03,Low,Pending
BR004427,TMS005670,C00097,Engineering,86,2025-06-27,Medium,Pending
BR004428,TMS005671,C00070,Engineering,265,2025-06-29,High,Pending
BR004429,TMS005672,C00023,Engineering,129,2025-06-23,High,Pending
BR004430,TMS005675,C00098,Engineering,109,2025-06-08,High,Pending
BR004431,TMS005676,C00070,Engineering,205,2025-06-10,High,Pending
BR004432,TMS005677,C00033,Engineering,47,2025-06-29,Low,Pending
BR004433,TMS005678,C00086,Engineering,157,2025-06-20,Medium,Pending
BR004434,TMS005679,C00015,Engineering,129,2025-06-09,Critical,Pending
BR004435,TMS005680,C00023,Engineering,61,2025-06-05,Medium,Pending
BR004436,TMS005681,C00091,Engineering,209,2025-06-29,Low,Pending
BR004437,TMS005684,C00081,Engineering,93,2025-06-25,Medium,Pending
BR004438,TMS005685,C00028,Engineering,294,2025-06-19,Critical,Pending
BR004439,TMS005686,C00097,Engineering,132,2025-06-13,Critical,Pending
BR004440,TMS005687,C00046,Engineering,71,2025-06-20,Medium,Pending
BR004441,TMS005691,C00068,Engineering,263,2025-06-18,Medium,Pending
BR004442,TMS005692,C00095,Engineering,261,2025-06-09,Low,Pending
BR004443,TMS005693,C00067,Engineering,121,2025-06-24,Medium,Pending
BR004444,TMS005695,C00016,Engineering,305,2025-06-19,Critical,Pending
BR004445,TMS005696,C00002,Engineering,127,2025-06-08,Low,Pending
BR004446,TMS005697,C00035,Engineering,73,2025-06-03,Medium,Pending
BR004447,TMS005698,C00082,Engineering,139,2025-06-05,Critical,Pending
BR004448,TMS005700,C00048,Engineering,75,2025-06-28,Low,Pending
BR004449,TMS005701,C00036,Engineering,157,2025-06-14,Low,Pending
BR004450,TMS005703,C00011,Engineering,189,2025-06-18,High,Pending
BR004451,TMS005704,C00083,Engineering,106,2025-06-28,Low,Pending
BR004452,TMS005707,C00047,Engineering,297,2025-06-09,Critical,Pending
BR004453,TMS005708,C00009,Engineering,180,2025-06-14,Medium,Pending
BR004454,TMS005709,C00088,Engineering,107,2025-06-10,Medium,Pending
BR004455,TMS005710,C00008,Engineering,125,2025-06-08,High,Pending
BR004456,TMS005711,C00065,Engineering,204,2025-06-07,Medium,Pending
BR004457,TMS005713,C00060,Engineering,115,2025-06-04,Medium,Pending
BR004458,TMS005714,C00064,Engineering,94,2025-06-08,Low,Pending
BR004459,TMS005715,C00019,Engineering,109,2025-06-17,Low,Pending
BR004460,TMS005717,C00043,Engineering,245,2025-06-07,Low,Pending
BR004461,TMS005718,C00025,Engineering,100,2025-06-24,Low,Pending
BR004462,TMS005719,C00047,Engineering,71,2025-06-20,Medium,Pending
BR004463,TMS005720,C00051,Engineering,166,2025-06-25,Low,Pending
BR004464,TMS005722,C00061,Engineering,66,2025-06-12,Low,Pending
BR004465,TMS005723,C00099,Engineering,47,2025-06-18,Low,Pending
BR004466,TMS005724,C00066,Engineering,156,2025-06-28,Medium,Pending
BR004467,TMS005725,C00046,Engineering,90,2025-06-10,Medium,Pending
BR004468,TMS005726,C00013,Engineering,110,2025-06-27,Medium,Pending
BR004469,TMS005729,C00055,Engineering,172,2025-06-14,Low,Pending
BR004470,TMS005730,C00038,Engineering,204,2025-06-14,High,Pending
BR004471,TMS005732,C00076,Engineering,213,2025-06-03,Low,Pending
BR004472,TMS005733,C00025,Engineering,79,2025-06-02,Medium,Pending
BR004473,TMS005734,C00055,Engineering,90,2025-06-15,Low,Pending
BR004474,TMS005735,C00087,Engineering,49,2025-06-08,Medium,Pending
BR004475,TMS005736,C00005,Engineering,201,2025-06-22,Critical,Pending
BR004476,TMS005737,C00094,Engineering,86,2025-06-26,Critical,Pending
BR004477,TMS005738,C00058,Engineering,104,2025-06-02,Low,Pending
BR004478,TMS005740,C00035,Engineering,153,2025-06-27,High,Pending
BR004479,TMS005741,C00028,Engineering,190,2025-06-22,Critical,Pending
BR004480,TMS005744,C00078,Engineering,250,2025-06-28,Critical,Pending
BR004481,TMS005745,C00032,Engineering,177,2025-06-25,High,Pending
BR004482,TMS005747,C00014,Engineering,109,2025-06-12,Low,Pending
BR004483,TMS005748,C00081,Engineering,86,2025-06-02,High,Pending
BR004484,TMS005749,C00011,Engineering,248,2025-06-08,Low,Pending
BR004485,TMS005750,C00088,Engineering,306,2025-06-23,Low,Pending
BR004486,TMS005751,C00039,Engineering,198,2025-06-19,Medium,Pending
BR004487,TMS005752,C00036,Engineering,224,2025-06-28,High,Pending
BR004488,TMS005753,C00012,Engineering,229,2025-06-09,Low,Pending
BR004489,TMS005754,C00031,Engineering,187,2025-06-30,Critical,Pending
BR004490,TMS005755,C00012,Engineering,127,2025-06-03,Medium,Pending
BR004491,TMS005756,C00028,Engineering,255,2025-06-24,Low,Pending
BR004492,TMS005757,C00062,Engineering,56,2025-06-30,Medium,Pending
BR004493,TMS005758,C00093,Engineering,163,2025-06-15,High,Pending
BR004494,TMS005760,C00029,Engineering,241,2025-06-19,High,Pending
BR004495,TMS005761,C00080,Engineering,227,2025-06-13,Medium,Pending
BR004496,TMS005762,C00052,Engineering,144,2025-06-13,Medium,Pending
BR004497,TMS005763,C00001,Engineering,129,2025-06-18,Low,Pending
BR004498,TMS005764,C00008,Engineering,135,2025-06-08,High,Pending
BR004499,TMS005765,C00004,Engineering,201,2025-06-07,Medium,Pending
BR004500,TMS005767,C00085,Engineering,137,2025-06-14,Low,Pending
BR004501,TMS005768,C00033,Engineering,153,2025-06-28,Medium,Pending
BR004502,TMS005769,C00017,Engineering,229,2025-06-20,Medium,Pending
BR004503,TMS005771,C00040,Engineering,210,2025-06-14,Low,Pending
BR004504,TMS005772,C00063,Engineering,249,2025-06-18,Low,Pending
BR004505,TMS005773,C00034,Engineering,124,2025-06-02,Low,Pending
BR004506,TMS005774,C00097,Engineering,97,2025-06-29,High,Pending
BR004507,TMS005775,C00059,Engineering,101,2025-06-16,High,Pending
BR004508,TMS005777,C00003,Engineering,86,2025-06-05,Low,Pending
BR004509,TMS005778,C00080,Engineering,97,2025-06-22,Low,Pending
BR004510,TMS005779,C00095,Engineering,133,2025-06-10,Medium,Pending
BR004511,TMS005780,C00039,Engineering,138,2025-06-01,Medium,Pending
BR004512,TMS005782,C00047,Engineering,245,2025-06-30,Medium,Pending
BR004513,TMS005783,C00085,Engineering,45,2025-06-21,Low,Pending
BR004514,TMS005784,C00025,Engineering,63,2025-06-12,Low,Pending
BR004515,TMS005785,C00030,Engineering,144,2025-06-17,High,Pending
BR004516,TMS005788,C00070,Engineering,80,2025-06-08,Low,Pending
BR004517,TMS005789,C00092,Engineering,173,2025-06-09,Medium,Pending
BR004518,TMS005790,C00016,Engineering,117,2025-06-25,Medium,Pending
BR004519,TMS005791,C00044,Engineering,141,2025-06-26,Low,Pending
BR004520,TMS005792,C00087,Engineering,57,2025-06-10,High,Pending
BR004521,TMS005793,C00083,Engineering,214,2025-06-13,Low,Pending
BR004522,TMS005794,C00019,Engineering,140,2025-06-27,High,Pending
BR004523,TMS005795,C00027,Engineering,175,2025-06-17,Medium,Pending
BR004524,TMS005796,C00086,Engineering,44,2025-06-11,Medium,Pending
BR004525,TMS005797,C00093,Engineering,204,2025-06-22,Low,Pending
BR004526,TMS005798,C00063,Engineering,233,2025-06-05,Medium,Pending
BR004527,TMS005799,C00057,Engineering,193,2025-06-28,Low,Pending
BR004528,TMS005800,C00066,Engineering,76,2025-06-06,Critical,Pending
BR004529,TMS005802,C00088,Engineering,150,2025-06-05,Low,Pending
BR004530,TMS005803,C00095,Engineering,90,2025-06-15,Low,Pending
BR004531,TMS005804,C00057,Engineering,142,2025-06-22,Medium,Pending
BR004532,TMS005805,C00076,Engineering,217,2025-06-10,Low,Pending
BR004533,TMS005806,C00073,Engineering,74,2025-06-10,Critical,Pending
BR004534,TMS005807,C00015,Engineering,181,2025-06-20,Low,Pending
BR004535,TMS005810,C00050,Engineering,128,2025-06-01,Medium,Pending
BR004536,TMS005811,C00036,Engineering,165,2025-06-09,Medium,Pending
BR004537,TMS005812,C00076,Engineering,95,2025-06-17,Medium,Pending
BR004538,TMS005813,C00094,Engineering,163,2025-06-11,Medium,Pending
BR004539,TMS005815,C00040,Engineering,91,2025-06-18,Low,Pending
BR004540,TMS005816,C00041,Engineering,106,2025-06-14,Medium,Pending
BR004541,TMS005818,C00038,Engineering,119,2025-06-13,Low,Pending
BR004542,TMS005819,C00033,Engineering,37,2025-06-29,Low,Pending
BR004543,TMS005820,C00022,Engineering,83,2025-06-10,Low,Pending
BR004544,TMS005821,C00092,Engineering,266,2025-06-30,Medium,Pending
BR004545,TMS005822,C00055,Engineering,168,2025-06-26,High,Pending
BR004546,TMS005823,C00006,Engineering,200,2025-06-28,Critical,Pending
BR004547,TMS005824,C00053,Engineering,144,2025-06-27,Critical,Pending
BR004548,TMS005825,C00023,Engineering,192,2025-06-06,Medium,Pending
BR004549,TMS005827,C00023,Engineering,136,2025-06-01,Low,Pending
BR004550,TMS005828,C00016,Engineering,134,2025-06-12,Low,Pending
BR004551,TMS005829,C00057,Engineering,186,2025-06-27,Low,Pending
BR004552,TMS005832,C00024,Engineering,148,2025-06-09,Critical,Pending
BR004553,TMS005833,C00077,Engineering,171,2025-06-15,Medium,Pending
BR004554,TMS005835,C00031,Engineering,82,2025-06-06,Low,Pending
BR004555,TMS005836,C00075,Engineering,262,2025-06-21,High,Pending
BR004556,TMS005838,C00030,Engineering,184,2025-06-07,Medium,Pending
BR004557,TMS005840,C00048,Engineering,34,2025-06-29,Medium,Pending
BR004558,TMS005841,C00092,Engineering,124,2025-06-03,Low,Pending
BR004559,TMS005842,C00064,Engineering,233,2025-06-08,Medium,Pending
BR004560,TMS005843,C00024,Engineering,230,2025-06-20,Critical,Pending
BR004561,TMS005844,C00006,Engineering,242,2025-06-06,High,Pending
BR004562,TMS005845,C00049,Engineering,136,2025-06-12,Medium,Pending
BR004563,TMS005847,C00100,Engineering,158,2025-06-27,High,Pending
BR004564,TMS005848,C00074,Engineering,107,2025-06-09,Medium,Pending
BR004565,TMS005849,C00076,Engineering,256,2025-06-20,Critical,Pending
BR004566,TMS005850,C00071,Engineering,157,2025-06-28,High,Pending
BR004567,TMS005854,C00028,Engineering,155,2025-06-19,Critical,Pending
BR004568,TMS005855,C00027,Engineering,36,2025-06-07,Medium,Pending
BR004569,TMS005856,C00044,Engineering,173,2025-06-18,Medium,Pending
BR004570,TMS005858,C00006,Engineering,180,2025-06-28,High,Pending
BR004571,TMS005859,C00082,Engineering,150,2025-06-18,Medium,Pending
BR004572,TMS005860,C00060,Engineering,164,2025-06-13,Low,Pending
BR004573,TMS005861,C00049,Engineering,149,2025-06-18,Medium,Pending
BR004574,TMS005863,C00078,Engineering,253,2025-06-21,High,Pending
BR004575,TMS005864,C00070,Engineering,257,2025-06-24,Critical,Pending
BR004576,TMS005865,C00005,Engineering,175,2025-06-21,High,Pending
BR004577,TMS005866,C00059,Engineering,134,2025-06-11,Medium,Pending
BR004578,TMS005868,C00012,Engineering,189,2025-06-23,Medium,Pending
BR004579,TMS005869,C00062,Engineering,166,2025-06-05,Low,Pending
BR004580,TMS005871,C00008,Engineering,232,2025-06-24,High,Pending
BR004581,TMS005872,C00077,Engineering,31,2025-06-14,Medium,Pending
BR004582,TMS005873,C00074,Engineering,122,2025-06-02,Critical,Pending
BR004583,TMS005874,C00092,Engineering,228,2025-06-23,Low,Pending
BR004584,TMS005875,C00046,Engineering,145,2025-06-12,High,Pending
BR004585,TMS005877,C00081,Engineering,258,2025-06-24,Critical,Pending
BR004586,TMS005878,C00045,Engineering,223,2025-06-04,Medium,Pending
BR004587,TMS005879,C00059,Engineering,120,2025-06-19,Low,Pending
BR004588,TMS005881,C00058,Engineering,160,2025-06-28,Low,Pending
BR004589,TMS005885,C00099,Engineering,216,2025-06-23,Medium,Pending
BR004590,TMS005886,C00009,Engineering,137,2025-06-26,Low,Pending
BR004591,TMS005887,C00068,Engineering,203,2025-06-19,Low,Pending
BR004592,TMS005888,C00002,Engineering,40,2025-06-21,Medium,Pending
BR004593,TMS005890,C00029,Engineering,126,2025-06-11,Medium,Pending
BR004594,TMS005891,C00084,Engineering,178,2025-06-02,Medium,Pending
BR004595,TMS005892,C00057,Engineering,143,2025-06-13,High,Pending
BR004596,TMS005894,C00091,Engineering,185,2025-06-13,Critical,Pending
BR004597,TMS005896,C00097,Engineering,209,2025-06-29,Medium,Pending
BR004598,TMS005897,C00023,Engineering,131,2025-06-15,Medium,Pending
BR004599,TMS005899,C00097,Engineering,149,2025-06-05,Low,Pending
BR004600,TMS005901,C00093,Engineering,295,2025-06-11,Medium,Pending
BR004601,TMS005902,C00044,Engineering,194,2025-06-10,Critical,Pending
BR004602,TMS005905,C00012,Engineering,247,2025-06-13,Low,Pending
BR004603,TMS005906,C00019,Engineering,213,2025-06-10,Critical,Pending
BR004604,TMS005908,C00093,Engineering,58,2025-06-10,Low,Pending
BR004605,TMS005909,C00048,Engineering,45,2025-06-06,High,Pending
BR004606,TMS005910,C00025,Engineering,152,2025-06-24,Low,Pending
BR004607,TMS005911,C00086,Engineering,312,2025-06-01,Medium,Pending
BR004608,TMS005912,C00099,Engineering,138,2025-06-13,Medium,Pending
BR004609,TMS005913,C00006,Engineering,100,2025-06-17,Medium,Pending
BR004610,TMS005914,C00047,Engineering,92,2025-06-18,Low,Pending
BR004611,TMS005917,C00046,Engineering,63,2025-06-24,Medium,Pending
BR004612,TMS005918,C00047,Engineering,59,2025-06-09,Medium,Pending
BR004613,TMS005919,C00024,Engineering,189,2025-06-16,Low,Pending
BR004614,TMS005920,C00087,Engineering,50,2025-06-03,Critical,Pending
BR004615,TMS005921,C00001,Engineering,325,2025-06-08,High,Pending
BR004616,TMS005922,C00018,Engineering,182,2025-06-26,High,Pending
BR004617,TMS005923,C00092,Engineering,178,2025-06-13,Low,Pending
BR004618,TMS005924,C00096,Engineering,160,2025-06-10,Low,Pending
BR004619,TMS005925,C00007,Engineering,87,2025-06-18,Low,Pending
BR004620,TMS005926,C00009,Engineering,102,2025-06-30,Low,Pending
BR004621,TMS005927,C00039,Engineering,44,2025-06-13,Critical,Pending
BR004622,TMS005929,C00086,Engineering,50,2025-06-18,High,Pending
BR004623,TMS005930,C00038,Engineering,108,2025-06-25,Medium,Pending
BR004624,TMS005932,C00069,Engineering,113,2025-06-04,Medium,Pending
BR004625,TMS005933,C00029,Engineering,205,2025-06-26,Medium,Pending
BR004626,TMS005936,C00001,Engineering,74,2025-06-05,Low,Pending
BR004627,TMS005937,C00011,Engineering,142,2025-06-29,Medium,Pending
BR004628,TMS005938,C00052,Engineering,207,2025-06-17,Low,Pending
BR004629,TMS005939,C00002,Engineering,211,2025-06-21,High,Pending
BR004630,TMS005940,C00005,Engineering,239,2025-06-19,High,Pending
BR004631,TMS005942,C00075,Engineering,79,2025-06-18,Low,Pending
BR004632,TMS005943,C00043,Engineering,134,2025-06-26,Low,Pending
BR004633,TMS005944,C00091,Engineering,190,2025-06-30,Low,Pending
BR004634,TMS005945,C00053,Engineering,189,2025-06-25,Low,Pending
BR004635,TMS005946,C00088,Engineering,222,2025-06-03,High,Pending
BR004636,TMS005948,C00048,Engineering,274,2025-06-22,Medium,Pending
BR004637,TMS005949,C00021,Engineering,187,2025-06-30,Low,Pending
BR004638,TMS005950,C00082,Engineering,94,2025-06-03,Medium,Pending
BR004639,TMS005951,C00032,Engineering,106,2025-06-10,High,Pending
BR004640,TMS005953,C00012,Engineering,204,2025-06-18,Low,Pending
BR004641,TMS005954,C00016,Engineering,81,2025-06-19,Medium,Pending
BR004642,TMS005955,C00022,Engineering,110,2025-06-29,Low,Pending
BR004643,TMS005956,C00091,Engineering,252,2025-06-17,Critical,Pending
BR004644,TMS005958,C00012,Engineering,82,2025-06-11,Medium,Pending
BR004645,TMS005959,C00046,Engineering,156,2025-06-16,Critical,Pending
BR004646,TMS005960,C00001,Engineering,251,2025-06-07,Critical,Pending
BR004647,TMS005961,C00004,Engineering,210,2025-06-12,Critical,Pending
BR004648,TMS005962,C00089,Engineering,108,2025-06-01,Critical,Pending
BR004649,TMS005963,C00062,Engineering,118,2025-06-05,Low,Pending
BR004650,TMS005964,C00007,Engineering,159,2025-06-15,Critical,Pending
BR004651,TMS005965,C00003,Engineering,49,2025-06-17,Low,Pending
BR004652,TMS005967,C00073,Engineering,68,2025-06-26,Low,Pending
BR004653,TMS005968,C00020,Engineering,135,2025-06-25,Low,Pending
BR004654,TMS005969,C00032,Engineering,47,2025-06-23,Low,Pending
BR004655,TMS005970,C00032,Engineering,206,2025-06-11,Medium,Pending
BR004656,TMS005971,C00017,Engineering,154,2025-06-14,High,Pending
BR004657,TMS005972,C00019,Engineering,256,2025-06-06,Critical,Pending
BR004658,TMS005973,C00084,Engineering,254,2025-06-02,Low,Pending
BR004659,TMS005975,C00062,Engineering,39,2025-06-08,Medium,Pending
BR004660,TMS005976,C00031,Engineering,91,2025-06-03,Low,Pending
BR004661,TMS005977,C00062,Engineering,111,2025-06-29,Medium,Pending
BR004662,TMS005978,C00009,Engineering,172,2025-06-19,High,Pending
BR004663,TMS005979,C00049,Engineering,172,2025-06-24,Medium,Pending
BR004664,TMS005981,C00036,Engineering,180,2025-06-17,Low,Pending
BR004665,TMS005983,C00005,Engineering,169,2025-06-19,Low,Pending
BR004666,TMS005985,C00005,Engineering,58,2025-06-02,Low,Pending
BR004667,TMS005986,C00017,Engineering,43,2025-06-26,Medium,Pending
BR004668,TMS005988,C00090,Engineering,241,2025-06-10,High,Pending
BR004669,TMS005989,C00066,Engineering,124,2025-06-11,High,Pending
BR004670,TMS005991,C00034,Engineering,281,2025-06-28,Medium,Pending
BR004671,TMS005992,C00068,Engineering,101,2025-06-05,Medium,Pending
BR004672,TMS005993,C00092,Engineering,83,2025-06-21,High,Pending
BR004673,TMS005994,C00025,Engineering,158,2025-06-03,Medium,Pending
BR004674,TMS005995,C00020,Engineering,160,2025-06-01,Medium,Pending
BR004675,TMS005996,C00005,Engineering,239,2025-06-25,High,Pending
BR004676,TMS005998,C00074,Engineering,86,2025-06-25,Low,Pending
BR004677,TMS005999,C00060,Engineering,174,2025-06-24,Low,Pending
BR004678,TMS006000,C00094,Engineering,227,2025-06-29,Medium,Pending
BR004679,SMMS000001,C00074,Signal & Telecom,118,2025-06-13,Medium,Pending
BR004680,SMMS000002,C00047,Signal & Telecom,143,2025-06-25,Low,Pending
BR004681,SMMS000003,C00014,Signal & Telecom,136,2025-06-08,High,Pending
BR004682,SMMS000004,C00014,Signal & Telecom,207,2025-06-21,Critical,Pending
BR004683,SMMS000005,C00095,Signal & Telecom,108,2025-06-24,Medium,Pending
BR004684,SMMS000006,C00098,Signal & Telecom,135,2025-06-14,Medium,Pending
BR004685,SMMS000008,C00012,Signal & Telecom,156,2025-06-13,High,Pending
BR004686,SMMS000010,C00009,Signal & Telecom,54,2025-06-18,Low,Pending
BR004687,SMMS000011,C00034,Signal & Telecom,172,2025-06-03,High,Pending
BR004688,SMMS000012,C00026,Signal & Telecom,237,2025-06-08,Low,Pending
BR004689,SMMS000013,C00005,Signal & Telecom,99,2025-06-15,Medium,Pending
BR004690,SMMS000015,C00096,Signal & Telecom,142,2025-06-26,Critical,Pending
BR004691,SMMS000016,C00032,Signal & Telecom,83,2025-06-18,High,Pending
BR004692,SMMS000018,C00082,Signal & Telecom,246,2025-06-09,Low,Pending
BR004693,SMMS000019,C00088,Signal & Telecom,117,2025-06-28,High,Pending
BR004694,SMMS000020,C00100,Signal & Telecom,57,2025-06-21,Low,Pending
BR004695,SMMS000021,C00064,Signal & Telecom,97,2025-06-29,Low,Pending
BR004696,SMMS000024,C00062,Signal & Telecom,73,2025-06-03,Medium,Pending
BR004697,SMMS000025,C00009,Signal & Telecom,112,2025-06-26,Low,Pending
BR004698,SMMS000027,C00084,Signal & Telecom,86,2025-06-15,High,Pending
BR004699,SMMS000028,C00078,Signal & Telecom,266,2025-06-28,Medium,Pending
BR004700,SMMS000029,C00060,Signal & Telecom,97,2025-06-08,Low,Pending
BR004701,SMMS000030,C00012,Signal & Telecom,191,2025-06-09,Medium,Pending
BR004702,SMMS000031,C00002,Signal & Telecom,83,2025-06-08,High,Pending
BR004703,SMMS000033,C00001,Signal & Telecom,186,2025-06-21,Medium,Pending
BR004704,SMMS000035,C00063,Signal & Telecom,167,2025-06-08,Medium,Pending
BR004705,SMMS000036,C00041,Signal & Telecom,102,2025-06-21,Medium,Pending
BR004706,SMMS000037,C00014,Signal & Telecom,131,2025-06-18,Low,Pending
BR004707,SMMS000039,C00065,Signal & Telecom,177,2025-06-16,Medium,Pending
BR004708,SMMS000040,C00030,Signal & Telecom,99,2025-06-01,Medium,Pending
BR004709,SMMS000041,C00027,Signal & Telecom,53,2025-06-28,Medium,Pending
BR004710,SMMS000042,C00020,Signal & Telecom,159,2025-06-27,Low,Pending
BR004711,SMMS000043,C00027,Signal & Telecom,105,2025-06-28,High,Pending
BR004712,SMMS000044,C00032,Signal & Telecom,49,2025-06-04,High,Pending
BR004713,SMMS000045,C00007,Signal & Telecom,173,2025-06-18,Medium,Pending
BR004714,SMMS000046,C00030,Signal & Telecom,137,2025-06-28,High,Pending
BR004715,SMMS000047,C00002,Signal & Telecom,95,2025-06-16,Medium,Pending
BR004716,SMMS000049,C00077,Signal & Telecom,121,2025-06-20,High,Pending
BR004717,SMMS000052,C00054,Signal & Telecom,196,2025-06-18,High,Pending
BR004718,SMMS000053,C00020,Signal & Telecom,193,2025-06-25,High,Pending
BR004719,SMMS000055,C00003,Signal & Telecom,113,2025-06-19,Low,Pending
BR004720,SMMS000057,C00065,Signal & Telecom,54,2025-06-28,Low,Pending
BR004721,SMMS000058,C00064,Signal & Telecom,76,2025-06-03,High,Pending
BR004722,SMMS000059,C00097,Signal & Telecom,78,2025-06-18,Critical,Pending
BR004723,SMMS000060,C00036,Signal & Telecom,235,2025-06-30,High,Pending
BR004724,SMMS000061,C00007,Signal & Telecom,173,2025-06-23,High,Pending
BR004725,SMMS000062,C00008,Signal & Telecom,236,2025-06-21,Medium,Pending
BR004726,SMMS000063,C00094,Signal & Telecom,87,2025-06-10,Critical,Pending
BR004727,SMMS000064,C00098,Signal & Telecom,107,2025-06-04,High,Pending
BR004728,SMMS000065,C00050,Signal & Telecom,117,2025-06-27,Low,Pending
BR004729,SMMS000066,C00082,Signal & Telecom,109,2025-06-11,Medium,Pending
BR004730,SMMS000067,C00003,Signal & Telecom,137,2025-06-02,Medium,Pending
BR004731,SMMS000069,C00095,Signal & Telecom,112,2025-06-20,Medium,Pending
BR004732,SMMS000071,C00004,Signal & Telecom,140,2025-06-04,High,Pending
BR004733,SMMS000072,C00015,Signal & Telecom,155,2025-06-01,Low,Pending
BR004734,SMMS000073,C00051,Signal & Telecom,123,2025-06-02,Critical,Pending
BR004735,SMMS000077,C00002,Signal & Telecom,139,2025-06-18,Medium,Pending
BR004736,SMMS000078,C00048,Signal & Telecom,97,2025-06-01,Medium,Pending
BR004737,SMMS000080,C00063,Signal & Telecom,125,2025-06-17,Medium,Pending
BR004738,SMMS000083,C00045,Signal & Telecom,197,2025-06-21,Low,Pending
BR004739,SMMS000085,C00071,Signal & Telecom,106,2025-06-10,Medium,Pending
BR004740,SMMS000086,C00011,Signal & Telecom,71,2025-06-25,Medium,Pending
BR004741,SMMS000087,C00097,Signal & Telecom,91,2025-06-19,Low,Pending
BR004742,SMMS000088,C00066,Signal & Telecom,137,2025-06-14,Medium,Pending
BR004743,SMMS000089,C00002,Signal & Telecom,203,2025-06-12,Medium,Pending
BR004744,SMMS000093,C00011,Signal & Telecom,84,2025-06-14,Low,Pending
BR004745,SMMS000094,C00059,Signal & Telecom,95,2025-06-28,Low,Pending
BR004746,SMMS000095,C00016,Signal & Telecom,70,2025-06-14,Low,Pending
BR004747,SMMS000096,C00058,Signal & Telecom,109,2025-06-15,Medium,Pending
BR004748,SMMS000097,C00081,Signal & Telecom,156,2025-06-17,Medium,Pending
BR004749,SMMS000098,C00045,Signal & Telecom,162,2025-06-28,Critical,Pending
BR004750,SMMS000099,C00071,Signal & Telecom,135,2025-06-14,Medium,Pending
BR004751,SMMS000100,C00030,Signal & Telecom,138,2025-06-08,Medium,Pending
BR004752,SMMS000102,C00026,Signal & Telecom,187,2025-06-02,Low,Pending
BR004753,SMMS000103,C00025,Signal & Telecom,179,2025-06-07,Medium,Pending
BR004754,SMMS000104,C00028,Signal & Telecom,107,2025-06-28,Low,Pending
BR004755,SMMS000105,C00068,Signal & Telecom,115,2025-06-05,Critical,Pending
BR004756,SMMS000106,C00027,Signal & Telecom,70,2025-06-04,Low,Pending
BR004757,SMMS000108,C00039,Signal & Telecom,51,2025-06-12,Low,Pending
BR004758,SMMS000109,C00044,Signal & Telecom,100,2025-06-25,High,Pending
BR004759,SMMS000110,C00082,Signal & Telecom,139,2025-06-21,High,Pending
BR004760,SMMS000112,C00038,Signal & Telecom,114,2025-06-21,Medium,Pending
BR004761,SMMS000113,C00032,Signal & Telecom,146,2025-06-26,Low,Pending
BR004762,SMMS000114,C00047,Signal & Telecom,101,2025-06-10,High,Pending
BR004763,SMMS000115,C00071,Signal & Telecom,126,2025-06-28,High,Pending
BR004764,SMMS000118,C00038,Signal & Telecom,156,2025-06-04,Low,Pending
BR004765,SMMS000120,C00013,Signal & Telecom,87,2025-06-28,Low,Pending
BR004766,SMMS000122,C00100,Signal & Telecom,62,2025-06-01,Medium,Pending
BR004767,SMMS000123,C00086,Signal & Telecom,86,2025-06-06,Medium,Pending
BR004768,SMMS000124,C00087,Signal & Telecom,87,2025-06-03,Critical,Pending
BR004769,SMMS000125,C00093,Signal & Telecom,90,2025-06-14,High,Pending
BR004770,SMMS000126,C00095,Signal & Telecom,76,2025-06-21,High,Pending
BR004771,SMMS000127,C00097,Signal & Telecom,128,2025-06-22,High,Pending
BR004772,SMMS000128,C00045,Signal & Telecom,96,2025-06-05,Low,Pending
BR004773,SMMS000129,C00084,Signal & Telecom,161,2025-06-29,Low,Pending
BR004774,SMMS000131,C00089,Signal & Telecom,185,2025-06-29,High,Pending
BR004775,SMMS000133,C00078,Signal & Telecom,83,2025-06-20,Critical,Pending
BR004776,SMMS000135,C00002,Signal & Telecom,82,2025-06-27,Low,Pending
BR004777,SMMS000137,C00014,Signal & Telecom,108,2025-06-08,Low,Pending
BR004778,SMMS000138,C00099,Signal & Telecom,87,2025-06-24,Medium,Pending
BR004779,SMMS000139,C00088,Signal & Telecom,133,2025-06-28,Medium,Pending
BR004780,SMMS000140,C00083,Signal & Telecom,190,2025-06-22,Medium,Pending
BR004781,SMMS000141,C00084,Signal & Telecom,115,2025-06-07,Medium,Pending
BR004782,SMMS000142,C00051,Signal & Telecom,135,2025-06-07,Medium,Pending
BR004783,SMMS000143,C00083,Signal & Telecom,115,2025-06-27,Medium,Pending
BR004784,SMMS000144,C00002,Signal & Telecom,216,2025-06-27,Critical,Pending
BR004785,SMMS000146,C00091,Signal & Telecom,123,2025-06-16,High,Pending
BR004786,SMMS000149,C00040,Signal & Telecom,67,2025-06-18,Medium,Pending
BR004787,SMMS000151,C00092,Signal & Telecom,185,2025-06-30,Medium,Pending
BR004788,SMMS000152,C00057,Signal & Telecom,89,2025-06-23,High,Pending
BR004789,SMMS000153,C00019,Signal & Telecom,104,2025-06-28,High,Pending
BR004790,SMMS000157,C00043,Signal & Telecom,97,2025-06-16,Medium,Pending
BR004791,SMMS000158,C00011,Signal & Telecom,122,2025-06-19,Critical,Pending
BR004792,SMMS000159,C00065,Signal & Telecom,167,2025-06-15,Low,Pending
BR004793,SMMS000161,C00040,Signal & Telecom,161,2025-06-07,Low,Pending
BR004794,SMMS000162,C00031,Signal & Telecom,130,2025-06-01,Medium,Pending
BR004795,SMMS000163,C00023,Signal & Telecom,161,2025-06-22,High,Pending
BR004796,SMMS000164,C00036,Signal & Telecom,91,2025-06-24,Low,Pending
BR004797,SMMS000165,C00076,Signal & Telecom,147,2025-06-26,Medium,Pending
BR004798,SMMS000169,C00008,Signal & Telecom,152,2025-06-13,Critical,Pending
BR004799,SMMS000172,C00062,Signal & Telecom,87,2025-06-24,High,Pending
BR004800,SMMS000173,C00054,Signal & Telecom,202,2025-06-03,Medium,Pending
BR004801,SMMS000174,C00079,Signal & Telecom,115,2025-06-24,Medium,Pending
BR004802,SMMS000175,C00091,Signal & Telecom,106,2025-06-16,High,Pending
BR004803,SMMS000176,C00043,Signal & Telecom,130,2025-06-27,High,Pending
BR004804,SMMS000177,C00025,Signal & Telecom,233,2025-06-29,Critical,Pending
BR004805,SMMS000178,C00076,Signal & Telecom,109,2025-06-17,High,Pending
BR004806,SMMS000179,C00006,Signal & Telecom,129,2025-06-22,Low,Pending
BR004807,SMMS000180,C00050,Signal & Telecom,52,2025-06-08,Medium,Pending
BR004808,SMMS000182,C00094,Signal & Telecom,115,2025-06-05,Medium,Pending
BR004809,SMMS000183,C00068,Signal & Telecom,158,2025-06-10,Low,Pending
BR004810,SMMS000184,C00050,Signal & Telecom,135,2025-06-15,Critical,Pending
BR004811,SMMS000187,C00095,Signal & Telecom,143,2025-06-27,Critical,Pending
BR004812,SMMS000188,C00085,Signal & Telecom,135,2025-06-24,High,Pending
BR004813,SMMS000189,C00071,Signal & Telecom,79,2025-06-22,Low,Pending
BR004814,SMMS000190,C00058,Signal & Telecom,43,2025-06-25,Medium,Pending
BR004815,SMMS000191,C00068,Signal & Telecom,77,2025-06-28,Low,Pending
BR004816,SMMS000192,C00006,Signal & Telecom,122,2025-06-21,High,Pending
BR004817,SMMS000194,C00033,Signal & Telecom,174,2025-06-19,Low,Pending
BR004818,SMMS000195,C00092,Signal & Telecom,121,2025-06-10,Medium,Pending
BR004819,SMMS000196,C00100,Signal & Telecom,164,2025-06-18,High,Pending
BR004820,SMMS000197,C00085,Signal & Telecom,62,2025-06-24,Low,Pending
BR004821,SMMS000198,C00020,Signal & Telecom,168,2025-06-18,High,Pending
BR004822,SMMS000199,C00088,Signal & Telecom,234,2025-06-10,Medium,Pending
BR004823,SMMS000202,C00052,Signal & Telecom,82,2025-06-15,Medium,Pending
BR004824,SMMS000204,C00091,Signal & Telecom,103,2025-06-26,High,Pending
BR004825,SMMS000205,C00099,Signal & Telecom,217,2025-06-29,High,Pending
BR004826,SMMS000206,C00058,Signal & Telecom,156,2025-06-21,Medium,Pending
BR004827,SMMS000207,C00045,Signal & Telecom,156,2025-06-14,High,Pending
BR004828,SMMS000209,C00023,Signal & Telecom,43,2025-06-02,Low,Pending
BR004829,SMMS000210,C00027,Signal & Telecom,154,2025-06-10,Low,Pending
BR004830,SMMS000211,C00092,Signal & Telecom,134,2025-06-02,Medium,Pending
BR004831,SMMS000212,C00063,Signal & Telecom,101,2025-06-22,High,Pending
BR004832,SMMS000213,C00019,Signal & Telecom,54,2025-06-21,Medium,Pending
BR004833,SMMS000214,C00028,Signal & Telecom,126,2025-06-27,Medium,Pending
BR004834,SMMS000215,C00049,Signal & Telecom,70,2025-06-16,Medium,Pending
BR004835,SMMS000216,C00077,Signal & Telecom,117,2025-06-17,Medium,Pending
BR004836,SMMS000217,C00079,Signal & Telecom,157,2025-06-15,Medium,Pending
BR004837,SMMS000219,C00010,Signal & Telecom,201,2025-06-17,Medium,Pending
BR004838,SMMS000221,C00035,Signal & Telecom,103,2025-06-18,Medium,Pending
BR004839,SMMS000222,C00016,Signal & Telecom,88,2025-06-06,Medium,Pending
BR004840,SMMS000223,C00097,Signal & Telecom,62,2025-06-02,Low,Pending
BR004841,SMMS000224,C00048,Signal & Telecom,120,2025-06-14,Medium,Pending
BR004842,SMMS000225,C00079,Signal & Telecom,197,2025-06-26,High,Pending
BR004843,SMMS000226,C00009,Signal & Telecom,179,2025-06-08,Medium,Pending
BR004844,SMMS000227,C00038,Signal & Telecom,103,2025-06-09,High,Pending
BR004845,SMMS000228,C00026,Signal & Telecom,265,2025-06-13,High,Pending
BR004846,SMMS000229,C00030,Signal & Telecom,59,2025-06-23,Low,Pending
BR004847,SMMS000230,C00083,Signal & Telecom,243,2025-06-06,Low,Pending
BR004848,SMMS000232,C00037,Signal & Telecom,92,2025-06-15,Medium,Pending
BR004849,SMMS000233,C00023,Signal & Telecom,145,2025-06-27,Low,Pending
BR004850,SMMS000234,C00081,Signal & Telecom,79,2025-06-18,Low,Pending
BR004851,SMMS000235,C00018,Signal & Telecom,91,2025-06-03,Medium,Pending
BR004852,SMMS000236,C00093,Signal & Telecom,133,2025-06-05,High,Pending
BR004853,SMMS000237,C00069,Signal & Telecom,194,2025-06-30,Low,Pending
BR004854,SMMS000238,C00020,Signal & Telecom,199,2025-06-12,Low,Pending
BR004855,SMMS000239,C00021,Signal & Telecom,152,2025-06-18,Low,Pending
BR004856,SMMS000240,C00024,Signal & Telecom,155,2025-06-22,Medium,Pending
BR004857,SMMS000242,C00053,Signal & Telecom,67,2025-06-27,High,Pending
BR004858,SMMS000244,C00050,Signal & Telecom,144,2025-06-03,High,Pending
BR004859,SMMS000245,C00061,Signal & Telecom,113,2025-06-30,High,Pending
BR004860,SMMS000246,C00029,Signal & Telecom,315,2025-06-28,High,Pending
BR004861,SMMS000248,C00064,Signal & Telecom,342,2025-06-25,Critical,Pending
BR004862,SMMS000249,C00082,Signal & Telecom,139,2025-06-09,High,Pending
BR004863,SMMS000251,C00002,Signal & Telecom,96,2025-06-26,High,Pending
BR004864,SMMS000253,C00091,Signal & Telecom,96,2025-06-20,Medium,Pending
BR004865,SMMS000255,C00002,Signal & Telecom,104,2025-06-14,Medium,Pending
BR004866,SMMS000256,C00053,Signal & Telecom,138,2025-06-18,High,Pending
BR004867,SMMS000257,C00092,Signal & Telecom,80,2025-06-03,Medium,Pending
BR004868,SMMS000258,C00088,Signal & Telecom,151,2025-06-09,Low,Pending
BR004869,SMMS000259,C00066,Signal & Telecom,103,2025-06-16,Low,Pending
BR004870,SMMS000260,C00047,Signal & Telecom,95,2025-06-20,Medium,Pending
BR004871,SMMS000262,C00099,Signal & Telecom,91,2025-06-25,Medium,Pending
BR004872,SMMS000263,C00077,Signal & Telecom,97,2025-06-07,High,Pending
BR004873,SMMS000265,C00090,Signal & Telecom,36,2025-06-23,Medium,Pending
BR004874,SMMS000267,C00058,Signal & Telecom,176,2025-06-23,Medium,Pending
BR004875,SMMS000268,C00050,Signal & Telecom,88,2025-06-15,Medium,Pending
BR004876,SMMS000269,C00041,Signal & Telecom,216,2025-06-26,High,Pending
BR004877,SMMS000270,C00069,Signal & Telecom,131,2025-06-16,Low,Pending
BR004878,SMMS000271,C00023,Signal & Telecom,159,2025-06-28,Medium,Pending
BR004879,SMMS000272,C00030,Signal & Telecom,98,2025-06-14,Low,Pending
BR004880,SMMS000273,C00065,Signal & Telecom,181,2025-06-22,Medium,Pending
BR004881,SMMS000274,C00035,Signal & Telecom,68,2025-06-20,Critical,Pending
BR004882,SMMS000275,C00039,Signal & Telecom,164,2025-06-09,Medium,Pending
BR004883,SMMS000276,C00020,Signal & Telecom,107,2025-06-24,Low,Pending
BR004884,SMMS000277,C00052,Signal & Telecom,140,2025-06-16,Low,Pending
BR004885,SMMS000278,C00077,Signal & Telecom,184,2025-06-09,Medium,Pending
BR004886,SMMS000279,C00097,Signal & Telecom,107,2025-06-15,Low,Pending
BR004887,SMMS000280,C00078,Signal & Telecom,125,2025-06-17,High,Pending
BR004888,SMMS000281,C00030,Signal & Telecom,145,2025-06-23,High,Pending
BR004889,SMMS000282,C00034,Signal & Telecom,118,2025-06-02,Medium,Pending
BR004890,SMMS000285,C00050,Signal & Telecom,160,2025-06-01,Medium,Pending
BR004891,SMMS000287,C00050,Signal & Telecom,75,2025-06-16,Medium,Pending
BR004892,SMMS000288,C00069,Signal & Telecom,184,2025-06-24,High,Pending
BR004893,SMMS000289,C00026,Signal & Telecom,191,2025-06-10,High,Pending
BR004894,SMMS000291,C00092,Signal & Telecom,43,2025-06-16,High,Pending
BR004895,SMMS000292,C00071,Signal & Telecom,187,2025-06-08,Medium,Pending
BR004896,SMMS000293,C00071,Signal & Telecom,178,2025-06-08,Medium,Pending
BR004897,SMMS000294,C00002,Signal & Telecom,106,2025-06-09,Medium,Pending
BR004898,SMMS000296,C00004,Signal & Telecom,143,2025-06-23,High,Pending
BR004899,SMMS000297,C00087,Signal & Telecom,113,2025-06-14,Critical,Pending
BR004900,SMMS000298,C00086,Signal & Telecom,125,2025-06-06,Medium,Pending
BR004901,SMMS000300,C00078,Signal & Telecom,146,2025-06-30,Medium,Pending
BR004902,SMMS000301,C00037,Signal & Telecom,133,2025-06-03,Medium,Pending
BR004903,SMMS000302,C00016,Signal & Telecom,165,2025-06-09,Low,Pending
BR004904,SMMS000303,C00007,Signal & Telecom,68,2025-06-05,High,Pending
BR004905,SMMS000304,C00076,Signal & Telecom,45,2025-06-10,Medium,Pending
BR004906,SMMS000305,C00042,Signal & Telecom,102,2025-06-15,Medium,Pending
BR004907,SMMS000307,C00010,Signal & Telecom,95,2025-06-25,Medium,Pending
BR004908,SMMS000308,C00018,Signal & Telecom,150,2025-06-14,Medium,Pending
BR004909,SMMS000310,C00046,Signal & Telecom,69,2025-06-22,Medium,Pending
BR004910,SMMS000311,C00083,Signal & Telecom,128,2025-06-13,Low,Pending
BR004911,SMMS000314,C00022,Signal & Telecom,82,2025-06-07,High,Pending
BR004912,SMMS000315,C00042,Signal & Telecom,179,2025-06-12,Medium,Pending
BR004913,SMMS000316,C00046,Signal & Telecom,169,2025-06-08,Critical,Pending
BR004914,SMMS000317,C00076,Signal & Telecom,178,2025-06-03,Medium,Pending
BR004915,SMMS000319,C00015,Signal & Telecom,184,2025-06-21,High,Pending
BR004916,SMMS000320,C00056,Signal & Telecom,190,2025-06-25,Low,Pending
BR004917,SMMS000322,C00015,Signal & Telecom,88,2025-06-12,Medium,Pending
BR004918,SMMS000323,C00065,Signal & Telecom,112,2025-06-14,Low,Pending
BR004919,SMMS000324,C00087,Signal & Telecom,154,2025-06-06,Low,Pending
BR004920,SMMS000325,C00077,Signal & Telecom,103,2025-06-12,Critical,Pending
BR004921,SMMS000326,C00059,Signal & Telecom,99,2025-06-12,High,Pending
BR004922,SMMS000329,C00088,Signal & Telecom,144,2025-06-03,High,Pending
BR004923,SMMS000330,C00026,Signal & Telecom,108,2025-06-27,Low,Pending
BR004924,SMMS000331,C00032,Signal & Telecom,105,2025-06-02,Low,Pending
BR004925,SMMS000332,C00039,Signal & Telecom,204,2025-06-14,High,Pending
BR004926,SMMS000333,C00087,Signal & Telecom,57,2025-06-13,Low,Pending
BR004927,SMMS000334,C00048,Signal & Telecom,196,2025-06-10,High,Pending
BR004928,SMMS000335,C00057,Signal & Telecom,95,2025-06-11,Medium,Pending
BR004929,SMMS000336,C00014,Signal & Telecom,158,2025-06-25,Medium,Pending
BR004930,SMMS000337,C00030,Signal & Telecom,152,2025-06-25,Low,Pending
BR004931,SMMS000338,C00080,Signal & Telecom,161,2025-06-24,Low,Pending
BR004932,SMMS000339,C00056,Signal & Telecom,204,2025-06-02,Low,Pending
BR004933,SMMS000340,C00004,Signal & Telecom,121,2025-06-23,High,Pending
BR004934,SMMS000341,C00019,Signal & Telecom,85,2025-06-05,Low,Pending
BR004935,SMMS000342,C00099,Signal & Telecom,175,2025-06-25,Low,Pending
BR004936,SMMS000343,C00051,Signal & Telecom,87,2025-06-10,Medium,Pending
BR004937,SMMS000344,C00086,Signal & Telecom,280,2025-06-22,Critical,Pending
BR004938,SMMS000349,C00085,Signal & Telecom,145,2025-06-30,Medium,Pending
BR004939,SMMS000350,C00014,Signal & Telecom,99,2025-06-28,Medium,Pending
BR004940,SMMS000351,C00071,Signal & Telecom,145,2025-06-04,Medium,Pending
BR004941,SMMS000353,C00005,Signal & Telecom,123,2025-06-24,Low,Pending
BR004942,SMMS000354,C00032,Signal & Telecom,92,2025-06-11,Low,Pending
BR004943,SMMS000355,C00011,Signal & Telecom,122,2025-06-10,Low,Pending
BR004944,SMMS000356,C00089,Signal & Telecom,166,2025-06-18,Low,Pending
BR004945,SMMS000357,C00028,Signal & Telecom,243,2025-06-10,High,Pending
BR004946,SMMS000358,C00077,Signal & Telecom,62,2025-06-23,Medium,Pending
BR004947,SMMS000359,C00083,Signal & Telecom,32,2025-06-26,Low,Pending
BR004948,SMMS000360,C00076,Signal & Telecom,104,2025-06-27,High,Pending
BR004949,SMMS000361,C00068,Signal & Telecom,163,2025-06-07,High,Pending
BR004950,SMMS000363,C00095,Signal & Telecom,85,2025-06-17,Low,Pending
BR004951,SMMS000364,C00033,Signal & Telecom,181,2025-06-04,High,Pending
BR004952,SMMS000366,C00074,Signal & Telecom,162,2025-06-22,Low,Pending
BR004953,SMMS000368,C00009,Signal & Telecom,116,2025-06-16,Medium,Pending
BR004954,SMMS000369,C00093,Signal & Telecom,112,2025-06-24,Low,Pending
BR004955,SMMS000370,C00079,Signal & Telecom,161,2025-06-18,Critical,Pending
BR004956,SMMS000372,C00054,Signal & Telecom,175,2025-06-11,High,Pending
BR004957,SMMS000375,C00067,Signal & Telecom,68,2025-06-14,Medium,Pending
BR004958,SMMS000376,C00083,Signal & Telecom,199,2025-06-21,Medium,Pending
BR004959,SMMS000377,C00068,Signal & Telecom,65,2025-06-21,Critical,Pending
BR004960,SMMS000378,C00094,Signal & Telecom,95,2025-06-04,High,Pending
BR004961,SMMS000380,C00033,Signal & Telecom,39,2025-06-19,High,Pending
BR004962,SMMS000381,C00028,Signal & Telecom,118,2025-06-23,Medium,Pending
BR004963,SMMS000383,C00001,Signal & Telecom,151,2025-06-18,Medium,Pending
BR004964,SMMS000385,C00098,Signal & Telecom,71,2025-06-20,Low,Pending
BR004965,SMMS000386,C00092,Signal & Telecom,138,2025-06-29,High,Pending
BR004966,SMMS000387,C00057,Signal & Telecom,120,2025-06-22,Medium,Pending
BR004967,SMMS000388,C00057,Signal & Telecom,40,2025-06-12,Critical,Pending
BR004968,SMMS000389,C00029,Signal & Telecom,75,2025-06-28,Critical,Pending
BR004969,SMMS000390,C00018,Signal & Telecom,86,2025-06-17,Medium,Pending
BR004970,SMMS000392,C00070,Signal & Telecom,71,2025-06-21,Critical,Pending
BR004971,SMMS000393,C00010,Signal & Telecom,50,2025-06-18,Low,Pending
BR004972,SMMS000394,C00036,Signal & Telecom,156,2025-06-20,Low,Pending
BR004973,SMMS000396,C00085,Signal & Telecom,77,2025-06-07,Low,Pending
BR004974,SMMS000397,C00043,Signal & Telecom,121,2025-06-07,Medium,Pending
BR004975,SMMS000398,C00056,Signal & Telecom,107,2025-06-12,Low,Pending
BR004976,SMMS000399,C00046,Signal & Telecom,96,2025-06-26,Medium,Pending
BR004977,SMMS000401,C00098,Signal & Telecom,162,2025-06-28,High,Pending
BR004978,SMMS000402,C00006,Signal & Telecom,177,2025-06-25,Low,Pending
BR004979,SMMS000403,C00045,Signal & Telecom,169,2025-06-24,Low,Pending
BR004980,SMMS000404,C00092,Signal & Telecom,138,2025-06-19,Critical,Pending
BR004981,SMMS000405,C00037,Signal & Telecom,97,2025-06-17,Low,Pending
BR004982,SMMS000406,C00050,Signal & Telecom,88,2025-06-07,Medium,Pending
BR004983,SMMS000407,C00097,Signal & Telecom,88,2025-06-14,Low,Pending
BR004984,SMMS000411,C00025,Signal & Telecom,111,2025-06-28,High,Pending
BR004985,SMMS000412,C00027,Signal & Telecom,119,2025-06-15,Low,Pending
BR004986,SMMS000413,C00050,Signal & Telecom,73,2025-06-02,Medium,Pending
BR004987,SMMS000414,C00059,Signal & Telecom,122,2025-06-01,Medium,Pending
BR004988,SMMS000415,C00085,Signal & Telecom,124,2025-06-12,Low,Pending
BR004989,SMMS000416,C00053,Signal & Telecom,34,2025-06-05,Medium,Pending
BR004990,SMMS000420,C00015,Signal & Telecom,131,2025-06-16,Medium,Pending
BR004991,SMMS000421,C00010,Signal & Telecom,135,2025-06-15,High,Pending
BR004992,SMMS000424,C00098,Signal & Telecom,118,2025-06-15,Low,Pending
BR004993,SMMS000425,C00045,Signal & Telecom,132,2025-06-21,Medium,Pending
BR004994,SMMS000426,C00042,Signal & Telecom,32,2025-06-05,Low,Pending
BR004995,SMMS000429,C00058,Signal & Telecom,156,2025-06-25,Low,Pending
BR004996,SMMS000430,C00099,Signal & Telecom,178,2025-06-08,Low,Pending
BR004997,SMMS000431,C00093,Signal & Telecom,141,2025-06-10,Medium,Pending
BR004998,SMMS000432,C00043,Signal & Telecom,187,2025-06-18,High,Pending
BR004999,SMMS000433,C00051,Signal & Telecom,177,2025-06-11,Medium,Pending
BR005000,SMMS000434,C00060,Signal & Telecom,36,2025-06-21,High,Pending
BR005001,SMMS000435,C00098,Signal & Telecom,130,2025-06-18,Low,Pending
BR005002,SMMS000436,C00085,Signal & Telecom,152,2025-06-27,Critical,Pending
BR005003,SMMS000437,C00013,Signal & Telecom,158,2025-06-03,Medium,Pending
BR005004,SMMS000438,C00044,Signal & Telecom,57,2025-06-10,Medium,Pending
BR005005,SMMS000441,C00007,Signal & Telecom,113,2025-06-26,Medium,Pending
BR005006,SMMS000444,C00007,Signal & Telecom,116,2025-06-19,Medium,Pending
BR005007,SMMS000445,C00078,Signal & Telecom,108,2025-06-23,Low,Pending
BR005008,SMMS000446,C00087,Signal & Telecom,166,2025-06-21,Critical,Pending
BR005009,SMMS000447,C00064,Signal & Telecom,115,2025-06-02,Critical,Pending
BR005010,SMMS000448,C00035,Signal & Telecom,95,2025-06-18,Low,Pending
BR005011,SMMS000449,C00013,Signal & Telecom,106,2025-06-03,Low,Pending
BR005012,SMMS000450,C00047,Signal & Telecom,195,2025-06-28,Low,Pending
BR005013,SMMS000451,C00093,Signal & Telecom,50,2025-06-28,Low,Pending
BR005014,SMMS000453,C00100,Signal & Telecom,181,2025-06-25,Medium,Pending
BR005015,SMMS000454,C00079,Signal & Telecom,91,2025-06-10,Low,Pending
BR005016,SMMS000455,C00058,Signal & Telecom,216,2025-06-30,Medium,Pending
BR005017,SMMS000458,C00033,Signal & Telecom,70,2025-06-22,Medium,Pending
BR005018,SMMS000459,C00016,Signal & Telecom,53,2025-06-24,Critical,Pending
BR005019,SMMS000460,C00026,Signal & Telecom,96,2025-06-26,Low,Pending
BR005020,SMMS000461,C00014,Signal & Telecom,175,2025-06-28,Low,Pending
BR005021,SMMS000462,C00046,Signal & Telecom,131,2025-06-20,High,Pending
BR005022,SMMS000463,C00066,Signal & Telecom,62,2025-06-10,High,Pending
BR005023,SMMS000465,C00096,Signal & Telecom,203,2025-06-28,Low,Pending
BR005024,SMMS000466,C00002,Signal & Telecom,93,2025-06-17,Medium,Pending
BR005025,SMMS000467,C00093,Signal & Telecom,97,2025-06-17,Low,Pending
BR005026,SMMS000468,C00008,Signal & Telecom,191,2025-06-17,Medium,Pending
BR005027,SMMS000470,C00095,Signal & Telecom,173,2025-06-17,High,Pending
BR005028,SMMS000471,C00053,Signal & Telecom,126,2025-06-19,Medium,Pending
BR005029,SMMS000472,C00095,Signal & Telecom,136,2025-06-29,Low,Pending
BR005030,SMMS000473,C00088,Signal & Telecom,92,2025-06-14,Medium,Pending
BR005031,SMMS000474,C00028,Signal & Telecom,164,2025-06-29,Medium,Pending
BR005032,SMMS000475,C00022,Signal & Telecom,123,2025-06-24,Medium,Pending
BR005033,SMMS000476,C00068,Signal & Telecom,57,2025-06-16,High,Pending
BR005034,SMMS000478,C00066,Signal & Telecom,97,2025-06-30,Low,Pending
BR005035,SMMS000479,C00013,Signal & Telecom,56,2025-06-09,Medium,Pending
BR005036,SMMS000484,C00080,Signal & Telecom,86,2025-06-16,Medium,Pending
BR005037,SMMS000485,C00088,Signal & Telecom,139,2025-06-08,Medium,Pending
BR005038,SMMS000486,C00092,Signal & Telecom,113,2025-06-30,Medium,Pending
BR005039,SMMS000487,C00089,Signal & Telecom,133,2025-06-05,Medium,Pending
BR005040,SMMS000488,C00063,Signal & Telecom,101,2025-06-26,Low,Pending
BR005041,SMMS000489,C00005,Signal & Telecom,145,2025-06-30,Critical,Pending
BR005042,SMMS000490,C00097,Signal & Telecom,130,2025-06-15,Medium,Pending
BR005043,SMMS000491,C00061,Signal & Telecom,190,2025-06-04,High,Pending
BR005044,SMMS000493,C00009,Signal & Telecom,151,2025-06-01,Low,Pending
BR005045,SMMS000494,C00097,Signal & Telecom,99,2025-06-27,Medium,Pending
BR005046,SMMS000496,C00064,Signal & Telecom,97,2025-06-30,Low,Pending
BR005047,SMMS000498,C00034,Signal & Telecom,191,2025-06-13,Medium,Pending
BR005048,SMMS000499,C00053,Signal & Telecom,146,2025-06-12,Medium,Pending
BR005049,SMMS000500,C00009,Signal & Telecom,111,2025-06-02,Low,Pending
BR005050,SMMS000501,C00006,Signal & Telecom,88,2025-06-16,High,Pending
BR005051,SMMS000502,C00077,Signal & Telecom,134,2025-06-18,Low,Pending
BR005052,SMMS000503,C00084,Signal & Telecom,47,2025-06-18,Medium,Pending
BR005053,SMMS000504,C00074,Signal & Telecom,144,2025-06-27,High,Pending
BR005054,SMMS000505,C00019,Signal & Telecom,123,2025-06-12,Medium,Pending
BR005055,SMMS000506,C00077,Signal & Telecom,91,2025-06-14,Low,Pending
BR005056,SMMS000507,C00068,Signal & Telecom,228,2025-06-30,Medium,Pending
BR005057,SMMS000508,C00056,Signal & Telecom,83,2025-06-14,Medium,Pending
BR005058,SMMS000509,C00076,Signal & Telecom,172,2025-06-29,Low,Pending
BR005059,SMMS000510,C00066,Signal & Telecom,238,2025-06-06,High,Pending
BR005060,SMMS000511,C00066,Signal & Telecom,32,2025-06-27,Medium,Pending
BR005061,SMMS000512,C00054,Signal & Telecom,169,2025-06-22,High,Pending
BR005062,SMMS000516,C00093,Signal & Telecom,95,2025-06-24,Medium,Pending
BR005063,SMMS000517,C00091,Signal & Telecom,227,2025-06-11,Low,Pending
BR005064,SMMS000518,C00005,Signal & Telecom,165,2025-06-01,High,Pending
BR005065,SMMS000519,C00083,Signal & Telecom,149,2025-06-24,Low,Pending
BR005066,SMMS000520,C00021,Signal & Telecom,194,2025-06-18,Medium,Pending
BR005067,SMMS000521,C00020,Signal & Telecom,97,2025-06-06,Critical,Pending
BR005068,SMMS000522,C00016,Signal & Telecom,153,2025-06-23,Critical,Pending
BR005069,SMMS000523,C00079,Signal & Telecom,255,2025-06-01,Critical,Pending
BR005070,SMMS000525,C00014,Signal & Telecom,176,2025-06-30,Medium,Pending
BR005071,SMMS000526,C00059,Signal & Telecom,207,2025-06-07,Low,Pending
BR005072,SMMS000528,C00064,Signal & Telecom,95,2025-06-09,Low,Pending
BR005073,SMMS000529,C00011,Signal & Telecom,212,2025-06-25,Critical,Pending
BR005074,SMMS000531,C00005,Signal & Telecom,141,2025-06-11,Low,Pending
BR005075,SMMS000532,C00038,Signal & Telecom,72,2025-06-29,Low,Pending
BR005076,SMMS000533,C00096,Signal & Telecom,81,2025-06-30,Medium,Pending
BR005077,SMMS000534,C00064,Signal & Telecom,196,2025-06-11,Medium,Pending
BR005078,SMMS000535,C00040,Signal & Telecom,258,2025-06-07,Critical,Pending
BR005079,SMMS000537,C00033,Signal & Telecom,186,2025-06-15,High,Pending
BR005080,SMMS000539,C00045,Signal & Telecom,146,2025-06-25,High,Pending
BR005081,SMMS000540,C00083,Signal & Telecom,53,2025-06-07,Medium,Pending
BR005082,SMMS000542,C00025,Signal & Telecom,207,2025-06-11,Critical,Pending
BR005083,SMMS000544,C00052,Signal & Telecom,126,2025-06-20,High,Pending
BR005084,SMMS000545,C00041,Signal & Telecom,172,2025-06-23,High,Pending
BR005085,SMMS000546,C00068,Signal & Telecom,54,2025-06-24,Low,Pending
BR005086,SMMS000548,C00023,Signal & Telecom,173,2025-06-26,Low,Pending
BR005087,SMMS000549,C00072,Signal & Telecom,207,2025-06-19,High,Pending
BR005088,SMMS000550,C00028,Signal & Telecom,96,2025-06-02,Low,Pending
BR005089,SMMS000551,C00053,Signal & Telecom,92,2025-06-16,Medium,Pending
BR005090,SMMS000553,C00057,Signal & Telecom,119,2025-06-14,High,Pending
BR005091,SMMS000554,C00094,Signal & Telecom,82,2025-06-28,Low,Pending
BR005092,SMMS000555,C00057,Signal & Telecom,77,2025-06-14,Medium,Pending
BR005093,SMMS000556,C00097,Signal & Telecom,149,2025-06-10,Medium,Pending
BR005094,SMMS000557,C00037,Signal & Telecom,168,2025-06-11,Medium,Pending
BR005095,SMMS000558,C00003,Signal & Telecom,114,2025-06-28,Low,Pending
BR005096,SMMS000559,C00073,Signal & Telecom,102,2025-06-20,Medium,Pending
BR005097,SMMS000560,C00030,Signal & Telecom,236,2025-06-02,Low,Pending
BR005098,SMMS000562,C00035,Signal & Telecom,191,2025-06-14,High,Pending
BR005099,SMMS000564,C00009,Signal & Telecom,167,2025-06-15,High,Pending
BR005100,SMMS000566,C00039,Signal & Telecom,125,2025-06-22,Low,Pending
BR005101,SMMS000567,C00081,Signal & Telecom,61,2025-06-06,Medium,Pending
BR005102,SMMS000568,C00004,Signal & Telecom,247,2025-06-23,High,Pending
BR005103,SMMS000569,C00026,Signal & Telecom,158,2025-06-04,Low,Pending
BR005104,SMMS000570,C00078,Signal & Telecom,52,2025-06-23,Medium,Pending
BR005105,SMMS000571,C00034,Signal & Telecom,79,2025-06-07,Low,Pending
BR005106,SMMS000572,C00029,Signal & Telecom,135,2025-06-02,Low,Pending
BR005107,SMMS000573,C00043,Signal & Telecom,224,2025-06-05,Low,Pending
BR005108,SMMS000574,C00051,Signal & Telecom,172,2025-06-30,Critical,Pending
BR005109,SMMS000575,C00026,Signal & Telecom,159,2025-06-24,Medium,Pending
BR005110,SMMS000576,C00047,Signal & Telecom,194,2025-06-29,Medium,Pending
BR005111,SMMS000577,C00063,Signal & Telecom,62,2025-06-19,High,Pending
BR005112,SMMS000578,C00053,Signal & Telecom,168,2025-06-27,Medium,Pending
BR005113,SMMS000579,C00013,Signal & Telecom,157,2025-06-03,High,Pending
BR005114,SMMS000580,C00061,Signal & Telecom,185,2025-06-04,Medium,Pending
BR005115,SMMS000582,C00011,Signal & Telecom,92,2025-06-08,Medium,Pending
BR005116,SMMS000583,C00063,Signal & Telecom,197,2025-06-12,Low,Pending
BR005117,SMMS000584,C00098,Signal & Telecom,161,2025-06-28,Medium,Pending
BR005118,SMMS000586,C00008,Signal & Telecom,119,2025-06-25,Low,Pending
BR005119,SMMS000587,C00065,Signal & Telecom,134,2025-06-23,Low,Pending
BR005120,SMMS000588,C00016,Signal & Telecom,145,2025-06-05,Medium,Pending
BR005121,SMMS000589,C00032,Signal & Telecom,188,2025-06-13,High,Pending
BR005122,SMMS000590,C00090,Signal & Telecom,144,2025-06-14,Medium,Pending
BR005123,SMMS000591,C00098,Signal & Telecom,77,2025-06-07,Critical,Pending
BR005124,SMMS000592,C00053,Signal & Telecom,143,2025-06-22,Medium,Pending
BR005125,SMMS000594,C00061,Signal & Telecom,133,2025-06-19,Medium,Pending
BR005126,SMMS000595,C00052,Signal & Telecom,93,2025-06-02,Low,Pending
BR005127,SMMS000596,C00100,Signal & Telecom,192,2025-06-03,Medium,Pending
BR005128,SMMS000598,C00084,Signal & Telecom,64,2025-06-08,Medium,Pending
BR005129,SMMS000600,C00072,Signal & Telecom,118,2025-06-21,Medium,Pending
BR005130,SMMS000601,C00066,Signal & Telecom,141,2025-06-14,Low,Pending
BR005131,SMMS000602,C00023,Signal & Telecom,149,2025-06-29,Low,Pending
BR005132,SMMS000604,C00090,Signal & Telecom,140,2025-06-17,Medium,Pending
BR005133,SMMS000605,C00017,Signal & Telecom,93,2025-06-15,Medium,Pending
BR005134,SMMS000607,C00092,Signal & Telecom,251,2025-06-30,Medium,Pending
BR005135,SMMS000608,C00047,Signal & Telecom,207,2025-06-11,High,Pending
BR005136,SMMS000609,C00038,Signal & Telecom,87,2025-06-01,Medium,Pending
BR005137,SMMS000611,C00058,Signal & Telecom,142,2025-06-26,Low,Pending
BR005138,SMMS000612,C00060,Signal & Telecom,212,2025-06-29,Medium,Pending
BR005139,SMMS000613,C00099,Signal & Telecom,139,2025-06-19,High,Pending
BR005140,SMMS000614,C00031,Signal & Telecom,132,2025-06-28,Medium,Pending
BR005141,SMMS000616,C00078,Signal & Telecom,133,2025-06-01,High,Pending
BR005142,SMMS000617,C00017,Signal & Telecom,104,2025-06-11,Low,Pending
BR005143,SMMS000618,C00038,Signal & Telecom,120,2025-06-04,Critical,Pending
BR005144,SMMS000619,C00076,Signal & Telecom,128,2025-06-05,High,Pending
BR005145,SMMS000620,C00026,Signal & Telecom,108,2025-06-07,Low,Pending
BR005146,SMMS000621,C00057,Signal & Telecom,34,2025-06-12,Medium,Pending
BR005147,SMMS000622,C00049,Signal & Telecom,182,2025-06-05,Low,Pending
BR005148,SMMS000624,C00072,Signal & Telecom,232,2025-06-12,High,Pending
BR005149,SMMS000626,C00079,Signal & Telecom,132,2025-06-21,Medium,Pending
BR005150,SMMS000627,C00022,Signal & Telecom,195,2025-06-26,High,Pending
BR005151,SMMS000628,C00078,Signal & Telecom,132,2025-06-27,High,Pending
BR005152,SMMS000631,C00037,Signal & Telecom,150,2025-06-26,Low,Pending
BR005153,SMMS000632,C00044,Signal & Telecom,183,2025-06-14,High,Pending
BR005154,SMMS000633,C00077,Signal & Telecom,101,2025-06-28,High,Pending
BR005155,SMMS000634,C00082,Signal & Telecom,213,2025-06-30,Medium,Pending
BR005156,SMMS000636,C00041,Signal & Telecom,216,2025-06-15,Low,Pending
BR005157,SMMS000638,C00053,Signal & Telecom,61,2025-06-24,Low,Pending
BR005158,SMMS000639,C00056,Signal & Telecom,123,2025-06-09,Medium,Pending
BR005159,SMMS000640,C00026,Signal & Telecom,148,2025-06-08,Low,Pending
BR005160,SMMS000641,C00071,Signal & Telecom,93,2025-06-19,High,Pending
BR005161,SMMS000642,C00050,Signal & Telecom,165,2025-06-07,Medium,Pending
BR005162,SMMS000643,C00058,Signal & Telecom,95,2025-06-30,Medium,Pending
BR005163,SMMS000644,C00097,Signal & Telecom,76,2025-06-08,High,Pending
BR005164,SMMS000646,C00002,Signal & Telecom,111,2025-06-06,Medium,Pending
BR005165,SMMS000647,C00045,Signal & Telecom,167,2025-06-05,Low,Pending
BR005166,SMMS000652,C00042,Signal & Telecom,49,2025-06-07,High,Pending
BR005167,SMMS000653,C00079,Signal & Telecom,102,2025-06-22,High,Pending
BR005168,SMMS000656,C00064,Signal & Telecom,186,2025-06-28,Critical,Pending
BR005169,SMMS000657,C00075,Signal & Telecom,199,2025-06-24,Low,Pending
BR005170,SMMS000658,C00003,Signal & Telecom,95,2025-06-29,High,Pending
BR005171,SMMS000659,C00079,Signal & Telecom,211,2025-06-19,High,Pending
BR005172,SMMS000660,C00023,Signal & Telecom,146,2025-06-29,Medium,Pending
BR005173,SMMS000661,C00023,Signal & Telecom,69,2025-06-06,Medium,Pending
BR005174,SMMS000662,C00018,Signal & Telecom,86,2025-06-16,Medium,Pending
BR005175,SMMS000663,C00080,Signal & Telecom,115,2025-06-01,Low,Pending
BR005176,SMMS000666,C00083,Signal & Telecom,135,2025-06-23,High,Pending
BR005177,SMMS000667,C00038,Signal & Telecom,124,2025-06-24,Medium,Pending
BR005178,SMMS000668,C00099,Signal & Telecom,137,2025-06-09,Low,Pending
BR005179,SMMS000669,C00024,Signal & Telecom,65,2025-06-28,High,Pending
BR005180,SMMS000671,C00050,Signal & Telecom,169,2025-06-14,Medium,Pending
BR005181,SMMS000672,C00053,Signal & Telecom,111,2025-06-27,Medium,Pending
BR005182,SMMS000673,C00098,Signal & Telecom,107,2025-06-28,Medium,Pending
BR005183,SMMS000674,C00065,Signal & Telecom,89,2025-06-24,Medium,Pending
BR005184,SMMS000675,C00093,Signal & Telecom,106,2025-06-06,Low,Pending
BR005185,SMMS000676,C00011,Signal & Telecom,91,2025-06-02,Medium,Pending
BR005186,SMMS000677,C00069,Signal & Telecom,145,2025-06-28,Medium,Pending
BR005187,SMMS000678,C00051,Signal & Telecom,146,2025-06-17,Low,Pending
BR005188,SMMS000680,C00076,Signal & Telecom,149,2025-06-06,Low,Pending
BR005189,SMMS000681,C00068,Signal & Telecom,196,2025-06-25,High,Pending
BR005190,SMMS000682,C00084,Signal & Telecom,122,2025-06-16,Low,Pending
BR005191,SMMS000683,C00025,Signal & Telecom,119,2025-06-15,High,Pending
BR005192,SMMS000687,C00021,Signal & Telecom,262,2025-06-21,Critical,Pending
BR005193,SMMS000688,C00084,Signal & Telecom,141,2025-06-01,Low,Pending
BR005194,SMMS000689,C00060,Signal & Telecom,140,2025-06-03,Medium,Pending
BR005195,SMMS000690,C00097,Signal & Telecom,106,2025-06-25,Critical,Pending
BR005196,SMMS000691,C00083,Signal & Telecom,206,2025-06-11,Low,Pending
BR005197,SMMS000692,C00021,Signal & Telecom,100,2025-06-14,Medium,Pending
BR005198,SMMS000693,C00052,Signal & Telecom,121,2025-06-01,Medium,Pending
BR005199,SMMS000694,C00069,Signal & Telecom,183,2025-06-09,Low,Pending
BR005200,SMMS000695,C00003,Signal & Telecom,51,2025-06-08,Low,Pending
BR005201,SMMS000696,C00007,Signal & Telecom,48,2025-06-13,High,Pending
BR005202,SMMS000697,C00100,Signal & Telecom,116,2025-06-21,Critical,Pending
BR005203,SMMS000698,C00086,Signal & Telecom,121,2025-06-28,High,Pending
BR005204,SMMS000699,C00025,Signal & Telecom,109,2025-06-26,Medium,Pending
BR005205,SMMS000700,C00009,Signal & Telecom,176,2025-06-02,Medium,Pending
BR005206,SMMS000701,C00088,Signal & Telecom,115,2025-06-07,Low,Pending
BR005207,SMMS000702,C00004,Signal & Telecom,145,2025-06-19,Low,Pending
BR005208,SMMS000703,C00089,Signal & Telecom,165,2025-06-11,Low,Pending
BR005209,SMMS000705,C00091,Signal & Telecom,147,2025-06-28,Medium,Pending
BR005210,SMMS000706,C00089,Signal & Telecom,136,2025-06-19,Low,Pending
BR005211,SMMS000707,C00089,Signal & Telecom,242,2025-06-20,Medium,Pending
BR005212,SMMS000708,C00031,Signal & Telecom,47,2025-06-26,Low,Pending
BR005213,SMMS000709,C00053,Signal & Telecom,188,2025-06-09,Critical,Pending
BR005214,SMMS000710,C00033,Signal & Telecom,109,2025-06-06,Medium,Pending
BR005215,SMMS000711,C00067,Signal & Telecom,103,2025-06-18,Medium,Pending
BR005216,SMMS000712,C00015,Signal & Telecom,100,2025-06-21,Low,Pending
BR005217,SMMS000713,C00009,Signal & Telecom,62,2025-06-04,High,Pending
BR005218,SMMS000715,C00052,Signal & Telecom,284,2025-06-13,Critical,Pending
BR005219,SMMS000717,C00077,Signal & Telecom,143,2025-06-25,Medium,Pending
BR005220,SMMS000718,C00066,Signal & Telecom,68,2025-06-04,Low,Pending
BR005221,SMMS000719,C00050,Signal & Telecom,171,2025-06-29,Medium,Pending
BR005222,SMMS000720,C00027,Signal & Telecom,116,2025-06-15,Low,Pending
BR005223,SMMS000721,C00088,Signal & Telecom,60,2025-06-15,Low,Pending
BR005224,SMMS000722,C00017,Signal & Telecom,162,2025-06-28,High,Pending
BR005225,SMMS000723,C00059,Signal & Telecom,171,2025-06-08,High,Pending
BR005226,SMMS000724,C00078,Signal & Telecom,53,2025-06-29,Medium,Pending
BR005227,SMMS000725,C00077,Signal & Telecom,96,2025-06-07,Medium,Pending
BR005228,SMMS000726,C00052,Signal & Telecom,149,2025-06-24,Medium,Pending
BR005229,SMMS000727,C00047,Signal & Telecom,81,2025-06-28,High,Pending
BR005230,SMMS000728,C00009,Signal & Telecom,167,2025-06-18,Medium,Pending
BR005231,SMMS000729,C00058,Signal & Telecom,172,2025-06-16,Low,Pending
BR005232,SMMS000730,C00002,Signal & Telecom,168,2025-06-01,Medium,Pending
BR005233,SMMS000732,C00038,Signal & Telecom,144,2025-06-13,Low,Pending
BR005234,SMMS000735,C00035,Signal & Telecom,149,2025-06-22,High,Pending
BR005235,SMMS000736,C00067,Signal & Telecom,85,2025-06-12,Medium,Pending
BR005236,SMMS000738,C00035,Signal & Telecom,89,2025-06-07,Low,Pending
BR005237,SMMS000739,C00035,Signal & Telecom,62,2025-06-18,Low,Pending
BR005238,SMMS000740,C00059,Signal & Telecom,136,2025-06-20,Medium,Pending
BR005239,SMMS000741,C00024,Signal & Telecom,46,2025-06-06,Low,Pending
BR005240,SMMS000743,C00010,Signal & Telecom,70,2025-06-11,Medium,Pending
BR005241,SMMS000745,C00033,Signal & Telecom,107,2025-06-28,Low,Pending
BR005242,SMMS000746,C00003,Signal & Telecom,86,2025-06-13,Medium,Pending
BR005243,SMMS000747,C00016,Signal & Telecom,145,2025-06-16,High,Pending
BR005244,SMMS000749,C00059,Signal & Telecom,74,2025-06-05,Critical,Pending
BR005245,SMMS000750,C00032,Signal & Telecom,116,2025-06-09,High,Pending
BR005246,SMMS000751,C00087,Signal & Telecom,77,2025-06-09,Medium,Pending
BR005247,SMMS000752,C00090,Signal & Telecom,139,2025-06-27,Low,Pending
BR005248,SMMS000753,C00045,Signal & Telecom,153,2025-06-18,High,Pending
BR005249,SMMS000754,C00088,Signal & Telecom,103,2025-06-15,High,Pending
BR005250,SMMS000756,C00057,Signal & Telecom,121,2025-06-22,Low,Pending
BR005251,SMMS000758,C00015,Signal & Telecom,103,2025-06-02,Medium,Pending
BR005252,SMMS000760,C00033,Signal & Telecom,44,2025-06-25,Low,Pending
BR005253,SMMS000761,C00020,Signal & Telecom,159,2025-06-03,Medium,Pending
BR005254,SMMS000762,C00098,Signal & Telecom,88,2025-06-12,High,Pending
BR005255,SMMS000763,C00003,Signal & Telecom,228,2025-06-03,High,Pending
BR005256,SMMS000764,C00014,Signal & Telecom,138,2025-06-11,Medium,Pending
BR005257,SMMS000765,C00052,Signal & Telecom,149,2025-06-18,Medium,Pending
BR005258,SMMS000766,C00006,Signal & Telecom,107,2025-06-17,Medium,Pending
BR005259,SMMS000767,C00027,Signal & Telecom,97,2025-06-08,Critical,Pending
BR005260,SMMS000768,C00083,Signal & Telecom,155,2025-06-08,Low,Pending
BR005261,SMMS000769,C00097,Signal & Telecom,96,2025-06-28,Low,Pending
BR005262,SMMS000770,C00050,Signal & Telecom,72,2025-06-05,Medium,Pending
BR005263,SMMS000772,C00041,Signal & Telecom,157,2025-06-20,Medium,Pending
BR005264,SMMS000774,C00092,Signal & Telecom,165,2025-06-11,Medium,Pending
BR005265,SMMS000777,C00004,Signal & Telecom,110,2025-06-09,High,Pending
BR005266,SMMS000779,C00031,Signal & Telecom,171,2025-06-26,High,Pending
BR005267,SMMS000780,C00069,Signal & Telecom,186,2025-06-20,Medium,Pending
BR005268,SMMS000781,C00077,Signal & Telecom,91,2025-06-06,Medium,Pending
BR005269,SMMS000783,C00071,Signal & Telecom,40,2025-06-09,Low,Pending
BR005270,SMMS000784,C00088,Signal & Telecom,135,2025-06-08,High,Pending
BR005271,SMMS000786,C00074,Signal & Telecom,100,2025-06-20,Low,Pending
BR005272,SMMS000787,C00029,Signal & Telecom,92,2025-06-16,Medium,Pending
BR005273,SMMS000788,C00065,Signal & Telecom,215,2025-06-09,Low,Pending
BR005274,SMMS000789,C00025,Signal & Telecom,121,2025-06-03,Medium,Pending
BR005275,SMMS000791,C00079,Signal & Telecom,132,2025-06-11,Medium,Pending
BR005276,SMMS000792,C00032,Signal & Telecom,129,2025-06-21,Low,Pending
BR005277,SMMS000793,C00021,Signal & Telecom,77,2025-06-02,Medium,Pending
BR005278,SMMS000794,C00077,Signal & Telecom,65,2025-06-27,Medium,Pending
BR005279,SMMS000797,C00057,Signal & Telecom,153,2025-06-07,Low,Pending
BR005280,SMMS000798,C00065,Signal & Telecom,204,2025-06-06,Critical,Pending
BR005281,SMMS000799,C00052,Signal & Telecom,82,2025-06-29,Medium,Pending
BR005282,SMMS000800,C00098,Signal & Telecom,97,2025-06-08,Low,Pending
BR005283,SMMS000801,C00048,Signal & Telecom,115,2025-06-19,High,Pending
BR005284,SMMS000804,C00023,Signal & Telecom,155,2025-06-30,High,Pending
BR005285,SMMS000805,C00054,Signal & Telecom,173,2025-06-15,Medium,Pending
BR005286,SMMS000806,C00053,Signal & Telecom,236,2025-06-14,Critical,Pending
BR005287,SMMS000807,C00056,Signal & Telecom,182,2025-06-29,Medium,Pending
BR005288,SMMS000809,C00006,Signal & Telecom,93,2025-06-10,Medium,Pending
BR005289,SMMS000810,C00024,Signal & Telecom,119,2025-06-15,Medium,Pending
BR005290,SMMS000811,C00058,Signal & Telecom,82,2025-06-28,Medium,Pending
BR005291,SMMS000812,C00029,Signal & Telecom,110,2025-06-10,Medium,Pending
BR005292,SMMS000813,C00085,Signal & Telecom,167,2025-06-28,High,Pending
BR005293,SMMS000814,C00046,Signal & Telecom,213,2025-06-01,High,Pending
BR005294,SMMS000815,C00096,Signal & Telecom,97,2025-06-21,Medium,Pending
BR005295,SMMS000816,C00011,Signal & Telecom,150,2025-06-18,Low,Pending
BR005296,SMMS000817,C00089,Signal & Telecom,157,2025-06-21,Medium,Pending
BR005297,SMMS000818,C00071,Signal & Telecom,137,2025-06-07,Low,Pending
BR005298,SMMS000819,C00083,Signal & Telecom,44,2025-06-14,Medium,Pending
BR005299,SMMS000820,C00069,Signal & Telecom,126,2025-06-07,Low,Pending
BR005300,SMMS000821,C00007,Signal & Telecom,118,2025-06-07,Medium,Pending
BR005301,SMMS000822,C00081,Signal & Telecom,151,2025-06-09,High,Pending
BR005302,SMMS000824,C00025,Signal & Telecom,124,2025-06-15,Medium,Pending
BR005303,SMMS000826,C00016,Signal & Telecom,142,2025-06-17,Medium,Pending
BR005304,SMMS000827,C00082,Signal & Telecom,109,2025-06-04,Medium,Pending
BR005305,SMMS000828,C00020,Signal & Telecom,172,2025-06-19,Low,Pending
BR005306,SMMS000829,C00040,Signal & Telecom,114,2025-06-02,High,Pending
BR005307,SMMS000831,C00088,Signal & Telecom,165,2025-06-07,Medium,Pending
BR005308,SMMS000832,C00097,Signal & Telecom,95,2025-06-07,Low,Pending
BR005309,SMMS000833,C00052,Signal & Telecom,85,2025-06-11,High,Pending
BR005310,SMMS000834,C00051,Signal & Telecom,132,2025-06-07,Low,Pending
BR005311,SMMS000835,C00019,Signal & Telecom,102,2025-06-16,Medium,Pending
BR005312,SMMS000836,C00071,Signal & Telecom,71,2025-06-15,Medium,Pending
BR005313,SMMS000837,C00064,Signal & Telecom,156,2025-06-24,Low,Pending
BR005314,SMMS000838,C00074,Signal & Telecom,158,2025-06-01,High,Pending
BR005315,SMMS000839,C00049,Signal & Telecom,196,2025-06-24,Low,Pending
BR005316,SMMS000841,C00034,Signal & Telecom,123,2025-06-19,Critical,Pending
BR005317,SMMS000842,C00076,Signal & Telecom,154,2025-06-22,High,Pending
BR005318,SMMS000843,C00098,Signal & Telecom,97,2025-06-08,Medium,Pending
BR005319,SMMS000844,C00087,Signal & Telecom,167,2025-06-03,Low,Pending
BR005320,SMMS000845,C00044,Signal & Telecom,39,2025-06-13,Low,Pending
BR005321,SMMS000846,C00032,Signal & Telecom,107,2025-06-05,Low,Pending
BR005322,SMMS000847,C00038,Signal & Telecom,218,2025-06-04,Critical,Pending
BR005323,SMMS000848,C00089,Signal & Telecom,245,2025-06-30,High,Pending
BR005324,SMMS000849,C00066,Signal & Telecom,129,2025-06-07,Medium,Pending
BR005325,SMMS000852,C00095,Signal & Telecom,40,2025-06-25,Low,Pending
BR005326,SMMS000853,C00079,Signal & Telecom,79,2025-06-05,Medium,Pending
BR005327,SMMS000854,C00057,Signal & Telecom,150,2025-06-30,Low,Pending
BR005328,SMMS000855,C00030,Signal & Telecom,197,2025-06-19,Medium,Pending
BR005329,SMMS000860,C00097,Signal & Telecom,147,2025-06-02,Critical,Pending
BR005330,SMMS000861,C00078,Signal & Telecom,107,2025-06-22,Low,Pending
BR005331,SMMS000862,C00004,Signal & Telecom,100,2025-06-05,Low,Pending
BR005332,SMMS000863,C00007,Signal & Telecom,111,2025-06-30,Medium,Pending
BR005333,SMMS000864,C00056,Signal & Telecom,175,2025-06-18,Medium,Pending
BR005334,SMMS000865,C00088,Signal & Telecom,179,2025-06-07,Medium,Pending
BR005335,SMMS000866,C00077,Signal & Telecom,126,2025-06-15,Low,Pending
BR005336,SMMS000867,C00074,Signal & Telecom,201,2025-06-11,Medium,Pending
BR005337,SMMS000868,C00013,Signal & Telecom,86,2025-06-26,Low,Pending
BR005338,SMMS000869,C00028,Signal & Telecom,189,2025-06-08,Low,Pending
BR005339,SMMS000870,C00087,Signal & Telecom,102,2025-06-16,Medium,Pending
BR005340,SMMS000871,C00036,Signal & Telecom,122,2025-06-03,Low,Pending
BR005341,SMMS000872,C00060,Signal & Telecom,170,2025-06-08,Medium,Pending
BR005342,SMMS000873,C00055,Signal & Telecom,106,2025-06-14,Low,Pending
BR005343,SMMS000874,C00060,Signal & Telecom,139,2025-06-10,Low,Pending
BR005344,SMMS000875,C00070,Signal & Telecom,133,2025-06-13,High,Pending
BR005345,SMMS000876,C00065,Signal & Telecom,82,2025-06-24,Medium,Pending
BR005346,SMMS000877,C00067,Signal & Telecom,169,2025-06-21,Medium,Pending
BR005347,SMMS000878,C00083,Signal & Telecom,154,2025-06-11,Medium,Pending
BR005348,SMMS000879,C00004,Signal & Telecom,267,2025-06-12,High,Pending
BR005349,SMMS000880,C00020,Signal & Telecom,135,2025-06-12,Critical,Pending
BR005350,SMMS000881,C00049,Signal & Telecom,164,2025-06-30,High,Pending
BR005351,SMMS000883,C00042,Signal & Telecom,184,2025-06-09,Low,Pending
BR005352,SMMS000884,C00089,Signal & Telecom,130,2025-06-16,Low,Pending
BR005353,SMMS000885,C00045,Signal & Telecom,126,2025-06-13,Medium,Pending
BR005354,SMMS000886,C00062,Signal & Telecom,96,2025-06-12,High,Pending
BR005355,SMMS000887,C00014,Signal & Telecom,118,2025-06-21,Low,Pending
BR005356,SMMS000888,C00046,Signal & Telecom,75,2025-06-12,Low,Pending
BR005357,SMMS000889,C00032,Signal & Telecom,81,2025-06-18,Medium,Pending
BR005358,SMMS000890,C00088,Signal & Telecom,160,2025-06-09,Low,Pending
BR005359,SMMS000891,C00041,Signal & Telecom,156,2025-06-02,Medium,Pending
BR005360,SMMS000892,C00035,Signal & Telecom,142,2025-06-20,High,Pending
BR005361,SMMS000893,C00020,Signal & Telecom,187,2025-06-20,High,Pending
BR005362,SMMS000894,C00075,Signal & Telecom,128,2025-06-20,Medium,Pending
BR005363,SMMS000896,C00056,Signal & Telecom,95,2025-06-03,Medium,Pending
BR005364,SMMS000900,C00022,Signal & Telecom,174,2025-06-13,Medium,Pending
BR005365,SMMS000901,C00020,Signal & Telecom,66,2025-06-21,Medium,Pending
BR005366,SMMS000904,C00055,Signal & Telecom,131,2025-06-05,Medium,Pending
BR005367,SMMS000905,C00084,Signal & Telecom,160,2025-06-11,Medium,Pending
BR005368,SMMS000906,C00093,Signal & Telecom,239,2025-06-04,Medium,Pending
BR005369,SMMS000907,C00042,Signal & Telecom,168,2025-06-29,Low,Pending
BR005370,SMMS000908,C00008,Signal & Telecom,151,2025-06-07,Medium,Pending
BR005371,SMMS000909,C00078,Signal & Telecom,240,2025-06-05,High,Pending
BR005372,SMMS000910,C00005,Signal & Telecom,130,2025-06-09,Medium,Pending
BR005373,SMMS000911,C00083,Signal & Telecom,72,2025-06-12,Low,Pending
BR005374,SMMS000912,C00023,Signal & Telecom,104,2025-06-06,Medium,Pending
BR005375,SMMS000913,C00018,Signal & Telecom,158,2025-06-15,Medium,Pending
BR005376,SMMS000914,C00087,Signal & Telecom,64,2025-06-13,Medium,Pending
BR005377,SMMS000915,C00077,Signal & Telecom,73,2025-06-18,Low,Pending
BR005378,SMMS000916,C00041,Signal & Telecom,156,2025-06-10,Low,Pending
BR005379,SMMS000917,C00020,Signal & Telecom,157,2025-06-12,Medium,Pending
BR005380,SMMS000918,C00054,Signal & Telecom,69,2025-06-17,Medium,Pending
BR005381,SMMS000919,C00064,Signal & Telecom,110,2025-06-28,High,Pending
BR005382,SMMS000920,C00023,Signal & Telecom,228,2025-06-03,Critical,Pending
BR005383,SMMS000922,C00033,Signal & Telecom,75,2025-06-18,Medium,Pending
BR005384,SMMS000924,C00068,Signal & Telecom,119,2025-06-30,Low,Pending
BR005385,SMMS000925,C00080,Signal & Telecom,210,2025-06-26,Low,Pending
BR005386,SMMS000926,C00059,Signal & Telecom,60,2025-06-27,Low,Pending
BR005387,SMMS000927,C00034,Signal & Telecom,74,2025-06-05,Low,Pending
BR005388,SMMS000928,C00056,Signal & Telecom,44,2025-06-24,Low,Pending
BR005389,SMMS000929,C00018,Signal & Telecom,161,2025-06-13,Low,Pending
BR005390,SMMS000930,C00034,Signal & Telecom,109,2025-06-26,Low,Pending
BR005391,SMMS000932,C00024,Signal & Telecom,155,2025-06-01,Medium,Pending
BR005392,SMMS000933,C00030,Signal & Telecom,37,2025-06-02,Low,Pending
BR005393,SMMS000934,C00085,Signal & Telecom,83,2025-06-22,High,Pending
BR005394,SMMS000935,C00048,Signal & Telecom,50,2025-06-16,Medium,Pending
BR005395,SMMS000937,C00004,Signal & Telecom,54,2025-06-17,Low,Pending
BR005396,SMMS000938,C00090,Signal & Telecom,62,2025-06-21,Critical,Pending
BR005397,SMMS000940,C00072,Signal & Telecom,125,2025-06-20,High,Pending
BR005398,SMMS000941,C00051,Signal & Telecom,64,2025-06-03,Medium,Pending
BR005399,SMMS000943,C00091,Signal & Telecom,137,2025-06-04,Low,Pending
BR005400,SMMS000944,C00006,Signal & Telecom,170,2025-06-17,Medium,Pending
BR005401,SMMS000945,C00005,Signal & Telecom,96,2025-06-07,Medium,Pending
BR005402,SMMS000946,C00023,Signal & Telecom,229,2025-06-29,Low,Pending
BR005403,SMMS000947,C00004,Signal & Telecom,168,2025-06-26,Critical,Pending
BR005404,SMMS000948,C00074,Signal & Telecom,127,2025-06-06,High,Pending
BR005405,SMMS000950,C00027,Signal & Telecom,154,2025-06-20,Low,Pending
BR005406,SMMS000951,C00031,Signal & Telecom,58,2025-06-17,Medium,Pending
BR005407,SMMS000952,C00010,Signal & Telecom,139,2025-06-19,Low,Pending
BR005408,SMMS000953,C00069,Signal & Telecom,140,2025-06-10,High,Pending
BR005409,SMMS000954,C00006,Signal & Telecom,55,2025-06-08,Low,Pending
BR005410,SMMS000955,C00050,Signal & Telecom,175,2025-06-19,Low,Pending
BR005411,SMMS000956,C00017,Signal & Telecom,159,2025-06-09,Critical,Pending
BR005412,SMMS000957,C00056,Signal & Telecom,159,2025-06-28,High,Pending
BR005413,SMMS000958,C00047,Signal & Telecom,79,2025-06-21,Low,Pending
BR005414,SMMS000959,C00034,Signal & Telecom,116,2025-06-28,Medium,Pending
BR005415,SMMS000960,C00017,Signal & Telecom,223,2025-06-15,High,Pending
BR005416,SMMS000961,C00081,Signal & Telecom,129,2025-06-29,Medium,Pending
BR005417,SMMS000962,C00044,Signal & Telecom,163,2025-06-09,High,Pending
BR005418,SMMS000963,C00002,Signal & Telecom,178,2025-06-02,Medium,Pending
BR005419,SMMS000964,C00003,Signal & Telecom,95,2025-06-30,Critical,Pending
BR005420,SMMS000965,C00065,Signal & Telecom,87,2025-06-02,Medium,Pending
BR005421,SMMS000966,C00015,Signal & Telecom,106,2025-06-09,Medium,Pending
BR005422,SMMS000967,C00006,Signal & Telecom,152,2025-06-02,Medium,Pending
BR005423,SMMS000968,C00069,Signal & Telecom,172,2025-06-29,Low,Pending
BR005424,SMMS000969,C00088,Signal & Telecom,192,2025-06-08,Medium,Pending
BR005425,SMMS000970,C00050,Signal & Telecom,140,2025-06-07,Medium,Pending
BR005426,SMMS000971,C00012,Signal & Telecom,170,2025-06-01,Low,Pending
BR005427,SMMS000972,C00057,Signal & Telecom,95,2025-06-13,Medium,Pending
BR005428,SMMS000973,C00032,Signal & Telecom,308,2025-06-28,Critical,Pending
BR005429,SMMS000974,C00003,Signal & Telecom,113,2025-06-07,Medium,Pending
BR005430,SMMS000975,C00040,Signal & Telecom,121,2025-06-07,High,Pending
BR005431,SMMS000977,C00056,Signal & Telecom,52,2025-06-30,Low,Pending
BR005432,SMMS000978,C00085,Signal & Telecom,91,2025-06-14,Low,Pending
BR005433,SMMS000980,C00019,Signal & Telecom,94,2025-06-20,Medium,Pending
BR005434,SMMS000982,C00024,Signal & Telecom,192,2025-06-26,High,Pending
BR005435,SMMS000983,C00064,Signal & Telecom,131,2025-06-03,Medium,Pending
BR005436,SMMS000984,C00064,Signal & Telecom,136,2025-06-22,Medium,Pending
BR005437,SMMS000985,C00054,Signal & Telecom,205,2025-06-01,Critical,Pending
BR005438,SMMS000986,C00066,Signal & Telecom,87,2025-06-18,High,Pending
BR005439,SMMS000987,C00073,Signal & Telecom,117,2025-06-18,Medium,Pending
BR005440,SMMS000988,C00017,Signal & Telecom,87,2025-06-25,Medium,Pending
BR005441,SMMS000989,C00047,Signal & Telecom,174,2025-06-01,High,Pending
BR005442,SMMS000990,C00060,Signal & Telecom,136,2025-06-26,Medium,Pending
BR005443,SMMS000991,C00073,Signal & Telecom,99,2025-06-28,Low,Pending
BR005444,SMMS000992,C00008,Signal & Telecom,105,2025-06-26,Medium,Pending
BR005445,SMMS000993,C00037,Signal & Telecom,132,2025-06-06,Low,Pending
BR005446,SMMS000994,C00039,Signal & Telecom,156,2025-06-29,Medium,Pending
BR005447,SMMS000995,C00063,Signal & Telecom,163,2025-06-07,Medium,Pending
BR005448,SMMS000996,C00082,Signal & Telecom,83,2025-06-14,Low,Pending
BR005449,SMMS000997,C00024,Signal & Telecom,190,2025-06-04,Low,Pending
BR005450,SMMS000999,C00016,Signal & Telecom,65,2025-06-28,High,Pending
BR005451,SMMS001001,C00042,Signal & Telecom,129,2025-06-20,Medium,Pending
BR005452,SMMS001002,C00074,Signal & Telecom,178,2025-06-21,Low,Pending
BR005453,SMMS001003,C00037,Signal & Telecom,144,2025-06-19,Medium,Pending
BR005454,SMMS001004,C00063,Signal & Telecom,188,2025-06-30,Medium,Pending
BR005455,SMMS001006,C00038,Signal & Telecom,171,2025-06-22,Low,Pending
BR005456,SMMS001007,C00052,Signal & Telecom,84,2025-06-19,High,Pending
BR005457,SMMS001008,C00023,Signal & Telecom,168,2025-06-26,Low,Pending
BR005458,SMMS001010,C00046,Signal & Telecom,123,2025-06-11,High,Pending
BR005459,SMMS001012,C00078,Signal & Telecom,99,2025-06-23,Low,Pending
BR005460,SMMS001013,C00086,Signal & Telecom,128,2025-06-13,Medium,Pending
BR005461,SMMS001014,C00085,Signal & Telecom,203,2025-06-24,Low,Pending
BR005462,SMMS001015,C00080,Signal & Telecom,159,2025-06-05,Critical,Pending
BR005463,SMMS001016,C00085,Signal & Telecom,101,2025-06-11,High,Pending
BR005464,SMMS001017,C00005,Signal & Telecom,140,2025-06-09,Medium,Pending
BR005465,SMMS001018,C00058,Signal & Telecom,205,2025-06-01,Low,Pending
BR005466,SMMS001019,C00008,Signal & Telecom,110,2025-06-29,Low,Pending
BR005467,SMMS001021,C00059,Signal & Telecom,155,2025-06-26,Low,Pending
BR005468,SMMS001022,C00046,Signal & Telecom,206,2025-06-22,Critical,Pending
BR005469,SMMS001024,C00085,Signal & Telecom,123,2025-06-20,Medium,Pending
BR005470,SMMS001025,C00081,Signal & Telecom,177,2025-06-11,Critical,Pending
BR005471,SMMS001026,C00071,Signal & Telecom,64,2025-06-18,Low,Pending
BR005472,SMMS001028,C00021,Signal & Telecom,93,2025-06-08,Low,Pending
BR005473,SMMS001029,C00057,Signal & Telecom,136,2025-06-14,Medium,Pending
BR005474,SMMS001030,C00007,Signal & Telecom,79,2025-06-27,High,Pending
BR005475,SMMS001031,C00067,Signal & Telecom,102,2025-06-01,Critical,Pending
BR005476,SMMS001032,C00004,Signal & Telecom,82,2025-06-19,Low,Pending
BR005477,SMMS001033,C00021,Signal & Telecom,170,2025-06-07,Medium,Pending
BR005478,SMMS001034,C00047,Signal & Telecom,57,2025-06-04,Medium,Pending
BR005479,SMMS001035,C00006,Signal & Telecom,137,2025-06-07,Medium,Pending
BR005480,SMMS001036,C00054,Signal & Telecom,153,2025-06-23,Medium,Pending
BR005481,SMMS001037,C00055,Signal & Telecom,208,2025-06-07,High,Pending
BR005482,SMMS001038,C00070,Signal & Telecom,84,2025-06-14,Medium,Pending
BR005483,SMMS001039,C00001,Signal & Telecom,39,2025-06-10,Low,Pending
BR005484,SMMS001040,C00067,Signal & Telecom,163,2025-06-14,Medium,Pending
BR005485,SMMS001041,C00047,Signal & Telecom,85,2025-06-01,Low,Pending
BR005486,SMMS001042,C00055,Signal & Telecom,95,2025-06-20,Medium,Pending
BR005487,SMMS001043,C00014,Signal & Telecom,194,2025-06-26,Critical,Pending
BR005488,SMMS001046,C00014,Signal & Telecom,216,2025-06-30,High,Pending
BR005489,SMMS001048,C00017,Signal & Telecom,117,2025-06-28,Medium,Pending
BR005490,SMMS001049,C00003,Signal & Telecom,213,2025-06-17,Medium,Pending
BR005491,SMMS001050,C00012,Signal & Telecom,118,2025-06-29,Low,Pending
BR005492,SMMS001052,C00033,Signal & Telecom,101,2025-06-21,Medium,Pending
BR005493,SMMS001053,C00036,Signal & Telecom,160,2025-06-27,Medium,Pending
BR005494,SMMS001054,C00070,Signal & Telecom,155,2025-06-30,Medium,Pending
BR005495,SMMS001055,C00072,Signal & Telecom,183,2025-06-03,High,Pending
BR005496,SMMS001058,C00066,Signal & Telecom,72,2025-06-23,Low,Pending
BR005497,SMMS001059,C00028,Signal & Telecom,118,2025-06-10,High,Pending
BR005498,SMMS001060,C00055,Signal & Telecom,90,2025-06-26,Low,Pending
BR005499,SMMS001062,C00088,Signal & Telecom,183,2025-06-29,Medium,Pending
BR005500,SMMS001063,C00065,Signal & Telecom,93,2025-06-26,High,Pending
BR005501,SMMS001064,C00050,Signal & Telecom,77,2025-06-05,High,Pending
BR005502,SMMS001065,C00071,Signal & Telecom,125,2025-06-24,Medium,Pending
BR005503,SMMS001066,C00038,Signal & Telecom,159,2025-06-26,High,Pending
BR005504,SMMS001067,C00018,Signal & Telecom,155,2025-06-26,High,Pending
BR005505,SMMS001068,C00016,Signal & Telecom,214,2025-06-09,High,Pending
BR005506,SMMS001069,C00056,Signal & Telecom,62,2025-06-19,Low,Pending
BR005507,SMMS001071,C00007,Signal & Telecom,67,2025-06-28,Critical,Pending
BR005508,SMMS001072,C00022,Signal & Telecom,77,2025-06-23,Medium,Pending
BR005509,SMMS001073,C00043,Signal & Telecom,167,2025-06-01,High,Pending
BR005510,SMMS001074,C00085,Signal & Telecom,87,2025-06-05,Medium,Pending
BR005511,SMMS001076,C00054,Signal & Telecom,41,2025-06-04,High,Pending
BR005512,SMMS001077,C00008,Signal & Telecom,33,2025-06-08,Low,Pending
BR005513,SMMS001079,C00068,Signal & Telecom,263,2025-06-08,Medium,Pending
BR005514,SMMS001080,C00036,Signal & Telecom,128,2025-06-01,High,Pending
BR005515,SMMS001081,C00063,Signal & Telecom,132,2025-06-24,Critical,Pending
BR005516,SMMS001082,C00043,Signal & Telecom,181,2025-06-30,Medium,Pending
BR005517,SMMS001083,C00016,Signal & Telecom,233,2025-06-02,Medium,Pending
BR005518,SMMS001084,C00043,Signal & Telecom,142,2025-06-29,Low,Pending
BR005519,SMMS001085,C00016,Signal & Telecom,166,2025-06-01,High,Pending
BR005520,SMMS001087,C00064,Signal & Telecom,187,2025-06-20,High,Pending
BR005521,SMMS001088,C00098,Signal & Telecom,111,2025-06-09,Medium,Pending
BR005522,SMMS001089,C00069,Signal & Telecom,183,2025-06-11,Low,Pending
BR005523,SMMS001091,C00099,Signal & Telecom,169,2025-06-24,Medium,Pending
BR005524,SMMS001092,C00008,Signal & Telecom,68,2025-06-17,Low,Pending
BR005525,SMMS001093,C00002,Signal & Telecom,171,2025-06-05,Low,Pending
BR005526,SMMS001094,C00012,Signal & Telecom,60,2025-06-05,Low,Pending
BR005527,SMMS001095,C00020,Signal & Telecom,81,2025-06-12,Medium,Pending
BR005528,SMMS001096,C00045,Signal & Telecom,193,2025-06-04,Low,Pending
BR005529,SMMS001097,C00079,Signal & Telecom,105,2025-06-28,Low,Pending
BR005530,SMMS001098,C00064,Signal & Telecom,69,2025-06-18,Medium,Pending
BR005531,SMMS001100,C00023,Signal & Telecom,64,2025-06-07,High,Pending
BR005532,SMMS001102,C00031,Signal & Telecom,96,2025-06-19,Critical,Pending
BR005533,SMMS001104,C00022,Signal & Telecom,115,2025-06-15,Medium,Pending
BR005534,SMMS001105,C00008,Signal & Telecom,129,2025-06-28,Low,Pending
BR005535,SMMS001106,C00059,Signal & Telecom,113,2025-06-27,High,Pending
BR005536,SMMS001107,C00077,Signal & Telecom,219,2025-06-29,Medium,Pending
BR005537,SMMS001108,C00079,Signal & Telecom,229,2025-06-07,Medium,Pending
BR005538,SMMS001109,C00033,Signal & Telecom,70,2025-06-20,Medium,Pending
BR005539,SMMS001110,C00026,Signal & Telecom,251,2025-06-13,Low,Pending
BR005540,SMMS001111,C00020,Signal & Telecom,77,2025-06-24,Medium,Pending
BR005541,SMMS001112,C00100,Signal & Telecom,166,2025-06-12,Low,Pending
BR005542,SMMS001113,C00087,Signal & Telecom,148,2025-06-01,Critical,Pending
BR005543,SMMS001114,C00064,Signal & Telecom,136,2025-06-07,Low,Pending
BR005544,SMMS001116,C00025,Signal & Telecom,166,2025-06-15,Medium,Pending
BR005545,SMMS001117,C00062,Signal & Telecom,139,2025-06-24,Medium,Pending
BR005546,SMMS001118,C00091,Signal & Telecom,143,2025-06-14,High,Pending
BR005547,SMMS001120,C00089,Signal & Telecom,88,2025-06-10,Low,Pending
BR005548,SMMS001121,C00099,Signal & Telecom,136,2025-06-16,Low,Pending
BR005549,SMMS001122,C00047,Signal & Telecom,105,2025-06-06,Medium,Pending
BR005550,SMMS001123,C00019,Signal & Telecom,85,2025-06-26,Critical,Pending
BR005551,SMMS001127,C00066,Signal & Telecom,198,2025-06-20,Critical,Pending
BR005552,SMMS001128,C00070,Signal & Telecom,68,2025-06-21,High,Pending
BR005553,SMMS001129,C00037,Signal & Telecom,158,2025-06-16,Low,Pending
BR005554,SMMS001130,C00073,Signal & Telecom,60,2025-06-21,Medium,Pending
BR005555,SMMS001131,C00090,Signal & Telecom,181,2025-06-27,Medium,Pending
BR005556,SMMS001132,C00068,Signal & Telecom,117,2025-06-03,Medium,Pending
BR005557,SMMS001133,C00080,Signal & Telecom,196,2025-06-30,Critical,Pending
BR005558,SMMS001135,C00086,Signal & Telecom,225,2025-06-30,Low,Pending
BR005559,SMMS001136,C00025,Signal & Telecom,169,2025-06-11,Medium,Pending
BR005560,SMMS001137,C00044,Signal & Telecom,140,2025-06-25,Medium,Pending
BR005561,SMMS001138,C00024,Signal & Telecom,154,2025-06-09,High,Pending
BR005562,SMMS001139,C00060,Signal & Telecom,107,2025-06-20,High,Pending
BR005563,SMMS001140,C00049,Signal & Telecom,105,2025-06-28,High,Pending
BR005564,SMMS001142,C00084,Signal & Telecom,208,2025-06-08,Low,Pending
BR005565,SMMS001143,C00011,Signal & Telecom,49,2025-06-16,Low,Pending
BR005566,SMMS001144,C00097,Signal & Telecom,88,2025-06-19,Medium,Pending
BR005567,SMMS001147,C00085,Signal & Telecom,97,2025-06-29,Medium,Pending
BR005568,SMMS001148,C00080,Signal & Telecom,76,2025-06-17,High,Pending
BR005569,SMMS001149,C00070,Signal & Telecom,122,2025-06-28,Medium,Pending
BR005570,SMMS001150,C00002,Signal & Telecom,119,2025-06-17,Medium,Pending
BR005571,SMMS001151,C00066,Signal & Telecom,74,2025-06-15,High,Pending
BR005572,SMMS001152,C00024,Signal & Telecom,156,2025-06-06,High,Pending
BR005573,SMMS001153,C00027,Signal & Telecom,189,2025-06-02,Critical,Pending
BR005574,SMMS001154,C00048,Signal & Telecom,163,2025-06-02,Medium,Pending
BR005575,SMMS001156,C00061,Signal & Telecom,197,2025-06-10,Medium,Pending
BR005576,SMMS001157,C00012,Signal & Telecom,118,2025-06-23,Medium,Pending
BR005577,SMMS001158,C00009,Signal & Telecom,155,2025-06-20,High,Pending
BR005578,SMMS001159,C00062,Signal & Telecom,138,2025-06-20,Medium,Pending
BR005579,SMMS001163,C00067,Signal & Telecom,251,2025-06-26,High,Pending
BR005580,SMMS001164,C00032,Signal & Telecom,78,2025-06-19,High,Pending
BR005581,SMMS001165,C00046,Signal & Telecom,95,2025-06-14,Medium,Pending
BR005582,SMMS001166,C00100,Signal & Telecom,184,2025-06-21,Medium,Pending
BR005583,SMMS001167,C00030,Signal & Telecom,69,2025-06-09,High,Pending
BR005584,SMMS001168,C00071,Signal & Telecom,87,2025-06-30,Medium,Pending
BR005585,SMMS001169,C00062,Signal & Telecom,117,2025-06-22,Critical,Pending
BR005586,SMMS001174,C00018,Signal & Telecom,37,2025-06-19,Low,Pending
BR005587,SMMS001175,C00063,Signal & Telecom,41,2025-06-02,Medium,Pending
BR005588,SMMS001177,C00076,Signal & Telecom,110,2025-06-06,Low,Pending
BR005589,SMMS001178,C00016,Signal & Telecom,114,2025-06-06,Low,Pending
BR005590,SMMS001180,C00019,Signal & Telecom,191,2025-06-12,Low,Pending
BR005591,SMMS001181,C00023,Signal & Telecom,103,2025-06-16,Low,Pending
BR005592,SMMS001182,C00023,Signal & Telecom,80,2025-06-22,Medium,Pending
BR005593,SMMS001183,C00100,Signal & Telecom,123,2025-06-06,Medium,Pending
BR005594,SMMS001184,C00098,Signal & Telecom,197,2025-06-04,High,Pending
BR005595,SMMS001186,C00029,Signal & Telecom,212,2025-06-06,Low,Pending
BR005596,SMMS001187,C00060,Signal & Telecom,208,2025-06-12,Medium,Pending
BR005597,SMMS001188,C00098,Signal & Telecom,217,2025-06-11,High,Pending
BR005598,SMMS001189,C00086,Signal & Telecom,92,2025-06-13,Low,Pending
BR005599,SMMS001190,C00034,Signal & Telecom,109,2025-06-25,Low,Pending
BR005600,SMMS001191,C00098,Signal & Telecom,127,2025-06-04,Medium,Pending
BR005601,SMMS001194,C00004,Signal & Telecom,43,2025-06-01,Medium,Pending
BR005602,SMMS001195,C00092,Signal & Telecom,191,2025-06-04,High,Pending
BR005603,SMMS001196,C00027,Signal & Telecom,174,2025-06-18,Medium,Pending
BR005604,SMMS001197,C00002,Signal & Telecom,119,2025-06-19,High,Pending
BR005605,SMMS001198,C00092,Signal & Telecom,228,2025-06-04,Critical,Pending
BR005606,SMMS001199,C00012,Signal & Telecom,113,2025-06-28,Medium,Pending
BR005607,SMMS001201,C00078,Signal & Telecom,62,2025-06-29,Medium,Pending
BR005608,SMMS001202,C00100,Signal & Telecom,114,2025-06-24,Medium,Pending
BR005609,SMMS001203,C00039,Signal & Telecom,94,2025-06-18,Low,Pending
BR005610,SMMS001204,C00014,Signal & Telecom,139,2025-06-23,Medium,Pending
BR005611,SMMS001205,C00020,Signal & Telecom,124,2025-06-19,Low,Pending
BR005612,SMMS001206,C00005,Signal & Telecom,124,2025-06-20,Low,Pending
BR005613,SMMS001207,C00021,Signal & Telecom,72,2025-06-13,High,Pending
BR005614,SMMS001208,C00027,Signal & Telecom,151,2025-06-22,Critical,Pending
BR005615,SMMS001209,C00050,Signal & Telecom,190,2025-06-03,Low,Pending
BR005616,SMMS001210,C00080,Signal & Telecom,62,2025-06-01,Medium,Pending
BR005617,SMMS001211,C00088,Signal & Telecom,82,2025-06-26,Low,Pending
BR005618,SMMS001212,C00077,Signal & Telecom,84,2025-06-24,Medium,Pending
BR005619,SMMS001213,C00032,Signal & Telecom,165,2025-06-25,Medium,Pending
BR005620,SMMS001214,C00034,Signal & Telecom,125,2025-06-30,Medium,Pending
BR005621,SMMS001215,C00023,Signal & Telecom,52,2025-06-13,Medium,Pending
BR005622,SMMS001216,C00069,Signal & Telecom,206,2025-06-04,Medium,Pending
BR005623,SMMS001217,C00034,Signal & Telecom,215,2025-06-17,Critical,Pending
BR005624,SMMS001218,C00065,Signal & Telecom,142,2025-06-09,Low,Pending
BR005625,SMMS001220,C00064,Signal & Telecom,108,2025-06-06,Low,Pending
BR005626,SMMS001222,C00001,Signal & Telecom,197,2025-06-11,Medium,Pending
BR005627,SMMS001223,C00017,Signal & Telecom,224,2025-06-06,Low,Pending
BR005628,SMMS001224,C00099,Signal & Telecom,108,2025-06-28,Medium,Pending
BR005629,SMMS001228,C00047,Signal & Telecom,197,2025-06-21,High,Pending
BR005630,SMMS001229,C00100,Signal & Telecom,243,2025-06-24,Low,Pending
BR005631,SMMS001230,C00026,Signal & Telecom,156,2025-06-21,Low,Pending
BR005632,SMMS001231,C00074,Signal & Telecom,48,2025-06-15,High,Pending
BR005633,SMMS001232,C00098,Signal & Telecom,152,2025-06-09,High,Pending
BR005634,SMMS001233,C00088,Signal & Telecom,74,2025-06-20,Low,Pending
BR005635,SMMS001234,C00018,Signal & Telecom,121,2025-06-22,Medium,Pending
BR005636,SMMS001235,C00049,Signal & Telecom,184,2025-06-29,Critical,Pending
BR005637,SMMS001236,C00068,Signal & Telecom,227,2025-06-14,Low,Pending
BR005638,SMMS001239,C00018,Signal & Telecom,70,2025-06-25,Low,Pending
BR005639,SMMS001241,C00074,Signal & Telecom,124,2025-06-13,High,Pending
BR005640,SMMS001242,C00078,Signal & Telecom,154,2025-06-29,High,Pending
BR005641,SMMS001245,C00055,Signal & Telecom,58,2025-06-19,Low,Pending
BR005642,SMMS001246,C00089,Signal & Telecom,123,2025-06-07,Low,Pending
BR005643,SMMS001248,C00025,Signal & Telecom,99,2025-06-04,Low,Pending
BR005644,SMMS001249,C00042,Signal & Telecom,260,2025-06-22,Low,Pending
BR005645,SMMS001250,C00034,Signal & Telecom,128,2025-06-30,Medium,Pending
BR005646,SMMS001251,C00031,Signal & Telecom,103,2025-06-09,High,Pending
BR005647,SMMS001252,C00088,Signal & Telecom,181,2025-06-19,Medium,Pending
BR005648,SMMS001253,C00096,Signal & Telecom,168,2025-06-15,Medium,Pending
BR005649,SMMS001254,C00054,Signal & Telecom,101,2025-06-22,Low,Pending
BR005650,SMMS001255,C00004,Signal & Telecom,204,2025-06-10,Medium,Pending
BR005651,SMMS001256,C00040,Signal & Telecom,37,2025-06-13,High,Pending
BR005652,SMMS001257,C00088,Signal & Telecom,136,2025-06-16,High,Pending
BR005653,SMMS001258,C00045,Signal & Telecom,116,2025-06-22,Low,Pending
BR005654,SMMS001259,C00057,Signal & Telecom,117,2025-06-09,Critical,Pending
BR005655,SMMS001260,C00088,Signal & Telecom,98,2025-06-18,Low,Pending
BR005656,SMMS001263,C00079,Signal & Telecom,209,2025-06-24,Low,Pending
BR005657,SMMS001264,C00075,Signal & Telecom,223,2025-06-18,High,Pending
BR005658,SMMS001266,C00059,Signal & Telecom,154,2025-06-26,Low,Pending
BR005659,SMMS001267,C00034,Signal & Telecom,128,2025-06-09,Medium,Pending
BR005660,SMMS001268,C00026,Signal & Telecom,170,2025-06-22,High,Pending
BR005661,SMMS001269,C00068,Signal & Telecom,120,2025-06-27,High,Pending
BR005662,SMMS001270,C00045,Signal & Telecom,140,2025-06-19,Critical,Pending
BR005663,SMMS001271,C00053,Signal & Telecom,143,2025-06-26,Low,Pending
BR005664,SMMS001272,C00085,Signal & Telecom,126,2025-06-19,Low,Pending
BR005665,SMMS001273,C00086,Signal & Telecom,111,2025-06-19,Medium,Pending
BR005666,SMMS001274,C00097,Signal & Telecom,185,2025-06-24,High,Pending
BR005667,SMMS001275,C00056,Signal & Telecom,45,2025-06-24,Medium,Pending
BR005668,SMMS001276,C00059,Signal & Telecom,168,2025-06-17,Medium,Pending
BR005669,SMMS001277,C00078,Signal & Telecom,203,2025-06-01,Critical,Pending
BR005670,SMMS001279,C00024,Signal & Telecom,91,2025-06-21,Medium,Pending
BR005671,SMMS001283,C00002,Signal & Telecom,50,2025-06-04,Critical,Pending
BR005672,SMMS001284,C00078,Signal & Telecom,57,2025-06-23,Medium,Pending
BR005673,SMMS001286,C00010,Signal & Telecom,123,2025-06-04,High,Pending
BR005674,SMMS001288,C00065,Signal & Telecom,121,2025-06-10,Low,Pending
BR005675,SMMS001290,C00037,Signal & Telecom,139,2025-06-18,Low,Pending
BR005676,SMMS001292,C00080,Signal & Telecom,50,2025-06-30,Critical,Pending
BR005677,SMMS001293,C00061,Signal & Telecom,51,2025-06-19,Low,Pending
BR005678,SMMS001297,C00081,Signal & Telecom,68,2025-06-12,Low,Pending
BR005679,SMMS001298,C00081,Signal & Telecom,150,2025-06-19,Medium,Pending
BR005680,SMMS001299,C00009,Signal & Telecom,190,2025-06-08,Critical,Pending
BR005681,SMMS001300,C00084,Signal & Telecom,154,2025-06-30,Medium,Pending
BR005682,SMMS001301,C00036,Signal & Telecom,145,2025-06-25,Low,Pending
BR005683,SMMS001302,C00073,Signal & Telecom,116,2025-06-01,Critical,Pending
BR005684,SMMS001303,C00029,Signal & Telecom,205,2025-06-30,High,Pending
BR005685,SMMS001305,C00013,Signal & Telecom,177,2025-06-27,Low,Pending
BR005686,SMMS001306,C00023,Signal & Telecom,138,2025-06-09,High,Pending
BR005687,SMMS001307,C00026,Signal & Telecom,86,2025-06-28,Low,Pending
BR005688,SMMS001308,C00079,Signal & Telecom,201,2025-06-09,Low,Pending
BR005689,SMMS001309,C00045,Signal & Telecom,149,2025-06-03,Low,Pending
BR005690,SMMS001310,C00012,Signal & Telecom,140,2025-06-22,Low,Pending
BR005691,SMMS001312,C00024,Signal & Telecom,248,2025-06-16,Medium,Pending
BR005692,SMMS001313,C00063,Signal & Telecom,121,2025-06-29,Low,Pending
BR005693,SMMS001314,C00069,Signal & Telecom,132,2025-06-14,Critical,Pending
BR005694,SMMS001316,C00006,Signal & Telecom,152,2025-06-01,Medium,Pending
BR005695,SMMS001317,C00095,Signal & Telecom,172,2025-06-02,Medium,Pending
BR005696,SMMS001318,C00049,Signal & Telecom,217,2025-06-03,Low,Pending
BR005697,SMMS001319,C00034,Signal & Telecom,124,2025-06-27,Low,Pending
BR005698,SMMS001320,C00062,Signal & Telecom,56,2025-06-25,Low,Pending
BR005699,SMMS001323,C00078,Signal & Telecom,163,2025-06-26,Medium,Pending
BR005700,SMMS001325,C00090,Signal & Telecom,80,2025-06-27,Medium,Pending
BR005701,SMMS001326,C00030,Signal & Telecom,79,2025-06-21,Medium,Pending
BR005702,SMMS001327,C00075,Signal & Telecom,156,2025-06-06,Low,Pending
BR005703,SMMS001328,C00098,Signal & Telecom,187,2025-06-12,Low,Pending
BR005704,SMMS001329,C00058,Signal & Telecom,142,2025-06-02,High,Pending
BR005705,SMMS001332,C00007,Signal & Telecom,70,2025-06-10,High,Pending
BR005706,SMMS001335,C00072,Signal & Telecom,143,2025-06-02,Low,Pending
BR005707,SMMS001336,C00036,Signal & Telecom,166,2025-06-29,Low,Pending
BR005708,SMMS001338,C00087,Signal & Telecom,42,2025-06-18,Medium,Pending
BR005709,SMMS001339,C00090,Signal & Telecom,149,2025-06-24,Critical,Pending
BR005710,SMMS001341,C00087,Signal & Telecom,59,2025-06-11,Low,Pending
BR005711,SMMS001342,C00035,Signal & Telecom,110,2025-06-22,Medium,Pending
BR005712,SMMS001343,C00060,Signal & Telecom,149,2025-06-23,Low,Pending
BR005713,SMMS001344,C00042,Signal & Telecom,75,2025-06-13,Medium,Pending
BR005714,SMMS001346,C00072,Signal & Telecom,136,2025-06-06,Low,Pending
BR005715,SMMS001347,C00023,Signal & Telecom,42,2025-06-11,Medium,Pending
BR005716,SMMS001348,C00046,Signal & Telecom,33,2025-06-11,Medium,Pending
BR005717,SMMS001350,C00025,Signal & Telecom,124,2025-06-20,Critical,Pending
BR005718,SMMS001351,C00067,Signal & Telecom,87,2025-06-05,Medium,Pending
BR005719,SMMS001352,C00022,Signal & Telecom,119,2025-06-14,Low,Pending
BR005720,SMMS001353,C00051,Signal & Telecom,66,2025-06-17,Low,Pending
BR005721,SMMS001354,C00088,Signal & Telecom,103,2025-06-14,Low,Pending
BR005722,SMMS001355,C00073,Signal & Telecom,146,2025-06-11,High,Pending
BR005723,SMMS001356,C00056,Signal & Telecom,145,2025-06-18,Low,Pending
BR005724,SMMS001357,C00040,Signal & Telecom,55,2025-06-11,High,Pending
BR005725,SMMS001358,C00062,Signal & Telecom,60,2025-06-20,High,Pending
BR005726,SMMS001359,C00079,Signal & Telecom,123,2025-06-21,High,Pending
BR005727,SMMS001360,C00020,Signal & Telecom,154,2025-06-20,Low,Pending
BR005728,SMMS001361,C00093,Signal & Telecom,140,2025-06-19,High,Pending
BR005729,SMMS001364,C00006,Signal & Telecom,131,2025-06-21,Low,Pending
BR005730,SMMS001365,C00065,Signal & Telecom,131,2025-06-28,Medium,Pending
BR005731,SMMS001366,C00010,Signal & Telecom,136,2025-06-13,Critical,Pending
BR005732,SMMS001367,C00015,Signal & Telecom,87,2025-06-29,Medium,Pending
BR005733,SMMS001368,C00001,Signal & Telecom,224,2025-06-20,High,Pending
BR005734,SMMS001369,C00077,Signal & Telecom,215,2025-06-28,Low,Pending
BR005735,SMMS001370,C00029,Signal & Telecom,135,2025-06-04,Medium,Pending
BR005736,SMMS001371,C00091,Signal & Telecom,152,2025-06-25,Low,Pending
BR005737,SMMS001372,C00022,Signal & Telecom,199,2025-06-17,Medium,Pending
BR005738,SMMS001374,C00002,Signal & Telecom,129,2025-06-30,Critical,Pending
BR005739,SMMS001375,C00066,Signal & Telecom,71,2025-06-20,High,Pending
BR005740,SMMS001376,C00034,Signal & Telecom,247,2025-06-10,Critical,Pending
BR005741,SMMS001379,C00052,Signal & Telecom,124,2025-06-30,Low,Pending
BR005742,SMMS001380,C00021,Signal & Telecom,113,2025-06-27,Low,Pending
BR005743,SMMS001381,C00071,Signal & Telecom,150,2025-06-19,Medium,Pending
BR005744,SMMS001382,C00091,Signal & Telecom,117,2025-06-01,High,Pending
BR005745,SMMS001383,C00068,Signal & Telecom,144,2025-06-03,Low,Pending
BR005746,SMMS001384,C00032,Signal & Telecom,117,2025-06-15,Low,Pending
BR005747,SMMS001385,C00005,Signal & Telecom,110,2025-06-20,High,Pending
BR005748,SMMS001386,C00077,Signal & Telecom,78,2025-06-15,Low,Pending
BR005749,SMMS001387,C00066,Signal & Telecom,105,2025-06-18,Medium,Pending
BR005750,SMMS001389,C00055,Signal & Telecom,158,2025-06-11,Critical,Pending
BR005751,SMMS001390,C00078,Signal & Telecom,171,2025-06-20,Low,Pending
BR005752,SMMS001391,C00035,Signal & Telecom,78,2025-06-15,Low,Pending
BR005753,SMMS001392,C00082,Signal & Telecom,176,2025-06-03,Low,Pending
BR005754,SMMS001394,C00099,Signal & Telecom,178,2025-06-12,Medium,Pending
BR005755,SMMS001396,C00099,Signal & Telecom,138,2025-06-21,Medium,Pending
BR005756,SMMS001397,C00064,Signal & Telecom,177,2025-06-16,Medium,Pending
BR005757,SMMS001398,C00042,Signal & Telecom,100,2025-06-03,Medium,Pending
BR005758,SMMS001400,C00082,Signal & Telecom,165,2025-06-24,Critical,Pending
BR005759,SMMS001401,C00027,Signal & Telecom,108,2025-06-15,Low,Pending
BR005760,SMMS001402,C00041,Signal & Telecom,239,2025-06-08,High,Pending
BR005761,SMMS001403,C00081,Signal & Telecom,166,2025-06-29,Low,Pending
BR005762,SMMS001404,C00037,Signal & Telecom,222,2025-06-07,Medium,Pending
BR005763,SMMS001405,C00009,Signal & Telecom,102,2025-06-04,High,Pending
BR005764,SMMS001406,C00081,Signal & Telecom,88,2025-06-07,Low,Pending
BR005765,SMMS001407,C00003,Signal & Telecom,128,2025-06-24,High,Pending
BR005766,SMMS001408,C00055,Signal & Telecom,94,2025-06-27,Low,Pending
BR005767,SMMS001409,C00060,Signal & Telecom,151,2025-06-27,Medium,Pending
BR005768,SMMS001410,C00004,Signal & Telecom,123,2025-06-22,Critical,Pending
BR005769,SMMS001411,C00056,Signal & Telecom,172,2025-06-26,High,Pending
BR005770,SMMS001415,C00019,Signal & Telecom,116,2025-06-07,Low,Pending
BR005771,SMMS001416,C00058,Signal & Telecom,106,2025-06-15,Medium,Pending
BR005772,SMMS001417,C00090,Signal & Telecom,177,2025-06-05,Medium,Pending
BR005773,SMMS001418,C00013,Signal & Telecom,179,2025-06-26,Low,Pending
BR005774,SMMS001419,C00077,Signal & Telecom,116,2025-06-09,Low,Pending
BR005775,SMMS001420,C00015,Signal & Telecom,91,2025-06-23,High,Pending
BR005776,SMMS001421,C00013,Signal & Telecom,101,2025-06-02,Medium,Pending
BR005777,SMMS001423,C00059,Signal & Telecom,160,2025-06-03,Medium,Pending
BR005778,SMMS001424,C00020,Signal & Telecom,145,2025-06-09,Low,Pending
BR005779,SMMS001425,C00067,Signal & Telecom,164,2025-06-11,Medium,Pending
BR005780,SMMS001427,C00023,Signal & Telecom,81,2025-06-21,Low,Pending
BR005781,SMMS001429,C00054,Signal & Telecom,92,2025-06-26,Low,Pending
BR005782,SMMS001430,C00022,Signal & Telecom,83,2025-06-29,Medium,Pending
BR005783,SMMS001431,C00037,Signal & Telecom,248,2025-06-29,High,Pending
BR005784,SMMS001432,C00086,Signal & Telecom,221,2025-06-26,High,Pending
BR005785,SMMS001434,C00044,Signal & Telecom,86,2025-06-29,Low,Pending
BR005786,SMMS001435,C00015,Signal & Telecom,184,2025-06-20,High,Pending
BR005787,SMMS001436,C00021,Signal & Telecom,196,2025-06-27,Medium,Pending
BR005788,SMMS001438,C00091,Signal & Telecom,124,2025-06-23,High,Pending
BR005789,SMMS001439,C00015,Signal & Telecom,161,2025-06-15,Medium,Pending
BR005790,SMMS001441,C00044,Signal & Telecom,201,2025-06-18,Medium,Pending
BR005791,SMMS001442,C00020,Signal & Telecom,124,2025-06-03,Critical,Pending
BR005792,SMMS001443,C00021,Signal & Telecom,191,2025-06-18,High,Pending
BR005793,SMMS001444,C00047,Signal & Telecom,162,2025-06-13,Medium,Pending
BR005794,SMMS001445,C00091,Signal & Telecom,93,2025-06-16,High,Pending
BR005795,SMMS001446,C00091,Signal & Telecom,59,2025-06-18,Medium,Pending
BR005796,SMMS001448,C00009,Signal & Telecom,109,2025-06-19,Medium,Pending
BR005797,SMMS001449,C00040,Signal & Telecom,160,2025-06-30,Low,Pending
BR005798,SMMS001451,C00056,Signal & Telecom,114,2025-06-14,Medium,Pending
BR005799,SMMS001452,C00027,Signal & Telecom,215,2025-06-27,Critical,Pending
BR005800,SMMS001454,C00066,Signal & Telecom,156,2025-06-02,Critical,Pending
BR005801,SMMS001455,C00060,Signal & Telecom,196,2025-06-14,Medium,Pending
BR005802,SMMS001456,C00045,Signal & Telecom,71,2025-06-24,Low,Pending
BR005803,SMMS001457,C00021,Signal & Telecom,82,2025-06-05,Medium,Pending
BR005804,SMMS001458,C00070,Signal & Telecom,160,2025-06-04,Medium,Pending
BR005805,SMMS001459,C00009,Signal & Telecom,73,2025-06-05,Medium,Pending
BR005806,SMMS001460,C00098,Signal & Telecom,105,2025-06-28,High,Pending
BR005807,SMMS001461,C00082,Signal & Telecom,141,2025-06-09,Medium,Pending
BR005808,SMMS001462,C00068,Signal & Telecom,215,2025-06-11,Medium,Pending
BR005809,SMMS001463,C00070,Signal & Telecom,161,2025-06-22,Low,Pending
BR005810,SMMS001464,C00042,Signal & Telecom,120,2025-06-14,Medium,Pending
BR005811,SMMS001465,C00037,Signal & Telecom,98,2025-06-03,Low,Pending
BR005812,SMMS001466,C00079,Signal & Telecom,187,2025-06-14,High,Pending
BR005813,SMMS001469,C00076,Signal & Telecom,64,2025-06-17,Low,Pending
BR005814,SMMS001471,C00016,Signal & Telecom,141,2025-06-23,Low,Pending
BR005815,SMMS001472,C00006,Signal & Telecom,134,2025-06-11,Critical,Pending
BR005816,SMMS001473,C00079,Signal & Telecom,146,2025-06-08,Medium,Pending
BR005817,SMMS001474,C00044,Signal & Telecom,116,2025-06-15,Low,Pending
BR005818,SMMS001475,C00033,Signal & Telecom,83,2025-06-10,Low,Pending
BR005819,SMMS001476,C00087,Signal & Telecom,192,2025-06-12,High,Pending
BR005820,SMMS001477,C00003,Signal & Telecom,180,2025-06-21,Medium,Pending
BR005821,SMMS001478,C00016,Signal & Telecom,116,2025-06-05,Medium,Pending
BR005822,SMMS001479,C00030,Signal & Telecom,120,2025-06-07,Low,Pending
BR005823,SMMS001480,C00023,Signal & Telecom,218,2025-06-27,Low,Pending
BR005824,SMMS001481,C00038,Signal & Telecom,142,2025-06-04,Medium,Pending
BR005825,SMMS001482,C00013,Signal & Telecom,121,2025-06-27,Low,Pending
BR005826,SMMS001483,C00087,Signal & Telecom,37,2025-06-14,Low,Pending
BR005827,SMMS001484,C00015,Signal & Telecom,134,2025-06-29,Low,Pending
BR005828,SMMS001485,C00009,Signal & Telecom,215,2025-06-10,Critical,Pending
BR005829,SMMS001486,C00009,Signal & Telecom,102,2025-06-02,Low,Pending
BR005830,SMMS001487,C00090,Signal & Telecom,45,2025-06-06,High,Pending
BR005831,SMMS001488,C00044,Signal & Telecom,196,2025-06-10,High,Pending
BR005832,SMMS001489,C00073,Signal & Telecom,77,2025-06-08,High,Pending
BR005833,SMMS001490,C00050,Signal & Telecom,75,2025-06-16,Low,Pending
BR005834,SMMS001491,C00025,Signal & Telecom,125,2025-06-06,Low,Pending
BR005835,SMMS001492,C00051,Signal & Telecom,169,2025-06-15,Medium,Pending
BR005836,SMMS001493,C00061,Signal & Telecom,109,2025-06-13,High,Pending
BR005837,SMMS001494,C00010,Signal & Telecom,41,2025-06-04,Low,Pending
BR005838,SMMS001495,C00095,Signal & Telecom,131,2025-06-06,Low,Pending
BR005839,SMMS001498,C00059,Signal & Telecom,110,2025-06-15,Low,Pending
BR005840,SMMS001499,C00084,Signal & Telecom,100,2025-06-18,High,Pending
BR005841,SMMS001501,C00057,Signal & Telecom,134,2025-06-18,Medium,Pending
BR005842,SMMS001502,C00005,Signal & Telecom,103,2025-06-08,Critical,Pending
BR005843,SMMS001503,C00050,Signal & Telecom,171,2025-06-13,High,Pending
BR005844,SMMS001504,C00010,Signal & Telecom,98,2025-06-08,High,Pending
BR005845,SMMS001505,C00045,Signal & Telecom,185,2025-06-27,Medium,Pending
BR005846,SMMS001506,C00063,Signal & Telecom,75,2025-06-24,Low,Pending
BR005847,SMMS001507,C00013,Signal & Telecom,188,2025-06-07,Low,Pending
BR005848,SMMS001508,C00090,Signal & Telecom,198,2025-06-08,High,Pending
BR005849,SMMS001510,C00087,Signal & Telecom,96,2025-06-09,High,Pending
BR005850,SMMS001511,C00098,Signal & Telecom,117,2025-06-28,Low,Pending
BR005851,SMMS001514,C00016,Signal & Telecom,128,2025-06-27,Critical,Pending
BR005852,SMMS001517,C00009,Signal & Telecom,55,2025-06-09,Medium,Pending
BR005853,SMMS001519,C00067,Signal & Telecom,32,2025-06-01,Medium,Pending
BR005854,SMMS001520,C00005,Signal & Telecom,135,2025-06-16,Medium,Pending
BR005855,SMMS001521,C00015,Signal & Telecom,104,2025-06-02,Critical,Pending
BR005856,SMMS001523,C00071,Signal & Telecom,161,2025-06-12,Low,Pending
BR005857,SMMS001524,C00068,Signal & Telecom,70,2025-06-30,Medium,Pending
BR005858,SMMS001525,C00034,Signal & Telecom,112,2025-06-21,Medium,Pending
BR005859,SMMS001526,C00017,Signal & Telecom,199,2025-06-07,Medium,Pending
BR005860,SMMS001527,C00059,Signal & Telecom,108,2025-06-13,Critical,Pending
BR005861,SMMS001528,C00007,Signal & Telecom,117,2025-06-13,High,Pending
BR005862,SMMS001529,C00056,Signal & Telecom,105,2025-06-30,High,Pending
BR005863,SMMS001531,C00012,Signal & Telecom,165,2025-06-12,Medium,Pending
BR005864,SMMS001532,C00015,Signal & Telecom,150,2025-06-10,Low,Pending
BR005865,SMMS001533,C00091,Signal & Telecom,148,2025-06-09,Medium,Pending
BR005866,SMMS001534,C00042,Signal & Telecom,34,2025-06-28,Medium,Pending
BR005867,SMMS001535,C00026,Signal & Telecom,115,2025-06-15,Low,Pending
BR005868,SMMS001536,C00066,Signal & Telecom,48,2025-06-11,Low,Pending
BR005869,SMMS001537,C00068,Signal & Telecom,100,2025-06-23,Medium,Pending
BR005870,SMMS001539,C00095,Signal & Telecom,165,2025-06-15,Low,Pending
BR005871,SMMS001540,C00061,Signal & Telecom,186,2025-06-16,Low,Pending
BR005872,SMMS001541,C00073,Signal & Telecom,208,2025-06-17,Medium,Pending
BR005873,SMMS001542,C00090,Signal & Telecom,146,2025-06-13,Low,Pending
BR005874,SMMS001543,C00062,Signal & Telecom,187,2025-06-16,Low,Pending
BR005875,SMMS001544,C00049,Signal & Telecom,131,2025-06-06,Low,Pending
BR005876,SMMS001545,C00056,Signal & Telecom,185,2025-06-18,Medium,Pending
BR005877,SMMS001546,C00062,Signal & Telecom,120,2025-06-25,High,Pending
BR005878,SMMS001547,C00068,Signal & Telecom,142,2025-06-02,High,Pending
BR005879,SMMS001548,C00021,Signal & Telecom,80,2025-06-02,Critical,Pending
BR005880,SMMS001549,C00084,Signal & Telecom,143,2025-06-19,High,Pending
BR005881,SMMS001550,C00020,Signal & Telecom,46,2025-06-25,Medium,Pending
BR005882,SMMS001552,C00050,Signal & Telecom,153,2025-06-23,High,Pending
BR005883,SMMS001553,C00075,Signal & Telecom,41,2025-06-09,Low,Pending
BR005884,SMMS001555,C00091,Signal & Telecom,116,2025-06-01,Medium,Pending
BR005885,SMMS001556,C00044,Signal & Telecom,137,2025-06-27,Low,Pending
BR005886,SMMS001557,C00052,Signal & Telecom,150,2025-06-22,High,Pending
BR005887,SMMS001559,C00029,Signal & Telecom,102,2025-06-22,Low,Pending
BR005888,SMMS001560,C00010,Signal & Telecom,238,2025-06-15,Low,Pending
BR005889,SMMS001561,C00051,Signal & Telecom,257,2025-06-07,Critical,Pending
BR005890,SMMS001562,C00096,Signal & Telecom,162,2025-06-07,Low,Pending
BR005891,SMMS001563,C00052,Signal & Telecom,176,2025-06-13,Low,Pending
BR005892,SMMS001567,C00042,Signal & Telecom,148,2025-06-29,High,Pending
BR005893,SMMS001570,C00090,Signal & Telecom,65,2025-06-27,Low,Pending
BR005894,SMMS001571,C00092,Signal & Telecom,147,2025-06-11,Critical,Pending
BR005895,SMMS001572,C00090,Signal & Telecom,74,2025-06-10,Low,Pending
BR005896,SMMS001573,C00067,Signal & Telecom,215,2025-06-12,Medium,Pending
BR005897,SMMS001574,C00090,Signal & Telecom,113,2025-06-23,Low,Pending
BR005898,SMMS001575,C00077,Signal & Telecom,74,2025-06-27,Low,Pending
BR005899,SMMS001576,C00042,Signal & Telecom,108,2025-06-21,Critical,Pending
BR005900,SMMS001577,C00100,Signal & Telecom,77,2025-06-09,Low,Pending
BR005901,SMMS001578,C00100,Signal & Telecom,121,2025-06-25,Low,Pending
BR005902,SMMS001581,C00038,Signal & Telecom,222,2025-06-09,Critical,Pending
BR005903,SMMS001582,C00091,Signal & Telecom,105,2025-06-14,Medium,Pending
BR005904,SMMS001583,C00038,Signal & Telecom,144,2025-06-04,Medium,Pending
BR005905,SMMS001584,C00070,Signal & Telecom,60,2025-06-22,Critical,Pending
BR005906,SMMS001585,C00003,Signal & Telecom,162,2025-06-27,Medium,Pending
BR005907,SMMS001586,C00063,Signal & Telecom,118,2025-06-21,Medium,Pending
BR005908,SMMS001587,C00079,Signal & Telecom,94,2025-06-21,Low,Pending
BR005909,SMMS001589,C00084,Signal & Telecom,176,2025-06-23,Medium,Pending
BR005910,SMMS001590,C00080,Signal & Telecom,228,2025-06-16,Low,Pending
BR005911,SMMS001591,C00057,Signal & Telecom,166,2025-06-11,Low,Pending
BR005912,SMMS001593,C00095,Signal & Telecom,171,2025-06-12,High,Pending
BR005913,SMMS001594,C00081,Signal & Telecom,132,2025-06-29,High,Pending
BR005914,SMMS001596,C00079,Signal & Telecom,64,2025-06-14,Critical,Pending
BR005915,SMMS001597,C00092,Signal & Telecom,181,2025-06-23,Medium,Pending
BR005916,SMMS001598,C00068,Signal & Telecom,141,2025-06-15,Medium,Pending
BR005917,SMMS001600,C00077,Signal & Telecom,102,2025-06-08,Low,Pending
BR005918,SMMS001601,C00059,Signal & Telecom,153,2025-06-04,Medium,Pending
BR005919,SMMS001603,C00011,Signal & Telecom,168,2025-06-05,Medium,Pending
BR005920,SMMS001604,C00079,Signal & Telecom,193,2025-06-08,Medium,Pending
BR005921,SMMS001605,C00033,Signal & Telecom,155,2025-06-08,Medium,Pending
BR005922,SMMS001606,C00054,Signal & Telecom,160,2025-06-08,Low,Pending
BR005923,SMMS001607,C00010,Signal & Telecom,93,2025-06-12,Medium,Pending
BR005924,SMMS001609,C00060,Signal & Telecom,158,2025-06-03,Critical,Pending
BR005925,SMMS001610,C00069,Signal & Telecom,105,2025-06-07,Low,Pending
BR005926,SMMS001611,C00025,Signal & Telecom,230,2025-06-18,High,Pending
BR005927,SMMS001612,C00010,Signal & Telecom,206,2025-06-12,High,Pending
BR005928,SMMS001613,C00015,Signal & Telecom,117,2025-06-07,Medium,Pending
BR005929,SMMS001614,C00001,Signal & Telecom,62,2025-06-28,Low,Pending
BR005930,SMMS001618,C00068,Signal & Telecom,183,2025-06-13,High,Pending
BR005931,SMMS001619,C00009,Signal & Telecom,151,2025-06-20,Low,Pending
BR005932,SMMS001620,C00060,Signal & Telecom,225,2025-06-24,Low,Pending
BR005933,SMMS001622,C00047,Signal & Telecom,158,2025-06-10,High,Pending
BR005934,SMMS001623,C00059,Signal & Telecom,124,2025-06-10,Critical,Pending
BR005935,SMMS001624,C00024,Signal & Telecom,132,2025-06-16,Low,Pending
BR005936,SMMS001625,C00060,Signal & Telecom,121,2025-06-23,High,Pending
BR005937,SMMS001627,C00040,Signal & Telecom,146,2025-06-24,Low,Pending
BR005938,SMMS001628,C00024,Signal & Telecom,255,2025-06-23,Medium,Pending
BR005939,SMMS001630,C00081,Signal & Telecom,143,2025-06-14,Medium,Pending
BR005940,SMMS001631,C00087,Signal & Telecom,57,2025-06-11,Low,Pending
BR005941,SMMS001632,C00061,Signal & Telecom,168,2025-06-24,Medium,Pending
BR005942,SMMS001633,C00050,Signal & Telecom,251,2025-06-19,Low,Pending
BR005943,SMMS001634,C00019,Signal & Telecom,72,2025-06-14,Low,Pending
BR005944,SMMS001635,C00092,Signal & Telecom,32,2025-06-04,Low,Pending
BR005945,SMMS001636,C00010,Signal & Telecom,91,2025-06-16,High,Pending
BR005946,SMMS001637,C00035,Signal & Telecom,167,2025-06-16,Low,Pending
BR005947,SMMS001638,C00009,Signal & Telecom,79,2025-06-28,Low,Pending
BR005948,SMMS001639,C00080,Signal & Telecom,226,2025-06-16,Low,Pending
BR005949,SMMS001641,C00029,Signal & Telecom,88,2025-06-07,Medium,Pending
BR005950,SMMS001643,C00051,Signal & Telecom,80,2025-06-18,Medium,Pending
BR005951,SMMS001646,C00059,Signal & Telecom,290,2025-06-24,Critical,Pending
BR005952,SMMS001647,C00087,Signal & Telecom,77,2025-06-29,Critical,Pending
BR005953,SMMS001648,C00087,Signal & Telecom,216,2025-06-26,High,Pending
BR005954,SMMS001649,C00080,Signal & Telecom,179,2025-06-03,High,Pending
BR005955,SMMS001650,C00016,Signal & Telecom,104,2025-06-12,Low,Pending
BR005956,SMMS001652,C00045,Signal & Telecom,125,2025-06-10,Medium,Pending
BR005957,SMMS001653,C00021,Signal & Telecom,140,2025-06-13,High,Pending
BR005958,SMMS001654,C00003,Signal & Telecom,117,2025-06-14,Critical,Pending
BR005959,SMMS001655,C00049,Signal & Telecom,166,2025-06-04,High,Pending
BR005960,SMMS001656,C00042,Signal & Telecom,83,2025-06-18,Low,Pending
BR005961,SMMS001658,C00017,Signal & Telecom,140,2025-06-26,Medium,Pending
BR005962,SMMS001659,C00096,Signal & Telecom,91,2025-06-12,Low,Pending
BR005963,SMMS001660,C00073,Signal & Telecom,133,2025-06-05,Critical,Pending
BR005964,SMMS001661,C00051,Signal & Telecom,136,2025-06-08,Low,Pending
BR005965,SMMS001663,C00037,Signal & Telecom,140,2025-06-24,High,Pending
BR005966,SMMS001664,C00081,Signal & Telecom,99,2025-06-25,Low,Pending
BR005967,SMMS001665,C00008,Signal & Telecom,101,2025-06-24,Medium,Pending
BR005968,SMMS001666,C00016,Signal & Telecom,173,2025-06-28,Medium,Pending
BR005969,SMMS001667,C00069,Signal & Telecom,125,2025-06-19,Low,Pending
BR005970,SMMS001668,C00064,Signal & Telecom,76,2025-06-27,Low,Pending
BR005971,SMMS001669,C00082,Signal & Telecom,168,2025-06-26,Medium,Pending
BR005972,SMMS001671,C00010,Signal & Telecom,155,2025-06-04,Critical,Pending
BR005973,SMMS001672,C00054,Signal & Telecom,117,2025-06-03,Low,Pending
BR005974,SMMS001673,C00092,Signal & Telecom,209,2025-06-23,Low,Pending
BR005975,SMMS001674,C00092,Signal & Telecom,159,2025-06-20,Low,Pending
BR005976,SMMS001675,C00008,Signal & Telecom,45,2025-06-13,Low,Pending
BR005977,SMMS001676,C00035,Signal & Telecom,163,2025-06-19,Low,Pending
BR005978,SMMS001677,C00050,Signal & Telecom,104,2025-06-15,Low,Pending
BR005979,SMMS001678,C00004,Signal & Telecom,132,2025-06-16,Low,Pending
BR005980,SMMS001679,C00084,Signal & Telecom,190,2025-06-20,Low,Pending
BR005981,SMMS001680,C00031,Signal & Telecom,141,2025-06-17,High,Pending
BR005982,SMMS001681,C00060,Signal & Telecom,157,2025-06-22,Medium,Pending
BR005983,SMMS001683,C00042,Signal & Telecom,74,2025-06-17,High,Pending
BR005984,SMMS001684,C00069,Signal & Telecom,110,2025-06-23,Low,Pending
BR005985,SMMS001685,C00027,Signal & Telecom,155,2025-06-21,High,Pending
BR005986,SMMS001687,C00013,Signal & Telecom,88,2025-06-29,Low,Pending
BR005987,SMMS001688,C00098,Signal & Telecom,181,2025-06-17,Medium,Pending
BR005988,SMMS001689,C00042,Signal & Telecom,217,2025-06-04,High,Pending
BR005989,SMMS001690,C00035,Signal & Telecom,62,2025-06-26,High,Pending
BR005990,SMMS001691,C00069,Signal & Telecom,131,2025-06-19,Low,Pending
BR005991,SMMS001693,C00054,Signal & Telecom,192,2025-06-02,High,Pending
BR005992,SMMS001694,C00090,Signal & Telecom,167,2025-06-26,Critical,Pending
BR005993,SMMS001695,C00043,Signal & Telecom,101,2025-06-29,Medium,Pending
BR005994,SMMS001698,C00084,Signal & Telecom,141,2025-06-25,Critical,Pending
BR005995,SMMS001699,C00088,Signal & Telecom,169,2025-06-17,Medium,Pending
BR005996,SMMS001700,C00077,Signal & Telecom,155,2025-06-06,Low,Pending
BR005997,SMMS001701,C00097,Signal & Telecom,94,2025-06-01,Medium,Pending
BR005998,SMMS001702,C00090,Signal & Telecom,80,2025-06-30,Low,Pending
BR005999,SMMS001703,C00005,Signal & Telecom,79,2025-06-10,Low,Pending
BR006000,SMMS001704,C00040,Signal & Telecom,98,2025-06-12,High,Pending
