block_window_id,corridor_id,block_date,window_start,window_end,available_duration_min,availability_status,source
COA000001,C00027,2025-06-28,18:27,19:42,75,Available,COA synthetic availability
COA000002,C00002,2025-06-03,03:32,06:29,177,Available,COA synthetic availability
COA000003,C00009,2025-06-15,10:49,12:56,127,Available,COA synthetic availability
COA000004,C00092,2025-06-11,10:46,13:03,137,Available,COA synthetic availability
COA000005,C00058,2025-06-29,19:22,20:08,46,Available,COA synthetic availability
COA000006,C00064,2025-06-12,05:45,08:39,174,Available,COA synthetic availability
COA000007,C00044,2025-06-15,05:24,06:10,46,Available,COA synthetic availability
COA000008,C00041,2025-06-04,04:48,07:32,164,Available,COA synthetic availability
COA000009,C00042,2025-06-28,16:31,17:14,43,Available,COA synthetic availability
COA000010,C00048,2025-06-02,12:01,13:24,83,Available,COA synthetic availability
COA000011,C00098,2025-06-17,18:00,20:06,126,Available,COA synthetic availability
COA000012,C00096,2025-06-10,13:23,15:26,123,Available,COA synthetic availability
COA000013,C00068,2025-06-24,05:15,06:11,56,Available,COA synthetic availability
COA000014,C00013,2025-06-21,09:09,10:17,68,Restricted,COA synthetic availability
COA000015,C00031,2025-06-09,18:04,21:02,178,Available,COA synthetic availability
COA000016,C00057,2025-06-12,19:40,22:06,146,Available,COA synthetic availability
COA000017,C00011,2025-06-28,09:59,12:28,149,Available,COA synthetic availability
COA000018,C00053,2025-06-04,00:07,01:18,71,Available,COA synthetic availability
COA000019,C00099,2025-06-09,14:38,16:40,122,Available,COA synthetic availability
COA000020,C00057,2025-06-18,04:00,06:56,176,Available,COA synthetic availability
COA000021,C00086,2025-06-17,14:38,15:25,47,Available,COA synthetic availability
COA000022,C00046,2025-06-05,11:50,13:14,84,Available,COA synthetic availability
COA000023,C00016,2025-06-20,07:33,08:33,60,Available,COA synthetic availability
COA000024,C00080,2025-06-13,16:27,18:04,97,Available,COA synthetic availability
COA000025,C00031,2025-06-30,19:51,21:10,79,Available,COA synthetic availability
COA000026,C00093,2025-06-18,01:27,03:06,99,Available,COA synthetic availability
COA000027,C00043,2025-06-18,00:03,02:35,152,Available,COA synthetic availability
COA000028,C00007,2025-06-01,11:09,13:42,153,Available,COA synthetic availability
COA000029,C00097,2025-06-07,02:25,03:43,78,Restricted,COA synthetic availability
COA000030,C00063,2025-06-04,11:23,14:10,167,Available,COA synthetic availability
COA000031,C00065,2025-06-10,09:06,11:14,128,Available,COA synthetic availability
COA000032,C00038,2025-06-02,19:44,22:38,174,Available,COA synthetic availability
COA000033,C00075,2025-06-15,14:52,15:51,59,Available,COA synthetic availability
COA000034,C00042,2025-06-22,15:55,17:38,103,Available,COA synthetic availability
COA000035,C00054,2025-06-15,00:25,03:05,160,Available,COA synthetic availability
COA000036,C00033,2025-06-30,03:15,06:10,175,Available,COA synthetic availability
COA000037,C00004,2025-06-11,12:30,15:17,167,Restricted,COA synthetic availability
COA000038,C00075,2025-06-01,14:03,15:01,58,Available,COA synthetic availability
COA000039,C00034,2025-06-11,00:40,01:44,64,Available,COA synthetic availability
COA000040,C00018,2025-06-22,05:19,07:33,134,Available,COA synthetic availability
COA000041,C00095,2025-06-09,01:00,02:07,67,Available,COA synthetic availability
COA000042,C00098,2025-06-10,18:13,20:17,124,Available,COA synthetic availability
COA000043,C00058,2025-06-30,17:45,19:21,96,Available,COA synthetic availability
COA000044,C00027,2025-06-29,08:43,09:13,30,Restricted,COA synthetic availability
COA000045,C00085,2025-06-13,01:10,01:54,44,Available,COA synthetic availability
COA000046,C00049,2025-06-14,14:27,15:00,33,Available,COA synthetic availability
COA000047,C00011,2025-06-05,09:20,10:08,48,Available,COA synthetic availability
COA000048,C00068,2025-06-15,04:19,06:16,117,Available,COA synthetic availability
COA000049,C00077,2025-06-26,01:28,03:01,93,Available,COA synthetic availability
COA000050,C00004,2025-06-11,17:18,18:30,72,Available,COA synthetic availability
COA000051,C00095,2025-06-06,08:30,10:53,143,Available,COA synthetic availability
COA000052,C00020,2025-06-25,14:18,15:22,64,Available,COA synthetic availability
COA000053,C00030,2025-06-20,16:10,16:44,34,Available,COA synthetic availability
COA000054,C00080,2025-06-02,17:26,20:06,160,Available,COA synthetic availability
COA000055,C00099,2025-06-08,04:14,05:50,96,Restricted,COA synthetic availability
COA000056,C00011,2025-06-13,11:43,13:19,96,Available,COA synthetic availability
COA000057,C00011,2025-06-11,01:22,02:36,74,Available,COA synthetic availability
COA000058,C00081,2025-06-13,11:31,12:42,71,Available,COA synthetic availability
COA000059,C00089,2025-06-23,02:14,04:59,165,Available,COA synthetic availability
COA000060,C00092,2025-06-17,08:35,09:44,69,Available,COA synthetic availability
COA000061,C00090,2025-06-11,07:51,09:49,118,Available,COA synthetic availability
COA000062,C00088,2025-06-13,06:21,08:45,144,Available,COA synthetic availability
COA000063,C00085,2025-06-07,06:04,08:08,124,Available,COA synthetic availability
COA000064,C00008,2025-06-23,02:00,03:20,80,Available,COA synthetic availability
COA000065,C00079,2025-06-15,04:06,05:48,102,Available,COA synthetic availability
COA000066,C00001,2025-06-03,18:04,19:35,91,Available,COA synthetic availability
COA000067,C00028,2025-06-09,15:35,16:24,49,Available,COA synthetic availability
COA000068,C00023,2025-06-01,06:59,09:49,170,Available,COA synthetic availability
COA000069,C00056,2025-06-09,09:19,11:36,137,Available,COA synthetic availability
COA000070,C00051,2025-06-11,15:21,17:20,119,Available,COA synthetic availability
COA000071,C00034,2025-06-10,17:18,19:36,138,Available,COA synthetic availability
COA000072,C00072,2025-06-15,15:58,18:29,151,Available,COA synthetic availability
COA000073,C00059,2025-06-16,06:58,09:24,146,Available,COA synthetic availability
COA000074,C00049,2025-06-13,15:28,17:54,146,Available,COA synthetic availability
COA000075,C00053,2025-06-14,02:05,03:49,104,Available,COA synthetic availability
COA000076,C00060,2025-06-18,18:11,19:36,85,Available,COA synthetic availability
COA000077,C00048,2025-06-23,11:45,13:56,131,Restricted,COA synthetic availability
COA000078,C00026,2025-06-20,13:59,16:26,147,Available,COA synthetic availability
COA000079,C00042,2025-06-18,03:47,04:24,37,Available,COA synthetic availability
COA000080,C00066,2025-06-05,18:44,21:21,157,Available,COA synthetic availability
COA000081,C00019,2025-06-25,06:09,08:52,163,Available,COA synthetic availability
COA000082,C00031,2025-06-08,02:46,03:56,70,Available,COA synthetic availability
COA000083,C00089,2025-06-04,13:42,14:42,60,Available,COA synthetic availability
COA000084,C00003,2025-06-01,00:43,02:09,86,Available,COA synthetic availability
COA000085,C00039,2025-06-05,01:49,02:42,53,Available,COA synthetic availability
COA000086,C00081,2025-06-10,00:35,03:20,165,Restricted,COA synthetic availability
COA000087,C00100,2025-06-28,01:20,02:47,87,Available,COA synthetic availability
COA000088,C00047,2025-06-29,18:36,20:24,108,Available,COA synthetic availability
COA000089,C00049,2025-06-15,11:15,12:08,53,Available,COA synthetic availability
COA000090,C00065,2025-06-15,11:07,13:28,141,Available,COA synthetic availability
COA000091,C00043,2025-06-14,18:03,18:46,43,Available,COA synthetic availability
COA000092,C00009,2025-06-02,10:37,12:00,83,Available,COA synthetic availability
COA000093,C00007,2025-06-10,05:24,08:16,172,Available,COA synthetic availability
COA000094,C00039,2025-06-12,00:42,03:32,170,Available,COA synthetic availability
COA000095,C00050,2025-06-21,08:58,10:11,73,Available,COA synthetic availability
COA000096,C00034,2025-06-07,14:52,16:21,89,Available,COA synthetic availability
COA000097,C00029,2025-06-19,09:06,10:12,66,Available,COA synthetic availability
COA000098,C00024,2025-06-19,11:47,13:03,76,Available,COA synthetic availability
COA000099,C00060,2025-06-28,17:36,18:23,47,Available,COA synthetic availability
COA000100,C00004,2025-06-06,09:17,12:16,179,Available,COA synthetic availability
COA000101,C00056,2025-06-26,14:37,15:46,69,Restricted,COA synthetic availability
COA000102,C00040,2025-06-22,16:37,18:41,124,Available,COA synthetic availability
COA000103,C00006,2025-06-23,09:21,10:46,85,Available,COA synthetic availability
COA000104,C00037,2025-06-10,17:39,20:35,176,Available,COA synthetic availability
COA000105,C00007,2025-06-01,18:46,20:49,123,Available,COA synthetic availability
COA000106,C00032,2025-06-07,09:16,11:53,157,Available,COA synthetic availability
COA000107,C00032,2025-06-26,03:56,04:33,37,Available,COA synthetic availability
COA000108,C00021,2025-06-17,06:32,09:06,154,Available,COA synthetic availability
COA000109,C00024,2025-06-26,05:03,07:01,118,Available,COA synthetic availability
COA000110,C00062,2025-06-05,02:43,05:28,165,Available,COA synthetic availability
COA000111,C00019,2025-06-29,09:29,12:05,156,Available,COA synthetic availability
COA000112,C00027,2025-06-03,19:02,19:47,45,Available,COA synthetic availability
COA000113,C00044,2025-06-14,00:48,02:25,97,Available,COA synthetic availability
COA000114,C00075,2025-06-22,03:42,04:27,45,Available,COA synthetic availability
COA000115,C00031,2025-06-09,08:21,09:14,53,Available,COA synthetic availability
COA000116,C00041,2025-06-22,02:19,04:18,119,Available,COA synthetic availability
COA000117,C00053,2025-06-27,05:45,08:22,157,Available,COA synthetic availability
COA000118,C00097,2025-06-03,16:28,17:42,74,Available,COA synthetic availability
COA000119,C00003,2025-06-02,16:37,19:11,154,Available,COA synthetic availability
COA000120,C00084,2025-06-21,06:55,07:59,64,Available,COA synthetic availability
COA000121,C00068,2025-06-02,19:16,21:20,124,Available,COA synthetic availability
COA000122,C00044,2025-06-25,06:47,08:00,73,Available,COA synthetic availability
COA000123,C00065,2025-06-16,16:06,17:23,77,Available,COA synthetic availability
COA000124,C00081,2025-06-03,03:01,05:18,137,Available,COA synthetic availability
COA000125,C00079,2025-06-19,19:31,21:06,95,Available,COA synthetic availability
COA000126,C00052,2025-06-16,01:15,03:13,118,Available,COA synthetic availability
COA000127,C00013,2025-06-30,13:13,14:10,57,Available,COA synthetic availability
COA000128,C00026,2025-06-13,16:34,17:39,65,Restricted,COA synthetic availability
COA000129,C00058,2025-06-15,04:08,05:41,93,Available,COA synthetic availability
COA000130,C00073,2025-06-02,10:16,11:49,93,Available,COA synthetic availability
COA000131,C00076,2025-06-29,07:54,08:55,61,Restricted,COA synthetic availability
COA000132,C00052,2025-06-12,14:15,16:15,120,Available,COA synthetic availability
COA000133,C00094,2025-06-04,17:16,18:13,57,Available,COA synthetic availability
COA000134,C00096,2025-06-24,00:00,01:20,80,Restricted,COA synthetic availability
COA000135,C00084,2025-06-02,11:55,13:15,80,Available,COA synthetic availability
COA000136,C00023,2025-06-02,10:04,11:50,106,Available,COA synthetic availability
COA000137,C00048,2025-06-15,00:27,01:30,63,Available,COA synthetic availability
COA000138,C00002,2025-06-12,16:01,16:32,31,Available,COA synthetic availability
COA000139,C00093,2025-06-25,10:08,11:25,77,Available,COA synthetic availability
COA000140,C00048,2025-06-05,08:38,11:14,156,Available,COA synthetic availability
COA000141,C00091,2025-06-01,14:47,17:04,137,Available,COA synthetic availability
COA000142,C00039,2025-06-13,18:45,20:22,97,Available,COA synthetic availability
COA000143,C00035,2025-06-11,15:12,17:44,152,Available,COA synthetic availability
COA000144,C00051,2025-06-01,06:55,09:47,172,Available,COA synthetic availability
COA000145,C00090,2025-06-04,16:51,17:54,63,Available,COA synthetic availability
COA000146,C00060,2025-06-19,17:19,18:43,84,Available,COA synthetic availability
COA000147,C00050,2025-06-01,19:14,20:49,95,Available,COA synthetic availability
COA000148,C00087,2025-06-21,10:10,10:57,47,Available,COA synthetic availability
COA000149,C00028,2025-06-30,17:36,18:11,35,Available,COA synthetic availability
COA000150,C00087,2025-06-29,05:19,07:45,146,Available,COA synthetic availability
COA000151,C00064,2025-06-22,17:08,20:07,179,Available,COA synthetic availability
COA000152,C00051,2025-06-22,01:32,02:56,84,Restricted,COA synthetic availability
COA000153,C00051,2025-06-29,10:46,12:16,90,Available,COA synthetic availability
COA000154,C00095,2025-06-27,07:50,09:13,83,Available,COA synthetic availability
COA000155,C00043,2025-06-20,00:32,01:52,80,Restricted,COA synthetic availability
COA000156,C00064,2025-06-30,03:09,04:12,63,Available,COA synthetic availability
COA000157,C00080,2025-06-30,18:39,21:31,172,Available,COA synthetic availability
COA000158,C00095,2025-06-30,06:48,08:15,87,Available,COA synthetic availability
COA000159,C00078,2025-06-30,14:09,14:46,37,Available,COA synthetic availability
COA000160,C00035,2025-06-02,12:06,13:05,59,Available,COA synthetic availability
COA000161,C00086,2025-06-01,00:29,01:28,59,Available,COA synthetic availability
COA000162,C00021,2025-06-03,08:16,08:48,32,Available,COA synthetic availability
COA000163,C00024,2025-06-01,04:02,05:40,98,Available,COA synthetic availability
COA000164,C00017,2025-06-11,00:04,01:47,103,Available,COA synthetic availability
COA000165,C00080,2025-06-22,06:44,09:10,146,Available,COA synthetic availability
COA000166,C00058,2025-06-01,09:49,10:58,69,Available,COA synthetic availability
COA000167,C00058,2025-06-01,04:16,06:02,106,Available,COA synthetic availability
COA000168,C00004,2025-06-05,11:46,12:19,33,Available,COA synthetic availability
COA000169,C00062,2025-06-01,01:38,04:03,145,Available,COA synthetic availability
COA000170,C00060,2025-06-01,11:59,14:02,123,Available,COA synthetic availability
COA000171,C00075,2025-06-17,06:18,07:13,55,Available,COA synthetic availability
COA000172,C00013,2025-06-08,13:56,15:29,93,Restricted,COA synthetic availability
COA000173,C00032,2025-06-23,08:07,09:50,103,Available,COA synthetic availability
COA000174,C00031,2025-06-11,18:11,18:42,31,Restricted,COA synthetic availability
COA000175,C00039,2025-06-14,06:06,08:49,163,Available,COA synthetic availability
COA000176,C00013,2025-06-23,03:51,04:43,52,Available,COA synthetic availability
COA000177,C00040,2025-06-28,09:31,12:08,157,Available,COA synthetic availability
COA000178,C00060,2025-06-25,10:44,12:07,83,Available,COA synthetic availability
COA000179,C00082,2025-06-27,10:59,13:44,165,Available,COA synthetic availability
COA000180,C00095,2025-06-29,04:59,07:33,154,Available,COA synthetic availability
COA000181,C00078,2025-06-01,09:20,10:55,95,Available,COA synthetic availability
COA000182,C00083,2025-06-21,05:39,07:10,91,Available,COA synthetic availability
COA000183,C00026,2025-06-19,01:44,04:05,141,Available,COA synthetic availability
COA000184,C00077,2025-06-10,11:29,12:45,76,Restricted,COA synthetic availability
COA000185,C00003,2025-06-14,13:27,14:53,86,Available,COA synthetic availability
COA000186,C00012,2025-06-29,03:51,05:23,92,Available,COA synthetic availability
COA000187,C00036,2025-06-21,01:22,04:02,160,Available,COA synthetic availability
COA000188,C00071,2025-06-24,07:13,09:52,159,Available,COA synthetic availability
COA000189,C00041,2025-06-24,04:13,06:52,159,Available,COA synthetic availability
COA000190,C00042,2025-06-10,09:49,12:01,132,Available,COA synthetic availability
COA000191,C00048,2025-06-27,02:03,04:34,151,Available,COA synthetic availability
COA000192,C00024,2025-06-01,00:31,02:14,103,Available,COA synthetic availability
COA000193,C00076,2025-06-30,07:50,09:34,104,Available,COA synthetic availability
COA000194,C00015,2025-06-08,11:06,12:20,74,Available,COA synthetic availability
COA000195,C00039,2025-06-19,16:58,19:19,141,Available,COA synthetic availability
COA000196,C00003,2025-06-13,11:18,13:19,121,Available,COA synthetic availability
COA000197,C00049,2025-06-19,19:01,19:43,42,Available,COA synthetic availability
COA000198,C00018,2025-06-11,02:38,04:19,101,Available,COA synthetic availability
COA000199,C00044,2025-06-04,07:43,08:38,55,Available,COA synthetic availability
COA000200,C00053,2025-06-18,14:42,17:13,151,Available,COA synthetic availability
COA000201,C00073,2025-06-12,15:27,17:32,125,Available,COA synthetic availability
COA000202,C00065,2025-06-16,06:09,07:04,55,Available,COA synthetic availability
COA000203,C00091,2025-06-01,13:06,15:49,163,Available,COA synthetic availability
COA000204,C00044,2025-06-25,11:17,12:33,76,Available,COA synthetic availability
COA000205,C00042,2025-06-18,17:56,19:44,108,Available,COA synthetic availability
COA000206,C00072,2025-06-23,05:51,06:36,45,Available,COA synthetic availability
COA000207,C00015,2025-06-29,10:20,13:01,161,Available,COA synthetic availability
COA000208,C00070,2025-06-05,14:22,14:56,34,Available,COA synthetic availability
COA000209,C00036,2025-06-21,15:33,17:33,120,Available,COA synthetic availability
COA000210,C00016,2025-06-29,02:14,03:34,80,Available,COA synthetic availability
COA000211,C00053,2025-06-12,10:38,11:11,33,Available,COA synthetic availability
COA000212,C00054,2025-06-17,15:58,17:02,64,Available,COA synthetic availability
COA000213,C00013,2025-06-09,07:38,10:09,151,Available,COA synthetic availability
COA000214,C00075,2025-06-05,03:17,05:44,147,Available,COA synthetic availability
COA000215,C00087,2025-06-23,05:21,06:51,90,Available,COA synthetic availability
COA000216,C00097,2025-06-20,07:55,10:35,160,Available,COA synthetic availability
COA000217,C00068,2025-06-09,10:06,11:12,66,Available,COA synthetic availability
COA000218,C00030,2025-06-06,06:33,08:50,137,Available,COA synthetic availability
COA000219,C00025,2025-06-29,09:10,11:15,125,Available,COA synthetic availability
COA000220,C00062,2025-06-16,01:21,03:31,130,Available,COA synthetic availability
COA000221,C00062,2025-06-30,01:07,01:48,41,Available,COA synthetic availability
COA000222,C00065,2025-06-16,15:27,16:33,66,Available,COA synthetic availability
COA000223,C00030,2025-06-10,04:26,06:39,133,Available,COA synthetic availability
COA000224,C00004,2025-06-13,14:33,16:26,113,Available,COA synthetic availability
COA000225,C00033,2025-06-04,15:11,16:16,65,Available,COA synthetic availability
COA000226,C00056,2025-06-14,03:49,04:49,60,Available,COA synthetic availability
COA000227,C00011,2025-06-13,14:49,15:48,59,Available,COA synthetic availability
COA000228,C00089,2025-06-08,18:25,19:38,73,Available,COA synthetic availability
COA000229,C00002,2025-06-11,08:40,11:07,147,Available,COA synthetic availability
COA000230,C00083,2025-06-07,10:27,13:21,174,Restricted,COA synthetic availability
COA000231,C00015,2025-06-14,05:36,07:59,143,Available,COA synthetic availability
COA000232,C00006,2025-06-05,01:47,02:17,30,Restricted,COA synthetic availability
COA000233,C00099,2025-06-09,11:31,12:21,50,Restricted,COA synthetic availability
COA000234,C00087,2025-06-29,02:59,05:57,178,Available,COA synthetic availability
COA000235,C00015,2025-06-22,18:11,21:04,173,Available,COA synthetic availability
COA000236,C00070,2025-06-19,03:48,04:51,63,Available,COA synthetic availability
COA000237,C00090,2025-06-09,08:37,11:34,177,Available,COA synthetic availability
COA000238,C00039,2025-06-15,05:42,07:59,137,Available,COA synthetic availability
COA000239,C00045,2025-06-22,11:36,13:24,108,Available,COA synthetic availability
COA000240,C00013,2025-06-12,10:23,11:42,79,Available,COA synthetic availability
COA000241,C00026,2025-06-07,16:32,19:04,152,Available,COA synthetic availability
COA000242,C00010,2025-06-19,06:45,07:38,53,Available,COA synthetic availability
COA000243,C00008,2025-06-09,10:05,10:40,35,Available,COA synthetic availability
COA000244,C00070,2025-06-15,02:42,03:45,63,Available,COA synthetic availability
COA000245,C00004,2025-06-14,07:29,08:29,60,Available,COA synthetic availability
COA000246,C00087,2025-06-28,08:13,09:40,87,Available,COA synthetic availability
COA000247,C00020,2025-06-29,07:47,10:10,143,Available,COA synthetic availability
COA000248,C00064,2025-06-13,05:20,07:27,127,Available,COA synthetic availability
COA000249,C00055,2025-06-11,18:27,21:00,153,Available,COA synthetic availability
COA000250,C00065,2025-06-21,11:25,14:18,173,Available,COA synthetic availability
COA000251,C00042,2025-06-23,07:37,09:13,96,Available,COA synthetic availability
COA000252,C00057,2025-06-08,09:01,10:00,59,Available,COA synthetic availability
COA000253,C00063,2025-06-06,09:43,11:49,126,Available,COA synthetic availability
COA000254,C00094,2025-06-07,15:36,18:19,163,Available,COA synthetic availability
COA000255,C00099,2025-06-13,14:53,16:12,79,Available,COA synthetic availability
COA000256,C00013,2025-06-05,13:48,16:43,175,Available,COA synthetic availability
COA000257,C00043,2025-06-26,18:19,20:09,110,Available,COA synthetic availability
COA000258,C00010,2025-06-27,00:04,00:44,40,Restricted,COA synthetic availability
COA000259,C00092,2025-06-12,11:49,12:35,46,Available,COA synthetic availability
COA000260,C00053,2025-06-26,04:52,06:42,110,Available,COA synthetic availability
COA000261,C00058,2025-06-17,19:29,21:57,148,Available,COA synthetic availability
COA000262,C00021,2025-06-24,18:12,20:04,112,Available,COA synthetic availability
COA000263,C00060,2025-06-14,08:18,09:50,92,Available,COA synthetic availability
COA000264,C00020,2025-06-16,04:11,05:48,97,Available,COA synthetic availability
COA000265,C00003,2025-06-11,12:15,12:49,34,Available,COA synthetic availability
COA000266,C00032,2025-06-08,18:53,20:32,99,Available,COA synthetic availability
COA000267,C00049,2025-06-03,02:33,03:24,51,Available,COA synthetic availability
COA000268,C00043,2025-06-18,15:23,17:38,135,Restricted,COA synthetic availability
COA000269,C00016,2025-06-28,11:41,12:46,65,Available,COA synthetic availability
COA000270,C00056,2025-06-14,12:58,15:57,179,Available,COA synthetic availability
COA000271,C00069,2025-06-10,15:18,16:46,88,Available,COA synthetic availability
COA000272,C00019,2025-06-04,04:27,04:57,30,Restricted,COA synthetic availability
COA000273,C00015,2025-06-06,16:07,17:33,86,Available,COA synthetic availability
COA000274,C00014,2025-06-09,02:01,02:48,47,Available,COA synthetic availability
COA000275,C00013,2025-06-10,18:46,21:40,174,Available,COA synthetic availability
COA000276,C00040,2025-06-24,17:59,19:53,114,Available,COA synthetic availability
COA000277,C00010,2025-06-15,01:51,03:59,128,Available,COA synthetic availability
COA000278,C00042,2025-06-23,04:36,06:45,129,Available,COA synthetic availability
COA000279,C00061,2025-06-02,15:16,16:27,71,Available,COA synthetic availability
COA000280,C00061,2025-06-20,04:54,05:46,52,Available,COA synthetic availability
COA000281,C00094,2025-06-22,01:42,03:35,113,Available,COA synthetic availability
COA000282,C00002,2025-06-07,06:06,06:42,36,Available,COA synthetic availability
COA000283,C00045,2025-06-07,04:55,05:51,56,Available,COA synthetic availability
COA000284,C00074,2025-06-17,09:28,12:24,176,Available,COA synthetic availability
COA000285,C00050,2025-06-14,14:32,17:17,165,Available,COA synthetic availability
COA000286,C00074,2025-06-10,12:17,13:24,67,Available,COA synthetic availability
COA000287,C00095,2025-06-13,14:36,16:33,117,Available,COA synthetic availability
COA000288,C00077,2025-06-30,18:19,18:58,39,Available,COA synthetic availability
COA000289,C00014,2025-06-11,06:15,09:02,167,Available,COA synthetic availability
COA000290,C00009,2025-06-27,16:04,19:00,176,Available,COA synthetic availability
COA000291,C00023,2025-06-12,05:56,07:20,84,Available,COA synthetic availability
COA000292,C00060,2025-06-16,17:25,19:50,145,Available,COA synthetic availability
COA000293,C00078,2025-06-05,03:28,05:36,128,Available,COA synthetic availability
COA000294,C00091,2025-06-16,00:05,02:25,140,Available,COA synthetic availability
COA000295,C00055,2025-06-29,15:31,16:33,62,Available,COA synthetic availability
COA000296,C00041,2025-06-21,08:54,11:29,155,Available,COA synthetic availability
COA000297,C00068,2025-06-14,04:27,06:19,112,Available,COA synthetic availability
COA000298,C00065,2025-06-07,01:12,03:27,135,Available,COA synthetic availability
COA000299,C00006,2025-06-20,05:48,06:49,61,Restricted,COA synthetic availability
COA000300,C00100,2025-06-01,07:18,08:18,60,Available,COA synthetic availability
COA000301,C00013,2025-06-07,08:30,10:03,93,Available,COA synthetic availability
COA000302,C00069,2025-06-05,16:30,19:01,151,Available,COA synthetic availability
COA000303,C00092,2025-06-09,12:59,15:35,156,Restricted,COA synthetic availability
COA000304,C00051,2025-06-29,05:25,08:23,178,Restricted,COA synthetic availability
COA000305,C00012,2025-06-22,01:58,03:22,84,Available,COA synthetic availability
COA000306,C00031,2025-06-28,10:00,11:59,119,Available,COA synthetic availability
COA000307,C00038,2025-06-28,10:01,11:43,102,Available,COA synthetic availability
COA000308,C00041,2025-06-22,15:53,17:14,81,Available,COA synthetic availability
COA000309,C00014,2025-06-24,16:20,17:44,84,Available,COA synthetic availability
COA000310,C00094,2025-06-09,14:22,17:21,179,Available,COA synthetic availability
COA000311,C00005,2025-06-30,02:36,05:20,164,Available,COA synthetic availability
COA000312,C00098,2025-06-03,18:10,19:19,69,Available,COA synthetic availability
COA000313,C00097,2025-06-06,09:52,12:46,174,Available,COA synthetic availability
COA000314,C00044,2025-06-04,11:09,13:34,145,Available,COA synthetic availability
COA000315,C00008,2025-06-09,00:45,03:09,144,Available,COA synthetic availability
COA000316,C00006,2025-06-18,18:06,19:03,57,Available,COA synthetic availability
COA000317,C00060,2025-06-29,08:05,09:17,72,Available,COA synthetic availability
COA000318,C00009,2025-06-03,00:13,02:37,144,Available,COA synthetic availability
COA000319,C00073,2025-06-18,01:22,02:16,54,Available,COA synthetic availability
COA000320,C00073,2025-06-27,08:12,09:19,67,Available,COA synthetic availability
COA000321,C00095,2025-06-10,17:35,18:55,80,Restricted,COA synthetic availability
COA000322,C00009,2025-06-26,18:37,19:50,73,Available,COA synthetic availability
COA000323,C00060,2025-06-08,08:29,09:44,75,Available,COA synthetic availability
COA000324,C00070,2025-06-01,11:51,14:14,143,Available,COA synthetic availability
COA000325,C00029,2025-06-28,17:15,19:47,152,Available,COA synthetic availability
COA000326,C00001,2025-06-22,08:25,11:16,171,Available,COA synthetic availability
COA000327,C00026,2025-06-28,06:16,07:39,83,Available,COA synthetic availability
COA000328,C00066,2025-06-16,03:47,04:54,67,Available,COA synthetic availability
COA000329,C00060,2025-06-30,07:50,08:25,35,Available,COA synthetic availability
COA000330,C00038,2025-06-11,14:10,15:43,93,Available,COA synthetic availability
COA000331,C00006,2025-06-06,16:00,18:06,126,Restricted,COA synthetic availability
COA000332,C00051,2025-06-10,15:47,18:36,169,Available,COA synthetic availability
COA000333,C00029,2025-06-13,15:03,17:44,161,Available,COA synthetic availability
COA000334,C00010,2025-06-12,18:24,19:37,73,Available,COA synthetic availability
COA000335,C00057,2025-06-24,16:53,19:13,140,Available,COA synthetic availability
COA000336,C00080,2025-06-22,04:28,07:08,160,Available,COA synthetic availability
COA000337,C00089,2025-06-03,07:30,10:24,174,Available,COA synthetic availability
COA000338,C00005,2025-06-25,15:56,16:54,58,Available,COA synthetic availability
COA000339,C00085,2025-06-09,04:40,06:53,133,Available,COA synthetic availability
COA000340,C00023,2025-06-09,16:16,16:54,38,Available,COA synthetic availability
COA000341,C00052,2025-06-03,10:46,12:09,83,Available,COA synthetic availability
COA000342,C00016,2025-06-07,09:03,10:46,103,Available,COA synthetic availability
COA000343,C00029,2025-06-25,06:45,08:17,92,Available,COA synthetic availability
COA000344,C00077,2025-06-07,04:25,07:22,177,Available,COA synthetic availability
COA000345,C00032,2025-06-01,02:23,04:14,111,Available,COA synthetic availability
COA000346,C00071,2025-06-18,03:17,03:50,33,Available,COA synthetic availability
COA000347,C00002,2025-06-26,01:12,02:46,94,Available,COA synthetic availability
COA000348,C00073,2025-06-14,16:11,17:55,104,Available,COA synthetic availability
COA000349,C00075,2025-06-06,02:42,04:55,133,Available,COA synthetic availability
COA000350,C00082,2025-06-15,14:02,17:00,178,Available,COA synthetic availability
COA000351,C00004,2025-06-17,19:28,22:18,170,Restricted,COA synthetic availability
COA000352,C00053,2025-06-28,19:19,21:52,153,Available,COA synthetic availability
COA000353,C00023,2025-06-06,01:24,03:58,154,Available,COA synthetic availability
COA000354,C00003,2025-06-07,09:38,12:01,143,Available,COA synthetic availability
COA000355,C00076,2025-06-07,06:50,08:17,87,Available,COA synthetic availability
COA000356,C00033,2025-06-19,03:50,06:17,147,Available,COA synthetic availability
COA000357,C00003,2025-06-26,02:02,03:22,80,Available,COA synthetic availability
COA000358,C00039,2025-06-16,02:21,03:44,83,Restricted,COA synthetic availability
COA000359,C00100,2025-06-27,15:36,17:50,134,Available,COA synthetic availability
COA000360,C00009,2025-06-25,07:52,10:00,128,Available,COA synthetic availability
COA000361,C00095,2025-06-19,01:25,04:21,176,Available,COA synthetic availability
COA000362,C00069,2025-06-02,12:51,14:21,90,Available,COA synthetic availability
COA000363,C00007,2025-06-20,04:51,05:46,55,Available,COA synthetic availability
COA000364,C00082,2025-06-04,03:05,04:49,104,Available,COA synthetic availability
COA000365,C00033,2025-06-07,15:35,16:11,36,Available,COA synthetic availability
COA000366,C00095,2025-06-19,19:28,22:04,156,Available,COA synthetic availability
COA000367,C00025,2025-06-25,13:34,14:18,44,Available,COA synthetic availability
COA000368,C00075,2025-06-16,15:54,17:58,124,Available,COA synthetic availability
COA000369,C00004,2025-06-07,04:27,06:00,93,Available,COA synthetic availability
COA000370,C00025,2025-06-17,10:17,11:51,94,Restricted,COA synthetic availability
COA000371,C00095,2025-06-21,19:17,21:45,148,Restricted,COA synthetic availability
COA000372,C00040,2025-06-15,19:40,20:41,61,Restricted,COA synthetic availability
COA000373,C00065,2025-06-10,11:52,12:54,62,Available,COA synthetic availability
COA000374,C00061,2025-06-26,11:35,13:17,102,Available,COA synthetic availability
COA000375,C00095,2025-06-03,08:00,08:33,33,Available,COA synthetic availability
COA000376,C00053,2025-06-09,13:20,16:04,164,Available,COA synthetic availability
COA000377,C00092,2025-06-28,12:42,13:20,38,Available,COA synthetic availability
COA000378,C00012,2025-06-24,04:23,04:57,34,Available,COA synthetic availability
COA000379,C00017,2025-06-04,18:06,20:20,134,Available,COA synthetic availability
COA000380,C00089,2025-06-30,00:11,02:02,111,Available,COA synthetic availability
COA000381,C00001,2025-06-20,10:16,11:00,44,Available,COA synthetic availability
COA000382,C00065,2025-06-13,01:49,02:59,70,Available,COA synthetic availability
COA000383,C00006,2025-06-12,02:06,03:28,82,Available,COA synthetic availability
COA000384,C00053,2025-06-16,17:02,17:37,35,Available,COA synthetic availability
COA000385,C00021,2025-06-28,04:11,06:28,137,Available,COA synthetic availability
COA000386,C00002,2025-06-18,09:28,10:54,86,Restricted,COA synthetic availability
COA000387,C00081,2025-06-26,13:19,13:57,38,Available,COA synthetic availability
COA000388,C00074,2025-06-06,04:01,05:13,72,Restricted,COA synthetic availability
COA000389,C00078,2025-06-30,13:15,15:38,143,Available,COA synthetic availability
COA000390,C00003,2025-06-28,03:26,04:47,81,Available,COA synthetic availability
COA000391,C00067,2025-06-17,11:30,12:51,81,Available,COA synthetic availability
COA000392,C00067,2025-06-28,05:02,07:41,159,Restricted,COA synthetic availability
COA000393,C00060,2025-06-23,06:44,08:15,91,Available,COA synthetic availability
COA000394,C00009,2025-06-28,12:52,15:10,138,Available,COA synthetic availability
COA000395,C00022,2025-06-18,13:49,16:39,170,Available,COA synthetic availability
COA000396,C00087,2025-06-04,10:16,11:50,94,Available,COA synthetic availability
COA000397,C00003,2025-06-16,10:59,11:41,42,Restricted,COA synthetic availability
COA000398,C00022,2025-06-12,16:22,17:47,85,Available,COA synthetic availability
COA000399,C00010,2025-06-23,08:57,11:11,134,Available,COA synthetic availability
COA000400,C00007,2025-06-24,09:45,11:30,105,Available,COA synthetic availability
COA000401,C00097,2025-06-04,07:33,08:25,52,Restricted,COA synthetic availability
COA000402,C00070,2025-06-04,18:54,19:40,46,Available,COA synthetic availability
COA000403,C00048,2025-06-26,08:33,09:37,64,Available,COA synthetic availability
COA000404,C00086,2025-06-15,15:41,18:01,140,Restricted,COA synthetic availability
COA000405,C00043,2025-06-29,07:32,10:24,172,Available,COA synthetic availability
COA000406,C00067,2025-06-30,07:31,08:54,83,Available,COA synthetic availability
COA000407,C00078,2025-06-17,01:09,02:11,62,Available,COA synthetic availability
COA000408,C00078,2025-06-21,02:35,04:56,141,Available,COA synthetic availability
COA000409,C00097,2025-06-25,11:45,14:16,151,Available,COA synthetic availability
COA000410,C00053,2025-06-06,08:41,11:41,180,Available,COA synthetic availability
COA000411,C00022,2025-06-27,04:37,06:59,142,Available,COA synthetic availability
COA000412,C00025,2025-06-16,05:24,07:44,140,Available,COA synthetic availability
COA000413,C00090,2025-06-14,16:59,17:34,35,Available,COA synthetic availability
COA000414,C00026,2025-06-12,00:26,01:23,57,Available,COA synthetic availability
COA000415,C00092,2025-06-27,11:34,13:25,111,Available,COA synthetic availability
COA000416,C00048,2025-06-26,02:23,04:55,152,Available,COA synthetic availability
COA000417,C00027,2025-06-07,12:05,14:41,156,Available,COA synthetic availability
COA000418,C00033,2025-06-10,06:40,08:00,80,Available,COA synthetic availability
COA000419,C00081,2025-06-19,16:00,17:53,113,Restricted,COA synthetic availability
COA000420,C00025,2025-06-18,15:02,17:56,174,Restricted,COA synthetic availability
COA000421,C00022,2025-06-24,08:38,09:56,78,Available,COA synthetic availability
COA000422,C00095,2025-06-24,00:46,03:40,174,Available,COA synthetic availability
COA000423,C00083,2025-06-03,06:29,07:32,63,Available,COA synthetic availability
COA000424,C00084,2025-06-10,17:10,20:07,177,Available,COA synthetic availability
COA000425,C00096,2025-06-05,05:48,06:56,68,Available,COA synthetic availability
COA000426,C00075,2025-06-20,03:39,04:21,42,Available,COA synthetic availability
COA000427,C00098,2025-06-07,11:14,13:36,142,Available,COA synthetic availability
COA000428,C00008,2025-06-11,03:57,04:38,41,Available,COA synthetic availability
COA000429,C00093,2025-06-17,00:22,02:33,131,Available,COA synthetic availability
COA000430,C00049,2025-06-14,13:28,15:56,148,Available,COA synthetic availability
COA000431,C00060,2025-06-30,16:40,17:16,36,Available,COA synthetic availability
COA000432,C00024,2025-06-25,12:29,14:50,141,Available,COA synthetic availability
COA000433,C00040,2025-06-21,07:08,07:59,51,Available,COA synthetic availability
COA000434,C00015,2025-06-13,00:56,02:57,121,Available,COA synthetic availability
COA000435,C00021,2025-06-20,17:27,19:54,147,Available,COA synthetic availability
COA000436,C00031,2025-06-11,08:25,11:03,158,Available,COA synthetic availability
COA000437,C00042,2025-06-07,13:15,14:25,70,Available,COA synthetic availability
COA000438,C00095,2025-06-30,09:20,11:52,152,Available,COA synthetic availability
COA000439,C00066,2025-06-07,10:04,10:57,53,Available,COA synthetic availability
COA000440,C00059,2025-06-10,05:39,07:55,136,Restricted,COA synthetic availability
COA000441,C00071,2025-06-06,11:14,11:58,44,Available,COA synthetic availability
COA000442,C00044,2025-06-25,03:28,04:50,82,Available,COA synthetic availability
COA000443,C00053,2025-06-01,11:57,12:47,50,Available,COA synthetic availability
COA000444,C00080,2025-06-06,00:57,03:50,173,Available,COA synthetic availability
COA000445,C00018,2025-06-18,11:56,14:07,131,Available,COA synthetic availability
COA000446,C00091,2025-06-06,16:08,17:58,110,Available,COA synthetic availability
COA000447,C00005,2025-06-06,19:15,20:39,84,Available,COA synthetic availability
COA000448,C00031,2025-06-03,08:08,08:49,41,Available,COA synthetic availability
COA000449,C00028,2025-06-22,13:56,15:53,117,Available,COA synthetic availability
COA000450,C00091,2025-06-03,03:00,03:58,58,Available,COA synthetic availability
COA000451,C00035,2025-06-16,16:10,17:42,92,Available,COA synthetic availability
COA000452,C00004,2025-06-13,15:38,17:06,88,Available,COA synthetic availability
COA000453,C00094,2025-06-22,02:15,03:11,56,Available,COA synthetic availability
COA000454,C00054,2025-06-08,03:25,05:25,120,Available,COA synthetic availability
COA000455,C00045,2025-06-05,08:05,10:28,143,Restricted,COA synthetic availability
COA000456,C00018,2025-06-12,00:01,01:41,100,Available,COA synthetic availability
COA000457,C00033,2025-06-01,08:13,10:22,129,Available,COA synthetic availability
COA000458,C00058,2025-06-20,02:48,04:54,126,Available,COA synthetic availability
COA000459,C00067,2025-06-04,13:08,14:19,71,Available,COA synthetic availability
COA000460,C00054,2025-06-04,07:49,09:30,101,Available,COA synthetic availability
COA000461,C00075,2025-06-08,11:56,14:47,171,Available,COA synthetic availability
COA000462,C00027,2025-06-25,16:50,19:18,148,Available,COA synthetic availability
COA000463,C00018,2025-06-12,06:25,08:29,124,Available,COA synthetic availability
COA000464,C00018,2025-06-28,00:39,01:26,47,Available,COA synthetic availability
COA000465,C00025,2025-06-12,14:35,16:26,111,Available,COA synthetic availability
COA000466,C00066,2025-06-11,00:30,01:49,79,Available,COA synthetic availability
COA000467,C00097,2025-06-28,17:18,20:12,174,Available,COA synthetic availability
COA000468,C00032,2025-06-24,04:38,06:31,113,Restricted,COA synthetic availability
COA000469,C00065,2025-06-15,08:43,09:52,69,Available,COA synthetic availability
COA000470,C00019,2025-06-27,08:59,10:40,101,Available,COA synthetic availability
COA000471,C00025,2025-06-18,13:39,15:27,108,Available,COA synthetic availability
COA000472,C00024,2025-06-11,09:52,10:23,31,Available,COA synthetic availability
COA000473,C00041,2025-06-08,18:35,20:46,131,Available,COA synthetic availability
COA000474,C00096,2025-06-22,16:37,18:46,129,Available,COA synthetic availability
COA000475,C00012,2025-06-16,12:38,15:31,173,Available,COA synthetic availability
COA000476,C00077,2025-06-14,08:38,10:11,93,Available,COA synthetic availability
COA000477,C00050,2025-06-26,18:24,21:06,162,Available,COA synthetic availability
COA000478,C00065,2025-06-24,14:47,17:02,135,Available,COA synthetic availability
COA000479,C00074,2025-06-25,01:12,03:54,162,Available,COA synthetic availability
COA000480,C00070,2025-06-23,19:48,21:19,91,Available,COA synthetic availability
COA000481,C00081,2025-06-14,18:55,21:14,139,Available,COA synthetic availability
COA000482,C00031,2025-06-11,15:24,17:05,101,Available,COA synthetic availability
COA000483,C00001,2025-06-04,10:50,11:26,36,Available,COA synthetic availability
COA000484,C00018,2025-06-23,13:35,15:38,123,Available,COA synthetic availability
COA000485,C00040,2025-06-07,19:51,21:25,94,Available,COA synthetic availability
COA000486,C00049,2025-06-09,06:19,07:47,88,Available,COA synthetic availability
COA000487,C00001,2025-06-05,00:52,01:41,49,Available,COA synthetic availability
COA000488,C00061,2025-06-17,09:19,10:24,65,Available,COA synthetic availability
COA000489,C00081,2025-06-25,01:05,02:06,61,Available,COA synthetic availability
COA000490,C00019,2025-06-22,16:10,17:40,90,Available,COA synthetic availability
COA000491,C00012,2025-06-26,19:19,20:39,80,Available,COA synthetic availability
COA000492,C00100,2025-06-27,01:33,02:54,81,Available,COA synthetic availability
COA000493,C00055,2025-06-19,02:44,05:44,180,Available,COA synthetic availability
COA000494,C00041,2025-06-04,09:52,12:33,161,Available,COA synthetic availability
COA000495,C00003,2025-06-30,10:19,11:29,70,Available,COA synthetic availability
COA000496,C00020,2025-06-11,10:48,11:58,70,Available,COA synthetic availability
COA000497,C00082,2025-06-27,06:39,07:51,72,Available,COA synthetic availability
COA000498,C00079,2025-06-30,16:24,18:04,100,Available,COA synthetic availability
COA000499,C00072,2025-06-19,15:49,16:27,38,Available,COA synthetic availability
COA000500,C00017,2025-06-27,18:42,21:32,170,Available,COA synthetic availability
COA000501,C00064,2025-06-21,19:47,21:03,76,Available,COA synthetic availability
COA000502,C00003,2025-06-11,02:43,03:45,62,Available,COA synthetic availability
COA000503,C00085,2025-06-30,10:18,11:25,67,Available,COA synthetic availability
COA000504,C00008,2025-06-03,10:24,11:45,81,Available,COA synthetic availability
COA000505,C00028,2025-06-16,11:05,13:53,168,Available,COA synthetic availability
COA000506,C00022,2025-06-18,02:55,05:51,176,Available,COA synthetic availability
COA000507,C00057,2025-06-30,01:40,04:34,174,Available,COA synthetic availability
COA000508,C00037,2025-06-06,11:49,14:16,147,Available,COA synthetic availability
COA000509,C00072,2025-06-30,03:06,04:50,104,Available,COA synthetic availability
COA000510,C00063,2025-06-26,16:34,17:19,45,Available,COA synthetic availability
COA000511,C00078,2025-06-07,19:33,21:40,127,Available,COA synthetic availability
COA000512,C00014,2025-06-19,11:44,12:34,50,Available,COA synthetic availability
COA000513,C00058,2025-06-07,03:11,05:28,137,Available,COA synthetic availability
COA000514,C00039,2025-06-30,05:53,06:38,45,Available,COA synthetic availability
COA000515,C00096,2025-06-05,15:05,15:58,53,Available,COA synthetic availability
COA000516,C00022,2025-06-04,03:05,05:05,120,Available,COA synthetic availability
COA000517,C00088,2025-06-28,19:49,21:55,126,Available,COA synthetic availability
COA000518,C00025,2025-06-16,05:28,06:55,87,Available,COA synthetic availability
COA000519,C00031,2025-06-22,19:53,20:25,32,Available,COA synthetic availability
COA000520,C00019,2025-06-18,17:24,19:08,104,Available,COA synthetic availability
COA000521,C00080,2025-06-01,17:50,19:07,77,Available,COA synthetic availability
COA000522,C00067,2025-06-21,16:39,17:42,63,Available,COA synthetic availability
COA000523,C00057,2025-06-10,07:47,09:44,117,Available,COA synthetic availability
COA000524,C00058,2025-06-02,03:57,04:32,35,Available,COA synthetic availability
COA000525,C00007,2025-06-28,09:49,11:40,111,Available,COA synthetic availability
COA000526,C00087,2025-06-21,15:47,18:20,153,Available,COA synthetic availability
COA000527,C00086,2025-06-17,04:51,07:44,173,Available,COA synthetic availability
COA000528,C00025,2025-06-07,12:35,15:01,146,Available,COA synthetic availability
COA000529,C00033,2025-06-05,00:20,03:02,162,Available,COA synthetic availability
COA000530,C00050,2025-06-19,03:16,04:59,103,Available,COA synthetic availability
COA000531,C00048,2025-06-02,14:04,16:22,138,Available,COA synthetic availability
COA000532,C00081,2025-06-06,08:54,11:11,137,Available,COA synthetic availability
COA000533,C00055,2025-06-19,05:52,07:30,98,Available,COA synthetic availability
COA000534,C00093,2025-06-06,06:00,06:54,54,Available,COA synthetic availability
COA000535,C00056,2025-06-21,15:26,16:58,92,Available,COA synthetic availability
COA000536,C00062,2025-06-30,14:55,17:48,173,Available,COA synthetic availability
COA000537,C00016,2025-06-15,19:57,20:40,43,Available,COA synthetic availability
COA000538,C00055,2025-06-10,10:39,12:11,92,Available,COA synthetic availability
COA000539,C00097,2025-06-10,13:32,15:39,127,Available,COA synthetic availability
COA000540,C00017,2025-06-30,16:07,18:24,137,Available,COA synthetic availability
COA000541,C00041,2025-06-13,00:21,01:28,67,Available,COA synthetic availability
COA000542,C00039,2025-06-04,19:42,22:05,143,Available,COA synthetic availability
COA000543,C00063,2025-06-14,19:56,22:28,152,Available,COA synthetic availability
COA000544,C00081,2025-06-19,17:24,19:06,102,Available,COA synthetic availability
COA000545,C00001,2025-06-20,12:23,14:22,119,Available,COA synthetic availability
COA000546,C00090,2025-06-20,19:55,22:22,147,Available,COA synthetic availability
COA000547,C00048,2025-06-01,05:25,06:58,93,Available,COA synthetic availability
COA000548,C00031,2025-06-14,02:20,04:36,136,Available,COA synthetic availability
COA000549,C00040,2025-06-19,05:17,06:21,64,Available,COA synthetic availability
COA000550,C00076,2025-06-04,02:18,03:54,96,Restricted,COA synthetic availability
COA000551,C00025,2025-06-28,18:46,21:05,139,Available,COA synthetic availability
COA000552,C00032,2025-06-23,00:12,02:22,130,Restricted,COA synthetic availability
COA000553,C00007,2025-06-10,00:02,02:22,140,Available,COA synthetic availability
COA000554,C00016,2025-06-01,15:21,17:35,134,Available,COA synthetic availability
COA000555,C00002,2025-06-11,12:47,13:59,72,Available,COA synthetic availability
COA000556,C00069,2025-06-30,06:27,09:26,179,Available,COA synthetic availability
COA000557,C00035,2025-06-05,07:58,09:19,81,Available,COA synthetic availability
COA000558,C00046,2025-06-29,19:03,21:50,167,Available,COA synthetic availability
COA000559,C00081,2025-06-03,04:45,07:41,176,Available,COA synthetic availability
COA000560,C00078,2025-06-21,18:19,19:15,56,Available,COA synthetic availability
COA000561,C00014,2025-06-07,10:28,12:23,115,Available,COA synthetic availability
COA000562,C00044,2025-06-19,12:40,15:00,140,Available,COA synthetic availability
COA000563,C00091,2025-06-21,10:26,11:07,41,Available,COA synthetic availability
COA000564,C00014,2025-06-18,11:32,12:54,82,Available,COA synthetic availability
COA000565,C00090,2025-06-29,00:33,03:01,148,Available,COA synthetic availability
COA000566,C00047,2025-06-04,06:17,07:27,70,Available,COA synthetic availability
COA000567,C00033,2025-06-03,15:32,17:37,125,Restricted,COA synthetic availability
COA000568,C00014,2025-06-02,06:21,08:12,111,Restricted,COA synthetic availability
COA000569,C00020,2025-06-19,07:55,10:26,151,Available,COA synthetic availability
COA000570,C00028,2025-06-28,09:15,11:23,128,Restricted,COA synthetic availability
COA000571,C00009,2025-06-27,05:21,06:39,78,Restricted,COA synthetic availability
COA000572,C00076,2025-06-12,03:38,05:51,133,Available,COA synthetic availability
COA000573,C00029,2025-06-17,12:54,13:52,58,Available,COA synthetic availability
COA000574,C00025,2025-06-12,13:09,15:45,156,Available,COA synthetic availability
COA000575,C00007,2025-06-08,08:15,10:24,129,Restricted,COA synthetic availability
COA000576,C00044,2025-06-02,05:34,08:02,148,Available,COA synthetic availability
COA000577,C00016,2025-06-25,05:04,07:44,160,Available,COA synthetic availability
COA000578,C00060,2025-06-06,00:44,03:16,152,Available,COA synthetic availability
COA000579,C00061,2025-06-08,18:29,21:28,179,Available,COA synthetic availability
COA000580,C00005,2025-06-08,09:24,11:20,116,Available,COA synthetic availability
COA000581,C00055,2025-06-04,04:49,07:01,132,Available,COA synthetic availability
COA000582,C00042,2025-06-09,09:46,12:02,136,Available,COA synthetic availability
COA000583,C00070,2025-06-12,16:30,17:06,36,Available,COA synthetic availability
COA000584,C00047,2025-06-13,05:40,08:25,165,Available,COA synthetic availability
COA000585,C00075,2025-06-19,12:42,15:15,153,Available,COA synthetic availability
COA000586,C00006,2025-06-23,16:33,19:26,173,Available,COA synthetic availability
COA000587,C00097,2025-06-18,05:17,06:16,59,Available,COA synthetic availability
COA000588,C00097,2025-06-17,11:26,13:25,119,Available,COA synthetic availability
COA000589,C00092,2025-06-17,00:54,03:11,137,Available,COA synthetic availability
COA000590,C00023,2025-06-20,08:23,11:15,172,Available,COA synthetic availability
COA000591,C00008,2025-06-04,02:03,03:55,112,Available,COA synthetic availability
COA000592,C00084,2025-06-17,07:59,10:49,170,Available,COA synthetic availability
COA000593,C00029,2025-06-05,10:22,12:37,135,Available,COA synthetic availability
COA000594,C00069,2025-06-05,06:29,08:00,91,Restricted,COA synthetic availability
COA000595,C00008,2025-06-27,06:22,07:08,46,Available,COA synthetic availability
COA000596,C00002,2025-06-22,09:06,10:56,110,Available,COA synthetic availability
COA000597,C00066,2025-06-25,01:08,03:30,142,Available,COA synthetic availability
COA000598,C00051,2025-06-10,04:02,05:46,104,Restricted,COA synthetic availability
COA000599,C00030,2025-06-07,11:41,14:22,161,Available,COA synthetic availability
COA000600,C00030,2025-06-25,05:27,08:04,157,Available,COA synthetic availability
COA000601,C00015,2025-06-18,07:56,09:14,78,Available,COA synthetic availability
COA000602,C00090,2025-06-12,18:16,18:57,41,Available,COA synthetic availability
COA000603,C00081,2025-06-20,02:16,03:23,67,Available,COA synthetic availability
COA000604,C00008,2025-06-27,12:43,13:30,47,Available,COA synthetic availability
COA000605,C00086,2025-06-03,06:37,08:59,142,Available,COA synthetic availability
COA000606,C00038,2025-06-04,12:16,13:12,56,Available,COA synthetic availability
COA000607,C00020,2025-06-01,12:26,14:25,119,Available,COA synthetic availability
COA000608,C00095,2025-06-29,10:41,12:14,93,Available,COA synthetic availability
COA000609,C00064,2025-06-27,13:11,14:52,101,Available,COA synthetic availability
COA000610,C00065,2025-06-22,08:47,09:30,43,Available,COA synthetic availability
COA000611,C00083,2025-06-23,19:05,20:15,70,Available,COA synthetic availability
COA000612,C00069,2025-06-15,10:40,13:38,178,Available,COA synthetic availability
COA000613,C00081,2025-06-12,06:50,08:04,74,Available,COA synthetic availability
COA000614,C00099,2025-06-04,10:04,11:27,83,Available,COA synthetic availability
COA000615,C00033,2025-06-12,11:05,13:23,138,Available,COA synthetic availability
COA000616,C00033,2025-06-12,01:48,03:29,101,Available,COA synthetic availability
COA000617,C00092,2025-06-19,11:24,14:06,162,Available,COA synthetic availability
COA000618,C00017,2025-06-28,05:32,08:32,180,Available,COA synthetic availability
COA000619,C00092,2025-06-02,08:47,10:45,118,Available,COA synthetic availability
COA000620,C00013,2025-06-12,06:18,08:37,139,Available,COA synthetic availability
COA000621,C00014,2025-06-22,12:49,15:18,149,Restricted,COA synthetic availability
COA000622,C00022,2025-06-13,02:24,05:24,180,Available,COA synthetic availability
COA000623,C00082,2025-06-21,16:05,17:39,94,Available,COA synthetic availability
COA000624,C00024,2025-06-02,11:34,13:10,96,Available,COA synthetic availability
COA000625,C00022,2025-06-10,17:42,18:38,56,Available,COA synthetic availability
COA000626,C00088,2025-06-20,10:43,13:01,138,Available,COA synthetic availability
COA000627,C00024,2025-06-24,09:07,10:30,83,Available,COA synthetic availability
COA000628,C00005,2025-06-05,03:12,03:53,41,Available,COA synthetic availability
COA000629,C00018,2025-06-21,01:57,02:45,48,Available,COA synthetic availability
COA000630,C00012,2025-06-23,02:28,05:04,156,Available,COA synthetic availability
COA000631,C00056,2025-06-30,00:03,01:30,87,Available,COA synthetic availability
COA000632,C00020,2025-06-01,12:53,15:28,155,Available,COA synthetic availability
COA000633,C00017,2025-06-24,17:23,19:30,127,Available,COA synthetic availability
COA000634,C00060,2025-06-29,06:25,09:19,174,Available,COA synthetic availability
COA000635,C00035,2025-06-02,15:11,17:37,146,Available,COA synthetic availability
COA000636,C00020,2025-06-06,00:14,02:34,140,Available,COA synthetic availability
COA000637,C00020,2025-06-23,03:15,05:12,117,Available,COA synthetic availability
COA000638,C00037,2025-06-14,01:03,01:42,39,Available,COA synthetic availability
COA000639,C00005,2025-06-17,15:14,16:24,70,Available,COA synthetic availability
COA000640,C00046,2025-06-04,02:42,05:06,144,Available,COA synthetic availability
COA000641,C00079,2025-06-27,17:09,18:09,60,Available,COA synthetic availability
COA000642,C00086,2025-06-11,08:49,09:36,47,Available,COA synthetic availability
COA000643,C00085,2025-06-24,18:41,20:36,115,Available,COA synthetic availability
COA000644,C00095,2025-06-16,19:38,21:43,125,Available,COA synthetic availability
COA000645,C00013,2025-06-28,19:03,21:12,129,Available,COA synthetic availability
COA000646,C00002,2025-06-09,01:43,02:59,76,Available,COA synthetic availability
COA000647,C00058,2025-06-12,10:49,12:43,114,Available,COA synthetic availability
COA000648,C00086,2025-06-15,09:01,10:32,91,Available,COA synthetic availability
COA000649,C00033,2025-06-27,11:58,13:07,69,Available,COA synthetic availability
COA000650,C00077,2025-06-26,06:39,08:08,89,Available,COA synthetic availability
COA000651,C00054,2025-06-17,17:50,20:49,179,Available,COA synthetic availability
COA000652,C00094,2025-06-10,04:21,06:12,111,Available,COA synthetic availability
COA000653,C00003,2025-06-20,16:31,19:10,159,Available,COA synthetic availability
COA000654,C00023,2025-06-23,03:02,04:07,65,Available,COA synthetic availability
COA000655,C00008,2025-06-26,04:43,07:36,173,Available,COA synthetic availability
COA000656,C00027,2025-06-03,01:59,03:31,92,Available,COA synthetic availability
COA000657,C00051,2025-06-21,01:51,02:27,36,Available,COA synthetic availability
COA000658,C00055,2025-06-19,04:19,05:44,85,Available,COA synthetic availability
COA000659,C00023,2025-06-02,05:18,06:00,42,Available,COA synthetic availability
COA000660,C00088,2025-06-20,16:11,18:01,110,Restricted,COA synthetic availability
COA000661,C00082,2025-06-08,14:22,15:06,44,Available,COA synthetic availability
COA000662,C00067,2025-06-17,09:26,11:14,108,Available,COA synthetic availability
COA000663,C00004,2025-06-12,19:58,22:23,145,Available,COA synthetic availability
COA000664,C00066,2025-06-26,18:57,21:38,161,Restricted,COA synthetic availability
COA000665,C00010,2025-06-11,05:43,07:42,119,Available,COA synthetic availability
COA000666,C00091,2025-06-26,10:23,12:36,133,Available,COA synthetic availability
COA000667,C00076,2025-06-07,13:37,15:35,118,Available,COA synthetic availability
COA000668,C00014,2025-06-24,15:59,18:58,179,Available,COA synthetic availability
COA000669,C00067,2025-06-11,02:09,03:58,109,Available,COA synthetic availability
COA000670,C00030,2025-06-29,17:22,18:14,52,Available,COA synthetic availability
COA000671,C00042,2025-06-25,06:29,07:12,43,Available,COA synthetic availability
COA000672,C00043,2025-06-20,02:52,05:01,129,Available,COA synthetic availability
COA000673,C00052,2025-06-14,19:03,19:53,50,Available,COA synthetic availability
COA000674,C00068,2025-06-02,06:19,06:52,33,Restricted,COA synthetic availability
COA000675,C00076,2025-06-13,05:50,07:58,128,Available,COA synthetic availability
COA000676,C00044,2025-06-16,01:17,02:14,57,Restricted,COA synthetic availability
COA000677,C00008,2025-06-23,05:23,07:25,122,Available,COA synthetic availability
COA000678,C00048,2025-06-16,14:42,16:35,113,Available,COA synthetic availability
COA000679,C00075,2025-06-07,12:55,15:32,157,Available,COA synthetic availability
COA000680,C00010,2025-06-04,01:24,03:49,145,Available,COA synthetic availability
COA000681,C00002,2025-06-13,18:48,19:36,48,Available,COA synthetic availability
COA000682,C00001,2025-06-30,12:03,13:41,98,Available,COA synthetic availability
COA000683,C00098,2025-06-19,16:58,19:45,167,Available,COA synthetic availability
COA000684,C00083,2025-06-22,13:25,14:12,47,Available,COA synthetic availability
COA000685,C00100,2025-06-29,05:10,07:48,158,Available,COA synthetic availability
COA000686,C00068,2025-06-06,01:16,02:46,90,Available,COA synthetic availability
COA000687,C00083,2025-06-29,00:10,00:41,31,Available,COA synthetic availability
COA000688,C00063,2025-06-01,14:15,16:02,107,Available,COA synthetic availability
COA000689,C00009,2025-06-25,03:56,05:16,80,Available,COA synthetic availability
COA000690,C00011,2025-06-10,15:32,17:35,123,Available,COA synthetic availability
COA000691,C00097,2025-06-18,19:15,21:16,121,Available,COA synthetic availability
COA000692,C00030,2025-06-21,15:17,16:43,86,Restricted,COA synthetic availability
COA000693,C00007,2025-06-03,01:29,04:18,169,Available,COA synthetic availability
COA000694,C00011,2025-06-16,04:11,05:59,108,Available,COA synthetic availability
COA000695,C00095,2025-06-23,07:38,08:24,46,Available,COA synthetic availability
COA000696,C00067,2025-06-10,19:44,21:34,110,Available,COA synthetic availability
COA000697,C00041,2025-06-29,02:25,03:36,71,Available,COA synthetic availability
COA000698,C00035,2025-06-19,19:20,22:18,178,Available,COA synthetic availability
COA000699,C00068,2025-06-10,00:26,02:37,131,Available,COA synthetic availability
COA000700,C00063,2025-06-18,14:15,15:25,70,Available,COA synthetic availability
COA000701,C00009,2025-06-12,11:35,13:20,105,Available,COA synthetic availability
COA000702,C00040,2025-06-25,14:07,15:21,74,Available,COA synthetic availability
COA000703,C00061,2025-06-20,19:06,20:31,85,Available,COA synthetic availability
COA000704,C00043,2025-06-20,11:43,13:08,85,Available,COA synthetic availability
COA000705,C00069,2025-06-10,09:41,12:23,162,Available,COA synthetic availability
COA000706,C00004,2025-06-28,09:45,10:43,58,Available,COA synthetic availability
COA000707,C00099,2025-06-28,08:50,11:28,158,Available,COA synthetic availability
COA000708,C00049,2025-06-07,03:42,05:15,93,Available,COA synthetic availability
COA000709,C00083,2025-06-19,15:00,16:14,74,Available,COA synthetic availability
COA000710,C00059,2025-06-01,16:38,17:15,37,Available,COA synthetic availability
COA000711,C00033,2025-06-24,02:56,05:23,147,Available,COA synthetic availability
COA000712,C00039,2025-06-13,04:07,05:52,105,Available,COA synthetic availability
COA000713,C00050,2025-06-29,12:26,12:59,33,Available,COA synthetic availability
COA000714,C00069,2025-06-01,08:59,10:24,85,Available,COA synthetic availability
COA000715,C00053,2025-06-17,11:17,13:15,118,Available,COA synthetic availability
COA000716,C00021,2025-06-06,08:18,09:49,91,Available,COA synthetic availability
COA000717,C00076,2025-06-29,04:35,06:59,144,Available,COA synthetic availability
COA000718,C00008,2025-06-28,10:12,11:32,80,Available,COA synthetic availability
COA000719,C00079,2025-06-18,09:31,10:09,38,Available,COA synthetic availability
COA000720,C00047,2025-06-23,16:48,17:19,31,Available,COA synthetic availability
COA000721,C00059,2025-06-02,05:22,06:08,46,Available,COA synthetic availability
COA000722,C00078,2025-06-04,16:28,18:20,112,Available,COA synthetic availability
COA000723,C00030,2025-06-30,00:13,00:49,36,Available,COA synthetic availability
COA000724,C00001,2025-06-04,13:05,15:57,172,Available,COA synthetic availability
COA000725,C00084,2025-06-05,02:05,02:48,43,Available,COA synthetic availability
COA000726,C00054,2025-06-19,09:49,11:27,98,Available,COA synthetic availability
COA000727,C00098,2025-06-29,00:26,01:58,92,Available,COA synthetic availability
COA000728,C00039,2025-06-05,06:33,08:58,145,Available,COA synthetic availability
COA000729,C00098,2025-06-02,12:28,12:58,30,Available,COA synthetic availability
COA000730,C00058,2025-06-18,16:20,18:16,116,Available,COA synthetic availability
COA000731,C00071,2025-06-19,09:29,10:51,82,Available,COA synthetic availability
COA000732,C00003,2025-06-26,06:50,08:38,108,Available,COA synthetic availability
COA000733,C00010,2025-06-24,19:28,20:52,84,Available,COA synthetic availability
COA000734,C00014,2025-06-08,05:48,08:38,170,Available,COA synthetic availability
COA000735,C00057,2025-06-26,02:09,03:10,61,Available,COA synthetic availability
COA000736,C00051,2025-06-20,19:43,21:32,109,Restricted,COA synthetic availability
COA000737,C00038,2025-06-05,15:15,18:03,168,Available,COA synthetic availability
COA000738,C00097,2025-06-26,07:38,09:59,141,Available,COA synthetic availability
COA000739,C00080,2025-06-09,00:48,02:57,129,Available,COA synthetic availability
COA000740,C00098,2025-06-24,17:06,18:04,58,Available,COA synthetic availability
COA000741,C00011,2025-06-24,12:29,15:11,162,Available,COA synthetic availability
COA000742,C00030,2025-06-13,03:13,04:01,48,Available,COA synthetic availability
COA000743,C00041,2025-06-12,16:21,18:20,119,Available,COA synthetic availability
COA000744,C00008,2025-06-27,12:37,14:48,131,Available,COA synthetic availability
COA000745,C00062,2025-06-24,18:15,19:36,81,Available,COA synthetic availability
COA000746,C00003,2025-06-03,07:52,10:23,151,Available,COA synthetic availability
COA000747,C00011,2025-06-22,14:08,16:06,118,Available,COA synthetic availability
COA000748,C00003,2025-06-20,13:53,15:49,116,Available,COA synthetic availability
COA000749,C00092,2025-06-28,06:12,07:50,98,Available,COA synthetic availability
COA000750,C00005,2025-06-12,10:29,13:29,180,Available,COA synthetic availability
COA000751,C00072,2025-06-16,05:32,07:34,122,Available,COA synthetic availability
COA000752,C00001,2025-06-24,05:38,08:07,149,Available,COA synthetic availability
COA000753,C00009,2025-06-09,15:09,16:52,103,Available,COA synthetic availability
COA000754,C00091,2025-06-24,13:16,14:40,84,Available,COA synthetic availability
COA000755,C00019,2025-06-20,19:35,21:23,108,Available,COA synthetic availability
COA000756,C00082,2025-06-22,00:12,03:12,180,Available,COA synthetic availability
COA000757,C00066,2025-06-02,05:58,07:02,64,Restricted,COA synthetic availability
COA000758,C00064,2025-06-24,12:07,13:40,93,Restricted,COA synthetic availability
COA000759,C00064,2025-06-29,12:55,14:34,99,Available,COA synthetic availability
COA000760,C00012,2025-06-07,02:33,05:10,157,Available,COA synthetic availability
COA000761,C00059,2025-06-29,05:40,06:35,55,Available,COA synthetic availability
COA000762,C00064,2025-06-15,18:27,19:30,63,Restricted,COA synthetic availability
COA000763,C00034,2025-06-20,17:22,18:01,39,Available,COA synthetic availability
COA000764,C00004,2025-06-19,08:12,11:08,176,Available,COA synthetic availability
COA000765,C00035,2025-06-24,07:33,10:18,165,Available,COA synthetic availability
COA000766,C00091,2025-06-24,05:04,06:45,101,Available,COA synthetic availability
COA000767,C00004,2025-06-29,19:38,21:30,112,Available,COA synthetic availability
COA000768,C00064,2025-06-19,16:46,17:34,48,Available,COA synthetic availability
COA000769,C00045,2025-06-04,05:34,07:21,107,Available,COA synthetic availability
COA000770,C00008,2025-06-12,01:11,02:38,87,Available,COA synthetic availability
COA000771,C00079,2025-06-30,03:26,05:15,109,Restricted,COA synthetic availability
COA000772,C00064,2025-06-13,09:18,11:02,104,Available,COA synthetic availability
COA000773,C00065,2025-06-20,15:20,17:57,157,Available,COA synthetic availability
COA000774,C00014,2025-06-06,19:47,21:05,78,Restricted,COA synthetic availability
COA000775,C00014,2025-06-25,01:09,03:20,131,Available,COA synthetic availability
COA000776,C00031,2025-06-07,00:42,02:46,124,Available,COA synthetic availability
COA000777,C00074,2025-06-12,04:21,06:01,100,Available,COA synthetic availability
COA000778,C00022,2025-06-13,16:33,19:25,172,Available,COA synthetic availability
COA000779,C00051,2025-06-05,11:33,12:48,75,Available,COA synthetic availability
COA000780,C00059,2025-06-17,14:49,17:10,141,Available,COA synthetic availability
COA000781,C00039,2025-06-19,18:57,21:02,125,Available,COA synthetic availability
COA000782,C00090,2025-06-08,05:27,06:57,90,Available,COA synthetic availability
COA000783,C00087,2025-06-20,14:01,15:14,73,Available,COA synthetic availability
COA000784,C00047,2025-06-22,15:40,17:45,125,Available,COA synthetic availability
COA000785,C00001,2025-06-03,19:44,21:49,125,Available,COA synthetic availability
COA000786,C00053,2025-06-24,02:28,03:54,86,Available,COA synthetic availability
COA000787,C00045,2025-06-17,19:38,21:32,114,Available,COA synthetic availability
COA000788,C00042,2025-06-09,10:27,12:41,134,Available,COA synthetic availability
COA000789,C00053,2025-06-02,09:18,11:55,157,Available,COA synthetic availability
COA000790,C00011,2025-06-04,05:26,06:13,47,Available,COA synthetic availability
COA000791,C00070,2025-06-17,19:07,21:59,172,Available,COA synthetic availability
COA000792,C00072,2025-06-04,11:00,12:10,70,Available,COA synthetic availability
COA000793,C00061,2025-06-29,17:49,18:29,40,Available,COA synthetic availability
COA000794,C00053,2025-06-15,05:39,06:45,66,Available,COA synthetic availability
COA000795,C00016,2025-06-20,18:41,21:17,156,Available,COA synthetic availability
COA000796,C00046,2025-06-15,05:59,08:28,149,Available,COA synthetic availability
COA000797,C00012,2025-06-13,19:54,21:51,117,Available,COA synthetic availability
COA000798,C00100,2025-06-23,19:51,20:47,56,Available,COA synthetic availability
COA000799,C00050,2025-06-25,00:43,02:55,132,Available,COA synthetic availability
COA000800,C00042,2025-06-01,15:00,17:06,126,Available,COA synthetic availability
COA000801,C00011,2025-06-11,01:35,02:47,72,Available,COA synthetic availability
COA000802,C00096,2025-06-04,11:55,13:33,98,Restricted,COA synthetic availability
COA000803,C00020,2025-06-01,00:03,01:29,86,Available,COA synthetic availability
COA000804,C00039,2025-06-02,11:26,12:06,40,Available,COA synthetic availability
COA000805,C00051,2025-06-12,04:08,07:02,174,Available,COA synthetic availability
COA000806,C00048,2025-06-12,16:30,18:34,124,Available,COA synthetic availability
COA000807,C00075,2025-06-14,19:13,21:52,159,Available,COA synthetic availability
COA000808,C00073,2025-06-16,13:53,14:38,45,Available,COA synthetic availability
COA000809,C00046,2025-06-03,00:46,02:14,88,Available,COA synthetic availability
COA000810,C00049,2025-06-04,16:20,17:20,60,Available,COA synthetic availability
COA000811,C00081,2025-06-28,14:33,16:47,134,Restricted,COA synthetic availability
COA000812,C00008,2025-06-06,07:38,10:38,180,Available,COA synthetic availability
COA000813,C00046,2025-06-27,19:12,20:52,100,Available,COA synthetic availability
COA000814,C00088,2025-06-24,07:39,10:30,171,Restricted,COA synthetic availability
COA000815,C00024,2025-06-14,09:59,10:59,60,Restricted,COA synthetic availability
COA000816,C00053,2025-06-11,16:48,17:40,52,Available,COA synthetic availability
COA000817,C00054,2025-06-05,11:37,12:44,67,Available,COA synthetic availability
COA000818,C00058,2025-06-12,09:07,10:45,98,Available,COA synthetic availability
COA000819,C00047,2025-06-20,05:11,05:45,34,Available,COA synthetic availability
COA000820,C00066,2025-06-01,10:58,12:52,114,Available,COA synthetic availability
COA000821,C00041,2025-06-09,17:40,18:38,58,Available,COA synthetic availability
COA000822,C00034,2025-06-15,12:17,13:10,53,Available,COA synthetic availability
COA000823,C00088,2025-06-18,13:22,15:05,103,Available,COA synthetic availability
COA000824,C00032,2025-06-25,18:14,19:47,93,Available,COA synthetic availability
COA000825,C00094,2025-06-11,10:28,11:36,68,Available,COA synthetic availability
COA000826,C00017,2025-06-20,03:06,04:23,77,Available,COA synthetic availability
COA000827,C00064,2025-06-14,01:57,03:01,64,Available,COA synthetic availability
COA000828,C00052,2025-06-04,01:34,02:17,43,Available,COA synthetic availability
COA000829,C00066,2025-06-08,13:34,16:23,169,Available,COA synthetic availability
COA000830,C00087,2025-06-05,16:12,16:44,32,Available,COA synthetic availability
COA000831,C00003,2025-06-07,09:02,10:13,71,Available,COA synthetic availability
COA000832,C00052,2025-06-13,06:17,07:38,81,Available,COA synthetic availability
COA000833,C00056,2025-06-09,16:49,17:49,60,Available,COA synthetic availability
COA000834,C00063,2025-06-18,18:55,21:31,156,Available,COA synthetic availability
COA000835,C00031,2025-06-16,13:05,13:53,48,Available,COA synthetic availability
COA000836,C00029,2025-06-26,17:34,19:13,99,Available,COA synthetic availability
COA000837,C00089,2025-06-07,04:03,04:43,40,Available,COA synthetic availability
COA000838,C00060,2025-06-12,05:30,07:56,146,Available,COA synthetic availability
COA000839,C00009,2025-06-26,05:33,07:47,134,Restricted,COA synthetic availability
COA000840,C00061,2025-06-25,05:09,08:05,176,Available,COA synthetic availability
COA000841,C00042,2025-06-01,17:24,18:38,74,Available,COA synthetic availability
COA000842,C00043,2025-06-09,05:57,07:09,72,Available,COA synthetic availability
COA000843,C00051,2025-06-19,13:13,15:00,107,Available,COA synthetic availability
COA000844,C00072,2025-06-23,06:37,08:08,91,Available,COA synthetic availability
COA000845,C00083,2025-06-11,18:31,20:53,142,Available,COA synthetic availability
COA000846,C00063,2025-06-03,09:13,10:58,105,Restricted,COA synthetic availability
COA000847,C00085,2025-06-24,19:58,21:36,98,Available,COA synthetic availability
COA000848,C00100,2025-06-18,00:01,01:54,113,Available,COA synthetic availability
COA000849,C00033,2025-06-29,19:38,20:48,70,Available,COA synthetic availability
COA000850,C00051,2025-06-03,15:16,15:52,36,Available,COA synthetic availability
COA000851,C00094,2025-06-07,03:33,04:58,85,Available,COA synthetic availability
COA000852,C00087,2025-06-12,14:23,16:17,114,Available,COA synthetic availability
COA000853,C00039,2025-06-30,08:32,09:21,49,Available,COA synthetic availability
COA000854,C00065,2025-06-30,07:44,09:03,79,Restricted,COA synthetic availability
COA000855,C00092,2025-06-18,10:54,12:15,81,Available,COA synthetic availability
COA000856,C00042,2025-06-23,18:39,19:57,78,Available,COA synthetic availability
COA000857,C00021,2025-06-07,07:29,08:54,85,Available,COA synthetic availability
COA000858,C00016,2025-06-02,02:11,03:31,80,Available,COA synthetic availability
COA000859,C00082,2025-06-30,16:50,19:03,133,Available,COA synthetic availability
COA000860,C00090,2025-06-24,01:02,01:39,37,Available,COA synthetic availability
COA000861,C00038,2025-06-19,10:54,12:53,119,Available,COA synthetic availability
COA000862,C00054,2025-06-25,14:36,16:58,142,Available,COA synthetic availability
COA000863,C00012,2025-06-14,11:33,12:26,53,Available,COA synthetic availability
COA000864,C00093,2025-06-05,16:37,19:33,176,Restricted,COA synthetic availability
COA000865,C00002,2025-06-14,19:53,21:02,69,Available,COA synthetic availability
COA000866,C00035,2025-06-07,02:45,05:32,167,Available,COA synthetic availability
COA000867,C00058,2025-06-08,01:52,03:25,93,Available,COA synthetic availability
COA000868,C00057,2025-06-25,00:47,01:53,66,Available,COA synthetic availability
COA000869,C00043,2025-06-11,13:45,16:41,176,Available,COA synthetic availability
COA000870,C00078,2025-06-09,16:21,17:57,96,Available,COA synthetic availability
COA000871,C00036,2025-06-19,15:04,16:25,81,Available,COA synthetic availability
COA000872,C00049,2025-06-13,17:32,18:25,53,Available,COA synthetic availability
COA000873,C00027,2025-06-20,04:58,07:45,167,Available,COA synthetic availability
COA000874,C00032,2025-06-08,02:17,03:26,69,Available,COA synthetic availability
COA000875,C00032,2025-06-14,04:30,05:48,78,Available,COA synthetic availability
COA000876,C00074,2025-06-17,07:55,10:36,161,Available,COA synthetic availability
COA000877,C00076,2025-06-26,12:53,14:55,122,Available,COA synthetic availability
COA000878,C00025,2025-06-20,10:42,12:11,89,Available,COA synthetic availability
COA000879,C00067,2025-06-01,04:19,04:54,35,Available,COA synthetic availability
COA000880,C00087,2025-06-27,06:47,08:16,89,Available,COA synthetic availability
COA000881,C00086,2025-06-25,01:10,01:48,38,Available,COA synthetic availability
COA000882,C00001,2025-06-13,17:15,19:33,138,Available,COA synthetic availability
COA000883,C00039,2025-06-07,00:16,03:10,174,Available,COA synthetic availability
COA000884,C00022,2025-06-05,14:35,17:31,176,Available,COA synthetic availability
COA000885,C00098,2025-06-07,14:03,16:20,137,Available,COA synthetic availability
COA000886,C00002,2025-06-19,13:34,15:11,97,Available,COA synthetic availability
COA000887,C00076,2025-06-16,02:15,02:55,40,Available,COA synthetic availability
COA000888,C00077,2025-06-12,10:07,11:20,73,Available,COA synthetic availability
COA000889,C00047,2025-06-14,03:33,04:41,68,Available,COA synthetic availability
COA000890,C00005,2025-06-07,10:46,13:33,167,Available,COA synthetic availability
COA000891,C00045,2025-06-21,02:36,04:02,86,Available,COA synthetic availability
COA000892,C00054,2025-06-18,11:27,12:43,76,Available,COA synthetic availability
COA000893,C00055,2025-06-23,05:43,07:39,116,Available,COA synthetic availability
COA000894,C00035,2025-06-13,17:11,17:52,41,Available,COA synthetic availability
COA000895,C00040,2025-06-13,05:22,06:06,44,Available,COA synthetic availability
COA000896,C00050,2025-06-30,13:29,15:38,129,Restricted,COA synthetic availability
COA000897,C00031,2025-06-16,00:38,03:34,176,Available,COA synthetic availability
COA000898,C00002,2025-06-26,03:16,05:33,137,Available,COA synthetic availability
COA000899,C00014,2025-06-18,04:29,06:53,144,Available,COA synthetic availability
COA000900,C00059,2025-06-14,13:03,15:04,121,Available,COA synthetic availability
COA000901,C00057,2025-06-05,11:28,13:07,99,Available,COA synthetic availability
COA000902,C00064,2025-06-08,12:36,13:38,62,Available,COA synthetic availability
COA000903,C00087,2025-06-20,07:42,09:51,129,Available,COA synthetic availability
COA000904,C00053,2025-06-13,18:34,21:20,166,Available,COA synthetic availability
COA000905,C00007,2025-06-30,19:18,20:57,99,Available,COA synthetic availability
COA000906,C00004,2025-06-18,02:26,03:40,74,Available,COA synthetic availability
COA000907,C00048,2025-06-18,15:27,17:28,121,Available,COA synthetic availability
COA000908,C00089,2025-06-01,07:48,10:42,174,Available,COA synthetic availability
COA000909,C00011,2025-06-13,09:02,11:21,139,Available,COA synthetic availability
COA000910,C00008,2025-06-13,00:23,01:03,40,Available,COA synthetic availability
COA000911,C00063,2025-06-12,07:09,08:52,103,Available,COA synthetic availability
COA000912,C00028,2025-06-28,16:00,16:42,42,Available,COA synthetic availability
COA000913,C00015,2025-06-02,19:21,22:11,170,Available,COA synthetic availability
COA000914,C00031,2025-06-07,16:53,17:35,42,Available,COA synthetic availability
COA000915,C00041,2025-06-12,00:16,01:37,81,Available,COA synthetic availability
COA000916,C00051,2025-06-03,03:30,04:33,63,Available,COA synthetic availability
COA000917,C00076,2025-06-16,05:57,07:46,109,Available,COA synthetic availability
COA000918,C00064,2025-06-12,19:15,22:05,170,Available,COA synthetic availability
COA000919,C00016,2025-06-08,02:00,03:12,72,Available,COA synthetic availability
COA000920,C00032,2025-06-14,03:18,05:24,126,Available,COA synthetic availability
COA000921,C00067,2025-06-02,10:30,11:15,45,Available,COA synthetic availability
COA000922,C00006,2025-06-11,09:30,11:53,143,Available,COA synthetic availability
COA000923,C00017,2025-06-17,15:24,16:33,69,Available,COA synthetic availability
COA000924,C00072,2025-06-21,14:31,15:22,51,Available,COA synthetic availability
COA000925,C00077,2025-06-10,11:44,12:29,45,Available,COA synthetic availability
COA000926,C00041,2025-06-10,13:13,15:22,129,Available,COA synthetic availability
COA000927,C00044,2025-06-16,03:04,05:24,140,Available,COA synthetic availability
COA000928,C00080,2025-06-08,06:33,08:03,90,Available,COA synthetic availability
COA000929,C00096,2025-06-23,18:49,20:42,113,Available,COA synthetic availability
COA000930,C00087,2025-06-25,03:28,04:03,35,Available,COA synthetic availability
COA000931,C00040,2025-06-25,18:03,19:10,67,Available,COA synthetic availability
COA000932,C00076,2025-06-17,11:58,12:43,45,Available,COA synthetic availability
COA000933,C00043,2025-06-19,05:13,07:48,155,Available,COA synthetic availability
COA000934,C00060,2025-06-09,15:04,15:54,50,Restricted,COA synthetic availability
COA000935,C00056,2025-06-20,06:00,07:36,96,Available,COA synthetic availability
COA000936,C00069,2025-06-29,13:34,15:41,127,Available,COA synthetic availability
COA000937,C00083,2025-06-30,18:00,18:55,55,Available,COA synthetic availability
COA000938,C00083,2025-06-25,18:33,20:59,146,Available,COA synthetic availability
COA000939,C00041,2025-06-05,07:12,09:57,165,Available,COA synthetic availability
COA000940,C00008,2025-06-28,12:16,13:37,81,Available,COA synthetic availability
COA000941,C00003,2025-06-20,13:48,15:20,92,Restricted,COA synthetic availability
COA000942,C00028,2025-06-21,12:30,14:11,101,Available,COA synthetic availability
COA000943,C00022,2025-06-09,13:15,15:23,128,Available,COA synthetic availability
COA000944,C00070,2025-06-03,03:11,04:27,76,Available,COA synthetic availability
COA000945,C00004,2025-06-22,02:10,04:15,125,Restricted,COA synthetic availability
COA000946,C00043,2025-06-17,02:31,04:01,90,Available,COA synthetic availability
COA000947,C00023,2025-06-12,17:17,20:06,169,Available,COA synthetic availability
COA000948,C00003,2025-06-23,02:12,04:47,155,Available,COA synthetic availability
COA000949,C00021,2025-06-20,07:58,10:04,126,Available,COA synthetic availability
COA000950,C00053,2025-06-13,04:09,04:44,35,Available,COA synthetic availability
COA000951,C00038,2025-06-22,10:57,12:14,77,Available,COA synthetic availability
COA000952,C00074,2025-06-16,15:11,17:24,133,Available,COA synthetic availability
COA000953,C00092,2025-06-15,17:23,19:50,147,Restricted,COA synthetic availability
COA000954,C00056,2025-06-20,16:46,17:50,64,Available,COA synthetic availability
COA000955,C00003,2025-06-29,08:02,10:41,159,Available,COA synthetic availability
COA000956,C00004,2025-06-11,19:50,21:37,107,Available,COA synthetic availability
COA000957,C00078,2025-06-16,02:17,03:14,57,Available,COA synthetic availability
COA000958,C00052,2025-06-02,03:38,05:21,103,Available,COA synthetic availability
COA000959,C00098,2025-06-15,19:21,20:42,81,Available,COA synthetic availability
COA000960,C00042,2025-06-04,14:07,15:57,110,Restricted,COA synthetic availability
COA000961,C00012,2025-06-08,18:52,19:40,48,Available,COA synthetic availability
COA000962,C00097,2025-06-24,01:27,02:10,43,Available,COA synthetic availability
COA000963,C00011,2025-06-03,16:43,17:52,69,Available,COA synthetic availability
COA000964,C00013,2025-06-12,17:00,18:46,106,Available,COA synthetic availability
COA000965,C00080,2025-06-11,10:35,11:24,49,Available,COA synthetic availability
COA000966,C00019,2025-06-02,14:20,15:33,73,Available,COA synthetic availability
COA000967,C00008,2025-06-29,02:07,04:03,116,Available,COA synthetic availability
COA000968,C00050,2025-06-05,13:02,15:30,148,Restricted,COA synthetic availability
COA000969,C00028,2025-06-24,11:14,13:44,150,Available,COA synthetic availability
COA000970,C00030,2025-06-28,14:37,15:37,60,Available,COA synthetic availability
COA000971,C00032,2025-06-25,18:06,18:38,32,Available,COA synthetic availability
COA000972,C00088,2025-06-07,13:28,14:28,60,Restricted,COA synthetic availability
COA000973,C00063,2025-06-13,19:21,22:13,172,Available,COA synthetic availability
COA000974,C00093,2025-06-23,07:42,08:43,61,Available,COA synthetic availability
COA000975,C00093,2025-06-28,11:45,13:02,77,Available,COA synthetic availability
COA000976,C00067,2025-06-30,14:56,17:24,148,Available,COA synthetic availability
COA000977,C00026,2025-06-28,17:19,19:08,109,Available,COA synthetic availability
COA000978,C00071,2025-06-23,03:32,06:10,158,Restricted,COA synthetic availability
COA000979,C00039,2025-06-22,18:54,20:51,117,Available,COA synthetic availability
COA000980,C00014,2025-06-17,02:56,05:24,148,Restricted,COA synthetic availability
COA000981,C00084,2025-06-11,13:24,16:16,172,Available,COA synthetic availability
COA000982,C00009,2025-06-17,17:36,20:00,144,Available,COA synthetic availability
COA000983,C00017,2025-06-27,05:15,06:12,57,Available,COA synthetic availability
COA000984,C00058,2025-06-13,19:34,21:40,126,Available,COA synthetic availability
COA000985,C00074,2025-06-25,12:00,12:35,35,Available,COA synthetic availability
COA000986,C00084,2025-06-21,11:34,12:10,36,Available,COA synthetic availability
COA000987,C00098,2025-06-17,04:35,06:29,114,Available,COA synthetic availability
COA000988,C00030,2025-06-16,08:35,10:21,106,Available,COA synthetic availability
COA000989,C00023,2025-06-16,18:59,19:55,56,Available,COA synthetic availability
COA000990,C00058,2025-06-20,04:07,05:23,76,Available,COA synthetic availability
COA000991,C00016,2025-06-27,17:18,20:00,162,Available,COA synthetic availability
COA000992,C00017,2025-06-10,18:10,20:39,149,Restricted,COA synthetic availability
COA000993,C00085,2025-06-20,15:02,17:46,164,Available,COA synthetic availability
COA000994,C00038,2025-06-01,16:34,17:40,66,Available,COA synthetic availability
COA000995,C00090,2025-06-23,11:29,12:28,59,Available,COA synthetic availability
COA000996,C00009,2025-06-21,04:06,05:58,112,Available,COA synthetic availability
COA000997,C00096,2025-06-30,05:47,07:21,94,Available,COA synthetic availability
COA000998,C00032,2025-06-09,06:01,07:51,110,Available,COA synthetic availability
COA000999,C00001,2025-06-17,18:06,20:51,165,Available,COA synthetic availability
COA001000,C00037,2025-06-15,07:22,10:03,161,Available,COA synthetic availability
COA001001,C00041,2025-06-16,05:20,06:52,92,Available,COA synthetic availability
COA001002,C00098,2025-06-22,00:07,01:27,80,Available,COA synthetic availability
COA001003,C00052,2025-06-03,09:11,11:58,167,Restricted,COA synthetic availability
COA001004,C00087,2025-06-24,13:53,15:07,74,Restricted,COA synthetic availability
COA001005,C00070,2025-06-18,04:00,05:53,113,Available,COA synthetic availability
COA001006,C00007,2025-06-21,08:59,10:23,84,Available,COA synthetic availability
COA001007,C00071,2025-06-15,02:07,03:36,89,Available,COA synthetic availability
COA001008,C00023,2025-06-19,09:24,11:19,115,Available,COA synthetic availability
COA001009,C00056,2025-06-25,15:42,17:57,135,Available,COA synthetic availability
COA001010,C00079,2025-06-14,00:05,02:39,154,Available,COA synthetic availability
COA001011,C00022,2025-06-15,03:17,04:31,74,Available,COA synthetic availability
COA001012,C00092,2025-06-03,02:44,05:14,150,Available,COA synthetic availability
COA001013,C00091,2025-06-07,13:39,16:28,169,Available,COA synthetic availability
COA001014,C00035,2025-06-30,15:24,18:23,179,Available,COA synthetic availability
COA001015,C00087,2025-06-27,15:13,16:56,103,Available,COA synthetic availability
COA001016,C00064,2025-06-17,19:13,21:35,142,Available,COA synthetic availability
COA001017,C00095,2025-06-19,17:51,18:31,40,Available,COA synthetic availability
COA001018,C00037,2025-06-18,13:53,14:56,63,Available,COA synthetic availability
COA001019,C00005,2025-06-18,04:37,06:01,84,Available,COA synthetic availability
COA001020,C00001,2025-06-09,07:21,09:30,129,Available,COA synthetic availability
COA001021,C00066,2025-06-13,00:39,03:30,171,Available,COA synthetic availability
COA001022,C00086,2025-06-21,06:11,06:43,32,Restricted,COA synthetic availability
COA001023,C00003,2025-06-06,00:41,03:17,156,Available,COA synthetic availability
COA001024,C00058,2025-06-02,04:07,05:39,92,Available,COA synthetic availability
COA001025,C00033,2025-06-14,16:42,19:22,160,Available,COA synthetic availability
COA001026,C00074,2025-06-28,04:57,07:50,173,Available,COA synthetic availability
COA001027,C00078,2025-06-11,18:26,20:28,122,Available,COA synthetic availability
COA001028,C00049,2025-06-03,14:08,16:10,122,Available,COA synthetic availability
COA001029,C00077,2025-06-24,13:02,14:14,72,Available,COA synthetic availability
COA001030,C00020,2025-06-02,16:24,18:04,100,Available,COA synthetic availability
COA001031,C00047,2025-06-29,18:23,21:05,162,Available,COA synthetic availability
COA001032,C00096,2025-06-25,07:20,10:09,169,Available,COA synthetic availability
COA001033,C00016,2025-06-18,02:11,04:53,162,Available,COA synthetic availability
COA001034,C00040,2025-06-07,13:31,16:21,170,Restricted,COA synthetic availability
COA001035,C00063,2025-06-06,04:08,07:07,179,Available,COA synthetic availability
COA001036,C00016,2025-06-10,13:32,16:18,166,Restricted,COA synthetic availability
COA001037,C00050,2025-06-16,14:53,15:41,48,Available,COA synthetic availability
COA001038,C00010,2025-06-09,18:17,20:57,160,Available,COA synthetic availability
COA001039,C00076,2025-06-10,00:13,01:45,92,Available,COA synthetic availability
COA001040,C00072,2025-06-08,17:45,18:59,74,Available,COA synthetic availability
COA001041,C00072,2025-06-01,09:40,11:15,95,Available,COA synthetic availability
COA001042,C00001,2025-06-11,07:09,08:50,101,Available,COA synthetic availability
COA001043,C00049,2025-06-25,00:20,03:03,163,Available,COA synthetic availability
COA001044,C00098,2025-06-28,15:38,18:37,179,Available,COA synthetic availability
COA001045,C00075,2025-06-11,08:33,11:27,174,Available,COA synthetic availability
COA001046,C00039,2025-06-23,15:38,17:43,125,Available,COA synthetic availability
COA001047,C00063,2025-06-21,04:35,05:05,30,Available,COA synthetic availability
COA001048,C00032,2025-06-05,00:04,01:22,78,Restricted,COA synthetic availability
COA001049,C00069,2025-06-28,16:13,17:59,106,Available,COA synthetic availability
COA001050,C00028,2025-06-27,07:42,08:44,62,Restricted,COA synthetic availability
COA001051,C00088,2025-06-04,08:39,10:30,111,Available,COA synthetic availability
COA001052,C00022,2025-06-29,03:28,04:19,51,Available,COA synthetic availability
COA001053,C00047,2025-06-20,18:02,21:01,179,Available,COA synthetic availability
COA001054,C00038,2025-06-28,17:24,18:10,46,Available,COA synthetic availability
COA001055,C00073,2025-06-16,13:09,14:59,110,Restricted,COA synthetic availability
COA001056,C00072,2025-06-11,13:10,13:40,30,Available,COA synthetic availability
COA001057,C00048,2025-06-08,02:09,03:08,59,Available,COA synthetic availability
COA001058,C00013,2025-06-15,04:12,06:01,109,Available,COA synthetic availability
COA001059,C00042,2025-06-21,05:11,06:47,96,Available,COA synthetic availability
COA001060,C00022,2025-06-04,17:46,19:31,105,Available,COA synthetic availability
COA001061,C00098,2025-06-16,13:57,15:20,83,Available,COA synthetic availability
COA001062,C00004,2025-06-11,00:34,03:21,167,Available,COA synthetic availability
COA001063,C00013,2025-06-10,16:39,17:29,50,Restricted,COA synthetic availability
COA001064,C00097,2025-06-05,14:22,16:55,153,Available,COA synthetic availability
COA001065,C00060,2025-06-12,00:28,02:49,141,Available,COA synthetic availability
COA001066,C00058,2025-06-29,17:47,19:55,128,Available,COA synthetic availability
COA001067,C00087,2025-06-23,17:10,17:44,34,Available,COA synthetic availability
COA001068,C00081,2025-06-23,16:51,18:13,82,Available,COA synthetic availability
COA001069,C00065,2025-06-19,06:46,08:13,87,Restricted,COA synthetic availability
COA001070,C00031,2025-06-23,14:54,17:33,159,Available,COA synthetic availability
COA001071,C00031,2025-06-16,04:40,05:25,45,Available,COA synthetic availability
COA001072,C00024,2025-06-04,09:00,09:55,55,Restricted,COA synthetic availability
COA001073,C00002,2025-06-14,06:52,09:07,135,Available,COA synthetic availability
COA001074,C00033,2025-06-02,18:29,18:59,30,Available,COA synthetic availability
COA001075,C00093,2025-06-05,19:49,21:08,79,Available,COA synthetic availability
COA001076,C00082,2025-06-19,06:09,08:35,146,Restricted,COA synthetic availability
COA001077,C00058,2025-06-04,10:06,12:00,114,Available,COA synthetic availability
COA001078,C00049,2025-06-05,04:10,05:26,76,Available,COA synthetic availability
COA001079,C00004,2025-06-06,13:36,15:38,122,Available,COA synthetic availability
COA001080,C00091,2025-06-18,16:16,18:46,150,Available,COA synthetic availability
COA001081,C00018,2025-06-23,18:22,19:59,97,Available,COA synthetic availability
COA001082,C00057,2025-06-24,15:14,17:59,165,Available,COA synthetic availability
COA001083,C00099,2025-06-03,04:30,07:20,170,Restricted,COA synthetic availability
COA001084,C00074,2025-06-23,18:04,19:57,113,Available,COA synthetic availability
COA001085,C00035,2025-06-16,06:33,09:10,157,Available,COA synthetic availability
COA001086,C00038,2025-06-11,04:10,06:15,125,Available,COA synthetic availability
COA001087,C00019,2025-06-24,08:31,11:10,159,Available,COA synthetic availability
COA001088,C00060,2025-06-15,10:59,13:14,135,Available,COA synthetic availability
COA001089,C00029,2025-06-17,00:43,03:07,144,Available,COA synthetic availability
COA001090,C00002,2025-06-20,13:59,15:55,116,Available,COA synthetic availability
COA001091,C00040,2025-06-03,04:26,05:49,83,Restricted,COA synthetic availability
COA001092,C00022,2025-06-24,00:06,02:48,162,Available,COA synthetic availability
COA001093,C00054,2025-06-22,15:58,17:03,65,Available,COA synthetic availability
COA001094,C00029,2025-06-05,14:54,17:19,145,Available,COA synthetic availability
COA001095,C00021,2025-06-06,05:59,07:28,89,Available,COA synthetic availability
COA001096,C00016,2025-06-13,00:13,01:13,60,Available,COA synthetic availability
COA001097,C00064,2025-06-23,02:58,04:51,113,Available,COA synthetic availability
COA001098,C00010,2025-06-28,15:16,15:56,40,Available,COA synthetic availability
COA001099,C00087,2025-06-11,14:41,16:28,107,Restricted,COA synthetic availability
COA001100,C00055,2025-06-28,03:12,04:25,73,Available,COA synthetic availability
COA001101,C00035,2025-06-01,17:00,19:55,175,Available,COA synthetic availability
COA001102,C00086,2025-06-16,04:23,06:42,139,Available,COA synthetic availability
COA001103,C00090,2025-06-03,15:56,17:47,111,Restricted,COA synthetic availability
COA001104,C00028,2025-06-03,10:16,11:22,66,Available,COA synthetic availability
COA001105,C00028,2025-06-05,13:40,15:00,80,Available,COA synthetic availability
COA001106,C00018,2025-06-13,13:01,15:34,153,Available,COA synthetic availability
COA001107,C00005,2025-06-23,07:22,08:22,60,Available,COA synthetic availability
COA001108,C00013,2025-06-15,00:36,02:46,130,Available,COA synthetic availability
COA001109,C00031,2025-06-23,15:21,15:58,37,Available,COA synthetic availability
COA001110,C00080,2025-06-14,02:14,04:34,140,Available,COA synthetic availability
COA001111,C00023,2025-06-08,08:39,11:24,165,Available,COA synthetic availability
COA001112,C00024,2025-06-22,19:04,20:12,68,Available,COA synthetic availability
COA001113,C00019,2025-06-28,13:56,15:22,86,Restricted,COA synthetic availability
COA001114,C00066,2025-06-28,13:05,15:45,160,Available,COA synthetic availability
COA001115,C00025,2025-06-26,02:31,05:06,155,Restricted,COA synthetic availability
COA001116,C00090,2025-06-23,09:45,10:40,55,Available,COA synthetic availability
COA001117,C00029,2025-06-16,14:05,14:41,36,Available,COA synthetic availability
COA001118,C00078,2025-06-22,19:07,21:17,130,Restricted,COA synthetic availability
COA001119,C00056,2025-06-17,16:59,18:16,77,Available,COA synthetic availability
COA001120,C00016,2025-06-21,15:49,16:20,31,Available,COA synthetic availability
COA001121,C00050,2025-06-19,17:23,20:07,164,Available,COA synthetic availability
COA001122,C00002,2025-06-13,18:19,20:23,124,Restricted,COA synthetic availability
COA001123,C00015,2025-06-19,15:05,17:50,165,Available,COA synthetic availability
COA001124,C00095,2025-06-04,10:30,11:23,53,Available,COA synthetic availability
COA001125,C00052,2025-06-13,18:26,21:01,155,Restricted,COA synthetic availability
COA001126,C00089,2025-06-03,07:39,09:10,91,Available,COA synthetic availability
COA001127,C00078,2025-06-20,12:51,14:56,125,Available,COA synthetic availability
COA001128,C00042,2025-06-08,14:23,16:37,134,Available,COA synthetic availability
COA001129,C00094,2025-06-24,07:35,08:22,47,Available,COA synthetic availability
COA001130,C00097,2025-06-22,18:35,21:18,163,Available,COA synthetic availability
COA001131,C00045,2025-06-10,03:30,05:06,96,Available,COA synthetic availability
COA001132,C00059,2025-06-29,03:03,05:43,160,Available,COA synthetic availability
COA001133,C00064,2025-06-02,06:49,08:26,97,Available,COA synthetic availability
COA001134,C00074,2025-06-24,06:57,09:23,146,Restricted,COA synthetic availability
COA001135,C00003,2025-06-14,07:36,10:05,149,Restricted,COA synthetic availability
COA001136,C00085,2025-06-12,06:51,08:03,72,Available,COA synthetic availability
COA001137,C00032,2025-06-26,03:42,05:00,78,Available,COA synthetic availability
COA001138,C00028,2025-06-14,12:55,14:29,94,Available,COA synthetic availability
COA001139,C00088,2025-06-27,08:41,10:50,129,Available,COA synthetic availability
COA001140,C00059,2025-06-22,06:45,07:17,32,Available,COA synthetic availability
COA001141,C00077,2025-06-13,07:18,08:19,61,Available,COA synthetic availability
COA001142,C00083,2025-06-26,02:42,05:30,168,Restricted,COA synthetic availability
COA001143,C00030,2025-06-06,17:45,19:43,118,Available,COA synthetic availability
COA001144,C00009,2025-06-10,09:01,11:29,148,Available,COA synthetic availability
COA001145,C00038,2025-06-29,03:06,03:48,42,Available,COA synthetic availability
COA001146,C00066,2025-06-14,06:01,08:54,173,Available,COA synthetic availability
COA001147,C00024,2025-06-04,07:42,10:36,174,Available,COA synthetic availability
COA001148,C00046,2025-06-15,12:39,13:59,80,Available,COA synthetic availability
COA001149,C00078,2025-06-23,04:39,05:34,55,Available,COA synthetic availability
COA001150,C00057,2025-06-10,09:32,10:44,72,Available,COA synthetic availability
COA001151,C00011,2025-06-17,16:29,18:13,104,Available,COA synthetic availability
COA001152,C00075,2025-06-30,18:29,21:06,157,Available,COA synthetic availability
COA001153,C00083,2025-06-27,10:22,11:31,69,Available,COA synthetic availability
COA001154,C00091,2025-06-20,16:05,18:20,135,Available,COA synthetic availability
COA001155,C00088,2025-06-28,12:58,15:28,150,Available,COA synthetic availability
COA001156,C00001,2025-06-12,01:48,03:31,103,Available,COA synthetic availability
COA001157,C00068,2025-06-11,10:08,11:36,88,Available,COA synthetic availability
COA001158,C00079,2025-06-26,09:47,10:50,63,Available,COA synthetic availability
COA001159,C00026,2025-06-14,08:47,09:25,38,Available,COA synthetic availability
COA001160,C00002,2025-06-24,07:27,08:04,37,Available,COA synthetic availability
COA001161,C00045,2025-06-11,05:19,08:00,161,Restricted,COA synthetic availability
COA001162,C00039,2025-06-27,07:08,08:19,71,Available,COA synthetic availability
COA001163,C00042,2025-06-25,14:40,15:12,32,Available,COA synthetic availability
COA001164,C00027,2025-06-20,15:39,17:07,88,Available,COA synthetic availability
COA001165,C00057,2025-06-08,19:26,20:05,39,Available,COA synthetic availability
COA001166,C00061,2025-06-08,14:41,17:38,177,Available,COA synthetic availability
COA001167,C00037,2025-06-16,06:49,08:25,96,Available,COA synthetic availability
COA001168,C00001,2025-06-02,08:57,10:01,64,Available,COA synthetic availability
COA001169,C00020,2025-06-22,07:44,10:30,166,Available,COA synthetic availability
COA001170,C00072,2025-06-11,12:35,15:27,172,Available,COA synthetic availability
COA001171,C00071,2025-06-03,04:46,06:57,131,Available,COA synthetic availability
COA001172,C00020,2025-06-04,04:43,06:06,83,Available,COA synthetic availability
COA001173,C00017,2025-06-30,03:21,05:49,148,Restricted,COA synthetic availability
COA001174,C00004,2025-06-16,06:05,08:46,161,Available,COA synthetic availability
COA001175,C00039,2025-06-16,18:44,20:01,77,Available,COA synthetic availability
COA001176,C00014,2025-06-08,11:39,13:32,113,Restricted,COA synthetic availability
COA001177,C00001,2025-06-05,11:04,12:19,75,Available,COA synthetic availability
COA001178,C00052,2025-06-17,00:53,02:28,95,Available,COA synthetic availability
COA001179,C00029,2025-06-06,00:44,03:03,139,Available,COA synthetic availability
COA001180,C00050,2025-06-21,18:42,21:08,146,Available,COA synthetic availability
COA001181,C00056,2025-06-13,02:43,03:38,55,Available,COA synthetic availability
COA001182,C00012,2025-06-21,08:17,11:00,163,Available,COA synthetic availability
COA001183,C00021,2025-06-22,19:19,21:30,131,Available,COA synthetic availability
COA001184,C00080,2025-06-02,01:29,02:54,85,Available,COA synthetic availability
COA001185,C00057,2025-06-21,10:11,10:54,43,Available,COA synthetic availability
COA001186,C00024,2025-06-13,11:17,12:30,73,Available,COA synthetic availability
COA001187,C00081,2025-06-11,06:52,09:03,131,Available,COA synthetic availability
COA001188,C00037,2025-06-22,17:07,17:39,32,Available,COA synthetic availability
COA001189,C00055,2025-06-12,01:21,03:35,134,Available,COA synthetic availability
COA001190,C00063,2025-06-10,14:54,17:34,160,Available,COA synthetic availability
COA001191,C00030,2025-06-05,19:49,21:39,110,Available,COA synthetic availability
COA001192,C00006,2025-06-01,00:40,02:02,82,Available,COA synthetic availability
COA001193,C00018,2025-06-15,09:59,11:40,101,Available,COA synthetic availability
COA001194,C00065,2025-06-18,04:14,04:56,42,Available,COA synthetic availability
COA001195,C00074,2025-06-06,07:28,09:57,149,Available,COA synthetic availability
COA001196,C00003,2025-06-24,19:29,22:27,178,Available,COA synthetic availability
COA001197,C00100,2025-06-05,06:28,09:15,167,Available,COA synthetic availability
COA001198,C00026,2025-06-07,19:27,21:05,98,Available,COA synthetic availability
COA001199,C00001,2025-06-02,13:23,14:45,82,Available,COA synthetic availability
COA001200,C00030,2025-06-13,18:26,21:15,169,Available,COA synthetic availability
COA001201,C00023,2025-06-24,09:24,11:46,142,Available,COA synthetic availability
COA001202,C00036,2025-06-10,13:04,14:23,79,Available,COA synthetic availability
COA001203,C00040,2025-06-22,09:02,09:54,52,Restricted,COA synthetic availability
COA001204,C00093,2025-06-19,02:12,04:01,109,Restricted,COA synthetic availability
COA001205,C00044,2025-06-07,03:29,05:36,127,Available,COA synthetic availability
COA001206,C00057,2025-06-20,18:32,20:57,145,Available,COA synthetic availability
COA001207,C00021,2025-06-19,18:08,20:26,138,Available,COA synthetic availability
COA001208,C00055,2025-06-04,06:15,08:21,126,Available,COA synthetic availability
COA001209,C00055,2025-06-11,16:34,19:32,178,Available,COA synthetic availability
COA001210,C00041,2025-06-05,16:12,17:47,95,Available,COA synthetic availability
COA001211,C00005,2025-06-05,08:20,11:05,165,Available,COA synthetic availability
COA001212,C00029,2025-06-08,04:07,06:50,163,Available,COA synthetic availability
COA001213,C00059,2025-06-28,08:50,10:00,70,Available,COA synthetic availability
COA001214,C00015,2025-06-29,16:29,18:06,97,Available,COA synthetic availability
COA001215,C00095,2025-06-13,02:20,04:06,106,Available,COA synthetic availability
COA001216,C00077,2025-06-16,09:18,11:45,147,Available,COA synthetic availability
COA001217,C00044,2025-06-23,08:14,10:49,155,Available,COA synthetic availability
COA001218,C00065,2025-06-03,05:36,07:23,107,Restricted,COA synthetic availability
COA001219,C00067,2025-06-05,16:59,18:33,94,Available,COA synthetic availability
COA001220,C00019,2025-06-09,14:37,16:18,101,Available,COA synthetic availability
COA001221,C00098,2025-06-20,09:00,11:42,162,Available,COA synthetic availability
COA001222,C00093,2025-06-09,01:37,04:09,152,Available,COA synthetic availability
COA001223,C00034,2025-06-11,11:36,14:35,179,Available,COA synthetic availability
COA001224,C00015,2025-06-24,18:11,20:23,132,Available,COA synthetic availability
COA001225,C00085,2025-06-23,02:12,02:45,33,Available,COA synthetic availability
COA001226,C00014,2025-06-06,04:48,06:25,97,Available,COA synthetic availability
COA001227,C00089,2025-06-02,10:59,13:33,154,Available,COA synthetic availability
COA001228,C00050,2025-06-16,19:05,19:39,34,Available,COA synthetic availability
COA001229,C00078,2025-06-30,02:52,03:45,53,Available,COA synthetic availability
COA001230,C00012,2025-06-20,04:44,07:23,159,Available,COA synthetic availability
COA001231,C00037,2025-06-06,08:45,09:20,35,Available,COA synthetic availability
COA001232,C00003,2025-06-30,04:18,05:21,63,Available,COA synthetic availability
COA001233,C00058,2025-06-24,06:51,08:29,98,Available,COA synthetic availability
COA001234,C00003,2025-06-20,16:58,19:17,139,Available,COA synthetic availability
COA001235,C00079,2025-06-22,19:05,20:55,110,Restricted,COA synthetic availability
COA001236,C00084,2025-06-01,10:40,11:16,36,Available,COA synthetic availability
COA001237,C00040,2025-06-16,14:34,16:02,88,Available,COA synthetic availability
COA001238,C00079,2025-06-01,19:46,21:55,129,Available,COA synthetic availability
COA001239,C00070,2025-06-12,09:18,11:40,142,Restricted,COA synthetic availability
COA001240,C00096,2025-06-10,08:02,10:40,158,Available,COA synthetic availability
COA001241,C00065,2025-06-22,17:42,19:27,105,Available,COA synthetic availability
COA001242,C00019,2025-06-04,19:51,20:41,50,Available,COA synthetic availability
COA001243,C00052,2025-06-22,14:57,17:06,129,Available,COA synthetic availability
COA001244,C00016,2025-06-23,11:47,12:37,50,Restricted,COA synthetic availability
COA001245,C00089,2025-06-28,19:46,20:34,48,Available,COA synthetic availability
COA001246,C00057,2025-06-12,19:52,22:43,171,Available,COA synthetic availability
COA001247,C00094,2025-06-09,16:28,18:12,104,Available,COA synthetic availability
COA001248,C00084,2025-06-23,08:41,09:29,48,Available,COA synthetic availability
COA001249,C00083,2025-06-12,00:16,03:04,168,Available,COA synthetic availability
COA001250,C00035,2025-06-19,10:22,12:04,102,Available,COA synthetic availability
COA001251,C00092,2025-06-08,12:24,13:10,46,Available,COA synthetic availability
COA001252,C00011,2025-06-28,18:13,21:00,167,Available,COA synthetic availability
COA001253,C00014,2025-06-26,06:02,08:54,172,Available,COA synthetic availability
COA001254,C00037,2025-06-17,03:55,04:32,37,Available,COA synthetic availability
COA001255,C00077,2025-06-13,06:30,07:42,72,Available,COA synthetic availability
COA001256,C00080,2025-06-06,18:44,21:33,169,Restricted,COA synthetic availability
COA001257,C00070,2025-06-27,11:18,13:03,105,Available,COA synthetic availability
COA001258,C00097,2025-06-08,00:41,01:48,67,Available,COA synthetic availability
COA001259,C00077,2025-06-09,05:05,06:36,91,Available,COA synthetic availability
COA001260,C00075,2025-06-11,10:41,13:41,180,Available,COA synthetic availability
COA001261,C00049,2025-06-11,04:35,07:01,146,Available,COA synthetic availability
COA001262,C00079,2025-06-21,01:19,02:41,82,Available,COA synthetic availability
COA001263,C00032,2025-06-16,16:41,19:34,173,Available,COA synthetic availability
COA001264,C00041,2025-06-29,06:11,07:18,67,Available,COA synthetic availability
COA001265,C00086,2025-06-11,08:12,10:58,166,Available,COA synthetic availability
COA001266,C00032,2025-06-07,04:51,05:57,66,Available,COA synthetic availability
COA001267,C00066,2025-06-15,18:04,18:56,52,Available,COA synthetic availability
COA001268,C00010,2025-06-05,02:55,03:57,62,Available,COA synthetic availability
COA001269,C00024,2025-06-12,09:14,11:57,163,Available,COA synthetic availability
COA001270,C00061,2025-06-14,13:06,13:51,45,Available,COA synthetic availability
COA001271,C00044,2025-06-25,18:50,20:22,92,Available,COA synthetic availability
COA001272,C00055,2025-06-15,08:43,11:36,173,Available,COA synthetic availability
COA001273,C00028,2025-06-22,10:36,13:11,155,Available,COA synthetic availability
COA001274,C00004,2025-06-30,15:51,17:10,79,Available,COA synthetic availability
COA001275,C00054,2025-06-12,12:40,13:55,75,Available,COA synthetic availability
COA001276,C00099,2025-06-10,06:46,08:04,78,Available,COA synthetic availability
COA001277,C00033,2025-06-13,01:31,03:12,101,Available,COA synthetic availability
COA001278,C00048,2025-06-13,10:19,12:54,155,Restricted,COA synthetic availability
COA001279,C00058,2025-06-15,17:53,20:13,140,Available,COA synthetic availability
COA001280,C00023,2025-06-13,06:46,09:45,179,Available,COA synthetic availability
COA001281,C00073,2025-06-01,15:01,17:43,162,Available,COA synthetic availability
COA001282,C00090,2025-06-25,07:50,09:36,106,Available,COA synthetic availability
COA001283,C00062,2025-06-26,04:11,05:06,55,Available,COA synthetic availability
COA001284,C00054,2025-06-02,09:28,11:53,145,Available,COA synthetic availability
COA001285,C00001,2025-06-11,18:26,19:51,85,Available,COA synthetic availability
COA001286,C00080,2025-06-21,15:30,18:18,168,Available,COA synthetic availability
COA001287,C00013,2025-06-16,06:00,08:34,154,Available,COA synthetic availability
COA001288,C00085,2025-06-22,11:29,14:04,155,Available,COA synthetic availability
COA001289,C00051,2025-06-09,09:51,11:25,94,Available,COA synthetic availability
COA001290,C00075,2025-06-29,14:23,15:03,40,Available,COA synthetic availability
COA001291,C00093,2025-06-13,12:48,14:22,94,Available,COA synthetic availability
COA001292,C00068,2025-06-12,17:07,18:00,53,Available,COA synthetic availability
COA001293,C00030,2025-06-06,17:19,20:07,168,Available,COA synthetic availability
COA001294,C00077,2025-06-01,11:25,13:54,149,Available,COA synthetic availability
COA001295,C00097,2025-06-27,06:51,09:16,145,Available,COA synthetic availability
COA001296,C00086,2025-06-21,16:40,18:32,112,Available,COA synthetic availability
COA001297,C00098,2025-06-15,07:56,09:53,117,Available,COA synthetic availability
COA001298,C00086,2025-06-16,13:23,14:06,43,Available,COA synthetic availability
COA001299,C00013,2025-06-01,17:16,19:18,122,Available,COA synthetic availability
COA001300,C00008,2025-06-30,17:46,20:06,140,Available,COA synthetic availability
COA001301,C00066,2025-06-03,00:55,01:35,40,Available,COA synthetic availability
COA001302,C00016,2025-06-14,05:10,07:57,167,Available,COA synthetic availability
COA001303,C00090,2025-06-05,15:32,17:32,120,Available,COA synthetic availability
COA001304,C00073,2025-06-22,15:27,18:26,179,Available,COA synthetic availability
COA001305,C00082,2025-06-03,05:20,07:33,133,Available,COA synthetic availability
COA001306,C00045,2025-06-27,02:13,03:55,102,Available,COA synthetic availability
COA001307,C00054,2025-06-19,16:29,17:10,41,Available,COA synthetic availability
COA001308,C00090,2025-06-17,03:18,05:10,112,Available,COA synthetic availability
COA001309,C00063,2025-06-04,12:08,14:00,112,Available,COA synthetic availability
COA001310,C00081,2025-06-30,14:31,17:19,168,Available,COA synthetic availability
COA001311,C00014,2025-06-28,03:27,04:53,86,Restricted,COA synthetic availability
COA001312,C00023,2025-06-29,13:07,14:09,62,Available,COA synthetic availability
COA001313,C00070,2025-06-30,02:42,05:36,174,Available,COA synthetic availability
COA001314,C00009,2025-06-10,00:13,00:45,32,Available,COA synthetic availability
COA001315,C00053,2025-06-19,11:58,14:11,133,Available,COA synthetic availability
COA001316,C00007,2025-06-16,06:43,08:45,122,Available,COA synthetic availability
COA001317,C00091,2025-06-02,04:52,06:39,107,Available,COA synthetic availability
COA001318,C00056,2025-06-09,06:29,07:42,73,Available,COA synthetic availability
COA001319,C00050,2025-06-02,18:07,19:46,99,Available,COA synthetic availability
COA001320,C00071,2025-06-18,12:16,14:28,132,Available,COA synthetic availability
COA001321,C00010,2025-06-29,05:00,05:39,39,Available,COA synthetic availability
COA001322,C00068,2025-06-12,15:42,18:24,162,Restricted,COA synthetic availability
COA001323,C00020,2025-06-10,12:21,15:12,171,Available,COA synthetic availability
COA001324,C00029,2025-06-09,10:27,12:39,132,Available,COA synthetic availability
COA001325,C00006,2025-06-05,15:10,17:28,138,Available,COA synthetic availability
COA001326,C00053,2025-06-21,15:48,18:06,138,Available,COA synthetic availability
COA001327,C00081,2025-06-13,17:01,18:57,116,Available,COA synthetic availability
COA001328,C00024,2025-06-18,09:51,10:31,40,Available,COA synthetic availability
COA001329,C00039,2025-06-06,03:32,04:05,33,Available,COA synthetic availability
COA001330,C00007,2025-06-29,18:39,21:35,176,Available,COA synthetic availability
COA001331,C00002,2025-06-19,11:08,13:07,119,Available,COA synthetic availability
COA001332,C00013,2025-06-25,02:04,03:06,62,Available,COA synthetic availability
COA001333,C00026,2025-06-15,18:43,20:48,125,Available,COA synthetic availability
COA001334,C00081,2025-06-13,10:05,12:22,137,Available,COA synthetic availability
COA001335,C00074,2025-06-04,03:29,04:46,77,Available,COA synthetic availability
COA001336,C00053,2025-06-11,01:26,03:44,138,Available,COA synthetic availability
COA001337,C00030,2025-06-04,06:50,08:49,119,Available,COA synthetic availability
COA001338,C00052,2025-06-30,10:13,11:59,106,Available,COA synthetic availability
COA001339,C00045,2025-06-20,09:03,10:40,97,Available,COA synthetic availability
COA001340,C00059,2025-06-03,16:36,17:56,80,Available,COA synthetic availability
COA001341,C00024,2025-06-27,10:48,12:08,80,Available,COA synthetic availability
COA001342,C00065,2025-06-15,01:08,02:16,68,Available,COA synthetic availability
COA001343,C00079,2025-06-29,07:39,09:11,92,Available,COA synthetic availability
COA001344,C00019,2025-06-20,11:39,13:17,98,Available,COA synthetic availability
COA001345,C00074,2025-06-13,04:13,05:23,70,Available,COA synthetic availability
COA001346,C00085,2025-06-14,14:29,16:55,146,Available,COA synthetic availability
COA001347,C00057,2025-06-02,07:43,09:15,92,Restricted,COA synthetic availability
COA001348,C00066,2025-06-12,06:35,08:45,130,Available,COA synthetic availability
COA001349,C00098,2025-06-22,13:50,14:52,62,Available,COA synthetic availability
COA001350,C00023,2025-06-16,19:02,19:54,52,Restricted,COA synthetic availability
COA001351,C00043,2025-06-25,11:27,14:27,180,Available,COA synthetic availability
COA001352,C00069,2025-06-15,15:24,17:40,136,Available,COA synthetic availability
COA001353,C00028,2025-06-28,08:25,09:49,84,Available,COA synthetic availability
COA001354,C00080,2025-06-06,10:24,12:09,105,Available,COA synthetic availability
COA001355,C00045,2025-06-25,07:45,08:55,70,Available,COA synthetic availability
COA001356,C00098,2025-06-18,10:48,11:29,41,Available,COA synthetic availability
COA001357,C00008,2025-06-05,11:24,13:29,125,Available,COA synthetic availability
COA001358,C00078,2025-06-28,03:38,04:22,44,Available,COA synthetic availability
COA001359,C00063,2025-06-29,00:34,01:07,33,Available,COA synthetic availability
COA001360,C00081,2025-06-17,03:31,06:26,175,Available,COA synthetic availability
COA001361,C00083,2025-06-21,05:44,08:09,145,Available,COA synthetic availability
COA001362,C00043,2025-06-24,12:04,14:51,167,Available,COA synthetic availability
COA001363,C00096,2025-06-29,04:59,06:08,69,Available,COA synthetic availability
COA001364,C00013,2025-06-01,19:28,20:37,69,Available,COA synthetic availability
COA001365,C00031,2025-06-02,08:00,09:58,118,Available,COA synthetic availability
COA001366,C00048,2025-06-27,00:30,01:30,60,Available,COA synthetic availability
COA001367,C00056,2025-06-25,15:47,17:33,106,Available,COA synthetic availability
COA001368,C00034,2025-06-11,12:06,12:36,30,Available,COA synthetic availability
COA001369,C00036,2025-06-29,03:42,05:50,128,Available,COA synthetic availability
COA001370,C00083,2025-06-03,13:44,14:59,75,Available,COA synthetic availability
COA001371,C00039,2025-06-30,14:39,16:53,134,Available,COA synthetic availability
COA001372,C00051,2025-06-15,14:33,17:16,163,Available,COA synthetic availability
COA001373,C00039,2025-06-30,09:32,10:57,85,Available,COA synthetic availability
COA001374,C00095,2025-06-05,18:49,20:49,120,Available,COA synthetic availability
COA001375,C00064,2025-06-08,08:47,11:28,161,Available,COA synthetic availability
COA001376,C00030,2025-06-18,19:09,20:19,70,Available,COA synthetic availability
COA001377,C00090,2025-06-24,10:39,12:20,101,Available,COA synthetic availability
COA001378,C00013,2025-06-03,19:44,21:01,77,Available,COA synthetic availability
COA001379,C00092,2025-06-09,14:00,14:49,49,Available,COA synthetic availability
COA001380,C00072,2025-06-24,13:19,15:16,117,Available,COA synthetic availability
COA001381,C00018,2025-06-11,17:41,18:37,56,Available,COA synthetic availability
COA001382,C00029,2025-06-30,03:54,04:47,53,Available,COA synthetic availability
COA001383,C00088,2025-06-12,15:14,16:29,75,Available,COA synthetic availability
COA001384,C00094,2025-06-11,18:17,20:05,108,Available,COA synthetic availability
COA001385,C00027,2025-06-05,07:42,08:48,66,Available,COA synthetic availability
COA001386,C00048,2025-06-16,17:07,18:39,92,Available,COA synthetic availability
COA001387,C00072,2025-06-22,11:02,13:04,122,Available,COA synthetic availability
COA001388,C00009,2025-06-17,02:18,03:09,51,Restricted,COA synthetic availability
COA001389,C00092,2025-06-01,08:04,10:00,116,Available,COA synthetic availability
COA001390,C00094,2025-06-10,17:37,20:24,167,Available,COA synthetic availability
COA001391,C00063,2025-06-16,15:56,16:44,48,Available,COA synthetic availability
COA001392,C00005,2025-06-23,07:10,09:52,162,Available,COA synthetic availability
COA001393,C00068,2025-06-23,11:45,14:16,151,Available,COA synthetic availability
COA001394,C00071,2025-06-02,18:30,19:04,34,Available,COA synthetic availability
COA001395,C00086,2025-06-25,01:41,02:53,72,Available,COA synthetic availability
COA001396,C00086,2025-06-24,05:21,07:47,146,Restricted,COA synthetic availability
COA001397,C00097,2025-06-29,19:08,19:46,38,Available,COA synthetic availability
COA001398,C00036,2025-06-08,18:43,19:48,65,Available,COA synthetic availability
COA001399,C00052,2025-06-16,17:08,19:14,126,Available,COA synthetic availability
COA001400,C00009,2025-06-18,16:04,18:32,148,Available,COA synthetic availability
COA001401,C00029,2025-06-10,15:45,16:39,54,Available,COA synthetic availability
COA001402,C00055,2025-06-05,17:13,17:51,38,Available,COA synthetic availability
COA001403,C00088,2025-06-26,19:39,20:09,30,Available,COA synthetic availability
COA001404,C00025,2025-06-07,02:14,03:32,78,Available,COA synthetic availability
COA001405,C00076,2025-06-02,19:06,21:56,170,Available,COA synthetic availability
COA001406,C00026,2025-06-15,06:27,09:15,168,Available,COA synthetic availability
COA001407,C00080,2025-06-28,11:49,13:32,103,Restricted,COA synthetic availability
COA001408,C00046,2025-06-27,08:29,09:46,77,Restricted,COA synthetic availability
COA001409,C00052,2025-06-14,16:04,17:05,61,Available,COA synthetic availability
COA001410,C00067,2025-06-02,15:11,17:49,158,Restricted,COA synthetic availability
COA001411,C00093,2025-06-22,15:03,16:01,58,Available,COA synthetic availability
COA001412,C00034,2025-06-07,07:28,09:23,115,Available,COA synthetic availability
COA001413,C00002,2025-06-29,01:29,03:43,134,Available,COA synthetic availability
COA001414,C00038,2025-06-30,11:06,13:37,151,Available,COA synthetic availability
COA001415,C00013,2025-06-30,13:30,16:30,180,Available,COA synthetic availability
COA001416,C00037,2025-06-02,19:13,21:31,138,Restricted,COA synthetic availability
COA001417,C00024,2025-06-19,08:18,09:50,92,Restricted,COA synthetic availability
COA001418,C00021,2025-06-19,12:24,13:35,71,Restricted,COA synthetic availability
COA001419,C00031,2025-06-08,07:47,08:55,68,Available,COA synthetic availability
COA001420,C00021,2025-06-09,04:02,05:15,73,Available,COA synthetic availability
COA001421,C00060,2025-06-09,10:06,11:27,81,Available,COA synthetic availability
COA001422,C00095,2025-06-14,04:12,07:05,173,Available,COA synthetic availability
COA001423,C00049,2025-06-07,05:20,08:06,166,Available,COA synthetic availability
COA001424,C00022,2025-06-26,12:53,13:31,38,Available,COA synthetic availability
COA001425,C00100,2025-06-24,01:29,02:40,71,Available,COA synthetic availability
COA001426,C00081,2025-06-02,15:53,18:04,131,Available,COA synthetic availability
COA001427,C00095,2025-06-30,03:13,05:01,108,Available,COA synthetic availability
COA001428,C00062,2025-06-14,01:50,03:10,80,Available,COA synthetic availability
COA001429,C00046,2025-06-05,05:27,07:01,94,Available,COA synthetic availability
COA001430,C00051,2025-06-12,06:05,07:56,111,Available,COA synthetic availability
COA001431,C00014,2025-06-09,00:17,02:16,119,Available,COA synthetic availability
COA001432,C00046,2025-06-12,16:44,19:10,146,Available,COA synthetic availability
COA001433,C00024,2025-06-13,05:17,07:39,142,Available,COA synthetic availability
COA001434,C00072,2025-06-26,18:44,20:02,78,Available,COA synthetic availability
COA001435,C00050,2025-06-26,09:21,10:29,68,Restricted,COA synthetic availability
COA001436,C00087,2025-06-16,19:05,21:16,131,Available,COA synthetic availability
COA001437,C00066,2025-06-11,05:06,05:51,45,Available,COA synthetic availability
COA001438,C00005,2025-06-04,19:53,20:44,51,Available,COA synthetic availability
COA001439,C00026,2025-06-06,13:51,14:49,58,Available,COA synthetic availability
COA001440,C00052,2025-06-30,13:21,13:53,32,Available,COA synthetic availability
COA001441,C00030,2025-06-30,06:34,07:19,45,Available,COA synthetic availability
COA001442,C00069,2025-06-13,16:31,18:12,101,Available,COA synthetic availability
COA001443,C00052,2025-06-30,16:19,17:28,69,Available,COA synthetic availability
COA001444,C00044,2025-06-16,15:59,18:54,175,Available,COA synthetic availability
COA001445,C00021,2025-06-02,17:34,18:06,32,Available,COA synthetic availability
COA001446,C00032,2025-06-25,16:26,18:56,150,Available,COA synthetic availability
COA001447,C00036,2025-06-20,12:32,14:08,96,Available,COA synthetic availability
COA001448,C00044,2025-06-22,19:35,21:56,141,Restricted,COA synthetic availability
COA001449,C00040,2025-06-10,03:58,06:02,124,Available,COA synthetic availability
COA001450,C00053,2025-06-19,08:25,09:06,41,Available,COA synthetic availability
COA001451,C00094,2025-06-01,05:19,07:25,126,Available,COA synthetic availability
COA001452,C00039,2025-06-19,02:19,05:09,170,Available,COA synthetic availability
COA001453,C00069,2025-06-03,15:12,16:10,58,Restricted,COA synthetic availability
COA001454,C00024,2025-06-05,05:27,07:07,100,Available,COA synthetic availability
COA001455,C00003,2025-06-09,16:55,19:22,147,Available,COA synthetic availability
COA001456,C00062,2025-06-26,11:14,14:07,173,Available,COA synthetic availability
COA001457,C00026,2025-06-10,14:00,16:57,177,Available,COA synthetic availability
COA001458,C00059,2025-06-28,18:58,21:49,171,Available,COA synthetic availability
COA001459,C00033,2025-06-06,14:16,16:32,136,Available,COA synthetic availability
COA001460,C00025,2025-06-05,12:56,15:49,173,Available,COA synthetic availability
COA001461,C00079,2025-06-12,14:59,16:46,107,Available,COA synthetic availability
COA001462,C00010,2025-06-03,13:34,14:28,54,Available,COA synthetic availability
COA001463,C00026,2025-06-04,09:46,11:50,124,Available,COA synthetic availability
COA001464,C00030,2025-06-28,14:42,17:18,156,Available,COA synthetic availability
COA001465,C00064,2025-06-12,04:52,06:43,111,Available,COA synthetic availability
COA001466,C00089,2025-06-03,13:09,15:38,149,Available,COA synthetic availability
COA001467,C00063,2025-06-30,04:55,07:43,168,Available,COA synthetic availability
COA001468,C00053,2025-06-01,13:18,14:37,79,Available,COA synthetic availability
COA001469,C00077,2025-06-12,19:47,21:35,108,Available,COA synthetic availability
COA001470,C00095,2025-06-19,07:36,08:14,38,Available,COA synthetic availability
COA001471,C00094,2025-06-27,05:05,06:32,87,Available,COA synthetic availability
COA001472,C00014,2025-06-11,13:31,14:30,59,Available,COA synthetic availability
COA001473,C00052,2025-06-01,13:55,14:34,39,Available,COA synthetic availability
COA001474,C00008,2025-06-10,19:01,21:24,143,Available,COA synthetic availability
COA001475,C00043,2025-06-06,03:19,06:11,172,Available,COA synthetic availability
COA001476,C00032,2025-06-11,08:13,10:03,110,Available,COA synthetic availability
COA001477,C00035,2025-06-18,09:04,10:06,62,Restricted,COA synthetic availability
COA001478,C00039,2025-06-30,11:43,14:26,163,Available,COA synthetic availability
COA001479,C00088,2025-06-17,06:58,07:52,54,Available,COA synthetic availability
COA001480,C00031,2025-06-22,17:55,18:27,32,Available,COA synthetic availability
COA001481,C00049,2025-06-13,09:06,10:39,93,Available,COA synthetic availability
COA001482,C00070,2025-06-09,10:46,12:24,98,Available,COA synthetic availability
COA001483,C00076,2025-06-10,05:44,06:18,34,Available,COA synthetic availability
COA001484,C00017,2025-06-26,12:33,14:05,92,Available,COA synthetic availability
COA001485,C00052,2025-06-27,17:42,18:52,70,Available,COA synthetic availability
COA001486,C00070,2025-06-12,04:48,05:31,43,Available,COA synthetic availability
COA001487,C00093,2025-06-11,07:52,10:42,170,Available,COA synthetic availability
COA001488,C00037,2025-06-20,16:05,17:16,71,Available,COA synthetic availability
COA001489,C00090,2025-06-25,10:46,12:02,76,Available,COA synthetic availability
COA001490,C00090,2025-06-15,17:40,19:17,97,Available,COA synthetic availability
COA001491,C00006,2025-06-23,11:52,12:56,64,Available,COA synthetic availability
COA001492,C00059,2025-06-18,17:14,19:17,123,Available,COA synthetic availability
COA001493,C00079,2025-06-30,00:08,01:01,53,Available,COA synthetic availability
COA001494,C00099,2025-06-16,05:43,06:57,74,Available,COA synthetic availability
COA001495,C00044,2025-06-25,09:40,10:56,76,Available,COA synthetic availability
COA001496,C00023,2025-06-08,19:20,20:36,76,Available,COA synthetic availability
COA001497,C00088,2025-06-22,17:03,17:55,52,Available,COA synthetic availability
COA001498,C00031,2025-06-08,08:42,10:57,135,Available,COA synthetic availability
COA001499,C00093,2025-06-13,10:10,12:14,124,Available,COA synthetic availability
COA001500,C00046,2025-06-12,11:50,14:13,143,Available,COA synthetic availability
