forecast_id,corridor_id,forecast_date,forecast_goods_trains,peak_period,confidence_pct
GTF000001,C00095,2025-06-01,5,Normal,78
GTF000002,C00018,2025-06-28,3,Normal,79
GTF000003,C00002,2025-06-23,5,Normal,91
GTF000004,C00064,2025-06-20,6,Peak,76
GTF000005,C00075,2025-06-16,5,Normal,82
GTF000006,C00073,2025-06-20,1,Off-Peak,77
GTF000007,C00038,2025-06-16,5,Peak,86
GTF000008,C00069,2025-06-30,8,Normal,94
GTF000009,C00066,2025-06-23,1,Normal,85
GTF000010,C00040,2025-06-06,5,Off-Peak,90
GTF000011,C00006,2025-06-18,3,Off-Peak,89
GTF000012,C00042,2025-06-15,3,Off-Peak,85
GTF000013,C00044,2025-06-02,5,Off-Peak,73
GTF000014,C00099,2025-06-25,8,Off-Peak,95
GTF000015,C00014,2025-06-18,6,Off-Peak,81
GTF000016,C00095,2025-06-28,4,Off-Peak,94
GTF000017,C00048,2025-06-10,5,Normal,89
GTF000018,C00006,2025-06-24,4,Normal,84
GTF000019,C00094,2025-06-12,9,Off-Peak,82
GTF000020,C00027,2025-06-22,7,Normal,79
GTF000021,C00030,2025-06-08,5,Normal,80
GTF000022,C00090,2025-06-26,2,Normal,92
GTF000023,C00075,2025-06-17,6,Peak,94
GTF000024,C00081,2025-06-15,2,Normal,88
GTF000025,C00006,2025-06-05,2,Peak,84
GTF000026,C00097,2025-06-25,5,Normal,83
GTF000027,C00094,2025-06-05,7,Normal,75
GTF000028,C00064,2025-06-08,5,Peak,76
GTF000029,C00011,2025-06-23,5,Normal,78
GTF000030,C00014,2025-06-29,3,Peak,76
GTF000031,C00018,2025-06-25,2,Normal,75
GTF000032,C00052,2025-06-10,7,Normal,93
GTF000033,C00007,2025-06-04,4,Off-Peak,92
GTF000034,C00062,2025-06-26,6,Off-Peak,76
GTF000035,C00057,2025-06-21,6,Off-Peak,87
GTF000036,C00050,2025-06-30,3,Off-Peak,84
GTF000037,C00034,2025-06-25,1,Normal,70
GTF000038,C00075,2025-06-29,3,Normal,77
GTF000039,C00075,2025-06-13,6,Normal,92
GTF000040,C00057,2025-06-08,5,Normal,80
GTF000041,C00035,2025-06-18,3,Normal,92
GTF000042,C00075,2025-06-27,5,Normal,71
GTF000043,C00025,2025-06-19,3,Off-Peak,87
GTF000044,C00061,2025-06-07,4,Peak,88
GTF000045,C00032,2025-06-16,2,Normal,80
GTF000046,C00042,2025-06-17,3,Off-Peak,91
GTF000047,C00018,2025-06-14,10,Peak,83
GTF000048,C00094,2025-06-10,3,Off-Peak,86
GTF000049,C00017,2025-06-28,4,Peak,74
GTF000050,C00086,2025-06-08,5,Normal,74
GTF000051,C00086,2025-06-01,8,Off-Peak,73
GTF000052,C00032,2025-06-24,10,Normal,82
GTF000053,C00011,2025-06-20,8,Normal,82
GTF000054,C00035,2025-06-24,2,Normal,71
GTF000055,C00029,2025-06-13,8,Peak,79
GTF000056,C00003,2025-06-28,6,Off-Peak,94
GTF000057,C00014,2025-06-03,6,Off-Peak,85
GTF000058,C00028,2025-06-26,9,Off-Peak,71
GTF000059,C00074,2025-06-08,3,Normal,79
GTF000060,C00097,2025-06-12,4,Off-Peak,75
GTF000061,C00010,2025-06-03,4,Normal,82
GTF000062,C00026,2025-06-11,5,Off-Peak,91
GTF000063,C00045,2025-06-02,3,Normal,83
GTF000064,C00042,2025-06-09,6,Normal,84
GTF000065,C00016,2025-06-15,2,Peak,80
GTF000066,C00028,2025-06-20,4,Peak,79
GTF000067,C00076,2025-06-16,2,Normal,87
GTF000068,C00022,2025-06-27,3,Normal,74
GTF000069,C00015,2025-06-14,3,Peak,86
GTF000070,C00049,2025-06-23,7,Normal,71
GTF000071,C00058,2025-06-19,5,Normal,71
GTF000072,C00039,2025-06-14,4,Normal,73
GTF000073,C00069,2025-06-28,1,Off-Peak,78
GTF000074,C00097,2025-06-07,4,Normal,91
GTF000075,C00065,2025-06-06,4,Off-Peak,92
GTF000076,C00030,2025-06-22,7,Peak,89
GTF000077,C00087,2025-06-18,5,Normal,80
GTF000078,C00096,2025-06-01,5,Normal,72
GTF000079,C00038,2025-06-07,1,Normal,87
GTF000080,C00006,2025-06-28,8,Normal,80
GTF000081,C00030,2025-06-27,6,Normal,89
GTF000082,C00017,2025-06-13,5,Off-Peak,80
GTF000083,C00036,2025-06-30,3,Normal,85
GTF000084,C00059,2025-06-12,4,Off-Peak,73
GTF000085,C00078,2025-06-03,6,Off-Peak,76
GTF000086,C00017,2025-06-28,6,Normal,74
GTF000087,C00008,2025-06-22,3,Peak,84
GTF000088,C00073,2025-06-17,5,Normal,72
GTF000089,C00009,2025-06-23,6,Off-Peak,88
GTF000090,C00100,2025-06-20,5,Off-Peak,74
GTF000091,C00057,2025-06-03,3,Normal,87
GTF000092,C00029,2025-06-14,4,Normal,70
GTF000093,C00047,2025-06-22,5,Normal,81
GTF000094,C00063,2025-06-13,6,Normal,85
GTF000095,C00032,2025-06-28,4,Off-Peak,74
GTF000096,C00003,2025-06-06,4,Normal,93
GTF000097,C00030,2025-06-06,7,Peak,72
GTF000098,C00080,2025-06-19,9,Normal,70
GTF000099,C00068,2025-06-29,4,Normal,71
GTF000100,C00052,2025-06-18,8,Normal,85
GTF000101,C00003,2025-06-02,6,Normal,92
GTF000102,C00089,2025-06-10,3,Normal,84
GTF000103,C00063,2025-06-03,2,Normal,94
GTF000104,C00066,2025-06-04,2,Normal,91
GTF000105,C00092,2025-06-21,4,Off-Peak,87
GTF000106,C00055,2025-06-27,7,Normal,90
GTF000107,C00077,2025-06-07,6,Off-Peak,85
GTF000108,C00068,2025-06-18,6,Normal,80
GTF000109,C00002,2025-06-06,6,Normal,75
GTF000110,C00039,2025-06-17,6,Normal,87
GTF000111,C00083,2025-06-05,5,Off-Peak,82
GTF000112,C00050,2025-06-19,5,Normal,94
GTF000113,C00040,2025-06-23,8,Off-Peak,72
GTF000114,C00090,2025-06-22,4,Normal,75
GTF000115,C00063,2025-06-10,4,Off-Peak,78
GTF000116,C00013,2025-06-29,5,Normal,75
GTF000117,C00079,2025-06-17,5,Normal,91
GTF000118,C00018,2025-06-05,2,Normal,88
GTF000119,C00066,2025-06-17,1,Normal,72
GTF000120,C00027,2025-06-22,4,Peak,87
GTF000121,C00088,2025-06-26,3,Normal,77
GTF000122,C00018,2025-06-23,5,Normal,82
GTF000123,C00011,2025-06-22,3,Peak,88
GTF000124,C00015,2025-06-06,2,Normal,77
GTF000125,C00019,2025-06-05,5,Off-Peak,87
GTF000126,C00036,2025-06-10,6,Peak,76
GTF000127,C00029,2025-06-03,10,Off-Peak,87
GTF000128,C00015,2025-06-26,3,Peak,80
GTF000129,C00082,2025-06-10,3,Peak,74
GTF000130,C00023,2025-06-24,5,Normal,91
GTF000131,C00088,2025-06-08,3,Off-Peak,94
GTF000132,C00062,2025-06-15,5,Normal,76
GTF000133,C00047,2025-06-16,8,Normal,78
GTF000134,C00079,2025-06-29,6,Off-Peak,89
GTF000135,C00043,2025-06-22,6,Normal,87
GTF000136,C00037,2025-06-27,1,Normal,72
GTF000137,C00092,2025-06-03,8,Normal,95
GTF000138,C00034,2025-06-29,1,Normal,87
GTF000139,C00084,2025-06-17,4,Normal,71
GTF000140,C00048,2025-06-16,5,Normal,73
GTF000141,C00039,2025-06-11,6,Normal,87
GTF000142,C00029,2025-06-05,2,Peak,75
GTF000143,C00083,2025-06-22,2,Normal,95
GTF000144,C00014,2025-06-02,2,Off-Peak,70
GTF000145,C00079,2025-06-02,8,Off-Peak,95
GTF000146,C00077,2025-06-20,6,Off-Peak,79
GTF000147,C00021,2025-06-01,4,Normal,70
GTF000148,C00021,2025-06-26,6,Peak,92
GTF000149,C00093,2025-06-08,5,Normal,70
GTF000150,C00066,2025-06-03,4,Normal,73
GTF000151,C00046,2025-06-22,5,Normal,86
GTF000152,C00094,2025-06-28,7,Normal,77
GTF000153,C00091,2025-06-25,3,Normal,79
GTF000154,C00012,2025-06-04,9,Off-Peak,86
GTF000155,C00072,2025-06-01,2,Off-Peak,86
GTF000156,C00058,2025-06-27,4,Normal,72
GTF000157,C00004,2025-06-15,5,Normal,80
GTF000158,C00037,2025-06-01,1,Normal,76
GTF000159,C00047,2025-06-20,9,Normal,94
GTF000160,C00090,2025-06-12,1,Off-Peak,74
GTF000161,C00015,2025-06-06,4,Peak,74
GTF000162,C00092,2025-06-15,7,Off-Peak,91
GTF000163,C00064,2025-06-18,4,Normal,73
GTF000164,C00052,2025-06-02,5,Normal,95
GTF000165,C00034,2025-06-09,8,Peak,84
GTF000166,C00025,2025-06-21,7,Normal,71
GTF000167,C00008,2025-06-04,5,Peak,82
GTF000168,C00041,2025-06-25,9,Peak,84
GTF000169,C00034,2025-06-29,3,Off-Peak,95
GTF000170,C00046,2025-06-20,4,Normal,82
GTF000171,C00043,2025-06-17,5,Peak,81
GTF000172,C00058,2025-06-29,3,Peak,76
GTF000173,C00023,2025-06-18,7,Peak,78
GTF000174,C00016,2025-06-12,5,Normal,73
GTF000175,C00060,2025-06-16,2,Normal,94
GTF000176,C00084,2025-06-24,5,Off-Peak,72
GTF000177,C00064,2025-06-03,6,Normal,91
GTF000178,C00068,2025-06-07,4,Normal,71
GTF000179,C00017,2025-06-16,4,Normal,89
GTF000180,C00025,2025-06-28,5,Off-Peak,82
GTF000181,C00013,2025-06-27,5,Normal,92
GTF000182,C00011,2025-06-01,3,Normal,79
GTF000183,C00090,2025-06-17,10,Off-Peak,74
GTF000184,C00008,2025-06-12,4,Peak,85
GTF000185,C00051,2025-06-16,3,Normal,83
GTF000186,C00045,2025-06-09,4,Off-Peak,70
GTF000187,C00075,2025-06-16,4,Peak,74
GTF000188,C00044,2025-06-30,4,Normal,91
GTF000189,C00065,2025-06-07,5,Peak,90
GTF000190,C00059,2025-06-04,2,Normal,72
GTF000191,C00014,2025-06-24,5,Peak,82
GTF000192,C00038,2025-06-16,3,Normal,85
GTF000193,C00085,2025-06-29,7,Off-Peak,94
GTF000194,C00011,2025-06-10,8,Normal,90
GTF000195,C00061,2025-06-10,1,Normal,70
GTF000196,C00008,2025-06-19,13,Peak,89
GTF000197,C00056,2025-06-15,5,Normal,73
GTF000198,C00092,2025-06-17,3,Peak,82
GTF000199,C00091,2025-06-09,4,Off-Peak,92
GTF000200,C00056,2025-06-07,2,Normal,85
GTF000201,C00046,2025-06-03,6,Normal,93
GTF000202,C00010,2025-06-01,3,Normal,73
GTF000203,C00088,2025-06-28,2,Normal,92
GTF000204,C00098,2025-06-03,6,Normal,75
GTF000205,C00050,2025-06-20,8,Off-Peak,82
GTF000206,C00063,2025-06-02,6,Normal,74
GTF000207,C00063,2025-06-12,12,Normal,73
GTF000208,C00008,2025-06-02,3,Normal,78
GTF000209,C00023,2025-06-16,6,Normal,70
GTF000210,C00048,2025-06-25,5,Peak,90
GTF000211,C00035,2025-06-09,8,Normal,90
GTF000212,C00001,2025-06-09,6,Normal,80
GTF000213,C00096,2025-06-16,3,Off-Peak,76
GTF000214,C00018,2025-06-12,4,Peak,76
GTF000215,C00063,2025-06-04,6,Peak,78
GTF000216,C00012,2025-06-25,6,Normal,83
GTF000217,C00074,2025-06-30,5,Off-Peak,77
GTF000218,C00099,2025-06-29,7,Off-Peak,94
GTF000219,C00043,2025-06-05,4,Normal,73
GTF000220,C00018,2025-06-14,4,Peak,73
GTF000221,C00002,2025-06-14,5,Normal,84
GTF000222,C00087,2025-06-07,2,Off-Peak,89
GTF000223,C00065,2025-06-13,6,Normal,91
GTF000224,C00095,2025-06-25,3,Normal,92
GTF000225,C00015,2025-06-06,6,Normal,72
GTF000226,C00079,2025-06-16,7,Peak,94
GTF000227,C00078,2025-06-11,5,Off-Peak,92
GTF000228,C00067,2025-06-18,9,Normal,90
GTF000229,C00019,2025-06-09,6,Normal,91
GTF000230,C00006,2025-06-03,10,Off-Peak,86
GTF000231,C00018,2025-06-24,5,Peak,90
GTF000232,C00088,2025-06-14,5,Peak,79
GTF000233,C00001,2025-06-20,7,Normal,87
GTF000234,C00051,2025-06-12,6,Normal,91
GTF000235,C00098,2025-06-26,3,Off-Peak,72
GTF000236,C00071,2025-06-14,4,Normal,94
GTF000237,C00052,2025-06-01,8,Peak,71
GTF000238,C00056,2025-06-15,8,Normal,94
GTF000239,C00096,2025-06-02,2,Off-Peak,78
GTF000240,C00092,2025-06-07,2,Normal,89
GTF000241,C00079,2025-06-18,10,Off-Peak,75
GTF000242,C00028,2025-06-04,7,Off-Peak,86
GTF000243,C00042,2025-06-16,6,Normal,86
GTF000244,C00085,2025-06-23,8,Peak,89
GTF000245,C00089,2025-06-23,8,Peak,89
GTF000246,C00085,2025-06-10,6,Off-Peak,75
GTF000247,C00005,2025-06-05,4,Peak,75
GTF000248,C00083,2025-06-16,4,Peak,95
GTF000249,C00031,2025-06-08,3,Peak,86
GTF000250,C00044,2025-06-29,6,Normal,71
GTF000251,C00039,2025-06-21,8,Peak,72
GTF000252,C00009,2025-06-10,6,Normal,88
GTF000253,C00049,2025-06-26,4,Normal,72
GTF000254,C00043,2025-06-21,8,Normal,75
GTF000255,C00068,2025-06-05,7,Normal,90
GTF000256,C00035,2025-06-22,6,Normal,79
GTF000257,C00073,2025-06-17,1,Off-Peak,82
GTF000258,C00057,2025-06-15,6,Normal,81
GTF000259,C00058,2025-06-21,8,Peak,71
GTF000260,C00041,2025-06-08,3,Normal,85
GTF000261,C00071,2025-06-09,7,Peak,76
GTF000262,C00062,2025-06-09,3,Off-Peak,77
GTF000263,C00029,2025-06-02,4,Peak,95
GTF000264,C00001,2025-06-13,9,Peak,79
GTF000265,C00024,2025-06-05,3,Normal,73
GTF000266,C00064,2025-06-30,8,Normal,81
GTF000267,C00015,2025-06-23,5,Off-Peak,93
GTF000268,C00045,2025-06-12,3,Off-Peak,72
GTF000269,C00089,2025-06-24,8,Normal,95
GTF000270,C00015,2025-06-30,4,Normal,86
GTF000271,C00018,2025-06-22,4,Peak,89
GTF000272,C00060,2025-06-13,5,Normal,80
GTF000273,C00006,2025-06-09,5,Off-Peak,70
GTF000274,C00055,2025-06-20,1,Off-Peak,80
GTF000275,C00065,2025-06-12,5,Peak,86
GTF000276,C00069,2025-06-21,3,Peak,72
GTF000277,C00033,2025-06-06,4,Normal,85
GTF000278,C00076,2025-06-11,10,Peak,94
GTF000279,C00068,2025-06-11,3,Off-Peak,75
GTF000280,C00063,2025-06-25,4,Normal,79
GTF000281,C00092,2025-06-29,7,Off-Peak,81
GTF000282,C00044,2025-06-10,9,Off-Peak,75
GTF000283,C00017,2025-06-07,3,Normal,84
GTF000284,C00047,2025-06-07,5,Normal,80
GTF000285,C00090,2025-06-05,2,Peak,80
GTF000286,C00015,2025-06-23,3,Peak,71
GTF000287,C00090,2025-06-07,3,Peak,82
GTF000288,C00072,2025-06-02,9,Normal,84
GTF000289,C00078,2025-06-09,4,Peak,77
GTF000290,C00035,2025-06-02,3,Normal,80
GTF000291,C00048,2025-06-20,7,Off-Peak,70
GTF000292,C00089,2025-06-04,1,Normal,70
GTF000293,C00044,2025-06-12,10,Normal,81
GTF000294,C00018,2025-06-27,7,Off-Peak,87
GTF000295,C00031,2025-06-10,3,Normal,77
GTF000296,C00069,2025-06-30,8,Off-Peak,94
GTF000297,C00077,2025-06-22,5,Normal,80
GTF000298,C00044,2025-06-12,3,Normal,72
GTF000299,C00086,2025-06-22,2,Normal,86
GTF000300,C00032,2025-06-12,11,Off-Peak,73
GTF000301,C00071,2025-06-11,4,Normal,82
GTF000302,C00043,2025-06-11,4,Normal,75
GTF000303,C00072,2025-06-15,5,Off-Peak,75
GTF000304,C00054,2025-06-02,5,Normal,73
GTF000305,C00015,2025-06-13,2,Normal,72
GTF000306,C00089,2025-06-05,4,Normal,70
GTF000307,C00027,2025-06-25,10,Off-Peak,83
GTF000308,C00030,2025-06-20,6,Peak,70
GTF000309,C00049,2025-06-13,7,Off-Peak,71
GTF000310,C00052,2025-06-22,4,Peak,81
GTF000311,C00039,2025-06-18,9,Peak,85
GTF000312,C00044,2025-06-12,6,Off-Peak,89
GTF000313,C00056,2025-06-02,10,Peak,75
GTF000314,C00080,2025-06-14,6,Off-Peak,76
GTF000315,C00089,2025-06-28,4,Normal,70
GTF000316,C00068,2025-06-29,5,Off-Peak,76
GTF000317,C00076,2025-06-06,7,Normal,85
GTF000318,C00076,2025-06-09,5,Normal,95
GTF000319,C00051,2025-06-28,5,Peak,85
GTF000320,C00095,2025-06-04,9,Peak,77
GTF000321,C00051,2025-06-18,6,Normal,77
GTF000322,C00052,2025-06-12,4,Off-Peak,73
GTF000323,C00050,2025-06-04,4,Normal,85
GTF000324,C00012,2025-06-08,4,Normal,79
GTF000325,C00018,2025-06-20,6,Off-Peak,87
GTF000326,C00011,2025-06-17,1,Peak,75
GTF000327,C00006,2025-06-21,2,Normal,77
GTF000328,C00035,2025-06-27,5,Normal,72
GTF000329,C00007,2025-06-25,2,Normal,90
GTF000330,C00006,2025-06-04,6,Peak,73
GTF000331,C00059,2025-06-11,4,Peak,88
GTF000332,C00023,2025-06-23,5,Normal,89
GTF000333,C00023,2025-06-09,8,Normal,94
GTF000334,C00040,2025-06-30,5,Off-Peak,77
GTF000335,C00073,2025-06-22,3,Normal,76
GTF000336,C00078,2025-06-02,4,Normal,72
GTF000337,C00031,2025-06-08,2,Normal,71
GTF000338,C00090,2025-06-29,5,Off-Peak,72
GTF000339,C00048,2025-06-11,6,Off-Peak,77
GTF000340,C00068,2025-06-06,6,Off-Peak,79
GTF000341,C00089,2025-06-13,6,Normal,81
GTF000342,C00090,2025-06-13,3,Normal,77
GTF000343,C00009,2025-06-30,5,Off-Peak,76
GTF000344,C00008,2025-06-06,5,Normal,77
GTF000345,C00035,2025-06-30,5,Normal,70
GTF000346,C00090,2025-06-09,4,Normal,76
GTF000347,C00023,2025-06-05,10,Normal,80
GTF000348,C00001,2025-06-22,5,Normal,85
GTF000349,C00015,2025-06-04,10,Normal,80
GTF000350,C00069,2025-06-02,2,Normal,93
GTF000351,C00088,2025-06-27,5,Normal,88
GTF000352,C00068,2025-06-07,5,Normal,74
GTF000353,C00049,2025-06-08,4,Normal,91
GTF000354,C00041,2025-06-23,3,Normal,78
GTF000355,C00006,2025-06-29,2,Off-Peak,94
GTF000356,C00074,2025-06-19,6,Off-Peak,87
GTF000357,C00082,2025-06-27,6,Normal,74
GTF000358,C00071,2025-06-12,9,Normal,79
GTF000359,C00023,2025-06-28,3,Normal,93
GTF000360,C00008,2025-06-18,6,Off-Peak,92
GTF000361,C00027,2025-06-19,4,Peak,84
GTF000362,C00037,2025-06-14,8,Normal,84
GTF000363,C00099,2025-06-01,8,Off-Peak,70
GTF000364,C00078,2025-06-07,6,Normal,79
GTF000365,C00062,2025-06-07,7,Off-Peak,71
GTF000366,C00094,2025-06-03,2,Normal,87
GTF000367,C00049,2025-06-24,5,Normal,73
GTF000368,C00091,2025-06-15,7,Off-Peak,79
GTF000369,C00031,2025-06-01,6,Peak,88
GTF000370,C00014,2025-06-15,4,Normal,95
GTF000371,C00004,2025-06-23,6,Normal,78
GTF000372,C00017,2025-06-13,10,Peak,73
GTF000373,C00022,2025-06-20,5,Normal,85
GTF000374,C00032,2025-06-04,5,Peak,90
GTF000375,C00071,2025-06-27,4,Normal,79
GTF000376,C00011,2025-06-23,0,Normal,84
GTF000377,C00026,2025-06-10,5,Normal,90
GTF000378,C00035,2025-06-07,2,Peak,82
GTF000379,C00002,2025-06-28,2,Off-Peak,80
GTF000380,C00073,2025-06-16,6,Off-Peak,72
GTF000381,C00085,2025-06-11,5,Peak,82
GTF000382,C00054,2025-06-26,5,Normal,90
GTF000383,C00088,2025-06-21,2,Normal,74
GTF000384,C00096,2025-06-11,2,Normal,93
GTF000385,C00077,2025-06-23,6,Peak,87
GTF000386,C00093,2025-06-15,5,Normal,88
GTF000387,C00040,2025-06-09,3,Normal,88
GTF000388,C00007,2025-06-03,4,Normal,77
GTF000389,C00088,2025-06-19,5,Normal,84
GTF000390,C00064,2025-06-02,0,Peak,95
GTF000391,C00005,2025-06-29,3,Normal,77
GTF000392,C00035,2025-06-27,4,Normal,92
GTF000393,C00094,2025-06-09,7,Normal,79
GTF000394,C00094,2025-06-14,4,Peak,90
GTF000395,C00014,2025-06-26,4,Normal,73
GTF000396,C00033,2025-06-19,4,Peak,86
GTF000397,C00021,2025-06-10,6,Peak,86
GTF000398,C00027,2025-06-30,10,Normal,80
GTF000399,C00076,2025-06-07,7,Normal,79
GTF000400,C00009,2025-06-08,7,Normal,83
GTF000401,C00016,2025-06-25,7,Peak,74
GTF000402,C00005,2025-06-27,5,Normal,78
GTF000403,C00045,2025-06-22,9,Peak,95
GTF000404,C00052,2025-06-29,7,Peak,84
GTF000405,C00039,2025-06-15,4,Normal,72
GTF000406,C00035,2025-06-13,4,Normal,91
GTF000407,C00081,2025-06-29,8,Normal,85
GTF000408,C00028,2025-06-30,4,Peak,78
GTF000409,C00085,2025-06-29,3,Normal,94
GTF000410,C00011,2025-06-06,5,Normal,86
GTF000411,C00045,2025-06-15,7,Off-Peak,79
GTF000412,C00018,2025-06-15,6,Peak,91
GTF000413,C00019,2025-06-05,2,Peak,86
GTF000414,C00082,2025-06-27,4,Normal,84
GTF000415,C00087,2025-06-17,7,Normal,73
GTF000416,C00031,2025-06-03,6,Normal,95
GTF000417,C00084,2025-06-08,10,Peak,94
GTF000418,C00075,2025-06-12,3,Normal,72
GTF000419,C00092,2025-06-15,7,Off-Peak,72
GTF000420,C00050,2025-06-13,9,Normal,78
GTF000421,C00040,2025-06-21,6,Normal,71
GTF000422,C00045,2025-06-20,1,Normal,79
GTF000423,C00061,2025-06-16,6,Off-Peak,85
GTF000424,C00096,2025-06-25,4,Normal,75
GTF000425,C00002,2025-06-17,7,Off-Peak,77
GTF000426,C00067,2025-06-27,11,Peak,95
GTF000427,C00057,2025-06-08,5,Normal,73
GTF000428,C00070,2025-06-24,8,Peak,80
GTF000429,C00091,2025-06-03,5,Normal,77
GTF000430,C00039,2025-06-21,6,Normal,95
GTF000431,C00046,2025-06-14,3,Peak,87
GTF000432,C00006,2025-06-23,1,Normal,88
GTF000433,C00003,2025-06-01,3,Normal,90
GTF000434,C00051,2025-06-25,0,Normal,72
GTF000435,C00011,2025-06-15,5,Off-Peak,80
GTF000436,C00093,2025-06-04,1,Off-Peak,93
GTF000437,C00034,2025-06-14,3,Peak,79
GTF000438,C00020,2025-06-07,5,Peak,73
GTF000439,C00003,2025-06-05,10,Normal,79
GTF000440,C00087,2025-06-08,2,Normal,85
GTF000441,C00003,2025-06-16,4,Peak,94
GTF000442,C00071,2025-06-09,7,Normal,76
GTF000443,C00013,2025-06-19,3,Peak,78
GTF000444,C00043,2025-06-01,7,Off-Peak,89
GTF000445,C00008,2025-06-20,5,Normal,89
GTF000446,C00002,2025-06-14,7,Off-Peak,81
GTF000447,C00069,2025-06-17,6,Peak,71
GTF000448,C00031,2025-06-05,2,Normal,86
GTF000449,C00072,2025-06-18,6,Normal,91
GTF000450,C00044,2025-06-03,6,Normal,87
GTF000451,C00038,2025-06-30,7,Peak,93
GTF000452,C00092,2025-06-08,3,Off-Peak,76
GTF000453,C00021,2025-06-26,5,Off-Peak,80
GTF000454,C00086,2025-06-27,5,Off-Peak,73
GTF000455,C00087,2025-06-20,8,Normal,94
GTF000456,C00080,2025-06-09,9,Normal,70
GTF000457,C00063,2025-06-28,2,Normal,89
GTF000458,C00064,2025-06-20,6,Peak,78
GTF000459,C00093,2025-06-08,6,Off-Peak,84
GTF000460,C00051,2025-06-05,2,Normal,95
GTF000461,C00100,2025-06-29,2,Normal,75
GTF000462,C00079,2025-06-18,8,Normal,79
GTF000463,C00097,2025-06-19,3,Off-Peak,80
GTF000464,C00096,2025-06-17,6,Normal,76
GTF000465,C00062,2025-06-09,6,Normal,88
GTF000466,C00030,2025-06-06,7,Normal,78
GTF000467,C00061,2025-06-10,7,Normal,74
GTF000468,C00014,2025-06-01,8,Off-Peak,90
GTF000469,C00090,2025-06-07,4,Peak,72
GTF000470,C00024,2025-06-11,4,Off-Peak,72
GTF000471,C00060,2025-06-28,3,Normal,90
GTF000472,C00090,2025-06-23,5,Normal,83
GTF000473,C00063,2025-06-06,4,Peak,83
GTF000474,C00072,2025-06-18,2,Normal,73
GTF000475,C00085,2025-06-07,4,Peak,91
GTF000476,C00044,2025-06-18,6,Normal,74
GTF000477,C00045,2025-06-06,6,Off-Peak,95
GTF000478,C00045,2025-06-20,1,Normal,94
GTF000479,C00039,2025-06-25,7,Normal,94
GTF000480,C00042,2025-06-13,7,Normal,95
GTF000481,C00016,2025-06-24,4,Normal,76
GTF000482,C00028,2025-06-22,2,Peak,75
GTF000483,C00075,2025-06-20,4,Peak,76
GTF000484,C00025,2025-06-19,9,Peak,84
GTF000485,C00063,2025-06-01,2,Normal,70
GTF000486,C00009,2025-06-18,6,Normal,85
GTF000487,C00074,2025-06-22,0,Normal,94
GTF000488,C00090,2025-06-26,5,Normal,84
GTF000489,C00006,2025-06-03,6,Normal,87
GTF000490,C00092,2025-06-11,7,Peak,91
GTF000491,C00086,2025-06-25,3,Peak,87
GTF000492,C00081,2025-06-06,5,Peak,84
GTF000493,C00067,2025-06-12,3,Off-Peak,86
GTF000494,C00092,2025-06-06,7,Normal,90
GTF000495,C00083,2025-06-26,6,Normal,86
GTF000496,C00061,2025-06-30,2,Peak,92
GTF000497,C00033,2025-06-05,5,Normal,73
GTF000498,C00097,2025-06-03,9,Off-Peak,77
GTF000499,C00079,2025-06-11,4,Normal,91
GTF000500,C00055,2025-06-18,3,Off-Peak,73
GTF000501,C00048,2025-06-16,6,Normal,79
GTF000502,C00019,2025-06-25,5,Off-Peak,71
GTF000503,C00094,2025-06-03,4,Off-Peak,78
GTF000504,C00065,2025-06-03,5,Normal,86
GTF000505,C00088,2025-06-11,5,Normal,75
GTF000506,C00083,2025-06-17,8,Off-Peak,93
GTF000507,C00030,2025-06-09,10,Normal,82
GTF000508,C00097,2025-06-21,3,Normal,93
GTF000509,C00097,2025-06-19,6,Off-Peak,93
GTF000510,C00095,2025-06-25,3,Off-Peak,85
GTF000511,C00034,2025-06-10,5,Normal,83
GTF000512,C00096,2025-06-09,5,Normal,72
GTF000513,C00075,2025-06-10,6,Off-Peak,75
GTF000514,C00011,2025-06-08,4,Off-Peak,78
GTF000515,C00078,2025-06-16,4,Normal,82
GTF000516,C00035,2025-06-13,5,Normal,81
GTF000517,C00063,2025-06-05,5,Normal,70
GTF000518,C00008,2025-06-07,4,Off-Peak,77
GTF000519,C00076,2025-06-13,6,Peak,83
GTF000520,C00078,2025-06-04,7,Normal,85
GTF000521,C00007,2025-06-23,6,Normal,91
GTF000522,C00099,2025-06-21,3,Normal,76
GTF000523,C00012,2025-06-17,7,Off-Peak,81
GTF000524,C00057,2025-06-09,8,Normal,75
GTF000525,C00083,2025-06-10,1,Peak,92
GTF000526,C00093,2025-06-22,4,Normal,94
GTF000527,C00015,2025-06-11,8,Off-Peak,92
GTF000528,C00076,2025-06-09,5,Peak,78
GTF000529,C00026,2025-06-13,5,Off-Peak,80
GTF000530,C00024,2025-06-11,3,Normal,81
GTF000531,C00032,2025-06-04,3,Peak,88
GTF000532,C00036,2025-06-28,6,Off-Peak,85
GTF000533,C00003,2025-06-30,5,Normal,95
GTF000534,C00079,2025-06-06,9,Off-Peak,74
GTF000535,C00071,2025-06-16,5,Normal,76
GTF000536,C00076,2025-06-23,2,Peak,75
GTF000537,C00084,2025-06-29,4,Normal,74
GTF000538,C00074,2025-06-01,1,Peak,75
GTF000539,C00007,2025-06-23,5,Normal,89
GTF000540,C00029,2025-06-26,8,Normal,78
GTF000541,C00073,2025-06-21,2,Off-Peak,73
GTF000542,C00019,2025-06-29,5,Off-Peak,80
GTF000543,C00030,2025-06-16,2,Peak,88
GTF000544,C00050,2025-06-15,6,Off-Peak,80
GTF000545,C00010,2025-06-22,3,Peak,94
GTF000546,C00084,2025-06-29,9,Normal,78
GTF000547,C00023,2025-06-18,6,Peak,72
GTF000548,C00025,2025-06-02,1,Off-Peak,86
GTF000549,C00087,2025-06-28,3,Off-Peak,86
GTF000550,C00039,2025-06-30,8,Normal,82
GTF000551,C00052,2025-06-22,6,Normal,73
GTF000552,C00027,2025-06-27,2,Normal,80
GTF000553,C00082,2025-06-08,3,Off-Peak,76
GTF000554,C00053,2025-06-19,6,Normal,83
GTF000555,C00083,2025-06-03,6,Off-Peak,90
GTF000556,C00071,2025-06-07,3,Off-Peak,81
GTF000557,C00100,2025-06-21,6,Peak,75
GTF000558,C00006,2025-06-06,1,Peak,91
GTF000559,C00060,2025-06-08,5,Peak,75
GTF000560,C00055,2025-06-24,9,Normal,70
GTF000561,C00040,2025-06-29,3,Normal,93
GTF000562,C00046,2025-06-10,3,Off-Peak,84
GTF000563,C00066,2025-06-24,3,Normal,94
GTF000564,C00063,2025-06-29,7,Normal,81
GTF000565,C00066,2025-06-01,5,Peak,78
GTF000566,C00041,2025-06-01,4,Normal,82
GTF000567,C00092,2025-06-24,5,Peak,80
GTF000568,C00038,2025-06-15,5,Normal,72
GTF000569,C00048,2025-06-20,4,Normal,75
GTF000570,C00025,2025-06-20,3,Off-Peak,88
GTF000571,C00004,2025-06-06,3,Peak,74
GTF000572,C00079,2025-06-27,11,Normal,78
GTF000573,C00049,2025-06-16,4,Normal,85
GTF000574,C00057,2025-06-30,5,Peak,86
GTF000575,C00025,2025-06-19,3,Normal,78
GTF000576,C00023,2025-06-20,7,Normal,85
GTF000577,C00053,2025-06-21,4,Normal,91
GTF000578,C00007,2025-06-18,3,Normal,94
GTF000579,C00028,2025-06-17,5,Peak,95
GTF000580,C00032,2025-06-09,5,Off-Peak,72
GTF000581,C00095,2025-06-18,7,Peak,76
GTF000582,C00048,2025-06-10,5,Peak,74
GTF000583,C00072,2025-06-09,6,Normal,86
GTF000584,C00026,2025-06-15,4,Normal,94
GTF000585,C00059,2025-06-13,4,Normal,86
GTF000586,C00045,2025-06-01,8,Off-Peak,74
GTF000587,C00097,2025-06-01,3,Normal,81
GTF000588,C00070,2025-06-08,3,Off-Peak,86
GTF000589,C00088,2025-06-12,7,Off-Peak,88
GTF000590,C00008,2025-06-09,3,Normal,86
GTF000591,C00053,2025-06-11,6,Peak,81
GTF000592,C00030,2025-06-16,8,Peak,80
GTF000593,C00074,2025-06-26,4,Normal,90
GTF000594,C00020,2025-06-13,4,Normal,88
GTF000595,C00043,2025-06-28,3,Off-Peak,92
GTF000596,C00058,2025-06-09,4,Normal,74
GTF000597,C00016,2025-06-28,2,Off-Peak,77
GTF000598,C00052,2025-06-13,4,Peak,73
GTF000599,C00041,2025-06-15,5,Off-Peak,90
GTF000600,C00069,2025-06-19,3,Normal,76
GTF000601,C00028,2025-06-30,2,Off-Peak,89
GTF000602,C00051,2025-06-09,4,Normal,94
GTF000603,C00033,2025-06-14,12,Off-Peak,78
GTF000604,C00048,2025-06-28,10,Normal,71
GTF000605,C00041,2025-06-20,7,Normal,72
GTF000606,C00032,2025-06-04,6,Normal,75
GTF000607,C00080,2025-06-28,3,Normal,79
GTF000608,C00028,2025-06-11,7,Normal,75
GTF000609,C00019,2025-06-03,10,Normal,80
GTF000610,C00035,2025-06-24,5,Normal,89
GTF000611,C00024,2025-06-23,4,Off-Peak,90
GTF000612,C00039,2025-06-23,4,Off-Peak,83
GTF000613,C00058,2025-06-20,4,Normal,95
GTF000614,C00025,2025-06-18,6,Off-Peak,77
GTF000615,C00076,2025-06-29,5,Normal,72
GTF000616,C00062,2025-06-01,3,Off-Peak,92
GTF000617,C00011,2025-06-15,4,Normal,78
GTF000618,C00022,2025-06-17,3,Peak,74
GTF000619,C00059,2025-06-18,5,Off-Peak,78
GTF000620,C00048,2025-06-01,3,Normal,86
GTF000621,C00003,2025-06-02,3,Normal,83
GTF000622,C00100,2025-06-26,7,Normal,92
GTF000623,C00066,2025-06-18,2,Peak,80
GTF000624,C00073,2025-06-04,3,Normal,85
GTF000625,C00059,2025-06-08,4,Normal,84
GTF000626,C00063,2025-06-28,2,Normal,94
GTF000627,C00023,2025-06-01,6,Normal,86
GTF000628,C00086,2025-06-07,4,Normal,95
GTF000629,C00006,2025-06-04,5,Off-Peak,87
GTF000630,C00003,2025-06-09,4,Off-Peak,73
GTF000631,C00033,2025-06-26,4,Peak,82
GTF000632,C00067,2025-06-23,6,Normal,82
GTF000633,C00007,2025-06-02,5,Normal,80
GTF000634,C00072,2025-06-27,6,Normal,84
GTF000635,C00021,2025-06-28,4,Peak,75
GTF000636,C00075,2025-06-09,5,Normal,87
GTF000637,C00020,2025-06-12,2,Peak,76
GTF000638,C00020,2025-06-21,5,Normal,89
GTF000639,C00082,2025-06-06,4,Off-Peak,82
GTF000640,C00065,2025-06-22,2,Peak,94
GTF000641,C00006,2025-06-15,6,Normal,80
GTF000642,C00010,2025-06-20,5,Peak,75
GTF000643,C00015,2025-06-05,2,Peak,88
GTF000644,C00086,2025-06-05,1,Normal,73
GTF000645,C00092,2025-06-01,7,Normal,94
GTF000646,C00093,2025-06-03,3,Peak,92
GTF000647,C00026,2025-06-26,10,Normal,83
GTF000648,C00050,2025-06-24,3,Peak,74
GTF000649,C00050,2025-06-15,5,Normal,81
GTF000650,C00073,2025-06-08,5,Normal,88
GTF000651,C00038,2025-06-22,6,Peak,77
GTF000652,C00025,2025-06-10,9,Peak,70
GTF000653,C00078,2025-06-30,2,Normal,92
GTF000654,C00067,2025-06-08,3,Normal,71
GTF000655,C00038,2025-06-19,6,Peak,86
GTF000656,C00027,2025-06-21,8,Peak,85
GTF000657,C00091,2025-06-04,5,Off-Peak,70
GTF000658,C00014,2025-06-27,5,Normal,81
GTF000659,C00061,2025-06-03,2,Normal,73
GTF000660,C00012,2025-06-15,4,Off-Peak,71
GTF000661,C00025,2025-06-17,6,Normal,90
GTF000662,C00085,2025-06-09,4,Normal,92
GTF000663,C00009,2025-06-11,5,Normal,72
GTF000664,C00062,2025-06-26,5,Normal,91
GTF000665,C00047,2025-06-01,3,Normal,88
GTF000666,C00016,2025-06-25,5,Off-Peak,82
GTF000667,C00052,2025-06-20,6,Normal,86
GTF000668,C00048,2025-06-05,5,Normal,93
GTF000669,C00005,2025-06-27,6,Normal,91
GTF000670,C00022,2025-06-06,4,Normal,71
GTF000671,C00066,2025-06-23,4,Off-Peak,88
GTF000672,C00048,2025-06-19,6,Normal,88
GTF000673,C00023,2025-06-22,4,Normal,82
GTF000674,C00074,2025-06-12,5,Normal,78
GTF000675,C00054,2025-06-04,7,Off-Peak,80
GTF000676,C00050,2025-06-02,3,Peak,91
GTF000677,C00053,2025-06-23,5,Normal,73
GTF000678,C00061,2025-06-16,3,Off-Peak,94
GTF000679,C00079,2025-06-14,4,Off-Peak,95
GTF000680,C00042,2025-06-12,8,Normal,74
GTF000681,C00059,2025-06-28,9,Normal,80
GTF000682,C00042,2025-06-09,7,Peak,77
GTF000683,C00041,2025-06-23,8,Normal,71
GTF000684,C00050,2025-06-27,5,Off-Peak,81
GTF000685,C00039,2025-06-07,6,Peak,77
GTF000686,C00016,2025-06-22,7,Normal,76
GTF000687,C00016,2025-06-16,7,Normal,83
GTF000688,C00083,2025-06-09,7,Normal,79
GTF000689,C00066,2025-06-13,7,Peak,84
GTF000690,C00083,2025-06-10,4,Normal,95
GTF000691,C00055,2025-06-27,7,Peak,79
GTF000692,C00020,2025-06-17,4,Peak,84
GTF000693,C00051,2025-06-23,6,Off-Peak,79
GTF000694,C00076,2025-06-11,4,Peak,79
GTF000695,C00046,2025-06-30,5,Peak,88
GTF000696,C00079,2025-06-01,5,Off-Peak,76
GTF000697,C00099,2025-06-24,5,Off-Peak,75
GTF000698,C00077,2025-06-24,7,Normal,78
GTF000699,C00045,2025-06-11,6,Peak,72
GTF000700,C00052,2025-06-18,5,Off-Peak,91
GTF000701,C00006,2025-06-04,3,Off-Peak,79
GTF000702,C00069,2025-06-25,6,Normal,83
GTF000703,C00073,2025-06-15,5,Off-Peak,87
GTF000704,C00073,2025-06-11,7,Normal,89
GTF000705,C00042,2025-06-23,3,Normal,91
GTF000706,C00094,2025-06-02,1,Peak,94
GTF000707,C00020,2025-06-06,6,Off-Peak,72
GTF000708,C00040,2025-06-04,9,Off-Peak,76
GTF000709,C00021,2025-06-26,5,Normal,85
GTF000710,C00052,2025-06-29,7,Normal,87
GTF000711,C00029,2025-06-14,4,Normal,90
GTF000712,C00100,2025-06-24,4,Normal,94
GTF000713,C00029,2025-06-25,4,Peak,79
GTF000714,C00002,2025-06-08,5,Normal,72
GTF000715,C00064,2025-06-15,6,Normal,91
GTF000716,C00057,2025-06-03,4,Normal,84
GTF000717,C00072,2025-06-05,5,Off-Peak,94
GTF000718,C00032,2025-06-21,5,Normal,72
GTF000719,C00047,2025-06-30,6,Off-Peak,73
GTF000720,C00087,2025-06-19,5,Peak,90
GTF000721,C00086,2025-06-04,3,Normal,71
GTF000722,C00043,2025-06-22,1,Off-Peak,76
GTF000723,C00019,2025-06-21,8,Normal,75
GTF000724,C00079,2025-06-26,4,Peak,79
GTF000725,C00048,2025-06-03,5,Normal,72
GTF000726,C00034,2025-06-23,5,Normal,82
GTF000727,C00050,2025-06-12,5,Normal,89
GTF000728,C00001,2025-06-14,2,Peak,70
GTF000729,C00090,2025-06-06,1,Normal,78
GTF000730,C00072,2025-06-08,4,Normal,88
GTF000731,C00055,2025-06-03,8,Normal,95
GTF000732,C00093,2025-06-08,2,Off-Peak,70
GTF000733,C00030,2025-06-21,11,Normal,89
GTF000734,C00087,2025-06-01,6,Normal,80
GTF000735,C00067,2025-06-27,7,Off-Peak,92
GTF000736,C00032,2025-06-03,2,Normal,71
GTF000737,C00066,2025-06-22,4,Off-Peak,83
GTF000738,C00065,2025-06-15,7,Off-Peak,86
GTF000739,C00100,2025-06-02,6,Normal,76
GTF000740,C00092,2025-06-03,5,Peak,78
GTF000741,C00047,2025-06-23,3,Normal,72
GTF000742,C00096,2025-06-06,9,Peak,92
GTF000743,C00016,2025-06-30,5,Off-Peak,83
GTF000744,C00043,2025-06-02,6,Normal,93
GTF000745,C00043,2025-06-14,8,Off-Peak,90
GTF000746,C00042,2025-06-06,6,Normal,81
GTF000747,C00024,2025-06-29,6,Peak,85
GTF000748,C00056,2025-06-30,5,Normal,71
GTF000749,C00074,2025-06-08,4,Normal,94
GTF000750,C00079,2025-06-20,3,Normal,70
GTF000751,C00038,2025-06-13,7,Normal,95
GTF000752,C00026,2025-06-26,4,Normal,74
GTF000753,C00031,2025-06-16,4,Normal,89
GTF000754,C00021,2025-06-15,6,Normal,87
GTF000755,C00022,2025-06-19,4,Normal,82
GTF000756,C00021,2025-06-25,7,Peak,80
GTF000757,C00030,2025-06-18,9,Peak,94
GTF000758,C00004,2025-06-18,7,Peak,86
GTF000759,C00027,2025-06-16,6,Normal,75
GTF000760,C00031,2025-06-27,8,Peak,76
GTF000761,C00044,2025-06-08,7,Normal,91
GTF000762,C00014,2025-06-22,3,Normal,90
GTF000763,C00079,2025-06-30,3,Normal,71
GTF000764,C00042,2025-06-16,4,Normal,91
GTF000765,C00015,2025-06-04,3,Normal,88
GTF000766,C00023,2025-06-25,6,Normal,87
GTF000767,C00051,2025-06-26,5,Off-Peak,94
GTF000768,C00041,2025-06-04,5,Off-Peak,82
GTF000769,C00080,2025-06-10,1,Peak,80
GTF000770,C00039,2025-06-08,8,Off-Peak,83
GTF000771,C00029,2025-06-24,2,Off-Peak,93
GTF000772,C00024,2025-06-23,5,Normal,86
GTF000773,C00069,2025-06-10,4,Off-Peak,74
GTF000774,C00080,2025-06-08,5,Normal,86
GTF000775,C00016,2025-06-26,8,Normal,77
GTF000776,C00044,2025-06-07,7,Peak,88
GTF000777,C00078,2025-06-27,8,Normal,74
GTF000778,C00030,2025-06-05,6,Off-Peak,85
GTF000779,C00052,2025-06-20,10,Off-Peak,78
GTF000780,C00051,2025-06-25,3,Normal,86
GTF000781,C00073,2025-06-07,5,Normal,79
GTF000782,C00072,2025-06-07,3,Normal,85
GTF000783,C00039,2025-06-03,3,Normal,87
GTF000784,C00011,2025-06-10,4,Normal,83
GTF000785,C00004,2025-06-04,3,Peak,71
GTF000786,C00086,2025-06-23,2,Off-Peak,91
GTF000787,C00049,2025-06-10,8,Off-Peak,77
GTF000788,C00081,2025-06-14,6,Normal,87
GTF000789,C00024,2025-06-05,5,Normal,89
GTF000790,C00097,2025-06-28,3,Normal,75
GTF000791,C00062,2025-06-11,6,Off-Peak,76
GTF000792,C00073,2025-06-05,8,Normal,79
GTF000793,C00027,2025-06-23,5,Normal,75
GTF000794,C00069,2025-06-30,6,Normal,94
GTF000795,C00012,2025-06-02,2,Off-Peak,91
GTF000796,C00083,2025-06-17,3,Off-Peak,81
GTF000797,C00043,2025-06-23,7,Peak,87
GTF000798,C00039,2025-06-28,2,Normal,73
GTF000799,C00015,2025-06-10,3,Peak,78
GTF000800,C00004,2025-06-09,2,Normal,86
GTF000801,C00088,2025-06-26,5,Normal,92
GTF000802,C00010,2025-06-20,6,Normal,88
GTF000803,C00051,2025-06-11,4,Normal,94
GTF000804,C00056,2025-06-19,1,Normal,88
GTF000805,C00003,2025-06-30,1,Normal,70
GTF000806,C00015,2025-06-14,3,Normal,94
GTF000807,C00009,2025-06-15,4,Normal,84
GTF000808,C00097,2025-06-29,9,Off-Peak,80
GTF000809,C00059,2025-06-30,4,Normal,82
GTF000810,C00004,2025-06-25,1,Normal,95
GTF000811,C00015,2025-06-01,4,Peak,72
GTF000812,C00092,2025-06-09,6,Normal,71
GTF000813,C00093,2025-06-20,6,Normal,73
GTF000814,C00068,2025-06-13,2,Normal,84
GTF000815,C00040,2025-06-11,4,Normal,84
GTF000816,C00051,2025-06-15,5,Normal,93
GTF000817,C00014,2025-06-21,6,Normal,74
GTF000818,C00045,2025-06-08,3,Off-Peak,75
GTF000819,C00030,2025-06-10,5,Peak,95
GTF000820,C00035,2025-06-06,7,Off-Peak,87
GTF000821,C00095,2025-06-01,7,Normal,94
GTF000822,C00037,2025-06-29,6,Normal,82
GTF000823,C00067,2025-06-10,6,Off-Peak,72
GTF000824,C00084,2025-06-22,5,Normal,86
GTF000825,C00084,2025-06-07,4,Peak,70
GTF000826,C00003,2025-06-21,2,Peak,91
GTF000827,C00044,2025-06-29,8,Normal,73
GTF000828,C00069,2025-06-17,7,Normal,90
GTF000829,C00081,2025-06-18,4,Normal,77
GTF000830,C00100,2025-06-17,8,Normal,78
GTF000831,C00078,2025-06-12,6,Normal,74
GTF000832,C00069,2025-06-04,9,Normal,70
GTF000833,C00068,2025-06-19,4,Normal,93
GTF000834,C00093,2025-06-12,5,Normal,88
GTF000835,C00021,2025-06-23,7,Normal,93
GTF000836,C00012,2025-06-19,5,Off-Peak,73
GTF000837,C00022,2025-06-27,3,Normal,81
GTF000838,C00016,2025-06-25,7,Peak,77
GTF000839,C00002,2025-06-14,6,Normal,90
GTF000840,C00026,2025-06-02,2,Normal,77
GTF000841,C00035,2025-06-10,9,Normal,94
GTF000842,C00037,2025-06-09,5,Normal,81
GTF000843,C00015,2025-06-29,3,Peak,72
GTF000844,C00071,2025-06-09,6,Normal,79
GTF000845,C00025,2025-06-10,7,Normal,84
GTF000846,C00057,2025-06-08,7,Peak,77
GTF000847,C00089,2025-06-14,1,Normal,73
GTF000848,C00094,2025-06-17,3,Off-Peak,91
GTF000849,C00006,2025-06-17,5,Off-Peak,76
GTF000850,C00083,2025-06-03,4,Normal,73
GTF000851,C00044,2025-06-17,4,Normal,85
GTF000852,C00052,2025-06-14,4,Peak,71
GTF000853,C00033,2025-06-05,5,Off-Peak,92
GTF000854,C00086,2025-06-21,4,Normal,85
GTF000855,C00018,2025-06-03,6,Normal,87
GTF000856,C00061,2025-06-18,4,Normal,83
GTF000857,C00030,2025-06-03,1,Normal,82
GTF000858,C00082,2025-06-16,5,Normal,76
GTF000859,C00041,2025-06-28,6,Off-Peak,91
GTF000860,C00051,2025-06-24,6,Off-Peak,81
GTF000861,C00005,2025-06-10,6,Normal,85
GTF000862,C00014,2025-06-11,3,Normal,79
GTF000863,C00077,2025-06-12,5,Peak,85
GTF000864,C00099,2025-06-28,8,Normal,79
GTF000865,C00034,2025-06-19,5,Off-Peak,76
GTF000866,C00070,2025-06-03,2,Peak,80
GTF000867,C00100,2025-06-27,4,Normal,73
GTF000868,C00010,2025-06-13,4,Normal,86
GTF000869,C00042,2025-06-18,3,Normal,80
GTF000870,C00097,2025-06-15,0,Off-Peak,78
GTF000871,C00065,2025-06-05,3,Peak,79
GTF000872,C00007,2025-06-23,6,Peak,71
GTF000873,C00008,2025-06-21,2,Normal,73
GTF000874,C00099,2025-06-27,6,Peak,73
GTF000875,C00043,2025-06-16,5,Normal,85
GTF000876,C00084,2025-06-19,4,Normal,83
GTF000877,C00025,2025-06-07,6,Off-Peak,94
GTF000878,C00027,2025-06-17,4,Normal,76
GTF000879,C00070,2025-06-03,9,Peak,91
GTF000880,C00020,2025-06-21,5,Normal,80
GTF000881,C00039,2025-06-11,6,Peak,72
GTF000882,C00009,2025-06-16,4,Peak,91
GTF000883,C00071,2025-06-12,7,Normal,78
GTF000884,C00024,2025-06-30,3,Off-Peak,92
GTF000885,C00073,2025-06-05,5,Normal,83
GTF000886,C00087,2025-06-03,6,Off-Peak,76
GTF000887,C00017,2025-06-16,4,Normal,73
GTF000888,C00046,2025-06-16,2,Normal,75
GTF000889,C00079,2025-06-06,4,Normal,84
GTF000890,C00089,2025-06-18,6,Peak,94
GTF000891,C00004,2025-06-05,1,Off-Peak,78
GTF000892,C00040,2025-06-25,4,Normal,79
GTF000893,C00013,2025-06-15,2,Off-Peak,93
GTF000894,C00069,2025-06-10,5,Peak,78
GTF000895,C00003,2025-06-22,4,Normal,95
GTF000896,C00094,2025-06-02,6,Normal,76
GTF000897,C00084,2025-06-01,6,Normal,94
GTF000898,C00031,2025-06-30,3,Off-Peak,75
GTF000899,C00042,2025-06-24,2,Off-Peak,78
GTF000900,C00040,2025-06-14,6,Normal,83
GTF000901,C00067,2025-06-04,5,Off-Peak,74
GTF000902,C00086,2025-06-18,4,Normal,86
GTF000903,C00048,2025-06-18,2,Normal,85
GTF000904,C00053,2025-06-07,0,Normal,87
GTF000905,C00062,2025-06-15,2,Normal,71
GTF000906,C00094,2025-06-12,2,Peak,78
GTF000907,C00022,2025-06-22,2,Normal,95
GTF000908,C00054,2025-06-30,6,Normal,76
GTF000909,C00076,2025-06-26,4,Peak,86
GTF000910,C00072,2025-06-17,5,Off-Peak,84
GTF000911,C00024,2025-06-13,2,Normal,86
GTF000912,C00079,2025-06-25,9,Normal,90
GTF000913,C00034,2025-06-07,1,Peak,88
GTF000914,C00016,2025-06-02,6,Normal,76
GTF000915,C00098,2025-06-23,7,Off-Peak,81
GTF000916,C00043,2025-06-19,7,Normal,90
GTF000917,C00082,2025-06-04,5,Normal,72
GTF000918,C00058,2025-06-24,5,Normal,73
GTF000919,C00041,2025-06-09,3,Normal,94
GTF000920,C00025,2025-06-16,2,Peak,89
GTF000921,C00021,2025-06-13,5,Off-Peak,74
GTF000922,C00014,2025-06-26,4,Off-Peak,91
GTF000923,C00079,2025-06-22,7,Normal,76
GTF000924,C00031,2025-06-10,1,Normal,88
GTF000925,C00044,2025-06-07,6,Peak,91
GTF000926,C00022,2025-06-30,9,Normal,79
GTF000927,C00077,2025-06-07,8,Off-Peak,70
GTF000928,C00026,2025-06-10,2,Normal,76
GTF000929,C00031,2025-06-14,3,Peak,72
GTF000930,C00028,2025-06-13,8,Peak,92
GTF000931,C00047,2025-06-15,4,Off-Peak,71
GTF000932,C00093,2025-06-10,5,Normal,78
GTF000933,C00027,2025-06-24,7,Normal,73
GTF000934,C00063,2025-06-28,3,Peak,89
GTF000935,C00030,2025-06-15,9,Peak,74
GTF000936,C00077,2025-06-13,3,Normal,93
GTF000937,C00097,2025-06-18,8,Off-Peak,84
GTF000938,C00074,2025-06-07,7,Normal,83
GTF000939,C00069,2025-06-09,4,Normal,77
GTF000940,C00011,2025-06-03,3,Normal,88
GTF000941,C00049,2025-06-01,4,Off-Peak,93
GTF000942,C00016,2025-06-02,9,Normal,92
GTF000943,C00055,2025-06-05,3,Peak,82
GTF000944,C00089,2025-06-25,3,Peak,72
GTF000945,C00069,2025-06-14,2,Off-Peak,81
GTF000946,C00030,2025-06-15,5,Normal,89
GTF000947,C00017,2025-06-16,2,Peak,94
GTF000948,C00082,2025-06-07,4,Off-Peak,76
GTF000949,C00100,2025-06-14,6,Normal,94
GTF000950,C00077,2025-06-04,6,Off-Peak,82
GTF000951,C00091,2025-06-18,5,Peak,79
GTF000952,C00098,2025-06-07,5,Peak,89
GTF000953,C00090,2025-06-01,3,Normal,87
GTF000954,C00077,2025-06-26,9,Normal,90
GTF000955,C00065,2025-06-06,3,Normal,84
GTF000956,C00027,2025-06-19,5,Off-Peak,85
GTF000957,C00091,2025-06-21,1,Normal,75
GTF000958,C00073,2025-06-20,11,Normal,89
GTF000959,C00059,2025-06-08,2,Normal,86
GTF000960,C00071,2025-06-11,3,Off-Peak,81
GTF000961,C00063,2025-06-10,5,Peak,73
GTF000962,C00040,2025-06-25,4,Normal,90
GTF000963,C00039,2025-06-06,6,Normal,72
GTF000964,C00077,2025-06-01,10,Normal,89
GTF000965,C00046,2025-06-02,4,Normal,81
GTF000966,C00060,2025-06-15,3,Off-Peak,77
GTF000967,C00007,2025-06-19,9,Normal,85
GTF000968,C00029,2025-06-05,7,Normal,70
GTF000969,C00058,2025-06-21,6,Normal,76
GTF000970,C00044,2025-06-16,4,Normal,70
GTF000971,C00071,2025-06-12,7,Normal,76
GTF000972,C00057,2025-06-30,3,Normal,70
GTF000973,C00051,2025-06-15,9,Off-Peak,80
GTF000974,C00037,2025-06-26,8,Off-Peak,73
GTF000975,C00085,2025-06-20,4,Peak,85
GTF000976,C00070,2025-06-29,3,Normal,80
GTF000977,C00085,2025-06-24,8,Peak,72
GTF000978,C00087,2025-06-26,1,Off-Peak,90
GTF000979,C00021,2025-06-07,10,Normal,72
GTF000980,C00024,2025-06-25,5,Normal,91
GTF000981,C00066,2025-06-13,2,Normal,90
GTF000982,C00063,2025-06-21,4,Normal,89
GTF000983,C00066,2025-06-09,3,Peak,90
GTF000984,C00040,2025-06-19,3,Peak,80
GTF000985,C00005,2025-06-29,11,Normal,85
GTF000986,C00100,2025-06-21,0,Normal,71
GTF000987,C00086,2025-06-22,7,Normal,80
GTF000988,C00082,2025-06-02,6,Normal,81
GTF000989,C00094,2025-06-19,8,Off-Peak,82
GTF000990,C00057,2025-06-09,4,Normal,73
GTF000991,C00021,2025-06-15,5,Normal,86
GTF000992,C00036,2025-06-22,6,Normal,75
GTF000993,C00085,2025-06-21,6,Off-Peak,92
GTF000994,C00024,2025-06-23,4,Normal,95
GTF000995,C00099,2025-06-01,3,Normal,95
GTF000996,C00097,2025-06-01,5,Normal,76
GTF000997,C00036,2025-06-13,9,Off-Peak,78
GTF000998,C00074,2025-06-18,10,Normal,90
GTF000999,C00025,2025-06-16,3,Normal,80
GTF001000,C00046,2025-06-25,7,Normal,92
GTF001001,C00080,2025-06-09,6,Normal,71
GTF001002,C00052,2025-06-18,1,Peak,70
GTF001003,C00020,2025-06-07,4,Off-Peak,92
GTF001004,C00013,2025-06-14,7,Normal,91
GTF001005,C00043,2025-06-16,6,Normal,82
GTF001006,C00064,2025-06-18,4,Normal,79
GTF001007,C00013,2025-06-28,4,Off-Peak,83
GTF001008,C00031,2025-06-04,5,Peak,89
GTF001009,C00070,2025-06-20,7,Normal,93
GTF001010,C00010,2025-06-01,3,Normal,85
GTF001011,C00041,2025-06-08,4,Normal,70
GTF001012,C00023,2025-06-09,7,Off-Peak,90
GTF001013,C00008,2025-06-28,6,Off-Peak,84
GTF001014,C00033,2025-06-14,2,Normal,84
GTF001015,C00091,2025-06-24,5,Normal,83
GTF001016,C00050,2025-06-15,6,Off-Peak,92
GTF001017,C00040,2025-06-08,5,Normal,84
GTF001018,C00011,2025-06-17,9,Normal,78
GTF001019,C00090,2025-06-28,9,Normal,78
GTF001020,C00034,2025-06-21,5,Normal,84
GTF001021,C00060,2025-06-20,4,Peak,89
GTF001022,C00036,2025-06-30,3,Normal,92
GTF001023,C00056,2025-06-12,5,Normal,84
GTF001024,C00026,2025-06-30,5,Off-Peak,92
GTF001025,C00070,2025-06-25,2,Normal,81
GTF001026,C00053,2025-06-11,7,Normal,82
GTF001027,C00079,2025-06-04,6,Off-Peak,83
GTF001028,C00085,2025-06-11,1,Normal,82
GTF001029,C00015,2025-06-14,5,Normal,78
GTF001030,C00048,2025-06-29,6,Peak,82
GTF001031,C00054,2025-06-21,4,Normal,83
GTF001032,C00037,2025-06-18,7,Normal,92
GTF001033,C00006,2025-06-22,6,Normal,82
GTF001034,C00017,2025-06-03,10,Normal,87
GTF001035,C00029,2025-06-02,4,Normal,81
GTF001036,C00005,2025-06-03,9,Peak,75
GTF001037,C00073,2025-06-05,4,Peak,91
GTF001038,C00041,2025-06-16,4,Off-Peak,83
GTF001039,C00096,2025-06-20,8,Off-Peak,75
GTF001040,C00027,2025-06-01,7,Off-Peak,76
GTF001041,C00033,2025-06-28,3,Normal,73
GTF001042,C00070,2025-06-11,7,Peak,71
GTF001043,C00019,2025-06-07,5,Off-Peak,87
GTF001044,C00028,2025-06-15,6,Peak,70
GTF001045,C00067,2025-06-15,3,Off-Peak,83
GTF001046,C00068,2025-06-09,6,Normal,80
GTF001047,C00059,2025-06-26,3,Off-Peak,84
GTF001048,C00032,2025-06-01,6,Off-Peak,79
GTF001049,C00068,2025-06-05,2,Off-Peak,85
GTF001050,C00071,2025-06-30,4,Normal,72
GTF001051,C00059,2025-06-18,5,Normal,77
GTF001052,C00097,2025-06-14,6,Peak,74
GTF001053,C00057,2025-06-16,9,Normal,95
GTF001054,C00059,2025-06-13,7,Normal,93
GTF001055,C00085,2025-06-06,7,Normal,76
GTF001056,C00094,2025-06-01,5,Normal,75
GTF001057,C00055,2025-06-22,2,Peak,92
GTF001058,C00099,2025-06-09,3,Normal,91
GTF001059,C00095,2025-06-22,3,Normal,78
GTF001060,C00086,2025-06-06,5,Normal,89
GTF001061,C00039,2025-06-25,3,Normal,93
GTF001062,C00016,2025-06-01,6,Normal,79
GTF001063,C00088,2025-06-07,2,Normal,85
GTF001064,C00022,2025-06-12,4,Normal,82
GTF001065,C00012,2025-06-28,2,Normal,87
GTF001066,C00009,2025-06-16,4,Off-Peak,77
GTF001067,C00056,2025-06-14,5,Off-Peak,91
GTF001068,C00005,2025-06-07,7,Off-Peak,85
GTF001069,C00013,2025-06-01,1,Normal,75
GTF001070,C00022,2025-06-02,9,Normal,89
GTF001071,C00028,2025-06-22,8,Normal,73
GTF001072,C00009,2025-06-15,4,Normal,75
GTF001073,C00034,2025-06-27,5,Normal,70
GTF001074,C00019,2025-06-27,6,Normal,95
GTF001075,C00075,2025-06-26,4,Peak,89
GTF001076,C00092,2025-06-17,7,Off-Peak,82
GTF001077,C00022,2025-06-28,7,Peak,82
GTF001078,C00074,2025-06-16,2,Peak,87
GTF001079,C00014,2025-06-29,5,Normal,85
GTF001080,C00027,2025-06-10,5,Normal,80
GTF001081,C00017,2025-06-29,6,Off-Peak,86
GTF001082,C00008,2025-06-12,2,Off-Peak,79
GTF001083,C00006,2025-06-12,7,Peak,77
GTF001084,C00020,2025-06-22,7,Normal,84
GTF001085,C00024,2025-06-27,10,Normal,95
GTF001086,C00074,2025-06-23,5,Peak,93
GTF001087,C00015,2025-06-02,4,Normal,84
GTF001088,C00096,2025-06-11,6,Off-Peak,90
GTF001089,C00030,2025-06-13,1,Normal,83
GTF001090,C00060,2025-06-14,3,Normal,74
GTF001091,C00037,2025-06-21,8,Peak,74
GTF001092,C00093,2025-06-22,6,Normal,71
GTF001093,C00033,2025-06-09,7,Off-Peak,92
GTF001094,C00094,2025-06-22,5,Off-Peak,89
GTF001095,C00054,2025-06-13,5,Off-Peak,83
GTF001096,C00014,2025-06-19,5,Off-Peak,84
GTF001097,C00048,2025-06-20,2,Off-Peak,95
GTF001098,C00005,2025-06-14,2,Off-Peak,84
GTF001099,C00061,2025-06-08,3,Normal,76
GTF001100,C00076,2025-06-22,7,Off-Peak,74
GTF001101,C00082,2025-06-17,7,Normal,76
GTF001102,C00055,2025-06-19,0,Normal,71
GTF001103,C00079,2025-06-22,5,Normal,86
GTF001104,C00036,2025-06-09,1,Normal,74
GTF001105,C00033,2025-06-03,5,Peak,83
GTF001106,C00088,2025-06-09,8,Peak,83
GTF001107,C00028,2025-06-09,6,Normal,73
GTF001108,C00035,2025-06-06,4,Normal,71
GTF001109,C00087,2025-06-10,8,Off-Peak,85
GTF001110,C00038,2025-06-19,7,Peak,92
GTF001111,C00077,2025-06-20,4,Normal,78
GTF001112,C00031,2025-06-22,3,Normal,79
GTF001113,C00062,2025-06-24,4,Normal,95
GTF001114,C00012,2025-06-21,3,Off-Peak,71
GTF001115,C00006,2025-06-03,4,Off-Peak,91
GTF001116,C00007,2025-06-23,5,Off-Peak,92
GTF001117,C00035,2025-06-03,3,Off-Peak,94
GTF001118,C00044,2025-06-28,5,Off-Peak,93
GTF001119,C00021,2025-06-08,7,Off-Peak,76
GTF001120,C00052,2025-06-25,9,Off-Peak,80
GTF001121,C00095,2025-06-02,6,Peak,91
GTF001122,C00017,2025-06-22,2,Normal,82
GTF001123,C00091,2025-06-04,5,Peak,93
GTF001124,C00047,2025-06-11,10,Peak,84
GTF001125,C00002,2025-06-28,7,Normal,82
GTF001126,C00077,2025-06-30,1,Normal,88
GTF001127,C00030,2025-06-14,9,Normal,74
GTF001128,C00080,2025-06-29,2,Normal,79
GTF001129,C00002,2025-06-18,5,Normal,75
GTF001130,C00021,2025-06-29,6,Normal,70
GTF001131,C00092,2025-06-19,0,Normal,78
GTF001132,C00022,2025-06-10,7,Normal,91
GTF001133,C00062,2025-06-29,3,Off-Peak,91
GTF001134,C00045,2025-06-05,6,Normal,91
GTF001135,C00031,2025-06-10,5,Peak,85
GTF001136,C00089,2025-06-21,8,Off-Peak,87
GTF001137,C00006,2025-06-26,5,Normal,81
GTF001138,C00056,2025-06-11,3,Off-Peak,73
GTF001139,C00075,2025-06-05,11,Normal,88
GTF001140,C00058,2025-06-20,4,Off-Peak,80
GTF001141,C00052,2025-06-26,3,Peak,71
GTF001142,C00046,2025-06-09,6,Normal,95
GTF001143,C00086,2025-06-25,8,Peak,82
GTF001144,C00091,2025-06-10,3,Normal,86
GTF001145,C00044,2025-06-13,3,Normal,75
GTF001146,C00089,2025-06-12,7,Normal,72
GTF001147,C00026,2025-06-03,6,Off-Peak,72
GTF001148,C00067,2025-06-23,7,Normal,91
GTF001149,C00049,2025-06-26,8,Normal,91
GTF001150,C00037,2025-06-01,7,Off-Peak,95
GTF001151,C00089,2025-06-09,4,Off-Peak,84
GTF001152,C00010,2025-06-27,6,Peak,72
GTF001153,C00069,2025-06-29,6,Peak,76
GTF001154,C00036,2025-06-12,4,Off-Peak,91
GTF001155,C00027,2025-06-15,6,Normal,85
GTF001156,C00100,2025-06-06,5,Normal,74
GTF001157,C00096,2025-06-10,6,Peak,79
GTF001158,C00010,2025-06-05,4,Normal,78
GTF001159,C00058,2025-06-24,5,Normal,92
GTF001160,C00053,2025-06-21,11,Off-Peak,85
GTF001161,C00029,2025-06-24,4,Off-Peak,76
GTF001162,C00031,2025-06-26,4,Normal,84
GTF001163,C00098,2025-06-15,4,Peak,85
GTF001164,C00006,2025-06-04,5,Off-Peak,71
GTF001165,C00065,2025-06-24,1,Off-Peak,72
GTF001166,C00028,2025-06-30,1,Off-Peak,90
GTF001167,C00003,2025-06-18,5,Normal,74
GTF001168,C00064,2025-06-07,2,Off-Peak,95
GTF001169,C00093,2025-06-30,2,Off-Peak,82
GTF001170,C00073,2025-06-29,4,Normal,78
GTF001171,C00052,2025-06-16,4,Normal,81
GTF001172,C00077,2025-06-04,3,Off-Peak,86
GTF001173,C00023,2025-06-29,5,Normal,92
GTF001174,C00040,2025-06-02,7,Off-Peak,78
GTF001175,C00075,2025-06-30,5,Peak,83
GTF001176,C00047,2025-06-30,2,Normal,82
GTF001177,C00038,2025-06-15,0,Normal,80
GTF001178,C00047,2025-06-07,1,Off-Peak,73
GTF001179,C00092,2025-06-13,6,Normal,87
GTF001180,C00065,2025-06-28,5,Normal,75
GTF001181,C00019,2025-06-06,10,Peak,80
GTF001182,C00087,2025-06-02,7,Normal,78
GTF001183,C00080,2025-06-16,8,Normal,76
GTF001184,C00006,2025-06-10,4,Normal,86
GTF001185,C00067,2025-06-08,5,Normal,77
GTF001186,C00036,2025-06-30,7,Normal,91
GTF001187,C00077,2025-06-28,9,Normal,91
GTF001188,C00007,2025-06-26,7,Peak,94
GTF001189,C00002,2025-06-11,3,Normal,88
GTF001190,C00019,2025-06-23,4,Peak,71
GTF001191,C00013,2025-06-11,2,Normal,80
GTF001192,C00038,2025-06-10,1,Normal,90
GTF001193,C00080,2025-06-07,7,Normal,85
GTF001194,C00079,2025-06-08,4,Peak,77
GTF001195,C00021,2025-06-06,7,Normal,87
GTF001196,C00099,2025-06-16,5,Off-Peak,76
GTF001197,C00044,2025-06-23,5,Normal,82
GTF001198,C00008,2025-06-06,7,Normal,78
GTF001199,C00033,2025-06-14,9,Off-Peak,86
GTF001200,C00053,2025-06-27,7,Normal,74
GTF001201,C00026,2025-06-27,2,Off-Peak,95
GTF001202,C00017,2025-06-30,2,Off-Peak,74
GTF001203,C00027,2025-06-01,3,Normal,91
GTF001204,C00088,2025-06-29,5,Normal,75
GTF001205,C00060,2025-06-08,6,Peak,93
GTF001206,C00048,2025-06-25,2,Normal,93
GTF001207,C00022,2025-06-23,11,Normal,93
GTF001208,C00083,2025-06-25,5,Off-Peak,77
GTF001209,C00080,2025-06-08,3,Normal,73
GTF001210,C00046,2025-06-23,3,Peak,86
GTF001211,C00057,2025-06-14,5,Off-Peak,81
GTF001212,C00016,2025-06-24,6,Off-Peak,83
GTF001213,C00078,2025-06-30,6,Off-Peak,81
GTF001214,C00090,2025-06-07,8,Off-Peak,93
GTF001215,C00056,2025-06-25,2,Normal,93
GTF001216,C00061,2025-06-26,9,Normal,93
GTF001217,C00033,2025-06-25,6,Off-Peak,73
GTF001218,C00086,2025-06-15,8,Off-Peak,94
GTF001219,C00038,2025-06-01,7,Normal,71
GTF001220,C00048,2025-06-02,7,Normal,70
GTF001221,C00002,2025-06-03,1,Peak,75
GTF001222,C00079,2025-06-01,7,Off-Peak,83
GTF001223,C00074,2025-06-14,7,Normal,73
GTF001224,C00028,2025-06-29,4,Normal,79
GTF001225,C00093,2025-06-05,5,Off-Peak,72
GTF001226,C00015,2025-06-29,5,Normal,93
GTF001227,C00052,2025-06-10,1,Normal,82
GTF001228,C00068,2025-06-17,4,Normal,73
GTF001229,C00004,2025-06-14,9,Off-Peak,76
GTF001230,C00066,2025-06-21,4,Peak,78
GTF001231,C00052,2025-06-24,3,Peak,72
GTF001232,C00015,2025-06-29,4,Normal,84
GTF001233,C00048,2025-06-20,7,Normal,78
GTF001234,C00022,2025-06-07,2,Normal,84
GTF001235,C00040,2025-06-17,6,Normal,77
GTF001236,C00006,2025-06-13,5,Normal,85
GTF001237,C00094,2025-06-28,4,Peak,83
GTF001238,C00037,2025-06-16,4,Normal,90
GTF001239,C00069,2025-06-29,6,Peak,84
GTF001240,C00030,2025-06-24,3,Peak,73
GTF001241,C00040,2025-06-18,5,Peak,78
GTF001242,C00100,2025-06-02,6,Peak,95
GTF001243,C00090,2025-06-16,5,Peak,83
GTF001244,C00098,2025-06-24,5,Off-Peak,83
GTF001245,C00024,2025-06-19,5,Normal,76
GTF001246,C00083,2025-06-18,5,Normal,88
GTF001247,C00003,2025-06-15,3,Normal,70
GTF001248,C00054,2025-06-21,6,Normal,71
GTF001249,C00063,2025-06-19,3,Off-Peak,86
GTF001250,C00096,2025-06-01,5,Normal,80
GTF001251,C00022,2025-06-26,8,Normal,77
GTF001252,C00027,2025-06-21,7,Off-Peak,81
GTF001253,C00036,2025-06-16,4,Normal,71
GTF001254,C00089,2025-06-03,7,Normal,76
GTF001255,C00006,2025-06-27,7,Off-Peak,82
GTF001256,C00072,2025-06-04,7,Normal,94
GTF001257,C00010,2025-06-04,8,Normal,86
GTF001258,C00065,2025-06-20,3,Off-Peak,75
GTF001259,C00002,2025-06-16,3,Normal,75
GTF001260,C00071,2025-06-07,4,Normal,71
GTF001261,C00100,2025-06-14,7,Normal,71
GTF001262,C00035,2025-06-09,6,Normal,79
GTF001263,C00007,2025-06-03,5,Off-Peak,81
GTF001264,C00009,2025-06-23,6,Peak,80
GTF001265,C00045,2025-06-16,4,Normal,70
GTF001266,C00001,2025-06-14,6,Normal,83
GTF001267,C00040,2025-06-30,4,Normal,77
GTF001268,C00015,2025-06-24,7,Peak,83
GTF001269,C00022,2025-06-04,3,Normal,94
GTF001270,C00054,2025-06-13,4,Normal,71
GTF001271,C00090,2025-06-15,8,Normal,85
GTF001272,C00070,2025-06-02,3,Peak,71
GTF001273,C00012,2025-06-10,3,Off-Peak,85
GTF001274,C00025,2025-06-25,7,Normal,80
GTF001275,C00007,2025-06-16,5,Peak,86
GTF001276,C00025,2025-06-09,7,Normal,71
GTF001277,C00014,2025-06-14,8,Off-Peak,91
GTF001278,C00050,2025-06-15,4,Normal,95
GTF001279,C00030,2025-06-27,5,Peak,73
GTF001280,C00046,2025-06-22,5,Off-Peak,84
GTF001281,C00079,2025-06-01,3,Off-Peak,90
GTF001282,C00027,2025-06-20,4,Normal,82
GTF001283,C00059,2025-06-02,9,Normal,72
GTF001284,C00076,2025-06-03,4,Normal,89
GTF001285,C00014,2025-06-02,4,Normal,71
GTF001286,C00096,2025-06-13,3,Normal,74
GTF001287,C00058,2025-06-05,9,Peak,94
GTF001288,C00041,2025-06-08,6,Off-Peak,83
GTF001289,C00033,2025-06-14,4,Normal,95
GTF001290,C00070,2025-06-21,5,Peak,93
GTF001291,C00070,2025-06-25,2,Normal,88
GTF001292,C00058,2025-06-23,4,Normal,90
GTF001293,C00040,2025-06-01,3,Normal,84
GTF001294,C00010,2025-06-14,9,Normal,78
GTF001295,C00009,2025-06-04,6,Normal,79
GTF001296,C00076,2025-06-12,4,Normal,81
GTF001297,C00013,2025-06-21,2,Peak,85
GTF001298,C00011,2025-06-08,5,Normal,90
GTF001299,C00086,2025-06-22,6,Normal,89
GTF001300,C00053,2025-06-11,4,Off-Peak,94
GTF001301,C00096,2025-06-19,5,Normal,90
GTF001302,C00034,2025-06-11,4,Normal,82
GTF001303,C00006,2025-06-20,3,Normal,88
GTF001304,C00042,2025-06-23,1,Normal,81
GTF001305,C00021,2025-06-15,6,Normal,92
GTF001306,C00083,2025-06-02,3,Normal,93
GTF001307,C00051,2025-06-29,9,Peak,76
GTF001308,C00054,2025-06-27,7,Off-Peak,71
GTF001309,C00044,2025-06-03,4,Peak,87
GTF001310,C00047,2025-06-11,2,Peak,80
GTF001311,C00062,2025-06-09,4,Normal,74
GTF001312,C00065,2025-06-22,2,Peak,79
GTF001313,C00003,2025-06-03,6,Off-Peak,74
GTF001314,C00022,2025-06-03,5,Normal,94
GTF001315,C00089,2025-06-17,2,Off-Peak,77
GTF001316,C00023,2025-06-27,1,Normal,79
GTF001317,C00051,2025-06-28,2,Peak,70
GTF001318,C00010,2025-06-15,6,Normal,76
GTF001319,C00089,2025-06-08,2,Normal,81
GTF001320,C00038,2025-06-30,3,Normal,91
GTF001321,C00098,2025-06-29,5,Peak,81
GTF001322,C00076,2025-06-25,7,Peak,95
GTF001323,C00043,2025-06-23,9,Normal,74
GTF001324,C00071,2025-06-19,2,Normal,76
GTF001325,C00077,2025-06-13,3,Off-Peak,82
GTF001326,C00027,2025-06-17,6,Normal,95
GTF001327,C00027,2025-06-30,5,Off-Peak,85
GTF001328,C00036,2025-06-09,5,Peak,72
GTF001329,C00096,2025-06-01,6,Peak,88
GTF001330,C00025,2025-06-02,7,Normal,72
GTF001331,C00007,2025-06-09,3,Normal,73
GTF001332,C00066,2025-06-06,8,Peak,90
GTF001333,C00015,2025-06-03,10,Normal,85
GTF001334,C00048,2025-06-17,2,Off-Peak,74
GTF001335,C00067,2025-06-24,1,Peak,82
GTF001336,C00043,2025-06-30,7,Off-Peak,73
GTF001337,C00008,2025-06-11,6,Off-Peak,71
GTF001338,C00017,2025-06-10,9,Normal,95
GTF001339,C00004,2025-06-17,9,Normal,82
GTF001340,C00068,2025-06-02,2,Normal,77
GTF001341,C00089,2025-06-09,4,Normal,90
GTF001342,C00010,2025-06-02,4,Off-Peak,70
GTF001343,C00069,2025-06-12,4,Normal,75
GTF001344,C00059,2025-06-22,4,Normal,79
GTF001345,C00057,2025-06-06,7,Normal,75
GTF001346,C00024,2025-06-17,8,Peak,84
GTF001347,C00066,2025-06-25,11,Normal,70
GTF001348,C00016,2025-06-14,5,Normal,85
GTF001349,C00093,2025-06-30,1,Off-Peak,88
GTF001350,C00065,2025-06-01,6,Normal,73
GTF001351,C00098,2025-06-12,7,Peak,88
GTF001352,C00001,2025-06-09,5,Normal,80
GTF001353,C00014,2025-06-22,4,Normal,77
GTF001354,C00081,2025-06-01,4,Normal,88
GTF001355,C00078,2025-06-05,3,Normal,77
GTF001356,C00005,2025-06-22,2,Normal,81
GTF001357,C00029,2025-06-13,9,Off-Peak,87
GTF001358,C00041,2025-06-20,3,Off-Peak,74
GTF001359,C00094,2025-06-09,8,Peak,86
GTF001360,C00043,2025-06-29,3,Normal,94
GTF001361,C00073,2025-06-04,4,Normal,94
GTF001362,C00092,2025-06-20,5,Off-Peak,90
GTF001363,C00077,2025-06-16,8,Off-Peak,72
GTF001364,C00020,2025-06-28,1,Peak,79
GTF001365,C00081,2025-06-04,3,Normal,89
GTF001366,C00066,2025-06-25,2,Normal,89
GTF001367,C00027,2025-06-09,6,Normal,90
GTF001368,C00083,2025-06-12,3,Off-Peak,78
GTF001369,C00047,2025-06-16,3,Normal,84
GTF001370,C00071,2025-06-26,2,Normal,80
GTF001371,C00093,2025-06-18,6,Off-Peak,87
GTF001372,C00081,2025-06-18,2,Normal,80
GTF001373,C00098,2025-06-11,5,Off-Peak,74
GTF001374,C00071,2025-06-26,7,Peak,84
GTF001375,C00098,2025-06-15,4,Off-Peak,79
GTF001376,C00025,2025-06-02,2,Peak,72
GTF001377,C00067,2025-06-02,6,Normal,92
GTF001378,C00034,2025-06-13,7,Normal,85
GTF001379,C00070,2025-06-30,7,Normal,77
GTF001380,C00062,2025-06-20,3,Normal,72
GTF001381,C00005,2025-06-02,6,Normal,75
GTF001382,C00065,2025-06-15,4,Normal,75
GTF001383,C00010,2025-06-16,9,Peak,92
GTF001384,C00010,2025-06-16,9,Normal,84
GTF001385,C00082,2025-06-11,3,Normal,90
GTF001386,C00059,2025-06-01,3,Normal,72
GTF001387,C00063,2025-06-26,6,Normal,77
GTF001388,C00053,2025-06-26,5,Normal,72
GTF001389,C00034,2025-06-04,3,Normal,84
GTF001390,C00077,2025-06-24,2,Normal,85
GTF001391,C00077,2025-06-22,4,Peak,94
GTF001392,C00006,2025-06-15,9,Off-Peak,79
GTF001393,C00057,2025-06-25,7,Normal,82
GTF001394,C00043,2025-06-05,3,Normal,80
GTF001395,C00080,2025-06-30,4,Normal,78
GTF001396,C00024,2025-06-25,2,Normal,94
GTF001397,C00084,2025-06-23,3,Normal,87
GTF001398,C00024,2025-06-08,9,Normal,85
GTF001399,C00072,2025-06-11,6,Off-Peak,86
GTF001400,C00087,2025-06-28,1,Normal,71
GTF001401,C00025,2025-06-10,5,Off-Peak,71
GTF001402,C00067,2025-06-20,5,Normal,77
GTF001403,C00057,2025-06-06,4,Off-Peak,75
GTF001404,C00051,2025-06-28,3,Normal,88
GTF001405,C00050,2025-06-02,3,Off-Peak,78
GTF001406,C00015,2025-06-24,3,Normal,88
GTF001407,C00097,2025-06-20,4,Normal,83
GTF001408,C00062,2025-06-04,5,Normal,84
GTF001409,C00077,2025-06-20,3,Peak,93
GTF001410,C00007,2025-06-26,4,Normal,93
GTF001411,C00035,2025-06-09,4,Off-Peak,89
GTF001412,C00065,2025-06-19,10,Off-Peak,95
GTF001413,C00055,2025-06-03,3,Normal,95
GTF001414,C00072,2025-06-26,7,Normal,91
GTF001415,C00040,2025-06-04,8,Off-Peak,89
GTF001416,C00054,2025-06-01,7,Off-Peak,93
GTF001417,C00023,2025-06-21,6,Normal,82
GTF001418,C00079,2025-06-11,7,Normal,89
GTF001419,C00090,2025-06-27,5,Normal,85
GTF001420,C00013,2025-06-27,4,Normal,89
GTF001421,C00085,2025-06-11,4,Normal,92
GTF001422,C00056,2025-06-30,11,Peak,85
GTF001423,C00087,2025-06-03,4,Normal,84
GTF001424,C00071,2025-06-20,5,Normal,93
GTF001425,C00096,2025-06-27,7,Peak,73
GTF001426,C00006,2025-06-28,4,Normal,84
GTF001427,C00030,2025-06-02,5,Normal,85
GTF001428,C00078,2025-06-08,2,Normal,79
GTF001429,C00073,2025-06-17,4,Normal,81
GTF001430,C00072,2025-06-14,3,Peak,85
GTF001431,C00077,2025-06-18,2,Normal,90
GTF001432,C00042,2025-06-27,7,Normal,77
GTF001433,C00030,2025-06-23,8,Off-Peak,81
GTF001434,C00083,2025-06-16,8,Normal,81
GTF001435,C00024,2025-06-10,5,Normal,81
GTF001436,C00064,2025-06-23,7,Off-Peak,87
GTF001437,C00017,2025-06-12,8,Peak,90
GTF001438,C00024,2025-06-27,1,Off-Peak,82
GTF001439,C00058,2025-06-10,10,Off-Peak,79
GTF001440,C00099,2025-06-01,6,Normal,90
GTF001441,C00088,2025-06-16,6,Peak,74
GTF001442,C00020,2025-06-02,4,Normal,76
GTF001443,C00074,2025-06-06,4,Off-Peak,95
GTF001444,C00004,2025-06-20,4,Normal,95
GTF001445,C00093,2025-06-12,4,Off-Peak,82
GTF001446,C00032,2025-06-10,5,Normal,81
GTF001447,C00016,2025-06-30,3,Peak,87
GTF001448,C00037,2025-06-06,10,Off-Peak,74
GTF001449,C00009,2025-06-06,8,Off-Peak,90
GTF001450,C00034,2025-06-02,5,Normal,79
GTF001451,C00096,2025-06-07,5,Normal,73
GTF001452,C00064,2025-06-24,5,Off-Peak,77
GTF001453,C00088,2025-06-24,7,Peak,94
GTF001454,C00012,2025-06-14,4,Normal,79
GTF001455,C00016,2025-06-29,6,Normal,86
GTF001456,C00094,2025-06-02,5,Normal,75
GTF001457,C00086,2025-06-06,0,Normal,95
GTF001458,C00029,2025-06-24,4,Off-Peak,90
GTF001459,C00077,2025-06-01,7,Off-Peak,78
GTF001460,C00080,2025-06-24,6,Peak,77
GTF001461,C00040,2025-06-27,6,Normal,78
GTF001462,C00089,2025-06-18,4,Peak,84
GTF001463,C00007,2025-06-23,5,Normal,85
GTF001464,C00021,2025-06-26,6,Normal,76
GTF001465,C00004,2025-06-18,2,Peak,90
GTF001466,C00067,2025-06-30,3,Off-Peak,91
GTF001467,C00034,2025-06-25,9,Peak,84
GTF001468,C00010,2025-06-20,3,Normal,87
GTF001469,C00018,2025-06-06,5,Normal,84
GTF001470,C00003,2025-06-06,4,Peak,70
GTF001471,C00033,2025-06-14,8,Normal,71
GTF001472,C00088,2025-06-11,5,Off-Peak,70
GTF001473,C00071,2025-06-18,4,Peak,95
GTF001474,C00075,2025-06-06,5,Normal,85
GTF001475,C00015,2025-06-25,6,Normal,90
GTF001476,C00043,2025-06-22,5,Normal,81
GTF001477,C00004,2025-06-26,3,Peak,73
GTF001478,C00001,2025-06-05,5,Normal,89
GTF001479,C00078,2025-06-25,5,Normal,93
GTF001480,C00049,2025-06-29,5,Peak,85
GTF001481,C00005,2025-06-27,4,Off-Peak,83
GTF001482,C00092,2025-06-29,4,Peak,94
GTF001483,C00067,2025-06-18,8,Off-Peak,82
GTF001484,C00085,2025-06-06,2,Normal,91
GTF001485,C00019,2025-06-03,6,Normal,93
GTF001486,C00072,2025-06-28,2,Peak,83
GTF001487,C00060,2025-06-24,9,Off-Peak,88
GTF001488,C00017,2025-06-22,5,Normal,71
GTF001489,C00061,2025-06-03,4,Normal,75
GTF001490,C00032,2025-06-20,5,Normal,81
GTF001491,C00074,2025-06-16,4,Normal,78
GTF001492,C00038,2025-06-05,4,Peak,83
GTF001493,C00040,2025-06-11,6,Normal,73
GTF001494,C00027,2025-06-22,5,Normal,75
GTF001495,C00066,2025-06-24,5,Normal,87
GTF001496,C00081,2025-06-26,7,Off-Peak,73
GTF001497,C00055,2025-06-04,6,Off-Peak,83
GTF001498,C00071,2025-06-26,4,Off-Peak,72
GTF001499,C00011,2025-06-10,4,Normal,79
GTF001500,C00043,2025-06-02,3,Normal,74
GTF001501,C00026,2025-06-11,6,Normal,72
GTF001502,C00015,2025-06-01,4,Normal,84
GTF001503,C00012,2025-06-29,5,Peak,94
GTF001504,C00038,2025-06-16,8,Normal,89
GTF001505,C00009,2025-06-29,4,Normal,88
GTF001506,C00002,2025-06-04,4,Off-Peak,94
GTF001507,C00069,2025-06-14,1,Off-Peak,76
GTF001508,C00002,2025-06-17,4,Off-Peak,80
GTF001509,C00016,2025-06-21,7,Peak,91
GTF001510,C00074,2025-06-21,8,Peak,80
GTF001511,C00097,2025-06-03,3,Normal,91
GTF001512,C00056,2025-06-25,7,Normal,76
GTF001513,C00043,2025-06-13,2,Off-Peak,73
GTF001514,C00050,2025-06-24,4,Normal,73
GTF001515,C00072,2025-06-01,5,Normal,84
GTF001516,C00092,2025-06-23,7,Off-Peak,80
GTF001517,C00040,2025-06-01,8,Normal,86
GTF001518,C00055,2025-06-23,6,Peak,95
GTF001519,C00099,2025-06-25,8,Normal,82
GTF001520,C00006,2025-06-24,6,Normal,79
GTF001521,C00052,2025-06-22,4,Normal,85
GTF001522,C00030,2025-06-19,11,Off-Peak,71
GTF001523,C00004,2025-06-01,8,Normal,84
GTF001524,C00088,2025-06-23,3,Off-Peak,86
GTF001525,C00082,2025-06-07,5,Normal,87
GTF001526,C00001,2025-06-15,3,Normal,82
GTF001527,C00029,2025-06-04,5,Normal,95
GTF001528,C00061,2025-06-29,4,Normal,87
GTF001529,C00096,2025-06-01,4,Normal,70
GTF001530,C00006,2025-06-10,8,Normal,70
GTF001531,C00092,2025-06-19,5,Normal,80
GTF001532,C00047,2025-06-23,3,Off-Peak,76
GTF001533,C00083,2025-06-04,5,Peak,78
GTF001534,C00022,2025-06-04,3,Peak,76
GTF001535,C00067,2025-06-09,3,Normal,72
GTF001536,C00065,2025-06-14,7,Normal,87
GTF001537,C00007,2025-06-14,2,Normal,85
GTF001538,C00068,2025-06-05,5,Normal,81
GTF001539,C00024,2025-06-05,2,Peak,88
GTF001540,C00031,2025-06-12,3,Off-Peak,75
GTF001541,C00009,2025-06-28,2,Normal,70
GTF001542,C00093,2025-06-29,4,Normal,82
GTF001543,C00059,2025-06-16,5,Normal,71
GTF001544,C00057,2025-06-08,7,Normal,92
GTF001545,C00008,2025-06-06,3,Peak,93
GTF001546,C00095,2025-06-23,5,Normal,86
GTF001547,C00083,2025-06-11,4,Peak,92
GTF001548,C00096,2025-06-10,3,Normal,81
GTF001549,C00060,2025-06-26,7,Normal,78
GTF001550,C00045,2025-06-12,7,Normal,88
GTF001551,C00041,2025-06-20,6,Normal,84
GTF001552,C00095,2025-06-12,4,Peak,90
GTF001553,C00075,2025-06-26,4,Off-Peak,94
GTF001554,C00079,2025-06-29,4,Peak,94
GTF001555,C00060,2025-06-05,5,Normal,88
GTF001556,C00002,2025-06-04,8,Peak,87
GTF001557,C00026,2025-06-26,7,Peak,79
GTF001558,C00037,2025-06-05,4,Normal,74
GTF001559,C00085,2025-06-07,4,Normal,90
GTF001560,C00064,2025-06-22,8,Normal,82
GTF001561,C00095,2025-06-22,5,Off-Peak,78
GTF001562,C00032,2025-06-09,8,Normal,74
GTF001563,C00061,2025-06-30,10,Normal,84
GTF001564,C00065,2025-06-24,4,Normal,88
GTF001565,C00081,2025-06-29,3,Off-Peak,83
GTF001566,C00012,2025-06-05,5,Normal,82
GTF001567,C00081,2025-06-07,7,Off-Peak,89
GTF001568,C00028,2025-06-12,4,Normal,87
GTF001569,C00032,2025-06-16,4,Peak,90
GTF001570,C00059,2025-06-20,5,Off-Peak,94
GTF001571,C00085,2025-06-24,6,Peak,94
GTF001572,C00082,2025-06-18,2,Normal,81
GTF001573,C00060,2025-06-05,2,Off-Peak,77
GTF001574,C00040,2025-06-26,11,Normal,78
GTF001575,C00012,2025-06-11,4,Normal,77
GTF001576,C00099,2025-06-02,8,Normal,80
GTF001577,C00031,2025-06-24,6,Normal,77
GTF001578,C00044,2025-06-08,2,Normal,86
GTF001579,C00063,2025-06-11,7,Normal,94
GTF001580,C00012,2025-06-05,6,Peak,92
GTF001581,C00023,2025-06-14,5,Off-Peak,92
GTF001582,C00037,2025-06-30,5,Normal,86
GTF001583,C00098,2025-06-11,8,Off-Peak,78
GTF001584,C00066,2025-06-07,9,Peak,76
GTF001585,C00039,2025-06-23,3,Normal,72
GTF001586,C00020,2025-06-19,8,Off-Peak,88
GTF001587,C00089,2025-06-23,4,Peak,79
GTF001588,C00053,2025-06-17,6,Normal,94
GTF001589,C00014,2025-06-04,7,Normal,87
GTF001590,C00021,2025-06-29,5,Off-Peak,95
GTF001591,C00020,2025-06-20,4,Off-Peak,71
GTF001592,C00051,2025-06-29,4,Normal,88
GTF001593,C00004,2025-06-07,5,Off-Peak,87
GTF001594,C00055,2025-06-08,3,Normal,75
GTF001595,C00099,2025-06-10,4,Off-Peak,91
GTF001596,C00027,2025-06-28,6,Peak,89
GTF001597,C00031,2025-06-01,4,Normal,85
GTF001598,C00056,2025-06-03,9,Off-Peak,71
GTF001599,C00008,2025-06-29,3,Normal,78
GTF001600,C00076,2025-06-06,4,Off-Peak,81
GTF001601,C00048,2025-06-04,2,Normal,81
GTF001602,C00083,2025-06-27,3,Normal,93
GTF001603,C00018,2025-06-22,3,Off-Peak,79
GTF001604,C00073,2025-06-26,4,Normal,73
GTF001605,C00035,2025-06-07,7,Off-Peak,84
GTF001606,C00050,2025-06-07,6,Normal,95
GTF001607,C00037,2025-06-19,7,Peak,94
GTF001608,C00029,2025-06-01,5,Peak,73
GTF001609,C00039,2025-06-21,5,Normal,75
GTF001610,C00010,2025-06-14,4,Off-Peak,84
GTF001611,C00020,2025-06-26,7,Normal,81
GTF001612,C00078,2025-06-04,3,Off-Peak,82
GTF001613,C00065,2025-06-29,4,Off-Peak,92
GTF001614,C00006,2025-06-05,3,Normal,75
GTF001615,C00005,2025-06-04,7,Peak,72
GTF001616,C00024,2025-06-05,6,Normal,71
GTF001617,C00031,2025-06-22,7,Peak,72
GTF001618,C00035,2025-06-26,8,Off-Peak,86
GTF001619,C00021,2025-06-28,4,Normal,71
GTF001620,C00077,2025-06-19,2,Normal,92
GTF001621,C00048,2025-06-05,4,Off-Peak,86
GTF001622,C00094,2025-06-23,2,Peak,75
GTF001623,C00006,2025-06-11,2,Normal,93
GTF001624,C00099,2025-06-25,4,Normal,85
GTF001625,C00055,2025-06-08,2,Off-Peak,84
GTF001626,C00086,2025-06-11,2,Normal,92
GTF001627,C00054,2025-06-02,6,Normal,82
GTF001628,C00008,2025-06-14,9,Peak,70
GTF001629,C00044,2025-06-18,6,Peak,86
GTF001630,C00017,2025-06-30,7,Off-Peak,88
GTF001631,C00061,2025-06-30,4,Off-Peak,74
GTF001632,C00028,2025-06-25,11,Normal,84
GTF001633,C00051,2025-06-08,2,Normal,72
GTF001634,C00097,2025-06-01,6,Peak,90
GTF001635,C00056,2025-06-23,3,Off-Peak,86
GTF001636,C00027,2025-06-06,6,Peak,87
GTF001637,C00001,2025-06-22,9,Off-Peak,76
GTF001638,C00037,2025-06-06,2,Peak,82
GTF001639,C00095,2025-06-02,9,Off-Peak,78
GTF001640,C00023,2025-06-15,4,Off-Peak,83
GTF001641,C00087,2025-06-01,6,Normal,85
GTF001642,C00044,2025-06-18,7,Peak,77
GTF001643,C00045,2025-06-27,7,Normal,72
GTF001644,C00047,2025-06-26,4,Peak,92
GTF001645,C00014,2025-06-18,2,Peak,92
GTF001646,C00090,2025-06-02,3,Normal,79
GTF001647,C00042,2025-06-14,7,Normal,85
GTF001648,C00034,2025-06-27,4,Peak,85
GTF001649,C00043,2025-06-02,5,Normal,71
GTF001650,C00029,2025-06-11,1,Normal,88
GTF001651,C00081,2025-06-09,0,Off-Peak,93
GTF001652,C00010,2025-06-26,4,Off-Peak,81
GTF001653,C00032,2025-06-22,5,Normal,75
GTF001654,C00034,2025-06-09,7,Normal,76
GTF001655,C00085,2025-06-17,6,Peak,85
GTF001656,C00027,2025-06-23,4,Normal,95
GTF001657,C00071,2025-06-30,3,Normal,89
GTF001658,C00087,2025-06-19,3,Normal,79
GTF001659,C00023,2025-06-16,5,Normal,93
GTF001660,C00045,2025-06-09,5,Normal,80
GTF001661,C00074,2025-06-08,2,Normal,88
GTF001662,C00094,2025-06-03,6,Peak,80
GTF001663,C00028,2025-06-20,3,Off-Peak,78
GTF001664,C00032,2025-06-25,4,Peak,71
GTF001665,C00079,2025-06-03,5,Off-Peak,75
GTF001666,C00013,2025-06-17,7,Normal,86
GTF001667,C00060,2025-06-22,1,Normal,74
GTF001668,C00062,2025-06-15,3,Off-Peak,87
GTF001669,C00057,2025-06-13,2,Normal,74
GTF001670,C00044,2025-06-07,5,Normal,94
GTF001671,C00081,2025-06-07,5,Normal,85
GTF001672,C00005,2025-06-01,4,Off-Peak,77
GTF001673,C00036,2025-06-12,6,Normal,92
GTF001674,C00005,2025-06-28,4,Off-Peak,84
GTF001675,C00038,2025-06-28,5,Normal,93
GTF001676,C00077,2025-06-20,5,Peak,79
GTF001677,C00080,2025-06-26,4,Off-Peak,78
GTF001678,C00056,2025-06-20,2,Peak,75
GTF001679,C00053,2025-06-20,6,Normal,94
GTF001680,C00010,2025-06-14,4,Off-Peak,72
GTF001681,C00081,2025-06-09,4,Normal,94
GTF001682,C00030,2025-06-02,8,Normal,89
GTF001683,C00020,2025-06-22,8,Normal,82
GTF001684,C00032,2025-06-06,3,Normal,86
GTF001685,C00062,2025-06-09,5,Normal,74
GTF001686,C00034,2025-06-19,4,Off-Peak,90
GTF001687,C00098,2025-06-11,4,Normal,85
GTF001688,C00011,2025-06-15,7,Normal,75
GTF001689,C00059,2025-06-25,5,Peak,87
GTF001690,C00074,2025-06-07,6,Off-Peak,82
GTF001691,C00088,2025-06-03,4,Off-Peak,83
GTF001692,C00006,2025-06-24,3,Normal,89
GTF001693,C00032,2025-06-29,9,Normal,92
GTF001694,C00014,2025-06-04,2,Off-Peak,70
GTF001695,C00072,2025-06-16,7,Peak,70
GTF001696,C00014,2025-06-28,3,Normal,76
GTF001697,C00026,2025-06-22,5,Off-Peak,80
GTF001698,C00009,2025-06-20,7,Peak,82
GTF001699,C00073,2025-06-01,8,Normal,72
GTF001700,C00083,2025-06-02,3,Peak,80
GTF001701,C00054,2025-06-14,7,Off-Peak,75
GTF001702,C00098,2025-06-03,1,Off-Peak,82
GTF001703,C00069,2025-06-13,6,Normal,91
GTF001704,C00080,2025-06-02,7,Peak,70
GTF001705,C00032,2025-06-29,7,Peak,71
GTF001706,C00017,2025-06-04,6,Off-Peak,87
GTF001707,C00005,2025-06-22,8,Normal,73
GTF001708,C00053,2025-06-15,2,Normal,74
GTF001709,C00066,2025-06-23,5,Off-Peak,91
GTF001710,C00095,2025-06-20,10,Normal,76
GTF001711,C00078,2025-06-15,2,Normal,79
GTF001712,C00043,2025-06-24,3,Normal,95
GTF001713,C00063,2025-06-09,3,Normal,85
GTF001714,C00041,2025-06-02,4,Normal,81
GTF001715,C00062,2025-06-27,5,Normal,81
GTF001716,C00047,2025-06-01,4,Normal,95
GTF001717,C00079,2025-06-16,6,Off-Peak,78
GTF001718,C00088,2025-06-03,3,Normal,92
GTF001719,C00088,2025-06-18,9,Normal,85
GTF001720,C00055,2025-06-12,5,Peak,71
GTF001721,C00055,2025-06-20,7,Normal,77
GTF001722,C00059,2025-06-25,7,Off-Peak,78
GTF001723,C00087,2025-06-26,6,Normal,75
GTF001724,C00043,2025-06-28,5,Normal,70
GTF001725,C00069,2025-06-15,5,Normal,76
GTF001726,C00073,2025-06-28,3,Normal,91
GTF001727,C00002,2025-06-15,4,Off-Peak,74
GTF001728,C00006,2025-06-15,4,Normal,89
GTF001729,C00035,2025-06-27,3,Normal,91
GTF001730,C00016,2025-06-08,7,Normal,80
GTF001731,C00093,2025-06-02,2,Normal,74
GTF001732,C00039,2025-06-06,5,Normal,84
GTF001733,C00002,2025-06-07,6,Off-Peak,79
GTF001734,C00074,2025-06-09,9,Normal,71
GTF001735,C00022,2025-06-30,6,Off-Peak,71
GTF001736,C00077,2025-06-22,4,Normal,91
GTF001737,C00013,2025-06-25,10,Peak,86
GTF001738,C00028,2025-06-21,4,Normal,70
GTF001739,C00061,2025-06-13,8,Normal,83
GTF001740,C00004,2025-06-02,4,Off-Peak,87
GTF001741,C00062,2025-06-14,8,Normal,73
GTF001742,C00003,2025-06-03,10,Peak,78
GTF001743,C00097,2025-06-02,2,Off-Peak,79
GTF001744,C00086,2025-06-30,3,Normal,78
GTF001745,C00061,2025-06-26,2,Off-Peak,91
GTF001746,C00004,2025-06-18,5,Normal,80
GTF001747,C00097,2025-06-13,4,Normal,89
GTF001748,C00072,2025-06-01,5,Normal,81
GTF001749,C00083,2025-06-25,5,Normal,86
GTF001750,C00029,2025-06-20,6,Normal,90
GTF001751,C00100,2025-06-23,7,Normal,78
GTF001752,C00038,2025-06-23,6,Off-Peak,86
GTF001753,C00059,2025-06-05,4,Off-Peak,87
GTF001754,C00079,2025-06-22,3,Normal,76
GTF001755,C00005,2025-06-14,7,Normal,70
GTF001756,C00052,2025-06-09,3,Normal,80
GTF001757,C00081,2025-06-23,6,Peak,80
GTF001758,C00068,2025-06-17,7,Normal,86
GTF001759,C00037,2025-06-13,2,Peak,74
GTF001760,C00035,2025-06-26,6,Normal,86
GTF001761,C00045,2025-06-15,5,Normal,73
GTF001762,C00076,2025-06-04,6,Off-Peak,76
GTF001763,C00052,2025-06-05,5,Normal,89
GTF001764,C00020,2025-06-30,5,Normal,92
GTF001765,C00009,2025-06-05,3,Normal,76
GTF001766,C00012,2025-06-21,4,Normal,88
GTF001767,C00090,2025-06-12,13,Normal,91
GTF001768,C00062,2025-06-07,6,Peak,73
GTF001769,C00075,2025-06-12,5,Off-Peak,87
GTF001770,C00088,2025-06-21,5,Peak,88
GTF001771,C00006,2025-06-08,7,Peak,84
GTF001772,C00022,2025-06-19,6,Off-Peak,85
GTF001773,C00059,2025-06-13,2,Normal,71
GTF001774,C00062,2025-06-28,1,Peak,85
GTF001775,C00093,2025-06-04,6,Normal,77
GTF001776,C00018,2025-06-10,6,Off-Peak,78
GTF001777,C00036,2025-06-12,9,Off-Peak,85
GTF001778,C00008,2025-06-25,1,Normal,74
GTF001779,C00047,2025-06-16,5,Off-Peak,90
GTF001780,C00064,2025-06-05,2,Off-Peak,79
GTF001781,C00096,2025-06-30,6,Peak,70
GTF001782,C00033,2025-06-25,4,Peak,81
GTF001783,C00099,2025-06-04,5,Off-Peak,70
GTF001784,C00002,2025-06-17,4,Off-Peak,85
GTF001785,C00035,2025-06-05,6,Normal,91
GTF001786,C00098,2025-06-29,3,Off-Peak,95
GTF001787,C00039,2025-06-02,8,Peak,75
GTF001788,C00018,2025-06-06,4,Peak,76
GTF001789,C00097,2025-06-22,4,Normal,73
GTF001790,C00072,2025-06-18,6,Peak,75
GTF001791,C00034,2025-06-21,2,Normal,90
GTF001792,C00064,2025-06-08,8,Normal,94
GTF001793,C00050,2025-06-26,7,Normal,70
GTF001794,C00013,2025-06-11,8,Normal,72
GTF001795,C00005,2025-06-09,9,Normal,87
GTF001796,C00057,2025-06-25,8,Normal,89
GTF001797,C00076,2025-06-23,9,Normal,83
GTF001798,C00036,2025-06-11,4,Peak,79
GTF001799,C00009,2025-06-18,7,Normal,79
GTF001800,C00091,2025-06-06,6,Normal,85
GTF001801,C00078,2025-06-20,5,Off-Peak,94
GTF001802,C00030,2025-06-28,5,Peak,82
GTF001803,C00002,2025-06-12,7,Normal,86
GTF001804,C00006,2025-06-04,3,Normal,83
GTF001805,C00064,2025-06-10,5,Normal,90
GTF001806,C00100,2025-06-29,6,Normal,85
GTF001807,C00068,2025-06-07,4,Normal,85
GTF001808,C00027,2025-06-28,2,Normal,83
GTF001809,C00005,2025-06-03,5,Normal,92
GTF001810,C00019,2025-06-12,10,Off-Peak,90
GTF001811,C00017,2025-06-23,6,Peak,94
GTF001812,C00078,2025-06-03,6,Normal,89
GTF001813,C00049,2025-06-13,6,Off-Peak,81
GTF001814,C00012,2025-06-06,7,Normal,71
GTF001815,C00025,2025-06-25,8,Peak,71
GTF001816,C00074,2025-06-19,7,Off-Peak,95
GTF001817,C00038,2025-06-24,3,Normal,86
GTF001818,C00040,2025-06-21,6,Normal,94
GTF001819,C00047,2025-06-08,4,Off-Peak,87
GTF001820,C00055,2025-06-14,6,Normal,79
GTF001821,C00073,2025-06-23,6,Normal,79
GTF001822,C00075,2025-06-25,6,Normal,84
GTF001823,C00006,2025-06-01,3,Normal,93
GTF001824,C00095,2025-06-05,6,Normal,87
GTF001825,C00063,2025-06-21,1,Normal,82
GTF001826,C00091,2025-06-04,1,Off-Peak,77
GTF001827,C00020,2025-06-15,6,Off-Peak,78
GTF001828,C00074,2025-06-15,8,Normal,72
GTF001829,C00082,2025-06-06,2,Normal,76
GTF001830,C00062,2025-06-18,2,Normal,77
GTF001831,C00024,2025-06-17,0,Off-Peak,77
GTF001832,C00012,2025-06-26,4,Peak,88
GTF001833,C00008,2025-06-27,6,Peak,92
GTF001834,C00036,2025-06-17,4,Off-Peak,84
GTF001835,C00042,2025-06-07,5,Peak,73
GTF001836,C00017,2025-06-14,4,Normal,87
GTF001837,C00038,2025-06-18,3,Off-Peak,79
GTF001838,C00009,2025-06-01,6,Normal,89
GTF001839,C00091,2025-06-03,4,Peak,94
GTF001840,C00003,2025-06-21,7,Normal,86
GTF001841,C00037,2025-06-18,2,Peak,89
GTF001842,C00034,2025-06-02,4,Off-Peak,94
GTF001843,C00030,2025-06-09,4,Normal,85
GTF001844,C00062,2025-06-18,5,Normal,93
GTF001845,C00018,2025-06-22,1,Off-Peak,81
GTF001846,C00020,2025-06-24,4,Normal,90
GTF001847,C00015,2025-06-01,7,Off-Peak,73
GTF001848,C00050,2025-06-10,7,Normal,88
GTF001849,C00008,2025-06-07,5,Peak,80
GTF001850,C00014,2025-06-07,4,Normal,93
GTF001851,C00090,2025-06-23,4,Normal,72
GTF001852,C00025,2025-06-04,10,Normal,87
GTF001853,C00023,2025-06-30,3,Normal,81
GTF001854,C00063,2025-06-20,5,Normal,75
GTF001855,C00027,2025-06-13,4,Off-Peak,72
GTF001856,C00026,2025-06-30,4,Off-Peak,84
GTF001857,C00069,2025-06-07,4,Normal,80
GTF001858,C00044,2025-06-13,8,Off-Peak,73
GTF001859,C00069,2025-06-09,5,Peak,91
GTF001860,C00001,2025-06-21,3,Off-Peak,88
GTF001861,C00028,2025-06-14,3,Off-Peak,89
GTF001862,C00061,2025-06-27,5,Normal,82
GTF001863,C00046,2025-06-19,8,Normal,83
GTF001864,C00014,2025-06-29,4,Peak,72
GTF001865,C00035,2025-06-03,4,Normal,93
GTF001866,C00060,2025-06-21,8,Off-Peak,90
GTF001867,C00088,2025-06-30,6,Off-Peak,82
GTF001868,C00094,2025-06-22,4,Off-Peak,74
GTF001869,C00068,2025-06-01,7,Normal,79
GTF001870,C00017,2025-06-07,5,Normal,78
GTF001871,C00014,2025-06-19,3,Normal,84
GTF001872,C00033,2025-06-17,2,Normal,74
GTF001873,C00093,2025-06-12,7,Normal,70
GTF001874,C00086,2025-06-10,2,Normal,88
GTF001875,C00057,2025-06-13,5,Normal,83
GTF001876,C00082,2025-06-22,5,Normal,78
GTF001877,C00099,2025-06-16,9,Peak,87
GTF001878,C00063,2025-06-13,4,Normal,76
GTF001879,C00057,2025-06-02,4,Normal,73
GTF001880,C00044,2025-06-12,3,Normal,71
GTF001881,C00093,2025-06-23,2,Off-Peak,79
GTF001882,C00021,2025-06-12,7,Normal,84
GTF001883,C00095,2025-06-16,6,Normal,74
GTF001884,C00092,2025-06-12,5,Normal,92
GTF001885,C00015,2025-06-24,4,Normal,90
GTF001886,C00046,2025-06-28,3,Peak,82
GTF001887,C00087,2025-06-13,4,Peak,80
GTF001888,C00013,2025-06-24,5,Peak,81
GTF001889,C00034,2025-06-30,10,Normal,89
GTF001890,C00096,2025-06-10,8,Normal,88
GTF001891,C00033,2025-06-27,5,Peak,91
GTF001892,C00048,2025-06-30,2,Peak,88
GTF001893,C00074,2025-06-01,7,Peak,84
GTF001894,C00006,2025-06-08,4,Normal,73
GTF001895,C00066,2025-06-14,7,Normal,82
GTF001896,C00006,2025-06-24,6,Peak,88
GTF001897,C00072,2025-06-02,4,Normal,84
GTF001898,C00081,2025-06-13,3,Normal,76
GTF001899,C00094,2025-06-26,4,Peak,71
GTF001900,C00048,2025-06-24,7,Off-Peak,95
GTF001901,C00054,2025-06-11,5,Normal,80
GTF001902,C00036,2025-06-22,2,Normal,72
GTF001903,C00062,2025-06-09,2,Normal,89
GTF001904,C00095,2025-06-17,8,Normal,94
GTF001905,C00038,2025-06-21,6,Off-Peak,91
GTF001906,C00095,2025-06-30,5,Normal,91
GTF001907,C00089,2025-06-17,5,Off-Peak,85
GTF001908,C00080,2025-06-09,7,Normal,82
GTF001909,C00050,2025-06-25,3,Normal,73
GTF001910,C00005,2025-06-06,3,Normal,87
GTF001911,C00003,2025-06-01,5,Peak,73
GTF001912,C00078,2025-06-11,9,Normal,80
GTF001913,C00055,2025-06-01,12,Normal,92
GTF001914,C00054,2025-06-06,5,Peak,87
GTF001915,C00052,2025-06-29,4,Normal,79
GTF001916,C00081,2025-06-01,2,Off-Peak,77
GTF001917,C00035,2025-06-04,6,Off-Peak,93
GTF001918,C00094,2025-06-10,4,Off-Peak,76
GTF001919,C00053,2025-06-15,7,Normal,81
GTF001920,C00038,2025-06-27,3,Normal,74
GTF001921,C00010,2025-06-12,2,Off-Peak,92
GTF001922,C00025,2025-06-30,9,Peak,93
GTF001923,C00012,2025-06-22,7,Normal,89
GTF001924,C00100,2025-06-30,2,Normal,89
GTF001925,C00073,2025-06-12,5,Peak,83
GTF001926,C00019,2025-06-13,4,Peak,89
GTF001927,C00079,2025-06-09,5,Peak,80
GTF001928,C00071,2025-06-28,5,Normal,81
GTF001929,C00037,2025-06-02,4,Normal,89
GTF001930,C00099,2025-06-19,4,Peak,72
GTF001931,C00070,2025-06-04,10,Off-Peak,85
GTF001932,C00089,2025-06-24,6,Normal,74
GTF001933,C00096,2025-06-11,4,Normal,79
GTF001934,C00060,2025-06-18,7,Off-Peak,95
GTF001935,C00088,2025-06-27,7,Normal,75
GTF001936,C00013,2025-06-25,2,Normal,92
GTF001937,C00081,2025-06-05,3,Normal,89
GTF001938,C00028,2025-06-10,6,Off-Peak,87
GTF001939,C00032,2025-06-11,7,Peak,83
GTF001940,C00018,2025-06-30,4,Off-Peak,78
GTF001941,C00007,2025-06-03,5,Peak,87
GTF001942,C00064,2025-06-02,4,Off-Peak,85
GTF001943,C00035,2025-06-21,3,Off-Peak,81
GTF001944,C00081,2025-06-19,6,Normal,89
GTF001945,C00067,2025-06-13,3,Normal,82
GTF001946,C00035,2025-06-16,5,Off-Peak,87
GTF001947,C00097,2025-06-17,4,Normal,75
GTF001948,C00048,2025-06-19,4,Off-Peak,84
GTF001949,C00069,2025-06-04,5,Normal,71
GTF001950,C00040,2025-06-09,2,Normal,90
GTF001951,C00011,2025-06-20,9,Normal,91
GTF001952,C00009,2025-06-20,9,Peak,71
GTF001953,C00035,2025-06-04,4,Off-Peak,71
GTF001954,C00050,2025-06-13,8,Normal,76
GTF001955,C00077,2025-06-03,6,Off-Peak,82
GTF001956,C00084,2025-06-14,4,Normal,88
GTF001957,C00045,2025-06-15,5,Normal,76
GTF001958,C00064,2025-06-02,5,Normal,90
GTF001959,C00085,2025-06-19,5,Normal,91
GTF001960,C00097,2025-06-30,1,Normal,89
GTF001961,C00051,2025-06-11,4,Normal,71
GTF001962,C00006,2025-06-04,6,Peak,89
GTF001963,C00092,2025-06-01,7,Off-Peak,71
GTF001964,C00032,2025-06-09,5,Normal,93
GTF001965,C00048,2025-06-18,4,Normal,89
GTF001966,C00097,2025-06-14,2,Off-Peak,73
GTF001967,C00082,2025-06-05,12,Normal,70
GTF001968,C00008,2025-06-03,10,Normal,77
GTF001969,C00050,2025-06-11,8,Normal,89
GTF001970,C00085,2025-06-13,7,Normal,79
GTF001971,C00069,2025-06-24,1,Peak,91
GTF001972,C00075,2025-06-24,6,Peak,74
GTF001973,C00012,2025-06-24,4,Normal,85
GTF001974,C00074,2025-06-23,3,Normal,77
GTF001975,C00060,2025-06-16,3,Normal,75
GTF001976,C00045,2025-06-27,3,Off-Peak,72
GTF001977,C00045,2025-06-01,4,Off-Peak,83
GTF001978,C00061,2025-06-29,4,Normal,75
GTF001979,C00086,2025-06-11,6,Normal,90
GTF001980,C00062,2025-06-08,2,Normal,84
GTF001981,C00070,2025-06-23,6,Normal,73
GTF001982,C00034,2025-06-21,5,Normal,76
GTF001983,C00080,2025-06-22,8,Off-Peak,92
GTF001984,C00085,2025-06-03,4,Normal,83
GTF001985,C00061,2025-06-26,8,Normal,82
GTF001986,C00060,2025-06-12,6,Normal,70
GTF001987,C00030,2025-06-17,6,Off-Peak,85
GTF001988,C00011,2025-06-24,5,Normal,82
GTF001989,C00033,2025-06-30,6,Normal,72
GTF001990,C00092,2025-06-07,5,Peak,78
GTF001991,C00028,2025-06-15,4,Off-Peak,88
GTF001992,C00022,2025-06-21,4,Normal,92
GTF001993,C00099,2025-06-25,7,Normal,93
GTF001994,C00033,2025-06-10,7,Normal,73
GTF001995,C00032,2025-06-20,8,Normal,89
GTF001996,C00097,2025-06-06,6,Normal,86
GTF001997,C00095,2025-06-15,11,Peak,78
GTF001998,C00058,2025-06-19,8,Off-Peak,72
GTF001999,C00027,2025-06-26,5,Peak,94
GTF002000,C00018,2025-06-16,2,Normal,92
GTF002001,C00018,2025-06-15,1,Normal,86
GTF002002,C00082,2025-06-12,3,Normal,71
GTF002003,C00051,2025-06-29,8,Peak,85
GTF002004,C00027,2025-06-08,4,Normal,78
GTF002005,C00007,2025-06-19,4,Normal,76
GTF002006,C00027,2025-06-27,4,Normal,80
GTF002007,C00008,2025-06-17,2,Normal,81
GTF002008,C00096,2025-06-07,5,Peak,95
GTF002009,C00006,2025-06-17,2,Normal,77
GTF002010,C00083,2025-06-16,5,Off-Peak,94
GTF002011,C00026,2025-06-11,3,Peak,92
GTF002012,C00044,2025-06-30,4,Normal,93
GTF002013,C00068,2025-06-15,5,Normal,72
GTF002014,C00094,2025-06-10,2,Peak,95
GTF002015,C00042,2025-06-11,4,Normal,73
GTF002016,C00086,2025-06-11,3,Normal,95
GTF002017,C00032,2025-06-14,4,Normal,93
GTF002018,C00024,2025-06-05,6,Normal,92
GTF002019,C00025,2025-06-11,5,Normal,84
GTF002020,C00031,2025-06-16,2,Normal,91
GTF002021,C00051,2025-06-18,8,Normal,93
GTF002022,C00015,2025-06-12,5,Normal,77
GTF002023,C00072,2025-06-22,3,Normal,70
GTF002024,C00098,2025-06-03,1,Normal,87
GTF002025,C00064,2025-06-14,5,Normal,77
GTF002026,C00002,2025-06-29,4,Normal,84
GTF002027,C00002,2025-06-30,2,Off-Peak,88
GTF002028,C00066,2025-06-11,5,Normal,70
GTF002029,C00099,2025-06-10,7,Off-Peak,92
GTF002030,C00033,2025-06-08,5,Off-Peak,81
GTF002031,C00063,2025-06-18,8,Off-Peak,85
GTF002032,C00099,2025-06-28,2,Off-Peak,85
GTF002033,C00035,2025-06-20,4,Normal,78
GTF002034,C00034,2025-06-26,8,Peak,78
GTF002035,C00073,2025-06-12,7,Normal,79
GTF002036,C00051,2025-06-07,4,Normal,76
GTF002037,C00082,2025-06-17,8,Normal,90
GTF002038,C00065,2025-06-23,8,Normal,88
GTF002039,C00047,2025-06-18,5,Normal,79
GTF002040,C00045,2025-06-03,8,Off-Peak,78
GTF002041,C00064,2025-06-02,3,Off-Peak,80
GTF002042,C00067,2025-06-18,4,Normal,87
GTF002043,C00027,2025-06-20,6,Normal,77
GTF002044,C00054,2025-06-19,6,Normal,77
GTF002045,C00089,2025-06-15,4,Off-Peak,75
GTF002046,C00012,2025-06-02,6,Normal,88
GTF002047,C00062,2025-06-22,8,Off-Peak,87
GTF002048,C00001,2025-06-04,6,Normal,85
GTF002049,C00036,2025-06-05,9,Off-Peak,91
GTF002050,C00025,2025-06-06,5,Normal,74
GTF002051,C00040,2025-06-27,9,Normal,87
GTF002052,C00086,2025-06-12,4,Normal,87
GTF002053,C00029,2025-06-25,4,Off-Peak,91
GTF002054,C00016,2025-06-23,3,Peak,70
GTF002055,C00088,2025-06-27,4,Off-Peak,72
GTF002056,C00063,2025-06-28,6,Peak,86
GTF002057,C00099,2025-06-19,5,Normal,73
GTF002058,C00074,2025-06-28,4,Off-Peak,84
GTF002059,C00008,2025-06-03,3,Peak,81
GTF002060,C00022,2025-06-09,2,Peak,94
GTF002061,C00020,2025-06-15,0,Peak,89
GTF002062,C00049,2025-06-29,6,Normal,80
GTF002063,C00016,2025-06-25,5,Normal,94
GTF002064,C00030,2025-06-16,9,Normal,91
GTF002065,C00058,2025-06-04,7,Normal,85
GTF002066,C00071,2025-06-20,6,Off-Peak,81
GTF002067,C00056,2025-06-13,0,Normal,88
GTF002068,C00079,2025-06-27,5,Normal,82
GTF002069,C00058,2025-06-04,5,Normal,84
GTF002070,C00091,2025-06-24,11,Off-Peak,89
GTF002071,C00057,2025-06-10,7,Normal,71
GTF002072,C00075,2025-06-02,3,Normal,89
GTF002073,C00025,2025-06-03,5,Normal,81
GTF002074,C00014,2025-06-19,5,Off-Peak,77
GTF002075,C00024,2025-06-19,3,Normal,88
GTF002076,C00007,2025-06-23,2,Normal,80
GTF002077,C00069,2025-06-02,4,Normal,75
GTF002078,C00014,2025-06-24,0,Off-Peak,88
GTF002079,C00048,2025-06-30,5,Normal,93
GTF002080,C00081,2025-06-10,5,Normal,90
GTF002081,C00088,2025-06-03,4,Off-Peak,89
GTF002082,C00091,2025-06-20,1,Normal,85
GTF002083,C00071,2025-06-14,4,Normal,92
GTF002084,C00055,2025-06-12,8,Off-Peak,95
GTF002085,C00099,2025-06-07,3,Normal,77
GTF002086,C00093,2025-06-13,4,Off-Peak,81
GTF002087,C00035,2025-06-16,5,Off-Peak,85
GTF002088,C00039,2025-06-25,4,Off-Peak,73
GTF002089,C00004,2025-06-05,5,Normal,73
GTF002090,C00002,2025-06-28,8,Off-Peak,79
GTF002091,C00025,2025-06-13,10,Normal,78
GTF002092,C00050,2025-06-19,11,Normal,71
GTF002093,C00043,2025-06-20,6,Off-Peak,93
GTF002094,C00060,2025-06-01,4,Off-Peak,82
GTF002095,C00036,2025-06-29,9,Normal,85
GTF002096,C00008,2025-06-02,4,Off-Peak,88
GTF002097,C00082,2025-06-03,2,Off-Peak,87
GTF002098,C00030,2025-06-03,5,Normal,95
GTF002099,C00035,2025-06-30,4,Normal,87
GTF002100,C00080,2025-06-23,7,Peak,74
GTF002101,C00012,2025-06-16,8,Off-Peak,79
GTF002102,C00013,2025-06-19,4,Normal,77
GTF002103,C00029,2025-06-21,7,Peak,91
GTF002104,C00058,2025-06-22,4,Peak,79
GTF002105,C00021,2025-06-19,8,Normal,83
GTF002106,C00092,2025-06-16,3,Normal,81
GTF002107,C00004,2025-06-18,5,Normal,85
GTF002108,C00053,2025-06-07,4,Normal,78
GTF002109,C00002,2025-06-05,5,Peak,81
GTF002110,C00024,2025-06-13,1,Normal,75
GTF002111,C00089,2025-06-27,5,Off-Peak,92
GTF002112,C00065,2025-06-03,6,Normal,83
GTF002113,C00093,2025-06-10,4,Peak,86
GTF002114,C00100,2025-06-13,4,Off-Peak,72
GTF002115,C00069,2025-06-21,9,Normal,73
GTF002116,C00077,2025-06-11,5,Off-Peak,71
GTF002117,C00064,2025-06-13,10,Normal,85
GTF002118,C00060,2025-06-22,1,Off-Peak,93
GTF002119,C00088,2025-06-24,5,Peak,88
GTF002120,C00022,2025-06-25,8,Normal,75
GTF002121,C00068,2025-06-12,5,Off-Peak,77
GTF002122,C00061,2025-06-30,4,Off-Peak,78
GTF002123,C00014,2025-06-05,5,Peak,76
GTF002124,C00082,2025-06-05,7,Off-Peak,92
GTF002125,C00068,2025-06-30,7,Off-Peak,70
GTF002126,C00053,2025-06-20,6,Normal,89
GTF002127,C00097,2025-06-01,7,Off-Peak,76
GTF002128,C00065,2025-06-24,7,Normal,77
GTF002129,C00088,2025-06-19,4,Normal,74
GTF002130,C00069,2025-06-16,6,Normal,76
GTF002131,C00018,2025-06-26,4,Off-Peak,78
GTF002132,C00011,2025-06-25,7,Off-Peak,81
GTF002133,C00041,2025-06-13,5,Normal,85
GTF002134,C00005,2025-06-22,6,Off-Peak,84
GTF002135,C00073,2025-06-16,5,Off-Peak,93
GTF002136,C00045,2025-06-07,6,Peak,71
GTF002137,C00004,2025-06-16,3,Normal,82
GTF002138,C00082,2025-06-08,6,Normal,90
GTF002139,C00047,2025-06-12,9,Off-Peak,70
GTF002140,C00018,2025-06-20,4,Peak,85
GTF002141,C00050,2025-06-05,11,Peak,88
GTF002142,C00055,2025-06-17,3,Normal,89
GTF002143,C00003,2025-06-15,4,Normal,93
GTF002144,C00089,2025-06-14,5,Off-Peak,81
GTF002145,C00063,2025-06-07,7,Peak,71
GTF002146,C00039,2025-06-24,3,Off-Peak,78
GTF002147,C00020,2025-06-08,7,Off-Peak,93
GTF002148,C00076,2025-06-06,4,Normal,71
GTF002149,C00030,2025-06-18,2,Normal,77
GTF002150,C00031,2025-06-15,2,Off-Peak,91
GTF002151,C00020,2025-06-03,7,Normal,78
GTF002152,C00055,2025-06-22,4,Peak,87
GTF002153,C00075,2025-06-26,14,Normal,83
GTF002154,C00004,2025-06-06,3,Normal,83
GTF002155,C00046,2025-06-22,3,Normal,78
GTF002156,C00033,2025-06-02,2,Peak,73
GTF002157,C00070,2025-06-01,8,Normal,95
GTF002158,C00088,2025-06-15,5,Normal,72
GTF002159,C00034,2025-06-30,4,Peak,87
GTF002160,C00066,2025-06-21,5,Normal,77
GTF002161,C00028,2025-06-17,4,Normal,71
GTF002162,C00083,2025-06-03,8,Off-Peak,85
GTF002163,C00091,2025-06-26,4,Off-Peak,89
GTF002164,C00088,2025-06-19,7,Normal,79
GTF002165,C00067,2025-06-20,5,Peak,89
GTF002166,C00048,2025-06-08,7,Off-Peak,71
GTF002167,C00035,2025-06-04,9,Off-Peak,73
GTF002168,C00021,2025-06-17,3,Peak,78
GTF002169,C00063,2025-06-13,5,Normal,76
GTF002170,C00051,2025-06-19,1,Normal,78
GTF002171,C00011,2025-06-10,5,Normal,92
GTF002172,C00064,2025-06-24,8,Normal,82
GTF002173,C00026,2025-06-16,8,Off-Peak,93
GTF002174,C00021,2025-06-27,6,Normal,78
GTF002175,C00096,2025-06-28,9,Normal,80
GTF002176,C00048,2025-06-07,5,Off-Peak,87
GTF002177,C00046,2025-06-09,4,Peak,90
GTF002178,C00003,2025-06-22,5,Peak,90
GTF002179,C00091,2025-06-03,6,Off-Peak,77
GTF002180,C00099,2025-06-09,4,Normal,70
GTF002181,C00025,2025-06-12,4,Off-Peak,85
GTF002182,C00025,2025-06-08,3,Off-Peak,85
GTF002183,C00094,2025-06-13,6,Normal,95
GTF002184,C00034,2025-06-23,5,Off-Peak,93
GTF002185,C00028,2025-06-27,3,Normal,79
GTF002186,C00093,2025-06-19,3,Off-Peak,95
GTF002187,C00100,2025-06-02,7,Peak,74
GTF002188,C00022,2025-06-05,6,Normal,72
GTF002189,C00052,2025-06-22,4,Peak,94
GTF002190,C00020,2025-06-15,0,Off-Peak,86
GTF002191,C00001,2025-06-22,8,Normal,82
GTF002192,C00017,2025-06-03,8,Normal,92
GTF002193,C00071,2025-06-09,5,Normal,86
GTF002194,C00041,2025-06-28,2,Normal,94
GTF002195,C00025,2025-06-02,3,Off-Peak,77
GTF002196,C00040,2025-06-27,5,Normal,82
GTF002197,C00024,2025-06-07,9,Normal,79
GTF002198,C00094,2025-06-20,6,Normal,87
GTF002199,C00009,2025-06-15,8,Normal,82
GTF002200,C00020,2025-06-16,8,Normal,71
GTF002201,C00090,2025-06-07,6,Peak,94
GTF002202,C00095,2025-06-23,7,Off-Peak,75
GTF002203,C00040,2025-06-17,8,Peak,91
GTF002204,C00091,2025-06-27,2,Peak,71
GTF002205,C00025,2025-06-27,6,Normal,84
GTF002206,C00045,2025-06-10,7,Peak,93
GTF002207,C00005,2025-06-08,2,Normal,80
GTF002208,C00057,2025-06-01,5,Normal,87
GTF002209,C00075,2025-06-18,5,Off-Peak,89
GTF002210,C00069,2025-06-29,2,Peak,71
GTF002211,C00063,2025-06-22,4,Normal,85
GTF002212,C00099,2025-06-26,3,Normal,92
GTF002213,C00077,2025-06-16,3,Off-Peak,80
GTF002214,C00007,2025-06-06,4,Peak,95
GTF002215,C00080,2025-06-05,12,Peak,79
GTF002216,C00013,2025-06-15,3,Off-Peak,94
GTF002217,C00025,2025-06-25,1,Peak,87
GTF002218,C00089,2025-06-09,7,Normal,91
GTF002219,C00044,2025-06-13,2,Off-Peak,86
GTF002220,C00067,2025-06-15,5,Normal,88
GTF002221,C00051,2025-06-20,5,Normal,82
GTF002222,C00060,2025-06-20,9,Normal,72
GTF002223,C00083,2025-06-02,9,Normal,84
GTF002224,C00090,2025-06-26,7,Normal,70
GTF002225,C00086,2025-06-02,7,Peak,77
GTF002226,C00036,2025-06-23,8,Off-Peak,88
GTF002227,C00005,2025-06-25,3,Normal,85
GTF002228,C00027,2025-06-14,3,Off-Peak,80
GTF002229,C00024,2025-06-23,8,Normal,71
GTF002230,C00033,2025-06-18,6,Off-Peak,92
GTF002231,C00043,2025-06-11,3,Normal,77
GTF002232,C00092,2025-06-09,2,Normal,93
GTF002233,C00028,2025-06-15,2,Normal,86
GTF002234,C00052,2025-06-07,6,Peak,79
GTF002235,C00049,2025-06-30,8,Normal,93
GTF002236,C00090,2025-06-06,9,Normal,81
GTF002237,C00006,2025-06-02,7,Peak,91
GTF002238,C00067,2025-06-22,5,Peak,77
GTF002239,C00004,2025-06-20,5,Peak,79
GTF002240,C00027,2025-06-24,2,Normal,75
GTF002241,C00033,2025-06-07,2,Normal,90
GTF002242,C00010,2025-06-06,2,Off-Peak,95
GTF002243,C00033,2025-06-10,7,Normal,89
GTF002244,C00027,2025-06-21,3,Off-Peak,86
GTF002245,C00073,2025-06-25,4,Normal,79
GTF002246,C00031,2025-06-13,5,Off-Peak,88
GTF002247,C00016,2025-06-29,5,Off-Peak,77
GTF002248,C00079,2025-06-14,4,Normal,73
GTF002249,C00020,2025-06-12,5,Off-Peak,72
GTF002250,C00014,2025-06-02,9,Normal,83
GTF002251,C00040,2025-06-06,3,Normal,81
GTF002252,C00066,2025-06-15,6,Off-Peak,81
GTF002253,C00076,2025-06-06,3,Off-Peak,78
GTF002254,C00092,2025-06-20,6,Normal,70
GTF002255,C00050,2025-06-21,7,Normal,87
GTF002256,C00065,2025-06-16,9,Peak,88
GTF002257,C00100,2025-06-08,2,Off-Peak,74
GTF002258,C00032,2025-06-14,3,Normal,71
GTF002259,C00038,2025-06-16,3,Normal,70
GTF002260,C00067,2025-06-21,4,Normal,73
GTF002261,C00013,2025-06-10,4,Peak,85
GTF002262,C00081,2025-06-04,4,Off-Peak,75
GTF002263,C00055,2025-06-04,8,Normal,93
GTF002264,C00089,2025-06-10,5,Normal,88
GTF002265,C00021,2025-06-24,4,Off-Peak,91
GTF002266,C00060,2025-06-26,9,Off-Peak,70
GTF002267,C00046,2025-06-18,0,Normal,81
GTF002268,C00043,2025-06-02,8,Normal,86
GTF002269,C00018,2025-06-03,8,Normal,79
GTF002270,C00047,2025-06-16,7,Normal,91
GTF002271,C00006,2025-06-22,3,Normal,92
GTF002272,C00005,2025-06-26,4,Off-Peak,80
GTF002273,C00089,2025-06-29,6,Peak,83
GTF002274,C00067,2025-06-17,5,Peak,85
GTF002275,C00031,2025-06-06,5,Off-Peak,72
GTF002276,C00084,2025-06-21,2,Normal,88
GTF002277,C00031,2025-06-06,5,Normal,84
GTF002278,C00026,2025-06-29,4,Normal,72
GTF002279,C00008,2025-06-22,5,Off-Peak,85
GTF002280,C00027,2025-06-24,5,Off-Peak,94
GTF002281,C00027,2025-06-01,3,Normal,80
GTF002282,C00001,2025-06-18,7,Normal,94
GTF002283,C00095,2025-06-17,3,Peak,85
GTF002284,C00083,2025-06-13,8,Normal,86
GTF002285,C00021,2025-06-22,7,Normal,71
GTF002286,C00018,2025-06-30,1,Peak,86
GTF002287,C00044,2025-06-29,3,Off-Peak,73
GTF002288,C00052,2025-06-17,5,Off-Peak,74
GTF002289,C00013,2025-06-12,7,Off-Peak,75
GTF002290,C00033,2025-06-09,8,Normal,95
GTF002291,C00049,2025-06-22,5,Normal,91
GTF002292,C00068,2025-06-17,7,Normal,71
GTF002293,C00075,2025-06-25,5,Normal,82
GTF002294,C00084,2025-06-10,1,Normal,70
GTF002295,C00043,2025-06-30,2,Normal,76
GTF002296,C00045,2025-06-12,6,Peak,80
GTF002297,C00035,2025-06-09,8,Normal,83
GTF002298,C00065,2025-06-01,5,Normal,88
GTF002299,C00037,2025-06-19,3,Normal,84
GTF002300,C00021,2025-06-10,3,Off-Peak,80
GTF002301,C00096,2025-06-04,4,Off-Peak,91
GTF002302,C00089,2025-06-11,7,Normal,84
GTF002303,C00040,2025-06-25,4,Normal,89
GTF002304,C00073,2025-06-10,6,Off-Peak,70
GTF002305,C00072,2025-06-07,8,Normal,87
GTF002306,C00095,2025-06-23,7,Off-Peak,76
GTF002307,C00052,2025-06-26,5,Normal,77
GTF002308,C00050,2025-06-16,6,Normal,79
GTF002309,C00042,2025-06-20,5,Peak,88
GTF002310,C00016,2025-06-14,6,Peak,90
GTF002311,C00070,2025-06-26,4,Off-Peak,88
GTF002312,C00049,2025-06-14,7,Normal,89
GTF002313,C00020,2025-06-28,5,Normal,71
GTF002314,C00007,2025-06-09,7,Normal,73
GTF002315,C00032,2025-06-07,0,Normal,92
GTF002316,C00008,2025-06-09,8,Normal,93
GTF002317,C00080,2025-06-13,4,Normal,80
GTF002318,C00042,2025-06-19,6,Off-Peak,80
GTF002319,C00058,2025-06-11,4,Peak,77
GTF002320,C00011,2025-06-06,4,Normal,87
GTF002321,C00008,2025-06-16,6,Normal,80
GTF002322,C00046,2025-06-11,4,Off-Peak,85
GTF002323,C00022,2025-06-25,8,Normal,87
GTF002324,C00073,2025-06-02,11,Normal,81
GTF002325,C00068,2025-06-14,7,Off-Peak,74
GTF002326,C00063,2025-06-02,4,Peak,84
GTF002327,C00096,2025-06-13,7,Off-Peak,84
GTF002328,C00090,2025-06-29,6,Normal,94
GTF002329,C00016,2025-06-02,3,Normal,74
GTF002330,C00091,2025-06-20,5,Peak,81
GTF002331,C00008,2025-06-07,3,Normal,74
GTF002332,C00048,2025-06-25,2,Normal,83
GTF002333,C00016,2025-06-09,5,Normal,93
GTF002334,C00069,2025-06-14,2,Normal,94
GTF002335,C00054,2025-06-12,2,Normal,84
GTF002336,C00098,2025-06-10,6,Normal,95
GTF002337,C00076,2025-06-20,6,Normal,70
GTF002338,C00058,2025-06-14,6,Peak,73
GTF002339,C00071,2025-06-23,5,Off-Peak,73
GTF002340,C00054,2025-06-08,6,Normal,73
GTF002341,C00038,2025-06-30,9,Off-Peak,93
GTF002342,C00023,2025-06-03,6,Normal,77
GTF002343,C00063,2025-06-26,5,Peak,81
GTF002344,C00020,2025-06-07,3,Off-Peak,71
GTF002345,C00006,2025-06-08,6,Normal,79
GTF002346,C00089,2025-06-23,4,Off-Peak,87
GTF002347,C00035,2025-06-18,2,Normal,88
GTF002348,C00011,2025-06-21,4,Off-Peak,75
GTF002349,C00057,2025-06-21,7,Normal,86
GTF002350,C00018,2025-06-21,3,Normal,90
GTF002351,C00073,2025-06-28,1,Off-Peak,88
GTF002352,C00057,2025-06-28,1,Off-Peak,93
GTF002353,C00092,2025-06-07,2,Normal,71
GTF002354,C00087,2025-06-17,6,Normal,87
GTF002355,C00013,2025-06-20,4,Normal,79
GTF002356,C00090,2025-06-02,10,Off-Peak,91
GTF002357,C00008,2025-06-12,4,Normal,89
GTF002358,C00021,2025-06-26,5,Normal,84
GTF002359,C00008,2025-06-19,7,Off-Peak,90
GTF002360,C00083,2025-06-07,3,Normal,74
GTF002361,C00085,2025-06-07,3,Normal,91
GTF002362,C00064,2025-06-18,3,Peak,74
GTF002363,C00065,2025-06-18,2,Peak,94
GTF002364,C00024,2025-06-24,4,Normal,76
GTF002365,C00017,2025-06-15,2,Peak,92
GTF002366,C00024,2025-06-15,5,Off-Peak,75
GTF002367,C00060,2025-06-15,4,Off-Peak,85
GTF002368,C00003,2025-06-10,2,Normal,70
GTF002369,C00047,2025-06-18,11,Off-Peak,91
GTF002370,C00068,2025-06-26,5,Off-Peak,91
GTF002371,C00070,2025-06-10,6,Peak,80
GTF002372,C00050,2025-06-20,6,Off-Peak,85
GTF002373,C00014,2025-06-23,5,Normal,73
GTF002374,C00064,2025-06-09,7,Normal,71
GTF002375,C00058,2025-06-09,6,Normal,83
GTF002376,C00095,2025-06-07,3,Off-Peak,90
GTF002377,C00027,2025-06-14,4,Off-Peak,77
GTF002378,C00016,2025-06-27,5,Off-Peak,79
GTF002379,C00079,2025-06-03,4,Off-Peak,92
GTF002380,C00001,2025-06-14,3,Normal,77
GTF002381,C00058,2025-06-24,2,Normal,75
GTF002382,C00083,2025-06-27,4,Normal,83
GTF002383,C00052,2025-06-16,2,Normal,92
GTF002384,C00004,2025-06-01,5,Off-Peak,71
GTF002385,C00076,2025-06-15,3,Normal,83
GTF002386,C00012,2025-06-26,4,Peak,89
GTF002387,C00028,2025-06-05,9,Normal,79
GTF002388,C00077,2025-06-11,4,Peak,90
GTF002389,C00011,2025-06-18,2,Normal,78
GTF002390,C00086,2025-06-17,6,Normal,92
GTF002391,C00025,2025-06-27,4,Peak,81
GTF002392,C00040,2025-06-04,5,Normal,79
GTF002393,C00093,2025-06-29,2,Peak,77
GTF002394,C00044,2025-06-18,5,Off-Peak,79
GTF002395,C00025,2025-06-30,5,Normal,94
GTF002396,C00032,2025-06-03,7,Normal,92
GTF002397,C00100,2025-06-02,2,Normal,90
GTF002398,C00005,2025-06-10,4,Off-Peak,95
GTF002399,C00080,2025-06-09,5,Peak,81
GTF002400,C00051,2025-06-26,5,Peak,76
GTF002401,C00075,2025-06-17,6,Normal,94
GTF002402,C00037,2025-06-04,9,Off-Peak,90
GTF002403,C00097,2025-06-04,7,Off-Peak,84
GTF002404,C00078,2025-06-05,3,Peak,83
GTF002405,C00091,2025-06-15,3,Normal,72
GTF002406,C00008,2025-06-02,1,Peak,72
GTF002407,C00040,2025-06-29,2,Normal,81
GTF002408,C00041,2025-06-26,6,Peak,88
GTF002409,C00074,2025-06-23,3,Off-Peak,73
GTF002410,C00061,2025-06-26,8,Peak,71
GTF002411,C00010,2025-06-03,4,Normal,86
GTF002412,C00037,2025-06-22,3,Normal,83
GTF002413,C00037,2025-06-19,3,Normal,83
GTF002414,C00005,2025-06-23,2,Peak,89
GTF002415,C00004,2025-06-22,2,Off-Peak,77
GTF002416,C00093,2025-06-16,6,Peak,82
GTF002417,C00095,2025-06-14,5,Normal,77
GTF002418,C00097,2025-06-14,3,Normal,90
GTF002419,C00041,2025-06-28,8,Off-Peak,86
GTF002420,C00025,2025-06-30,5,Off-Peak,85
GTF002421,C00032,2025-06-14,4,Off-Peak,86
GTF002422,C00052,2025-06-11,2,Off-Peak,71
GTF002423,C00067,2025-06-02,6,Normal,80
GTF002424,C00052,2025-06-25,10,Off-Peak,85
GTF002425,C00060,2025-06-25,7,Normal,72
GTF002426,C00064,2025-06-26,10,Off-Peak,74
GTF002427,C00050,2025-06-21,6,Normal,76
GTF002428,C00089,2025-06-23,4,Normal,77
GTF002429,C00053,2025-06-11,6,Normal,83
GTF002430,C00009,2025-06-11,6,Off-Peak,74
GTF002431,C00003,2025-06-27,4,Normal,78
GTF002432,C00077,2025-06-10,2,Off-Peak,89
GTF002433,C00041,2025-06-21,7,Peak,88
GTF002434,C00061,2025-06-03,6,Off-Peak,80
GTF002435,C00011,2025-06-07,4,Normal,95
GTF002436,C00075,2025-06-07,2,Normal,87
GTF002437,C00053,2025-06-04,3,Normal,95
GTF002438,C00001,2025-06-26,5,Normal,93
GTF002439,C00005,2025-06-19,1,Normal,95
GTF002440,C00065,2025-06-08,7,Normal,84
GTF002441,C00084,2025-06-29,3,Normal,76
GTF002442,C00097,2025-06-09,6,Peak,86
GTF002443,C00001,2025-06-11,2,Off-Peak,70
GTF002444,C00043,2025-06-17,1,Peak,79
GTF002445,C00055,2025-06-16,5,Normal,77
GTF002446,C00082,2025-06-30,6,Normal,84
GTF002447,C00091,2025-06-30,9,Normal,80
GTF002448,C00066,2025-06-03,5,Normal,74
GTF002449,C00078,2025-06-27,7,Peak,94
GTF002450,C00058,2025-06-08,0,Off-Peak,79
GTF002451,C00043,2025-06-08,2,Normal,81
GTF002452,C00037,2025-06-24,7,Normal,72
GTF002453,C00081,2025-06-10,4,Normal,90
GTF002454,C00047,2025-06-17,8,Normal,91
GTF002455,C00080,2025-06-14,8,Normal,76
GTF002456,C00076,2025-06-07,5,Normal,78
GTF002457,C00093,2025-06-12,10,Off-Peak,94
GTF002458,C00065,2025-06-16,6,Peak,91
GTF002459,C00008,2025-06-09,8,Peak,87
GTF002460,C00011,2025-06-17,4,Normal,73
GTF002461,C00052,2025-06-15,5,Off-Peak,93
GTF002462,C00095,2025-06-17,4,Off-Peak,83
GTF002463,C00071,2025-06-25,7,Peak,95
GTF002464,C00046,2025-06-23,6,Normal,76
GTF002465,C00038,2025-06-25,5,Peak,78
GTF002466,C00080,2025-06-16,2,Off-Peak,92
GTF002467,C00042,2025-06-23,5,Normal,70
GTF002468,C00037,2025-06-14,5,Normal,71
GTF002469,C00031,2025-06-15,12,Off-Peak,84
GTF002470,C00055,2025-06-09,6,Normal,76
GTF002471,C00079,2025-06-16,8,Normal,70
GTF002472,C00052,2025-06-29,6,Normal,85
GTF002473,C00076,2025-06-19,7,Normal,75
GTF002474,C00100,2025-06-07,9,Normal,85
GTF002475,C00024,2025-06-02,2,Off-Peak,89
GTF002476,C00052,2025-06-16,2,Peak,77
GTF002477,C00093,2025-06-29,4,Normal,70
GTF002478,C00012,2025-06-21,3,Normal,89
GTF002479,C00083,2025-06-06,8,Normal,80
GTF002480,C00081,2025-06-25,4,Off-Peak,85
GTF002481,C00078,2025-06-05,4,Normal,92
GTF002482,C00091,2025-06-09,4,Off-Peak,95
GTF002483,C00094,2025-06-09,4,Normal,92
GTF002484,C00041,2025-06-02,4,Normal,78
GTF002485,C00054,2025-06-26,5,Off-Peak,85
GTF002486,C00035,2025-06-13,4,Off-Peak,93
GTF002487,C00048,2025-06-23,5,Normal,78
GTF002488,C00061,2025-06-16,7,Normal,91
GTF002489,C00014,2025-06-01,8,Normal,94
GTF002490,C00089,2025-06-09,11,Normal,74
GTF002491,C00085,2025-06-18,6,Off-Peak,71
GTF002492,C00039,2025-06-25,8,Off-Peak,84
GTF002493,C00066,2025-06-08,6,Peak,75
GTF002494,C00070,2025-06-05,5,Peak,82
GTF002495,C00023,2025-06-16,7,Off-Peak,80
GTF002496,C00017,2025-06-19,4,Normal,73
GTF002497,C00023,2025-06-12,5,Normal,74
GTF002498,C00084,2025-06-11,5,Off-Peak,71
GTF002499,C00032,2025-06-17,6,Off-Peak,73
GTF002500,C00011,2025-06-28,5,Normal,80
GTF002501,C00049,2025-06-18,5,Peak,95
GTF002502,C00016,2025-06-26,6,Peak,87
GTF002503,C00052,2025-06-16,5,Normal,87
GTF002504,C00094,2025-06-01,6,Normal,93
GTF002505,C00098,2025-06-10,3,Peak,77
GTF002506,C00073,2025-06-20,1,Normal,93
GTF002507,C00018,2025-06-18,3,Normal,80
GTF002508,C00064,2025-06-21,3,Peak,79
GTF002509,C00049,2025-06-22,7,Normal,75
GTF002510,C00072,2025-06-09,5,Off-Peak,90
GTF002511,C00075,2025-06-29,4,Peak,70
GTF002512,C00057,2025-06-27,7,Peak,92
GTF002513,C00059,2025-06-22,7,Normal,94
GTF002514,C00016,2025-06-10,5,Normal,72
GTF002515,C00067,2025-06-01,4,Normal,73
GTF002516,C00087,2025-06-25,4,Normal,86
GTF002517,C00017,2025-06-27,6,Normal,89
GTF002518,C00079,2025-06-12,5,Peak,84
GTF002519,C00070,2025-06-19,10,Peak,74
GTF002520,C00043,2025-06-30,1,Off-Peak,83
GTF002521,C00006,2025-06-13,3,Peak,75
GTF002522,C00046,2025-06-20,5,Normal,93
GTF002523,C00015,2025-06-24,3,Off-Peak,92
GTF002524,C00027,2025-06-04,3,Normal,91
GTF002525,C00073,2025-06-13,3,Normal,91
GTF002526,C00088,2025-06-10,6,Normal,85
GTF002527,C00096,2025-06-30,7,Normal,92
GTF002528,C00031,2025-06-24,4,Normal,80
GTF002529,C00018,2025-06-20,9,Normal,87
GTF002530,C00076,2025-06-18,8,Off-Peak,82
GTF002531,C00005,2025-06-19,4,Normal,92
GTF002532,C00044,2025-06-25,6,Normal,70
GTF002533,C00080,2025-06-07,4,Normal,89
GTF002534,C00057,2025-06-19,4,Normal,94
GTF002535,C00097,2025-06-20,11,Off-Peak,80
GTF002536,C00022,2025-06-09,4,Peak,93
GTF002537,C00054,2025-06-01,2,Normal,81
GTF002538,C00006,2025-06-17,2,Normal,75
GTF002539,C00040,2025-06-04,2,Off-Peak,72
GTF002540,C00006,2025-06-27,6,Normal,78
GTF002541,C00043,2025-06-09,4,Off-Peak,84
GTF002542,C00055,2025-06-15,2,Peak,71
GTF002543,C00064,2025-06-03,6,Peak,71
GTF002544,C00007,2025-06-26,4,Normal,94
GTF002545,C00046,2025-06-15,4,Normal,73
GTF002546,C00010,2025-06-21,2,Normal,91
GTF002547,C00032,2025-06-05,8,Normal,93
GTF002548,C00086,2025-06-05,6,Peak,71
GTF002549,C00021,2025-06-27,7,Normal,93
GTF002550,C00014,2025-06-10,5,Normal,83
GTF002551,C00013,2025-06-23,9,Normal,70
GTF002552,C00036,2025-06-02,4,Peak,77
GTF002553,C00069,2025-06-28,8,Normal,89
GTF002554,C00082,2025-06-06,3,Peak,82
GTF002555,C00009,2025-06-24,4,Normal,90
GTF002556,C00090,2025-06-10,7,Normal,77
GTF002557,C00065,2025-06-02,5,Off-Peak,80
GTF002558,C00040,2025-06-17,8,Peak,72
GTF002559,C00075,2025-06-07,5,Normal,81
GTF002560,C00042,2025-06-15,7,Normal,75
GTF002561,C00057,2025-06-21,4,Normal,80
GTF002562,C00080,2025-06-01,7,Normal,90
GTF002563,C00063,2025-06-30,8,Normal,79
GTF002564,C00043,2025-06-02,8,Normal,91
GTF002565,C00090,2025-06-23,10,Normal,92
GTF002566,C00021,2025-06-30,4,Normal,80
GTF002567,C00089,2025-06-06,8,Off-Peak,73
GTF002568,C00048,2025-06-20,3,Normal,76
GTF002569,C00061,2025-06-26,6,Off-Peak,72
GTF002570,C00095,2025-06-11,4,Normal,86
GTF002571,C00040,2025-06-17,7,Normal,74
GTF002572,C00030,2025-06-19,6,Off-Peak,80
GTF002573,C00011,2025-06-19,12,Peak,91
GTF002574,C00076,2025-06-15,7,Peak,74
GTF002575,C00082,2025-06-18,4,Normal,91
GTF002576,C00094,2025-06-03,4,Normal,81
GTF002577,C00073,2025-06-21,2,Normal,89
GTF002578,C00085,2025-06-28,5,Peak,82
GTF002579,C00065,2025-06-19,7,Peak,92
GTF002580,C00008,2025-06-18,7,Peak,92
GTF002581,C00080,2025-06-01,8,Normal,88
GTF002582,C00049,2025-06-25,3,Normal,87
GTF002583,C00004,2025-06-20,1,Normal,82
GTF002584,C00024,2025-06-02,7,Normal,81
GTF002585,C00051,2025-06-23,3,Off-Peak,91
GTF002586,C00014,2025-06-13,6,Normal,93
GTF002587,C00015,2025-06-12,7,Peak,82
GTF002588,C00045,2025-06-11,3,Peak,75
GTF002589,C00100,2025-06-05,2,Peak,77
GTF002590,C00098,2025-06-29,3,Normal,85
GTF002591,C00026,2025-06-11,9,Normal,73
GTF002592,C00029,2025-06-06,10,Normal,93
GTF002593,C00018,2025-06-17,9,Normal,92
GTF002594,C00032,2025-06-20,7,Off-Peak,70
GTF002595,C00095,2025-06-18,1,Peak,90
GTF002596,C00017,2025-06-30,7,Off-Peak,91
GTF002597,C00035,2025-06-04,2,Peak,71
GTF002598,C00088,2025-06-11,4,Normal,89
GTF002599,C00002,2025-06-30,6,Peak,78
GTF002600,C00031,2025-06-04,9,Normal,86
GTF002601,C00059,2025-06-03,4,Normal,77
GTF002602,C00047,2025-06-08,11,Normal,92
GTF002603,C00074,2025-06-18,1,Off-Peak,80
GTF002604,C00052,2025-06-29,4,Normal,95
GTF002605,C00071,2025-06-14,0,Peak,86
GTF002606,C00076,2025-06-08,4,Normal,81
GTF002607,C00018,2025-06-09,4,Normal,80
GTF002608,C00033,2025-06-24,9,Normal,72
GTF002609,C00032,2025-06-25,3,Peak,82
GTF002610,C00066,2025-06-21,6,Normal,92
GTF002611,C00017,2025-06-07,5,Off-Peak,93
GTF002612,C00073,2025-06-04,4,Normal,73
GTF002613,C00001,2025-06-16,7,Normal,93
GTF002614,C00084,2025-06-11,3,Normal,87
GTF002615,C00032,2025-06-18,5,Peak,93
GTF002616,C00079,2025-06-06,5,Normal,87
GTF002617,C00029,2025-06-01,8,Peak,87
GTF002618,C00030,2025-06-17,5,Off-Peak,77
GTF002619,C00077,2025-06-10,10,Off-Peak,86
GTF002620,C00024,2025-06-04,5,Off-Peak,76
GTF002621,C00011,2025-06-09,4,Normal,93
GTF002622,C00009,2025-06-05,7,Normal,85
GTF002623,C00060,2025-06-13,3,Normal,79
GTF002624,C00028,2025-06-08,4,Normal,94
GTF002625,C00064,2025-06-18,4,Peak,92
GTF002626,C00039,2025-06-29,7,Off-Peak,76
GTF002627,C00056,2025-06-14,5,Normal,92
GTF002628,C00018,2025-06-18,4,Normal,78
GTF002629,C00035,2025-06-05,6,Normal,87
GTF002630,C00035,2025-06-11,5,Peak,88
GTF002631,C00024,2025-06-10,7,Peak,70
GTF002632,C00082,2025-06-26,5,Normal,79
GTF002633,C00038,2025-06-06,6,Normal,79
GTF002634,C00096,2025-06-24,7,Normal,74
GTF002635,C00047,2025-06-02,9,Normal,70
GTF002636,C00088,2025-06-15,3,Off-Peak,94
GTF002637,C00049,2025-06-26,7,Peak,88
GTF002638,C00013,2025-06-06,6,Off-Peak,84
GTF002639,C00059,2025-06-02,7,Peak,70
GTF002640,C00052,2025-06-06,4,Normal,87
GTF002641,C00075,2025-06-11,5,Normal,84
GTF002642,C00008,2025-06-16,4,Off-Peak,83
GTF002643,C00020,2025-06-01,5,Off-Peak,93
GTF002644,C00089,2025-06-08,5,Off-Peak,90
GTF002645,C00040,2025-06-08,6,Normal,93
GTF002646,C00054,2025-06-25,5,Normal,88
GTF002647,C00022,2025-06-27,6,Off-Peak,76
GTF002648,C00004,2025-06-07,6,Normal,77
GTF002649,C00079,2025-06-30,2,Off-Peak,81
GTF002650,C00024,2025-06-20,3,Normal,84
GTF002651,C00073,2025-06-15,7,Peak,75
GTF002652,C00011,2025-06-18,1,Peak,90
GTF002653,C00099,2025-06-08,7,Off-Peak,71
GTF002654,C00070,2025-06-30,5,Normal,88
GTF002655,C00048,2025-06-24,6,Off-Peak,95
GTF002656,C00064,2025-06-09,6,Normal,76
GTF002657,C00001,2025-06-13,3,Normal,71
GTF002658,C00042,2025-06-03,4,Off-Peak,84
GTF002659,C00091,2025-06-04,0,Normal,76
GTF002660,C00066,2025-06-08,6,Peak,76
GTF002661,C00054,2025-06-06,2,Peak,84
GTF002662,C00013,2025-06-13,5,Peak,82
GTF002663,C00084,2025-06-21,3,Off-Peak,71
GTF002664,C00062,2025-06-08,5,Peak,86
GTF002665,C00012,2025-06-29,5,Normal,87
GTF002666,C00058,2025-06-25,2,Normal,87
GTF002667,C00090,2025-06-07,11,Normal,85
GTF002668,C00080,2025-06-30,1,Normal,74
GTF002669,C00032,2025-06-19,4,Peak,73
GTF002670,C00028,2025-06-08,3,Normal,83
GTF002671,C00026,2025-06-23,10,Off-Peak,84
GTF002672,C00088,2025-06-17,5,Normal,82
GTF002673,C00015,2025-06-27,4,Normal,70
GTF002674,C00033,2025-06-15,4,Normal,85
GTF002675,C00083,2025-06-27,3,Normal,88
GTF002676,C00067,2025-06-20,4,Normal,84
GTF002677,C00049,2025-06-30,3,Off-Peak,88
GTF002678,C00077,2025-06-10,10,Normal,72
GTF002679,C00075,2025-06-26,5,Normal,80
GTF002680,C00063,2025-06-02,2,Normal,94
GTF002681,C00028,2025-06-14,8,Peak,94
GTF002682,C00075,2025-06-26,5,Normal,73
GTF002683,C00026,2025-06-12,6,Normal,91
GTF002684,C00047,2025-06-14,6,Peak,94
GTF002685,C00063,2025-06-22,3,Normal,95
GTF002686,C00079,2025-06-16,3,Normal,94
GTF002687,C00036,2025-06-18,5,Normal,86
GTF002688,C00084,2025-06-18,8,Normal,89
GTF002689,C00028,2025-06-15,2,Peak,78
GTF002690,C00009,2025-06-16,6,Peak,83
GTF002691,C00027,2025-06-17,7,Normal,91
GTF002692,C00018,2025-06-21,7,Peak,81
GTF002693,C00048,2025-06-01,3,Peak,73
GTF002694,C00076,2025-06-21,5,Normal,92
GTF002695,C00015,2025-06-18,2,Normal,78
GTF002696,C00068,2025-06-19,6,Normal,75
GTF002697,C00077,2025-06-09,3,Off-Peak,90
GTF002698,C00062,2025-06-05,2,Normal,92
GTF002699,C00023,2025-06-07,9,Peak,73
GTF002700,C00089,2025-06-11,3,Normal,92
GTF002701,C00006,2025-06-14,3,Off-Peak,93
GTF002702,C00044,2025-06-05,8,Normal,94
GTF002703,C00045,2025-06-26,5,Off-Peak,85
GTF002704,C00028,2025-06-25,4,Peak,91
GTF002705,C00058,2025-06-11,7,Normal,91
GTF002706,C00059,2025-06-23,3,Off-Peak,89
GTF002707,C00017,2025-06-05,3,Off-Peak,85
GTF002708,C00093,2025-06-08,8,Peak,94
GTF002709,C00021,2025-06-21,2,Off-Peak,78
GTF002710,C00076,2025-06-12,4,Off-Peak,80
GTF002711,C00088,2025-06-02,4,Normal,87
GTF002712,C00080,2025-06-12,4,Normal,93
GTF002713,C00073,2025-06-19,5,Off-Peak,84
GTF002714,C00068,2025-06-13,11,Off-Peak,93
GTF002715,C00062,2025-06-08,5,Peak,95
GTF002716,C00018,2025-06-18,2,Normal,86
GTF002717,C00100,2025-06-12,4,Normal,92
GTF002718,C00063,2025-06-25,4,Normal,78
GTF002719,C00013,2025-06-12,5,Normal,88
GTF002720,C00004,2025-06-30,10,Normal,81
GTF002721,C00037,2025-06-24,3,Peak,81
GTF002722,C00006,2025-06-18,6,Normal,82
GTF002723,C00061,2025-06-16,6,Normal,71
GTF002724,C00051,2025-06-28,4,Normal,76
GTF002725,C00084,2025-06-24,7,Peak,77
GTF002726,C00027,2025-06-06,5,Normal,78
GTF002727,C00009,2025-06-09,5,Peak,79
GTF002728,C00075,2025-06-01,8,Normal,94
GTF002729,C00007,2025-06-21,6,Normal,75
GTF002730,C00006,2025-06-09,4,Peak,89
GTF002731,C00034,2025-06-01,5,Normal,81
GTF002732,C00017,2025-06-09,5,Normal,81
GTF002733,C00099,2025-06-27,4,Normal,87
GTF002734,C00010,2025-06-29,6,Peak,93
GTF002735,C00005,2025-06-26,8,Normal,93
GTF002736,C00071,2025-06-25,3,Normal,76
GTF002737,C00064,2025-06-25,12,Off-Peak,82
GTF002738,C00013,2025-06-12,4,Off-Peak,95
GTF002739,C00028,2025-06-22,3,Normal,83
GTF002740,C00012,2025-06-10,5,Normal,88
GTF002741,C00047,2025-06-03,3,Off-Peak,86
GTF002742,C00042,2025-06-16,5,Normal,73
GTF002743,C00075,2025-06-29,7,Normal,74
GTF002744,C00017,2025-06-08,10,Normal,85
GTF002745,C00058,2025-06-28,9,Off-Peak,72
GTF002746,C00059,2025-06-03,6,Normal,76
GTF002747,C00043,2025-06-05,10,Off-Peak,95
GTF002748,C00015,2025-06-18,8,Normal,74
GTF002749,C00024,2025-06-13,4,Peak,72
GTF002750,C00091,2025-06-30,7,Normal,91
GTF002751,C00028,2025-06-25,3,Peak,91
GTF002752,C00039,2025-06-18,3,Normal,81
GTF002753,C00061,2025-06-28,5,Normal,91
GTF002754,C00039,2025-06-10,5,Peak,95
GTF002755,C00072,2025-06-20,6,Peak,93
GTF002756,C00084,2025-06-11,2,Off-Peak,88
GTF002757,C00070,2025-06-11,8,Off-Peak,93
GTF002758,C00086,2025-06-06,9,Normal,75
GTF002759,C00084,2025-06-28,4,Normal,93
GTF002760,C00005,2025-06-24,4,Normal,87
GTF002761,C00056,2025-06-29,2,Peak,90
GTF002762,C00032,2025-06-28,4,Off-Peak,90
GTF002763,C00040,2025-06-12,7,Normal,82
GTF002764,C00041,2025-06-27,3,Normal,89
GTF002765,C00034,2025-06-26,3,Off-Peak,91
GTF002766,C00004,2025-06-20,4,Peak,71
GTF002767,C00063,2025-06-16,4,Peak,86
GTF002768,C00069,2025-06-20,2,Normal,78
GTF002769,C00066,2025-06-27,3,Off-Peak,72
GTF002770,C00023,2025-06-15,3,Normal,72
GTF002771,C00051,2025-06-07,3,Peak,78
GTF002772,C00023,2025-06-12,10,Off-Peak,81
GTF002773,C00082,2025-06-19,2,Normal,70
GTF002774,C00001,2025-06-15,4,Normal,94
GTF002775,C00050,2025-06-07,5,Peak,75
GTF002776,C00064,2025-06-24,7,Normal,88
GTF002777,C00091,2025-06-15,1,Off-Peak,81
GTF002778,C00013,2025-06-15,6,Normal,74
GTF002779,C00030,2025-06-03,3,Off-Peak,87
GTF002780,C00007,2025-06-10,5,Peak,89
GTF002781,C00083,2025-06-11,2,Off-Peak,76
GTF002782,C00053,2025-06-07,6,Normal,92
GTF002783,C00052,2025-06-20,5,Normal,87
GTF002784,C00006,2025-06-01,5,Peak,94
GTF002785,C00084,2025-06-17,3,Normal,78
GTF002786,C00082,2025-06-02,6,Normal,74
GTF002787,C00008,2025-06-04,3,Normal,80
GTF002788,C00021,2025-06-24,10,Normal,86
GTF002789,C00039,2025-06-08,4,Normal,85
GTF002790,C00017,2025-06-23,3,Normal,87
GTF002791,C00072,2025-06-03,7,Normal,86
GTF002792,C00009,2025-06-30,6,Normal,73
GTF002793,C00040,2025-06-18,4,Peak,78
GTF002794,C00033,2025-06-29,2,Off-Peak,86
GTF002795,C00016,2025-06-18,4,Normal,77
GTF002796,C00018,2025-06-14,5,Off-Peak,80
GTF002797,C00025,2025-06-08,5,Normal,89
GTF002798,C00009,2025-06-28,7,Peak,84
GTF002799,C00075,2025-06-11,7,Normal,94
GTF002800,C00061,2025-06-23,2,Normal,74
GTF002801,C00027,2025-06-04,9,Peak,75
GTF002802,C00029,2025-06-29,6,Normal,79
GTF002803,C00049,2025-06-10,2,Normal,89
GTF002804,C00005,2025-06-01,3,Normal,91
GTF002805,C00092,2025-06-27,5,Off-Peak,73
GTF002806,C00066,2025-06-30,6,Peak,79
GTF002807,C00038,2025-06-01,9,Off-Peak,85
GTF002808,C00096,2025-06-04,4,Normal,87
GTF002809,C00067,2025-06-19,6,Normal,92
GTF002810,C00075,2025-06-14,8,Normal,93
GTF002811,C00074,2025-06-19,3,Normal,77
GTF002812,C00021,2025-06-28,6,Off-Peak,88
GTF002813,C00074,2025-06-27,4,Normal,90
GTF002814,C00080,2025-06-04,7,Off-Peak,73
GTF002815,C00006,2025-06-23,5,Normal,80
GTF002816,C00065,2025-06-07,6,Off-Peak,71
GTF002817,C00078,2025-06-30,5,Normal,94
GTF002818,C00080,2025-06-06,3,Off-Peak,73
GTF002819,C00072,2025-06-09,7,Normal,77
GTF002820,C00062,2025-06-30,3,Normal,91
GTF002821,C00072,2025-06-23,4,Normal,76
GTF002822,C00052,2025-06-29,5,Normal,92
GTF002823,C00092,2025-06-11,7,Off-Peak,87
GTF002824,C00043,2025-06-12,4,Normal,79
GTF002825,C00073,2025-06-24,1,Normal,85
GTF002826,C00004,2025-06-11,9,Off-Peak,92
GTF002827,C00076,2025-06-27,10,Normal,95
GTF002828,C00090,2025-06-13,4,Normal,82
GTF002829,C00001,2025-06-15,4,Normal,88
GTF002830,C00018,2025-06-13,7,Off-Peak,82
GTF002831,C00047,2025-06-23,3,Off-Peak,95
GTF002832,C00047,2025-06-15,4,Normal,77
GTF002833,C00064,2025-06-08,10,Peak,83
GTF002834,C00063,2025-06-06,7,Normal,89
GTF002835,C00093,2025-06-06,8,Off-Peak,76
GTF002836,C00022,2025-06-21,5,Off-Peak,76
GTF002837,C00071,2025-06-04,4,Off-Peak,74
GTF002838,C00100,2025-06-20,6,Normal,90
GTF002839,C00037,2025-06-20,4,Off-Peak,91
GTF002840,C00080,2025-06-23,3,Normal,80
GTF002841,C00065,2025-06-16,4,Peak,86
GTF002842,C00083,2025-06-11,4,Normal,91
GTF002843,C00098,2025-06-02,2,Normal,91
GTF002844,C00029,2025-06-13,6,Off-Peak,76
GTF002845,C00071,2025-06-18,7,Normal,82
GTF002846,C00033,2025-06-10,5,Normal,71
GTF002847,C00074,2025-06-24,3,Peak,73
GTF002848,C00017,2025-06-11,2,Peak,80
GTF002849,C00029,2025-06-27,3,Normal,79
GTF002850,C00020,2025-06-20,3,Normal,83
GTF002851,C00090,2025-06-06,1,Normal,78
GTF002852,C00095,2025-06-14,3,Off-Peak,73
GTF002853,C00078,2025-06-10,6,Normal,73
GTF002854,C00088,2025-06-20,4,Normal,70
GTF002855,C00095,2025-06-27,4,Normal,70
GTF002856,C00098,2025-06-06,2,Normal,79
GTF002857,C00076,2025-06-12,8,Peak,77
GTF002858,C00091,2025-06-03,7,Off-Peak,71
GTF002859,C00006,2025-06-28,5,Normal,77
GTF002860,C00041,2025-06-11,1,Off-Peak,83
GTF002861,C00041,2025-06-15,10,Normal,80
GTF002862,C00087,2025-06-18,6,Normal,75
GTF002863,C00008,2025-06-02,4,Off-Peak,74
GTF002864,C00024,2025-06-10,5,Normal,78
GTF002865,C00042,2025-06-20,4,Off-Peak,72
GTF002866,C00004,2025-06-30,5,Normal,91
GTF002867,C00060,2025-06-12,5,Normal,71
GTF002868,C00068,2025-06-26,5,Peak,83
GTF002869,C00059,2025-06-27,3,Normal,78
GTF002870,C00004,2025-06-06,6,Normal,86
GTF002871,C00077,2025-06-07,7,Normal,92
GTF002872,C00043,2025-06-24,4,Peak,95
GTF002873,C00058,2025-06-18,7,Peak,78
GTF002874,C00014,2025-06-21,6,Normal,89
GTF002875,C00033,2025-06-12,5,Normal,71
GTF002876,C00068,2025-06-27,8,Normal,70
GTF002877,C00037,2025-06-30,1,Normal,83
GTF002878,C00049,2025-06-14,7,Off-Peak,71
GTF002879,C00062,2025-06-17,11,Off-Peak,75
GTF002880,C00036,2025-06-09,4,Off-Peak,71
GTF002881,C00057,2025-06-11,4,Normal,75
GTF002882,C00098,2025-06-30,5,Normal,91
GTF002883,C00011,2025-06-16,2,Off-Peak,77
GTF002884,C00097,2025-06-17,9,Off-Peak,83
GTF002885,C00099,2025-06-11,0,Off-Peak,95
GTF002886,C00055,2025-06-24,3,Peak,76
GTF002887,C00005,2025-06-03,3,Peak,86
GTF002888,C00045,2025-06-24,8,Off-Peak,72
GTF002889,C00025,2025-06-15,4,Peak,81
GTF002890,C00061,2025-06-21,13,Normal,72
GTF002891,C00094,2025-06-08,6,Normal,83
GTF002892,C00072,2025-06-06,4,Normal,92
GTF002893,C00043,2025-06-08,8,Normal,79
GTF002894,C00076,2025-06-25,7,Peak,94
GTF002895,C00012,2025-06-08,8,Normal,81
GTF002896,C00059,2025-06-21,2,Off-Peak,72
GTF002897,C00047,2025-06-13,9,Normal,89
GTF002898,C00066,2025-06-19,7,Normal,73
GTF002899,C00010,2025-06-01,2,Off-Peak,70
GTF002900,C00063,2025-06-18,5,Normal,89
GTF002901,C00038,2025-06-29,5,Normal,70
GTF002902,C00070,2025-06-11,8,Off-Peak,76
GTF002903,C00011,2025-06-09,5,Normal,77
GTF002904,C00099,2025-06-08,6,Normal,85
GTF002905,C00013,2025-06-18,0,Normal,89
GTF002906,C00054,2025-06-24,5,Peak,76
GTF002907,C00057,2025-06-01,6,Peak,74
GTF002908,C00058,2025-06-15,3,Peak,81
GTF002909,C00053,2025-06-17,6,Off-Peak,87
GTF002910,C00072,2025-06-08,3,Normal,76
GTF002911,C00071,2025-06-22,5,Peak,82
GTF002912,C00024,2025-06-22,7,Normal,85
GTF002913,C00065,2025-06-19,7,Peak,70
GTF002914,C00039,2025-06-05,5,Normal,90
GTF002915,C00096,2025-06-23,3,Normal,71
GTF002916,C00070,2025-06-19,7,Normal,87
GTF002917,C00083,2025-06-01,3,Peak,91
GTF002918,C00083,2025-06-05,7,Normal,88
GTF002919,C00039,2025-06-03,3,Normal,81
GTF002920,C00023,2025-06-03,8,Normal,71
GTF002921,C00081,2025-06-11,9,Normal,75
GTF002922,C00028,2025-06-11,4,Off-Peak,77
GTF002923,C00095,2025-06-08,5,Normal,89
GTF002924,C00088,2025-06-20,6,Off-Peak,87
GTF002925,C00044,2025-06-10,2,Normal,80
GTF002926,C00017,2025-06-24,8,Normal,84
GTF002927,C00034,2025-06-26,1,Off-Peak,84
GTF002928,C00097,2025-06-03,2,Normal,80
GTF002929,C00011,2025-06-05,6,Normal,77
GTF002930,C00054,2025-06-23,11,Off-Peak,82
GTF002931,C00047,2025-06-08,9,Normal,78
GTF002932,C00051,2025-06-20,5,Normal,87
GTF002933,C00037,2025-06-10,4,Normal,94
GTF002934,C00081,2025-06-26,6,Normal,89
GTF002935,C00086,2025-06-12,5,Off-Peak,71
GTF002936,C00053,2025-06-02,5,Normal,93
GTF002937,C00010,2025-06-23,7,Off-Peak,85
GTF002938,C00027,2025-06-29,2,Off-Peak,95
GTF002939,C00015,2025-06-20,5,Normal,90
GTF002940,C00030,2025-06-01,5,Normal,76
GTF002941,C00051,2025-06-07,7,Normal,93
GTF002942,C00026,2025-06-11,5,Peak,76
GTF002943,C00033,2025-06-16,4,Normal,85
GTF002944,C00053,2025-06-06,9,Normal,84
GTF002945,C00055,2025-06-21,5,Peak,95
GTF002946,C00031,2025-06-19,4,Normal,78
GTF002947,C00034,2025-06-07,4,Peak,78
GTF002948,C00095,2025-06-13,2,Off-Peak,76
GTF002949,C00082,2025-06-02,7,Normal,75
GTF002950,C00048,2025-06-24,8,Peak,79
GTF002951,C00093,2025-06-23,6,Normal,77
GTF002952,C00083,2025-06-07,6,Normal,94
GTF002953,C00095,2025-06-02,4,Peak,85
GTF002954,C00087,2025-06-27,2,Normal,83
GTF002955,C00039,2025-06-11,8,Peak,86
GTF002956,C00099,2025-06-30,5,Normal,83
GTF002957,C00089,2025-06-14,4,Normal,82
GTF002958,C00085,2025-06-10,6,Peak,95
GTF002959,C00060,2025-06-04,6,Off-Peak,89
GTF002960,C00005,2025-06-01,5,Normal,71
GTF002961,C00024,2025-06-18,5,Normal,83
GTF002962,C00098,2025-06-08,4,Normal,92
GTF002963,C00091,2025-06-24,4,Normal,84
GTF002964,C00075,2025-06-24,10,Off-Peak,76
GTF002965,C00079,2025-06-25,1,Off-Peak,95
GTF002966,C00081,2025-06-13,4,Normal,88
GTF002967,C00020,2025-06-27,8,Peak,85
GTF002968,C00044,2025-06-12,9,Off-Peak,71
GTF002969,C00054,2025-06-16,2,Off-Peak,94
GTF002970,C00037,2025-06-05,3,Normal,73
GTF002971,C00097,2025-06-23,6,Off-Peak,91
GTF002972,C00012,2025-06-23,3,Normal,83
GTF002973,C00011,2025-06-28,6,Off-Peak,93
GTF002974,C00027,2025-06-15,4,Off-Peak,93
GTF002975,C00007,2025-06-21,8,Off-Peak,80
GTF002976,C00076,2025-06-21,6,Normal,86
GTF002977,C00042,2025-06-06,3,Peak,84
GTF002978,C00049,2025-06-17,7,Normal,79
GTF002979,C00025,2025-06-19,4,Off-Peak,95
GTF002980,C00013,2025-06-17,3,Normal,83
GTF002981,C00077,2025-06-16,4,Off-Peak,89
GTF002982,C00020,2025-06-28,3,Normal,89
GTF002983,C00081,2025-06-04,6,Peak,81
GTF002984,C00032,2025-06-27,8,Off-Peak,86
GTF002985,C00034,2025-06-29,6,Normal,79
GTF002986,C00035,2025-06-23,1,Normal,83
GTF002987,C00049,2025-06-11,4,Peak,70
GTF002988,C00013,2025-06-14,5,Normal,72
GTF002989,C00065,2025-06-11,9,Off-Peak,85
GTF002990,C00015,2025-06-02,3,Peak,89
GTF002991,C00013,2025-06-16,6,Normal,78
GTF002992,C00056,2025-06-03,3,Normal,90
GTF002993,C00004,2025-06-15,5,Normal,83
GTF002994,C00031,2025-06-13,5,Normal,88
GTF002995,C00088,2025-06-22,6,Normal,82
GTF002996,C00012,2025-06-25,2,Normal,87
GTF002997,C00014,2025-06-21,2,Peak,86
GTF002998,C00090,2025-06-12,1,Peak,85
GTF002999,C00072,2025-06-09,2,Off-Peak,88
GTF003000,C00056,2025-06-16,3,Normal,84
