historical_plan_id,block_request_id,corridor_id,planned_date,planned_start_time,planned_duration_min,planning_method,conflict_count,utilization_pct,status
HP000001,BR000815,C00056,2025-06-22,09:36,106,Manual,4,76,Completed
HP000002,BR003794,C00097,2025-06-15,11:00,45,Manual,1,46,Completed
HP000003,BR001662,C00053,2025-06-01,08:47,104,Manual,2,66,Completed
HP000004,BR003586,C00055,2025-06-05,00:47,75,Manual,0,50,Completed
HP000005,BR000224,C00075,2025-06-12,00:36,132,Manual,1,81,Completed
HP000006,BR005420,C00065,2025-06-02,04:10,87,Manual,4,52,Completed
HP000007,BR001508,C00092,2025-06-08,14:35,68,Manual,3,78,Completed
HP000008,BR000861,C00027,2025-06-17,09:32,187,Manual,4,77,Completed
HP000009,BR003581,C00025,2025-06-30,02:41,99,Manual,1,45,Completed
HP000010,BR005798,C00056,2025-06-14,18:11,114,Manual,1,83,Completed
HP000011,BR002162,C00094,2025-06-02,17:12,166,Manual,4,77,Completed
HP000012,BR005853,C00067,2025-06-01,11:57,32,Manual,3,46,Completed
HP000013,BR001282,C00090,2025-06-08,09:58,145,Manual,2,55,Completed
HP000014,BR005828,C00009,2025-06-10,04:58,215,Manual,3,65,Completed
HP000015,BR003721,C00005,2025-06-29,08:20,123,Manual,0,68,Completed
HP000016,BR000638,C00066,2025-06-05,17:12,152,Manual,3,59,Completed
HP000017,BR003512,C00023,2025-06-30,12:49,172,Manual,1,50,Completed
HP000018,BR005341,C00060,2025-06-08,08:02,170,Manual,4,49,Completed
HP000019,BR004640,C00012,2025-06-18,00:25,204,Manual,1,60,Completed
HP000020,BR000546,C00072,2025-06-16,12:05,244,Manual,2,49,Completed
HP000021,BR001202,C00092,2025-06-26,13:11,54,Manual,0,71,Completed
HP000022,BR001168,C00077,2025-06-09,01:14,66,Manual,1,69,Completed
HP000023,BR003605,C00038,2025-06-05,07:20,132,Manual,2,55,Completed
HP000024,BR000848,C00030,2025-06-13,12:28,58,Manual,2,49,Completed
HP000025,BR002575,C00093,2025-06-11,05:28,97,Manual,2,84,Completed
HP000026,BR005560,C00044,2025-06-25,06:21,140,Manual,2,62,Completed
HP000027,BR001085,C00039,2025-06-25,10:25,233,Manual,2,48,Completed
HP000028,BR005996,C00077,2025-06-06,06:40,155,Manual,2,73,Completed
HP000029,BR001335,C00067,2025-06-13,13:50,175,Manual,4,67,Completed
HP000030,BR003112,C00072,2025-06-07,07:29,34,Manual,2,49,Completed
HP000031,BR000521,C00007,2025-06-22,01:49,152,Manual,3,85,Completed
HP000032,BR004704,C00063,2025-06-08,06:00,167,Manual,1,53,Completed
HP000033,BR002235,C00006,2025-06-20,05:38,224,Manual,5,74,Completed
HP000034,BR000420,C00001,2025-06-07,13:27,107,Manual,3,53,Completed
HP000035,BR003123,C00096,2025-06-19,10:18,239,Manual,3,51,Completed
HP000036,BR001219,C00073,2025-06-07,04:20,45,Manual,5,73,Completed
HP000037,BR001839,C00066,2025-06-26,01:49,128,Manual,1,71,Completed
HP000038,BR004023,C00047,2025-06-21,07:31,135,Manual,3,48,Completed
HP000039,BR005900,C00100,2025-06-09,06:00,77,Manual,5,74,Completed
HP000040,BR001110,C00087,2025-06-24,15:39,61,Manual,2,80,Completed
HP000041,BR001570,C00023,2025-06-12,17:19,34,Manual,3,55,Completed
HP000042,BR002349,C00008,2025-06-12,08:46,152,Manual,1,53,Completed
HP000043,BR005270,C00088,2025-06-08,17:11,135,Manual,3,69,Completed
HP000044,BR005083,C00052,2025-06-20,01:45,126,Manual,7,62,Completed
HP000045,BR001661,C00090,2025-06-25,11:18,192,Manual,3,58,Completed
HP000046,BR005531,C00023,2025-06-07,10:42,64,Manual,3,53,Completed
HP000047,BR003670,C00050,2025-06-13,13:49,184,Manual,1,66,Completed
HP000048,BR004209,C00022,2025-06-09,04:19,198,Manual,3,71,Completed
HP000049,BR001483,C00027,2025-06-07,18:42,99,Manual,2,66,Completed
HP000050,BR001889,C00095,2025-06-09,09:34,124,Manual,3,52,Completed
HP000051,BR004312,C00022,2025-06-05,00:30,205,Manual,2,46,Completed
HP000052,BR001475,C00020,2025-06-17,03:37,119,Manual,0,68,Completed
HP000053,BR005804,C00070,2025-06-04,10:34,160,Manual,3,49,Completed
HP000054,BR005868,C00066,2025-06-11,10:57,48,Manual,0,61,Completed
HP000055,BR003427,C00035,2025-06-25,14:01,126,Manual,1,84,Completed
HP000056,BR003063,C00086,2025-06-21,02:03,213,Manual,0,53,Completed
HP000057,BR001465,C00051,2025-06-16,14:29,164,Manual,2,62,Completed
HP000058,BR001321,C00084,2025-06-01,04:39,110,Manual,2,77,Completed
HP000059,BR004846,C00030,2025-06-23,03:50,59,Manual,1,64,Completed
HP000060,BR001857,C00088,2025-06-14,15:55,226,Manual,1,61,Completed
HP000061,BR001964,C00082,2025-06-01,07:48,211,Manual,4,68,Completed
HP000062,BR002797,C00020,2025-06-07,05:25,47,Manual,1,81,Completed
HP000063,BR001520,C00034,2025-06-22,03:00,198,Manual,4,47,Completed
HP000064,BR005972,C00010,2025-06-04,15:38,155,Manual,3,52,Completed
HP000065,BR002692,C00002,2025-06-08,05:21,237,Manual,1,52,Completed
HP000066,BR000608,C00031,2025-06-20,16:18,134,Manual,3,50,Completed
HP000067,BR000877,C00066,2025-06-20,11:49,168,Manual,1,47,Completed
HP000068,BR001750,C00007,2025-06-18,14:28,65,Manual,0,72,Completed
HP000069,BR002567,C00061,2025-06-03,09:03,185,Manual,2,85,Completed
HP000070,BR003071,C00054,2025-06-08,13:47,246,Manual,1,80,Completed
HP000071,BR001930,C00088,2025-06-05,15:13,91,Manual,1,85,Completed
HP000072,BR000465,C00079,2025-06-18,19:45,210,Manual,3,79,Completed
HP000073,BR003382,C00086,2025-06-14,08:50,217,Manual,1,62,Completed
HP000074,BR005568,C00080,2025-06-17,05:46,76,Manual,3,68,Completed
HP000075,BR000535,C00049,2025-06-14,18:23,99,Manual,1,71,Completed
HP000076,BR001390,C00025,2025-06-21,16:01,185,Manual,2,74,Completed
HP000077,BR004275,C00052,2025-06-17,04:18,114,Manual,0,48,Completed
HP000078,BR000724,C00052,2025-06-16,00:49,161,Manual,4,55,Completed
HP000079,BR005802,C00045,2025-06-24,12:07,71,Manual,0,68,Completed
HP000080,BR003490,C00043,2025-06-29,08:09,83,Manual,2,57,Completed
HP000081,BR002418,C00066,2025-06-01,01:07,120,Manual,0,53,Completed
HP000082,BR000312,C00044,2025-06-21,06:23,106,Manual,3,61,Completed
HP000083,BR003660,C00099,2025-06-21,19:33,168,Manual,2,52,Completed
HP000084,BR004493,C00093,2025-06-15,07:09,163,Manual,1,67,Completed
HP000085,BR004268,C00071,2025-06-02,01:59,220,Manual,0,64,Completed
HP000086,BR002104,C00036,2025-06-29,18:21,151,Manual,3,48,Completed
HP000087,BR005938,C00024,2025-06-23,05:44,255,Manual,4,78,Completed
HP000088,BR005540,C00020,2025-06-24,13:24,77,Manual,1,77,Completed
HP000089,BR001079,C00085,2025-06-21,14:51,168,Manual,4,64,Completed
HP000090,BR001160,C00063,2025-06-08,03:28,173,Manual,1,84,Completed
HP000091,BR004922,C00088,2025-06-03,11:42,144,Manual,4,61,Completed
HP000092,BR002881,C00088,2025-06-06,03:12,199,Manual,1,58,Completed
HP000093,BR003459,C00095,2025-06-16,06:26,149,Manual,3,68,Completed
HP000094,BR002458,C00088,2025-06-18,16:58,206,Manual,1,60,Completed
HP000095,BR002251,C00049,2025-06-15,10:27,139,Manual,0,68,Completed
HP000096,BR000754,C00045,2025-06-03,02:05,128,Manual,0,53,Completed
HP000097,BR005123,C00098,2025-06-07,03:31,77,Manual,2,55,Completed
HP000098,BR000284,C00013,2025-06-11,15:51,109,Manual,1,59,Completed
HP000099,BR002972,C00068,2025-06-20,11:37,83,Manual,3,71,Completed
HP000100,BR002553,C00040,2025-06-23,01:52,104,Manual,2,67,Completed
HP000101,BR002761,C00072,2025-06-01,16:11,145,Manual,1,57,Completed
HP000102,BR002967,C00087,2025-06-25,17:59,89,Manual,2,77,Completed
HP000103,BR004912,C00042,2025-06-12,07:40,179,Manual,2,81,Completed
HP000104,BR004211,C00042,2025-06-13,07:21,285,Manual,0,73,Completed
HP000105,BR000672,C00092,2025-06-28,15:04,243,Manual,1,80,Completed
HP000106,BR004159,C00093,2025-06-28,01:23,291,Manual,1,64,Completed
HP000107,BR001017,C00088,2025-06-13,15:21,163,Manual,2,82,Completed
HP000108,BR002884,C00039,2025-06-16,00:56,197,Manual,2,53,Completed
HP000109,BR003088,C00037,2025-06-10,04:24,145,Manual,3,48,Completed
HP000110,BR000128,C00044,2025-06-09,19:14,223,Manual,1,76,Completed
HP000111,BR005790,C00044,2025-06-18,19:01,201,Manual,1,62,Completed
HP000112,BR001849,C00081,2025-06-24,12:56,209,Manual,4,83,Completed
HP000113,BR000699,C00086,2025-06-08,19:28,204,Manual,2,58,Completed
HP000114,BR001189,C00072,2025-06-22,04:18,52,Manual,1,55,Completed
HP000115,BR005626,C00001,2025-06-11,05:23,197,Manual,1,65,Completed
HP000116,BR001904,C00010,2025-06-02,04:26,204,Manual,0,62,Completed
HP000117,BR002194,C00092,2025-06-28,07:19,258,Manual,0,73,Completed
HP000118,BR002441,C00078,2025-06-20,00:46,117,Manual,2,63,Completed
HP000119,BR002102,C00031,2025-06-27,18:23,256,Manual,1,75,Completed
HP000120,BR000621,C00065,2025-06-23,00:54,186,Manual,3,70,Completed
HP000121,BR004201,C00092,2025-06-01,09:19,149,Manual,1,51,Completed
HP000122,BR005310,C00051,2025-06-07,14:15,132,Manual,1,64,Completed
HP000123,BR001094,C00005,2025-06-10,12:46,124,Manual,1,67,Completed
HP000124,BR004780,C00083,2025-06-22,02:23,190,Manual,3,78,Completed
HP000125,BR000585,C00093,2025-06-18,11:05,232,Manual,1,68,Completed
HP000126,BR000975,C00032,2025-06-10,12:47,44,Manual,0,76,Completed
HP000127,BR004180,C00098,2025-06-07,06:09,223,Manual,3,54,Completed
HP000128,BR001161,C00005,2025-06-04,11:50,214,Manual,3,69,Completed
HP000129,BR005056,C00068,2025-06-30,11:43,228,Manual,2,59,Completed
HP000130,BR003663,C00017,2025-06-19,14:56,91,Manual,1,80,Completed
HP000131,BR005795,C00091,2025-06-18,18:02,59,Manual,3,71,Completed
HP000132,BR000992,C00056,2025-06-21,03:09,111,Manual,2,48,Completed
HP000133,BR001249,C00035,2025-06-02,11:58,113,Manual,2,74,Completed
HP000134,BR005092,C00057,2025-06-14,03:58,77,Manual,1,58,Completed
HP000135,BR000870,C00020,2025-06-18,19:21,225,Manual,0,69,Completed
HP000136,BR000220,C00007,2025-06-27,09:47,151,Manual,4,55,Completed
HP000137,BR003762,C00012,2025-06-23,17:43,179,Manual,1,60,Completed
HP000138,BR004630,C00005,2025-06-19,05:50,239,Manual,1,71,Completed
HP000139,BR002198,C00073,2025-06-03,11:57,278,Manual,5,72,Completed
HP000140,BR005183,C00065,2025-06-24,16:06,89,Manual,0,51,Completed
HP000141,BR005521,C00098,2025-06-09,18:41,111,Manual,1,84,Completed
HP000142,BR005532,C00031,2025-06-19,18:23,96,Manual,0,50,Completed
HP000143,BR005441,C00047,2025-06-01,05:54,174,Manual,0,60,Completed
HP000144,BR001056,C00061,2025-06-28,16:43,142,Manual,2,84,Completed
HP000145,BR003921,C00065,2025-06-01,15:12,244,Manual,2,58,Completed
HP000146,BR000798,C00078,2025-06-20,00:32,210,Manual,2,53,Completed
HP000147,BR003338,C00095,2025-06-14,02:51,96,Manual,0,52,Completed
HP000148,BR003564,C00024,2025-06-25,15:01,137,Manual,2,45,Completed
HP000149,BR003724,C00032,2025-06-13,02:14,183,Manual,3,61,Completed
HP000150,BR003853,C00031,2025-06-29,13:15,261,Manual,1,66,Completed
HP000151,BR002049,C00060,2025-06-06,19:37,108,Manual,0,56,Completed
HP000152,BR005552,C00070,2025-06-21,16:47,68,Manual,3,46,Completed
HP000153,BR004161,C00084,2025-06-22,15:25,299,Manual,0,53,Completed
HP000154,BR003894,C00006,2025-06-24,08:18,89,Manual,0,78,Completed
HP000155,BR003187,C00061,2025-06-20,05:19,106,Manual,0,61,Completed
HP000156,BR003825,C00004,2025-06-29,04:05,169,Manual,2,83,Completed
HP000157,BR004046,C00096,2025-06-21,13:53,66,Manual,2,61,Completed
HP000158,BR000418,C00052,2025-06-17,16:05,140,Manual,4,62,Completed
HP000159,BR004300,C00089,2025-06-13,15:30,206,Manual,0,71,Completed
HP000160,BR001680,C00040,2025-06-25,18:27,79,Manual,2,57,Completed
HP000161,BR001064,C00086,2025-06-15,07:34,87,Manual,1,63,Completed
HP000162,BR003442,C00027,2025-06-09,08:21,112,Manual,2,67,Completed
HP000163,BR000718,C00048,2025-06-06,06:10,106,Manual,0,45,Completed
HP000164,BR002617,C00006,2025-06-24,14:39,263,Manual,2,50,Completed
HP000165,BR003673,C00030,2025-06-27,19:39,220,Manual,4,74,Completed
HP000166,BR004757,C00039,2025-06-12,16:53,51,Manual,2,81,Completed
HP000167,BR003647,C00083,2025-06-11,11:39,55,Manual,3,61,Completed
HP000168,BR001977,C00083,2025-06-04,11:49,333,Manual,3,73,Completed
HP000169,BR002006,C00091,2025-06-15,19:47,71,Manual,2,83,Completed
HP000170,BR000603,C00066,2025-06-25,09:12,269,Manual,2,75,Completed
HP000171,BR000643,C00043,2025-06-08,08:45,104,Manual,1,60,Completed
HP000172,BR005624,C00065,2025-06-09,13:11,142,Manual,0,45,Completed
HP000173,BR002626,C00049,2025-06-20,12:21,64,Manual,3,68,Completed
HP000174,BR005032,C00022,2025-06-24,05:27,123,Manual,1,65,Completed
HP000175,BR001802,C00001,2025-06-10,19:20,245,Manual,1,80,Completed
HP000176,BR000146,C00026,2025-06-01,01:06,112,Manual,1,48,Completed
HP000177,BR002200,C00014,2025-06-01,14:36,208,Manual,2,53,Completed
HP000178,BR004924,C00032,2025-06-02,10:01,105,Manual,2,74,Completed
HP000179,BR000706,C00014,2025-06-17,14:26,248,Manual,4,46,Completed
HP000180,BR004095,C00004,2025-06-28,08:49,142,Manual,2,59,Completed
HP000181,BR005292,C00085,2025-06-28,05:52,167,Manual,2,53,Completed
HP000182,BR003892,C00013,2025-06-16,01:14,205,Manual,1,76,Completed
HP000183,BR004414,C00031,2025-06-13,14:03,42,Manual,1,79,Completed
HP000184,BR002306,C00082,2025-06-27,00:08,114,Manual,4,62,Completed
HP000185,BR003268,C00006,2025-06-09,07:06,99,Manual,4,75,Completed
HP000186,BR003950,C00055,2025-06-19,11:48,275,Manual,2,67,Completed
HP000187,BR004709,C00027,2025-06-28,13:23,53,Manual,2,55,Completed
HP000188,BR004333,C00098,2025-06-26,15:48,42,Manual,0,49,Completed
HP000189,BR005421,C00015,2025-06-09,16:25,106,Manual,1,56,Completed
HP000190,BR000586,C00008,2025-06-06,11:27,220,Manual,2,62,Completed
HP000191,BR002078,C00026,2025-06-13,16:16,103,Manual,2,47,Completed
HP000192,BR001660,C00077,2025-06-30,01:08,93,Manual,5,52,Completed
HP000193,BR004104,C00041,2025-06-18,08:44,157,Manual,3,60,Completed
HP000194,BR000525,C00063,2025-06-22,17:32,147,Manual,1,67,Completed
HP000195,BR003982,C00027,2025-06-27,17:29,98,Manual,2,54,Completed
HP000196,BR002717,C00009,2025-06-04,02:07,70,Manual,4,70,Completed
HP000197,BR002027,C00032,2025-06-29,16:43,147,Manual,4,85,Completed
HP000198,BR002816,C00098,2025-06-05,05:59,215,Manual,2,73,Completed
HP000199,BR000508,C00091,2025-06-30,00:51,89,Manual,1,74,Completed
HP000200,BR005015,C00079,2025-06-10,12:14,91,Manual,2,85,Completed
HP000201,BR000311,C00037,2025-06-09,16:30,261,Manual,0,85,Completed
HP000202,BR004391,C00040,2025-06-02,10:00,211,Manual,2,55,Completed
HP000203,BR002565,C00008,2025-06-26,05:59,155,Manual,2,65,Completed
HP000204,BR001999,C00065,2025-06-06,09:38,206,Manual,3,70,Completed
HP000205,BR005302,C00025,2025-06-15,13:34,124,Manual,2,75,Completed
HP000206,BR004470,C00038,2025-06-14,14:42,204,Manual,1,47,Completed
HP000207,BR002261,C00041,2025-06-08,06:41,173,Manual,1,56,Completed
HP000208,BR005981,C00031,2025-06-17,08:15,141,Manual,0,56,Completed
HP000209,BR002432,C00078,2025-06-13,09:32,121,Manual,2,53,Completed
HP000210,BR005667,C00056,2025-06-24,13:47,45,Manual,2,58,Completed
HP000211,BR000731,C00040,2025-06-30,01:06,122,Manual,1,65,Completed
HP000212,BR000744,C00097,2025-06-08,07:18,156,Manual,2,59,Completed
HP000213,BR005168,C00064,2025-06-28,18:51,186,Manual,3,72,Completed
HP000214,BR002037,C00066,2025-06-14,02:33,109,Manual,2,48,Completed
HP000215,BR004217,C00096,2025-06-17,05:05,153,Manual,2,72,Completed
HP000216,BR005694,C00006,2025-06-01,16:01,152,Manual,2,83,Completed
HP000217,BR002439,C00063,2025-06-03,11:18,171,Manual,2,84,Completed
HP000218,BR005002,C00085,2025-06-27,14:12,152,Manual,1,54,Completed
HP000219,BR001629,C00038,2025-06-04,04:50,214,Manual,2,61,Completed
HP000220,BR003438,C00029,2025-06-01,04:22,112,Manual,1,46,Completed
HP000221,BR005355,C00014,2025-06-21,02:49,118,Manual,2,66,Completed
HP000222,BR002132,C00069,2025-06-18,03:07,130,Manual,4,85,Completed
HP000223,BR003914,C00039,2025-06-10,19:32,58,Manual,3,83,Completed
HP000224,BR001544,C00037,2025-06-04,19:11,54,Manual,0,76,Completed
HP000225,BR005877,C00062,2025-06-25,18:01,120,Manual,0,67,Completed
HP000226,BR003188,C00040,2025-06-06,00:15,54,Manual,3,45,Completed
HP000227,BR004441,C00068,2025-06-18,12:21,263,Manual,1,79,Completed
HP000228,BR003525,C00071,2025-06-10,07:59,222,Manual,0,56,Completed
HP000229,BR004521,C00083,2025-06-13,06:28,214,Manual,1,84,Completed
HP000230,BR001087,C00089,2025-06-13,05:18,151,Manual,0,48,Completed
HP000231,BR001524,C00027,2025-06-19,01:28,192,Manual,1,63,Completed
HP000232,BR001306,C00009,2025-06-11,09:21,146,Manual,4,46,Completed
HP000233,BR003855,C00038,2025-06-13,18:20,275,Manual,1,58,Completed
HP000234,BR000634,C00069,2025-06-01,01:09,200,Manual,1,57,Completed
HP000235,BR004754,C00028,2025-06-28,13:34,107,Manual,3,50,Completed
HP000236,BR005306,C00040,2025-06-02,18:15,114,Manual,0,51,Completed
HP000237,BR005971,C00082,2025-06-26,15:23,168,Manual,1,45,Completed
HP000238,BR003544,C00004,2025-06-18,09:47,153,Manual,1,67,Completed
HP000239,BR003930,C00034,2025-06-26,07:12,171,Manual,5,73,Completed
HP000240,BR003773,C00062,2025-06-08,00:51,64,Manual,0,85,Completed
HP000241,BR000221,C00052,2025-06-16,04:43,69,Manual,2,79,Completed
HP000242,BR005662,C00045,2025-06-19,04:46,140,Manual,3,70,Completed
HP000243,BR005740,C00034,2025-06-10,05:14,247,Manual,1,49,Completed
HP000244,BR004581,C00077,2025-06-14,06:56,31,Manual,1,79,Completed
HP000245,BR001698,C00025,2025-06-01,17:41,89,Manual,3,66,Completed
HP000246,BR002472,C00054,2025-06-05,00:36,93,Manual,1,66,Completed
HP000247,BR004136,C00063,2025-06-18,11:12,300,Manual,0,57,Completed
HP000248,BR003033,C00068,2025-06-28,03:11,171,Manual,2,79,Completed
HP000249,BR005255,C00003,2025-06-03,03:40,228,Manual,4,66,Completed
HP000250,BR004283,C00060,2025-06-18,16:11,159,Manual,0,78,Completed
HP000251,BR002107,C00017,2025-06-03,06:02,223,Manual,4,70,Completed
HP000252,BR005840,C00084,2025-06-18,09:39,100,Manual,2,75,Completed
HP000253,BR001131,C00067,2025-06-26,18:10,186,Manual,3,71,Completed
HP000254,BR004694,C00100,2025-06-21,15:49,57,Manual,2,48,Completed
HP000255,BR001681,C00033,2025-06-16,07:12,81,Manual,1,49,Completed
HP000256,BR005760,C00041,2025-06-08,09:32,239,Manual,1,67,Completed
HP000257,BR000675,C00069,2025-06-19,00:09,260,Manual,2,47,Completed
HP000258,BR000791,C00100,2025-06-22,05:00,191,Manual,4,85,Completed
HP000259,BR000820,C00065,2025-06-01,10:07,73,Manual,6,76,Completed
HP000260,BR002718,C00049,2025-06-12,18:20,188,Manual,2,59,Completed
HP000261,BR004681,C00014,2025-06-08,17:25,136,Manual,0,51,Completed
HP000262,BR005866,C00042,2025-06-28,15:11,34,Manual,0,75,Completed
HP000263,BR002276,C00051,2025-06-19,13:08,80,Manual,3,45,Completed
HP000264,BR003592,C00038,2025-06-10,00:24,189,Manual,2,70,Completed
HP000265,BR002314,C00068,2025-06-12,09:17,224,Manual,2,81,Completed
HP000266,BR000122,C00020,2025-06-30,15:38,262,Manual,1,72,Completed
HP000267,BR003121,C00024,2025-06-02,10:24,244,Manual,0,48,Completed
HP000268,BR001059,C00014,2025-06-21,18:40,80,Manual,1,74,Completed
HP000269,BR000943,C00043,2025-06-18,01:15,142,Manual,3,60,Completed
HP000270,BR005290,C00058,2025-06-28,16:49,82,Manual,2,45,Completed
HP000271,BR001006,C00094,2025-06-09,11:17,56,Manual,2,73,Completed
HP000272,BR005175,C00080,2025-06-01,03:32,115,Manual,2,83,Completed
HP000273,BR000434,C00095,2025-06-15,03:40,233,Manual,1,79,Completed
HP000274,BR002516,C00027,2025-06-01,01:54,268,Manual,2,71,Completed
HP000275,BR000871,C00081,2025-06-02,00:22,143,Manual,1,81,Completed
HP000276,BR000994,C00013,2025-06-04,00:38,191,Manual,0,82,Completed
HP000277,BR002092,C00089,2025-06-01,05:24,248,Manual,2,76,Completed
HP000278,BR004729,C00082,2025-06-11,14:41,109,Manual,1,80,Completed
HP000279,BR002003,C00063,2025-06-22,11:49,224,Manual,2,52,Completed
HP000280,BR005149,C00079,2025-06-21,07:20,132,Manual,0,84,Completed
HP000281,BR000357,C00041,2025-06-21,06:49,210,Manual,1,65,Completed
HP000282,BR004861,C00064,2025-06-25,10:49,342,Manual,2,85,Completed
HP000283,BR003248,C00067,2025-06-13,19:19,128,Manual,3,58,Completed
HP000284,BR004544,C00092,2025-06-30,19:02,266,Manual,1,61,Completed
HP000285,BR004664,C00036,2025-06-17,17:15,180,Manual,0,52,Completed
HP000286,BR003155,C00005,2025-06-30,02:41,106,Manual,1,63,Completed
HP000287,BR001763,C00010,2025-06-18,04:47,179,Manual,4,60,Completed
HP000288,BR003675,C00018,2025-06-24,07:42,131,Manual,4,76,Completed
HP000289,BR005522,C00069,2025-06-11,13:32,183,Manual,1,50,Completed
HP000290,BR001953,C00001,2025-06-30,12:44,226,Manual,3,52,Completed
HP000291,BR000402,C00053,2025-06-03,10:39,226,Manual,2,73,Completed
HP000292,BR000593,C00028,2025-06-19,15:23,195,Manual,2,67,Completed
HP000293,BR005338,C00028,2025-06-08,03:24,189,Manual,0,71,Completed
HP000294,BR000101,C00096,2025-06-03,17:35,110,Manual,0,63,Completed
HP000295,BR001882,C00037,2025-06-30,05:02,205,Manual,2,65,Completed
HP000296,BR003907,C00040,2025-06-24,06:16,110,Manual,1,56,Completed
HP000297,BR004420,C00018,2025-06-25,14:04,228,Manual,2,60,Completed
HP000298,BR004453,C00009,2025-06-14,07:47,180,Manual,4,69,Completed
HP000299,BR002646,C00098,2025-06-26,02:09,99,Manual,5,82,Completed
HP000300,BR002059,C00018,2025-06-19,05:28,139,Manual,2,67,Completed
HP000301,BR005391,C00024,2025-06-01,03:26,155,Manual,0,50,Completed
HP000302,BR005601,C00004,2025-06-01,16:45,43,Manual,4,68,Completed
HP000303,BR003118,C00032,2025-06-02,10:38,126,Manual,5,62,Completed
HP000304,BR002620,C00093,2025-06-24,07:29,169,Manual,1,81,Completed
HP000305,BR004122,C00002,2025-06-30,13:17,183,Manual,0,48,Completed
HP000306,BR003928,C00099,2025-06-06,12:01,166,Manual,4,69,Completed
HP000307,BR002443,C00051,2025-06-30,02:21,236,Manual,4,77,Completed
HP000308,BR005407,C00010,2025-06-19,12:57,139,Manual,1,84,Completed
HP000309,BR004349,C00097,2025-06-24,12:05,109,Manual,1,69,Completed
HP000310,BR004607,C00086,2025-06-01,18:54,312,Manual,2,63,Completed
HP000311,BR002014,C00052,2025-06-20,00:01,198,Manual,0,75,Completed
HP000312,BR004148,C00034,2025-06-25,07:35,283,Manual,0,59,Completed
HP000313,BR000162,C00047,2025-06-09,13:47,181,Manual,2,77,Completed
HP000314,BR001852,C00097,2025-06-15,18:46,264,Manual,3,77,Completed
HP000315,BR004625,C00029,2025-06-26,00:17,205,Manual,1,82,Completed
HP000316,BR004575,C00070,2025-06-24,09:13,257,Manual,2,83,Completed
HP000317,BR003591,C00074,2025-06-28,14:59,233,Manual,1,67,Completed
HP000318,BR002115,C00006,2025-06-29,13:47,145,Manual,4,82,Completed
HP000319,BR004182,C00054,2025-06-18,11:07,174,Manual,0,55,Completed
HP000320,BR004943,C00011,2025-06-10,01:54,122,Manual,1,80,Completed
HP000321,BR000964,C00088,2025-06-15,17:51,261,Manual,1,66,Completed
HP000322,BR003166,C00027,2025-06-27,13:43,165,Manual,1,81,Completed
HP000323,BR000858,C00090,2025-06-18,07:50,66,Manual,5,64,Completed
HP000324,BR004574,C00078,2025-06-21,17:10,253,Manual,2,81,Completed
HP000325,BR001138,C00011,2025-06-26,00:02,147,Manual,1,45,Completed
HP000326,BR001103,C00093,2025-06-04,14:33,92,Manual,1,60,Completed
HP000327,BR004890,C00050,2025-06-01,16:23,160,Manual,1,75,Completed
HP000328,BR004714,C00030,2025-06-28,19:56,137,Manual,1,53,Completed
HP000329,BR005728,C00093,2025-06-19,15:22,140,Manual,3,50,Completed
HP000330,BR001371,C00012,2025-06-19,03:06,45,Manual,4,64,Completed
HP000331,BR000359,C00074,2025-06-12,14:11,172,Manual,2,64,Completed
HP000332,BR000169,C00036,2025-06-15,07:08,137,Manual,0,65,Completed
HP000333,BR001665,C00032,2025-06-03,07:27,169,Manual,4,84,Completed
HP000334,BR000639,C00099,2025-06-04,15:03,72,Manual,1,72,Completed
HP000335,BR000201,C00049,2025-06-13,12:48,95,Manual,2,55,Completed
HP000336,BR002691,C00088,2025-06-26,19:54,72,Manual,2,49,Completed
HP000337,BR005033,C00068,2025-06-16,12:22,57,Manual,0,61,Completed
HP000338,BR002897,C00068,2025-06-28,03:38,343,Manual,0,75,Completed
HP000339,BR005631,C00026,2025-06-21,09:36,156,Manual,3,80,Completed
HP000340,BR002768,C00088,2025-06-14,13:40,82,Manual,3,75,Completed
HP000341,BR004758,C00044,2025-06-25,17:38,100,Manual,1,63,Completed
HP000342,BR003797,C00029,2025-06-07,15:39,252,Manual,4,61,Completed
HP000343,BR005799,C00027,2025-06-27,15:58,215,Manual,1,72,Completed
HP000344,BR002706,C00002,2025-06-05,18:30,64,Manual,3,49,Completed
HP000345,BR005998,C00090,2025-06-30,12:59,80,Manual,2,54,Completed
HP000346,BR005983,C00042,2025-06-17,03:39,74,Manual,1,63,Completed
HP000347,BR002262,C00021,2025-06-24,17:24,143,Manual,2,83,Completed
HP000348,BR002151,C00003,2025-06-20,11:37,108,Manual,2,55,Completed
HP000349,BR001692,C00047,2025-06-21,12:46,109,Manual,2,60,Completed
HP000350,BR000804,C00004,2025-06-19,19:39,149,Manual,0,50,Completed
HP000351,BR001555,C00094,2025-06-13,07:26,197,Manual,1,74,Completed
HP000352,BR002340,C00097,2025-06-05,17:55,178,Manual,0,57,Completed
HP000353,BR003588,C00076,2025-06-27,04:40,66,Manual,0,50,Completed
HP000354,BR001804,C00047,2025-06-30,19:52,165,Manual,2,68,Completed
HP000355,BR005777,C00059,2025-06-03,19:28,160,Manual,0,55,Completed
HP000356,BR001277,C00050,2025-06-17,07:48,137,Manual,1,69,Completed
HP000357,BR004510,C00095,2025-06-10,16:50,133,Manual,2,67,Completed
HP000358,BR003297,C00007,2025-06-14,09:31,101,Manual,3,75,Completed
HP000359,BR000743,C00006,2025-06-16,06:56,253,Manual,3,60,Completed
HP000360,BR000893,C00047,2025-06-19,09:49,327,Manual,4,78,Completed
HP000361,BR000286,C00051,2025-06-19,15:49,206,Manual,1,66,Completed
HP000362,BR005098,C00035,2025-06-14,10:38,191,Manual,1,74,Completed
HP000363,BR001910,C00034,2025-06-03,07:00,162,Manual,4,62,Completed
HP000364,BR005299,C00069,2025-06-07,18:47,126,Manual,0,47,Completed
HP000365,BR003789,C00045,2025-06-09,09:48,184,Manual,0,56,Completed
HP000366,BR002602,C00086,2025-06-17,02:40,218,Manual,2,56,Completed
HP000367,BR002586,C00005,2025-06-21,12:20,126,Manual,2,71,Completed
HP000368,BR005772,C00090,2025-06-05,08:46,177,Manual,1,51,Completed
HP000369,BR002074,C00008,2025-06-25,07:00,247,Manual,1,82,Completed
HP000370,BR000950,C00057,2025-06-22,02:55,67,Manual,1,69,Completed
HP000371,BR005452,C00074,2025-06-21,04:58,178,Manual,3,48,Completed
HP000372,BR002992,C00022,2025-06-10,00:22,76,Manual,0,74,Completed
HP000373,BR000092,C00032,2025-06-02,12:16,105,Manual,2,46,Completed
HP000374,BR000232,C00093,2025-06-22,03:08,218,Manual,0,47,Completed
HP000375,BR000618,C00029,2025-06-20,12:48,165,Manual,2,74,Completed
HP000376,BR000172,C00003,2025-06-06,00:37,135,Manual,3,61,Completed
HP000377,BR003987,C00017,2025-06-15,07:15,172,Manual,3,71,Completed
HP000378,BR001526,C00020,2025-06-30,15:12,119,Manual,2,48,Completed
HP000379,BR004884,C00052,2025-06-16,01:54,140,Manual,1,80,Completed
HP000380,BR005535,C00059,2025-06-27,05:52,113,Manual,4,46,Completed
HP000381,BR004371,C00013,2025-06-19,08:25,175,Manual,2,79,Completed
HP000382,BR002178,C00068,2025-06-29,05:47,175,Manual,3,81,Completed
HP000383,BR004659,C00062,2025-06-08,09:54,39,Manual,2,61,Completed
HP000384,BR002584,C00024,2025-06-28,16:49,249,Manual,4,62,Completed
HP000385,BR000217,C00086,2025-06-25,17:33,167,Manual,1,63,Completed
HP000386,BR000458,C00043,2025-06-14,06:41,124,Manual,4,67,Completed
HP000387,BR000835,C00046,2025-06-25,11:21,101,Manual,0,52,Completed
HP000388,BR005576,C00012,2025-06-23,13:20,118,Manual,1,68,Completed
HP000389,BR004432,C00033,2025-06-29,08:18,47,Manual,3,61,Completed
HP000390,BR002101,C00025,2025-06-12,17:10,169,Manual,2,55,Completed
HP000391,BR000119,C00010,2025-06-12,10:13,189,Manual,1,81,Completed
HP000392,BR001590,C00080,2025-06-04,14:55,172,Manual,0,56,Completed
HP000393,BR002868,C00067,2025-06-22,00:41,206,Manual,3,59,Completed
HP000394,BR005562,C00060,2025-06-20,11:29,107,Manual,2,51,Completed
HP000395,BR003656,C00020,2025-06-27,16:07,80,Manual,3,79,Completed
HP000396,BR003067,C00031,2025-06-02,17:25,271,Manual,3,53,Completed
HP000397,BR004094,C00095,2025-06-21,12:39,72,Manual,3,58,Completed
HP000398,BR005006,C00007,2025-06-19,11:50,116,Manual,3,63,Completed
HP000399,BR003693,C00007,2025-06-19,07:23,101,Manual,1,76,Completed
HP000400,BR003733,C00078,2025-06-09,10:29,189,Manual,2,51,Completed
HP000401,BR002176,C00098,2025-06-29,00:40,167,Manual,1,45,Completed
HP000402,BR002175,C00027,2025-06-02,14:27,148,Manual,2,51,Completed
HP000403,BR002653,C00035,2025-06-07,17:56,88,Manual,2,58,Completed
HP000404,BR001418,C00059,2025-06-24,11:55,129,Manual,3,67,Completed
HP000405,BR003208,C00083,2025-06-15,11:19,181,Manual,1,72,Completed
HP000406,BR004353,C00062,2025-06-24,10:31,262,Manual,3,72,Completed
HP000407,BR004028,C00060,2025-06-15,12:57,70,Manual,2,51,Completed
HP000408,BR000896,C00051,2025-06-01,12:06,110,Manual,2,52,Completed
HP000409,BR005117,C00098,2025-06-28,08:17,161,Manual,2,70,Completed
HP000410,BR001259,C00098,2025-06-25,16:10,202,Manual,0,76,Completed
HP000411,BR004547,C00053,2025-06-27,02:41,144,Manual,1,81,Completed
HP000412,BR001664,C00064,2025-06-18,12:42,127,Manual,2,67,Completed
HP000413,BR005094,C00037,2025-06-11,04:39,168,Manual,0,65,Completed
HP000414,BR001620,C00018,2025-06-24,10:56,120,Manual,4,84,Completed
HP000415,BR004395,C00008,2025-06-20,01:18,151,Manual,2,50,Completed
HP000416,BR000034,C00081,2025-06-05,12:13,201,Manual,2,59,Completed
HP000417,BR000980,C00052,2025-06-19,12:28,202,Manual,1,47,Completed
HP000418,BR000463,C00041,2025-06-18,19:06,63,Manual,0,61,Completed
HP000419,BR003388,C00041,2025-06-30,01:43,115,Manual,2,55,Completed
HP000420,BR005135,C00047,2025-06-11,18:28,207,Manual,1,75,Completed
HP000421,BR005259,C00027,2025-06-08,10:12,97,Manual,2,74,Completed
HP000422,BR000208,C00077,2025-06-03,12:15,121,Manual,1,48,Completed
HP000423,BR005096,C00073,2025-06-20,01:52,102,Manual,0,50,Completed
HP000424,BR001542,C00063,2025-06-28,17:38,100,Manual,0,76,Completed
HP000425,BR003026,C00092,2025-06-26,14:41,122,Manual,1,52,Completed
HP000426,BR001484,C00057,2025-06-08,04:00,273,Manual,2,62,Completed
HP000427,BR003198,C00082,2025-06-01,12:41,230,Manual,2,76,Completed
HP000428,BR002317,C00017,2025-06-27,06:19,254,Manual,2,74,Completed
HP000429,BR000538,C00011,2025-06-22,06:39,268,Manual,0,54,Completed
HP000430,BR002410,C00069,2025-06-29,19:25,158,Manual,2,72,Completed
HP000431,BR004844,C00038,2025-06-09,00:19,103,Manual,1,67,Completed
HP000432,BR005265,C00004,2025-06-09,19:34,110,Manual,2,78,Completed
HP000433,BR002211,C00088,2025-06-09,07:04,66,Manual,2,72,Completed
HP000434,BR005389,C00018,2025-06-13,17:14,161,Manual,0,55,Completed
HP000435,BR003261,C00093,2025-06-18,03:54,46,Manual,1,80,Completed
HP000436,BR000138,C00033,2025-06-29,07:08,215,Manual,0,72,Completed
HP000437,BR001921,C00043,2025-06-03,06:28,135,Manual,1,65,Completed
HP000438,BR001242,C00042,2025-06-28,04:29,233,Manual,0,71,Completed
HP000439,BR004743,C00002,2025-06-12,05:09,203,Manual,0,47,Completed
HP000440,BR002196,C00033,2025-06-20,01:43,40,Manual,5,74,Completed
HP000441,BR002630,C00053,2025-06-08,06:21,237,Manual,0,75,Completed
HP000442,BR002900,C00060,2025-06-29,17:49,187,Manual,1,83,Completed
HP000443,BR000143,C00013,2025-06-01,03:57,157,Manual,2,74,Completed
HP000444,BR003707,C00021,2025-06-09,17:51,144,Manual,3,75,Completed
HP000445,BR004169,C00081,2025-06-21,19:59,190,Manual,1,67,Completed
HP000446,BR002464,C00009,2025-06-11,05:55,88,Manual,2,73,Completed
HP000447,BR000018,C00036,2025-06-25,03:05,308,Manual,2,79,Completed
HP000448,BR000407,C00006,2025-06-23,05:01,83,Manual,2,55,Completed
HP000449,BR001000,C00071,2025-06-30,18:27,134,Manual,1,69,Completed
HP000450,BR000807,C00041,2025-06-05,00:16,155,Manual,1,79,Completed
HP000451,BR002124,C00006,2025-06-08,16:16,271,Manual,1,73,Completed
HP000452,BR003394,C00054,2025-06-13,02:23,175,Manual,2,76,Completed
HP000453,BR000727,C00012,2025-06-05,00:48,106,Manual,1,72,Completed
HP000454,BR001968,C00047,2025-06-03,02:38,295,Manual,2,78,Completed
HP000455,BR005327,C00057,2025-06-30,18:43,150,Manual,1,68,Completed
HP000456,BR001377,C00089,2025-06-08,09:21,203,Manual,3,55,Completed
HP000457,BR002914,C00051,2025-06-06,04:07,105,Manual,2,81,Completed
HP000458,BR005427,C00057,2025-06-13,06:04,95,Manual,2,57,Completed
HP000459,BR001406,C00066,2025-06-07,15:00,139,Manual,1,45,Completed
HP000460,BR005040,C00063,2025-06-26,13:50,101,Manual,1,51,Completed
HP000461,BR002610,C00064,2025-06-06,16:05,216,Manual,1,62,Completed
HP000462,BR002558,C00033,2025-06-14,04:25,86,Manual,5,60,Completed
HP000463,BR002485,C00086,2025-06-25,11:55,73,Manual,0,78,Completed
HP000464,BR001302,C00014,2025-06-11,10:36,96,Manual,1,84,Completed
HP000465,BR003328,C00056,2025-06-16,13:36,149,Manual,1,64,Completed
HP000466,BR005451,C00042,2025-06-20,15:00,129,Manual,4,72,Completed
HP000467,BR004997,C00093,2025-06-10,01:49,141,Manual,1,67,Completed
HP000468,BR001317,C00024,2025-06-09,05:35,147,Manual,0,65,Completed
HP000469,BR004788,C00057,2025-06-23,17:04,89,Manual,5,85,Completed
HP000470,BR004387,C00026,2025-06-20,01:44,164,Manual,1,62,Completed
HP000471,BR001364,C00003,2025-06-20,04:39,108,Manual,3,77,Completed
HP000472,BR004389,C00084,2025-06-04,16:00,161,Manual,1,53,Completed
HP000473,BR000514,C00006,2025-06-25,18:49,351,Manual,0,50,Completed
HP000474,BR001451,C00055,2025-06-29,09:52,169,Manual,0,72,Completed
HP000475,BR003455,C00068,2025-06-09,01:18,139,Manual,0,48,Completed
HP000476,BR001222,C00004,2025-06-02,08:57,32,Manual,3,81,Completed
HP000477,BR002292,C00082,2025-06-15,07:46,215,Manual,3,45,Completed
HP000478,BR002872,C00068,2025-06-06,10:26,161,Manual,0,66,Completed
HP000479,BR005398,C00051,2025-06-03,19:23,64,Manual,3,47,Completed
HP000480,BR005467,C00059,2025-06-26,10:05,155,Manual,1,74,Completed
HP000481,BR005103,C00026,2025-06-04,02:48,158,Manual,1,70,Completed
HP000482,BR003093,C00001,2025-06-12,03:05,68,Manual,1,77,Completed
HP000483,BR005370,C00008,2025-06-07,07:17,151,Manual,4,69,Completed
HP000484,BR004473,C00055,2025-06-15,10:27,90,Manual,2,62,Completed
HP000485,BR000497,C00096,2025-06-14,18:31,153,Manual,0,54,Completed
HP000486,BR000712,C00064,2025-06-29,17:48,292,Manual,4,62,Completed
HP000487,BR003180,C00090,2025-06-05,09:27,118,Manual,0,56,Completed
HP000488,BR003541,C00028,2025-06-25,07:47,203,Manual,0,73,Completed
HP000489,BR004047,C00100,2025-06-26,02:18,291,Manual,2,50,Completed
HP000490,BR003014,C00052,2025-06-01,04:58,235,Manual,3,67,Completed
HP000491,BR005951,C00059,2025-06-24,06:27,290,Manual,2,68,Completed
HP000492,BR000364,C00044,2025-06-12,10:22,225,Manual,3,52,Completed
HP000493,BR002315,C00038,2025-06-11,17:08,263,Manual,2,78,Completed
HP000494,BR000687,C00097,2025-06-30,04:23,71,Manual,1,69,Completed
HP000495,BR001926,C00038,2025-06-07,08:00,33,Manual,0,74,Completed
HP000496,BR005633,C00098,2025-06-09,10:01,152,Manual,1,56,Completed
HP000497,BR001340,C00085,2025-06-23,04:46,311,Manual,0,64,Completed
HP000498,BR005926,C00025,2025-06-18,06:19,230,Manual,6,49,Completed
HP000499,BR000955,C00076,2025-06-25,01:24,46,Manual,2,82,Completed
HP000500,BR000116,C00082,2025-06-16,00:31,189,Manual,2,64,Completed
HP000501,BR005073,C00011,2025-06-25,14:34,212,Manual,2,73,Completed
HP000502,BR003045,C00049,2025-06-15,09:48,126,Manual,0,75,Completed
HP000503,BR004516,C00070,2025-06-08,16:49,80,Manual,1,48,Completed
HP000504,BR000102,C00043,2025-06-28,19:26,182,Manual,3,75,Completed
HP000505,BR002330,C00006,2025-06-27,04:45,229,Manual,1,76,Completed
HP000506,BR002339,C00078,2025-06-04,14:43,145,Manual,2,81,Completed
HP000507,BR002105,C00066,2025-06-30,09:13,220,Manual,1,53,Completed
HP000508,BR004163,C00049,2025-06-06,11:48,80,Manual,2,81,Completed
HP000509,BR001433,C00090,2025-06-18,16:03,176,Manual,0,66,Completed
HP000510,BR004596,C00091,2025-06-13,10:34,185,Manual,1,67,Completed
HP000511,BR001912,C00012,2025-06-03,10:19,180,Manual,0,56,Completed
HP000512,BR001506,C00025,2025-06-05,09:20,99,Manual,2,77,Completed
HP000513,BR005352,C00089,2025-06-16,19:02,130,Manual,3,54,Completed
HP000514,BR003719,C00044,2025-06-13,19:19,132,Manual,0,50,Completed
HP000515,BR003713,C00079,2025-06-08,14:52,160,Manual,0,56,Completed
HP000516,BR004621,C00039,2025-06-13,17:48,44,Manual,1,66,Completed
HP000517,BR000921,C00045,2025-06-01,01:06,121,Manual,3,74,Completed
HP000518,BR001434,C00028,2025-06-12,00:42,123,Manual,3,71,Completed
HP000519,BR001137,C00018,2025-06-21,02:57,166,Manual,2,71,Completed
HP000520,BR000613,C00049,2025-06-16,13:45,201,Manual,1,72,Completed
HP000521,BR005350,C00049,2025-06-30,06:21,164,Manual,3,64,Completed
HP000522,BR000790,C00059,2025-06-15,18:53,208,Manual,1,78,Completed
HP000523,BR000368,C00022,2025-06-19,01:54,90,Manual,0,83,Completed
HP000524,BR005257,C00052,2025-06-18,07:05,149,Manual,2,83,Completed
HP000525,BR002923,C00049,2025-06-12,05:53,184,Manual,2,46,Completed
HP000526,BR005201,C00007,2025-06-13,17:39,48,Manual,1,66,Completed
HP000527,BR001225,C00046,2025-06-13,12:13,50,Manual,3,60,Completed
HP000528,BR000251,C00059,2025-06-04,05:22,148,Manual,3,82,Completed
HP000529,BR002941,C00037,2025-06-30,12:31,120,Manual,1,51,Completed
HP000530,BR000130,C00006,2025-06-18,03:54,148,Manual,2,85,Completed
HP000531,BR002094,C00043,2025-06-27,14:41,90,Manual,3,46,Completed
HP000532,BR005610,C00014,2025-06-23,19:07,139,Manual,1,51,Completed
HP000533,BR000922,C00024,2025-06-11,11:10,97,Manual,1,73,Completed
HP000534,BR003142,C00045,2025-06-01,09:03,78,Manual,2,80,Completed
HP000535,BR002243,C00013,2025-06-22,02:30,199,Manual,3,48,Completed
HP000536,BR005163,C00097,2025-06-08,06:44,76,Manual,0,59,Completed
HP000537,BR002524,C00063,2025-06-24,12:31,312,Manual,0,57,Completed
HP000538,BR000156,C00015,2025-06-14,02:08,132,Manual,1,56,Completed
HP000539,BR000503,C00007,2025-06-18,18:21,236,Manual,1,76,Completed
HP000540,BR001940,C00074,2025-06-01,03:04,57,Manual,1,68,Completed
HP000541,BR003866,C00076,2025-06-06,11:53,79,Manual,2,83,Completed
HP000542,BR002613,C00078,2025-06-07,04:58,145,Manual,2,65,Completed
HP000543,BR000481,C00084,2025-06-16,10:23,210,Manual,1,76,Completed
HP000544,BR003681,C00057,2025-06-29,02:30,73,Manual,1,69,Completed
HP000545,BR000869,C00077,2025-06-17,03:34,164,Manual,3,61,Completed
HP000546,BR003520,C00054,2025-06-10,03:59,224,Manual,2,83,Completed
HP000547,BR005718,C00067,2025-06-05,15:40,87,Manual,1,81,Completed
HP000548,BR002273,C00097,2025-06-18,18:46,181,Manual,0,72,Completed
HP000549,BR002886,C00008,2025-06-22,11:21,200,Manual,1,77,Completed
HP000550,BR002228,C00078,2025-06-28,14:53,225,Manual,1,58,Completed
HP000551,BR005497,C00028,2025-06-10,06:14,118,Manual,1,75,Completed
HP000552,BR005304,C00082,2025-06-04,05:40,109,Manual,3,62,Completed
HP000553,BR003889,C00006,2025-06-01,08:35,121,Manual,3,45,Completed
HP000554,BR003859,C00072,2025-06-25,12:14,136,Manual,1,79,Completed
HP000555,BR004841,C00048,2025-06-14,09:41,120,Manual,2,78,Completed
HP000556,BR002541,C00085,2025-06-26,02:51,94,Manual,4,66,Completed
HP000557,BR004825,C00099,2025-06-29,01:22,217,Manual,0,69,Completed
HP000558,BR000270,C00065,2025-06-13,12:34,235,Manual,4,50,Completed
HP000559,BR002594,C00059,2025-06-13,07:53,79,Manual,1,65,Completed
HP000560,BR001153,C00037,2025-06-07,02:49,290,Manual,3,50,Completed
HP000561,BR003572,C00080,2025-06-11,02:39,181,Manual,1,83,Completed
HP000562,BR005589,C00016,2025-06-06,10:15,114,Manual,3,49,Completed
HP000563,BR002650,C00078,2025-06-02,06:54,93,Manual,0,53,Completed
HP000564,BR001643,C00047,2025-06-09,11:35,43,Manual,1,59,Completed
HP000565,BR005549,C00047,2025-06-06,03:32,105,Manual,3,69,Completed
HP000566,BR001749,C00075,2025-06-03,11:35,273,Manual,5,51,Completed
HP000567,BR001502,C00025,2025-06-20,12:42,137,Manual,2,69,Completed
HP000568,BR005323,C00089,2025-06-30,06:15,245,Manual,2,85,Completed
HP000569,BR000440,C00068,2025-06-17,19:15,87,Manual,1,83,Completed
HP000570,BR005871,C00061,2025-06-16,16:03,186,Manual,1,53,Completed
HP000571,BR005623,C00034,2025-06-17,18:45,215,Manual,2,54,Completed
HP000572,BR000012,C00014,2025-06-29,15:34,128,Manual,2,67,Completed
HP000573,BR005007,C00078,2025-06-23,02:13,108,Manual,4,49,Completed
HP000574,BR005017,C00033,2025-06-22,03:05,70,Manual,3,66,Completed
HP000575,BR005724,C00040,2025-06-11,07:53,55,Manual,0,66,Completed
HP000576,BR001832,C00080,2025-06-20,04:27,98,Manual,2,75,Completed
HP000577,BR003556,C00064,2025-06-15,11:53,220,Manual,2,48,Completed
HP000578,BR000834,C00064,2025-06-01,07:16,166,Manual,2,75,Completed
HP000579,BR005320,C00044,2025-06-13,03:06,39,Manual,0,54,Completed
HP000580,BR000277,C00080,2025-06-16,04:41,142,Manual,0,72,Completed
HP000581,BR003654,C00050,2025-06-29,18:38,239,Manual,2,55,Completed
HP000582,BR001145,C00095,2025-06-06,12:33,95,Manual,0,69,Completed
HP000583,BR005958,C00003,2025-06-14,00:10,117,Manual,1,75,Completed
HP000584,BR005353,C00045,2025-06-13,05:57,126,Manual,1,55,Completed
HP000585,BR001414,C00013,2025-06-19,09:31,154,Manual,3,55,Completed
HP000586,BR002506,C00041,2025-06-11,19:38,277,Manual,1,72,Completed
HP000587,BR004228,C00060,2025-06-12,09:52,97,Manual,4,79,Completed
HP000588,BR000264,C00032,2025-06-14,15:38,65,Manual,4,76,Completed
HP000589,BR003628,C00012,2025-06-04,02:13,198,Manual,3,61,Completed
HP000590,BR001124,C00031,2025-06-04,00:22,200,Manual,2,85,Completed
HP000591,BR002467,C00093,2025-06-01,05:35,69,Manual,3,79,Completed
HP000592,BR005288,C00006,2025-06-10,09:04,93,Manual,1,84,Completed
HP000593,BR005141,C00078,2025-06-01,13:30,133,Manual,3,47,Completed
HP000594,BR004337,C00005,2025-06-04,10:25,210,Manual,1,79,Completed
HP000595,BR000725,C00035,2025-06-12,05:56,148,Manual,0,82,Completed
HP000596,BR002444,C00073,2025-06-25,10:23,98,Manual,4,71,Completed
HP000597,BR005910,C00080,2025-06-16,08:22,228,Manual,1,85,Completed
HP000598,BR004492,C00062,2025-06-30,01:12,56,Manual,2,81,Completed
HP000599,BR003803,C00100,2025-06-01,19:49,43,Manual,6,65,Completed
HP000600,BR000568,C00072,2025-06-27,10:58,130,Manual,2,54,Completed
HP000601,BR004691,C00032,2025-06-18,09:15,83,Manual,1,82,Completed
HP000602,BR001018,C00016,2025-06-09,05:21,80,Manual,4,74,Completed
HP000603,BR001178,C00088,2025-06-27,10:22,289,Manual,1,74,Completed
HP000604,BR002392,C00011,2025-06-10,08:57,228,Manual,4,50,Completed
HP000605,BR004642,C00022,2025-06-29,08:57,110,Manual,2,69,Completed
HP000606,BR000650,C00033,2025-06-16,01:09,130,Manual,1,71,Completed
HP000607,BR001823,C00074,2025-06-24,00:50,212,Manual,6,65,Completed
HP000608,BR005447,C00063,2025-06-07,03:33,163,Manual,2,83,Completed
HP000609,BR000735,C00052,2025-06-27,15:41,248,Manual,0,56,Completed
HP000610,BR004193,C00036,2025-06-28,14:57,171,Manual,1,48,Completed
HP000611,BR004062,C00051,2025-06-28,09:10,215,Manual,0,54,Completed
HP000612,BR002383,C00092,2025-06-11,04:19,226,Manual,2,63,Completed
HP000613,BR002806,C00008,2025-06-07,03:52,59,Manual,1,56,Completed
HP000614,BR005593,C00100,2025-06-06,03:34,123,Manual,2,75,Completed
HP000615,BR004975,C00056,2025-06-12,02:24,107,Manual,4,47,Completed
HP000616,BR004982,C00050,2025-06-07,19:39,88,Manual,0,73,Completed
HP000617,BR002084,C00070,2025-06-14,17:41,187,Manual,4,84,Completed
HP000618,BR000728,C00049,2025-06-10,05:17,92,Manual,4,80,Completed
HP000619,BR004588,C00058,2025-06-28,11:17,160,Manual,0,84,Completed
HP000620,BR002798,C00094,2025-06-07,02:34,81,Manual,0,67,Completed
HP000621,BR001185,C00041,2025-06-01,09:19,264,Manual,1,58,Completed
HP000622,BR005592,C00023,2025-06-22,03:11,80,Manual,4,52,Completed
HP000623,BR003684,C00086,2025-06-12,11:02,83,Manual,4,85,Completed
HP000624,BR001195,C00045,2025-06-11,08:04,153,Manual,4,83,Completed
HP000625,BR004257,C00091,2025-06-04,03:39,46,Manual,0,78,Completed
HP000626,BR001136,C00036,2025-06-02,18:48,167,Manual,2,73,Completed
HP000627,BR002598,C00008,2025-06-27,04:18,151,Manual,0,75,Completed
HP000628,BR004298,C00069,2025-06-01,12:34,271,Manual,2,67,Completed
HP000629,BR001268,C00061,2025-06-28,01:54,97,Manual,3,64,Completed
HP000630,BR000439,C00045,2025-06-22,10:05,84,Manual,1,52,Completed
HP000631,BR001196,C00085,2025-06-10,16:44,178,Manual,2,52,Completed
HP000632,BR004237,C00092,2025-06-02,17:47,140,Manual,1,66,Completed
HP000633,BR000680,C00019,2025-06-18,07:34,189,Manual,1,79,Completed
HP000634,BR002597,C00027,2025-06-18,04:17,160,Manual,1,51,Completed
HP000635,BR002050,C00088,2025-06-12,15:59,222,Manual,1,76,Completed
HP000636,BR004061,C00055,2025-06-03,07:57,190,Manual,1,73,Completed
HP000637,BR003306,C00092,2025-06-11,06:43,360,Manual,6,48,Completed
HP000638,BR000352,C00001,2025-06-20,03:23,186,Manual,0,48,Completed
HP000639,BR004365,C00098,2025-06-25,03:32,144,Manual,1,46,Completed
HP000640,BR004763,C00071,2025-06-28,04:37,126,Manual,6,58,Completed
HP000641,BR002905,C00043,2025-06-22,14:50,231,Manual,4,70,Completed
HP000642,BR003380,C00077,2025-06-28,00:07,123,Manual,0,48,Completed
HP000643,BR001271,C00067,2025-06-19,14:25,156,Manual,2,66,Completed
HP000644,BR002723,C00024,2025-06-12,04:51,175,Manual,0,54,Completed
HP000645,BR001895,C00061,2025-06-13,14:08,107,Manual,2,64,Completed
HP000646,BR002772,C00023,2025-06-09,19:17,36,Manual,2,68,Completed
HP000647,BR004239,C00085,2025-06-25,03:51,264,Manual,2,73,Completed
HP000648,BR002755,C00088,2025-06-14,17:28,192,Manual,4,66,Completed
HP000649,BR002446,C00013,2025-06-28,08:36,217,Manual,2,69,Completed
HP000650,BR001909,C00082,2025-06-08,18:53,161,Manual,2,70,Completed
HP000651,BR000375,C00100,2025-06-05,13:06,228,Manual,4,76,Completed
HP000652,BR003170,C00074,2025-06-29,02:52,159,Manual,2,69,Completed
HP000653,BR002064,C00050,2025-06-30,19:05,165,Manual,1,50,Completed
HP000654,BR005346,C00067,2025-06-21,07:05,169,Manual,3,82,Completed
HP000655,BR001350,C00015,2025-06-19,01:22,107,Manual,1,52,Completed
HP000656,BR003047,C00076,2025-06-11,18:51,105,Manual,1,66,Completed
HP000657,BR002757,C00015,2025-06-13,02:50,154,Manual,1,81,Completed
HP000658,BR004602,C00012,2025-06-13,10:07,247,Manual,1,83,Completed
HP000659,BR005893,C00090,2025-06-27,12:43,65,Manual,3,83,Completed
HP000660,BR001987,C00018,2025-06-24,14:28,48,Manual,4,79,Completed
HP000661,BR002808,C00084,2025-06-20,08:09,140,Manual,1,74,Completed
HP000662,BR000759,C00079,2025-06-19,11:26,170,Manual,0,65,Completed
HP000663,BR005432,C00085,2025-06-14,16:51,91,Manual,1,70,Completed
HP000664,BR005741,C00052,2025-06-30,14:48,124,Manual,1,75,Completed
HP000665,BR003440,C00098,2025-06-13,14:06,257,Manual,2,82,Completed
HP000666,BR000068,C00048,2025-06-29,08:36,192,Manual,3,71,Completed
HP000667,BR004852,C00093,2025-06-05,05:29,133,Manual,0,61,Completed
HP000668,BR001950,C00009,2025-06-22,02:17,128,Manual,0,78,Completed
HP000669,BR004468,C00013,2025-06-27,12:58,110,Manual,2,83,Completed
HP000670,BR005691,C00024,2025-06-16,03:35,248,Manual,2,63,Completed
HP000671,BR002401,C00077,2025-06-04,13:13,309,Manual,3,46,Completed
HP000672,BR005403,C00004,2025-06-26,14:41,168,Manual,3,51,Completed
HP000673,BR002144,C00010,2025-06-15,05:30,171,Manual,1,77,Completed
HP000674,BR005021,C00046,2025-06-20,03:29,131,Manual,2,51,Completed
HP000675,BR000692,C00093,2025-06-27,00:59,145,Manual,0,79,Completed
HP000676,BR001283,C00048,2025-06-03,07:04,157,Manual,1,51,Completed
HP000677,BR005477,C00021,2025-06-07,17:23,170,Manual,3,50,Completed
HP000678,BR004717,C00054,2025-06-18,16:44,196,Manual,2,56,Completed
HP000679,BR005487,C00014,2025-06-26,12:26,194,Manual,2,76,Completed
HP000680,BR001425,C00096,2025-06-01,18:12,166,Manual,4,66,Completed
HP000681,BR002849,C00080,2025-06-04,13:50,197,Manual,3,57,Completed
HP000682,BR005738,C00002,2025-06-30,11:13,129,Manual,0,59,Completed
HP000683,BR005368,C00093,2025-06-04,16:07,239,Manual,2,51,Completed
HP000684,BR002333,C00044,2025-06-13,06:49,97,Manual,0,47,Completed
HP000685,BR002729,C00016,2025-06-15,17:38,83,Manual,2,84,Completed
HP000686,BR004716,C00077,2025-06-20,17:44,121,Manual,2,70,Completed
HP000687,BR002699,C00073,2025-06-16,04:00,181,Manual,1,63,Completed
HP000688,BR000030,C00022,2025-06-02,11:00,73,Manual,6,71,Completed
HP000689,BR001156,C00068,2025-06-07,10:37,241,Manual,4,84,Completed
HP000690,BR003003,C00010,2025-06-06,04:45,157,Manual,2,51,Completed
HP000691,BR001826,C00061,2025-06-13,01:39,193,Manual,3,54,Completed
HP000692,BR004504,C00063,2025-06-18,06:03,249,Manual,2,81,Completed
HP000693,BR001050,C00071,2025-06-11,14:59,151,Manual,2,85,Completed
HP000694,BR001111,C00042,2025-06-04,19:09,281,Manual,1,62,Completed
HP000695,BR003624,C00069,2025-06-23,18:45,63,Manual,0,68,Completed
HP000696,BR002039,C00094,2025-06-23,11:48,237,Manual,1,83,Completed
HP000697,BR001329,C00025,2025-06-28,07:06,241,Manual,2,52,Completed
HP000698,BR002336,C00032,2025-06-20,09:51,209,Manual,2,45,Completed
HP000699,BR005216,C00015,2025-06-21,05:22,100,Manual,2,53,Completed
HP000700,BR003290,C00003,2025-06-23,06:32,128,Manual,3,62,Completed
HP000701,BR005275,C00079,2025-06-11,09:32,132,Manual,1,55,Completed
HP000702,BR003139,C00036,2025-06-28,02:56,185,Manual,2,85,Completed
HP000703,BR005444,C00008,2025-06-26,01:58,105,Manual,1,56,Completed
HP000704,BR004004,C00052,2025-06-15,05:56,248,Manual,1,60,Completed
HP000705,BR004617,C00092,2025-06-13,04:21,178,Manual,3,55,Completed
HP000706,BR001237,C00068,2025-06-21,18:21,185,Manual,5,46,Completed
HP000707,BR005980,C00084,2025-06-20,18:27,190,Manual,3,72,Completed
HP000708,BR003138,C00030,2025-06-18,03:13,200,Manual,5,58,Completed
HP000709,BR002149,C00007,2025-06-25,18:03,248,Manual,1,63,Completed
HP000710,BR002637,C00007,2025-06-25,11:37,47,Manual,1,45,Completed
HP000711,BR004011,C00068,2025-06-13,19:18,108,Manual,0,63,Completed
HP000712,BR000596,C00072,2025-06-01,12:06,288,Manual,3,80,Completed
HP000713,BR001743,C00098,2025-06-10,14:41,126,Manual,1,78,Completed
HP000714,BR003917,C00007,2025-06-18,15:39,116,Manual,1,84,Completed
HP000715,BR001816,C00004,2025-06-24,15:12,119,Manual,1,64,Completed
HP000716,BR004064,C00052,2025-06-26,13:03,94,Manual,2,59,Completed
HP000717,BR004085,C00011,2025-06-24,18:34,245,Manual,1,63,Completed
HP000718,BR000150,C00030,2025-06-09,04:11,73,Manual,0,56,Completed
HP000719,BR003323,C00060,2025-06-28,05:47,33,Manual,1,81,Completed
HP000720,BR004836,C00079,2025-06-15,19:53,157,Manual,0,74,Completed
HP000721,BR003598,C00083,2025-06-26,07:40,155,Manual,3,49,Completed
HP000722,BR000776,C00017,2025-06-08,01:26,109,Manual,5,48,Completed
HP000723,BR000279,C00081,2025-06-10,12:11,40,Manual,0,53,Completed
HP000724,BR000437,C00008,2025-06-18,14:11,134,Manual,2,61,Completed
HP000725,BR002364,C00044,2025-06-06,00:48,187,Manual,3,83,Completed
HP000726,BR002930,C00083,2025-06-28,05:23,106,Manual,2,58,Completed
HP000727,BR003283,C00037,2025-06-17,15:21,144,Manual,5,78,Completed
HP000728,BR001848,C00052,2025-06-03,17:41,32,Manual,1,74,Completed
HP000729,BR002360,C00062,2025-06-30,00:37,69,Manual,2,74,Completed
HP000730,BR000045,C00005,2025-06-01,11:29,142,Manual,0,85,Completed
HP000731,BR003318,C00039,2025-06-06,01:50,118,Manual,0,72,Completed
HP000732,BR002488,C00031,2025-06-29,19:03,46,Manual,2,46,Completed
HP000733,BR001897,C00023,2025-06-04,10:36,172,Manual,1,63,Completed
HP000734,BR002213,C00063,2025-06-27,10:41,39,Manual,2,66,Completed
HP000735,BR003815,C00059,2025-06-03,02:22,67,Manual,5,75,Completed
HP000736,BR000780,C00071,2025-06-11,08:25,171,Manual,3,77,Completed
HP000737,BR000669,C00075,2025-06-03,16:59,166,Manual,2,82,Completed
HP000738,BR002423,C00025,2025-06-03,17:22,333,Manual,0,74,Completed
HP000739,BR000129,C00055,2025-06-18,02:27,36,Manual,2,45,Completed
HP000740,BR003763,C00065,2025-06-27,13:48,161,Manual,1,58,Completed
HP000741,BR005995,C00088,2025-06-17,01:49,169,Manual,2,63,Completed
HP000742,BR004057,C00024,2025-06-10,16:24,152,Manual,2,85,Completed
HP000743,BR005247,C00090,2025-06-27,16:07,139,Manual,3,75,Completed
HP000744,BR000163,C00092,2025-06-15,14:52,101,Manual,0,81,Completed
HP000745,BR003110,C00091,2025-06-21,10:53,90,Manual,1,85,Completed
HP000746,BR000787,C00018,2025-06-19,05:50,114,Manual,6,75,Completed
HP000747,BR003430,C00081,2025-06-21,14:29,151,Manual,3,47,Completed
HP000748,BR003992,C00046,2025-06-18,06:26,134,Manual,6,79,Completed
HP000749,BR004951,C00033,2025-06-04,05:10,181,Manual,3,47,Completed
HP000750,BR000247,C00010,2025-06-12,12:41,137,Manual,2,64,Completed
HP000751,BR001861,C00094,2025-06-07,14:35,119,Manual,3,56,Completed
HP000752,BR003833,C00051,2025-06-08,13:04,41,Manual,6,81,Completed
HP000753,BR001261,C00070,2025-06-22,08:17,161,Manual,2,76,Completed
HP000754,BR002181,C00089,2025-06-07,09:31,195,Manual,0,55,Completed
HP000755,BR002837,C00071,2025-06-30,02:09,151,Manual,1,84,Completed
HP000756,BR002256,C00004,2025-06-21,07:27,140,Manual,3,60,Completed
HP000757,BR003298,C00090,2025-06-18,04:36,271,Manual,1,84,Completed
HP000758,BR003847,C00036,2025-06-29,09:56,225,Manual,0,57,Completed
HP000759,BR002946,C00054,2025-06-17,06:32,144,Manual,2,74,Completed
HP000760,BR000513,C00067,2025-06-03,00:32,252,Manual,3,46,Completed
HP000761,BR000655,C00010,2025-06-21,13:47,280,Manual,5,79,Completed
HP000762,BR005241,C00033,2025-06-28,05:46,107,Manual,1,63,Completed
HP000763,BR005715,C00023,2025-06-11,16:39,42,Manual,2,63,Completed
HP000764,BR004785,C00091,2025-06-16,05:05,123,Manual,1,53,Completed
HP000765,BR001915,C00099,2025-06-13,03:05,124,Manual,1,55,Completed
HP000766,BR000987,C00041,2025-06-20,18:09,122,Manual,3,69,Completed
HP000767,BR004651,C00003,2025-06-17,19:06,49,Manual,1,67,Completed
HP000768,BR005698,C00062,2025-06-25,17:35,56,Manual,0,70,Completed
HP000769,BR004677,C00060,2025-06-24,00:55,174,Manual,1,71,Completed
HP000770,BR005699,C00078,2025-06-26,19:35,163,Manual,2,45,Completed
HP000771,BR002308,C00009,2025-06-09,04:59,41,Manual,3,59,Completed
HP000772,BR003357,C00037,2025-06-26,10:20,160,Manual,3,48,Completed
HP000773,BR003996,C00098,2025-06-13,06:32,74,Manual,2,66,Completed
HP000774,BR002128,C00025,2025-06-18,05:01,103,Manual,2,59,Completed
HP000775,BR004082,C00056,2025-06-15,03:18,73,Manual,1,55,Completed
HP000776,BR003903,C00015,2025-06-11,09:56,225,Manual,1,63,Completed
HP000777,BR003029,C00078,2025-06-18,04:03,196,Manual,1,84,Completed
HP000778,BR005131,C00023,2025-06-29,15:20,149,Manual,1,73,Completed
HP000779,BR002830,C00010,2025-06-08,11:09,234,Manual,3,83,Completed
HP000780,BR001063,C00068,2025-06-22,18:45,250,Manual,1,76,Completed
HP000781,BR005637,C00068,2025-06-14,16:09,227,Manual,2,54,Completed
HP000782,BR005124,C00053,2025-06-22,10:16,143,Manual,0,46,Completed
HP000783,BR005928,C00015,2025-06-07,13:09,117,Manual,2,45,Completed
HP000784,BR002191,C00041,2025-06-10,06:49,184,Manual,4,81,Completed
HP000785,BR003039,C00061,2025-06-17,01:45,51,Manual,1,80,Completed
HP000786,BR005534,C00008,2025-06-28,14:35,129,Manual,2,53,Completed
HP000787,BR000924,C00082,2025-06-21,05:08,49,Manual,1,62,Completed
HP000788,BR004383,C00059,2025-06-12,18:45,235,Manual,0,60,Completed
HP000789,BR003345,C00060,2025-06-17,11:48,70,Manual,1,74,Completed
HP000790,BR001125,C00086,2025-06-01,07:55,196,Manual,1,60,Completed
HP000791,BR000377,C00084,2025-06-24,07:49,220,Manual,2,54,Completed
HP000792,BR002221,C00043,2025-06-28,13:05,157,Manual,0,61,Completed
HP000793,BR002334,C00088,2025-06-03,17:15,146,Manual,1,49,Completed
HP000794,BR005517,C00016,2025-06-02,18:14,233,Manual,0,53,Completed
HP000795,BR003175,C00084,2025-06-23,19:29,90,Manual,0,59,Completed
HP000796,BR001217,C00071,2025-06-22,13:50,125,Manual,0,83,Completed
HP000797,BR002051,C00074,2025-06-06,17:34,210,Manual,0,54,Completed
HP000798,BR000343,C00086,2025-06-17,06:56,211,Manual,1,55,Completed
HP000799,BR001312,C00058,2025-06-29,00:25,151,Manual,1,70,Completed
HP000800,BR001573,C00033,2025-06-23,05:45,204,Manual,3,64,Completed
HP000801,BR002214,C00039,2025-06-14,02:16,243,Manual,0,47,Completed
HP000802,BR004497,C00001,2025-06-18,19:38,129,Manual,6,78,Completed
HP000803,BR003999,C00057,2025-06-12,07:02,168,Manual,0,53,Completed
HP000804,BR005356,C00046,2025-06-12,01:14,75,Manual,2,85,Completed
HP000805,BR002379,C00031,2025-06-02,17:31,195,Manual,5,47,Completed
HP000806,BR002371,C00069,2025-06-05,15:05,244,Manual,1,79,Completed
HP000807,BR002528,C00020,2025-06-10,10:54,137,Manual,1,47,Completed
HP000808,BR000298,C00064,2025-06-29,12:16,131,Manual,4,53,Completed
HP000809,BR005471,C00071,2025-06-18,18:53,64,Manual,1,67,Completed
HP000810,BR001843,C00100,2025-06-24,05:55,262,Manual,1,46,Completed
HP000811,BR005873,C00090,2025-06-13,09:39,146,Manual,0,56,Completed
HP000812,BR005838,C00095,2025-06-06,03:41,131,Manual,3,79,Completed
HP000813,BR004760,C00038,2025-06-21,02:07,114,Manual,2,84,Completed
HP000814,BR000693,C00066,2025-06-18,11:16,180,Manual,2,48,Completed
HP000815,BR002361,C00081,2025-06-06,18:27,178,Manual,0,57,Completed
HP000816,BR002305,C00010,2025-06-30,08:59,238,Manual,1,50,Completed
HP000817,BR003882,C00010,2025-06-27,18:06,172,Manual,2,66,Completed
HP000818,BR001720,C00083,2025-06-29,12:33,63,Manual,3,80,Completed
HP000819,BR003994,C00027,2025-06-20,06:05,142,Manual,1,60,Completed
HP000820,BR002998,C00048,2025-06-13,13:10,214,Manual,3,79,Completed
HP000821,BR002082,C00023,2025-06-24,01:09,97,Manual,2,63,Completed
HP000822,BR001835,C00057,2025-06-09,12:29,166,Manual,5,81,Completed
HP000823,BR003757,C00001,2025-06-15,15:33,116,Manual,1,49,Completed
HP000824,BR004145,C00049,2025-06-14,07:35,72,Manual,2,75,Completed
HP000825,BR003498,C00023,2025-06-21,11:46,106,Manual,0,74,Completed
HP000826,BR003986,C00073,2025-06-27,03:14,76,Manual,4,75,Completed
HP000827,BR004334,C00076,2025-06-27,02:22,129,Manual,0,82,Completed
HP000828,BR005961,C00017,2025-06-26,16:10,140,Manual,2,67,Completed
HP000829,BR004549,C00023,2025-06-01,10:09,136,Manual,1,60,Completed
HP000830,BR000911,C00050,2025-06-16,07:51,46,Manual,3,53,Completed
HP000831,BR001150,C00080,2025-06-12,09:28,166,Manual,1,82,Completed
HP000832,BR003381,C00010,2025-06-15,03:41,90,Manual,3,51,Completed
HP000833,BR000912,C00100,2025-06-28,10:53,78,Manual,5,62,Completed
HP000834,BR004290,C00018,2025-06-19,13:40,175,Manual,3,53,Completed
HP000835,BR002951,C00051,2025-06-23,13:07,192,Manual,1,84,Completed
HP000836,BR004697,C00009,2025-06-26,14:39,112,Manual,4,71,Completed
HP000837,BR001211,C00097,2025-06-23,08:55,92,Manual,0,45,Completed
HP000838,BR003962,C00020,2025-06-12,08:54,128,Manual,4,56,Completed
HP000839,BR000673,C00094,2025-06-27,19:35,38,Manual,1,56,Completed
HP000840,BR000036,C00029,2025-06-27,19:30,164,Manual,5,80,Completed
HP000841,BR003370,C00094,2025-06-12,13:44,125,Manual,0,82,Completed
HP000842,BR003285,C00096,2025-06-06,18:38,359,Manual,1,71,Completed
HP000843,BR005810,C00042,2025-06-14,10:08,120,Manual,4,62,Completed
HP000844,BR002672,C00007,2025-06-13,09:27,98,Manual,3,49,Completed
HP000845,BR000266,C00020,2025-06-27,01:13,68,Manual,2,51,Completed
HP000846,BR001976,C00041,2025-06-08,09:41,192,Manual,2,78,Completed
HP000847,BR003343,C00029,2025-06-30,01:03,194,Manual,2,52,Completed
HP000848,BR001310,C00029,2025-06-14,12:47,85,Manual,2,73,Completed
HP000849,BR001729,C00043,2025-06-01,08:49,136,Manual,2,48,Completed
HP000850,BR001450,C00088,2025-06-12,10:09,145,Manual,1,72,Completed
HP000851,BR003751,C00017,2025-06-06,09:47,61,Manual,1,55,Completed
HP000852,BR003861,C00015,2025-06-24,01:28,254,Manual,4,78,Completed
HP000853,BR000551,C00074,2025-06-14,13:09,112,Manual,3,78,Completed
HP000854,BR000577,C00074,2025-06-18,13:06,170,Manual,1,59,Completed
HP000855,BR000549,C00073,2025-06-20,09:11,198,Manual,1,80,Completed
HP000856,BR004773,C00084,2025-06-29,16:46,161,Manual,3,83,Completed
HP000857,BR003065,C00065,2025-06-27,17:53,79,Manual,0,66,Completed
HP000858,BR001965,C00043,2025-06-30,16:29,101,Manual,2,78,Completed
HP000859,BR005783,C00037,2025-06-29,10:40,248,Manual,4,72,Completed
HP000860,BR005443,C00073,2025-06-28,10:17,99,Manual,3,61,Completed
HP000861,BR003881,C00019,2025-06-27,15:26,95,Manual,2,81,Completed
HP000862,BR001624,C00069,2025-06-06,17:18,38,Manual,0,65,Completed
HP000863,BR001957,C00046,2025-06-25,02:36,201,Manual,1,46,Completed
HP000864,BR003096,C00068,2025-06-23,16:31,141,Manual,5,49,Completed
HP000865,BR001123,C00027,2025-06-23,09:02,133,Manual,2,81,Completed
HP000866,BR002483,C00070,2025-06-04,13:02,208,Manual,0,67,Completed
HP000867,BR002406,C00080,2025-06-19,09:23,171,Manual,1,74,Completed
HP000868,BR001253,C00048,2025-06-28,00:49,175,Manual,1,81,Completed
HP000869,BR001907,C00002,2025-06-16,06:35,239,Manual,1,59,Completed
HP000870,BR003666,C00027,2025-06-24,03:42,75,Manual,0,51,Completed
HP000871,BR004866,C00053,2025-06-18,00:04,138,Manual,1,54,Completed
HP000872,BR000926,C00042,2025-06-02,00:10,145,Manual,3,58,Completed
HP000873,BR000511,C00100,2025-06-11,04:16,248,Manual,2,45,Completed
HP000874,BR002223,C00085,2025-06-28,08:09,30,Manual,1,68,Completed
HP000875,BR003685,C00032,2025-06-20,04:59,108,Manual,1,58,Completed
HP000876,BR000542,C00078,2025-06-19,12:31,322,Manual,2,77,Completed
HP000877,BR004291,C00067,2025-06-13,02:41,220,Manual,0,76,Completed
HP000878,BR004482,C00014,2025-06-12,03:29,109,Manual,1,57,Completed
HP000879,BR001616,C00089,2025-06-21,13:41,192,Manual,4,83,Completed
HP000880,BR005217,C00009,2025-06-04,09:07,62,Manual,3,50,Completed
HP000881,BR000315,C00017,2025-06-08,17:51,86,Manual,2,50,Completed
HP000882,BR004121,C00097,2025-06-21,05:00,234,Manual,1,58,Completed
HP000883,BR001553,C00065,2025-06-23,14:49,230,Manual,1,83,Completed
HP000884,BR004597,C00097,2025-06-29,13:37,209,Manual,0,74,Completed
HP000885,BR004961,C00033,2025-06-19,03:01,39,Manual,1,73,Completed
HP000886,BR001879,C00079,2025-06-06,09:46,227,Manual,2,71,Completed
HP000887,BR002300,C00017,2025-06-05,05:24,191,Manual,3,62,Completed
HP000888,BR001765,C00076,2025-06-08,08:00,196,Manual,2,46,Completed
HP000889,BR005911,C00057,2025-06-11,18:42,166,Manual,3,62,Completed
HP000890,BR001441,C00097,2025-06-22,03:32,217,Manual,2,53,Completed
HP000891,BR004983,C00097,2025-06-14,09:28,88,Manual,2,82,Completed
HP000892,BR005974,C00092,2025-06-23,07:47,209,Manual,1,46,Completed
HP000893,BR005927,C00010,2025-06-12,09:40,206,Manual,1,53,Completed
HP000894,BR000700,C00044,2025-06-11,18:10,180,Manual,2,61,Completed
HP000895,BR002342,C00088,2025-06-09,08:00,144,Manual,2,69,Completed
HP000896,BR001505,C00013,2025-06-08,12:55,111,Manual,3,46,Completed
HP000897,BR001382,C00045,2025-06-10,09:27,68,Manual,3,62,Completed
HP000898,BR003320,C00098,2025-06-01,04:11,307,Manual,1,69,Completed
HP000899,BR003652,C00037,2025-06-07,19:49,265,Manual,0,59,Completed
HP000900,BR000391,C00007,2025-06-03,16:57,118,Manual,2,71,Completed
HP000901,BR000330,C00057,2025-06-04,04:39,170,Manual,3,77,Completed
HP000902,BR003966,C00009,2025-06-04,11:16,107,Manual,0,85,Completed
HP000903,BR001594,C00072,2025-06-21,10:35,82,Manual,1,66,Completed
HP000904,BR001600,C00086,2025-06-17,13:54,125,Manual,0,47,Completed
HP000905,BR003113,C00005,2025-06-19,16:59,88,Manual,2,69,Completed
HP000906,BR000107,C00090,2025-06-12,10:06,223,Manual,3,73,Completed
HP000907,BR002513,C00060,2025-06-06,18:32,299,Manual,1,82,Completed
HP000908,BR003232,C00076,2025-06-06,18:20,54,Manual,3,54,Completed
HP000909,BR001722,C00027,2025-06-29,13:45,121,Manual,3,61,Completed
HP000910,BR000379,C00089,2025-06-11,02:18,42,Manual,5,56,Completed
HP000911,BR005759,C00027,2025-06-15,19:03,108,Manual,3,46,Completed
HP000912,BR000084,C00067,2025-06-29,10:28,171,Manual,0,66,Completed
HP000913,BR001453,C00062,2025-06-19,18:31,208,Manual,1,52,Completed
HP000914,BR003597,C00010,2025-06-17,14:35,167,Manual,1,85,Completed
HP000915,BR005110,C00047,2025-06-29,00:47,194,Manual,1,62,Completed
HP000916,BR001705,C00039,2025-06-17,05:43,168,Manual,1,72,Completed
HP000917,BR004392,C00008,2025-06-04,07:33,253,Manual,0,67,Completed
HP000918,BR005546,C00091,2025-06-14,11:18,143,Manual,3,75,Completed
HP000919,BR005572,C00024,2025-06-06,12:23,156,Manual,2,48,Completed
HP000920,BR004996,C00099,2025-06-08,02:26,178,Manual,3,48,Completed
HP000921,BR005332,C00007,2025-06-30,10:53,111,Manual,1,65,Completed
HP000922,BR002969,C00048,2025-06-19,14:25,89,Manual,2,49,Completed
HP000923,BR003348,C00042,2025-06-20,15:56,222,Manual,2,74,Completed
HP000924,BR005525,C00002,2025-06-05,17:23,171,Manual,1,75,Completed
HP000925,BR001300,C00014,2025-06-15,08:27,165,Manual,2,69,Completed
HP000926,BR001604,C00026,2025-06-09,17:58,68,Manual,1,53,Completed
HP000927,BR000883,C00052,2025-06-08,00:17,131,Manual,0,54,Completed
HP000928,BR005508,C00022,2025-06-23,02:32,77,Manual,3,84,Completed
HP000929,BR005538,C00033,2025-06-20,02:42,70,Manual,1,77,Completed
HP000930,BR002960,C00038,2025-06-03,17:29,80,Manual,2,83,Completed
HP000931,BR000599,C00061,2025-06-05,11:10,176,Manual,1,73,Completed
HP000932,BR001937,C00050,2025-06-03,10:34,201,Manual,2,49,Completed
HP000933,BR000854,C00086,2025-06-14,08:54,137,Manual,2,75,Completed
HP000934,BR001439,C00011,2025-06-27,02:28,77,Manual,1,63,Completed
HP000935,BR005550,C00019,2025-06-26,03:53,85,Manual,0,45,Completed
HP000936,BR001703,C00087,2025-06-23,01:05,41,Manual,2,69,Completed
HP000937,BR000140,C00063,2025-06-13,08:12,41,Manual,0,79,Completed
HP000938,BR002932,C00030,2025-06-17,07:32,254,Manual,2,83,Completed
HP000939,BR000339,C00080,2025-06-06,00:08,161,Manual,2,84,Completed
HP000940,BR000851,C00052,2025-06-05,00:14,43,Manual,3,52,Completed
HP000941,BR004695,C00064,2025-06-29,18:08,97,Manual,4,64,Completed
HP000942,BR005413,C00047,2025-06-21,10:03,79,Manual,1,54,Completed
HP000943,BR003674,C00093,2025-06-27,04:59,183,Manual,0,71,Completed
HP000944,BR003601,C00037,2025-06-25,11:39,107,Manual,1,46,Completed
HP000945,BR002174,C00049,2025-06-13,08:50,82,Manual,2,80,Completed
HP000946,BR000865,C00047,2025-06-14,03:06,153,Manual,1,47,Completed
HP000947,BR000825,C00089,2025-06-10,17:36,66,Manual,3,65,Completed
HP000948,BR004341,C00086,2025-06-18,09:54,42,Manual,1,68,Completed
HP000949,BR003727,C00098,2025-06-07,01:40,95,Manual,5,63,Completed
HP000950,BR004993,C00045,2025-06-21,04:00,132,Manual,0,46,Completed
HP000951,BR005101,C00081,2025-06-06,14:23,61,Manual,1,54,Completed
HP000952,BR003292,C00050,2025-06-01,00:17,192,Manual,1,74,Completed
HP000953,BR005237,C00035,2025-06-18,19:30,62,Manual,4,81,Completed
HP000954,BR005849,C00087,2025-06-09,17:48,96,Manual,3,78,Completed
HP000955,BR004604,C00093,2025-06-10,00:35,58,Manual,5,64,Completed
HP000956,BR000677,C00082,2025-06-18,15:08,45,Manual,3,50,Completed
HP000957,BR003288,C00065,2025-06-10,10:52,74,Manual,2,73,Completed
HP000958,BR005300,C00007,2025-06-07,01:02,118,Manual,2,45,Completed
HP000959,BR004523,C00027,2025-06-17,13:57,175,Manual,1,66,Completed
HP000960,BR005023,C00096,2025-06-28,09:51,203,Manual,0,61,Completed
HP000961,BR004938,C00085,2025-06-30,16:51,145,Manual,1,56,Completed
HP000962,BR000365,C00093,2025-06-20,04:19,142,Manual,4,85,Completed
HP000963,BR004397,C00026,2025-06-04,01:28,97,Manual,4,84,Completed
HP000964,BR001470,C00077,2025-06-10,14:18,141,Manual,1,53,Completed
HP000965,BR005906,C00003,2025-06-27,17:30,162,Manual,2,52,Completed
HP000966,BR002493,C00050,2025-06-04,03:01,203,Manual,1,77,Completed
HP000967,BR001710,C00049,2025-06-16,06:55,95,Manual,2,53,Completed
HP000968,BR003519,C00025,2025-06-26,11:23,86,Manual,3,80,Completed
HP000969,BR002982,C00038,2025-06-10,12:34,247,Manual,1,50,Completed
HP000970,BR001129,C00026,2025-06-17,03:49,116,Manual,3,81,Completed
HP000971,BR004904,C00007,2025-06-05,00:39,68,Manual,2,64,Completed
HP000972,BR001700,C00035,2025-06-27,10:30,124,Manual,3,66,Completed
HP000973,BR000411,C00040,2025-06-25,18:55,120,Manual,2,48,Completed
HP000974,BR005676,C00080,2025-06-30,00:06,50,Manual,2,82,Completed
HP000975,BR001515,C00073,2025-06-30,02:38,110,Manual,2,62,Completed
HP000976,BR000729,C00080,2025-06-09,19:12,125,Manual,7,55,Completed
HP000977,BR003496,C00071,2025-06-19,06:17,126,Manual,0,76,Completed
HP000978,BR001162,C00063,2025-06-17,05:54,171,Manual,3,56,Completed
HP000979,BR004777,C00014,2025-06-08,12:18,108,Manual,2,56,Completed
HP000980,BR001331,C00011,2025-06-16,19:42,78,Manual,0,52,Completed
HP000981,BR004955,C00079,2025-06-18,06:54,161,Manual,1,80,Completed
HP000982,BR005952,C00087,2025-06-29,15:50,77,Manual,2,66,Completed
HP000983,BR001478,C00046,2025-06-09,15:19,216,Manual,4,82,Completed
HP000984,BR001034,C00087,2025-06-23,05:17,93,Manual,0,85,Completed
HP000985,BR001049,C00030,2025-06-08,08:27,111,Manual,0,71,Completed
HP000986,BR001296,C00048,2025-06-10,00:28,130,Manual,1,54,Completed
HP000987,BR005569,C00070,2025-06-28,01:26,122,Manual,3,77,Completed
HP000988,BR002437,C00068,2025-06-23,18:59,106,Manual,3,75,Completed
HP000989,BR005555,C00090,2025-06-27,01:26,181,Manual,2,56,Completed
HP000990,BR005227,C00077,2025-06-07,08:48,96,Manual,2,83,Completed
HP000991,BR002397,C00018,2025-06-24,01:25,89,Manual,0,56,Completed
HP000992,BR001264,C00006,2025-06-22,17:51,72,Manual,2,67,Completed
HP000993,BR003910,C00098,2025-06-12,00:49,124,Manual,0,60,Completed
HP000994,BR002978,C00001,2025-06-13,12:20,46,Manual,0,73,Completed
HP000995,BR005034,C00066,2025-06-30,14:37,97,Manual,0,49,Completed
HP000996,BR005070,C00014,2025-06-30,08:40,176,Manual,1,69,Completed
HP000997,BR004985,C00027,2025-06-15,06:25,119,Manual,2,55,Completed
HP000998,BR002117,C00094,2025-06-06,15:29,245,Manual,1,58,Completed
HP000999,BR003473,C00093,2025-06-13,06:56,93,Manual,4,58,Completed
HP001000,BR003523,C00058,2025-06-23,10:16,104,Manual,1,67,Completed
HP001001,BR005879,C00021,2025-06-02,17:02,80,Manual,4,66,Completed
HP001002,BR001913,C00008,2025-06-28,01:32,110,Manual,1,65,Completed
HP001003,BR001179,C00024,2025-06-23,03:36,210,Manual,2,56,Completed
HP001004,BR001324,C00038,2025-06-16,07:02,84,Manual,1,46,Completed
HP001005,BR004551,C00057,2025-06-27,15:27,186,Manual,4,53,Completed
HP001006,BR002666,C00028,2025-06-13,18:48,42,Manual,2,46,Completed
HP001007,BR003798,C00086,2025-06-12,14:46,102,Manual,2,66,Completed
HP001008,BR000183,C00059,2025-06-24,15:20,40,Manual,0,83,Completed
HP001009,BR001708,C00083,2025-06-15,00:08,253,Manual,1,51,Completed
HP001010,BR002628,C00062,2025-06-27,02:28,226,Manual,1,61,Completed
HP001011,BR003431,C00036,2025-06-01,17:32,109,Manual,3,67,Completed
HP001012,BR004783,C00083,2025-06-27,15:02,115,Manual,1,46,Completed
HP001013,BR002601,C00094,2025-06-10,13:22,156,Manual,2,47,Completed
HP001014,BR002338,C00008,2025-06-24,00:59,160,Manual,4,66,Completed
HP001015,BR003631,C00019,2025-06-30,16:35,191,Manual,4,52,Completed
HP001016,BR000446,C00083,2025-06-05,10:28,42,Manual,1,71,Completed
HP001017,BR000071,C00098,2025-06-26,03:01,231,Manual,2,58,Completed
HP001018,BR002959,C00052,2025-06-06,06:59,208,Manual,2,73,Completed
HP001019,BR000015,C00092,2025-06-02,00:08,211,Manual,2,45,Completed
HP001020,BR001986,C00093,2025-06-21,06:05,162,Manual,0,46,Completed
HP001021,BR004288,C00097,2025-06-30,19:47,105,Manual,2,53,Completed
HP001022,BR005530,C00064,2025-06-18,08:39,69,Manual,1,82,Completed
HP001023,BR005326,C00079,2025-06-05,07:46,79,Manual,0,67,Completed
HP001024,BR000622,C00061,2025-06-27,14:03,190,Manual,0,85,Completed
HP001025,BR000376,C00006,2025-06-02,03:16,117,Manual,3,45,Completed
HP001026,BR002785,C00063,2025-06-19,02:10,72,Manual,1,83,Completed
HP001027,BR000517,C00098,2025-06-12,10:46,78,Manual,0,76,Completed
HP001028,BR000296,C00074,2025-06-05,12:30,131,Manual,2,84,Completed
HP001029,BR003448,C00032,2025-06-29,16:43,93,Manual,1,77,Completed
HP001030,BR000866,C00006,2025-06-25,06:20,182,Manual,2,52,Completed
HP001031,BR002290,C00060,2025-06-13,04:22,287,Manual,0,56,Completed
HP001032,BR001401,C00085,2025-06-20,10:32,230,Manual,1,66,Completed
HP001033,BR000789,C00070,2025-06-21,01:32,99,Manual,1,50,Completed
HP001034,BR001677,C00016,2025-06-26,14:07,65,Manual,1,65,Completed
HP001035,BR004329,C00079,2025-06-24,17:27,219,Manual,1,69,Completed
HP001036,BR005524,C00008,2025-06-17,06:26,68,Manual,4,58,Completed
HP001037,BR004098,C00077,2025-06-13,07:32,142,Manual,3,59,Completed
HP001038,BR003617,C00070,2025-06-06,03:27,206,Manual,1,50,Completed
HP001039,BR003256,C00003,2025-06-29,18:16,152,Manual,2,62,Completed
HP001040,BR003439,C00049,2025-06-27,10:51,84,Manual,1,63,Completed
HP001041,BR003228,C00066,2025-06-05,11:38,99,Manual,0,75,Completed
HP001042,BR005025,C00093,2025-06-17,01:58,97,Manual,2,64,Completed
HP001043,BR000316,C00065,2025-06-30,11:09,239,Manual,3,73,Completed
HP001044,BR004610,C00047,2025-06-18,02:31,92,Manual,1,82,Completed
HP001045,BR005509,C00043,2025-06-01,19:49,167,Manual,4,76,Completed
HP001046,BR005460,C00086,2025-06-13,13:39,128,Manual,0,47,Completed
HP001047,BR004034,C00085,2025-06-21,06:00,148,Manual,0,69,Completed
HP001048,BR005374,C00023,2025-06-06,17:28,104,Manual,0,84,Completed
HP001049,BR005408,C00069,2025-06-10,04:12,140,Manual,2,70,Completed
HP001050,BR003832,C00044,2025-06-09,06:30,157,Manual,1,67,Completed
HP001051,BR003411,C00022,2025-06-30,18:54,61,Manual,2,67,Completed
HP001052,BR001155,C00081,2025-06-25,15:20,139,Manual,0,46,Completed
HP001053,BR003478,C00081,2025-06-29,08:52,170,Manual,2,76,Completed
HP001054,BR005367,C00084,2025-06-11,07:17,160,Manual,3,79,Completed
HP001055,BR004093,C00072,2025-06-13,04:53,169,Manual,3,62,Completed
HP001056,BR000738,C00095,2025-06-23,08:33,71,Manual,3,70,Completed
HP001057,BR005912,C00095,2025-06-12,05:57,171,Manual,4,76,Completed
HP001058,BR002796,C00050,2025-06-18,18:30,250,Manual,1,58,Completed
HP001059,BR000051,C00001,2025-06-02,08:55,63,Manual,3,69,Completed
HP001060,BR005782,C00022,2025-06-29,17:25,83,Manual,2,50,Completed
HP001061,BR000059,C00043,2025-06-17,01:08,101,Manual,1,56,Completed
HP001062,BR002899,C00092,2025-06-11,05:45,163,Manual,1,60,Completed
HP001063,BR000370,C00033,2025-06-26,15:47,55,Manual,4,55,Completed
HP001064,BR001683,C00011,2025-06-07,14:55,125,Manual,1,51,Completed
HP001065,BR002814,C00083,2025-06-07,08:38,161,Manual,1,67,Completed
HP001066,BR003472,C00088,2025-06-12,06:16,195,Manual,4,81,Completed
HP001067,BR005537,C00079,2025-06-07,09:30,229,Manual,2,55,Completed
HP001068,BR002981,C00056,2025-06-07,15:14,82,Manual,1,65,Completed
HP001069,BR005830,C00090,2025-06-06,02:55,45,Manual,2,75,Completed
HP001070,BR003258,C00077,2025-06-29,09:00,78,Manual,0,64,Completed
HP001071,BR005000,C00060,2025-06-21,12:17,36,Manual,2,63,Completed
HP001072,BR005184,C00093,2025-06-06,04:57,106,Manual,4,76,Completed
HP001073,BR005731,C00010,2025-06-13,04:20,136,Manual,2,77,Completed
HP001074,BR005115,C00011,2025-06-08,19:34,92,Manual,2,64,Completed
HP001075,BR000999,C00002,2025-06-03,19:10,220,Manual,5,61,Completed
HP001076,BR001798,C00055,2025-06-12,16:22,290,Manual,0,68,Completed
HP001077,BR002559,C00097,2025-06-19,05:05,183,Manual,2,58,Completed
HP001078,BR004084,C00057,2025-06-27,04:34,81,Manual,1,73,Completed
HP001079,BR005494,C00070,2025-06-30,11:12,155,Manual,0,82,Completed
HP001080,BR004522,C00019,2025-06-27,05:23,140,Manual,1,78,Completed
HP001081,BR005565,C00011,2025-06-16,00:21,49,Manual,3,49,Completed
HP001082,BR001899,C00022,2025-06-25,03:19,318,Manual,3,49,Completed
HP001083,BR000136,C00008,2025-06-12,19:03,103,Manual,2,52,Completed
HP001084,BR001498,C00077,2025-06-15,18:10,166,Manual,1,47,Completed
HP001085,BR000547,C00055,2025-06-30,19:52,276,Manual,1,48,Completed
HP001086,BR004379,C00007,2025-06-19,09:10,360,Manual,2,75,Completed
HP001087,BR003991,C00052,2025-06-07,00:37,94,Manual,2,53,Completed
HP001088,BR002171,C00026,2025-06-30,01:06,183,Manual,1,69,Completed
HP001089,BR005019,C00026,2025-06-26,10:51,96,Manual,0,85,Completed
HP001090,BR000257,C00051,2025-06-07,07:51,79,Manual,3,70,Completed
HP001091,BR005325,C00095,2025-06-25,00:08,40,Manual,2,75,Completed
HP001092,BR003677,C00041,2025-06-16,12:38,65,Manual,5,83,Completed
HP001093,BR003983,C00023,2025-06-03,13:48,206,Manual,0,62,Completed
HP001094,BR004199,C00071,2025-06-14,19:06,58,Manual,2,62,Completed
HP001095,BR001807,C00036,2025-06-07,02:57,88,Manual,0,71,Completed
HP001096,BR001354,C00073,2025-06-27,06:48,230,Manual,2,65,Completed
HP001097,BR000328,C00005,2025-06-25,03:06,49,Manual,1,56,Completed
HP001098,BR002839,C00002,2025-06-11,08:24,77,Manual,2,58,Completed
HP001099,BR002141,C00081,2025-06-05,19:55,144,Manual,1,51,Completed
HP001100,BR003575,C00096,2025-06-10,02:42,241,Manual,0,56,Completed
HP001101,BR001200,C00028,2025-06-01,10:33,101,Manual,3,69,Completed
HP001102,BR001834,C00089,2025-06-15,02:46,218,Manual,2,49,Completed
HP001103,BR000389,C00039,2025-06-26,00:47,234,Manual,1,81,Completed
HP001104,BR002356,C00048,2025-06-07,11:59,126,Manual,0,61,Completed
HP001105,BR000919,C00008,2025-06-14,08:59,64,Manual,2,57,Completed
HP001106,BR004356,C00088,2025-06-21,09:02,180,Manual,3,59,Completed
HP001107,BR003737,C00062,2025-06-04,08:44,239,Manual,0,64,Completed
HP001108,BR003616,C00073,2025-06-10,16:04,213,Manual,1,83,Completed
HP001109,BR002272,C00003,2025-06-08,11:27,41,Manual,2,75,Completed
HP001110,BR003826,C00074,2025-06-02,14:52,288,Manual,1,69,Completed
HP001111,BR004039,C00076,2025-06-22,14:59,222,Manual,0,83,Completed
HP001112,BR004991,C00010,2025-06-15,12:51,135,Manual,5,46,Completed
HP001113,BR001658,C00055,2025-06-14,13:23,168,Manual,2,77,Completed
HP001114,BR004649,C00062,2025-06-05,14:03,118,Manual,2,66,Completed
HP001115,BR001527,C00003,2025-06-19,13:01,218,Manual,1,74,Completed
HP001116,BR001891,C00021,2025-06-20,00:11,133,Manual,2,58,Completed
HP001117,BR004837,C00010,2025-06-17,18:04,201,Manual,2,46,Completed
HP001118,BR002737,C00072,2025-06-24,19:05,123,Manual,2,79,Completed
HP001119,BR004819,C00100,2025-06-18,13:03,164,Manual,0,79,Completed
HP001120,BR002636,C00060,2025-06-19,13:03,171,Manual,1,54,Completed
HP001121,BR004458,C00064,2025-06-08,01:46,94,Manual,1,53,Completed
HP001122,BR000749,C00043,2025-06-02,04:54,254,Manual,1,76,Completed
HP001123,BR005622,C00069,2025-06-04,02:11,206,Manual,2,45,Completed
HP001124,BR003281,C00060,2025-06-21,14:11,244,Manual,2,62,Completed
HP001125,BR004966,C00057,2025-06-22,14:10,120,Manual,0,70,Completed
HP001126,BR001024,C00047,2025-06-20,00:56,66,Manual,1,70,Completed
HP001127,BR000394,C00031,2025-06-28,11:25,127,Manual,1,54,Completed
HP001128,BR002918,C00090,2025-06-18,11:41,313,Manual,0,63,Completed
HP001129,BR004262,C00017,2025-06-29,11:13,153,Manual,2,57,Completed
HP001130,BR000823,C00095,2025-06-23,17:56,191,Manual,3,76,Completed
HP001131,BR004157,C00046,2025-06-24,16:54,84,Manual,2,62,Completed
HP001132,BR005035,C00013,2025-06-09,05:34,56,Manual,1,59,Completed
HP001133,BR002499,C00029,2025-06-24,18:40,268,Manual,1,59,Completed
HP001134,BR004462,C00047,2025-06-20,18:06,71,Manual,1,79,Completed
HP001135,BR000245,C00059,2025-06-19,13:22,243,Manual,2,82,Completed
HP001136,BR000818,C00030,2025-06-26,07:46,61,Manual,0,65,Completed
HP001137,BR004791,C00011,2025-06-19,09:29,122,Manual,3,67,Completed
HP001138,BR000324,C00097,2025-06-30,15:08,177,Manual,1,57,Completed
HP001139,BR005514,C00036,2025-06-01,08:23,128,Manual,1,66,Completed
HP001140,BR002845,C00010,2025-06-18,00:48,148,Manual,1,46,Completed
HP001141,BR005943,C00019,2025-06-14,06:40,72,Manual,1,72,Completed
HP001142,BR003508,C00042,2025-06-28,13:05,62,Manual,4,58,Completed
HP001143,BR002280,C00033,2025-06-30,19:41,208,Manual,1,67,Completed
HP001144,BR003759,C00001,2025-06-04,01:12,135,Manual,1,76,Completed
HP001145,BR005218,C00052,2025-06-13,01:04,284,Manual,2,83,Completed
HP001146,BR004220,C00023,2025-06-07,07:05,169,Manual,2,71,Completed
HP001147,BR003397,C00066,2025-06-07,00:14,168,Manual,4,78,Completed
HP001148,BR001391,C00044,2025-06-18,00:41,234,Manual,1,64,Completed
HP001149,BR000676,C00097,2025-06-11,05:13,76,Manual,1,85,Completed
HP001150,BR001213,C00050,2025-06-06,02:00,158,Manual,0,84,Completed
HP001151,BR003700,C00074,2025-06-01,10:04,86,Manual,1,72,Completed
HP001152,BR005809,C00070,2025-06-22,18:31,161,Manual,0,76,Completed
HP001153,BR003426,C00096,2025-06-10,09:16,64,Manual,1,50,Completed
HP001154,BR004685,C00012,2025-06-13,07:54,156,Manual,0,85,Completed
HP001155,BR005003,C00013,2025-06-03,15:12,158,Manual,2,70,Completed
HP001156,BR003390,C00091,2025-06-13,09:03,183,Manual,0,65,Completed
HP001157,BR002866,C00069,2025-06-29,18:24,122,Manual,2,64,Completed
HP001158,BR001215,C00002,2025-06-23,11:15,100,Manual,2,71,Completed
HP001159,BR001613,C00078,2025-06-07,17:45,108,Manual,1,82,Completed
HP001160,BR005187,C00051,2025-06-17,18:58,146,Manual,4,51,Completed
HP001161,BR001435,C00019,2025-06-30,07:42,249,Manual,0,62,Completed
HP001162,BR001212,C00040,2025-06-29,06:52,163,Manual,2,60,Completed
HP001163,BR005476,C00004,2025-06-19,09:37,82,Manual,3,62,Completed
HP001164,BR001410,C00027,2025-06-11,10:36,113,Manual,2,60,Completed
HP001165,BR001427,C00008,2025-06-03,00:07,122,Manual,5,46,Completed
HP001166,BR000215,C00068,2025-06-16,05:17,113,Manual,4,78,Completed
HP001167,BR002387,C00011,2025-06-11,06:20,303,Manual,5,75,Completed
HP001168,BR001221,C00090,2025-06-05,07:08,356,Manual,3,74,Completed
HP001169,BR001043,C00046,2025-06-05,04:23,89,Manual,2,64,Completed
HP001170,BR003705,C00096,2025-06-25,00:59,173,Manual,0,55,Completed
HP001171,BR001193,C00049,2025-06-08,14:59,31,Manual,4,64,Completed
HP001172,BR000566,C00048,2025-06-04,13:22,118,Manual,2,80,Completed
HP001173,BR004323,C00083,2025-06-19,16:50,122,Manual,0,57,Completed
HP001174,BR002138,C00023,2025-06-26,05:32,60,Manual,1,57,Completed
HP001175,BR004628,C00052,2025-06-17,11:42,207,Manual,4,56,Completed
HP001176,BR001370,C00023,2025-06-25,07:06,264,Manual,1,77,Completed
HP001177,BR002038,C00079,2025-06-19,15:48,60,Manual,1,84,Completed
HP001178,BR001415,C00078,2025-06-06,08:36,251,Manual,2,66,Completed
HP001179,BR000836,C00089,2025-06-19,04:23,110,Manual,6,54,Completed
HP001180,BR000155,C00050,2025-06-23,09:53,79,Manual,1,64,Completed
HP001181,BR005975,C00092,2025-06-20,03:49,159,Manual,1,77,Completed
HP001182,BR005448,C00082,2025-06-14,04:42,83,Manual,0,71,Completed
HP001183,BR002924,C00061,2025-06-04,06:05,165,Manual,2,65,Completed
HP001184,BR005169,C00075,2025-06-24,11:59,199,Manual,4,75,Completed
HP001185,BR005793,C00047,2025-06-13,02:00,162,Manual,5,63,Completed
HP001186,BR002681,C00093,2025-06-11,07:22,210,Manual,1,81,Completed
HP001187,BR002130,C00017,2025-06-29,08:12,198,Manual,3,78,Completed
HP001188,BR004001,C00042,2025-06-02,13:12,152,Manual,2,82,Completed
HP001189,BR001774,C00074,2025-06-12,09:43,114,Manual,2,55,Completed
HP001190,BR001099,C00098,2025-06-25,00:22,98,Manual,0,60,Completed
HP001191,BR002658,C00077,2025-06-07,07:44,44,Manual,1,75,Completed
HP001192,BR000543,C00020,2025-06-10,05:18,144,Manual,1,85,Completed
HP001193,BR001507,C00017,2025-06-07,15:01,213,Manual,0,81,Completed
HP001194,BR002988,C00010,2025-06-17,01:43,88,Manual,1,51,Completed
HP001195,BR000588,C00043,2025-06-15,01:36,87,Manual,0,80,Completed
HP001196,BR003271,C00085,2025-06-13,10:28,130,Manual,0,74,Completed
HP001197,BR000623,C00053,2025-06-16,03:02,178,Manual,3,53,Completed
HP001198,BR003311,C00004,2025-06-02,13:39,160,Manual,2,68,Completed
HP001199,BR004445,C00002,2025-06-08,12:25,127,Manual,0,65,Completed
HP001200,BR003633,C00091,2025-06-02,02:09,103,Manual,0,46,Completed
HP001201,BR000044,C00066,2025-06-25,12:39,33,Manual,2,80,Completed
HP001202,BR005672,C00078,2025-06-23,08:22,57,Manual,1,49,Completed
HP001203,BR000550,C00091,2025-06-21,17:52,295,Manual,1,73,Completed
HP001204,BR003004,C00017,2025-06-28,13:21,53,Manual,2,79,Completed
HP001205,BR003630,C00035,2025-06-20,17:00,161,Manual,6,58,Completed
HP001206,BR005598,C00086,2025-06-13,19:40,92,Manual,5,73,Completed
HP001207,BR003354,C00052,2025-06-30,18:38,223,Manual,2,47,Completed
HP001208,BR005402,C00023,2025-06-29,09:20,229,Manual,5,55,Completed
HP001209,BR003984,C00088,2025-06-16,15:49,326,Manual,1,46,Completed
HP001210,BR003058,C00096,2025-06-17,06:32,77,Manual,1,51,Completed
HP001211,BR005484,C00067,2025-06-14,17:05,163,Manual,2,56,Completed
HP001212,BR000817,C00069,2025-06-13,05:16,232,Manual,1,66,Completed
HP001213,BR002583,C00026,2025-06-15,06:37,94,Manual,2,63,Completed
HP001214,BR000966,C00093,2025-06-25,09:52,231,Manual,2,51,Completed
HP001215,BR002381,C00002,2025-06-07,17:40,139,Manual,2,55,Completed
HP001216,BR005751,C00078,2025-06-20,01:37,171,Manual,2,74,Completed
HP001217,BR001754,C00079,2025-06-29,06:37,132,Manual,0,58,Completed
HP001218,BR004320,C00048,2025-06-09,16:11,200,Manual,4,80,Completed
HP001219,BR003702,C00021,2025-06-21,18:11,208,Manual,0,78,Completed
HP001220,BR002975,C00060,2025-06-20,06:24,222,Manual,0,57,Completed
HP001221,BR002414,C00064,2025-06-11,18:48,52,Manual,0,75,Completed
HP001222,BR000350,C00014,2025-06-21,09:29,278,Manual,0,69,Completed
HP001223,BR002165,C00048,2025-06-17,06:31,63,Manual,1,62,Completed
HP001224,BR001040,C00057,2025-06-21,08:41,67,Manual,0,57,Completed
HP001225,BR003000,C00022,2025-06-22,04:12,142,Manual,3,46,Completed
HP001226,BR002232,C00054,2025-06-24,12:35,78,Manual,0,61,Completed
HP001227,BR002873,C00086,2025-06-10,18:14,245,Manual,0,78,Completed
HP001228,BR003840,C00014,2025-06-29,17:00,220,Manual,0,79,Completed
HP001229,BR005296,C00089,2025-06-21,09:06,157,Manual,2,53,Completed
HP001230,BR005236,C00035,2025-06-07,19:03,89,Manual,0,80,Completed
HP001231,BR005966,C00081,2025-06-25,01:42,99,Manual,3,81,Completed
HP001232,BR001245,C00039,2025-06-18,11:25,86,Manual,2,66,Completed
HP001233,BR001908,C00087,2025-06-16,06:25,137,Manual,3,85,Completed
HP001234,BR000031,C00056,2025-06-19,18:21,156,Manual,1,68,Completed
HP001235,BR002821,C00096,2025-06-11,15:34,187,Manual,2,82,Completed
HP001236,BR004965,C00092,2025-06-29,11:20,138,Manual,0,75,Completed
HP001237,BR005584,C00071,2025-06-30,12:40,87,Manual,2,60,Completed
HP001238,BR003332,C00034,2025-06-06,02:23,299,Manual,3,46,Completed
HP001239,BR003974,C00067,2025-06-20,13:18,57,Manual,3,82,Completed
HP001240,BR003667,C00086,2025-06-12,05:49,201,Manual,1,46,Completed
HP001241,BR005031,C00028,2025-06-29,06:49,164,Manual,3,79,Completed
HP001242,BR003189,C00024,2025-06-30,07:29,133,Manual,2,59,Completed
HP001243,BR000930,C00016,2025-06-27,08:19,196,Manual,3,74,Completed
HP001244,BR004756,C00027,2025-06-04,02:41,70,Manual,2,84,Completed
HP001245,BR001180,C00033,2025-06-13,06:04,308,Manual,1,56,Completed
HP001246,BR000132,C00013,2025-06-15,02:20,122,Manual,0,61,Completed
HP001247,BR000864,C00042,2025-06-06,18:40,175,Manual,0,49,Completed
HP001248,BR003753,C00058,2025-06-14,09:04,162,Manual,2,47,Completed
HP001249,BR000488,C00009,2025-06-07,18:43,255,Manual,2,82,Completed
HP001250,BR005036,C00080,2025-06-16,14:13,86,Manual,2,51,Completed
HP001251,BR003413,C00052,2025-06-16,05:22,46,Manual,1,67,Completed
HP001252,BR002022,C00095,2025-06-22,07:09,118,Manual,3,78,Completed
HP001253,BR004280,C00050,2025-06-05,18:17,49,Manual,4,66,Completed
HP001254,BR002368,C00023,2025-06-02,14:34,105,Manual,0,48,Completed
HP001255,BR000269,C00081,2025-06-16,17:05,200,Manual,0,74,Completed
HP001256,BR002582,C00069,2025-06-04,17:11,135,Manual,3,52,Completed
HP001257,BR002226,C00027,2025-06-10,01:44,60,Manual,1,50,Completed
HP001258,BR000249,C00002,2025-06-26,03:56,48,Manual,3,47,Completed
HP001259,BR003107,C00046,2025-06-12,06:38,116,Manual,0,72,Completed
HP001260,BR001152,C00062,2025-06-02,13:00,292,Manual,0,66,Completed
HP001261,BR005658,C00059,2025-06-26,19:46,154,Manual,1,70,Completed
HP001262,BR002659,C00051,2025-06-25,09:06,92,Manual,1,61,Completed
HP001263,BR004556,C00030,2025-06-07,05:11,184,Manual,1,78,Completed
HP001264,BR002475,C00064,2025-06-17,14:04,40,Manual,0,84,Completed
HP001265,BR004555,C00075,2025-06-21,18:50,262,Manual,2,50,Completed
HP001266,BR004403,C00050,2025-06-25,10:11,130,Manual,1,80,Completed
HP001267,BR005419,C00003,2025-06-30,06:24,95,Manual,2,67,Completed
HP001268,BR002720,C00007,2025-06-28,11:03,254,Manual,1,45,Completed
HP001269,BR005883,C00075,2025-06-09,15:02,41,Manual,1,57,Completed
HP001270,BR002682,C00067,2025-06-04,07:54,196,Manual,7,84,Completed
HP001271,BR003899,C00080,2025-06-25,15:52,230,Manual,3,54,Completed
HP001272,BR003664,C00026,2025-06-17,04:22,67,Manual,3,85,Completed
HP001273,BR002015,C00097,2025-06-01,14:58,141,Manual,1,54,Completed
HP001274,BR002745,C00055,2025-06-17,06:13,199,Manual,3,54,Completed
HP001275,BR002740,C00037,2025-06-04,16:41,236,Manual,3,60,Completed
HP001276,BR005831,C00044,2025-06-10,16:51,196,Manual,1,51,Completed
HP001277,BR001945,C00019,2025-06-19,03:17,160,Manual,2,65,Completed
HP001278,BR002869,C00058,2025-06-15,16:17,37,Manual,4,65,Completed
HP001279,BR003078,C00073,2025-06-04,19:29,162,Manual,3,78,Completed
HP001280,BR001632,C00052,2025-06-04,14:34,215,Manual,1,72,Completed
HP001281,BR001694,C00096,2025-06-24,10:27,337,Manual,3,68,Completed
HP001282,BR001327,C00012,2025-06-28,11:07,135,Manual,1,75,Completed
HP001283,BR004408,C00091,2025-06-22,11:20,269,Manual,2,83,Completed
HP001284,BR002668,C00090,2025-06-30,08:15,171,Manual,1,78,Completed
HP001285,BR003560,C00061,2025-06-26,01:00,187,Manual,2,69,Completed
HP001286,BR001868,C00041,2025-06-26,03:03,115,Manual,2,60,Completed
HP001287,BR000882,C00023,2025-06-02,17:55,189,Manual,0,71,Completed
HP001288,BR001379,C00021,2025-06-03,03:32,106,Manual,3,81,Completed
HP001289,BR003363,C00076,2025-06-01,08:11,187,Manual,1,59,Completed
HP001290,BR005817,C00044,2025-06-15,13:36,116,Manual,1,68,Completed
HP001291,BR001481,C00049,2025-06-07,17:02,313,Manual,4,48,Completed
HP001292,BR003392,C00053,2025-06-14,09:38,247,Manual,3,52,Completed
HP001293,BR003688,C00057,2025-06-12,15:20,122,Manual,1,51,Completed
HP001294,BR004831,C00063,2025-06-22,17:06,101,Manual,2,84,Completed
HP001295,BR001134,C00072,2025-06-23,18:26,237,Manual,3,61,Completed
HP001296,BR002792,C00069,2025-06-09,03:41,127,Manual,2,58,Completed
HP001297,BR004928,C00057,2025-06-11,04:39,95,Manual,0,57,Completed
HP001298,BR000022,C00068,2025-06-16,01:25,148,Manual,3,51,Completed
HP001299,BR001467,C00020,2025-06-11,15:28,109,Manual,2,47,Completed
HP001300,BR003443,C00078,2025-06-01,02:14,202,Manual,2,82,Completed
HP001301,BR003509,C00013,2025-06-04,16:24,89,Manual,3,60,Completed
HP001302,BR000642,C00017,2025-06-04,11:02,61,Manual,2,70,Completed
HP001303,BR002069,C00004,2025-06-28,16:49,134,Manual,1,78,Completed
HP001304,BR000751,C00085,2025-06-08,18:54,315,Manual,2,57,Completed
HP001305,BR003619,C00059,2025-06-06,07:16,161,Manual,3,48,Completed
HP001306,BR002989,C00050,2025-06-21,12:05,152,Manual,4,62,Completed
HP001307,BR001691,C00057,2025-06-02,18:42,105,Manual,2,82,Completed
HP001308,BR004488,C00012,2025-06-09,18:15,229,Manual,3,84,Completed
HP001309,BR004250,C00029,2025-06-19,04:47,253,Manual,0,83,Completed
HP001310,BR004776,C00002,2025-06-27,12:57,82,Manual,1,61,Completed
HP001311,BR003282,C00093,2025-06-24,06:47,216,Manual,2,59,Completed
HP001312,BR001334,C00065,2025-06-28,07:15,37,Manual,1,62,Completed
HP001313,BR000104,C00028,2025-06-12,14:18,107,Manual,2,75,Completed
HP001314,BR003001,C00096,2025-06-18,00:45,203,Manual,2,46,Completed
HP001315,BR003897,C00086,2025-06-20,12:51,117,Manual,1,76,Completed
HP001316,BR004572,C00060,2025-06-13,14:22,164,Manual,1,82,Completed
HP001317,BR005640,C00078,2025-06-29,10:53,154,Manual,1,50,Completed
HP001318,BR003213,C00087,2025-06-20,13:19,292,Manual,1,82,Completed
HP001319,BR003374,C00014,2025-06-30,09:33,105,Manual,0,51,Completed
HP001320,BR002859,C00016,2025-06-14,14:50,199,Manual,3,56,Completed
HP001321,BR002909,C00043,2025-06-23,13:39,224,Manual,3,46,Completed
HP001322,BR005851,C00016,2025-06-27,18:10,128,Manual,1,84,Completed
HP001323,BR003361,C00089,2025-06-08,19:17,264,Manual,3,66,Completed
HP001324,BR002412,C00003,2025-06-07,19:14,198,Manual,2,61,Completed
HP001325,BR004216,C00092,2025-06-13,15:09,101,Manual,4,73,Completed
HP001326,BR000090,C00068,2025-06-22,13:34,199,Manual,2,82,Completed
HP001327,BR000471,C00014,2025-06-29,05:15,228,Manual,0,64,Completed
HP001328,BR000901,C00063,2025-06-25,13:27,189,Manual,1,62,Completed
HP001329,BR003545,C00046,2025-06-19,19:02,118,Manual,2,71,Completed
HP001330,BR005307,C00088,2025-06-07,00:05,165,Manual,3,81,Completed
HP001331,BR004771,C00097,2025-06-22,06:47,128,Manual,4,54,Completed
HP001332,BR002511,C00045,2025-06-18,03:25,37,Manual,3,60,Completed
HP001333,BR005657,C00075,2025-06-18,03:37,223,Manual,4,65,Completed
HP001334,BR004727,C00098,2025-06-04,00:28,107,Manual,1,66,Completed
HP001335,BR004204,C00034,2025-06-20,16:38,71,Manual,1,53,Completed
HP001336,BR001894,C00035,2025-06-20,13:32,140,Manual,3,47,Completed
HP001337,BR005204,C00025,2025-06-26,06:32,109,Manual,2,72,Completed
HP001338,BR004722,C00097,2025-06-18,13:41,78,Manual,2,70,Completed
HP001339,BR001732,C00011,2025-06-12,09:37,254,Manual,0,46,Completed
HP001340,BR005249,C00088,2025-06-15,04:39,103,Manual,2,57,Completed
HP001341,BR001917,C00021,2025-06-21,02:04,173,Manual,1,77,Completed
HP001342,BR002142,C00093,2025-06-16,12:21,182,Manual,1,64,Completed
HP001343,BR003129,C00045,2025-06-21,04:22,173,Manual,0,80,Completed
HP001344,BR001867,C00048,2025-06-29,01:42,56,Manual,3,65,Completed
HP001345,BR002940,C00001,2025-06-21,07:30,83,Manual,0,46,Completed
HP001346,BR003159,C00069,2025-06-13,03:49,92,Manual,1,79,Completed
HP001347,BR001288,C00023,2025-06-12,13:21,152,Manual,0,54,Completed
HP001348,BR002044,C00064,2025-06-03,06:30,115,Manual,1,57,Completed
HP001349,BR002040,C00077,2025-06-18,11:07,69,Manual,2,63,Completed
HP001350,BR004160,C00052,2025-06-24,11:37,316,Manual,2,85,Completed
HP001351,BR005619,C00032,2025-06-25,05:46,165,Manual,1,45,Completed
HP001352,BR001771,C00031,2025-06-14,19:21,119,Manual,2,75,Completed
HP001353,BR002744,C00013,2025-06-04,00:59,266,Manual,1,45,Completed
HP001354,BR003185,C00071,2025-06-08,17:31,228,Manual,1,51,Completed
HP001355,BR000765,C00044,2025-06-03,02:35,263,Manual,1,46,Completed
HP001356,BR001810,C00041,2025-06-09,16:51,113,Manual,2,50,Completed
HP001357,BR005375,C00018,2025-06-15,07:21,158,Manual,0,75,Completed
HP001358,BR004194,C00037,2025-06-21,15:36,38,Manual,2,51,Completed
HP001359,BR001240,C00016,2025-06-30,11:06,86,Manual,2,70,Completed
HP001360,BR000066,C00055,2025-06-07,19:29,121,Manual,0,84,Completed
HP001361,BR002574,C00021,2025-06-20,07:07,128,Manual,1,81,Completed
HP001362,BR000477,C00024,2025-06-02,04:11,212,Manual,4,78,Completed
HP001363,BR004863,C00002,2025-06-26,03:53,96,Manual,4,70,Completed
HP001364,BR003919,C00085,2025-06-06,11:36,58,Manual,2,71,Completed
HP001365,BR003908,C00033,2025-06-23,15:43,100,Manual,1,48,Completed
HP001366,BR002939,C00050,2025-06-08,14:40,112,Manual,3,65,Completed
HP001367,BR001066,C00090,2025-06-01,00:25,128,Manual,2,68,Completed
HP001368,BR003428,C00041,2025-06-07,06:11,40,Manual,2,66,Completed
HP001369,BR004565,C00076,2025-06-20,16:53,256,Manual,1,82,Completed
HP001370,BR003216,C00096,2025-06-06,02:36,77,Manual,1,61,Completed
HP001371,BR003641,C00086,2025-06-01,02:56,167,Manual,3,52,Completed
HP001372,BR003231,C00074,2025-06-29,02:17,270,Manual,2,58,Completed
HP001373,BR003252,C00062,2025-06-03,08:05,189,Manual,2,64,Completed
HP001374,BR004174,C00100,2025-06-07,12:43,258,Manual,2,76,Completed
HP001375,BR005161,C00050,2025-06-07,07:06,165,Manual,1,78,Completed
HP001376,BR001588,C00035,2025-06-19,07:59,42,Manual,1,70,Completed
HP001377,BR003835,C00087,2025-06-20,11:14,234,Manual,2,85,Completed
HP001378,BR003562,C00075,2025-06-13,12:31,214,Manual,2,75,Completed
HP001379,BR000452,C00075,2025-06-13,14:02,143,Manual,2,82,Completed
HP001380,BR003486,C00007,2025-06-20,11:52,190,Manual,0,50,Completed
HP001381,BR001753,C00080,2025-06-09,12:23,215,Manual,2,71,Completed
HP001382,BR001291,C00070,2025-06-30,05:57,178,Manual,5,63,Completed
HP001383,BR002054,C00078,2025-06-28,08:50,49,Manual,1,50,Completed
HP001384,BR001147,C00046,2025-06-15,17:21,253,Manual,3,75,Completed
HP001385,BR004889,C00034,2025-06-02,17:11,118,Manual,3,51,Completed
HP001386,BR002032,C00067,2025-06-18,04:26,163,Manual,3,59,Completed
HP001387,BR001031,C00014,2025-06-02,13:55,76,Manual,0,83,Completed
HP001388,BR003565,C00029,2025-06-20,12:02,90,Manual,0,84,Completed
HP001389,BR001565,C00072,2025-06-26,17:23,47,Manual,1,52,Completed
HP001390,BR004702,C00002,2025-06-08,14:19,83,Manual,0,57,Completed
HP001391,BR003301,C00050,2025-06-26,09:20,117,Manual,3,52,Completed
HP001392,BR004373,C00014,2025-06-08,04:02,64,Manual,2,59,Completed
HP001393,BR005046,C00064,2025-06-30,00:37,97,Manual,2,66,Completed
HP001394,BR001192,C00045,2025-06-23,16:34,60,Manual,2,65,Completed
HP001395,BR000996,C00063,2025-06-09,00:31,224,Manual,2,56,Completed
HP001396,BR000168,C00062,2025-06-08,02:43,227,Manual,2,84,Completed
HP001397,BR004447,C00082,2025-06-05,08:09,139,Manual,0,62,Completed
HP001398,BR003055,C00009,2025-06-24,04:52,213,Manual,3,54,Completed
HP001399,BR000914,C00001,2025-06-21,02:46,76,Manual,0,72,Completed
HP001400,BR002417,C00057,2025-06-06,10:53,70,Manual,3,78,Completed
HP001401,BR003149,C00092,2025-06-24,09:50,244,Manual,2,49,Completed
HP001402,BR000492,C00075,2025-06-05,12:07,170,Manual,2,61,Completed
HP001403,BR002676,C00026,2025-06-12,18:48,215,Manual,2,79,Completed
HP001404,BR004761,C00032,2025-06-26,16:54,146,Manual,2,54,Completed
HP001405,BR000194,C00040,2025-06-22,14:13,104,Manual,1,69,Completed
HP001406,BR001962,C00062,2025-06-19,12:52,86,Manual,3,52,Completed
HP001407,BR002805,C00091,2025-06-30,00:16,59,Manual,2,85,Completed
HP001408,BR001530,C00073,2025-06-19,02:28,253,Manual,2,73,Completed
HP001409,BR001009,C00061,2025-06-09,12:24,167,Manual,0,55,Completed
HP001410,BR003005,C00076,2025-06-09,00:57,91,Manual,3,61,Completed
HP001411,BR002080,C00092,2025-06-05,02:33,140,Manual,0,54,Completed
HP001412,BR005501,C00050,2025-06-05,01:36,77,Manual,1,60,Completed
HP001413,BR001773,C00058,2025-06-14,02:51,57,Manual,3,83,Completed
HP001414,BR002801,C00033,2025-06-02,10:18,102,Manual,1,79,Completed
HP001415,BR005874,C00062,2025-06-16,01:32,187,Manual,1,73,Completed
HP001416,BR002674,C00034,2025-06-25,00:46,239,Manual,3,48,Completed
HP001417,BR001140,C00049,2025-06-19,02:33,141,Manual,1,76,Completed
HP001418,BR002267,C00059,2025-06-07,14:52,165,Manual,2,74,Completed
HP001419,BR003876,C00082,2025-06-26,07:21,53,Manual,2,50,Completed
HP001420,BR003975,C00001,2025-06-06,17:39,64,Manual,1,77,Completed
HP001421,BR001456,C00090,2025-06-01,09:22,292,Manual,1,66,Completed
HP001422,BR001423,C00016,2025-06-27,07:02,237,Manual,2,63,Completed
HP001423,BR002233,C00050,2025-06-30,04:43,78,Manual,2,54,Completed
HP001424,BR004256,C00096,2025-06-27,05:37,234,Manual,1,60,Completed
HP001425,BR003823,C00042,2025-06-01,07:21,284,Manual,3,82,Completed
HP001426,BR005054,C00019,2025-06-12,02:19,123,Manual,2,68,Completed
HP001427,BR002985,C00010,2025-06-29,12:08,120,Manual,2,57,Completed
HP001428,BR002878,C00034,2025-06-21,04:23,135,Manual,1,58,Completed
HP001429,BR000157,C00098,2025-06-14,05:54,222,Manual,1,54,Completed
HP001430,BR005039,C00089,2025-06-05,10:45,133,Manual,1,55,Completed
HP001431,BR000149,C00051,2025-06-22,08:23,142,Manual,2,55,Completed
HP001432,BR003257,C00031,2025-06-22,03:34,121,Manual,0,64,Completed
HP001433,BR002393,C00048,2025-06-16,19:37,178,Manual,2,63,Completed
HP001434,BR004735,C00002,2025-06-18,14:07,139,Manual,2,78,Completed
HP001435,BR000405,C00047,2025-06-19,09:37,106,Manual,3,82,Completed
HP001436,BR001847,C00097,2025-06-01,13:36,66,Manual,3,63,Completed
HP001437,BR000993,C00073,2025-06-02,15:07,102,Manual,0,66,Completed
HP001438,BR000627,C00072,2025-06-23,13:36,267,Manual,1,59,Completed
HP001439,BR004548,C00023,2025-06-06,01:51,192,Manual,4,60,Completed
HP001440,BR005717,C00025,2025-06-20,11:13,124,Manual,1,63,Completed
HP001441,BR001833,C00071,2025-06-24,19:35,239,Manual,1,81,Completed
HP001442,BR003351,C00029,2025-06-02,05:15,44,Manual,2,55,Completed
HP001443,BR001500,C00038,2025-06-21,09:56,135,Manual,0,66,Completed
HP001444,BR001755,C00059,2025-06-07,17:36,214,Manual,2,67,Completed
HP001445,BR004835,C00077,2025-06-17,00:28,117,Manual,2,58,Completed
HP001446,BR001307,C00020,2025-06-18,01:40,100,Manual,2,58,Completed
HP001447,BR005464,C00005,2025-06-09,13:33,140,Manual,1,78,Completed
HP001448,BR004205,C00087,2025-06-25,14:50,290,Manual,1,56,Completed
HP001449,BR004847,C00083,2025-06-06,00:29,243,Manual,4,77,Completed
HP001450,BR002199,C00084,2025-06-27,16:16,113,Manual,2,62,Completed
HP001451,BR004139,C00058,2025-06-11,14:24,139,Manual,3,74,Completed
HP001452,BR004232,C00074,2025-06-01,08:46,187,Manual,2,68,Completed
HP001453,BR001525,C00041,2025-06-25,12:22,126,Manual,3,68,Completed
HP001454,BR000021,C00037,2025-06-11,14:35,132,Manual,2,63,Completed
HP001455,BR005700,C00090,2025-06-27,13:07,80,Manual,2,83,Completed
HP001456,BR004455,C00008,2025-06-08,15:24,125,Manual,3,85,Completed
HP001457,BR000069,C00060,2025-06-25,06:48,154,Manual,3,61,Completed
HP001458,BR003247,C00095,2025-06-01,01:42,206,Manual,1,67,Completed
HP001459,BR005786,C00015,2025-06-20,03:10,184,Manual,2,66,Completed
HP001460,BR000121,C00012,2025-06-19,12:07,134,Manual,3,62,Completed
HP001461,BR000936,C00007,2025-06-18,17:26,162,Manual,3,51,Completed
HP001462,BR000202,C00074,2025-06-15,18:48,49,Manual,1,57,Completed
HP001463,BR005681,C00084,2025-06-30,09:16,154,Manual,2,68,Completed
HP001464,BR005063,C00091,2025-06-11,14:22,227,Manual,3,53,Completed
HP001465,BR000079,C00036,2025-06-08,03:43,113,Manual,2,74,Completed
HP001466,BR002627,C00056,2025-06-24,06:38,253,Manual,1,52,Completed
HP001467,BR003449,C00055,2025-06-08,08:18,64,Manual,1,64,Completed
HP001468,BR005343,C00060,2025-06-10,05:04,139,Manual,1,78,Completed
HP001469,BR000137,C00034,2025-06-07,09:42,190,Manual,0,82,Completed
HP001470,BR002043,C00029,2025-06-12,11:52,244,Manual,5,70,Completed
HP001471,BR005475,C00067,2025-06-01,09:16,102,Manual,1,85,Completed
HP001472,BR002716,C00008,2025-06-29,15:49,202,Manual,1,60,Completed
HP001473,BR000637,C00059,2025-06-15,00:26,205,Manual,1,71,Completed
HP001474,BR003034,C00046,2025-06-01,02:28,159,Manual,2,57,Completed
HP001475,BR005950,C00051,2025-06-18,05:48,80,Manual,4,82,Completed
HP001476,BR005745,C00068,2025-06-03,13:41,144,Manual,6,72,Completed
HP001477,BR000496,C00048,2025-06-19,09:09,272,Manual,5,84,Completed
HP001478,BR005628,C00099,2025-06-28,11:01,108,Manual,1,71,Completed
HP001479,BR005093,C00097,2025-06-10,02:23,149,Manual,0,51,Completed
HP001480,BR003776,C00048,2025-06-29,01:36,81,Manual,2,72,Completed
HP001481,BR001342,C00006,2025-06-25,13:05,208,Manual,2,76,Completed
HP001482,BR004241,C00037,2025-06-19,16:19,185,Manual,2,69,Completed
HP001483,BR004236,C00066,2025-06-16,18:04,49,Manual,3,76,Completed
HP001484,BR004676,C00074,2025-06-25,16:24,86,Manual,1,64,Completed
HP001485,BR002536,C00005,2025-06-06,15:18,243,Manual,1,48,Completed
HP001486,BR000075,C00095,2025-06-25,11:46,154,Manual,3,73,Completed
HP001487,BR002815,C00016,2025-06-17,18:20,216,Manual,2,57,Completed
HP001488,BR004400,C00019,2025-06-16,06:13,172,Manual,2,51,Completed
HP001489,BR004016,C00080,2025-06-21,01:08,131,Manual,2,62,Completed
HP001490,BR003108,C00016,2025-06-08,02:43,266,Manual,0,49,Completed
HP001491,BR002325,C00062,2025-06-07,07:44,205,Manual,1,55,Completed
HP001492,BR002652,C00048,2025-06-30,13:07,103,Manual,1,73,Completed
HP001493,BR003391,C00059,2025-06-30,15:25,122,Manual,2,46,Completed
HP001494,BR001299,C00034,2025-06-11,13:45,161,Manual,0,59,Completed
HP001495,BR005505,C00016,2025-06-09,09:21,214,Manual,0,57,Completed
HP001496,BR001617,C00064,2025-06-12,04:03,256,Manual,3,67,Completed
HP001497,BR003199,C00037,2025-06-11,05:26,209,Manual,0,64,Completed
HP001498,BR002135,C00089,2025-06-17,09:36,139,Manual,1,58,Completed
HP001499,BR000515,C00062,2025-06-02,15:33,207,Manual,2,61,Completed
HP001500,BR001376,C00030,2025-06-07,09:56,63,Manual,2,70,Completed
HP001501,BR003948,C00060,2025-06-25,19:21,49,Manual,2,60,Completed
HP001502,BR004406,C00087,2025-06-01,09:32,200,Manual,3,74,Completed
HP001503,BR004632,C00043,2025-06-26,17:56,134,Manual,4,76,Completed
HP001504,BR001697,C00033,2025-06-17,17:58,90,Manual,1,67,Completed
HP001505,BR000026,C00052,2025-06-28,10:59,212,Manual,2,55,Completed
HP001506,BR005564,C00084,2025-06-08,09:43,208,Manual,0,64,Completed
HP001507,BR000824,C00063,2025-06-12,02:56,192,Manual,2,82,Completed
HP001508,BR005454,C00063,2025-06-30,07:04,188,Manual,4,69,Completed
HP001509,BR003229,C00001,2025-06-09,11:45,66,Manual,1,60,Completed
HP001510,BR002804,C00068,2025-06-14,09:46,131,Manual,3,50,Completed
HP001511,BR002838,C00019,2025-06-10,19:32,193,Manual,1,56,Completed
HP001512,BR001455,C00031,2025-06-12,05:43,40,Manual,1,57,Completed
HP001513,BR005917,C00077,2025-06-08,04:52,102,Manual,1,64,Completed
HP001514,BR005463,C00085,2025-06-11,07:51,101,Manual,6,48,Completed
HP001515,BR001941,C00088,2025-06-13,16:18,31,Manual,2,62,Completed
HP001516,BR002481,C00046,2025-06-23,15:59,253,Manual,4,79,Completed
HP001517,BR004129,C00096,2025-06-01,17:23,215,Manual,0,73,Completed
HP001518,BR005250,C00057,2025-06-22,11:41,121,Manual,2,51,Completed
HP001519,BR002604,C00088,2025-06-30,18:39,152,Manual,2,59,Completed
HP001520,BR000530,C00058,2025-06-20,16:50,40,Manual,4,56,Completed
HP001521,BR002155,C00012,2025-06-16,07:15,44,Manual,1,45,Completed
HP001522,BR002048,C00084,2025-06-24,18:36,64,Manual,2,52,Completed
HP001523,BR001509,C00026,2025-06-02,00:13,122,Manual,1,49,Completed
HP001524,BR000708,C00010,2025-06-23,05:42,228,Manual,1,65,Completed
HP001525,BR001412,C00073,2025-06-17,19:38,153,Manual,0,50,Completed
HP001526,BR002683,C00095,2025-06-22,19:19,219,Manual,0,79,Completed
HP001527,BR002885,C00088,2025-06-28,14:29,130,Manual,4,75,Completed
HP001528,BR000941,C00075,2025-06-12,05:14,240,Manual,0,67,Completed
HP001529,BR000620,C00061,2025-06-10,10:19,216,Manual,3,46,Completed
HP001530,BR005225,C00059,2025-06-08,16:42,171,Manual,0,67,Completed
HP001531,BR003399,C00026,2025-06-21,13:05,130,Manual,4,51,Completed
HP001532,BR004891,C00050,2025-06-16,12:09,75,Manual,0,67,Completed
HP001533,BR001100,C00011,2025-06-07,10:32,219,Manual,2,74,Completed
HP001534,BR004917,C00015,2025-06-12,07:21,88,Manual,0,77,Completed
HP001535,BR005185,C00011,2025-06-02,14:15,91,Manual,1,60,Completed
HP001536,BR000254,C00027,2025-06-23,18:05,131,Manual,3,54,Completed
HP001537,BR004079,C00051,2025-06-13,00:27,220,Manual,0,51,Completed
HP001538,BR001408,C00081,2025-06-01,06:18,186,Manual,2,59,Completed
HP001539,BR003576,C00095,2025-06-20,07:58,195,Manual,0,82,Completed
HP001540,BR005158,C00056,2025-06-09,03:26,123,Manual,3,58,Completed
HP001541,BR003128,C00074,2025-06-23,06:51,170,Manual,3,59,Completed
HP001542,BR005964,C00051,2025-06-08,17:19,136,Manual,2,50,Completed
HP001543,BR001648,C00010,2025-06-24,00:12,100,Manual,0,53,Completed
HP001544,BR002742,C00005,2025-06-04,02:14,209,Manual,1,63,Completed
HP001545,BR002161,C00052,2025-06-18,00:25,360,Manual,1,62,Completed
HP001546,BR002887,C00038,2025-06-24,12:45,97,Manual,5,79,Completed
HP001547,BR004620,C00009,2025-06-30,08:35,102,Manual,5,55,Completed
HP001548,BR002568,C00048,2025-06-14,16:30,146,Manual,1,64,Completed
HP001549,BR002357,C00046,2025-06-01,07:14,74,Manual,1,47,Completed
HP001550,BR003811,C00092,2025-06-23,17:53,97,Manual,0,69,Completed
HP001551,BR005082,C00025,2025-06-11,19:40,207,Manual,2,81,Completed
HP001552,BR002871,C00065,2025-06-21,02:29,99,Manual,1,47,Completed
HP001553,BR004616,C00018,2025-06-26,07:05,182,Manual,2,60,Completed
HP001554,BR005097,C00030,2025-06-02,04:52,236,Manual,2,58,Completed
HP001555,BR000240,C00052,2025-06-30,11:24,243,Manual,2,46,Completed
HP001556,BR004068,C00042,2025-06-03,14:01,139,Manual,2,49,Completed
HP001557,BR005373,C00083,2025-06-12,13:15,72,Manual,3,84,Completed
HP001558,BR003637,C00006,2025-06-01,19:24,179,Manual,0,73,Completed
HP001559,BR003335,C00034,2025-06-20,19:05,35,Manual,1,66,Completed
HP001560,BR004247,C00032,2025-06-20,10:49,257,Manual,1,61,Completed
HP001561,BR001581,C00065,2025-06-10,12:43,252,Manual,3,58,Completed
HP001562,BR004508,C00003,2025-06-05,12:09,86,Manual,4,77,Completed
HP001563,BR003898,C00021,2025-06-15,05:59,227,Manual,1,55,Completed
HP001564,BR005395,C00004,2025-06-17,11:25,54,Manual,1,55,Completed
HP001565,BR005948,C00080,2025-06-16,17:18,226,Manual,0,49,Completed
HP001566,BR003464,C00074,2025-06-06,10:08,101,Manual,3,82,Completed
HP001567,BR005417,C00044,2025-06-09,16:13,163,Manual,1,59,Completed
HP001568,BR005527,C00020,2025-06-12,05:18,81,Manual,2,77,Completed
HP001569,BR003716,C00070,2025-06-19,09:28,61,Manual,2,65,Completed
HP001570,BR003873,C00089,2025-06-19,13:25,209,Manual,5,77,Completed
HP001571,BR002045,C00067,2025-06-28,04:01,229,Manual,4,79,Completed
HP001572,BR000646,C00004,2025-06-15,18:05,245,Manual,3,74,Completed
HP001573,BR003245,C00055,2025-06-27,00:49,269,Manual,1,52,Completed
HP001574,BR005750,C00055,2025-06-11,03:55,158,Manual,1,63,Completed
HP001575,BR000047,C00068,2025-06-29,09:53,192,Manual,1,49,Completed
HP001576,BR003330,C00032,2025-06-02,16:35,127,Manual,3,65,Completed
HP001577,BR002631,C00028,2025-06-03,05:10,225,Manual,3,46,Completed
HP001578,BR003980,C00098,2025-06-18,03:53,228,Manual,2,70,Completed
HP001579,BR003965,C00095,2025-06-18,02:23,187,Manual,1,73,Completed
HP001580,BR002754,C00002,2025-06-24,05:07,229,Manual,0,55,Completed
HP001581,BR000774,C00077,2025-06-09,04:42,33,Manual,0,48,Completed
HP001582,BR000005,C00041,2025-06-14,00:57,115,Manual,1,63,Completed
HP001583,BR002491,C00011,2025-06-02,05:47,65,Manual,2,60,Completed
HP001584,BR003625,C00067,2025-06-19,00:25,185,Manual,1,55,Completed
HP001585,BR005680,C00009,2025-06-08,08:24,190,Manual,0,51,Completed
HP001586,BR000429,C00093,2025-06-10,11:40,203,Manual,3,57,Completed
HP001587,BR002955,C00005,2025-06-29,00:48,210,Manual,1,73,Completed
HP001588,BR002242,C00053,2025-06-05,18:31,114,Manual,5,51,Completed
HP001589,BR002760,C00032,2025-06-13,03:34,148,Manual,1,71,Completed
HP001590,BR003635,C00035,2025-06-17,11:31,226,Manual,2,52,Completed
HP001591,BR005543,C00064,2025-06-07,04:13,136,Manual,3,51,Completed
HP001592,BR002428,C00090,2025-06-02,01:27,187,Manual,4,77,Completed
HP001593,BR000017,C00078,2025-06-22,05:53,280,Manual,3,84,Completed
HP001594,BR003941,C00002,2025-06-06,09:24,177,Manual,1,48,Completed
HP001595,BR002505,C00014,2025-06-14,01:20,69,Manual,2,83,Completed
HP001596,BR005778,C00020,2025-06-09,13:45,145,Manual,1,70,Completed
HP001597,BR001789,C00043,2025-06-12,00:28,205,Manual,2,84,Completed
HP001598,BR004105,C00042,2025-06-26,07:47,266,Manual,1,48,Completed
HP001599,BR005220,C00066,2025-06-04,05:17,68,Manual,3,66,Completed
HP001600,BR001709,C00045,2025-06-22,03:24,163,Manual,3,53,Completed
HP001601,BR005919,C00011,2025-06-05,08:52,168,Manual,3,61,Completed
HP001602,BR004459,C00019,2025-06-17,09:42,109,Manual,1,46,Completed
HP001603,BR002088,C00033,2025-06-19,15:06,135,Manual,4,84,Completed
HP001604,BR005005,C00007,2025-06-26,00:53,113,Manual,1,52,Completed
HP001605,BR002448,C00011,2025-06-29,05:56,81,Manual,1,50,Completed
HP001606,BR000949,C00009,2025-06-22,07:09,171,Manual,4,48,Completed
HP001607,BR000467,C00042,2025-06-24,14:28,127,Manual,0,81,Completed
HP001608,BR005612,C00005,2025-06-20,10:05,124,Manual,0,58,Completed
HP001609,BR004911,C00022,2025-06-07,11:05,82,Manual,3,48,Completed
HP001610,BR001873,C00010,2025-06-21,11:48,250,Manual,1,45,Completed
HP001611,BR003315,C00049,2025-06-28,12:55,263,Manual,5,77,Completed
HP001612,BR003307,C00017,2025-06-10,10:32,40,Manual,0,56,Completed
HP001613,BR003653,C00020,2025-06-17,16:47,155,Manual,4,76,Completed
HP001614,BR003082,C00055,2025-06-08,13:52,162,Manual,1,71,Completed
HP001615,BR005541,C00100,2025-06-12,16:33,166,Manual,4,59,Completed
HP001616,BR000811,C00007,2025-06-13,00:42,183,Manual,0,81,Completed
HP001617,BR002150,C00079,2025-06-06,00:33,253,Manual,0,47,Completed
HP001618,BR001369,C00061,2025-06-30,05:01,82,Manual,5,57,Completed
HP001619,BR005697,C00034,2025-06-27,01:29,124,Manual,0,78,Completed
HP001620,BR005735,C00029,2025-06-04,09:39,135,Manual,1,82,Completed
HP001621,BR001903,C00001,2025-06-27,02:14,161,Manual,0,71,Completed
HP001622,BR003915,C00031,2025-06-15,19:15,135,Manual,2,48,Completed
HP001623,BR003048,C00098,2025-06-04,09:27,239,Manual,3,61,Completed
HP001624,BR005985,C00027,2025-06-21,07:33,155,Manual,2,60,Completed
HP001625,BR001170,C00020,2025-06-15,00:16,139,Manual,2,49,Completed
HP001626,BR000860,C00097,2025-06-28,04:59,86,Manual,1,54,Completed
HP001627,BR002042,C00095,2025-06-30,02:25,238,Manual,2,84,Completed
HP001628,BR002618,C00043,2025-06-04,00:47,113,Manual,5,49,Completed
HP001629,BR005595,C00029,2025-06-06,17:30,212,Manual,3,57,Completed
HP001630,BR002654,C00093,2025-06-25,04:24,103,Manual,4,63,Completed
HP001631,BR001355,C00100,2025-06-25,11:43,120,Manual,2,68,Completed
HP001632,BR003679,C00050,2025-06-26,05:25,178,Manual,2,58,Completed
HP001633,BR005483,C00001,2025-06-10,07:01,39,Manual,2,64,Completed
HP001634,BR003924,C00046,2025-06-18,10:45,239,Manual,1,80,Completed
HP001635,BR004442,C00095,2025-06-09,00:53,261,Manual,3,51,Completed
HP001636,BR000875,C00007,2025-06-12,04:23,214,Manual,3,56,Completed
HP001637,BR004311,C00026,2025-06-10,15:46,204,Manual,2,68,Completed
HP001638,BR005816,C00079,2025-06-08,19:16,146,Manual,1,84,Completed
HP001639,BR000105,C00095,2025-06-02,19:24,54,Manual,1,63,Completed
HP001640,BR003146,C00066,2025-06-09,08:53,296,Manual,1,54,Completed
HP001641,BR005324,C00066,2025-06-07,08:43,129,Manual,1,48,Completed
HP001642,BR003024,C00022,2025-06-12,17:46,219,Manual,2,54,Completed
HP001643,BR000153,C00023,2025-06-15,17:36,73,Manual,1,56,Completed
HP001644,BR000362,C00092,2025-06-20,01:53,203,Manual,2,71,Completed
HP001645,BR001154,C00042,2025-06-12,16:10,132,Manual,1,51,Completed
HP001646,BR001756,C00008,2025-06-06,09:59,216,Manual,2,74,Completed
HP001647,BR005130,C00066,2025-06-14,05:15,141,Manual,2,47,Completed
HP001648,BR004386,C00070,2025-06-20,16:46,289,Manual,4,67,Completed
HP001649,BR004049,C00070,2025-06-20,19:01,182,Manual,5,51,Completed
HP001650,BR002867,C00047,2025-06-02,10:00,270,Manual,2,66,Completed
HP001651,BR001118,C00081,2025-06-29,16:34,187,Manual,1,77,Completed
HP001652,BR000534,C00068,2025-06-25,07:11,182,Manual,3,71,Completed
HP001653,BR003710,C00010,2025-06-20,08:43,201,Manual,2,47,Completed
HP001654,BR002075,C00014,2025-06-14,00:07,66,Manual,2,85,Completed
HP001655,BR000349,C00031,2025-06-21,00:02,198,Manual,4,59,Completed
HP001656,BR002067,C00084,2025-06-10,16:36,185,Manual,2,81,Completed
HP001657,BR004483,C00081,2025-06-02,07:23,86,Manual,2,67,Completed
HP001658,BR005818,C00033,2025-06-10,05:44,83,Manual,2,47,Completed
HP001659,BR001578,C00020,2025-06-25,04:20,197,Manual,2,72,Completed
HP001660,BR004892,C00069,2025-06-24,09:52,184,Manual,0,66,Completed
HP001661,BR000582,C00055,2025-06-29,16:52,215,Manual,1,62,Completed
HP001662,BR003310,C00093,2025-06-14,18:04,85,Manual,0,62,Completed
HP001663,BR002002,C00070,2025-06-27,08:46,64,Manual,2,65,Completed
HP001664,BR005226,C00078,2025-06-29,15:09,53,Manual,2,56,Completed
HP001665,BR005269,C00071,2025-06-09,02:02,40,Manual,1,63,Completed
HP001666,BR003524,C00065,2025-06-10,02:58,114,Manual,2,45,Completed
HP001667,BR000190,C00019,2025-06-11,10:47,201,Manual,1,65,Completed
HP001668,BR001537,C00014,2025-06-24,19:48,162,Manual,1,75,Completed
HP001669,BR002643,C00063,2025-06-13,11:13,204,Manual,0,57,Completed
HP001670,BR000667,C00099,2025-06-23,04:37,158,Manual,1,47,Completed
HP001671,BR005518,C00043,2025-06-29,13:41,142,Manual,2,47,Completed
HP001672,BR005410,C00050,2025-06-19,03:07,175,Manual,2,61,Completed
HP001673,BR001716,C00012,2025-06-05,06:47,150,Manual,0,49,Completed
HP001674,BR001809,C00099,2025-06-05,08:00,215,Manual,2,68,Completed
HP001675,BR005909,C00084,2025-06-23,10:57,176,Manual,2,47,Completed
HP001676,BR001108,C00071,2025-06-25,03:39,84,Manual,2,61,Completed
HP001677,BR000545,C00043,2025-06-30,11:21,95,Manual,1,56,Completed
HP001678,BR005047,C00034,2025-06-13,09:27,191,Manual,0,67,Completed
HP001679,BR004502,C00017,2025-06-20,08:20,229,Manual,1,68,Completed
HP001680,BR005886,C00052,2025-06-22,16:28,150,Manual,1,63,Completed
HP001681,BR004422,C00062,2025-06-16,19:30,239,Manual,1,46,Completed
HP001682,BR004723,C00036,2025-06-30,02:10,235,Manual,2,67,Completed
HP001683,BR001688,C00084,2025-06-21,15:04,137,Manual,1,64,Completed
HP001684,BR001747,C00096,2025-06-03,00:32,235,Manual,1,77,Completed
HP001685,BR002606,C00050,2025-06-22,04:54,151,Manual,1,48,Completed
HP001686,BR003533,C00049,2025-06-29,18:18,103,Manual,4,81,Completed
HP001687,BR000478,C00099,2025-06-12,11:14,71,Manual,3,69,Completed
HP001688,BR005196,C00083,2025-06-11,08:46,206,Manual,3,59,Completed
HP001689,BR001727,C00030,2025-06-15,02:26,148,Manual,1,56,Completed
HP001690,BR005659,C00034,2025-06-09,01:10,128,Manual,3,64,Completed
HP001691,BR003568,C00086,2025-06-24,09:18,65,Manual,1,57,Completed
HP001692,BR003706,C00053,2025-06-18,19:46,81,Manual,4,82,Completed
HP001693,BR005262,C00050,2025-06-05,14:46,72,Manual,2,83,Completed
HP001694,BR002073,C00063,2025-06-23,14:51,213,Manual,1,58,Completed
HP001695,BR002091,C00089,2025-06-01,16:34,115,Manual,3,65,Completed
HP001696,BR000591,C00001,2025-06-30,08:21,146,Manual,7,57,Completed
HP001697,BR001931,C00083,2025-06-16,15:04,208,Manual,2,78,Completed
HP001698,BR000300,C00002,2025-06-07,18:36,65,Manual,2,59,Completed
HP001699,BR003101,C00066,2025-06-13,02:03,143,Manual,4,52,Completed
HP001700,BR005876,C00056,2025-06-18,07:06,185,Manual,3,45,Completed
HP001701,BR000720,C00027,2025-06-09,17:01,243,Manual,3,57,Completed
HP001702,BR002110,C00100,2025-06-19,06:26,242,Manual,1,58,Completed
HP001703,BR001901,C00089,2025-06-23,09:49,113,Manual,1,68,Completed
HP001704,BR005643,C00025,2025-06-04,19:47,99,Manual,1,76,Completed
HP001705,BR000968,C00050,2025-06-02,15:34,169,Manual,4,50,Completed
HP001706,BR005898,C00077,2025-06-27,13:18,74,Manual,1,85,Completed
HP001707,BR004212,C00027,2025-06-23,08:54,41,Manual,4,61,Completed
HP001708,BR001948,C00027,2025-06-10,06:15,186,Manual,3,73,Completed
HP001709,BR002765,C00027,2025-06-13,19:28,184,Manual,1,66,Completed
HP001710,BR000581,C00100,2025-06-10,12:55,89,Manual,1,74,Completed
HP001711,BR001081,C00051,2025-06-05,17:11,152,Manual,0,50,Completed
HP001712,BR004598,C00023,2025-06-15,19:03,131,Manual,3,78,Completed
HP001713,BR002307,C00080,2025-06-13,09:15,248,Manual,3,82,Completed
HP001714,BR002655,C00047,2025-06-08,05:23,185,Manual,0,83,Completed
HP001715,BR000540,C00097,2025-06-09,08:54,175,Manual,1,81,Completed
HP001716,BR004088,C00060,2025-06-10,04:54,309,Manual,4,81,Completed
HP001717,BR004070,C00009,2025-06-06,18:33,179,Manual,2,79,Completed
HP001718,BR004366,C00055,2025-06-04,03:00,231,Manual,2,49,Completed
HP001719,BR000528,C00092,2025-06-01,00:00,239,Manual,1,48,Completed
HP001720,BR003441,C00037,2025-06-29,18:45,144,Manual,2,45,Completed
HP001721,BR003132,C00020,2025-06-13,01:21,212,Manual,2,76,Completed
HP001722,BR003499,C00033,2025-06-29,06:26,51,Manual,1,80,Completed
HP001723,BR000147,C00057,2025-06-30,13:40,215,Manual,1,78,Completed
HP001724,BR004264,C00069,2025-06-19,07:59,223,Manual,4,60,Completed
HP001725,BR004357,C00097,2025-06-24,17:11,141,Manual,1,80,Completed
HP001726,BR000285,C00080,2025-06-13,01:23,304,Manual,2,72,Completed
HP001727,BR000363,C00043,2025-06-27,16:35,133,Manual,0,63,Completed
HP001728,BR005030,C00088,2025-06-14,14:00,92,Manual,0,78,Completed
HP001729,BR002278,C00025,2025-06-28,08:21,43,Manual,0,58,Completed
HP001730,BR002841,C00093,2025-06-30,18:28,188,Manual,1,46,Completed
HP001731,BR000123,C00063,2025-06-27,06:05,168,Manual,4,51,Completed
HP001732,BR005685,C00013,2025-06-27,12:48,177,Manual,2,78,Completed
HP001733,BR000855,C00035,2025-06-20,06:00,165,Manual,4,81,Completed
HP001734,BR004306,C00071,2025-06-08,19:20,247,Manual,1,81,Completed
HP001735,BR003062,C00069,2025-06-04,10:32,98,Manual,1,46,Completed
HP001736,BR005615,C00050,2025-06-03,17:13,190,Manual,2,57,Completed
HP001737,BR001325,C00050,2025-06-25,11:51,37,Manual,1,50,Completed
HP001738,BR002576,C00064,2025-06-05,04:28,69,Manual,3,80,Completed
HP001739,BR003500,C00076,2025-06-01,11:15,212,Manual,1,70,Completed
HP001740,BR001668,C00063,2025-06-02,12:38,127,Manual,3,76,Completed
HP001741,BR005385,C00080,2025-06-26,13:08,210,Manual,0,58,Completed
HP001742,BR005229,C00047,2025-06-28,10:02,81,Manual,2,75,Completed
HP001743,BR001982,C00036,2025-06-18,09:59,119,Manual,2,70,Completed
HP001744,BR002590,C00046,2025-06-08,03:47,73,Manual,2,62,Completed
HP001745,BR005503,C00038,2025-06-26,03:42,159,Manual,1,77,Completed
HP001746,BR002229,C00052,2025-06-24,06:53,246,Manual,1,69,Completed
HP001747,BR003972,C00091,2025-06-16,04:58,200,Manual,1,83,Completed
HP001748,BR005689,C00045,2025-06-03,09:42,149,Manual,3,54,Completed
HP001749,BR005907,C00063,2025-06-21,03:51,118,Manual,2,59,Completed
HP001750,BR005600,C00098,2025-06-04,17:25,127,Manual,2,75,Completed
HP001751,BR002293,C00085,2025-06-19,09:23,89,Manual,2,67,Completed
HP001752,BR000323,C00074,2025-06-22,17:28,212,Manual,3,85,Completed
HP001753,BR002258,C00098,2025-06-18,13:32,172,Manual,2,51,Completed
HP001754,BR001993,C00077,2025-06-19,01:43,156,Manual,2,50,Completed
HP001755,BR003805,C00023,2025-06-23,04:21,256,Manual,4,50,Completed
HP001756,BR005826,C00087,2025-06-14,16:44,37,Manual,2,53,Completed
HP001757,BR000441,C00041,2025-06-25,08:06,170,Manual,1,68,Completed
HP001758,BR002283,C00061,2025-06-03,19:44,213,Manual,1,80,Completed
HP001759,BR003722,C00020,2025-06-17,09:10,232,Manual,2,68,Completed
HP001760,BR000797,C00098,2025-06-10,03:24,188,Manual,2,70,Completed
HP001761,BR005105,C00034,2025-06-07,06:15,79,Manual,4,76,Completed
HP001762,BR001532,C00080,2025-06-15,11:28,80,Manual,3,59,Completed
HP001763,BR001416,C00047,2025-06-10,18:18,129,Manual,1,55,Completed
HP001764,BR001980,C00001,2025-06-04,08:05,271,Manual,2,49,Completed
HP001765,BR005430,C00040,2025-06-07,15:52,121,Manual,4,73,Completed
HP001766,BR001672,C00002,2025-06-11,07:53,249,Manual,2,62,Completed
HP001767,BR004043,C00036,2025-06-20,10:17,227,Manual,3,47,Completed
HP001768,BR001718,C00050,2025-06-16,17:23,212,Manual,4,77,Completed
HP001769,BR002917,C00061,2025-06-24,07:06,299,Manual,1,80,Completed
HP001770,BR001095,C00025,2025-06-10,16:51,244,Manual,2,55,Completed
HP001771,BR002157,C00006,2025-06-15,01:00,80,Manual,0,54,Completed
HP001772,BR000450,C00084,2025-06-20,14:13,240,Manual,0,84,Completed
HP001773,BR002724,C00012,2025-06-11,01:39,160,Manual,4,50,Completed
HP001774,BR005713,C00042,2025-06-13,02:14,75,Manual,3,78,Completed
HP001775,BR001673,C00093,2025-06-16,11:22,188,Manual,1,81,Completed
HP001776,BR005781,C00054,2025-06-26,00:09,92,Manual,2,74,Completed
HP001777,BR003938,C00016,2025-06-29,16:13,194,Manual,1,47,Completed
HP001778,BR001883,C00048,2025-06-13,01:38,308,Manual,2,54,Completed
HP001779,BR002433,C00097,2025-06-10,09:59,166,Manual,0,65,Completed
HP001780,BR000421,C00040,2025-06-17,13:55,191,Manual,2,77,Completed
HP001781,BR001169,C00051,2025-06-19,03:06,190,Manual,1,82,Completed
HP001782,BR000414,C00063,2025-06-13,14:26,188,Manual,0,46,Completed
HP001783,BR005921,C00033,2025-06-08,08:52,155,Manual,2,85,Completed
HP001784,BR001693,C00050,2025-06-05,07:43,310,Manual,2,64,Completed
HP001785,BR000248,C00094,2025-06-14,14:53,191,Manual,1,64,Completed
HP001786,BR004478,C00035,2025-06-27,04:07,153,Manual,1,51,Completed
HP001787,BR004561,C00006,2025-06-06,06:12,242,Manual,1,70,Completed
HP001788,BR001970,C00023,2025-06-08,16:14,62,Manual,0,52,Completed
HP001789,BR002496,C00054,2025-06-21,14:19,50,Manual,2,60,Completed
HP001790,BR000451,C00006,2025-06-27,09:52,179,Manual,0,83,Completed
HP001791,BR001842,C00046,2025-06-20,01:18,165,Manual,1,55,Completed
HP001792,BR005553,C00037,2025-06-16,01:06,158,Manual,2,84,Completed
HP001793,BR003506,C00072,2025-06-25,15:15,171,Manual,2,83,Completed
HP001794,BR001207,C00074,2025-06-18,07:07,185,Manual,0,75,Completed
HP001795,BR003060,C00023,2025-06-06,19:37,123,Manual,1,68,Completed
HP001796,BR003495,C00035,2025-06-20,17:55,271,Manual,0,75,Completed
HP001797,BR001559,C00059,2025-06-16,17:58,175,Manual,2,78,Completed
HP001798,BR004067,C00064,2025-06-30,07:51,220,Manual,0,72,Completed
HP001799,BR004029,C00063,2025-06-25,09:34,184,Manual,1,78,Completed
HP001800,BR005431,C00056,2025-06-30,06:30,52,Manual,3,74,Completed
HP001801,BR002463,C00071,2025-06-29,19:00,205,Manual,2,53,Completed
HP001802,BR001265,C00022,2025-06-15,15:55,291,Manual,2,76,Completed
HP001803,BR003955,C00087,2025-06-08,07:24,211,Manual,5,77,Completed
HP001804,BR000769,C00071,2025-06-03,02:38,153,Manual,5,72,Completed
HP001805,BR001141,C00016,2025-06-20,14:01,114,Manual,1,48,Completed
HP001806,BR000039,C00079,2025-06-16,13:47,281,Manual,0,48,Completed
HP001807,BR000946,C00014,2025-06-06,07:22,250,Manual,2,52,Completed
HP001808,BR002976,C00050,2025-06-09,05:36,58,Manual,0,67,Completed
HP001809,BR003906,C00065,2025-06-06,07:41,170,Manual,0,72,Completed
HP001810,BR001606,C00007,2025-06-21,09:26,137,Manual,1,65,Completed
HP001811,BR004950,C00095,2025-06-17,01:08,85,Manual,3,82,Completed
HP001812,BR002812,C00022,2025-06-05,10:43,137,Manual,2,65,Completed
HP001813,BR000826,C00047,2025-06-13,04:34,127,Manual,2,78,Completed
HP001814,BR002633,C00033,2025-06-01,06:44,169,Manual,3,46,Completed
HP001815,BR002852,C00072,2025-06-22,12:30,173,Manual,2,45,Completed
HP001816,BR005186,C00069,2025-06-28,05:42,145,Manual,5,47,Completed
HP001817,BR005811,C00037,2025-06-03,13:39,98,Manual,1,53,Completed
HP001818,BR005962,C00096,2025-06-12,16:04,91,Manual,4,67,Completed
HP001819,BR005333,C00056,2025-06-18,02:29,175,Manual,1,47,Completed
HP001820,BR001951,C00010,2025-06-25,17:56,42,Manual,2,66,Completed
HP001821,BR000830,C00025,2025-06-05,03:41,336,Manual,2,63,Completed
HP001822,BR002829,C00039,2025-06-29,06:57,247,Manual,2,84,Completed
HP001823,BR000644,C00014,2025-06-06,11:48,236,Manual,0,55,Completed
HP001824,BR005797,C00040,2025-06-30,09:24,160,Manual,1,70,Completed
HP001825,BR005656,C00079,2025-06-24,19:58,209,Manual,0,55,Completed
HP001826,BR000604,C00091,2025-06-17,12:44,72,Manual,2,79,Completed
HP001827,BR004864,C00091,2025-06-20,08:47,96,Manual,1,83,Completed
HP001828,BR005283,C00048,2025-06-19,07:29,115,Manual,2,65,Completed
HP001829,BR003802,C00061,2025-06-16,18:21,206,Manual,2,59,Completed
HP001830,BR000670,C00017,2025-06-29,07:52,43,Manual,2,60,Completed
HP001831,BR003209,C00092,2025-06-17,14:10,88,Manual,3,70,Completed
HP001832,BR001738,C00024,2025-06-24,01:17,38,Manual,3,62,Completed
HP001833,BR002030,C00007,2025-06-01,12:57,124,Manual,3,49,Completed
HP001834,BR000354,C00096,2025-06-15,13:38,65,Manual,3,78,Completed
HP001835,BR005621,C00023,2025-06-13,16:32,52,Manual,2,63,Completed
HP001836,BR001870,C00030,2025-06-19,01:33,169,Manual,2,62,Completed
HP001837,BR000426,C00016,2025-06-10,00:13,139,Manual,1,85,Completed
HP001838,BR003379,C00063,2025-06-23,17:37,240,Manual,3,57,Completed
HP001839,BR001174,C00088,2025-06-05,03:14,221,Manual,1,72,Completed
HP001840,BR004744,C00011,2025-06-14,06:40,84,Manual,3,49,Completed
HP001841,BR002208,C00017,2025-06-23,10:50,111,Manual,6,63,Completed
HP001842,BR004817,C00033,2025-06-19,01:51,174,Manual,0,71,Completed
HP001843,BR005902,C00038,2025-06-09,17:48,222,Manual,2,57,Completed
HP001844,BR001330,C00003,2025-06-19,05:52,130,Manual,0,46,Completed
HP001845,BR003264,C00018,2025-06-07,15:50,124,Manual,3,68,Completed
HP001846,BR005605,C00092,2025-06-04,12:34,228,Manual,0,80,Completed
HP001847,BR000408,C00005,2025-06-07,19:53,217,Manual,2,55,Completed
HP001848,BR004807,C00050,2025-06-08,09:32,52,Manual,2,82,Completed
HP001849,BR004352,C00070,2025-06-17,07:30,181,Manual,0,80,Completed
HP001850,BR001057,C00032,2025-06-15,11:20,103,Manual,2,51,Completed
HP001851,BR000227,C00034,2025-06-11,12:52,47,Manual,1,61,Completed
HP001852,BR003593,C00058,2025-06-22,06:02,189,Manual,0,54,Completed
HP001853,BR002704,C00034,2025-06-16,11:04,39,Manual,0,67,Completed
HP001854,BR003729,C00028,2025-06-11,13:58,154,Manual,1,46,Completed
HP001855,BR005295,C00011,2025-06-18,16:35,150,Manual,3,76,Completed
HP001856,BR001997,C00008,2025-06-12,13:56,131,Manual,2,82,Completed
HP001857,BR002106,C00077,2025-06-26,11:15,189,Manual,2,80,Completed
HP001858,BR001270,C00036,2025-06-22,07:44,58,Manual,3,48,Completed
HP001859,BR000847,C00041,2025-06-13,11:08,135,Manual,0,85,Completed
HP001860,BR004782,C00051,2025-06-07,00:57,135,Manual,2,45,Completed
HP001861,BR000431,C00069,2025-06-07,17:15,183,Manual,1,71,Completed
HP001862,BR003111,C00100,2025-06-24,10:21,232,Manual,1,75,Completed
HP001863,BR001474,C00040,2025-06-19,11:45,85,Manual,2,45,Completed
HP001864,BR001510,C00017,2025-06-02,03:47,180,Manual,1,54,Completed
HP001865,BR001102,C00035,2025-06-17,18:51,148,Manual,3,64,Completed
HP001866,BR003167,C00016,2025-06-22,06:15,136,Manual,0,73,Completed
HP001867,BR002179,C00081,2025-06-14,10:17,104,Manual,3,61,Completed
HP001868,BR000415,C00092,2025-06-14,02:20,243,Manual,1,64,Completed
HP001869,BR000907,C00011,2025-06-17,11:22,207,Manual,1,75,Completed
HP001870,BR003795,C00007,2025-06-29,07:10,175,Manual,1,84,Completed
HP001871,BR000932,C00084,2025-06-03,07:33,216,Manual,1,80,Completed
HP001872,BR001514,C00006,2025-06-13,08:11,128,Manual,2,71,Completed
HP001873,BR005780,C00023,2025-06-21,16:30,81,Manual,3,74,Completed
HP001874,BR000633,C00010,2025-06-08,08:33,160,Manual,0,68,Completed
HP001875,BR003453,C00062,2025-06-20,17:35,224,Manual,3,73,Completed
HP001876,BR004741,C00097,2025-06-19,12:54,91,Manual,0,53,Completed
HP001877,BR003969,C00088,2025-06-07,03:09,83,Manual,3,50,Completed
HP001878,BR000337,C00001,2025-06-08,12:41,247,Manual,2,52,Completed
HP001879,BR002715,C00024,2025-06-09,09:29,281,Manual,1,71,Completed
HP001880,BR002902,C00082,2025-06-24,14:48,57,Manual,0,65,Completed
HP001881,BR004530,C00095,2025-06-15,11:15,90,Manual,3,75,Completed
HP001882,BR004566,C00071,2025-06-28,10:26,157,Manual,1,51,Completed
HP001883,BR002121,C00057,2025-06-23,09:12,104,Manual,3,63,Completed
HP001884,BR002177,C00059,2025-06-29,15:14,148,Manual,1,57,Completed
HP001885,BR002311,C00058,2025-06-02,07:24,156,Manual,7,61,Completed
HP001886,BR005967,C00008,2025-06-24,06:11,101,Manual,0,46,Completed
HP001887,BR003349,C00053,2025-06-05,06:20,71,Manual,4,74,Completed
HP001888,BR005365,C00020,2025-06-21,02:46,66,Manual,2,66,Completed
HP001889,BR003812,C00001,2025-06-29,15:19,151,Manual,0,66,Completed
HP001890,BR002140,C00100,2025-06-02,06:32,48,Manual,2,73,Completed
HP001891,BR002277,C00019,2025-06-24,08:20,100,Manual,0,84,Completed
HP001892,BR002374,C00059,2025-06-11,09:38,132,Manual,1,58,Completed
HP001893,BR004072,C00064,2025-06-28,01:38,54,Manual,0,48,Completed
HP001894,BR001289,C00085,2025-06-24,12:15,65,Manual,0,50,Completed
HP001895,BR000142,C00067,2025-06-14,07:15,236,Manual,2,54,Completed
HP001896,BR001846,C00090,2025-06-24,11:26,200,Manual,4,53,Completed
HP001897,BR003002,C00009,2025-06-03,05:41,106,Manual,1,58,Completed
HP001898,BR005337,C00013,2025-06-26,09:27,86,Manual,1,82,Completed
HP001899,BR003168,C00062,2025-06-07,15:00,55,Manual,5,69,Completed
HP001900,BR005558,C00086,2025-06-30,08:06,225,Manual,1,81,Completed
HP001901,BR003197,C00099,2025-06-04,09:56,72,Manual,0,52,Completed
HP001902,BR000293,C00026,2025-06-20,13:36,254,Manual,2,45,Completed
HP001903,BR003219,C00081,2025-06-19,04:10,296,Manual,1,77,Completed
HP001904,BR005607,C00078,2025-06-29,15:30,62,Manual,1,53,Completed
HP001905,BR003515,C00051,2025-06-23,06:26,71,Manual,5,54,Completed
HP001906,BR000281,C00049,2025-06-16,02:43,180,Manual,0,61,Completed
HP001907,BR001952,C00001,2025-06-30,01:51,67,Manual,0,81,Completed
HP001908,BR002625,C00045,2025-06-11,04:46,124,Manual,2,69,Completed
HP001909,BR002301,C00055,2025-06-21,17:22,238,Manual,1,62,Completed
HP001910,BR000372,C00018,2025-06-23,00:27,110,Manual,1,76,Completed
HP001911,BR005022,C00066,2025-06-10,09:12,62,Manual,3,74,Completed
HP001912,BR004404,C00033,2025-06-05,11:51,164,Manual,0,61,Completed
HP001913,BR003364,C00050,2025-06-10,01:38,78,Manual,1,51,Completed
HP001914,BR002572,C00075,2025-06-24,18:31,226,Manual,3,45,Completed
HP001915,BR002454,C00034,2025-06-10,08:07,77,Manual,2,83,Completed
HP001916,BR004137,C00014,2025-06-08,00:55,45,Manual,2,50,Completed
HP001917,BR004051,C00028,2025-06-21,19:30,164,Manual,1,81,Completed
HP001918,BR001360,C00077,2025-06-07,04:57,228,Manual,3,70,Completed
HP001919,BR005436,C00064,2025-06-22,02:47,136,Manual,1,64,Completed
HP001920,BR001120,C00081,2025-06-30,00:06,231,Manual,2,49,Completed
HP001921,BR004263,C00089,2025-06-09,19:16,61,Manual,2,85,Completed
HP001922,BR000103,C00064,2025-06-12,15:01,190,Manual,1,48,Completed
HP001923,BR001800,C00070,2025-06-30,18:27,285,Manual,4,84,Completed
HP001924,BR002459,C00084,2025-06-02,00:35,202,Manual,1,48,Completed
HP001925,BR005756,C00064,2025-06-16,03:58,177,Manual,2,57,Completed
HP001926,BR004809,C00068,2025-06-10,15:49,158,Manual,2,58,Completed
HP001927,BR001707,C00040,2025-06-15,08:00,244,Manual,2,83,Completed
HP001928,BR001166,C00007,2025-06-21,12:36,107,Manual,3,45,Completed
HP001929,BR005679,C00081,2025-06-19,16:18,150,Manual,3,69,Completed
HP001930,BR003220,C00100,2025-06-29,14:43,152,Manual,4,53,Completed
HP001931,BR003874,C00053,2025-06-23,06:04,46,Manual,2,47,Completed
HP001932,BR001431,C00091,2025-06-26,16:14,121,Manual,1,61,Completed
HP001933,BR002901,C00097,2025-06-30,04:07,102,Manual,2,71,Completed
HP001934,BR003493,C00005,2025-06-08,17:41,60,Manual,1,58,Completed
HP001935,BR005261,C00097,2025-06-28,15:22,96,Manual,0,76,Completed
HP001936,BR004770,C00095,2025-06-21,07:30,76,Manual,2,68,Completed
HP001937,BR003215,C00038,2025-06-20,15:55,136,Manual,1,64,Completed
HP001938,BR000412,C00028,2025-06-30,02:24,94,Manual,3,70,Completed
HP001939,BR000406,C00039,2025-06-22,16:47,256,Manual,1,78,Completed
HP001940,BR000852,C00081,2025-06-01,04:55,153,Manual,1,47,Completed
HP001941,BR003800,C00089,2025-06-19,14:43,225,Manual,0,68,Completed
HP001942,BR000288,C00032,2025-06-03,15:12,238,Manual,1,63,Completed
HP001943,BR000454,C00023,2025-06-30,15:58,230,Manual,2,67,Completed
HP001944,BR004022,C00068,2025-06-29,12:25,158,Manual,1,73,Completed
HP001945,BR004964,C00098,2025-06-20,13:37,71,Manual,0,49,Completed
HP001946,BR000504,C00061,2025-06-09,14:03,66,Manual,4,81,Completed
HP001947,BR003574,C00012,2025-06-19,02:56,146,Manual,2,69,Completed
HP001948,BR001176,C00012,2025-06-13,19:14,80,Manual,2,54,Completed
HP001949,BR000665,C00015,2025-06-05,16:07,229,Manual,2,57,Completed
HP001950,BR000768,C00090,2025-06-07,04:02,327,Manual,3,56,Completed
HP001951,BR000788,C00017,2025-06-18,09:23,87,Manual,6,84,Completed
HP001952,BR000185,C00066,2025-06-27,02:15,266,Manual,2,63,Completed
HP001953,BR002965,C00080,2025-06-11,01:16,51,Manual,2,50,Completed
HP001954,BR004976,C00046,2025-06-26,07:55,96,Manual,3,50,Completed
HP001955,BR002377,C00048,2025-06-03,13:07,130,Manual,2,57,Completed
HP001956,BR003750,C00013,2025-06-02,13:44,216,Manual,2,82,Completed
HP001957,BR000794,C00067,2025-06-01,19:23,194,Manual,2,46,Completed
HP001958,BR001775,C00085,2025-06-02,03:47,194,Manual,1,61,Completed
HP001959,BR000775,C00068,2025-06-26,17:11,158,Manual,1,73,Completed
HP001960,BR003266,C00044,2025-06-11,18:28,150,Manual,2,66,Completed
HP001961,BR000386,C00083,2025-06-02,19:37,65,Manual,4,65,Completed
HP001962,BR003313,C00091,2025-06-09,07:35,281,Manual,4,49,Completed
HP001963,BR003985,C00063,2025-06-11,00:03,119,Manual,1,54,Completed
HP001964,BR000628,C00006,2025-06-23,08:40,127,Manual,4,50,Completed
HP001965,BR005490,C00003,2025-06-17,13:28,213,Manual,1,85,Completed
HP001966,BR004881,C00035,2025-06-20,09:29,68,Manual,1,71,Completed
HP001967,BR002589,C00044,2025-06-13,06:05,161,Manual,3,65,Completed
HP001968,BR001068,C00042,2025-06-08,01:11,121,Manual,2,69,Completed
HP001969,BR001918,C00055,2025-06-27,12:49,113,Manual,1,65,Completed
HP001970,BR001004,C00019,2025-06-28,15:59,149,Manual,2,64,Completed
HP001971,BR002247,C00081,2025-06-14,10:07,69,Manual,2,58,Completed
HP001972,BR001837,C00069,2025-06-28,06:41,109,Manual,2,84,Completed
HP001973,BR004725,C00008,2025-06-21,02:39,236,Manual,1,54,Completed
HP001974,BR005061,C00054,2025-06-22,09:34,169,Manual,2,77,Completed
HP001975,BR000436,C00066,2025-06-24,19:00,159,Manual,2,52,Completed
HP001976,BR005641,C00055,2025-06-19,04:56,58,Manual,1,69,Completed
HP001977,BR005256,C00014,2025-06-11,18:31,138,Manual,1,63,Completed
HP001978,BR003051,C00048,2025-06-25,01:12,182,Manual,1,53,Completed
HP001979,BR001263,C00014,2025-06-24,04:44,74,Manual,3,70,Completed
HP001980,BR003739,C00012,2025-06-05,08:04,143,Manual,1,67,Completed
HP001981,BR002170,C00088,2025-06-01,00:56,174,Manual,1,73,Completed
HP001982,BR003204,C00020,2025-06-19,13:10,144,Manual,1,54,Completed
HP001983,BR002763,C00014,2025-06-09,02:59,152,Manual,3,71,Completed
HP001984,BR001675,C00079,2025-06-21,09:14,175,Manual,0,78,Completed
HP001985,BR000268,C00067,2025-06-18,11:04,216,Manual,1,57,Completed
HP001986,BR000010,C00033,2025-06-24,17:51,182,Manual,1,45,Completed
HP001987,BR002611,C00064,2025-06-22,03:04,96,Manual,2,78,Completed
HP001988,BR000065,C00096,2025-06-27,10:16,118,Manual,1,55,Completed
HP001989,BR001898,C00045,2025-06-14,12:31,307,Manual,1,55,Completed
HP001990,BR004619,C00007,2025-06-18,07:58,87,Manual,1,59,Completed
HP001991,BR002390,C00050,2025-06-15,05:31,76,Manual,3,62,Completed
HP001992,BR005189,C00068,2025-06-25,03:35,196,Manual,1,85,Completed
HP001993,BR000159,C00041,2025-06-07,01:36,208,Manual,2,47,Completed
HP001994,BR004639,C00032,2025-06-10,16:38,106,Manual,1,56,Completed
HP001995,BR002893,C00098,2025-06-26,12:23,102,Manual,3,72,Completed
HP001996,BR004603,C00019,2025-06-10,10:09,213,Manual,1,65,Completed
HP001997,BR002313,C00068,2025-06-08,02:06,170,Manual,4,56,Completed
HP001998,BR001127,C00004,2025-06-19,00:59,100,Manual,2,45,Completed
HP001999,BR001492,C00087,2025-06-07,07:05,96,Manual,2,73,Completed
HP002000,BR003807,C00100,2025-06-07,12:09,54,Manual,0,77,Completed
HP002001,BR000609,C00080,2025-06-01,06:18,198,Manual,1,74,Completed
HP002002,BR005824,C00038,2025-06-04,13:47,142,Manual,2,58,Completed
HP002003,BR004563,C00100,2025-06-27,06:29,158,Manual,1,78,Completed
HP002004,BR005913,C00081,2025-06-29,09:37,132,Manual,0,57,Completed
HP002005,BR003177,C00052,2025-06-11,00:57,127,Manual,1,60,Completed
HP002006,BR003644,C00017,2025-06-26,05:35,101,Manual,0,82,Completed
HP002007,BR005453,C00037,2025-06-19,17:13,144,Manual,1,79,Completed
HP002008,BR005706,C00072,2025-06-02,09:20,143,Manual,0,78,Completed
HP002009,BR005252,C00033,2025-06-25,01:46,44,Manual,3,83,Completed
HP002010,BR004730,C00003,2025-06-02,04:32,137,Manual,2,76,Completed
HP002011,BR001796,C00024,2025-06-04,19:15,191,Manual,3,80,Completed
HP002012,BR005977,C00035,2025-06-19,03:18,163,Manual,3,83,Completed
HP002013,BR005264,C00092,2025-06-11,03:45,165,Manual,1,45,Completed
HP002014,BR003471,C00013,2025-06-29,10:11,188,Manual,5,73,Completed
HP002015,BR000028,C00041,2025-06-09,15:55,226,Manual,2,56,Completed
HP002016,BR002415,C00064,2025-06-04,03:07,155,Manual,0,68,Completed
HP002017,BR000097,C00007,2025-06-07,07:15,115,Manual,1,78,Completed
HP002018,BR001959,C00016,2025-06-22,08:16,217,Manual,0,49,Completed
HP002019,BR003869,C00038,2025-06-03,17:09,130,Manual,2,78,Completed
HP002020,BR001758,C00027,2025-06-27,03:05,220,Manual,1,46,Completed
HP002021,BR002842,C00094,2025-06-19,01:57,202,Manual,0,67,Completed
HP002022,BR000808,C00048,2025-06-29,19:04,47,Manual,1,58,Completed
HP002023,BR001622,C00007,2025-06-07,02:27,145,Manual,1,68,Completed
HP002024,BR002193,C00087,2025-06-15,05:42,199,Manual,3,61,Completed
HP002025,BR005392,C00030,2025-06-02,16:23,37,Manual,1,61,Completed
HP002026,BR000253,C00063,2025-06-04,06:39,298,Manual,1,61,Completed
HP002027,BR003447,C00047,2025-06-09,14:54,128,Manual,1,72,Completed
HP002028,BR002669,C00027,2025-06-24,08:06,166,Manual,2,49,Completed
HP002029,BR003715,C00016,2025-06-17,16:04,220,Manual,0,70,Completed
HP002030,BR004354,C00006,2025-06-24,15:17,82,Manual,0,78,Completed
HP002031,BR005822,C00030,2025-06-07,12:20,120,Manual,0,46,Completed
HP002032,BR004550,C00016,2025-06-12,17:35,134,Manual,3,72,Completed
HP002033,BR002413,C00027,2025-06-13,06:32,199,Manual,1,83,Completed
HP002034,BR000773,C00039,2025-06-16,02:08,108,Manual,1,80,Completed
HP002035,BR004266,C00030,2025-06-11,02:19,86,Manual,2,75,Completed
HP002036,BR002212,C00074,2025-06-26,15:31,177,Manual,2,66,Completed
HP002037,BR005177,C00038,2025-06-24,15:45,124,Manual,2,79,Completed
HP002038,BR004635,C00088,2025-06-03,18:59,222,Manual,1,46,Completed
HP002039,BR004980,C00092,2025-06-19,09:52,138,Manual,2,51,Completed
HP002040,BR000736,C00093,2025-06-29,08:19,176,Manual,1,83,Completed
HP002041,BR003331,C00023,2025-06-29,08:11,175,Manual,2,65,Completed
HP002042,BR002129,C00009,2025-06-13,04:46,120,Manual,0,74,Completed
HP002043,BR004040,C00035,2025-06-03,07:20,223,Manual,2,85,Completed
HP002044,BR005474,C00007,2025-06-27,10:07,79,Manual,3,69,Completed
HP002045,BR004660,C00031,2025-06-03,01:02,91,Manual,0,75,Completed
HP002046,BR005808,C00068,2025-06-11,07:52,215,Manual,2,64,Completed
HP002047,BR000777,C00013,2025-06-29,09:16,55,Manual,1,77,Completed
HP002048,BR005836,C00061,2025-06-13,18:33,109,Manual,1,59,Completed
HP002049,BR004749,C00045,2025-06-28,16:38,162,Manual,1,64,Completed
HP002050,BR004117,C00086,2025-06-19,02:22,237,Manual,2,72,Completed
HP002051,BR002056,C00009,2025-06-01,07:00,49,Manual,0,68,Completed
HP002052,BR001278,C00067,2025-06-14,18:46,85,Manual,3,85,Completed
HP002053,BR001704,C00086,2025-06-26,08:46,93,Manual,3,45,Completed
HP002054,BR004665,C00005,2025-06-19,00:52,169,Manual,1,71,Completed
HP002055,BR003253,C00052,2025-06-24,03:57,90,Manual,3,78,Completed
HP002056,BR003049,C00035,2025-06-22,10:11,79,Manual,1,46,Completed
HP002057,BR000238,C00027,2025-06-02,06:47,175,Manual,3,69,Completed
HP002058,BR000342,C00002,2025-06-09,02:10,125,Manual,2,51,Completed
HP002059,BR002660,C00061,2025-06-04,16:25,126,Manual,0,81,Completed
HP002060,BR005366,C00055,2025-06-05,14:47,131,Manual,2,50,Completed
HP002061,BR004372,C00032,2025-06-20,18:10,44,Manual,1,70,Completed
HP002062,BR001353,C00020,2025-06-23,01:54,240,Manual,2,74,Completed
HP002063,BR004314,C00018,2025-06-06,03:29,108,Manual,2,71,Completed
HP002064,BR002927,C00008,2025-06-30,06:34,254,Manual,6,56,Completed
HP002065,BR004102,C00067,2025-06-23,17:21,176,Manual,2,56,Completed
HP002066,BR003540,C00066,2025-06-24,03:29,133,Manual,2,77,Completed
HP002067,BR005281,C00052,2025-06-29,19:39,82,Manual,2,59,Completed
HP002068,BR003356,C00011,2025-06-04,08:16,129,Manual,4,72,Completed
HP002069,BR002973,C00051,2025-06-22,08:32,77,Manual,0,55,Completed
HP002070,BR000063,C00065,2025-06-18,09:21,75,Manual,2,80,Completed
HP002071,BR002372,C00035,2025-06-02,12:19,166,Manual,1,73,Completed
HP002072,BR000351,C00015,2025-06-20,09:22,189,Manual,2,51,Completed
HP002073,BR005976,C00008,2025-06-13,18:01,45,Manual,0,55,Completed
HP002074,BR003557,C00010,2025-06-30,08:28,68,Manual,1,84,Completed
HP002075,BR004056,C00045,2025-06-08,10:02,288,Manual,2,45,Completed
HP002076,BR001254,C00018,2025-06-08,17:16,184,Manual,2,76,Completed
HP002077,BR002949,C00011,2025-06-18,07:26,181,Manual,2,62,Completed
HP002078,BR003423,C00069,2025-06-30,01:48,97,Manual,2,51,Completed
HP002079,BR002770,C00092,2025-06-07,02:12,96,Manual,3,76,Completed
HP002080,BR003642,C00018,2025-06-22,11:40,167,Manual,0,56,Completed
HP002081,BR005188,C00076,2025-06-06,09:00,149,Manual,4,56,Completed
HP002082,BR002359,C00085,2025-06-19,11:02,68,Manual,0,76,Completed
HP002083,BR000867,C00022,2025-06-15,01:12,201,Manual,1,67,Completed
HP002084,BR002958,C00036,2025-06-22,18:26,125,Manual,3,83,Completed
HP002085,BR005594,C00098,2025-06-04,17:41,197,Manual,3,67,Completed
HP002086,BR002197,C00083,2025-06-19,06:30,186,Manual,1,61,Completed
HP002087,BR000403,C00054,2025-06-04,15:53,151,Manual,1,58,Completed
HP002088,BR005129,C00072,2025-06-21,16:17,118,Manual,2,82,Completed
HP002089,BR004477,C00058,2025-06-02,06:23,104,Manual,5,75,Completed
HP002090,BR000710,C00044,2025-06-29,05:52,53,Manual,0,81,Completed
HP002091,BR001488,C00018,2025-06-13,09:33,95,Manual,3,70,Completed
HP002092,BR005507,C00007,2025-06-28,06:42,67,Manual,2,70,Completed
HP002093,BR004535,C00050,2025-06-01,07:11,128,Manual,3,79,Completed
HP002094,BR000317,C00037,2025-06-21,08:02,173,Manual,1,78,Completed
HP002095,BR000110,C00008,2025-06-10,16:10,73,Manual,1,48,Completed
HP002096,BR003279,C00024,2025-06-13,19:17,111,Manual,1,74,Completed
HP002097,BR005071,C00059,2025-06-07,04:16,207,Manual,2,71,Completed
HP002098,BR004351,C00012,2025-06-27,16:46,171,Manual,2,81,Completed
HP002099,BR002398,C00074,2025-06-21,14:36,168,Manual,2,52,Completed
HP002100,BR003606,C00091,2025-06-04,01:18,55,Manual,1,68,Completed
HP002101,BR005277,C00021,2025-06-02,06:57,77,Manual,1,60,Completed
HP002102,BR002502,C00012,2025-06-11,16:14,216,Manual,3,71,Completed
HP002103,BR003194,C00091,2025-06-26,10:05,164,Manual,2,69,Completed
HP002104,BR000417,C00003,2025-06-26,00:48,122,Manual,3,67,Completed
HP002105,BR002537,C00067,2025-06-09,09:41,169,Manual,1,73,Completed
HP002106,BR004361,C00026,2025-06-04,15:41,106,Manual,1,69,Completed
HP002107,BR005459,C00078,2025-06-23,09:11,99,Manual,1,62,Completed
HP002108,BR000048,C00039,2025-06-19,09:50,255,Manual,2,62,Completed
HP002109,BR003829,C00003,2025-06-13,17:07,204,Manual,0,45,Completed
HP002110,BR000327,C00039,2025-06-20,10:04,171,Manual,0,66,Completed
HP002111,BR001769,C00083,2025-06-25,14:33,97,Manual,1,72,Completed
HP002112,BR004425,C00082,2025-06-11,12:42,191,Manual,1,69,Completed
HP002113,BR004206,C00095,2025-06-24,12:06,208,Manual,2,82,Completed
HP002114,BR004512,C00047,2025-06-30,08:46,245,Manual,3,82,Completed
HP002115,BR003732,C00037,2025-06-03,01:00,69,Manual,1,79,Completed
HP002116,BR003665,C00061,2025-06-06,12:36,218,Manual,3,58,Completed
HP002117,BR004956,C00054,2025-06-11,19:04,175,Manual,1,60,Completed
HP002118,BR002519,C00075,2025-06-28,06:40,219,Manual,0,66,Completed
HP002119,BR004627,C00011,2025-06-29,01:30,142,Manual,1,69,Completed
HP002120,BR004851,C00018,2025-06-03,13:24,91,Manual,1,52,Completed
HP002121,BR005383,C00033,2025-06-18,02:51,75,Manual,1,78,Completed
HP002122,BR001244,C00041,2025-06-09,16:30,103,Manual,4,82,Completed
HP002123,BR004869,C00066,2025-06-16,14:43,103,Manual,4,79,Completed
HP002124,BR004618,C00096,2025-06-10,06:35,160,Manual,2,45,Completed
HP002125,BR001348,C00012,2025-06-13,16:05,62,Manual,3,64,Completed
HP002126,BR005414,C00034,2025-06-28,15:07,116,Manual,1,82,Completed
HP002127,BR000374,C00071,2025-06-21,05:55,75,Manual,2,61,Completed
HP002128,BR005128,C00084,2025-06-08,19:01,64,Manual,1,67,Completed
HP002129,BR004728,C00050,2025-06-27,06:04,117,Manual,2,50,Completed
HP002130,BR004377,C00086,2025-06-29,16:47,34,Manual,2,48,Completed
HP002131,BR000781,C00080,2025-06-24,19:27,309,Manual,0,58,Completed
HP002132,BR003196,C00031,2025-06-23,05:27,155,Manual,2,59,Completed
HP002133,BR001448,C00083,2025-06-18,17:43,142,Manual,1,64,Completed
HP002134,BR003691,C00058,2025-06-29,05:41,63,Manual,1,67,Completed
HP002135,BR002353,C00014,2025-06-06,17:59,170,Manual,0,50,Completed
HP002136,BR004218,C00027,2025-06-05,16:09,144,Manual,2,70,Completed
HP002137,BR000889,C00068,2025-06-30,09:33,40,Manual,2,54,Completed
HP002138,BR002749,C00063,2025-06-13,13:22,93,Manual,3,74,Completed
HP002139,BR001817,C00032,2025-06-01,18:07,231,Manual,3,82,Completed
HP002140,BR001812,C00070,2025-06-20,09:19,266,Manual,2,79,Completed
HP002141,BR001276,C00048,2025-06-02,03:49,151,Manual,1,75,Completed
HP002142,BR002903,C00095,2025-06-05,15:37,131,Manual,3,53,Completed
HP002143,BR004580,C00008,2025-06-24,00:39,232,Manual,2,59,Completed
HP002144,BR001928,C00051,2025-06-07,03:14,61,Manual,1,70,Completed
HP002145,BR000433,C00028,2025-06-13,11:38,206,Manual,1,49,Completed
HP002146,BR001493,C00045,2025-06-19,04:12,242,Manual,3,60,Completed
HP002147,BR005616,C00080,2025-06-01,06:24,62,Manual,0,72,Completed
HP002148,BR002883,C00042,2025-06-22,02:10,119,Manual,0,81,Completed
HP002149,BR001352,C00097,2025-06-23,08:52,277,Manual,3,76,Completed
HP002150,BR003141,C00092,2025-06-04,15:01,81,Manual,3,83,Completed
HP002151,BR000211,C00089,2025-06-29,13:38,216,Manual,1,78,Completed
HP002152,BR001793,C00063,2025-06-05,17:42,84,Manual,2,68,Completed
HP002153,BR005228,C00052,2025-06-24,13:13,149,Manual,3,45,Completed
HP002154,BR005496,C00066,2025-06-23,13:55,72,Manual,1,82,Completed
HP002155,BR005309,C00052,2025-06-11,17:40,85,Manual,2,57,Completed
HP002156,BR004680,C00047,2025-06-25,04:25,143,Manual,1,58,Completed
HP002157,BR004316,C00097,2025-06-24,10:27,88,Manual,3,74,Completed
HP002158,BR002180,C00018,2025-06-04,11:39,236,Manual,0,85,Completed
HP002159,BR001013,C00087,2025-06-06,15:04,114,Manual,2,85,Completed
HP002160,BR005526,C00012,2025-06-05,14:13,60,Manual,3,71,Completed
HP002161,BR001734,C00081,2025-06-18,19:56,178,Manual,1,68,Completed
HP002162,BR005671,C00002,2025-06-04,18:30,50,Manual,2,59,Completed
HP002163,BR000512,C00014,2025-06-11,11:10,138,Manual,2,67,Completed
HP002164,BR000498,C00043,2025-06-29,09:09,127,Manual,2,46,Completed
HP002165,BR000367,C00077,2025-06-13,01:15,48,Manual,2,81,Completed
HP002166,BR001404,C00095,2025-06-26,09:05,148,Manual,2,50,Completed
HP002167,BR001766,C00060,2025-06-10,14:39,181,Manual,1,71,Completed
HP002168,BR001349,C00081,2025-06-05,07:09,44,Manual,6,54,Completed
HP002169,BR001304,C00079,2025-06-06,00:01,95,Manual,2,69,Completed
HP002170,BR004469,C00055,2025-06-14,02:15,172,Manual,2,61,Completed
HP002171,BR000653,C00057,2025-06-18,01:03,189,Manual,2,81,Completed
HP002172,BR003249,C00060,2025-06-25,05:56,81,Manual,2,60,Completed
HP002173,BR000697,C00032,2025-06-02,17:57,61,Manual,1,74,Completed
HP002174,BR002494,C00042,2025-06-09,19:52,175,Manual,1,79,Completed
HP002175,BR001579,C00010,2025-06-17,00:33,43,Manual,1,76,Completed
HP002176,BR003612,C00077,2025-06-22,14:41,139,Manual,0,83,Completed
HP002177,BR001621,C00011,2025-06-16,05:24,210,Manual,1,83,Completed
HP002178,BR004944,C00089,2025-06-18,16:26,166,Manual,0,63,Completed
HP002179,BR000006,C00056,2025-06-09,05:59,252,Manual,0,75,Completed
HP002180,BR004525,C00093,2025-06-22,08:27,204,Manual,2,45,Completed
HP002181,BR004638,C00082,2025-06-03,02:43,94,Manual,1,65,Completed
HP002182,BR004411,C00078,2025-06-27,12:21,120,Manual,3,48,Completed
HP002183,BR001611,C00016,2025-06-30,05:25,92,Manual,1,59,Completed
HP002184,BR000578,C00023,2025-06-03,06:45,252,Manual,1,69,Completed
HP002185,BR004109,C00030,2025-06-13,18:07,77,Manual,2,75,Completed
HP002186,BR002556,C00081,2025-06-12,13:50,236,Manual,1,70,Completed
HP002187,BR003796,C00068,2025-06-15,19:31,224,Manual,0,55,Completed
HP002188,BR004872,C00077,2025-06-07,13:50,97,Manual,1,50,Completed
HP002189,BR001449,C00049,2025-06-15,06:49,86,Manual,2,81,Completed
HP002190,BR004396,C00090,2025-06-29,07:14,149,Manual,2,68,Completed
HP002191,BR003720,C00060,2025-06-12,18:53,106,Manual,2,69,Completed
HP002192,BR004573,C00049,2025-06-18,05:29,149,Manual,1,45,Completed
HP002193,BR000027,C00063,2025-06-02,03:51,244,Manual,1,69,Completed
HP002194,BR003174,C00080,2025-06-28,06:48,225,Manual,2,72,Completed
HP002195,BR001985,C00001,2025-06-03,07:04,86,Manual,1,82,Completed
HP002196,BR005935,C00024,2025-06-16,15:36,132,Manual,1,47,Completed
HP002197,BR003027,C00050,2025-06-17,17:22,209,Manual,2,57,Completed
HP002198,BR002253,C00091,2025-06-16,10:29,84,Manual,8,59,Completed
HP002199,BR005315,C00049,2025-06-24,03:31,196,Manual,3,53,Completed
HP002200,BR001388,C00003,2025-06-26,13:20,201,Manual,2,83,Completed
HP002201,BR000880,C00049,2025-06-22,16:02,70,Manual,1,58,Completed
HP002202,BR003792,C00009,2025-06-09,16:31,133,Manual,2,69,Completed
HP002203,BR000184,C00039,2025-06-03,12:21,127,Manual,2,47,Completed
HP002204,BR005222,C00027,2025-06-15,17:47,116,Manual,2,68,Completed
HP002205,BR001652,C00011,2025-06-14,01:33,240,Manual,2,65,Completed
HP002206,BR003912,C00033,2025-06-23,16:33,115,Manual,5,46,Completed
HP002207,BR000739,C00024,2025-06-01,15:28,101,Manual,1,52,Completed
HP002208,BR003011,C00042,2025-06-21,12:16,296,Manual,2,56,Completed
HP002209,BR005347,C00083,2025-06-11,09:31,154,Manual,1,46,Completed
HP002210,BR002726,C00039,2025-06-25,12:29,130,Manual,2,77,Completed
HP002211,BR002700,C00023,2025-06-09,00:42,252,Manual,0,64,Completed
HP002212,BR005566,C00097,2025-06-19,14:19,88,Manual,3,51,Completed
HP002213,BR004322,C00045,2025-06-28,12:50,197,Manual,2,72,Completed
HP002214,BR004037,C00096,2025-06-11,07:34,199,Manual,3,67,Completed
HP002215,BR003131,C00014,2025-06-18,15:18,77,Manual,2,53,Completed
HP002216,BR000181,C00040,2025-06-26,00:49,187,Manual,1,57,Completed
HP002217,BR004347,C00015,2025-06-17,16:52,160,Manual,4,47,Completed
HP002218,BR005707,C00036,2025-06-29,10:01,166,Manual,1,69,Completed
HP002219,BR000663,C00092,2025-06-15,03:26,250,Manual,2,78,Completed
HP002220,BR003010,C00094,2025-06-11,12:09,220,Manual,2,47,Completed
HP002221,BR000595,C00048,2025-06-21,14:36,218,Manual,2,53,Completed
HP002222,BR003371,C00050,2025-06-15,14:55,163,Manual,2,46,Completed
HP002223,BR005208,C00089,2025-06-11,09:31,165,Manual,0,59,Completed
HP002224,BR003036,C00002,2025-06-02,09:26,314,Manual,2,70,Completed
HP002225,BR000730,C00002,2025-06-21,18:25,114,Manual,2,48,Completed
HP002226,BR000250,C00026,2025-06-11,02:30,55,Manual,3,48,Completed
HP002227,BR002376,C00025,2025-06-17,13:42,150,Manual,2,72,Completed
HP002228,BR005013,C00093,2025-06-28,17:13,50,Manual,2,49,Completed
HP002229,BR000576,C00064,2025-06-07,03:51,113,Manual,0,52,Completed
HP002230,BR005733,C00001,2025-06-20,13:49,224,Manual,2,74,Completed
HP002231,BR001313,C00037,2025-06-12,02:56,183,Manual,1,45,Completed
HP002232,BR001741,C00013,2025-06-01,10:42,152,Manual,1,73,Completed
HP002233,BR002492,C00055,2025-06-07,10:03,164,Manual,2,63,Completed
HP002234,BR000660,C00009,2025-06-06,19:54,108,Manual,2,47,Completed
HP002235,BR003465,C00072,2025-06-01,11:46,43,Manual,2,54,Completed
HP002236,BR004769,C00093,2025-06-14,17:29,90,Manual,0,57,Completed
HP002237,BR000518,C00012,2025-06-11,07:32,239,Manual,1,75,Completed
HP002238,BR004362,C00046,2025-06-10,07:45,275,Manual,4,77,Completed
HP002239,BR002348,C00059,2025-06-17,18:06,120,Manual,3,71,Completed
HP002240,BR003222,C00088,2025-06-30,18:54,313,Manual,1,68,Completed
HP002241,BR004969,C00018,2025-06-17,05:09,86,Manual,2,78,Completed
HP002242,BR004854,C00020,2025-06-12,06:52,199,Manual,1,53,Completed
HP002243,BR002665,C00037,2025-06-03,19:28,137,Manual,2,62,Completed
HP002244,BR000384,C00028,2025-06-03,16:54,111,Manual,2,71,Completed
HP002245,BR003165,C00046,2025-06-27,05:44,116,Manual,3,45,Completed
HP002246,BR002322,C00081,2025-06-13,03:38,229,Manual,1,59,Completed
HP002247,BR000179,C00048,2025-06-29,16:46,160,Manual,3,80,Completed
HP002248,BR004214,C00086,2025-06-17,02:00,100,Manual,0,59,Completed
HP002249,BR001778,C00077,2025-06-19,06:55,275,Manual,0,76,Completed
HP002250,BR001344,C00024,2025-06-30,11:47,132,Manual,1,45,Completed
HP002251,BR001978,C00080,2025-06-13,10:00,282,Manual,3,63,Completed
HP002252,BR005940,C00087,2025-06-11,07:08,57,Manual,0,65,Completed
HP002253,BR000923,C00072,2025-06-20,15:04,149,Manual,2,77,Completed
HP002254,BR005696,C00049,2025-06-03,12:48,217,Manual,0,47,Completed
HP002255,BR004526,C00063,2025-06-05,11:50,233,Manual,2,50,Completed
HP002256,BR000859,C00068,2025-06-01,15:41,183,Manual,0,50,Completed
HP002257,BR005489,C00017,2025-06-28,12:06,117,Manual,1,73,Completed
HP002258,BR000499,C00024,2025-06-29,19:40,179,Manual,1,78,Completed
HP002259,BR004138,C00096,2025-06-12,09:09,97,Manual,3,51,Completed
HP002260,BR001746,C00022,2025-06-06,09:39,102,Manual,0,80,Completed
HP002261,BR002303,C00015,2025-06-29,18:10,39,Manual,2,61,Completed
HP002262,BR005077,C00064,2025-06-11,14:22,196,Manual,2,72,Completed
HP002263,BR002134,C00032,2025-06-17,12:18,88,Manual,5,58,Completed
HP002264,BR005062,C00093,2025-06-24,07:05,95,Manual,2,80,Completed
HP002265,BR004487,C00036,2025-06-28,09:49,224,Manual,2,71,Completed
HP002266,BR003626,C00011,2025-06-22,02:51,171,Manual,3,54,Completed
HP002267,BR004258,C00014,2025-06-04,13:55,151,Manual,4,47,Completed
HP002268,BR004537,C00076,2025-06-17,06:41,95,Manual,1,81,Completed
HP002269,BR003192,C00050,2025-06-08,09:27,270,Manual,6,78,Completed
HP002270,BR001339,C00056,2025-06-14,11:25,126,Manual,2,50,Completed
HP002271,BR004859,C00061,2025-06-30,02:19,113,Manual,1,53,Completed
HP002272,BR005528,C00045,2025-06-04,17:53,193,Manual,0,61,Completed
HP002273,BR002695,C00084,2025-06-22,12:08,205,Manual,3,68,Completed
HP002274,BR003891,C00035,2025-06-22,04:58,54,Manual,3,74,Completed
HP002275,BR002215,C00045,2025-06-07,13:01,141,Manual,0,84,Completed
HP002276,BR002153,C00057,2025-06-04,09:36,157,Manual,1,77,Completed
HP002277,BR004687,C00034,2025-06-03,13:17,172,Manual,5,66,Completed
HP002278,BR003661,C00065,2025-06-13,18:26,280,Manual,2,82,Completed
HP002279,BR004091,C00014,2025-06-19,18:58,248,Manual,0,69,Completed
HP002280,BR004675,C00005,2025-06-25,14:33,239,Manual,1,56,Completed
HP002281,BR002929,C00032,2025-06-29,00:46,169,Manual,1,52,Completed
HP002282,BR000906,C00019,2025-06-14,13:19,102,Manual,2,47,Completed
HP002283,BR001119,C00060,2025-06-04,00:23,235,Manual,3,51,Completed
HP002284,BR001890,C00095,2025-06-22,02:51,158,Manual,3,64,Completed
HP002285,BR000378,C00099,2025-06-17,15:03,189,Manual,0,80,Completed
HP002286,BR004706,C00014,2025-06-18,06:55,131,Manual,3,83,Completed
HP002287,BR005064,C00005,2025-06-01,03:17,165,Manual,1,74,Completed
HP002288,BR002587,C00072,2025-06-16,17:45,108,Manual,3,53,Completed
HP002289,BR005119,C00065,2025-06-23,13:53,134,Manual,1,47,Completed
HP002290,BR003676,C00072,2025-06-03,07:25,99,Manual,4,60,Completed
HP002291,BR004152,C00041,2025-06-03,02:47,158,Manual,1,62,Completed
HP002292,BR002225,C00036,2025-06-13,00:37,43,Manual,4,47,Completed
HP002293,BR000310,C00066,2025-06-26,06:53,220,Manual,0,69,Completed
HP002294,BR004797,C00076,2025-06-26,02:21,147,Manual,3,52,Completed
HP002295,BR003461,C00065,2025-06-04,08:31,96,Manual,1,54,Completed
HP002296,BR005224,C00017,2025-06-28,13:29,162,Manual,5,77,Completed
HP002297,BR003959,C00099,2025-06-08,02:50,200,Manual,0,48,Completed
HP002298,BR001171,C00037,2025-06-10,18:24,77,Manual,2,47,Completed
HP002299,BR000610,C00079,2025-06-17,18:45,162,Manual,1,64,Completed
HP002300,BR000873,C00073,2025-06-19,17:54,68,Manual,1,66,Completed
HP002301,BR003068,C00078,2025-06-27,07:12,163,Manual,1,57,Completed
HP002302,BR000887,C00008,2025-06-05,01:01,143,Manual,2,71,Completed
HP002303,BR000910,C00060,2025-06-12,18:59,231,Manual,4,61,Completed
HP002304,BR000302,C00070,2025-06-25,13:31,92,Manual,2,50,Completed
HP002305,BR000840,C00050,2025-06-28,19:49,146,Manual,3,64,Completed
HP002306,BR002793,C00096,2025-06-18,05:56,90,Manual,2,70,Completed
HP002307,BR002420,C00069,2025-06-30,09:31,227,Manual,2,54,Completed
HP002308,BR003140,C00024,2025-06-18,01:54,82,Manual,3,58,Completed
HP002309,BR005705,C00007,2025-06-10,09:42,70,Manual,2,67,Completed
HP002310,BR002865,C00001,2025-06-14,07:55,193,Manual,3,78,Completed
HP002311,BR005084,C00041,2025-06-23,19:33,172,Manual,2,63,Completed
HP002312,BR001039,C00036,2025-06-28,13:21,131,Manual,0,55,Completed
HP002313,BR005888,C00010,2025-06-15,09:06,238,Manual,0,73,Completed
HP002314,BR000042,C00032,2025-06-03,12:57,81,Manual,4,69,Completed
HP002315,BR003289,C00041,2025-06-28,10:41,116,Manual,3,82,Completed
HP002316,BR004514,C00025,2025-06-12,00:58,63,Manual,0,46,Completed
HP002317,BR001701,C00055,2025-06-02,00:48,102,Manual,2,71,Completed
HP002318,BR003957,C00014,2025-06-22,01:24,149,Manual,1,63,Completed
HP002319,BR000344,C00077,2025-06-17,03:02,100,Manual,5,46,Completed
HP002320,BR004299,C00035,2025-06-16,12:42,262,Manual,1,51,Completed
HP002321,BR003250,C00034,2025-06-04,10:38,98,Manual,6,62,Completed
HP002322,BR001080,C00093,2025-06-05,01:34,263,Manual,4,80,Completed
HP002323,BR003135,C00071,2025-06-28,16:51,200,Manual,2,75,Completed
HP002324,BR002638,C00072,2025-06-13,09:22,77,Manual,3,85,Completed
HP002325,BR003620,C00063,2025-06-06,01:29,277,Manual,2,52,Completed
HP002326,BR001998,C00008,2025-06-21,01:54,194,Manual,1,65,Completed
HP002327,BR005285,C00054,2025-06-15,17:52,173,Manual,1,82,Completed
HP002328,BR000170,C00022,2025-06-08,06:50,178,Manual,1,50,Completed
HP002329,BR000928,C00007,2025-06-03,06:25,105,Manual,1,58,Completed
HP002330,BR003754,C00035,2025-06-19,16:54,48,Manual,0,85,Completed
HP002331,BR004963,C00001,2025-06-18,05:05,151,Manual,2,84,Completed
HP002332,BR002304,C00021,2025-06-07,11:05,203,Manual,1,75,Completed
HP002333,BR005645,C00034,2025-06-30,17:15,128,Manual,1,72,Completed
HP002334,BR002093,C00001,2025-06-11,18:13,119,Manual,2,80,Completed
HP002335,BR001158,C00020,2025-06-26,14:10,194,Manual,1,46,Completed
HP002336,BR002956,C00051,2025-06-14,06:08,38,Manual,0,74,Completed
HP002337,BR000287,C00096,2025-06-09,05:31,137,Manual,0,77,Completed
HP002338,BR005934,C00059,2025-06-10,10:51,124,Manual,0,79,Completed
HP002339,BR000796,C00087,2025-06-05,02:23,131,Manual,2,46,Completed
HP002340,BR000967,C00055,2025-06-20,05:23,72,Manual,2,61,Completed
HP002341,BR003694,C00073,2025-06-06,17:44,101,Manual,3,64,Completed
HP002342,BR002788,C00096,2025-06-15,07:15,109,Manual,1,80,Completed
HP002343,BR003740,C00066,2025-06-23,11:27,91,Manual,2,82,Completed
HP002344,BR004222,C00096,2025-06-25,18:52,166,Manual,2,46,Completed
HP002345,BR000234,C00098,2025-06-26,10:16,211,Manual,0,60,Completed
HP002346,BR005085,C00068,2025-06-24,05:56,54,Manual,0,46,Completed
HP002347,BR005330,C00078,2025-06-22,10:03,107,Manual,3,62,Completed
HP002348,BR001599,C00013,2025-06-24,14:36,55,Manual,0,48,Completed
HP002349,BR005139,C00099,2025-06-19,05:37,139,Manual,5,56,Completed
HP002350,BR001838,C00093,2025-06-27,06:59,157,Manual,1,61,Completed
HP002351,BR002468,C00013,2025-06-09,03:30,105,Manual,3,69,Completed
HP002352,BR004570,C00006,2025-06-28,03:21,180,Manual,1,59,Completed
HP002353,BR005122,C00090,2025-06-14,01:21,144,Manual,1,68,Completed
HP002354,BR000679,C00100,2025-06-17,09:25,163,Manual,2,83,Completed
HP002355,BR005174,C00018,2025-06-16,13:56,86,Manual,3,71,Completed
HP002356,BR001736,C00010,2025-06-19,15:08,142,Manual,0,60,Completed
HP002357,BR004285,C00023,2025-06-05,14:29,99,Manual,2,47,Completed
HP002358,BR001748,C00003,2025-06-14,10:56,182,Manual,2,83,Completed
HP002359,BR000908,C00047,2025-06-02,15:21,148,Manual,4,82,Completed
HP002360,BR003061,C00099,2025-06-09,08:29,187,Manual,1,70,Completed
HP002361,BR004423,C00096,2025-06-26,15:26,177,Manual,3,71,Completed
HP002362,BR001069,C00027,2025-06-16,09:32,225,Manual,2,56,Completed
HP002363,BR004519,C00044,2025-06-26,09:27,141,Manual,3,71,Completed
HP002364,BR002008,C00043,2025-06-09,15:39,102,Manual,4,71,Completed
HP002365,BR002819,C00066,2025-06-14,13:43,165,Manual,0,83,Completed
HP002366,BR004315,C00023,2025-06-28,02:15,297,Manual,1,62,Completed
HP002367,BR002195,C00090,2025-06-25,05:25,49,Manual,3,67,Completed
HP002368,BR004399,C00031,2025-06-05,13:59,94,Manual,4,64,Completed
HP002369,BR000225,C00081,2025-06-02,03:04,83,Manual,1,82,Completed
HP002370,BR003977,C00062,2025-06-30,12:11,273,Manual,2,52,Completed
HP002371,BR000455,C00013,2025-06-10,16:37,130,Manual,2,63,Completed
HP002372,BR004454,C00088,2025-06-10,09:38,107,Manual,0,74,Completed
HP002373,BR004115,C00085,2025-06-19,02:00,229,Manual,2,79,Completed
HP002374,BR005297,C00071,2025-06-07,11:04,137,Manual,1,79,Completed
HP002375,BR005922,C00054,2025-06-08,09:15,160,Manual,1,49,Completed
HP002376,BR003669,C00080,2025-06-12,06:11,172,Manual,1,79,Completed
HP002377,BR005889,C00051,2025-06-07,13:49,257,Manual,1,46,Completed
HP002378,BR000100,C00092,2025-06-14,18:55,69,Manual,3,56,Completed
HP002379,BR002690,C00034,2025-06-15,04:36,87,Manual,1,49,Completed
HP002380,BR002913,C00081,2025-06-16,13:28,106,Manual,1,74,Completed
HP002381,BR003537,C00006,2025-06-30,00:50,107,Manual,1,64,Completed
HP002382,BR001674,C00013,2025-06-12,12:52,152,Manual,2,52,Completed
HP002383,BR002085,C00083,2025-06-12,00:12,51,Manual,1,55,Completed
HP002384,BR002898,C00072,2025-06-22,04:26,105,Manual,4,85,Completed
HP002385,BR004733,C00015,2025-06-01,10:22,155,Manual,1,69,Completed
HP002386,BR003211,C00094,2025-06-05,04:54,156,Manual,1,47,Completed
HP002387,BR004177,C00080,2025-06-20,17:11,229,Manual,5,48,Completed
HP002388,BR003970,C00096,2025-06-12,17:58,138,Manual,4,73,Completed
HP002389,BR000635,C00052,2025-06-04,18:28,231,Manual,1,66,Completed
HP002390,BR001874,C00023,2025-06-25,08:01,182,Manual,2,57,Completed
HP002391,BR005542,C00087,2025-06-01,08:17,148,Manual,2,62,Completed
HP002392,BR005369,C00042,2025-06-29,06:10,168,Manual,1,58,Completed
HP002393,BR001403,C00058,2025-06-20,05:37,212,Manual,1,67,Completed
HP002394,BR002270,C00091,2025-06-05,08:43,142,Manual,1,53,Completed
HP002395,BR005957,C00021,2025-06-13,04:13,140,Manual,0,74,Completed
HP002396,BR001864,C00057,2025-06-03,19:53,204,Manual,0,64,Completed
HP002397,BR003488,C00012,2025-06-30,04:33,105,Manual,1,68,Completed
HP002398,BR004339,C00038,2025-06-21,18:10,343,Manual,2,53,Completed
HP002399,BR004828,C00023,2025-06-02,13:53,43,Manual,3,57,Completed
HP002400,BR003469,C00097,2025-06-29,10:57,168,Manual,4,52,Completed
HP002401,BR002375,C00084,2025-06-30,09:56,111,Manual,0,61,Completed
HP002402,BR003690,C00065,2025-06-12,10:35,262,Manual,1,85,Completed
HP002403,BR003384,C00032,2025-06-22,06:03,67,Manual,5,63,Completed
HP002404,BR005074,C00005,2025-06-11,07:30,141,Manual,2,79,Completed
HP002405,BR004324,C00005,2025-06-28,15:25,59,Manual,1,46,Completed
HP002406,BR000013,C00005,2025-06-16,00:27,220,Manual,5,68,Completed
HP002407,BR005210,C00089,2025-06-19,17:44,136,Manual,1,55,Completed
HP002408,BR005807,C00082,2025-06-09,14:58,141,Manual,0,84,Completed
HP002409,BR000933,C00012,2025-06-24,14:42,47,Manual,0,75,Completed
HP002410,BR000117,C00051,2025-06-08,07:59,230,Manual,1,74,Completed
HP002411,BR004162,C00087,2025-06-10,19:34,259,Manual,0,76,Completed
HP002412,BR001717,C00047,2025-06-04,07:14,113,Manual,2,79,Completed
HP002413,BR001373,C00062,2025-06-02,15:03,98,Manual,0,78,Completed
HP002414,BR001163,C00089,2025-06-16,19:39,115,Manual,2,62,Completed
HP002415,BR003321,C00028,2025-06-05,19:41,132,Manual,1,62,Completed
HP002416,BR005648,C00096,2025-06-15,04:24,168,Manual,2,59,Completed
HP002417,BR004909,C00046,2025-06-22,16:15,69,Manual,1,75,Completed
HP002418,BR003819,C00079,2025-06-23,08:59,77,Manual,2,45,Completed
HP002419,BR001151,C00067,2025-06-15,10:00,159,Manual,2,47,Completed
HP002420,BR001090,C00019,2025-06-01,00:08,271,Manual,2,72,Completed
HP002421,BR003344,C00028,2025-06-14,11:04,204,Manual,1,84,Completed
HP002422,BR001398,C00045,2025-06-15,14:55,204,Manual,4,85,Completed
HP002423,BR001742,C00017,2025-06-02,00:10,146,Manual,4,59,Completed
HP002424,BR004539,C00040,2025-06-18,02:13,91,Manual,0,71,Completed
HP002425,BR000573,C00052,2025-06-20,18:55,174,Manual,2,48,Completed
HP002426,BR004957,C00067,2025-06-14,17:35,68,Manual,2,47,Completed
HP002427,BR005100,C00039,2025-06-22,08:36,125,Manual,2,81,Completed
HP002428,BR005409,C00006,2025-06-08,18:19,55,Manual,3,53,Completed
HP002429,BR003272,C00034,2025-06-13,03:36,109,Manual,1,59,Completed
HP002430,BR001023,C00023,2025-06-21,13:18,97,Manual,2,80,Completed
HP002431,BR000125,C00085,2025-06-20,19:18,121,Manual,2,70,Completed
HP002432,BR003709,C00040,2025-06-30,16:21,266,Manual,2,54,Completed
HP002433,BR001487,C00017,2025-06-13,12:31,260,Manual,1,51,Completed
HP002434,BR004793,C00040,2025-06-07,04:45,161,Manual,2,64,Completed
HP002435,BR002324,C00043,2025-06-21,17:42,145,Manual,1,58,Completed
HP002436,BR004367,C00091,2025-06-24,03:41,271,Manual,2,79,Completed
HP002437,BR000487,C00068,2025-06-15,03:52,216,Manual,1,50,Completed
HP002438,BR004364,C00082,2025-06-17,04:55,41,Manual,2,61,Completed
HP002439,BR004545,C00055,2025-06-26,13:09,168,Manual,4,63,Completed
HP002440,BR000624,C00002,2025-06-26,08:38,165,Manual,1,45,Completed
HP002441,BR000758,C00002,2025-06-04,10:19,268,Manual,3,60,Completed
HP002442,BR004433,C00086,2025-06-20,06:22,157,Manual,2,66,Completed
HP002443,BR000647,C00030,2025-06-10,04:24,175,Manual,3,78,Completed
HP002444,BR002192,C00060,2025-06-12,01:35,52,Manual,0,84,Completed
HP002445,BR001762,C00091,2025-06-14,16:24,124,Manual,1,53,Completed
HP002446,BR005504,C00018,2025-06-26,18:03,155,Manual,3,63,Completed
HP002447,BR000956,C00096,2025-06-15,12:02,170,Manual,3,83,Completed
HP002448,BR003156,C00035,2025-06-21,03:05,176,Manual,1,54,Completed
HP002449,BR005953,C00087,2025-06-26,14:58,216,Manual,3,46,Completed
HP002450,BR001042,C00065,2025-06-14,10:16,113,Manual,1,52,Completed
HP002451,BR005114,C00061,2025-06-04,17:54,185,Manual,4,69,Completed
HP002452,BR001715,C00062,2025-06-23,18:43,107,Manual,1,62,Completed
HP002453,BR004973,C00085,2025-06-07,02:57,77,Manual,2,46,Completed
HP002454,BR005794,C00091,2025-06-16,09:01,93,Manual,4,62,Completed
HP002455,BR004840,C00097,2025-06-02,19:07,62,Manual,0,79,Completed
HP002456,BR003997,C00091,2025-06-01,05:00,140,Manual,2,78,Completed
HP002457,BR003787,C00029,2025-06-20,04:07,49,Manual,3,56,Completed
HP002458,BR005882,C00050,2025-06-23,19:26,153,Manual,0,79,Completed
HP002459,BR003896,C00099,2025-06-28,17:22,199,Manual,1,61,Completed
HP002460,BR005991,C00054,2025-06-02,12:40,192,Manual,1,74,Completed
HP002461,BR005067,C00020,2025-06-06,11:44,97,Manual,1,81,Completed
HP002462,BR004886,C00097,2025-06-15,01:31,107,Manual,1,70,Completed
HP002463,BR001402,C00024,2025-06-21,17:14,249,Manual,2,45,Completed
HP002464,BR002741,C00010,2025-06-25,05:04,191,Manual,0,74,Completed
HP002465,BR001946,C00045,2025-06-10,13:32,156,Manual,1,50,Completed
HP002466,BR003958,C00058,2025-06-22,13:28,218,Manual,2,73,Completed
HP002467,BR003767,C00032,2025-06-20,01:18,221,Manual,2,78,Completed
HP002468,BR000822,C00040,2025-06-13,06:20,300,Manual,2,55,Completed
HP002469,BR005357,C00032,2025-06-18,02:49,81,Manual,0,68,Completed
HP002470,BR002386,C00077,2025-06-29,09:33,131,Manual,3,80,Completed
HP002471,BR003124,C00090,2025-06-28,17:53,302,Manual,0,85,Completed
HP002472,BR003244,C00027,2025-06-06,17:56,84,Manual,1,62,Completed
HP002473,BR000109,C00051,2025-06-22,13:18,289,Manual,2,57,Completed
HP002474,BR001803,C00066,2025-06-19,12:58,243,Manual,1,79,Completed
HP002475,BR005827,C00015,2025-06-29,06:15,134,Manual,3,75,Completed
HP002476,BR001788,C00059,2025-06-26,04:56,72,Manual,3,73,Completed
HP002477,BR000476,C00094,2025-06-06,06:52,70,Manual,0,74,Completed
HP002478,BR002070,C00038,2025-06-10,03:10,35,Manual,3,51,Completed
HP002479,BR004824,C00091,2025-06-26,02:30,103,Manual,2,65,Completed
HP002480,BR005342,C00055,2025-06-14,10:44,106,Manual,6,69,Completed
HP002481,BR005442,C00060,2025-06-26,03:03,136,Manual,3,58,Completed
HP002482,BR005331,C00004,2025-06-05,14:40,100,Manual,4,55,Completed
HP002483,BR004833,C00028,2025-06-27,06:56,126,Manual,4,82,Completed
HP002484,BR003507,C00077,2025-06-22,06:11,88,Manual,0,55,Completed
HP002485,BR003352,C00083,2025-06-03,16:52,116,Manual,2,54,Completed
HP002486,BR002320,C00076,2025-06-27,09:24,76,Manual,0,71,Completed
HP002487,BR002419,C00076,2025-06-30,14:20,137,Manual,0,81,Completed
HP002488,BR001383,C00059,2025-06-17,18:12,220,Manual,1,55,Completed
HP002489,BR003736,C00075,2025-06-16,11:47,135,Manual,3,68,Completed
HP002490,BR004592,C00002,2025-06-21,04:56,40,Manual,2,64,Completed
HP002491,BR001784,C00013,2025-06-12,00:48,139,Manual,2,75,Completed
HP002492,BR002751,C00038,2025-06-26,00:39,176,Manual,5,45,Completed
HP002493,BR005102,C00004,2025-06-23,11:54,247,Manual,1,46,Completed
HP002494,BR004845,C00026,2025-06-13,03:26,265,Manual,2,82,Completed
HP002495,BR004880,C00065,2025-06-22,13:57,181,Manual,0,80,Completed
HP002496,BR003742,C00069,2025-06-26,14:04,99,Manual,1,60,Completed
HP002497,BR004269,C00032,2025-06-15,00:46,326,Manual,2,61,Completed
HP002498,BR004552,C00024,2025-06-09,17:38,148,Manual,2,51,Completed
HP002499,BR002148,C00098,2025-06-09,12:04,194,Manual,1,46,Completed
HP002500,BR000500,C00039,2025-06-22,02:09,233,Manual,1,71,Completed
HP002501,BR005055,C00077,2025-06-14,09:39,91,Manual,0,54,Completed
HP002502,BR003712,C00047,2025-06-17,14:06,155,Manual,0,68,Completed
HP002503,BR004631,C00075,2025-06-18,06:57,79,Manual,3,72,Completed
HP002504,BR005125,C00061,2025-06-19,17:20,133,Manual,2,53,Completed
HP002505,BR002864,C00014,2025-06-14,12:35,225,Manual,0,53,Completed
HP002506,BR001381,C00071,2025-06-29,04:49,110,Manual,2,77,Completed
HP002507,BR003433,C00021,2025-06-01,13:01,78,Manual,4,77,Completed
HP002508,BR002888,C00059,2025-06-02,06:59,218,Manual,0,63,Completed
HP002509,BR003032,C00080,2025-06-02,14:06,170,Manual,1,71,Completed
HP002510,BR003939,C00090,2025-06-28,07:56,180,Manual,5,76,Completed
HP002511,BR000258,C00052,2025-06-28,00:28,166,Manual,1,75,Completed
HP002512,BR003696,C00016,2025-06-15,06:11,285,Manual,1,73,Completed
HP002513,BR001012,C00088,2025-06-09,13:45,134,Manual,0,76,Completed
HP002514,BR003534,C00035,2025-06-06,10:23,238,Manual,1,45,Completed
HP002515,BR003412,C00028,2025-06-16,16:15,123,Manual,3,63,Completed
HP002516,BR001464,C00029,2025-06-11,12:07,116,Manual,0,60,Completed
HP002517,BR002824,C00017,2025-06-03,00:42,77,Manual,4,84,Completed
HP002518,BR000239,C00039,2025-06-17,14:05,153,Manual,2,49,Completed
HP002519,BR000953,C00067,2025-06-28,17:24,91,Manual,1,84,Completed
HP002520,BR005636,C00049,2025-06-29,09:14,184,Manual,2,67,Completed
HP002521,BR003203,C00012,2025-06-25,00:58,121,Manual,0,52,Completed
HP002522,BR000061,C00056,2025-06-02,01:41,74,Manual,4,54,Completed
HP002523,BR000526,C00055,2025-06-11,14:58,78,Manual,3,45,Completed
HP002524,BR004688,C00026,2025-06-08,13:27,237,Manual,1,61,Completed
HP002525,BR000399,C00029,2025-06-30,02:43,188,Manual,3,76,Completed
HP002526,BR003875,C00095,2025-06-25,04:17,158,Manual,3,45,Completed
HP002527,BR002378,C00082,2025-06-13,07:27,30,Manual,2,57,Completed
HP002528,BR000046,C00072,2025-06-24,15:52,125,Manual,2,68,Completed
HP002529,BR001844,C00087,2025-06-03,16:56,166,Manual,2,71,Completed
HP002530,BR005267,C00069,2025-06-20,00:52,186,Manual,1,66,Completed
HP002531,BR004703,C00001,2025-06-21,02:58,186,Manual,1,61,Completed
HP002532,BR001760,C00034,2025-06-27,13:56,105,Manual,2,81,Completed
HP002533,BR005613,C00021,2025-06-13,01:30,72,Manual,0,55,Completed
HP002534,BR004245,C00047,2025-06-27,01:08,116,Manual,4,58,Completed
HP002535,BR002776,C00005,2025-06-28,19:01,225,Manual,2,46,Completed
HP002536,BR000645,C00057,2025-06-04,09:44,84,Manual,3,80,Completed
HP002537,BR003522,C00010,2025-06-04,01:21,154,Manual,0,83,Completed
HP002538,BR000685,C00032,2025-06-28,16:13,54,Manual,1,58,Completed
HP002539,BR000872,C00081,2025-06-01,19:26,282,Manual,1,74,Completed
HP002540,BR004436,C00091,2025-06-29,02:47,209,Manual,2,46,Completed
HP002541,BR005627,C00017,2025-06-06,04:40,224,Manual,2,76,Completed
HP002542,BR004113,C00030,2025-06-21,03:15,37,Manual,3,69,Completed
HP002543,BR002731,C00028,2025-06-21,17:51,85,Manual,1,72,Completed
HP002544,BR005984,C00069,2025-06-23,09:22,110,Manual,1,68,Completed
HP002545,BR000925,C00078,2025-06-20,15:39,151,Manual,1,84,Completed
HP002546,BR000443,C00004,2025-06-08,02:49,233,Manual,0,70,Completed
HP002547,BR004196,C00080,2025-06-11,03:07,131,Manual,1,73,Completed
HP002548,BR004986,C00050,2025-06-02,18:30,73,Manual,1,65,Completed
HP002549,BR000139,C00010,2025-06-01,09:46,242,Manual,2,56,Completed
HP002550,BR004796,C00036,2025-06-24,07:15,91,Manual,1,71,Completed
HP002551,BR003830,C00034,2025-06-08,06:45,121,Manual,2,65,Completed
HP002552,BR004385,C00041,2025-06-22,17:37,54,Manual,3,65,Completed
HP002553,BR005086,C00023,2025-06-26,16:21,173,Manual,2,47,Completed
HP002554,BR004276,C00076,2025-06-22,18:09,143,Manual,2,78,Completed
HP002555,BR002832,C00007,2025-06-09,02:06,173,Manual,2,46,Completed
HP002556,BR000802,C00036,2025-06-16,15:42,168,Manual,2,83,Completed
HP002557,BR002561,C00088,2025-06-27,11:09,87,Manual,1,71,Completed
HP002558,BR001609,C00026,2025-06-06,05:44,132,Manual,6,74,Completed
HP002559,BR005456,C00052,2025-06-19,08:49,84,Manual,1,60,Completed
HP002560,BR003885,C00045,2025-06-24,16:07,256,Manual,1,59,Completed
HP002561,BR004128,C00051,2025-06-15,02:06,254,Manual,0,68,Completed
HP002562,BR003662,C00045,2025-06-21,09:29,248,Manual,2,85,Completed
HP002563,BR000011,C00054,2025-06-29,14:47,115,Manual,1,54,Completed
HP002564,BR001399,C00081,2025-06-25,14:29,149,Manual,3,47,Completed
HP002565,BR003867,C00021,2025-06-09,14:00,96,Manual,1,55,Completed
HP002566,BR000767,C00046,2025-06-30,18:39,253,Manual,3,70,Completed
HP002567,BR002343,C00027,2025-06-14,16:55,141,Manual,0,82,Completed
HP002568,BR004821,C00020,2025-06-18,06:35,168,Manual,1,58,Completed
HP002569,BR005547,C00089,2025-06-10,01:33,88,Manual,2,78,Completed
HP002570,BR000857,C00065,2025-06-19,14:05,74,Manual,0,71,Completed
HP002571,BR005839,C00059,2025-06-15,17:29,110,Manual,4,49,Completed
HP002572,BR004073,C00034,2025-06-26,04:51,241,Manual,0,76,Completed
HP002573,BR001122,C00073,2025-06-03,12:02,149,Manual,1,56,Completed
HP002574,BR005942,C00050,2025-06-19,14:04,251,Manual,2,58,Completed
HP002575,BR001468,C00071,2025-06-19,04:38,238,Manual,2,58,Completed
HP002576,BR000242,C00053,2025-06-16,07:49,126,Manual,2,74,Completed
HP002577,BR004017,C00064,2025-06-14,04:08,181,Manual,1,83,Completed
HP002578,BR000252,C00069,2025-06-10,16:02,251,Manual,0,70,Completed
HP002579,BR002318,C00066,2025-06-30,16:48,89,Manual,3,51,Completed
HP002580,BR001065,C00011,2025-06-07,04:28,80,Manual,4,65,Completed
HP002581,BR005625,C00064,2025-06-06,16:59,108,Manual,2,66,Completed
HP002582,BR001944,C00100,2025-06-25,17:00,265,Manual,0,49,Completed
HP002583,BR001712,C00074,2025-06-12,03:09,109,Manual,2,52,Completed
HP002584,BR005193,C00084,2025-06-01,00:28,141,Manual,1,59,Completed
HP002585,BR002564,C00070,2025-06-21,13:18,87,Manual,1,71,Completed
HP002586,BR005386,C00059,2025-06-27,04:41,60,Manual,0,64,Completed
HP002587,BR003251,C00056,2025-06-27,09:31,84,Manual,3,53,Completed
HP002588,BR002335,C00059,2025-06-05,19:10,147,Manual,2,50,Completed
HP002589,BR004762,C00047,2025-06-10,13:52,101,Manual,3,56,Completed
HP002590,BR001038,C00025,2025-06-07,14:04,177,Manual,2,48,Completed
HP002591,BR004304,C00066,2025-06-20,16:13,54,Manual,3,65,Completed
HP002592,BR002642,C00014,2025-06-11,06:53,128,Manual,3,69,Completed
HP002593,BR000587,C00027,2025-06-05,13:54,132,Manual,1,50,Completed
HP002594,BR002139,C00096,2025-06-26,02:16,179,Manual,2,84,Completed
HP002595,BR001877,C00023,2025-06-05,10:30,203,Manual,2,70,Completed
HP002596,BR000025,C00076,2025-06-02,00:51,110,Manual,1,50,Completed
HP002597,BR001247,C00017,2025-06-21,02:38,193,Manual,0,73,Completed
HP002598,BR002435,C00097,2025-06-29,09:06,133,Manual,2,45,Completed
HP002599,BR001041,C00075,2025-06-22,18:42,198,Manual,2,54,Completed
HP002600,BR004600,C00093,2025-06-11,06:21,295,Manual,1,76,Completed
HP002601,BR005969,C00069,2025-06-19,07:45,125,Manual,2,61,Completed
HP002602,BR003748,C00038,2025-06-15,07:21,187,Manual,1,84,Completed
HP002603,BR001536,C00099,2025-06-13,19:30,83,Manual,3,52,Completed
HP002604,BR002122,C00042,2025-06-16,03:41,154,Manual,0,52,Completed
HP002605,BR003114,C00045,2025-06-14,09:38,42,Manual,1,70,Completed
HP002606,BR003435,C00018,2025-06-03,01:40,191,Manual,4,76,Completed
HP002607,BR004645,C00046,2025-06-16,10:02,156,Manual,1,52,Completed
HP002608,BR003365,C00038,2025-06-06,00:38,148,Manual,1,84,Completed
HP002609,BR000425,C00097,2025-06-05,04:45,107,Manual,1,57,Completed
HP002610,BR003850,C00060,2025-06-22,14:02,153,Manual,1,78,Completed
HP002611,BR003967,C00097,2025-06-25,17:41,157,Manual,0,53,Completed
HP002612,BR000732,C00072,2025-06-23,06:37,62,Manual,0,69,Completed
HP002613,BR005973,C00054,2025-06-03,06:01,117,Manual,0,53,Completed
HP002614,BR002922,C00066,2025-06-24,03:01,207,Manual,1,47,Completed
HP002615,BR003668,C00083,2025-06-27,16:25,84,Manual,1,76,Completed
HP002616,BR000640,C00021,2025-06-27,14:20,138,Manual,2,76,Completed
HP002617,BR005026,C00008,2025-06-17,17:50,191,Manual,1,59,Completed
HP002618,BR000043,C00086,2025-06-17,00:13,129,Manual,2,63,Completed
HP002619,BR001785,C00020,2025-06-11,17:27,154,Manual,3,64,Completed
HP002620,BR000089,C00077,2025-06-01,17:01,128,Manual,1,59,Completed
HP002621,BR004053,C00043,2025-06-20,16:00,275,Manual,1,80,Completed
HP002622,BR003269,C00081,2025-06-23,17:12,110,Manual,2,80,Completed
HP002623,BR000489,C00017,2025-06-12,10:12,138,Manual,2,74,Completed
HP002624,BR002028,C00027,2025-06-01,11:23,50,Manual,1,58,Completed
HP002625,BR003031,C00051,2025-06-27,02:06,251,Manual,0,79,Completed
HP002626,BR004919,C00087,2025-06-06,17:51,154,Manual,1,60,Completed
HP002627,BR000662,C00058,2025-06-19,00:21,62,Manual,1,75,Completed
HP002628,BR005479,C00006,2025-06-07,13:24,137,Manual,1,49,Completed
HP002629,BR004933,C00004,2025-06-23,01:30,121,Manual,2,53,Completed
HP002630,BR001060,C00048,2025-06-09,13:00,176,Manual,3,79,Completed
HP002631,BR000501,C00093,2025-06-29,17:47,157,Manual,3,51,Completed
HP002632,BR005690,C00012,2025-06-22,16:12,140,Manual,4,46,Completed
HP002633,BR002133,C00017,2025-06-18,12:26,287,Manual,3,76,Completed
HP002634,BR003115,C00100,2025-06-29,16:12,181,Manual,1,63,Completed
HP002635,BR001695,C00079,2025-06-14,18:46,166,Manual,2,83,Completed
HP002636,BR005322,C00038,2025-06-04,10:03,218,Manual,3,60,Completed
HP002637,BR000189,C00016,2025-06-27,16:03,52,Manual,1,45,Completed
HP002638,BR002241,C00083,2025-06-20,02:33,132,Manual,1,64,Completed
HP002639,BR003993,C00009,2025-06-15,09:37,162,Manual,1,70,Completed
HP002640,BR002736,C00075,2025-06-01,11:25,111,Manual,2,83,Completed
HP002641,BR002656,C00088,2025-06-05,10:27,166,Manual,6,50,Completed
HP002642,BR003037,C00042,2025-06-11,09:41,68,Manual,1,61,Completed
HP002643,BR002599,C00059,2025-06-21,03:29,71,Manual,1,78,Completed
HP002644,BR002152,C00036,2025-06-27,10:43,88,Manual,5,72,Completed
HP002645,BR004542,C00033,2025-06-29,12:39,37,Manual,2,74,Completed
HP002646,BR003671,C00033,2025-06-09,09:49,246,Manual,2,71,Completed
HP002647,BR002450,C00035,2025-06-12,19:54,41,Manual,1,80,Completed
HP002648,BR002911,C00003,2025-06-18,06:51,199,Manual,2,81,Completed
HP002649,BR002877,C00059,2025-06-18,13:25,151,Manual,3,72,Completed
HP002650,BR000539,C00026,2025-06-30,01:15,265,Manual,3,74,Completed
HP002651,BR005614,C00027,2025-06-22,06:16,151,Manual,0,70,Completed
HP002652,BR003091,C00097,2025-06-22,01:52,177,Manual,1,57,Completed
HP002653,BR000659,C00083,2025-06-13,13:24,34,Manual,0,68,Completed
HP002654,BR005536,C00077,2025-06-29,07:40,219,Manual,2,50,Completed
HP002655,BR004027,C00021,2025-06-25,13:09,268,Manual,1,84,Completed
HP002656,BR004075,C00064,2025-06-02,17:06,238,Manual,3,56,Completed
HP002657,BR004995,C00058,2025-06-25,00:37,156,Manual,0,50,Completed
HP002658,BR003946,C00008,2025-06-27,02:27,69,Manual,2,82,Completed
HP002659,BR004812,C00085,2025-06-24,06:48,135,Manual,2,82,Completed
HP002660,BR005018,C00016,2025-06-24,01:52,53,Manual,2,63,Completed
HP002661,BR000002,C00078,2025-06-21,10:31,91,Manual,4,54,Completed
HP002662,BR005380,C00054,2025-06-17,01:21,69,Manual,4,69,Completed
HP002663,BR001635,C00100,2025-06-17,10:20,220,Manual,2,52,Completed
HP002664,BR000256,C00058,2025-06-11,18:43,84,Manual,4,71,Completed
HP002665,BR002645,C00025,2025-06-07,09:43,98,Manual,0,81,Completed
HP002666,BR002309,C00060,2025-06-16,07:29,126,Manual,1,85,Completed
HP002667,BR001438,C00049,2025-06-07,05:31,162,Manual,2,61,Completed
HP002668,BR004532,C00076,2025-06-10,04:06,217,Manual,2,49,Completed
HP002669,BR003672,C00024,2025-06-16,10:29,217,Manual,1,68,Completed
HP002670,BR005968,C00016,2025-06-28,06:20,173,Manual,0,83,Completed
HP002671,BR004737,C00063,2025-06-17,10:03,125,Manual,3,64,Completed
HP002672,BR003749,C00097,2025-06-05,07:31,147,Manual,1,55,Completed
HP002673,BR003521,C00038,2025-06-01,03:52,164,Manual,2,56,Completed
HP002674,BR000345,C00054,2025-06-27,14:33,166,Manual,1,80,Completed
HP002675,BR003536,C00093,2025-06-24,15:37,112,Manual,0,84,Completed
HP002676,BR004149,C00082,2025-06-19,18:37,298,Manual,1,46,Completed
HP002677,BR002158,C00090,2025-06-30,04:17,112,Manual,0,48,Completed
HP002678,BR001562,C00095,2025-06-15,17:58,270,Manual,0,78,Completed
HP002679,BR003035,C00057,2025-06-24,11:32,189,Manual,1,65,Completed
HP002680,BR003191,C00009,2025-06-29,02:24,262,Manual,1,59,Completed
HP002681,BR001845,C00025,2025-06-15,09:23,71,Manual,2,77,Completed
HP002682,BR003057,C00047,2025-06-20,01:55,79,Manual,2,73,Completed
HP002683,BR001184,C00031,2025-06-22,03:22,104,Manual,4,78,Completed
HP002684,BR001074,C00059,2025-06-28,05:42,194,Manual,2,49,Completed
HP002685,BR004202,C00096,2025-06-21,15:40,259,Manual,2,48,Completed
HP002686,BR000619,C00002,2025-06-22,18:36,96,Manual,3,84,Completed
HP002687,BR003470,C00045,2025-06-17,07:40,193,Manual,0,60,Completed
HP002688,BR003387,C00094,2025-06-13,00:19,174,Manual,1,79,Completed
HP002689,BR005665,C00086,2025-06-19,08:14,111,Manual,5,59,Completed
HP002690,BR003386,C00057,2025-06-06,12:51,57,Manual,1,48,Completed
HP002691,BR003995,C00074,2025-06-25,08:24,115,Manual,3,55,Completed
HP002692,BR000762,C00069,2025-06-19,03:07,57,Manual,1,53,Completed
HP002693,BR003604,C00034,2025-06-16,06:41,100,Manual,3,49,Completed
HP002694,BR000681,C00060,2025-06-28,06:51,134,Manual,1,65,Completed
HP002695,BR000331,C00016,2025-06-09,05:47,33,Manual,3,63,Completed
HP002696,BR003378,C00033,2025-06-23,08:09,206,Manual,5,49,Completed
HP002697,BR003718,C00076,2025-06-03,19:57,178,Manual,1,77,Completed
HP002698,BR002552,C00029,2025-06-04,01:44,221,Manual,4,78,Completed
HP002699,BR002227,C00010,2025-06-02,00:48,237,Manual,4,79,Completed
HP002700,BR000262,C00044,2025-06-22,04:04,141,Manual,4,48,Completed
HP002701,BR005486,C00055,2025-06-20,04:48,95,Manual,1,77,Completed
HP002702,BR005478,C00047,2025-06-04,03:05,57,Manual,3,72,Completed
HP002703,BR002777,C00024,2025-06-07,04:00,136,Manual,1,70,Completed
HP002704,BR000831,C00066,2025-06-14,04:31,177,Manual,1,76,Completed
HP002705,BR004994,C00042,2025-06-05,02:50,32,Manual,2,80,Completed
HP002706,BR004307,C00067,2025-06-24,03:12,98,Manual,1,57,Completed
HP002707,BR000040,C00080,2025-06-12,15:12,223,Manual,2,83,Completed
HP002708,BR002750,C00038,2025-06-21,06:09,53,Manual,1,75,Completed
HP002709,BR002843,C00089,2025-06-17,10:06,95,Manual,0,45,Completed
HP002710,BR004876,C00041,2025-06-26,13:32,216,Manual,1,74,Completed
HP002711,BR004412,C00085,2025-06-05,13:17,242,Manual,1,53,Completed
HP002712,BR005379,C00020,2025-06-12,07:16,157,Manual,0,76,Completed
HP002713,BR005088,C00028,2025-06-02,17:49,96,Manual,2,72,Completed
HP002714,BR003683,C00036,2025-06-20,18:44,148,Manual,3,54,Completed
HP002715,BR000801,C00020,2025-06-17,02:41,82,Manual,3,67,Completed
HP002716,BR002275,C00097,2025-06-09,17:38,130,Manual,2,77,Completed
HP002717,BR001979,C00058,2025-06-30,04:44,42,Manual,2,61,Completed
HP002718,BR002391,C00095,2025-06-27,18:15,177,Manual,2,54,Completed
HP002719,BR005199,C00069,2025-06-09,01:00,183,Manual,4,45,Completed
HP002720,BR002782,C00020,2025-06-26,03:18,135,Manual,2,56,Completed
HP002721,BR001841,C00018,2025-06-12,03:41,130,Manual,3,53,Completed
HP002722,BR000081,C00006,2025-06-01,05:10,34,Manual,4,67,Completed
HP002723,BR000334,C00055,2025-06-10,18:27,238,Manual,2,75,Completed
HP002724,BR003614,C00087,2025-06-03,08:55,247,Manual,0,70,Completed
HP002725,BR003444,C00062,2025-06-19,01:43,195,Manual,4,52,Completed
HP002726,BR005354,C00062,2025-06-12,09:27,96,Manual,3,66,Completed
HP002727,BR001392,C00030,2025-06-01,09:06,118,Manual,3,72,Completed
HP002728,BR005284,C00023,2025-06-30,01:54,155,Manual,2,72,Completed
HP002729,BR000305,C00027,2025-06-07,06:04,174,Manual,3,77,Completed
HP002730,BR004860,C00029,2025-06-28,00:50,315,Manual,1,68,Completed
HP002731,BR005561,C00024,2025-06-09,05:26,154,Manual,3,71,Completed
HP002732,BR003989,C00073,2025-06-10,09:02,108,Manual,3,72,Completed
HP002733,BR003655,C00024,2025-06-05,17:30,53,Manual,2,61,Completed
HP002734,BR000927,C00100,2025-06-27,11:18,140,Manual,4,70,Completed
HP002735,BR003725,C00055,2025-06-01,10:41,164,Manual,3,52,Completed
HP002736,BR004650,C00007,2025-06-15,15:02,159,Manual,0,83,Completed
HP002737,BR004506,C00097,2025-06-29,11:13,97,Manual,4,60,Completed
HP002738,BR002484,C00083,2025-06-25,06:55,151,Manual,2,47,Completed
HP002739,BR002173,C00032,2025-06-05,05:22,117,Manual,4,81,Completed
HP002740,BR003741,C00083,2025-06-28,07:51,141,Manual,2,63,Completed
HP002741,BR002818,C00026,2025-06-05,17:15,132,Manual,3,49,Completed
HP002742,BR005090,C00057,2025-06-14,01:51,119,Manual,1,84,Completed
HP002743,BR001316,C00058,2025-06-18,18:39,115,Manual,2,63,Completed
HP002744,BR000131,C00081,2025-06-28,15:51,133,Manual,0,85,Completed
HP002745,BR004101,C00080,2025-06-27,02:53,45,Manual,1,61,Completed
HP002746,BR004862,C00082,2025-06-09,05:54,139,Manual,1,55,Completed
HP002747,BR000067,C00008,2025-06-04,17:54,156,Manual,1,71,Completed
HP002748,BR004724,C00007,2025-06-23,12:21,173,Manual,1,62,Completed
HP002749,BR000336,C00055,2025-06-28,07:18,49,Manual,2,66,Completed
HP002750,BR002566,C00032,2025-06-20,04:14,118,Manual,2,48,Completed
HP002751,BR005359,C00041,2025-06-02,05:27,156,Manual,2,66,Completed
HP002752,BR001182,C00008,2025-06-21,11:24,223,Manual,2,45,Completed
HP002753,BR000195,C00004,2025-06-28,12:07,196,Manual,2,70,Completed
HP002754,BR001205,C00093,2025-06-16,09:24,245,Manual,3,66,Completed
HP002755,BR000844,C00069,2025-06-25,10:52,226,Manual,1,60,Completed
HP002756,BR002266,C00088,2025-06-27,17:24,61,Manual,3,61,Completed
HP002757,BR000085,C00056,2025-06-16,18:19,118,Manual,1,73,Completed
HP002758,BR000192,C00017,2025-06-03,10:22,233,Manual,1,83,Completed
HP002759,BR004699,C00078,2025-06-28,04:29,266,Manual,3,74,Completed
HP002760,BR000828,C00002,2025-06-26,06:35,110,Manual,2,50,Completed
HP002761,BR005384,C00068,2025-06-30,04:59,119,Manual,2,47,Completed
HP002762,BR002915,C00065,2025-06-27,13:45,248,Manual,3,85,Completed
HP002763,BR001659,C00028,2025-06-30,07:02,44,Manual,5,67,Completed
HP002764,BR003863,C00044,2025-06-06,18:35,102,Manual,1,65,Completed
HP002765,BR005280,C00065,2025-06-06,06:57,204,Manual,4,47,Completed
HP002766,BR001378,C00030,2025-06-30,07:19,212,Manual,3,75,Completed
HP002767,BR000722,C00077,2025-06-27,09:34,137,Manual,3,69,Completed
HP002768,BR001322,C00042,2025-06-14,09:53,196,Manual,1,52,Completed
HP002769,BR004402,C00020,2025-06-24,11:49,308,Manual,2,77,Completed
HP002770,BR000747,C00055,2025-06-03,08:43,132,Manual,1,52,Completed
HP002771,BR001787,C00056,2025-06-17,04:27,150,Manual,3,55,Completed
HP002772,BR001938,C00026,2025-06-20,03:10,114,Manual,2,61,Completed
HP002773,BR004494,C00029,2025-06-19,13:33,241,Manual,3,64,Completed
HP002774,BR004663,C00049,2025-06-24,13:23,172,Manual,3,55,Completed
HP002775,BR001814,C00063,2025-06-12,05:09,47,Manual,2,85,Completed
HP002776,BR001650,C00068,2025-06-18,17:04,161,Manual,1,79,Completed
HP002777,BR003304,C00041,2025-06-08,08:25,136,Manual,4,60,Completed
HP002778,BR000918,C00098,2025-06-29,17:39,200,Manual,4,45,Completed
HP002779,BR004303,C00006,2025-06-20,15:15,143,Manual,2,60,Completed
HP002780,BR003550,C00071,2025-06-02,02:22,106,Manual,0,56,Completed
HP002781,BR001744,C00054,2025-06-27,04:49,174,Manual,3,47,Completed
HP002782,BR001025,C00013,2025-06-08,19:03,239,Manual,2,61,Completed
HP002783,BR001386,C00047,2025-06-23,12:56,127,Manual,1,67,Completed
HP002784,BR005145,C00026,2025-06-07,13:48,108,Manual,0,74,Completed
HP002785,BR001338,C00019,2025-06-24,16:48,166,Manual,2,75,Completed
HP002786,BR003375,C00080,2025-06-22,02:06,173,Manual,2,73,Completed
HP002787,BR001981,C00031,2025-06-25,12:05,137,Manual,5,85,Completed
HP002788,BR001781,C00053,2025-06-29,12:59,121,Manual,4,69,Completed
HP002789,BR001925,C00099,2025-06-13,15:39,133,Manual,1,62,Completed
HP002790,BR005847,C00013,2025-06-07,09:54,188,Manual,1,51,Completed
HP002791,BR005920,C00079,2025-06-08,08:53,193,Manual,2,69,Completed
HP002792,BR003463,C00097,2025-06-18,01:45,44,Manual,4,65,Completed
HP002793,BR002274,C00008,2025-06-19,16:22,161,Manual,2,46,Completed
HP002794,BR001840,C00033,2025-06-24,02:32,195,Manual,0,75,Completed
HP002795,BR002964,C00071,2025-06-12,15:54,287,Manual,1,54,Completed
HP002796,BR001644,C00026,2025-06-28,02:25,71,Manual,2,47,Completed
HP002797,BR000714,C00010,2025-06-16,08:27,43,Manual,0,47,Completed
HP002798,BR001805,C00084,2025-06-18,08:20,243,Manual,3,78,Completed
HP002799,BR002189,C00041,2025-06-19,14:03,200,Manual,3,79,Completed
HP002800,BR004019,C00048,2025-06-05,17:59,101,Manual,3,75,Completed
HP002801,BR003476,C00062,2025-06-23,06:14,189,Manual,3,57,Completed
HP002802,BR005520,C00064,2025-06-20,19:44,187,Manual,0,63,Completed
HP002803,BR005457,C00023,2025-06-26,14:41,168,Manual,2,71,Completed
HP002804,BR005396,C00090,2025-06-21,00:30,62,Manual,1,73,Completed
HP002805,BR003517,C00094,2025-06-17,01:02,162,Manual,2,47,Completed
HP002806,BR005513,C00068,2025-06-08,00:35,263,Manual,1,45,Completed
HP002807,BR001173,C00045,2025-06-09,11:49,192,Manual,2,70,Completed
HP002808,BR001564,C00097,2025-06-27,03:02,135,Manual,1,81,Completed
HP002809,BR001214,C00088,2025-06-02,15:23,101,Manual,2,83,Completed
HP002810,BR000510,C00085,2025-06-06,14:12,178,Manual,2,81,Completed
HP002811,BR005371,C00078,2025-06-05,17:07,240,Manual,2,69,Completed
HP002812,BR001485,C00025,2025-06-07,01:47,107,Manual,3,69,Completed
HP002813,BR004226,C00048,2025-06-22,15:10,151,Manual,2,50,Completed
HP002814,BR003137,C00004,2025-06-18,11:49,155,Manual,1,66,Completed
HP002815,BR005068,C00016,2025-06-23,05:26,153,Manual,0,75,Completed
HP002816,BR000536,C00019,2025-06-04,07:39,34,Manual,4,65,Completed
HP002817,BR001920,C00045,2025-06-03,15:12,177,Manual,5,71,Completed
HP002818,BR003050,C00080,2025-06-08,13:58,178,Manual,1,68,Completed
HP002819,BR005743,C00071,2025-06-19,18:50,150,Manual,0,51,Completed
HP002820,BR003326,C00069,2025-06-30,03:29,73,Manual,0,49,Completed
HP002821,BR005749,C00066,2025-06-18,02:13,105,Manual,1,48,Completed
HP002822,BR005854,C00005,2025-06-16,13:32,135,Manual,2,76,Completed
HP002823,BR004008,C00014,2025-06-24,05:28,219,Manual,2,76,Completed
HP002824,BR005108,C00051,2025-06-30,03:16,172,Manual,2,82,Completed
HP002825,BR003224,C00082,2025-06-22,03:25,185,Manual,1,84,Completed
HP002826,BR002532,C00027,2025-06-10,15:40,57,Manual,2,80,Completed
HP002827,BR003639,C00098,2025-06-28,03:38,267,Manual,2,60,Completed
HP002828,BR001914,C00060,2025-06-20,19:35,102,Manual,3,80,Completed
HP002829,BR002533,C00092,2025-06-18,13:29,116,Manual,1,66,Completed
HP002830,BR005551,C00066,2025-06-20,14:02,198,Manual,2,73,Completed
HP002831,BR002445,C00047,2025-06-11,13:59,223,Manual,4,58,Completed
HP002832,BR005121,C00032,2025-06-13,00:43,188,Manual,4,75,Completed
HP002833,BR003590,C00059,2025-06-21,05:12,271,Manual,1,52,Completed
HP002834,BR005634,C00088,2025-06-20,16:28,74,Manual,2,75,Completed
HP002835,BR005580,C00032,2025-06-19,08:22,78,Manual,2,78,Completed
HP002836,BR005104,C00078,2025-06-23,13:24,52,Manual,1,63,Completed
HP002837,BR004005,C00041,2025-06-26,00:18,56,Manual,4,70,Completed
HP002838,BR000757,C00025,2025-06-12,02:07,279,Manual,2,79,Completed
HP002839,BR000019,C00003,2025-06-28,09:14,43,Manual,1,63,Completed
HP002840,BR000842,C00092,2025-06-19,18:31,167,Manual,1,53,Completed
HP002841,BR004089,C00011,2025-06-02,09:12,90,Manual,1,64,Completed
HP002842,BR002858,C00006,2025-06-03,03:29,70,Manual,1,55,Completed
HP002843,BR004505,C00034,2025-06-02,17:11,124,Manual,1,58,Completed
HP002844,BR004416,C00018,2025-06-21,17:47,200,Manual,2,67,Completed
HP002845,BR003934,C00089,2025-06-19,14:52,114,Manual,1,75,Completed
HP002846,BR003072,C00085,2025-06-28,00:28,327,Manual,2,49,Completed
HP002847,BR003698,C00001,2025-06-15,14:01,221,Manual,2,63,Completed
HP002848,BR000178,C00039,2025-06-04,03:50,48,Manual,2,47,Completed
HP002849,BR000083,C00036,2025-06-09,14:49,133,Manual,3,85,Completed
HP002850,BR001582,C00062,2025-06-23,01:53,169,Manual,3,62,Completed
HP002851,BR003530,C00079,2025-06-21,08:47,207,Manual,2,77,Completed
HP002852,BR000369,C00098,2025-06-07,07:26,243,Manual,1,81,Completed
HP002853,BR004446,C00035,2025-06-03,03:28,73,Manual,2,47,Completed
HP002854,BR002671,C00026,2025-06-03,19:02,58,Manual,2,57,Completed
HP002855,BR004832,C00019,2025-06-21,14:59,54,Manual,2,63,Completed
HP002856,BR002573,C00029,2025-06-22,02:31,70,Manual,0,57,Completed
HP002857,BR003695,C00041,2025-06-06,04:01,306,Manual,3,72,Completed
HP002858,BR003233,C00100,2025-06-10,09:15,156,Manual,3,55,Completed
HP002859,BR005992,C00090,2025-06-26,03:14,167,Manual,0,69,Completed
HP002860,BR003087,C00043,2025-06-02,16:02,122,Manual,2,69,Completed
HP002861,BR002477,C00015,2025-06-15,13:48,219,Manual,1,53,Completed
HP002862,BR000430,C00028,2025-06-12,14:05,134,Manual,2,45,Completed
HP002863,BR005506,C00056,2025-06-19,02:00,62,Manual,2,49,Completed
HP002864,BR005344,C00070,2025-06-13,06:20,133,Manual,0,75,Completed
HP002865,BR005027,C00095,2025-06-17,14:04,173,Manual,0,75,Completed
HP002866,BR000963,C00008,2025-06-04,03:25,37,Manual,1,74,Completed
HP002867,BR001361,C00019,2025-06-11,16:18,205,Manual,2,70,Completed
HP002868,BR003329,C00042,2025-06-07,07:04,248,Manual,1,82,Completed
HP002869,BR002081,C00081,2025-06-09,02:38,74,Manual,1,66,Completed
HP002870,BR001943,C00080,2025-06-08,12:42,150,Manual,2,77,Completed
HP002871,BR000838,C00063,2025-06-09,02:23,227,Manual,2,83,Completed
HP002872,BR005205,C00009,2025-06-02,09:35,176,Manual,0,56,Completed
HP002873,BR002396,C00080,2025-06-06,04:11,211,Manual,3,67,Completed
HP002874,BR005481,C00055,2025-06-07,05:16,208,Manual,1,50,Completed
HP002875,BR001032,C00094,2025-06-20,17:52,144,Manual,1,67,Completed
HP002876,BR004789,C00019,2025-06-28,07:41,104,Manual,0,66,Completed
HP002877,BR001272,C00044,2025-06-06,18:33,84,Manual,0,56,Completed
HP002878,BR003234,C00037,2025-06-22,06:16,216,Manual,5,71,Completed
HP002879,BR004554,C00031,2025-06-06,16:14,82,Manual,0,55,Completed
HP002880,BR005004,C00044,2025-06-10,07:32,57,Manual,2,84,Completed
HP002881,BR005765,C00003,2025-06-24,05:06,128,Manual,4,67,Completed
HP002882,BR002667,C00032,2025-06-04,19:44,145,Manual,2,67,Completed
HP002883,BR005404,C00074,2025-06-06,06:37,127,Manual,1,62,Completed
HP002884,BR004208,C00027,2025-06-10,16:59,138,Manual,2,59,Completed
HP002885,BR001077,C00030,2025-06-06,04:57,122,Manual,3,70,Completed
HP002886,BR005318,C00098,2025-06-08,01:34,97,Manual,3,81,Completed
HP002887,BR002629,C00097,2025-06-02,01:43,88,Manual,1,57,Completed
HP002888,BR004894,C00092,2025-06-16,13:29,43,Manual,2,48,Completed
HP002889,BR004936,C00051,2025-06-10,02:16,87,Manual,2,78,Completed
HP002890,BR003538,C00092,2025-06-13,05:55,187,Manual,2,55,Completed
HP002891,BR000532,C00006,2025-06-24,04:41,134,Manual,2,70,Completed
HP002892,BR005523,C00099,2025-06-24,12:21,169,Manual,2,85,Completed
HP002893,BR004054,C00020,2025-06-12,00:54,149,Manual,2,65,Completed
HP002894,BR001075,C00064,2025-06-26,19:38,169,Manual,1,64,Completed
HP002895,BR000453,C00028,2025-06-13,02:02,168,Manual,3,80,Completed
HP002896,BR005319,C00087,2025-06-03,15:29,167,Manual,2,50,Completed
HP002897,BR002826,C00006,2025-06-09,04:47,302,Manual,1,51,Completed
HP002898,BR004025,C00026,2025-06-06,15:45,240,Manual,4,58,Completed
HP002899,BR000276,C00024,2025-06-23,18:56,268,Manual,2,84,Completed
HP002900,BR004543,C00022,2025-06-10,06:38,83,Manual,2,84,Completed
HP002901,BR004274,C00035,2025-06-04,09:34,221,Manual,1,77,Completed
HP002902,BR003482,C00076,2025-06-24,08:37,218,Manual,0,76,Completed
HP002903,BR005038,C00092,2025-06-30,00:10,113,Manual,1,62,Completed
HP002904,BR003150,C00096,2025-06-09,03:26,213,Manual,3,77,Completed
HP002905,BR000683,C00071,2025-06-20,19:11,245,Manual,2,64,Completed
HP002906,BR003786,C00029,2025-06-18,13:14,286,Manual,0,73,Completed
HP002907,BR005784,C00086,2025-06-26,14:19,221,Manual,1,81,Completed
HP002908,BR002862,C00039,2025-06-25,02:18,58,Manual,3,81,Completed
HP002909,BR005488,C00014,2025-06-30,05:32,216,Manual,4,76,Completed
HP002910,BR004734,C00051,2025-06-02,11:32,123,Manual,4,76,Completed
HP002911,BR004534,C00015,2025-06-20,11:13,181,Manual,1,52,Completed
HP002912,BR005872,C00073,2025-06-17,04:40,208,Manual,2,51,Completed
HP002913,BR000313,C00038,2025-06-22,02:43,86,Manual,1,67,Completed
HP002914,BR003425,C00061,2025-06-22,19:28,87,Manual,0,74,Completed
HP002915,BR002983,C00011,2025-06-30,04:28,193,Manual,0,74,Completed
HP002916,BR005617,C00088,2025-06-26,13:16,82,Manual,0,63,Completed
HP002917,BR004731,C00095,2025-06-20,01:25,112,Manual,1,76,Completed
HP002918,BR005642,C00089,2025-06-07,12:47,123,Manual,0,59,Completed
HP002919,BR004326,C00018,2025-06-06,06:39,82,Manual,2,79,Completed
HP002920,BR004726,C00094,2025-06-10,00:55,87,Manual,6,76,Completed
HP002921,BR004435,C00023,2025-06-05,18:30,61,Manual,3,58,Completed
HP002922,BR005764,C00081,2025-06-07,10:01,88,Manual,2,71,Completed
HP002923,BR001157,C00058,2025-06-27,03:56,167,Manual,0,49,Completed
HP002924,BR001504,C00069,2025-06-24,10:34,69,Manual,1,49,Completed
HP002925,BR000023,C00042,2025-06-22,14:55,287,Manual,1,59,Completed
HP002926,BR003238,C00012,2025-06-14,17:07,148,Manual,0,60,Completed
HP002927,BR000713,C00006,2025-06-06,06:33,132,Manual,3,83,Completed
HP002928,BR002430,C00038,2025-06-05,15:10,125,Manual,2,61,Completed
HP002929,BR003210,C00024,2025-06-20,19:16,85,Manual,3,70,Completed
HP002930,BR002585,C00018,2025-06-08,04:28,202,Manual,0,53,Completed
HP002931,BR000366,C00086,2025-06-09,03:50,195,Manual,2,69,Completed
HP002932,BR005363,C00056,2025-06-03,17:36,95,Manual,3,52,Completed
HP002933,BR005885,C00044,2025-06-27,08:53,137,Manual,1,71,Completed
HP002934,BR000353,C00060,2025-06-13,00:30,175,Manual,0,69,Completed
HP002935,BR003603,C00078,2025-06-16,05:54,210,Manual,5,81,Completed
HP002936,BR001016,C00069,2025-06-28,00:01,282,Manual,3,45,Completed
HP002937,BR003116,C00012,2025-06-17,17:43,263,Manual,5,74,Completed
HP002938,BR005734,C00077,2025-06-28,04:35,215,Manual,3,81,Completed
HP002939,BR000709,C00041,2025-06-24,17:48,82,Manual,1,51,Completed
HP002940,BR004629,C00002,2025-06-21,14:29,211,Manual,2,46,Completed
HP002941,BR004107,C00073,2025-06-25,15:25,87,Manual,4,79,Completed
HP002942,BR005663,C00053,2025-06-26,02:22,143,Manual,1,58,Completed
HP002943,BR003340,C00024,2025-06-13,11:54,95,Manual,1,82,Completed
HP002944,BR004382,C00019,2025-06-26,03:14,109,Manual,3,51,Completed
HP002945,BR002469,C00068,2025-06-18,13:36,90,Manual,1,63,Completed
HP002946,BR001239,C00076,2025-06-15,06:41,176,Manual,2,76,Completed
HP002947,BR002615,C00100,2025-06-04,13:11,149,Manual,1,83,Completed
HP002948,BR002853,C00088,2025-06-22,16:09,159,Manual,4,46,Completed
HP002949,BR002522,C00039,2025-06-10,12:04,52,Manual,2,78,Completed
HP002950,BR002473,C00019,2025-06-17,03:54,75,Manual,1,61,Completed
HP002951,BR000280,C00027,2025-06-01,06:28,121,Manual,1,56,Completed
HP002952,BR005028,C00053,2025-06-19,03:31,126,Manual,2,60,Completed
HP002953,BR004949,C00068,2025-06-07,05:23,163,Manual,1,76,Completed
HP002954,BR000409,C00022,2025-06-15,00:32,111,Manual,3,70,Completed
HP002955,BR002222,C00012,2025-06-11,18:23,253,Manual,2,66,Completed
HP002956,BR000114,C00047,2025-06-04,00:41,71,Manual,2,74,Completed
HP002957,BR001651,C00078,2025-06-22,16:44,202,Manual,2,48,Completed
HP002958,BR002912,C00065,2025-06-15,02:31,128,Manual,1,60,Completed
HP002959,BR001133,C00032,2025-06-24,16:28,72,Manual,3,52,Completed
HP002960,BR002184,C00070,2025-06-04,00:39,203,Manual,1,54,Completed
HP002961,BR004740,C00011,2025-06-25,05:43,71,Manual,0,79,Completed
HP002962,BR005737,C00022,2025-06-17,07:47,199,Manual,1,80,Completed
HP002963,BR001208,C00040,2025-06-10,10:41,228,Manual,3,71,Completed
HP002964,BR003963,C00003,2025-06-10,05:47,80,Manual,2,47,Completed
HP002965,BR003916,C00033,2025-06-04,18:30,108,Manual,1,53,Completed
HP002966,BR005495,C00072,2025-06-03,01:28,183,Manual,1,79,Completed
HP002967,BR004910,C00083,2025-06-13,08:37,128,Manual,4,63,Completed
HP002968,BR002781,C00043,2025-06-13,03:40,209,Manual,0,72,Completed
HP002969,BR003334,C00052,2025-06-01,04:53,104,Manual,5,60,Completed
HP002970,BR005469,C00085,2025-06-20,19:32,123,Manual,2,78,Completed
HP002971,BR004900,C00086,2025-06-06,02:51,125,Manual,1,60,Completed
HP002972,BR005960,C00042,2025-06-18,07:48,83,Manual,1,65,Completed
HP002973,BR001994,C00049,2025-06-22,07:48,142,Manual,1,71,Completed
HP002974,BR000325,C00095,2025-06-14,10:11,122,Manual,0,79,Completed
HP002975,BR005673,C00010,2025-06-04,08:50,123,Manual,2,85,Completed
HP002976,BR003960,C00023,2025-06-11,04:04,345,Manual,1,45,Completed
HP002977,BR005857,C00068,2025-06-30,09:34,70,Manual,2,72,Completed
HP002978,BR001320,C00041,2025-06-15,03:19,217,Manual,0,66,Completed
HP002979,BR003780,C00086,2025-06-16,16:00,221,Manual,2,80,Completed
HP002980,BR001053,C00031,2025-06-13,16:51,352,Manual,1,59,Completed
HP002981,BR004637,C00021,2025-06-30,03:58,187,Manual,3,73,Completed
HP002982,BR003808,C00040,2025-06-15,11:40,269,Manual,0,60,Completed
HP002983,BR001724,C00058,2025-06-13,15:53,210,Manual,4,67,Completed
HP002984,BR002137,C00058,2025-06-02,10:38,53,Manual,0,55,Completed
HP002985,BR002190,C00001,2025-06-07,06:57,135,Manual,1,45,Completed
HP002986,BR004456,C00065,2025-06-07,08:04,204,Manual,2,62,Completed
HP002987,BR003263,C00077,2025-06-29,05:00,294,Manual,1,53,Completed
HP002988,BR005630,C00100,2025-06-24,17:00,243,Manual,2,66,Completed
HP002989,BR000580,C00018,2025-06-14,09:57,186,Manual,4,54,Completed
HP002990,BR004099,C00033,2025-06-23,02:09,46,Manual,3,68,Completed
HP002991,BR005837,C00010,2025-06-04,18:39,41,Manual,3,56,Completed
HP002992,BR003931,C00099,2025-06-19,03:55,270,Manual,2,70,Completed
HP002993,BR000559,C00047,2025-06-16,05:41,82,Manual,0,83,Completed
HP002994,BR000355,C00072,2025-06-30,18:30,249,Manual,1,48,Completed
HP002995,BR001229,C00050,2025-06-05,02:22,57,Manual,0,58,Completed
HP002996,BR002732,C00038,2025-06-12,05:50,68,Manual,3,70,Completed
HP002997,BR005282,C00098,2025-06-08,11:43,97,Manual,1,45,Completed
HP002998,BR005994,C00084,2025-06-25,17:23,141,Manual,2,81,Completed
HP002999,BR004742,C00066,2025-06-14,00:56,137,Manual,1,59,Completed
HP003000,BR005192,C00021,2025-06-21,00:31,262,Manual,2,53,Completed
HP003001,BR004319,C00057,2025-06-18,08:52,93,Manual,0,53,Completed
HP003002,BR003126,C00042,2025-06-08,16:26,235,Manual,0,62,Completed
HP003003,BR001036,C00095,2025-06-12,02:15,96,Manual,2,65,Completed
HP003004,BR004480,C00078,2025-06-28,10:11,250,Manual,2,55,Completed
HP003005,BR000243,C00028,2025-06-06,15:33,163,Manual,0,57,Completed
HP003006,BR000112,C00082,2025-06-18,06:02,140,Manual,1,77,Completed
HP003007,BR005762,C00037,2025-06-07,14:03,222,Manual,3,78,Completed
HP003008,BR000320,C00057,2025-06-16,19:29,315,Manual,1,57,Completed
HP003009,BR002518,C00048,2025-06-28,09:46,264,Manual,1,63,Completed
HP003010,BR002944,C00057,2025-06-01,00:33,101,Manual,0,83,Completed
HP003011,BR004167,C00093,2025-06-01,13:23,252,Manual,2,58,Completed
HP003012,BR001610,C00047,2025-06-22,16:19,88,Manual,1,47,Completed
HP003013,BR003943,C00013,2025-06-12,13:01,34,Manual,1,81,Completed
HP003014,BR004750,C00071,2025-06-14,02:05,135,Manual,3,78,Completed
HP003015,BR005266,C00031,2025-06-26,03:20,171,Manual,3,47,Completed
HP003016,BR003845,C00018,2025-06-09,17:04,132,Manual,1,69,Completed
HP003017,BR005164,C00002,2025-06-06,11:22,111,Manual,1,69,Completed
HP003018,BR004582,C00074,2025-06-02,09:36,122,Manual,2,77,Completed
HP003019,BR001469,C00043,2025-06-28,18:00,101,Manual,4,66,Completed
HP003020,BR003973,C00077,2025-06-29,17:31,141,Manual,2,85,Completed
HP003021,BR001706,C00060,2025-06-27,19:55,164,Manual,2,74,Completed
HP003022,BR004684,C00098,2025-06-14,17:15,135,Manual,0,79,Completed
HP003023,BR000531,C00003,2025-06-23,19:54,155,Manual,2,52,Completed
HP003024,BR000625,C00024,2025-06-02,10:50,232,Manual,1,70,Completed
HP003025,BR000432,C00056,2025-06-06,15:05,92,Manual,1,69,Completed
HP003026,BR003636,C00086,2025-06-18,17:30,204,Manual,2,59,Completed
HP003027,BR005156,C00041,2025-06-15,05:10,216,Manual,4,55,Completed
HP003028,BR002851,C00033,2025-06-03,17:55,177,Manual,1,62,Completed
HP003029,BR004074,C00019,2025-06-09,14:08,240,Manual,3,82,Completed
HP003030,BR005736,C00091,2025-06-25,17:17,152,Manual,4,48,Completed
HP003031,BR001571,C00032,2025-06-25,14:18,138,Manual,2,51,Completed
HP003032,BR000750,C00036,2025-06-09,17:16,35,Manual,0,74,Completed
HP003033,BR004767,C00086,2025-06-06,01:57,86,Manual,1,50,Completed
HP003034,BR001132,C00014,2025-06-24,08:18,147,Manual,2,66,Completed
HP003035,BR004032,C00037,2025-06-18,14:57,127,Manual,4,48,Completed
HP003036,BR002319,C00065,2025-06-26,14:15,141,Manual,1,78,Completed
HP003037,BR003600,C00029,2025-06-02,06:41,136,Manual,4,52,Completed
HP003038,BR004384,C00053,2025-06-05,16:12,136,Manual,2,69,Completed
HP003039,BR004747,C00058,2025-06-15,06:55,109,Manual,0,56,Completed
HP003040,BR003785,C00033,2025-06-09,03:20,191,Manual,0,57,Completed
HP003041,BR002321,C00038,2025-06-28,02:06,152,Manual,2,81,Completed
HP003042,BR005887,C00029,2025-06-22,09:05,102,Manual,1,56,Completed
HP003043,BR004853,C00069,2025-06-30,13:36,194,Manual,1,77,Completed
HP003044,BR000174,C00061,2025-06-30,00:03,123,Manual,1,57,Completed
HP003045,BR000356,C00018,2025-06-02,16:56,158,Manual,1,48,Completed
HP003046,BR004613,C00024,2025-06-16,15:22,189,Manual,1,75,Completed
HP003047,BR002328,C00023,2025-06-09,08:04,142,Manual,2,70,Completed
HP003048,BR005406,C00031,2025-06-17,10:10,58,Manual,1,77,Completed
HP003049,BR004006,C00092,2025-06-18,05:26,72,Manual,2,53,Completed
HP003050,BR002531,C00009,2025-06-24,14:46,206,Manual,1,77,Completed
HP003051,BR002579,C00065,2025-06-10,05:17,296,Manual,0,69,Completed
HP003052,BR001035,C00041,2025-06-24,14:53,144,Manual,1,52,Completed
HP003053,BR002004,C00050,2025-06-01,10:38,145,Manual,1,63,Completed
HP003054,BR001021,C00083,2025-06-28,12:03,202,Manual,3,47,Completed
HP003055,BR001362,C00065,2025-06-05,17:51,219,Manual,2,58,Completed
HP003056,BR001916,C00016,2025-06-18,17:51,138,Manual,1,71,Completed
HP003057,BR005805,C00009,2025-06-05,05:49,73,Manual,3,53,Completed
HP003058,BR005155,C00082,2025-06-30,17:43,213,Manual,2,76,Completed
HP003059,BR003013,C00067,2025-06-11,05:14,96,Manual,3,80,Completed
HP003060,BR004340,C00088,2025-06-27,13:30,43,Manual,0,54,Completed
HP003061,BR001552,C00048,2025-06-02,18:02,142,Manual,0,79,Completed
HP003062,BR000592,C00085,2025-06-07,10:39,185,Manual,1,73,Completed
HP003063,BR002831,C00062,2025-06-03,04:00,212,Manual,2,83,Completed
HP003064,BR005253,C00020,2025-06-03,09:18,159,Manual,1,81,Completed
HP003065,BR003701,C00037,2025-06-09,11:38,255,Manual,1,82,Completed
HP003066,BR000958,C00017,2025-06-29,14:42,162,Manual,4,63,Completed
HP003067,BR005382,C00023,2025-06-03,15:23,228,Manual,4,72,Completed
HP003068,BR000572,C00056,2025-06-23,12:56,133,Manual,0,48,Completed
HP003069,BR003182,C00028,2025-06-01,06:57,106,Manual,1,62,Completed
HP003070,BR001407,C00013,2025-06-25,13:25,262,Manual,0,80,Completed
HP003071,BR004541,C00038,2025-06-13,03:17,119,Manual,1,48,Completed
HP003072,BR005498,C00055,2025-06-26,08:25,90,Manual,4,79,Completed
HP003073,BR005099,C00009,2025-06-15,19:57,167,Manual,1,84,Completed
HP003074,BR004195,C00081,2025-06-17,13:31,128,Manual,2,76,Completed
HP003075,BR005895,C00090,2025-06-10,19:34,74,Manual,2,46,Completed
HP003076,BR000557,C00055,2025-06-18,17:37,98,Manual,2,72,Completed
HP003077,BR000991,C00030,2025-06-12,17:17,128,Manual,0,51,Completed
HP003078,BR001929,C00030,2025-06-12,19:08,115,Manual,3,84,Completed
HP003079,BR002595,C00001,2025-06-13,17:26,216,Manual,1,68,Completed
HP003080,BR002753,C00047,2025-06-22,10:24,228,Manual,3,78,Completed
HP003081,BR004378,C00042,2025-06-13,06:35,258,Manual,0,62,Completed
HP003082,BR002255,C00060,2025-06-29,19:14,134,Manual,2,52,Completed
HP003083,BR000616,C00069,2025-06-04,15:31,270,Manual,1,59,Completed
HP003084,BR000779,C00028,2025-06-04,06:40,131,Manual,3,62,Completed
HP003085,BR004958,C00083,2025-06-21,11:27,199,Manual,3,80,Completed
HP003086,BR005725,C00062,2025-06-20,18:36,60,Manual,3,84,Completed
HP003087,BR001906,C00008,2025-06-04,07:30,55,Manual,2,65,Completed
HP003088,BR002534,C00072,2025-06-16,06:45,265,Manual,2,58,Completed
HP003089,BR004657,C00019,2025-06-06,16:43,256,Manual,0,59,Completed
HP003090,BR001139,C00071,2025-06-06,10:30,199,Manual,1,58,Completed
HP003091,BR001143,C00059,2025-06-30,17:06,168,Manual,1,73,Completed
HP003092,BR005401,C00005,2025-06-07,18:32,96,Manual,2,72,Completed
HP003093,BR001292,C00056,2025-06-11,06:47,152,Manual,1,68,Completed
HP003094,BR004120,C00088,2025-06-28,06:37,126,Manual,6,83,Completed
HP003095,BR003801,C00065,2025-06-10,18:24,136,Manual,0,61,Completed
HP003096,BR000849,C00043,2025-06-04,03:35,138,Manual,2,83,Completed
HP003097,BR001859,C00032,2025-06-29,14:33,147,Manual,3,67,Completed
HP003098,BR002910,C00025,2025-06-16,18:22,129,Manual,1,58,Completed
HP003099,BR002231,C00097,2025-06-24,15:52,119,Manual,0,64,Completed
HP003100,BR002207,C00050,2025-06-20,08:58,242,Manual,4,83,Completed
HP003101,BR004815,C00068,2025-06-28,15:59,77,Manual,3,84,Completed
HP003102,BR004015,C00012,2025-06-26,06:24,191,Manual,0,46,Completed
HP003103,BR002416,C00071,2025-06-24,14:33,227,Manual,0,59,Completed
HP003104,BR004673,C00025,2025-06-03,00:51,158,Manual,0,78,Completed
HP003105,BR005744,C00091,2025-06-01,19:24,117,Manual,2,58,Completed
HP003106,BR002429,C00092,2025-06-08,01:30,122,Manual,0,45,Completed
HP003107,BR004766,C00100,2025-06-01,04:21,62,Manual,2,52,Completed
HP003108,BR004981,C00037,2025-06-17,00:37,97,Manual,1,67,Completed
HP003109,BR004440,C00046,2025-06-20,10:51,71,Manual,2,83,Completed
HP003110,BR001400,C00045,2025-06-05,08:52,181,Manual,0,72,Completed
HP003111,BR003559,C00012,2025-06-17,11:40,96,Manual,2,57,Completed
HP003112,BR004823,C00052,2025-06-15,01:09,82,Manual,0,61,Completed
HP003113,BR003821,C00034,2025-06-10,04:45,125,Manual,2,57,Completed
HP003114,BR002809,C00042,2025-06-21,16:34,170,Manual,5,45,Completed
HP003115,BR004225,C00086,2025-06-26,09:30,117,Manual,3,77,Completed
HP003116,BR002507,C00023,2025-06-11,03:46,162,Manual,4,65,Completed
HP003117,BR002813,C00030,2025-06-21,11:35,145,Manual,1,77,Completed
HP003118,BR002096,C00080,2025-06-23,03:36,115,Manual,1,64,Completed
HP003119,BR005206,C00088,2025-06-07,03:38,115,Manual,3,62,Completed
HP003120,BR000944,C00086,2025-06-26,14:36,155,Manual,1,46,Completed
HP003121,BR005880,C00084,2025-06-19,00:20,143,Manual,1,55,Completed
HP003122,BR003025,C00061,2025-06-11,17:33,140,Manual,3,62,Completed
HP003123,BR000916,C00065,2025-06-27,00:18,301,Manual,1,80,Completed
HP003124,BR001608,C00003,2025-06-23,14:48,157,Manual,3,75,Completed
HP003125,BR003745,C00092,2025-06-21,19:54,205,Manual,0,69,Completed
HP003126,BR002495,C00075,2025-06-21,14:53,195,Manual,3,68,Completed
HP003127,BR002545,C00054,2025-06-14,11:36,240,Manual,1,45,Completed
HP003128,BR002748,C00017,2025-06-23,03:03,91,Manual,0,49,Completed
HP003129,BR005160,C00071,2025-06-19,00:54,93,Manual,1,82,Completed
HP003130,BR001072,C00075,2025-06-16,09:18,116,Manual,1,66,Completed
HP003131,BR005211,C00089,2025-06-20,07:06,242,Manual,2,48,Completed
HP003132,BR004540,C00041,2025-06-14,17:21,106,Manual,1,45,Completed
HP003133,BR004736,C00048,2025-06-01,14:05,97,Manual,1,52,Completed
HP003134,BR004486,C00039,2025-06-19,11:49,198,Manual,3,62,Completed
HP003135,BR003551,C00004,2025-06-17,13:04,230,Manual,1,59,Completed
HP003136,BR002698,C00051,2025-06-30,15:20,76,Manual,1,83,Completed
HP003137,BR005231,C00058,2025-06-16,13:33,172,Manual,2,79,Completed
HP003138,BR002460,C00053,2025-06-19,07:39,165,Manual,0,76,Completed
HP003139,BR003584,C00006,2025-06-12,03:33,144,Manual,1,51,Completed
HP003140,BR000485,C00071,2025-06-01,02:08,45,Manual,2,81,Completed
HP003141,BR002790,C00076,2025-06-21,14:15,273,Manual,3,76,Completed
HP003142,BR003968,C00071,2025-06-01,04:42,88,Manual,1,58,Completed
HP003143,BR000141,C00053,2025-06-11,11:48,72,Manual,1,72,Completed
HP003144,BR001974,C00089,2025-06-20,01:53,80,Manual,1,64,Completed
HP003145,BR001991,C00011,2025-06-03,04:31,93,Manual,2,79,Completed
HP003146,BR005753,C00082,2025-06-03,01:02,176,Manual,0,47,Completed
HP003147,BR000299,C00056,2025-06-06,17:55,101,Manual,3,45,Completed
HP003148,BR002705,C00098,2025-06-03,16:13,161,Manual,4,72,Completed
HP003149,BR005091,C00094,2025-06-28,00:36,82,Manual,4,58,Completed
HP003150,BR001308,C00035,2025-06-11,19:05,255,Manual,1,80,Completed
HP003151,BR001563,C00062,2025-06-09,12:10,312,Manual,0,82,Completed
HP003152,BR004939,C00014,2025-06-28,12:18,99,Manual,3,57,Completed
HP003153,BR001801,C00042,2025-06-27,08:52,99,Manual,4,50,Completed
HP003154,BR004977,C00098,2025-06-28,07:05,162,Manual,0,50,Completed
HP003155,BR005012,C00047,2025-06-28,02:55,195,Manual,0,48,Completed
HP003156,BR001737,C00097,2025-06-16,01:29,81,Manual,2,85,Completed
HP003157,BR001235,C00019,2025-06-13,19:38,112,Manual,1,85,Completed
HP003158,BR001499,C00092,2025-06-27,07:42,117,Manual,1,55,Completed
HP003159,BR003195,C00054,2025-06-02,17:47,96,Manual,1,47,Completed
HP003160,BR004124,C00058,2025-06-09,08:22,91,Manual,1,69,Completed
HP003161,BR001972,C00036,2025-06-15,10:40,44,Manual,0,48,Completed
HP003162,BR000314,C00066,2025-06-29,17:37,137,Manual,4,83,Completed
HP003163,BR002578,C00048,2025-06-29,16:06,223,Manual,7,57,Completed
HP003164,BR002974,C00024,2025-06-15,13:46,62,Manual,2,75,Completed
HP003165,BR004808,C00094,2025-06-05,18:44,115,Manual,1,77,Completed
HP003166,BR000841,C00018,2025-06-30,16:26,215,Manual,2,63,Completed
HP003167,BR001676,C00053,2025-06-17,03:14,91,Manual,1,66,Completed
HP003168,BR001121,C00064,2025-06-26,08:48,79,Manual,2,66,Completed
HP003169,BR004593,C00029,2025-06-11,01:13,126,Manual,0,59,Completed
HP003170,BR002711,C00034,2025-06-16,06:46,114,Manual,1,85,Completed
HP003171,BR000972,C00009,2025-06-30,04:07,170,Manual,2,53,Completed
HP003172,BR000237,C00067,2025-06-03,06:24,173,Manual,5,79,Completed
HP003173,BR000934,C00051,2025-06-27,13:59,235,Manual,3,63,Completed
HP003174,BR004751,C00030,2025-06-08,15:05,138,Manual,1,59,Completed
HP003175,BR001256,C00042,2025-06-25,08:11,159,Manual,2,83,Completed
HP003176,BR000897,C00085,2025-06-06,14:47,124,Manual,4,56,Completed
HP003177,BR005435,C00064,2025-06-03,09:15,131,Manual,1,47,Completed
HP003178,BR005415,C00017,2025-06-15,12:21,223,Manual,0,49,Completed
HP003179,BR001730,C00061,2025-06-13,00:10,176,Manual,2,62,Completed
HP003180,BR005390,C00034,2025-06-26,15:18,109,Manual,1,54,Completed
HP003181,BR002382,C00042,2025-06-24,05:41,220,Manual,0,52,Completed
HP003182,BR003006,C00085,2025-06-30,15:55,63,Manual,1,65,Completed
HP003183,BR004277,C00098,2025-06-29,18:09,195,Manual,3,47,Completed
HP003184,BR005394,C00048,2025-06-16,05:53,50,Manual,2,51,Completed
HP003185,BR004967,C00057,2025-06-12,04:49,40,Manual,1,84,Completed
HP003186,BR003160,C00077,2025-06-29,17:47,117,Manual,5,77,Completed
HP003187,BR004518,C00016,2025-06-25,19:27,117,Manual,6,78,Completed
HP003188,BR003998,C00062,2025-06-19,06:53,218,Manual,0,73,Completed
HP003189,BR005894,C00092,2025-06-11,04:41,147,Manual,2,78,Completed
HP003190,BR002202,C00041,2025-06-16,04:53,266,Manual,2,71,Completed
HP003191,BR000868,C00018,2025-06-17,19:30,192,Manual,3,45,Completed
HP003192,BR002503,C00019,2025-06-05,04:11,154,Manual,1,83,Completed
HP003193,BR000629,C00076,2025-06-12,03:51,81,Manual,1,62,Completed
HP003194,BR003104,C00005,2025-06-10,13:17,91,Manual,0,54,Completed
HP003195,BR001396,C00067,2025-06-03,09:12,83,Manual,3,57,Completed
HP003196,BR003814,C00092,2025-06-03,08:52,73,Manual,4,45,Completed
HP003197,BR005294,C00096,2025-06-21,05:12,97,Manual,1,56,Completed
HP003198,BR005688,C00079,2025-06-09,14:47,201,Manual,3,72,Completed
HP003199,BR004984,C00025,2025-06-28,02:56,111,Manual,0,57,Completed
HP003200,BR000909,C00056,2025-06-20,15:58,158,Manual,4,66,Completed
HP003201,BR000120,C00078,2025-06-23,14:00,90,Manual,6,63,Completed
HP003202,BR004052,C00043,2025-06-28,04:23,192,Manual,5,70,Completed
HP003203,BR004858,C00050,2025-06-03,01:06,144,Manual,3,77,Completed
HP003204,BR003154,C00029,2025-06-07,02:25,85,Manual,1,62,Completed
HP003205,BR004623,C00038,2025-06-25,19:43,108,Manual,0,53,Completed
HP003206,BR001893,C00056,2025-06-21,01:21,73,Manual,2,81,Completed
HP003207,BR001206,C00065,2025-06-29,17:25,64,Manual,1,51,Completed
HP003208,BR000782,C00087,2025-06-07,06:44,202,Manual,2,64,Completed
HP003209,BR001384,C00068,2025-06-10,16:07,146,Manual,1,49,Completed
HP003210,BR001473,C00051,2025-06-14,13:54,247,Manual,2,78,Completed
HP003211,BR003479,C00033,2025-06-28,13:14,272,Manual,0,71,Completed
HP003212,BR004451,C00083,2025-06-28,15:45,106,Manual,3,65,Completed
HP003213,BR003322,C00029,2025-06-13,03:28,354,Manual,3,56,Completed
HP003214,BR003511,C00031,2025-06-17,02:08,74,Manual,0,48,Completed
HP003215,BR005755,C00099,2025-06-21,10:48,138,Manual,3,62,Completed
HP003216,BR002295,C00096,2025-06-12,04:07,90,Manual,4,73,Completed
HP003217,BR004941,C00005,2025-06-24,10:58,123,Manual,3,60,Completed
HP003218,BR001602,C00017,2025-06-04,14:23,90,Manual,2,50,Completed
HP003219,BR004577,C00059,2025-06-11,09:29,134,Manual,1,55,Completed
HP003220,BR005884,C00091,2025-06-01,14:39,116,Manual,2,66,Completed
HP003221,BR002109,C00098,2025-06-22,11:45,194,Manual,0,74,Completed
HP003222,BR000283,C00044,2025-06-15,13:50,264,Manual,3,45,Completed
HP003223,BR000265,C00029,2025-06-21,06:18,178,Manual,4,69,Completed
HP003224,BR004609,C00006,2025-06-17,14:47,100,Manual,2,54,Completed
HP003225,BR002217,C00059,2025-06-22,10:16,62,Manual,2,70,Completed
HP003226,BR004165,C00042,2025-06-16,14:07,188,Manual,1,46,Completed
HP003227,BR004369,C00086,2025-06-29,05:35,288,Manual,0,74,Completed
HP003228,BR002968,C00015,2025-06-01,01:47,228,Manual,0,64,Completed
HP003229,BR000204,C00032,2025-06-17,15:08,180,Manual,0,66,Completed
HP003230,BR005273,C00065,2025-06-09,15:56,215,Manual,1,63,Completed
HP003231,BR003527,C00027,2025-06-15,14:56,61,Manual,0,77,Completed
HP003232,BR003368,C00045,2025-06-29,00:17,171,Manual,0,81,Completed
HP003233,BR000915,C00001,2025-06-16,10:02,155,Manual,1,80,Completed
HP003234,BR004813,C00071,2025-06-22,04:30,79,Manual,0,65,Completed
HP003235,BR002405,C00066,2025-06-20,02:31,105,Manual,0,78,Completed
HP003236,BR004746,C00016,2025-06-14,12:27,70,Manual,4,69,Completed
HP003237,BR002557,C00088,2025-06-24,14:15,93,Manual,0,63,Completed
HP003238,BR002234,C00047,2025-06-11,12:48,257,Manual,4,69,Completed
HP003239,BR000558,C00095,2025-06-09,11:01,213,Manual,3,79,Completed
HP003240,BR003020,C00031,2025-06-07,08:07,141,Manual,0,59,Completed
HP003241,BR001960,C00006,2025-06-16,12:15,159,Manual,4,61,Completed
HP003242,BR003300,C00080,2025-06-02,04:33,310,Manual,0,85,Completed
HP003243,BR003484,C00027,2025-06-15,02:43,197,Manual,0,58,Completed
HP003244,BR004719,C00003,2025-06-19,14:05,113,Manual,1,62,Completed
HP003245,BR002702,C00081,2025-06-24,08:52,125,Manual,1,80,Completed
HP003246,BR001444,C00010,2025-06-06,01:57,90,Manual,1,81,Completed
HP003247,BR000895,C00008,2025-06-22,06:10,94,Manual,0,74,Completed
HP003248,BR000175,C00061,2025-06-30,14:52,220,Manual,0,60,Completed
HP003249,BR003190,C00025,2025-06-20,19:45,35,Manual,0,55,Completed
HP003250,BR001619,C00071,2025-06-28,00:05,186,Manual,3,70,Completed
HP003251,BR001279,C00088,2025-06-14,09:56,282,Manual,2,64,Completed
HP003252,BR002634,C00005,2025-06-06,07:02,90,Manual,2,79,Completed
HP003253,BR005773,C00013,2025-06-26,17:13,179,Manual,2,80,Completed
HP003254,BR001623,C00081,2025-06-25,05:05,179,Manual,3,64,Completed
HP003255,BR004612,C00047,2025-06-09,04:22,59,Manual,3,84,Completed
HP003256,BR004481,C00032,2025-06-25,13:33,177,Manual,3,79,Completed
HP003257,BR002169,C00075,2025-06-09,10:01,167,Manual,4,49,Completed
HP003258,BR005109,C00026,2025-06-24,09:51,159,Manual,0,59,Completed
HP003259,BR002366,C00041,2025-06-17,11:39,186,Manual,0,76,Completed
HP003260,BR002033,C00027,2025-06-01,05:28,139,Manual,1,51,Completed
HP003261,BR000940,C00037,2025-06-17,19:33,161,Manual,2,46,Completed
HP003262,BR003852,C00032,2025-06-28,07:43,88,Manual,1,47,Completed
HP003263,BR005653,C00045,2025-06-22,10:59,116,Manual,3,51,Completed
HP003264,BR000423,C00058,2025-06-04,16:46,112,Manual,4,48,Completed
HP003265,BR004021,C00014,2025-06-23,16:37,137,Manual,2,56,Completed
HP003266,BR004031,C00059,2025-06-07,04:54,162,Manual,3,61,Completed
HP003267,BR005846,C00063,2025-06-24,15:02,75,Manual,3,83,Completed
HP003268,BR003125,C00044,2025-06-20,11:44,248,Manual,2,60,Completed
HP003269,BR002712,C00036,2025-06-05,16:07,95,Manual,1,69,Completed
HP003270,BR001831,C00045,2025-06-20,07:37,142,Manual,2,82,Completed
HP003271,BR003583,C00019,2025-06-29,18:13,150,Manual,1,47,Completed
HP003272,BR002029,C00071,2025-06-11,13:13,185,Manual,1,54,Completed
HP003273,BR004515,C00030,2025-06-17,13:49,144,Manual,2,73,Completed
HP003274,BR005493,C00036,2025-06-27,18:55,160,Manual,1,64,Completed
HP003275,BR002548,C00068,2025-06-19,10:26,282,Manual,0,57,Completed
HP003276,BR001177,C00002,2025-06-27,02:46,139,Manual,0,65,Completed
HP003277,BR001866,C00052,2025-06-10,14:21,225,Manual,1,82,Completed
HP003278,BR000231,C00010,2025-06-01,19:45,175,Manual,1,84,Completed
HP003279,BR001881,C00075,2025-06-20,15:21,258,Manual,0,73,Completed
HP003280,BR001699,C00090,2025-06-15,01:33,227,Manual,0,62,Completed
HP003281,BR003333,C00060,2025-06-28,19:22,179,Manual,3,57,Completed
HP003282,BR002216,C00008,2025-06-28,05:58,49,Manual,2,51,Completed
HP003283,BR000307,C00066,2025-06-28,03:18,199,Manual,5,48,Completed
HP003284,BR000651,C00029,2025-06-21,19:25,196,Manual,1,61,Completed
HP003285,BR004188,C00064,2025-06-28,02:03,107,Manual,1,85,Completed
HP003286,BR004050,C00041,2025-06-22,19:17,147,Manual,1,55,Completed
HP003287,BR004100,C00078,2025-06-19,04:52,69,Manual,2,62,Completed
HP003288,BR004251,C00016,2025-06-15,06:29,102,Manual,1,70,Completed
HP003289,BR000228,C00051,2025-06-09,10:44,91,Manual,3,61,Completed
HP003290,BR001615,C00046,2025-06-22,06:52,159,Manual,0,60,Completed
HP003291,BR004990,C00015,2025-06-16,14:36,131,Manual,0,48,Completed
HP003292,BR005704,C00058,2025-06-02,13:03,142,Manual,0,58,Completed
HP003293,BR001093,C00100,2025-06-03,01:20,182,Manual,3,46,Completed
HP003294,BR003407,C00057,2025-06-30,17:21,85,Manual,0,70,Completed
HP003295,BR004154,C00098,2025-06-04,17:34,86,Manual,3,76,Completed
HP003296,BR001233,C00013,2025-06-03,08:03,183,Manual,4,84,Completed
HP003297,BR005500,C00065,2025-06-26,04:03,93,Manual,1,85,Completed
HP003298,BR005191,C00025,2025-06-15,00:43,119,Manual,0,63,Completed
HP003299,BR002535,C00076,2025-06-23,11:45,174,Manual,2,82,Completed
HP003300,BR001020,C00097,2025-06-20,16:50,155,Manual,1,69,Completed
HP003301,BR002904,C00014,2025-06-21,17:01,177,Manual,2,80,Completed
HP003302,BR001022,C00029,2025-06-07,00:49,248,Manual,0,47,Completed
HP003303,BR000786,C00064,2025-06-15,15:28,140,Manual,1,46,Completed
HP003304,BR005248,C00045,2025-06-18,14:24,153,Manual,1,80,Completed
HP003305,BR005848,C00090,2025-06-08,07:50,198,Manual,1,83,Completed
HP003306,BR002119,C00059,2025-06-05,14:09,46,Manual,1,85,Completed
HP003307,BR000456,C00025,2025-06-27,13:13,161,Manual,1,62,Completed
HP003308,BR005788,C00091,2025-06-23,14:08,124,Manual,2,57,Completed
HP003309,BR000917,C00042,2025-06-05,11:31,95,Manual,3,83,Completed
HP003310,BR005863,C00012,2025-06-12,05:12,165,Manual,3,48,Completed
HP003311,BR000127,C00087,2025-06-26,00:47,171,Manual,1,75,Completed
HP003312,BR000427,C00065,2025-06-05,16:35,239,Manual,3,84,Completed
HP003313,BR003686,C00012,2025-06-18,02:24,155,Manual,2,63,Completed
HP003314,BR000978,C00082,2025-06-25,03:31,31,Manual,3,65,Completed
HP003315,BR002591,C00074,2025-06-28,08:41,217,Manual,2,55,Completed
HP003316,BR001243,C00070,2025-06-22,07:26,124,Manual,3,70,Completed
HP003317,BR001961,C00006,2025-06-18,10:30,187,Manual,4,59,Completed
HP003318,BR005767,C00060,2025-06-27,00:37,151,Manual,0,72,Completed
HP003319,BR002771,C00020,2025-06-22,07:13,120,Manual,2,52,Completed
HP003320,BR000833,C00046,2025-06-21,11:27,151,Manual,2,73,Completed
HP003321,BR001636,C00086,2025-06-08,06:36,194,Manual,2,75,Completed
HP003322,BR004759,C00082,2025-06-21,17:17,139,Manual,0,47,Completed
HP003323,BR005941,C00061,2025-06-24,08:19,168,Manual,0,54,Completed
HP003324,BR001745,C00043,2025-06-23,16:44,284,Manual,1,50,Completed
HP003325,BR003100,C00049,2025-06-08,12:10,130,Manual,1,60,Completed
HP003326,BR004069,C00029,2025-06-04,19:53,230,Manual,0,68,Completed
HP003327,BR005154,C00077,2025-06-28,04:25,101,Manual,2,50,Completed
HP003328,BR000416,C00057,2025-06-21,15:55,174,Manual,0,66,Completed
HP003329,BR004794,C00031,2025-06-01,18:30,130,Manual,3,75,Completed
HP003330,BR001447,C00036,2025-06-09,12:25,111,Manual,1,62,Completed
HP003331,BR000806,C00018,2025-06-09,11:14,42,Manual,0,57,Completed
HP003332,BR002186,C00063,2025-06-22,05:49,123,Manual,1,57,Completed
HP003333,BR004962,C00028,2025-06-23,07:56,118,Manual,3,47,Completed
HP003334,BR004168,C00032,2025-06-05,11:56,98,Manual,2,52,Completed
HP003335,BR004449,C00036,2025-06-14,04:43,157,Manual,4,69,Completed
HP003336,BR000297,C00009,2025-06-12,11:33,107,Manual,2,85,Completed
HP003337,BR001934,C00033,2025-06-08,13:57,82,Manual,5,73,Completed
HP003338,BR005076,C00096,2025-06-30,00:15,81,Manual,0,74,Completed
HP003339,BR004500,C00085,2025-06-14,07:03,137,Manual,2,71,Completed
HP003340,BR001315,C00089,2025-06-11,05:33,88,Manual,1,67,Completed
HP003341,BR004690,C00096,2025-06-26,16:04,142,Manual,3,64,Completed
HP003342,BR001128,C00017,2025-06-06,02:38,142,Manual,1,56,Completed
HP003343,BR001165,C00070,2025-06-06,17:36,131,Manual,2,47,Completed
HP003344,BR000976,C00046,2025-06-13,14:21,180,Manual,3,70,Completed
HP003345,BR003856,C00057,2025-06-06,18:44,75,Manual,1,51,Completed
HP003346,BR005860,C00059,2025-06-13,13:08,108,Manual,3,79,Completed
HP003347,BR004495,C00080,2025-06-13,11:12,227,Manual,4,58,Completed
HP003348,BR004000,C00014,2025-06-23,19:11,94,Manual,3,66,Completed
HP003349,BR002508,C00004,2025-06-03,00:38,213,Manual,0,46,Completed
HP003350,BR002237,C00034,2025-06-13,16:51,163,Manual,1,64,Completed
HP003351,BR001347,C00001,2025-06-22,14:48,127,Manual,1,85,Completed
HP003352,BR003360,C00020,2025-06-29,16:07,174,Manual,3,48,Completed
HP003353,BR003009,C00039,2025-06-02,14:38,86,Manual,1,70,Completed
HP003354,BR000574,C00047,2025-06-09,19:26,220,Manual,5,76,Completed
HP003355,BR001819,C00005,2025-06-01,13:20,208,Manual,1,46,Completed
HP003356,BR000191,C00068,2025-06-18,05:06,76,Manual,2,81,Completed
HP003357,BR000212,C00068,2025-06-24,00:12,282,Manual,2,46,Completed
HP003358,BR004935,C00099,2025-06-25,00:49,175,Manual,2,68,Completed
HP003359,BR000981,C00049,2025-06-25,11:32,184,Manual,2,83,Completed
HP003360,BR004587,C00059,2025-06-19,09:42,120,Manual,1,65,Completed
HP003361,BR002055,C00058,2025-06-21,15:50,196,Manual,5,64,Completed
HP003362,BR005425,C00050,2025-06-07,13:10,140,Manual,3,46,Completed
HP003363,BR001262,C00066,2025-06-23,04:23,213,Manual,2,53,Completed
HP003364,BR002856,C00010,2025-06-05,13:04,145,Manual,3,63,Completed
HP003365,BR003923,C00055,2025-06-21,10:34,247,Manual,2,67,Completed
HP003366,BR000892,C00036,2025-06-11,12:20,168,Manual,0,68,Completed
HP003367,BR001332,C00085,2025-06-01,04:26,143,Manual,2,72,Completed
HP003368,BR005949,C00029,2025-06-07,05:16,88,Manual,1,85,Completed
HP003369,BR005776,C00013,2025-06-02,18:32,101,Manual,1,52,Completed
HP003370,BR005792,C00021,2025-06-18,05:59,191,Manual,1,54,Completed
HP003371,BR000678,C00052,2025-06-21,10:30,220,Manual,1,83,Completed
HP003372,BR003571,C00092,2025-06-27,18:26,227,Manual,2,78,Completed
HP003373,BR002948,C00035,2025-06-30,06:11,108,Manual,3,75,Completed
HP003374,BR004238,C00049,2025-06-22,03:37,35,Manual,3,85,Completed
HP003375,BR003305,C00017,2025-06-25,14:31,140,Manual,1,73,Completed
HP003376,BR001782,C00053,2025-06-02,09:11,92,Manual,2,78,Completed
HP003377,BR004882,C00039,2025-06-09,17:28,164,Manual,0,83,Completed
HP003378,BR000041,C00049,2025-06-01,19:31,163,Manual,3,65,Completed
HP003379,BR002680,C00012,2025-06-15,19:27,339,Manual,3,65,Completed
HP003380,BR004850,C00081,2025-06-18,12:10,79,Manual,2,59,Completed
HP003381,BR003207,C00085,2025-06-14,14:28,206,Manual,0,64,Completed
HP003382,BR000938,C00063,2025-06-27,16:40,265,Manual,1,48,Completed
HP003383,BR001583,C00065,2025-06-09,09:58,111,Manual,0,60,Completed
HP003384,BR003717,C00087,2025-06-18,16:59,50,Manual,4,70,Completed
HP003385,BR005710,C00087,2025-06-11,13:02,59,Manual,2,64,Completed
HP003386,BR002523,C00025,2025-06-09,10:28,116,Manual,1,67,Completed
HP003387,BR002041,C00047,2025-06-10,06:41,143,Manual,1,52,Completed
HP003388,BR001104,C00073,2025-06-07,05:08,116,Manual,4,61,Completed
HP003389,BR004902,C00037,2025-06-03,10:20,133,Manual,1,68,Completed
HP003390,BR005400,C00006,2025-06-17,14:40,170,Manual,4,45,Completed
HP003391,BR003366,C00088,2025-06-08,00:08,121,Manual,3,56,Completed
HP003392,BR000755,C00057,2025-06-26,18:02,184,Manual,3,76,Completed
HP003393,BR005554,C00073,2025-06-21,13:24,60,Manual,1,58,Completed
HP003394,BR005190,C00084,2025-06-16,00:03,122,Manual,1,65,Completed
HP003395,BR004055,C00042,2025-06-05,01:51,134,Manual,3,53,Completed
HP003396,BR002034,C00016,2025-06-04,03:56,262,Manual,1,74,Completed
HP003397,BR002870,C00040,2025-06-29,15:59,193,Manual,2,81,Completed
HP003398,BR005587,C00063,2025-06-02,02:09,41,Manual,3,72,Completed
HP003399,BR001990,C00083,2025-06-30,16:20,213,Manual,2,52,Completed
HP003400,BR002802,C00034,2025-06-16,01:50,128,Manual,0,71,Completed
HP003401,BR004156,C00048,2025-06-12,06:52,120,Manual,2,82,Completed
HP003402,BR005669,C00078,2025-06-01,08:57,203,Manual,1,55,Completed
HP003403,BR003314,C00048,2025-06-26,05:25,178,Manual,3,45,Completed
HP003404,BR003458,C00009,2025-06-03,18:29,87,Manual,2,61,Completed
HP003405,BR001026,C00088,2025-06-06,09:22,253,Manual,0,79,Completed
HP003406,BR002035,C00064,2025-06-11,00:15,101,Manual,1,55,Completed
HP003407,BR000556,C00054,2025-06-11,00:04,175,Manual,1,83,Completed
HP003408,BR004803,C00043,2025-06-27,03:10,130,Manual,4,52,Completed
HP003409,BR000133,C00097,2025-06-01,07:55,63,Manual,2,79,Completed
HP003410,BR002302,C00046,2025-06-29,05:46,45,Manual,0,81,Completed
HP003411,BR000205,C00030,2025-06-28,18:55,95,Manual,1,85,Completed
HP003412,BR004636,C00048,2025-06-22,09:20,274,Manual,0,82,Completed
HP003413,BR005674,C00065,2025-06-10,05:40,121,Manual,3,55,Completed
HP003414,BR004081,C00099,2025-06-12,00:13,357,Manual,3,71,Completed
HP003415,BR004221,C00082,2025-06-06,02:35,54,Manual,2,73,Completed
HP003416,BR004230,C00097,2025-06-25,12:25,93,Manual,1,59,Completed
HP003417,BR002547,C00012,2025-06-25,00:22,120,Manual,3,85,Completed
HP003418,BR000888,C00052,2025-06-30,05:31,254,Manual,1,83,Completed
HP003419,BR005079,C00033,2025-06-15,08:28,186,Manual,1,68,Completed
HP003420,BR004342,C00029,2025-06-08,05:41,143,Manual,0,78,Completed
HP003421,BR002089,C00062,2025-06-22,01:55,138,Manual,5,72,Completed
HP003422,BR004336,C00064,2025-06-08,07:30,98,Manual,1,56,Completed
HP003423,BR005930,C00068,2025-06-13,12:49,183,Manual,1,73,Completed
HP003424,BR004710,C00020,2025-06-27,08:11,159,Manual,0,48,Completed
HP003425,BR004683,C00095,2025-06-24,18:20,108,Manual,0,74,Completed
HP003426,BR000401,C00074,2025-06-19,04:40,45,Manual,2,61,Completed
HP003427,BR003409,C00050,2025-06-25,09:24,115,Manual,2,48,Completed
HP003428,BR004498,C00008,2025-06-08,03:11,135,Manual,0,54,Completed
HP003429,BR001419,C00037,2025-06-18,17:21,325,Manual,1,74,Completed
HP003430,BR000584,C00008,2025-06-24,16:54,249,Manual,1,58,Completed
HP003431,BR000274,C00053,2025-06-02,10:31,105,Manual,1,72,Completed
HP003432,BR004988,C00085,2025-06-12,13:46,124,Manual,1,61,Completed
HP003433,BR005287,C00056,2025-06-29,09:25,182,Manual,2,76,Completed
HP003434,BR000674,C00088,2025-06-23,13:28,145,Manual,3,53,Completed
HP003435,BR003585,C00070,2025-06-10,16:38,296,Manual,2,80,Completed
HP003436,BR001203,C00083,2025-06-08,12:28,149,Manual,3,45,Completed
HP003437,BR003287,C00091,2025-06-15,02:24,194,Manual,1,62,Completed
HP003438,BR000447,C00006,2025-06-21,05:48,191,Manual,2,51,Completed
HP003439,BR002860,C00070,2025-06-20,17:28,248,Manual,1,48,Completed
HP003440,BR003201,C00077,2025-06-04,14:39,153,Manual,2,74,Completed
HP003441,BR005870,C00095,2025-06-15,10:09,165,Manual,0,61,Completed
HP003442,BR002244,C00093,2025-06-28,18:43,48,Manual,2,69,Completed
HP003443,BR000900,C00045,2025-06-30,12:20,33,Manual,1,54,Completed
HP003444,BR001726,C00015,2025-06-12,13:27,44,Manual,3,50,Completed
HP003445,BR004937,C00086,2025-06-22,14:08,280,Manual,3,65,Completed
HP003446,BR001713,C00018,2025-06-18,12:20,225,Manual,1,69,Completed
HP003447,BR005990,C00069,2025-06-19,03:22,131,Manual,3,69,Completed
HP003448,BR004431,C00070,2025-06-10,18:51,205,Manual,2,75,Completed
HP003449,BR004398,C00052,2025-06-19,16:30,77,Manual,1,45,Completed
HP003450,BR005666,C00097,2025-06-24,12:07,185,Manual,2,47,Completed
HP003451,BR001255,C00037,2025-06-24,00:20,158,Manual,4,77,Completed
HP003452,BR005609,C00039,2025-06-18,09:22,94,Manual,2,59,Completed
HP003453,BR002058,C00006,2025-06-28,18:05,90,Manual,0,80,Completed
HP003454,BR001479,C00086,2025-06-04,10:32,109,Manual,1,52,Completed
HP003455,BR005221,C00050,2025-06-29,11:56,171,Manual,3,67,Completed
HP003456,BR004589,C00099,2025-06-23,16:20,216,Manual,2,82,Completed
HP003457,BR003445,C00086,2025-06-01,15:44,143,Manual,3,62,Completed
HP003458,BR004036,C00073,2025-06-19,08:01,182,Manual,1,73,Completed
HP003459,BR000668,C00039,2025-06-12,02:16,234,Manual,2,69,Completed
HP003460,BR004893,C00026,2025-06-10,06:59,191,Manual,1,83,Completed
HP003461,BR004799,C00062,2025-06-24,10:46,87,Manual,2,79,Completed
HP003462,BR003075,C00067,2025-06-23,07:36,224,Manual,1,45,Completed
HP003463,BR003147,C00024,2025-06-02,10:13,170,Manual,0,74,Completed
HP003464,BR003744,C00051,2025-06-08,13:45,135,Manual,6,73,Completed
HP003465,BR000567,C00030,2025-06-03,16:58,176,Manual,0,75,Completed
HP003466,BR002822,C00043,2025-06-30,09:19,251,Manual,1,59,Completed
HP003467,BR000024,C00093,2025-06-25,12:04,36,Manual,3,54,Completed
HP003468,BR002890,C00066,2025-06-15,10:43,61,Manual,4,65,Completed
HP003469,BR001007,C00044,2025-06-05,01:29,190,Manual,1,78,Completed
HP003470,BR003429,C00039,2025-06-13,18:15,197,Manual,4,83,Completed
HP003471,BR003640,C00088,2025-06-29,03:51,150,Manual,2,50,Completed
HP003472,BR001286,C00050,2025-06-06,01:52,177,Manual,2,55,Completed
HP003473,BR000474,C00031,2025-06-16,19:18,123,Manual,3,79,Completed
HP003474,BR001791,C00047,2025-06-19,06:57,97,Manual,0,62,Completed
HP003475,BR003711,C00100,2025-06-01,08:20,243,Manual,3,57,Completed
HP003476,BR002204,C00025,2025-06-09,13:24,266,Manual,1,81,Completed
HP003477,BR003339,C00088,2025-06-10,18:14,208,Manual,1,46,Completed
HP003478,BR002896,C00032,2025-06-26,19:31,302,Manual,3,46,Completed
HP003479,BR001546,C00092,2025-06-17,07:34,59,Manual,3,85,Completed
HP003480,BR004368,C00035,2025-06-22,12:34,276,Manual,0,81,Completed
HP003481,BR001323,C00072,2025-06-19,09:03,134,Manual,1,60,Completed
HP003482,BR000703,C00032,2025-06-05,02:14,130,Manual,1,80,Completed
HP003483,BR003017,C00049,2025-06-24,13:12,115,Manual,3,82,Completed
HP003484,BR000711,C00078,2025-06-25,01:05,77,Manual,2,49,Completed
HP003485,BR003359,C00064,2025-06-27,00:18,205,Manual,2,51,Completed
HP003486,BR000529,C00083,2025-06-07,06:27,204,Manual,2,57,Completed
HP003487,BR003766,C00071,2025-06-17,02:37,48,Manual,1,48,Completed
HP003488,BR001084,C00011,2025-06-19,06:49,161,Manual,3,82,Completed
HP003489,BR002060,C00081,2025-06-23,01:15,121,Manual,0,84,Completed
HP003490,BR000903,C00062,2025-06-05,19:37,127,Manual,2,55,Completed
HP003491,BR000756,C00070,2025-06-29,02:33,53,Manual,3,66,Completed
HP003492,BR000218,C00031,2025-06-29,04:28,125,Manual,1,66,Completed
HP003493,BR000745,C00072,2025-06-28,19:12,44,Manual,2,60,Completed
HP003494,BR005080,C00045,2025-06-25,10:40,146,Manual,0,85,Completed
HP003495,BR001822,C00012,2025-06-27,15:50,120,Manual,1,56,Completed
HP003496,BR001575,C00095,2025-06-28,00:09,190,Manual,1,64,Completed
HP003497,BR003418,C00016,2025-06-05,08:58,127,Manual,3,56,Completed
HP003498,BR005987,C00098,2025-06-17,11:30,181,Manual,1,46,Completed
HP003499,BR000600,C00098,2025-06-21,13:04,209,Manual,0,58,Completed
HP003500,BR001311,C00086,2025-06-10,03:34,180,Manual,2,55,Completed
HP003501,BR000214,C00094,2025-06-14,17:03,213,Manual,3,71,Completed
HP003502,BR002147,C00013,2025-06-17,17:26,139,Manual,6,82,Completed
HP003503,BR003054,C00093,2025-06-28,07:16,247,Manual,0,69,Completed
HP003504,BR005761,C00081,2025-06-29,01:37,166,Manual,4,73,Completed
HP003505,BR002461,C00026,2025-06-09,05:27,265,Manual,2,55,Completed
HP003506,BR003510,C00065,2025-06-18,08:16,96,Manual,1,66,Completed
HP003507,BR001089,C00030,2025-06-17,01:50,42,Manual,2,79,Completed
HP003508,BR002079,C00092,2025-06-08,05:39,163,Manual,1,61,Completed
HP003509,BR001432,C00014,2025-06-05,05:01,110,Manual,2,55,Completed
HP003510,BR000246,C00037,2025-06-30,04:14,312,Manual,1,85,Completed
HP003511,BR001426,C00038,2025-06-05,06:03,65,Manual,4,72,Completed
HP003512,BR005001,C00098,2025-06-18,01:26,130,Manual,2,63,Completed
HP003513,BR001518,C00075,2025-06-10,18:50,146,Manual,1,80,Completed
HP003514,BR004087,C00023,2025-06-06,00:46,200,Manual,0,64,Completed
HP003515,BR003246,C00042,2025-06-29,09:17,77,Manual,5,68,Completed
HP003516,BR002827,C00035,2025-06-11,16:46,258,Manual,1,55,Completed
HP003517,BR005660,C00026,2025-06-22,08:35,170,Manual,2,49,Completed
HP003518,BR005364,C00022,2025-06-13,09:37,174,Manual,0,46,Completed
HP003519,BR001557,C00034,2025-06-30,18:20,112,Manual,1,68,Completed
HP003520,BR003122,C00081,2025-06-08,07:30,90,Manual,1,79,Completed
HP003521,BR003981,C00021,2025-06-08,16:45,258,Manual,4,55,Completed
HP003522,BR000656,C00013,2025-06-19,19:57,95,Manual,1,58,Completed
HP003523,BR002238,C00025,2025-06-19,12:32,95,Manual,3,72,Completed
HP003524,BR001549,C00093,2025-06-20,18:42,142,Manual,1,55,Completed
HP003525,BR003094,C00015,2025-06-30,12:23,98,Manual,0,80,Completed
HP003526,BR003651,C00070,2025-06-12,14:36,134,Manual,3,65,Completed
HP003527,BR005774,C00077,2025-06-09,16:29,116,Manual,4,78,Completed
HP003528,BR002182,C00066,2025-06-05,15:14,156,Manual,0,70,Completed
HP003529,BR003844,C00048,2025-06-29,12:32,35,Manual,4,46,Completed
HP003530,BR000001,C00069,2025-06-03,05:03,75,Manual,5,54,Completed
HP003531,BR000959,C00061,2025-06-02,17:11,83,Manual,4,60,Completed
HP003532,BR002549,C00038,2025-06-27,05:26,161,Manual,1,55,Completed
HP003533,BR001318,C00087,2025-06-08,17:53,273,Manual,2,81,Completed
HP003534,BR002017,C00035,2025-06-13,10:34,165,Manual,1,69,Completed
HP003535,BR000070,C00017,2025-06-20,03:02,53,Manual,1,85,Completed
HP003536,BR002248,C00032,2025-06-17,03:31,162,Manual,1,60,Completed
HP003537,BR002640,C00023,2025-06-03,17:02,85,Manual,1,76,Completed
HP003538,BR000764,C00061,2025-06-06,18:06,273,Manual,1,62,Completed
HP003539,BR004090,C00007,2025-06-28,10:32,195,Manual,0,74,Completed
HP003540,BR001314,C00080,2025-06-06,05:31,200,Manual,3,76,Completed
HP003541,BR002400,C00094,2025-06-18,07:06,317,Manual,1,78,Completed
HP003542,BR000176,C00023,2025-06-29,04:19,128,Manual,6,72,Completed
HP003543,BR004585,C00081,2025-06-24,10:22,258,Manual,6,57,Completed
HP003544,BR005317,C00076,2025-06-22,13:15,154,Manual,0,85,Completed
HP003545,BR002010,C00019,2025-06-24,03:39,234,Manual,2,66,Completed
HP003546,BR001198,C00078,2025-06-13,02:22,343,Manual,0,55,Completed
HP003547,BR003680,C00080,2025-06-29,04:54,201,Manual,2,66,Completed
HP003548,BR004310,C00061,2025-06-22,13:23,217,Manual,0,51,Completed
HP003549,BR005470,C00081,2025-06-11,14:52,177,Manual,2,62,Completed
HP003550,BR003602,C00046,2025-06-02,04:08,128,Manual,0,72,Completed
HP003551,BR002145,C00081,2025-06-29,18:05,126,Manual,1,47,Completed
HP003552,BR003218,C00015,2025-06-17,06:09,143,Manual,1,57,Completed
HP003553,BR000422,C00031,2025-06-09,03:28,61,Manual,1,83,Completed
HP003554,BR000338,C00017,2025-06-01,11:38,163,Manual,2,70,Completed
HP003555,BR005449,C00024,2025-06-04,07:50,190,Manual,1,49,Completed
HP003556,BR002071,C00044,2025-06-09,06:08,53,Manual,3,64,Completed
HP003557,BR002013,C00006,2025-06-21,09:37,91,Manual,2,73,Completed
HP003558,BR005462,C00080,2025-06-05,09:50,159,Manual,1,74,Completed
HP003559,BR002571,C00019,2025-06-21,01:21,90,Manual,6,64,Completed
HP003560,BR003879,C00018,2025-06-27,10:33,206,Manual,1,76,Completed
HP003561,BR002018,C00011,2025-06-02,12:08,264,Manual,1,58,Completed
HP003562,BR005510,C00085,2025-06-05,00:16,87,Manual,2,74,Completed
HP003563,BR004260,C00065,2025-06-29,16:32,230,Manual,2,73,Completed
HP003564,BR003552,C00012,2025-06-18,13:27,255,Manual,3,63,Completed
HP003565,BR004301,C00026,2025-06-15,08:03,195,Manual,3,47,Completed
HP003566,BR005349,C00020,2025-06-12,06:00,135,Manual,3,61,Completed
HP003567,BR000473,C00041,2025-06-06,13:24,171,Manual,1,70,Completed
HP003568,BR003317,C00073,2025-06-20,08:47,160,Manual,5,45,Completed
HP003569,BR003023,C00002,2025-06-28,02:16,188,Manual,4,77,Completed
HP003570,BR000979,C00084,2025-06-27,11:58,98,Manual,1,66,Completed
HP003571,BR005240,C00010,2025-06-11,17:59,70,Manual,1,78,Completed
HP003572,BR001234,C00002,2025-06-10,07:30,187,Manual,2,54,Completed
HP003573,BR004818,C00092,2025-06-10,10:06,121,Manual,2,71,Completed
HP003574,BR001411,C00092,2025-06-28,07:42,277,Manual,1,77,Completed
HP003575,BR000438,C00026,2025-06-11,02:12,191,Manual,0,59,Completed
HP003576,BR002649,C00037,2025-06-22,07:22,203,Manual,2,63,Completed
HP003577,BR004254,C00020,2025-06-29,18:04,233,Manual,2,50,Completed
HP003578,BR000899,C00046,2025-06-22,17:26,141,Manual,2,63,Completed
HP003579,BR005890,C00096,2025-06-07,05:36,162,Manual,3,49,Completed
HP003580,BR003905,C00045,2025-06-09,04:43,73,Manual,1,63,Completed
HP003581,BR002116,C00022,2025-06-23,14:13,214,Manual,2,53,Completed
HP003582,BR004065,C00096,2025-06-11,03:27,147,Manual,1,72,Completed
HP003583,BR000945,C00076,2025-06-15,09:35,84,Manual,2,74,Completed
HP003584,BR005858,C00034,2025-06-21,18:51,112,Manual,1,71,Completed
HP003585,BR000960,C00029,2025-06-24,08:03,152,Manual,0,54,Completed
HP003586,BR002154,C00083,2025-06-12,15:22,189,Manual,2,71,Completed
HP003587,BR003336,C00083,2025-06-22,00:57,91,Manual,3,56,Completed
HP003588,BR000282,C00024,2025-06-17,00:34,101,Manual,0,50,Completed
HP003589,BR000029,C00037,2025-06-22,18:00,49,Manual,2,45,Completed
HP003590,BR003990,C00033,2025-06-18,01:30,187,Manual,3,82,Completed
HP003591,BR000255,C00033,2025-06-04,06:27,84,Manual,3,71,Completed
HP003592,BR001230,C00030,2025-06-09,15:50,226,Manual,2,68,Completed
HP003593,BR004179,C00047,2025-06-10,11:36,102,Manual,1,81,Completed
HP003594,BR001073,C00010,2025-06-22,11:22,114,Manual,0,53,Completed
HP003595,BR003319,C00004,2025-06-08,08:08,144,Manual,2,76,Completed
HP003596,BR000575,C00009,2025-06-19,07:17,95,Manual,1,60,Completed
HP003597,BR000306,C00044,2025-06-09,07:20,181,Manual,3,73,Completed
HP003598,BR005387,C00034,2025-06-05,10:39,74,Manual,2,63,Completed
HP003599,BR005202,C00100,2025-06-21,01:53,116,Manual,1,59,Completed
HP003600,BR000289,C00091,2025-06-02,19:33,74,Manual,3,73,Completed
HP003601,BR004450,C00011,2025-06-18,12:54,189,Manual,4,84,Completed
HP003602,BR004144,C00095,2025-06-23,15:07,313,Manual,2,56,Completed
HP003603,BR000793,C00080,2025-06-19,10:24,267,Manual,1,64,Completed
HP003604,BR002857,C00001,2025-06-24,01:57,111,Manual,3,54,Completed
HP003605,BR004753,C00025,2025-06-07,06:37,179,Manual,2,66,Completed
HP003606,BR005649,C00054,2025-06-22,06:01,101,Manual,2,84,Completed
HP003607,BR000165,C00094,2025-06-15,03:14,213,Manual,3,75,Completed
HP003608,BR002527,C00042,2025-06-18,09:08,177,Manual,2,58,Completed
HP003609,BR005789,C00015,2025-06-15,13:54,161,Manual,1,55,Completed
HP003610,BR002220,C00044,2025-06-24,19:45,221,Manual,0,57,Completed
HP003611,BR004594,C00084,2025-06-02,19:31,178,Manual,2,69,Completed
HP003612,BR000658,C00083,2025-06-03,18:47,111,Manual,1,59,Completed
HP003613,BR002388,C00060,2025-06-12,11:29,131,Manual,2,76,Completed
HP003614,BR002596,C00093,2025-06-24,02:32,162,Manual,3,73,Completed
HP003615,BR002282,C00069,2025-06-25,17:10,151,Manual,4,51,Completed
HP003616,BR003793,C00006,2025-06-25,09:49,54,Manual,3,48,Completed
HP003617,BR003589,C00014,2025-06-21,04:57,130,Manual,1,55,Completed
HP003618,BR000235,C00052,2025-06-20,04:23,266,Manual,2,67,Completed
HP003619,BR001375,C00092,2025-06-21,15:59,216,Manual,3,74,Completed
HP003620,BR004661,C00062,2025-06-29,11:54,111,Manual,2,58,Completed
HP003621,BR004476,C00094,2025-06-26,02:59,86,Manual,3,65,Completed
HP003622,BR003089,C00053,2025-06-30,11:59,201,Manual,4,78,Completed
HP003623,BR001482,C00068,2025-06-10,08:07,222,Manual,0,70,Completed
HP003624,BR001443,C00047,2025-06-09,03:05,157,Manual,1,46,Completed
HP003625,BR002489,C00051,2025-06-03,04:53,110,Manual,1,85,Completed
HP003626,BR002693,C00045,2025-06-05,08:10,38,Manual,1,78,Completed
HP003627,BR000032,C00012,2025-06-12,01:46,168,Manual,0,56,Completed
HP003628,BR002099,C00013,2025-06-12,04:18,78,Manual,1,75,Completed
HP003629,BR000124,C00056,2025-06-17,11:38,139,Manual,5,77,Completed
HP003630,BR001216,C00016,2025-06-21,18:08,179,Manual,1,61,Completed
HP003631,BR000319,C00033,2025-06-11,14:50,161,Manual,0,85,Completed
HP003632,BR000057,C00008,2025-06-18,15:59,44,Manual,1,65,Completed
HP003633,BR000373,C00044,2025-06-24,04:36,117,Manual,2,60,Completed
HP003634,BR004816,C00006,2025-06-21,15:18,122,Manual,2,83,Completed
HP003635,BR001452,C00089,2025-06-30,17:39,104,Manual,2,75,Completed
HP003636,BR005646,C00031,2025-06-09,17:17,103,Manual,3,68,Completed
HP003637,BR005914,C00079,2025-06-14,10:50,64,Manual,5,82,Completed
HP003638,BR001777,C00005,2025-06-09,04:38,58,Manual,1,78,Completed
HP003639,BR005570,C00002,2025-06-17,11:39,119,Manual,1,53,Completed
HP003640,BR004313,C00050,2025-06-16,04:09,101,Manual,1,68,Completed
HP003641,BR001204,C00016,2025-06-01,11:45,222,Manual,1,70,Completed
HP003642,BR005766,C00055,2025-06-27,17:06,94,Manual,2,81,Completed
HP003643,BR004946,C00077,2025-06-23,16:35,62,Manual,2,46,Completed
HP003644,BR004579,C00062,2025-06-05,16:20,166,Manual,0,53,Completed
HP003645,BR004895,C00071,2025-06-08,19:54,187,Manual,2,64,Completed
HP003646,BR003021,C00099,2025-06-05,01:24,79,Manual,2,68,Completed
HP003647,BR005533,C00022,2025-06-15,03:02,115,Manual,3,78,Completed
HP003648,BR001267,C00034,2025-06-01,09:27,149,Manual,4,54,Completed
HP003649,BR005246,C00087,2025-06-09,16:08,77,Manual,2,55,Completed
HP003650,BR003102,C00046,2025-06-04,15:00,222,Manual,2,53,Completed
HP003651,BR002250,C00008,2025-06-22,17:36,73,Manual,1,85,Completed
HP003652,BR005159,C00026,2025-06-08,09:40,148,Manual,2,46,Completed
HP003653,BR005360,C00035,2025-06-20,12:36,142,Manual,2,48,Completed
HP003654,BR000064,C00089,2025-06-10,12:11,189,Manual,3,51,Completed
HP003655,BR004281,C00015,2025-06-15,13:18,128,Manual,2,77,Completed
HP003656,BR000223,C00049,2025-06-25,00:07,34,Manual,3,74,Completed
HP003657,BR002487,C00047,2025-06-06,17:59,166,Manual,2,83,Completed
HP003658,BR002120,C00036,2025-06-25,16:58,168,Manual,0,48,Completed
HP003659,BR003627,C00093,2025-06-21,06:23,227,Manual,4,67,Completed
HP003660,BR000839,C00080,2025-06-13,00:28,171,Manual,2,81,Completed
HP003661,BR001887,C00047,2025-06-30,08:02,213,Manual,2,48,Completed
HP003662,BR002053,C00023,2025-06-02,04:03,221,Manual,3,49,Completed
HP003663,BR002183,C00051,2025-06-14,14:12,174,Manual,1,73,Completed
HP003664,BR000095,C00100,2025-06-28,05:02,113,Manual,1,67,Completed
HP003665,BR002245,C00036,2025-06-21,13:36,189,Manual,2,56,Completed
HP003666,BR001956,C00097,2025-06-05,17:07,50,Manual,0,76,Completed
HP003667,BR002694,C00068,2025-06-26,10:51,122,Manual,3,84,Completed
HP003668,BR002471,C00013,2025-06-16,17:36,98,Manual,4,45,Completed
HP003669,BR000096,C00033,2025-06-04,10:03,356,Manual,3,57,Completed
HP003670,BR000707,C00036,2025-06-20,10:53,171,Manual,0,46,Completed
HP003671,BR000380,C00037,2025-06-19,18:50,55,Manual,2,78,Completed
HP003672,BR004883,C00020,2025-06-24,02:07,107,Manual,1,79,Completed
HP003673,BR000468,C00038,2025-06-06,02:37,216,Manual,0,50,Completed
HP003674,BR003529,C00041,2025-06-30,12:11,106,Manual,2,49,Completed
HP003675,BR000087,C00024,2025-06-19,14:11,138,Manual,2,57,Completed
HP003676,BR004071,C00090,2025-06-17,11:07,112,Manual,5,48,Completed
HP003677,BR003775,C00049,2025-06-11,05:33,87,Manual,1,83,Completed
HP003678,BR003460,C00028,2025-06-02,03:01,173,Manual,3,83,Completed
HP003679,BR000971,C00040,2025-06-04,14:29,59,Manual,0,84,Completed
HP003680,BR004292,C00086,2025-06-09,08:48,163,Manual,2,66,Completed
HP003681,BR004611,C00046,2025-06-24,08:07,63,Manual,1,85,Completed
HP003682,BR001281,C00024,2025-06-28,02:53,237,Manual,3,68,Completed
HP003683,BR004527,C00057,2025-06-28,09:23,193,Manual,2,66,Completed
HP003684,BR004999,C00051,2025-06-11,11:19,177,Manual,0,67,Completed
HP003685,BR004720,C00065,2025-06-28,06:29,54,Manual,3,65,Completed
HP003686,BR002369,C00042,2025-06-17,11:55,126,Manual,0,69,Completed
HP003687,BR002996,C00056,2025-06-17,00:40,102,Manual,3,52,Completed
HP003688,BR000020,C00094,2025-06-01,18:29,162,Manual,3,69,Completed
HP003689,BR000398,C00095,2025-06-15,04:30,84,Manual,3,84,Completed
HP003690,BR001757,C00099,2025-06-30,08:36,204,Manual,2,67,Completed
HP003691,BR003074,C00018,2025-06-24,01:17,237,Manual,1,75,Completed
HP003692,BR000055,C00052,2025-06-12,09:15,172,Manual,0,68,Completed
HP003693,BR004820,C00085,2025-06-24,08:19,62,Manual,1,79,Completed
HP003694,BR003259,C00014,2025-06-17,15:25,212,Manual,2,76,Completed
HP003695,BR005095,C00003,2025-06-28,00:37,114,Manual,1,85,Completed
HP003696,BR000969,C00067,2025-06-27,08:21,161,Manual,4,48,Completed
HP003697,BR000056,C00016,2025-06-07,12:24,204,Manual,0,65,Completed
HP003698,BR005291,C00029,2025-06-10,09:13,110,Manual,2,75,Completed
HP003699,BR005153,C00044,2025-06-14,14:05,183,Manual,2,61,Completed
HP003700,BR004009,C00066,2025-06-25,10:41,213,Manual,1,85,Completed
HP003701,BR001585,C00048,2025-06-13,16:31,41,Manual,0,76,Completed
HP003702,BR004802,C00091,2025-06-16,06:11,106,Manual,2,77,Completed
HP003703,BR002562,C00072,2025-06-04,09:18,301,Manual,2,48,Completed
HP003704,BR000939,C00031,2025-06-16,00:50,156,Manual,1,68,Completed
HP003705,BR001512,C00011,2025-06-26,01:36,89,Manual,3,58,Completed
HP003706,BR004418,C00098,2025-06-05,04:14,129,Manual,0,45,Completed
HP003707,BR005727,C00020,2025-06-20,17:41,154,Manual,2,62,Completed
HP003708,BR000626,C00011,2025-06-09,17:44,298,Manual,2,75,Completed
HP003709,BR003056,C00015,2025-06-27,07:29,66,Manual,2,66,Completed
HP003710,BR004466,C00066,2025-06-28,11:19,156,Manual,2,61,Completed
HP003711,BR000206,C00073,2025-06-06,11:01,257,Manual,0,53,Completed
HP003712,BR000457,C00051,2025-06-13,06:06,97,Manual,4,58,Completed
HP003713,BR004242,C00037,2025-06-26,05:47,206,Manual,4,78,Completed
HP003714,BR003578,C00095,2025-06-08,12:23,195,Manual,2,63,Completed
HP003715,BR005049,C00009,2025-06-02,14:16,111,Manual,0,51,Completed
HP003716,BR004308,C00079,2025-06-23,10:48,35,Manual,1,65,Completed
HP003717,BR005340,C00036,2025-06-03,07:54,122,Manual,1,65,Completed
HP003718,BR003771,C00012,2025-06-17,15:56,216,Manual,0,72,Completed
HP003719,BR001199,C00051,2025-06-08,04:26,231,Manual,3,72,Completed
HP003720,BR004674,C00020,2025-06-01,17:16,160,Manual,1,80,Completed
HP003721,BR004448,C00048,2025-06-28,04:32,75,Manual,2,78,Completed
HP003722,BR003678,C00037,2025-06-02,02:50,105,Manual,1,73,Completed
HP003723,BR004560,C00024,2025-06-20,01:16,230,Manual,0,48,Completed
HP003724,BR004170,C00068,2025-06-18,16:43,231,Manual,3,50,Completed
HP003725,BR001062,C00048,2025-06-06,18:27,279,Manual,0,60,Completed
HP003726,BR003608,C00093,2025-06-21,19:21,162,Manual,4,50,Completed
HP003727,BR005312,C00071,2025-06-15,11:07,71,Manual,2,74,Completed
HP003728,BR002409,C00066,2025-06-11,10:37,46,Manual,3,47,Completed
HP003729,BR004768,C00087,2025-06-03,16:30,87,Manual,1,61,Completed
HP003730,BR000746,C00095,2025-06-01,09:16,178,Manual,2,78,Completed
HP003731,BR005230,C00009,2025-06-18,09:42,167,Manual,1,61,Completed
HP003732,BR003327,C00018,2025-06-22,08:05,187,Manual,1,48,Completed
HP003733,BR005165,C00045,2025-06-05,19:42,167,Manual,3,56,Completed
HP003734,BR004715,C00002,2025-06-16,17:03,95,Manual,1,83,Completed
HP003735,BR004875,C00050,2025-06-15,09:52,88,Manual,2,84,Completed
HP003736,BR003103,C00007,2025-06-26,05:23,219,Manual,0,81,Completed
HP003737,BR003774,C00019,2025-06-16,16:46,129,Manual,1,45,Completed
HP003738,BR004086,C00031,2025-06-20,08:23,155,Manual,5,47,Completed
HP003739,BR004667,C00017,2025-06-26,12:43,43,Manual,5,57,Completed
HP003740,BR004489,C00031,2025-06-30,17:16,187,Manual,0,68,Completed
HP003741,BR002926,C00038,2025-06-23,12:49,185,Manual,1,84,Completed
HP003742,BR000259,C00039,2025-06-14,08:13,104,Manual,5,61,Completed
HP003743,BR005815,C00006,2025-06-11,15:19,134,Manual,2,50,Completed
HP003744,BR001667,C00052,2025-06-21,17:11,143,Manual,1,53,Completed
HP003745,BR001436,C00068,2025-06-25,13:57,300,Manual,3,63,Completed
HP003746,BR000894,C00025,2025-06-15,05:51,225,Manual,1,63,Completed
HP003747,BR003491,C00034,2025-06-12,14:05,153,Manual,1,79,Completed
HP003748,BR002863,C00058,2025-06-25,01:38,73,Manual,2,46,Completed
HP003749,BR001547,C00046,2025-06-01,16:23,250,Manual,1,54,Completed
HP003750,BR003573,C00057,2025-06-05,09:25,56,Manual,1,71,Completed
HP003751,BR005722,C00073,2025-06-11,06:15,146,Manual,2,54,Completed
HP003752,BR004932,C00056,2025-06-02,19:39,204,Manual,2,63,Completed
HP003753,BR002431,C00001,2025-06-25,18:46,180,Manual,1,82,Completed
HP003754,BR000516,C00005,2025-06-18,18:03,98,Manual,1,76,Completed
HP003755,BR000810,C00012,2025-06-09,07:51,81,Manual,2,83,Completed
HP003756,BR003837,C00096,2025-06-21,01:46,209,Manual,1,73,Completed
HP003757,BR003738,C00069,2025-06-18,12:03,226,Manual,3,49,Completed
HP003758,BR003019,C00002,2025-06-08,05:00,153,Manual,2,62,Completed
HP003759,BR004696,C00062,2025-06-03,06:01,73,Manual,1,74,Completed
HP003760,BR001227,C00038,2025-06-04,01:18,314,Manual,1,70,Completed
HP003761,BR005089,C00053,2025-06-16,07:56,92,Manual,1,50,Completed
HP003762,BR004235,C00015,2025-06-09,02:45,245,Manual,2,59,Completed
HP003763,BR004147,C00064,2025-06-25,12:50,253,Manual,1,57,Completed
HP003764,BR004978,C00006,2025-06-25,08:22,177,Manual,1,71,Completed
HP003765,BR001345,C00048,2025-06-03,02:46,213,Manual,0,54,Completed
HP003766,BR005358,C00088,2025-06-09,17:51,160,Manual,4,72,Completed
HP003767,BR005176,C00083,2025-06-23,11:35,135,Manual,1,65,Completed
HP003768,BR004187,C00071,2025-06-05,03:46,187,Manual,0,55,Completed
HP003769,BR001714,C00033,2025-06-03,18:55,191,Manual,3,51,Completed
HP003770,BR000661,C00007,2025-06-08,12:51,88,Manual,1,59,Completed
HP003771,BR002840,C00031,2025-06-27,08:04,214,Manual,0,47,Completed
HP003772,BR004302,C00046,2025-06-14,16:47,53,Manual,3,59,Completed
HP003773,BR005182,C00098,2025-06-28,04:18,107,Manual,4,49,Completed
HP003774,BR000335,C00078,2025-06-05,17:01,76,Manual,1,46,Completed
HP003775,BR001654,C00018,2025-06-27,05:39,99,Manual,3,72,Completed
HP003776,BR000688,C00023,2025-06-17,17:02,86,Manual,4,72,Completed
HP003777,BR005820,C00003,2025-06-21,04:16,180,Manual,3,56,Completed
HP003778,BR002560,C00025,2025-06-10,00:45,225,Manual,2,45,Completed
HP003779,BR002703,C00062,2025-06-05,15:06,39,Manual,2,72,Completed
HP003780,BR001533,C00096,2025-06-06,14:21,67,Manual,2,63,Completed
HP003781,BR001231,C00010,2025-06-28,04:04,167,Manual,1,60,Completed
HP003782,BR000733,C00001,2025-06-24,07:57,181,Manual,1,74,Completed
HP003783,BR003097,C00070,2025-06-17,17:18,203,Manual,1,56,Completed
HP003784,BR005683,C00073,2025-06-01,11:01,116,Manual,3,48,Completed
HP003785,BR002977,C00054,2025-06-02,13:39,212,Manual,3,51,Completed
HP003786,BR003477,C00030,2025-06-29,03:01,83,Manual,1,68,Completed
HP003787,BR004026,C00028,2025-06-07,15:30,223,Manual,1,59,Completed
HP003788,BR002389,C00092,2025-06-06,00:04,105,Manual,1,83,Completed
HP003789,BR004843,C00009,2025-06-08,18:38,179,Manual,1,53,Completed
HP003790,BR000961,C00033,2025-06-02,14:33,146,Manual,2,85,Completed
HP003791,BR002362,C00061,2025-06-12,18:09,315,Manual,1,49,Completed
HP003792,BR003302,C00047,2025-06-15,16:00,200,Manual,3,47,Completed
HP003793,BR002347,C00023,2025-06-15,07:35,138,Manual,1,59,Completed
HP003794,BR003042,C00071,2025-06-11,08:16,44,Manual,3,80,Completed
HP003795,BR005234,C00035,2025-06-22,00:24,149,Manual,2,85,Completed
HP003796,BR002123,C00046,2025-06-07,07:38,50,Manual,0,68,Completed
HP003797,BR001356,C00092,2025-06-27,14:13,190,Manual,1,55,Completed
HP003798,BR000853,C00030,2025-06-25,00:36,142,Manual,3,78,Completed
HP003799,BR002779,C00003,2025-06-18,06:14,65,Manual,1,49,Completed
HP003800,BR005212,C00031,2025-06-26,07:01,47,Manual,1,71,Completed
HP003801,BR002791,C00028,2025-06-30,05:52,72,Manual,4,72,Completed
HP003802,BR005583,C00030,2025-06-09,05:27,69,Manual,3,58,Completed
HP003803,BR001678,C00037,2025-06-09,13:29,59,Manual,6,76,Completed
HP003804,BR000318,C00017,2025-06-23,16:33,173,Manual,4,55,Completed
HP003805,BR003052,C00029,2025-06-21,16:23,138,Manual,2,64,Completed
HP003806,BR005833,C00050,2025-06-16,02:23,75,Manual,1,51,Completed
HP003807,BR003084,C00015,2025-06-10,17:35,96,Manual,1,84,Completed
HP003808,BR004739,C00071,2025-06-10,02:41,106,Manual,2,75,Completed
HP003809,BR002185,C00054,2025-06-06,00:14,199,Manual,3,61,Completed
HP003810,BR004083,C00057,2025-06-20,12:58,123,Manual,3,74,Completed
HP003811,BR002367,C00046,2025-06-22,05:16,56,Manual,2,46,Completed
HP003812,BR001790,C00002,2025-06-19,12:41,103,Manual,3,74,Completed
HP003813,BR001428,C00078,2025-06-10,06:03,198,Manual,1,81,Completed
HP003814,BR004979,C00045,2025-06-24,13:50,169,Manual,1,48,Completed
HP003815,BR003157,C00096,2025-06-04,04:13,318,Manual,0,75,Completed
HP003816,BR001164,C00015,2025-06-21,14:21,79,Manual,1,70,Completed
HP003817,BR004787,C00092,2025-06-30,13:17,185,Manual,1,58,Completed
HP003818,BR003277,C00012,2025-06-11,13:49,179,Manual,3,62,Completed
HP003819,BR000570,C00078,2025-06-18,12:18,211,Manual,1,54,Completed
HP003820,BR001201,C00043,2025-06-21,17:45,168,Manual,1,56,Completed
HP003821,BR001983,C00008,2025-06-16,01:49,43,Manual,6,72,Completed
HP003822,BR002632,C00049,2025-06-09,02:10,109,Manual,2,46,Completed
HP003823,BR004942,C00032,2025-06-11,07:54,92,Manual,2,69,Completed
HP003824,BR003186,C00021,2025-06-18,18:58,119,Manual,1,62,Completed
HP003825,BR004571,C00082,2025-06-18,04:09,150,Manual,3,67,Completed
HP003826,BR004229,C00027,2025-06-29,07:38,223,Manual,0,68,Completed
HP003827,BR002436,C00068,2025-06-27,05:44,126,Manual,5,84,Completed
HP003828,BR004133,C00004,2025-06-24,10:10,311,Manual,0,49,Completed
HP003829,BR003971,C00071,2025-06-25,15:40,225,Manual,3,76,Completed
HP003830,BR005136,C00038,2025-06-01,08:56,87,Manual,2,48,Completed
HP003831,BR000108,C00042,2025-06-02,02:48,122,Manual,1,51,Completed
HP003832,BR004501,C00033,2025-06-28,17:16,153,Manual,1,63,Completed
HP003833,BR003942,C00070,2025-06-04,09:48,181,Manual,1,81,Completed
HP003834,BR005209,C00091,2025-06-28,17:07,147,Manual,0,74,Completed
HP003835,BR002894,C00007,2025-06-30,12:03,127,Manual,2,80,Completed
HP003836,BR000689,C00049,2025-06-15,15:45,304,Manual,0,58,Completed
HP003837,BR000795,C00053,2025-06-08,02:31,136,Manual,3,72,Completed
HP003838,BR005635,C00018,2025-06-22,15:00,121,Manual,3,62,Completed
HP003839,BR003236,C00067,2025-06-30,00:38,205,Manual,1,66,Completed
HP003840,BR001824,C00080,2025-06-11,13:30,228,Manual,2,78,Completed
HP003841,BR000814,C00077,2025-06-26,10:13,55,Manual,0,81,Completed
HP003842,BR004682,C00014,2025-06-21,01:46,207,Manual,1,52,Completed
HP003843,BR002402,C00027,2025-06-09,01:21,132,Manual,1,85,Completed
HP003844,BR004295,C00048,2025-06-06,13:34,57,Manual,1,51,Completed
HP003845,BR004197,C00040,2025-06-28,13:19,92,Manual,3,81,Completed
HP003846,BR004380,C00033,2025-06-05,01:30,99,Manual,1,68,Completed
HP003847,BR001030,C00013,2025-06-19,13:23,215,Manual,2,47,Completed
HP003848,BR000073,C00094,2025-06-20,10:56,60,Manual,1,58,Completed
HP003849,BR000605,C00034,2025-06-20,16:19,111,Manual,4,55,Completed
HP003850,BR000470,C00053,2025-06-17,06:31,89,Manual,3,85,Completed
HP003851,BR001190,C00004,2025-06-04,16:18,152,Manual,3,73,Completed
HP003852,BR002759,C00008,2025-06-07,10:18,119,Manual,3,77,Completed
HP003853,BR001010,C00085,2025-06-17,19:32,152,Manual,2,57,Completed
HP003854,BR001228,C00038,2025-06-29,17:19,43,Manual,6,70,Completed
HP003855,BR000348,C00089,2025-06-27,02:12,71,Manual,1,78,Completed
HP003856,BR003041,C00015,2025-06-24,13:17,190,Manual,1,82,Completed
HP003857,BR002738,C00018,2025-06-19,13:01,171,Manual,5,54,Completed
HP003858,BR001033,C00036,2025-06-27,08:04,171,Manual,3,59,Completed
HP003859,BR004413,C00049,2025-06-19,15:09,188,Manual,1,67,Completed
HP003860,BR003806,C00021,2025-06-22,18:27,155,Manual,0,68,Completed
HP003861,BR001638,C00097,2025-06-19,09:26,63,Manual,3,82,Completed
HP003862,BR002404,C00042,2025-06-22,19:40,167,Manual,0,71,Completed
HP003863,BR002326,C00027,2025-06-04,02:23,152,Manual,1,66,Completed
HP003864,BR005116,C00063,2025-06-12,17:22,197,Manual,2,55,Completed
HP003865,BR004013,C00005,2025-06-07,19:45,187,Manual,3,85,Completed
HP003866,BR005450,C00016,2025-06-28,12:47,65,Manual,2,47,Completed
HP003867,BR002497,C00018,2025-06-01,13:34,55,Manual,5,45,Completed
HP003868,BR001927,C00009,2025-06-09,05:29,84,Manual,4,79,Completed
HP003869,BR005144,C00076,2025-06-05,13:22,128,Manual,6,57,Completed
HP003870,BR003312,C00032,2025-06-18,02:14,166,Manual,0,68,Completed
HP003871,BR001856,C00044,2025-06-03,02:50,192,Manual,0,71,Completed
HP003872,BR000506,C00065,2025-06-03,14:54,88,Manual,1,59,Completed
HP003873,BR005723,C00056,2025-06-18,09:28,145,Manual,2,62,Completed
HP003874,BR000850,C00040,2025-06-22,08:51,105,Manual,0,76,Completed
HP003875,BR003136,C00091,2025-06-02,14:32,65,Manual,1,66,Completed
HP003876,BR002678,C00011,2025-06-13,04:03,62,Manual,1,82,Completed
HP003877,BR004119,C00046,2025-06-14,14:45,267,Manual,3,77,Completed
HP003878,BR000290,C00052,2025-06-21,05:28,359,Manual,1,76,Completed
HP003879,BR001584,C00006,2025-06-18,09:31,161,Manual,0,51,Completed
HP003880,BR002677,C00056,2025-06-12,16:42,221,Manual,1,49,Completed
HP003881,BR004790,C00043,2025-06-16,19:08,97,Manual,3,64,Completed
HP003882,BR002224,C00097,2025-06-29,04:59,47,Manual,1,64,Completed
HP003883,BR004151,C00039,2025-06-18,00:30,216,Manual,2,61,Completed
HP003884,BR004855,C00021,2025-06-18,11:12,152,Manual,2,78,Completed
HP003885,BR001969,C00099,2025-06-16,06:30,128,Manual,2,72,Completed
HP003886,BR001445,C00056,2025-06-02,17:34,170,Manual,4,67,Completed
HP003887,BR001513,C00095,2025-06-14,04:46,171,Manual,2,47,Completed
HP003888,BR001521,C00033,2025-06-24,18:32,241,Manual,1,47,Completed
HP003889,BR001359,C00009,2025-06-12,04:03,162,Manual,3,48,Completed
HP003890,BR001037,C00056,2025-06-25,07:14,163,Manual,1,78,Completed
HP003891,BR002993,C00078,2025-06-20,13:18,88,Manual,2,59,Completed
HP003892,BR004438,C00028,2025-06-19,15:24,294,Manual,1,67,Completed
HP003893,BR003820,C00082,2025-06-28,07:25,94,Manual,2,84,Completed
HP003894,BR001126,C00016,2025-06-08,13:16,46,Manual,1,69,Completed
HP003895,BR005752,C00035,2025-06-15,11:25,78,Manual,1,57,Completed
HP003896,BR002614,C00080,2025-06-21,17:39,106,Manual,0,60,Completed
HP003897,BR005945,C00010,2025-06-16,18:18,91,Manual,1,76,Completed
HP003898,BR002539,C00010,2025-06-24,14:12,306,Manual,0,67,Completed
HP003899,BR001395,C00024,2025-06-11,05:09,66,Manual,0,51,Completed
HP003900,BR003902,C00013,2025-06-12,07:51,105,Manual,2,55,Completed
HP003901,BR005947,C00009,2025-06-28,02:54,79,Manual,2,74,Completed
HP003902,BR000200,C00012,2025-06-05,11:39,259,Manual,5,63,Completed
HP003903,BR002257,C00073,2025-06-11,12:17,234,Manual,2,63,Completed
HP003904,BR002971,C00037,2025-06-27,18:46,221,Manual,0,77,Completed
HP003905,BR001647,C00092,2025-06-28,17:28,253,Manual,2,83,Completed
HP003906,BR005239,C00024,2025-06-06,06:55,46,Manual,0,61,Completed
HP003907,BR003872,C00001,2025-06-21,10:25,224,Manual,1,80,Completed
HP003908,BR000074,C00012,2025-06-16,15:07,271,Manual,3,68,Completed
HP003909,BR002434,C00095,2025-06-08,07:01,134,Manual,2,49,Completed
HP003910,BR004804,C00025,2025-06-29,04:18,233,Manual,2,66,Completed
HP003911,BR002709,C00060,2025-06-16,18:59,224,Manual,1,53,Completed
HP003912,BR005916,C00068,2025-06-15,01:51,141,Manual,2,77,Completed
HP003913,BR001241,C00046,2025-06-14,00:08,61,Manual,1,46,Completed
HP003914,BR001146,C00047,2025-06-14,00:58,183,Manual,2,57,Completed
HP003915,BR004930,C00030,2025-06-25,17:31,152,Manual,3,85,Completed
HP003916,BR000062,C00046,2025-06-15,10:41,119,Manual,2,70,Completed
HP003917,BR001888,C00059,2025-06-07,15:43,204,Manual,4,60,Completed
HP003918,BR004524,C00086,2025-06-11,05:11,44,Manual,2,69,Completed
HP003919,BR002346,C00011,2025-06-02,02:53,175,Manual,3,63,Completed
HP003920,BR000413,C00100,2025-06-04,00:04,73,Manual,1,70,Completed
HP003921,BR001923,C00022,2025-06-19,18:33,73,Manual,2,63,Completed
HP003922,BR004829,C00027,2025-06-10,01:38,154,Manual,2,69,Completed
HP003923,BR003254,C00003,2025-06-09,16:10,223,Manual,1,62,Completed
HP003924,BR004634,C00053,2025-06-25,08:39,189,Manual,2,45,Completed
HP003925,BR004656,C00017,2025-06-14,18:37,154,Manual,0,81,Completed
HP003926,BR003547,C00073,2025-06-18,06:34,152,Manual,4,58,Completed
HP003927,BR004141,C00097,2025-06-07,13:03,38,Manual,3,50,Completed
HP003928,BR003926,C00069,2025-06-03,16:29,237,Manual,1,71,Completed
HP003929,BR002521,C00083,2025-06-08,16:47,257,Manual,1,53,Completed
HP003930,BR004421,C00073,2025-06-06,01:12,262,Manual,3,78,Completed
HP003931,BR001949,C00018,2025-06-23,18:02,214,Manual,3,54,Completed
HP003932,BR001739,C00006,2025-06-03,12:26,166,Manual,0,58,Completed
HP003933,BR004529,C00088,2025-06-05,07:02,150,Manual,0,57,Completed
HP003934,BR002664,C00025,2025-06-08,14:59,206,Manual,3,49,Completed
HP003935,BR004246,C00026,2025-06-03,07:02,228,Manual,3,80,Completed
HP003936,BR005729,C00006,2025-06-21,18:44,131,Manual,0,61,Completed
HP003937,BR001027,C00039,2025-06-28,17:05,219,Manual,1,71,Completed
HP003938,BR005148,C00072,2025-06-12,18:26,232,Manual,2,51,Completed
HP003939,BR003594,C00095,2025-06-09,04:17,100,Manual,0,84,Completed
HP003940,BR005377,C00077,2025-06-18,14:55,73,Manual,5,81,Completed
HP003941,BR005936,C00060,2025-06-23,18:05,121,Manual,2,46,Completed
HP003942,BR002945,C00049,2025-06-03,14:24,75,Manual,0,64,Completed
HP003943,BR004428,C00070,2025-06-29,06:35,265,Manual,3,75,Completed
HP003944,BR003743,C00048,2025-06-11,04:06,153,Manual,1,56,Completed
HP003945,BR003273,C00024,2025-06-27,04:54,78,Manual,0,63,Completed
HP003946,BR000135,C00046,2025-06-15,09:52,205,Manual,3,61,Completed
HP003947,BR000390,C00067,2025-06-19,04:19,86,Manual,2,66,Completed
HP003948,BR005065,C00083,2025-06-24,04:03,149,Manual,2,77,Completed
HP003949,BR003726,C00082,2025-06-07,05:52,156,Manual,6,64,Completed
HP003950,BR004711,C00027,2025-06-28,00:20,105,Manual,1,60,Completed
HP003951,BR000082,C00016,2025-06-30,07:41,77,Manual,1,65,Completed
HP003952,BR005586,C00018,2025-06-19,13:53,37,Manual,2,63,Completed
HP003953,BR004279,C00006,2025-06-04,05:05,144,Manual,3,62,Completed
HP003954,BR004672,C00092,2025-06-21,11:25,83,Manual,1,77,Completed
HP003955,BR002514,C00068,2025-06-12,06:21,269,Manual,5,73,Completed
HP003956,BR003480,C00058,2025-06-30,05:26,312,Manual,2,59,Completed
HP003957,BR001516,C00042,2025-06-09,19:17,73,Manual,2,65,Completed
HP003958,BR002118,C00072,2025-06-10,15:31,76,Manual,2,59,Completed
HP003959,BR000479,C00093,2025-06-19,13:18,161,Manual,3,70,Completed
HP003960,BR004511,C00039,2025-06-01,04:34,138,Manual,2,79,Completed
HP003961,BR002882,C00012,2025-06-20,04:46,117,Manual,3,45,Completed
HP003962,BR003408,C00073,2025-06-16,09:02,43,Manual,3,52,Completed
HP003963,BR004345,C00093,2025-06-16,01:38,55,Manual,3,73,Completed
HP003964,BR003645,C00040,2025-06-01,10:08,217,Manual,1,73,Completed
HP003965,BR000920,C00080,2025-06-20,18:57,149,Manual,0,70,Completed
HP003966,BR002005,C00076,2025-06-30,00:07,114,Manual,1,54,Completed
HP003967,BR000766,C00018,2025-06-19,11:08,116,Manual,2,65,Completed
HP003968,BR003648,C00042,2025-06-30,14:38,55,Manual,5,46,Completed
HP003969,BR004878,C00023,2025-06-28,08:50,159,Manual,2,72,Completed
HP003970,BR004012,C00091,2025-06-28,16:30,139,Manual,3,76,Completed
HP003971,BR001472,C00002,2025-06-23,07:56,135,Manual,1,67,Completed
HP003972,BR004970,C00070,2025-06-21,10:16,71,Manual,4,55,Completed
HP003973,BR001045,C00065,2025-06-17,02:40,70,Manual,2,63,Completed
HP003974,BR001028,C00073,2025-06-26,04:24,50,Manual,3,74,Completed
HP003975,BR000671,C00039,2025-06-18,19:20,188,Manual,2,63,Completed
HP003976,BR000263,C00076,2025-06-19,16:11,231,Manual,0,46,Completed
HP003977,BR005988,C00042,2025-06-04,19:37,217,Manual,1,66,Completed
HP003978,BR003383,C00097,2025-06-18,09:16,333,Manual,0,82,Completed
HP003979,BR001591,C00077,2025-06-07,10:13,68,Manual,5,84,Completed
HP003980,BR001274,C00066,2025-06-06,06:23,89,Manual,2,69,Completed
HP003981,BR004721,C00064,2025-06-03,00:30,76,Manual,1,62,Completed
HP003982,BR003650,C00083,2025-06-06,14:51,129,Manual,2,50,Completed
HP003983,BR001871,C00061,2025-06-11,01:59,48,Manual,1,71,Completed
HP003984,BR003040,C00068,2025-06-02,13:37,300,Manual,1,72,Completed
HP003985,BR004175,C00024,2025-06-01,12:54,167,Manual,4,74,Completed
HP003986,BR001142,C00054,2025-06-24,11:00,57,Manual,3,55,Completed
HP003987,BR000813,C00090,2025-06-01,05:56,222,Manual,0,78,Completed
HP003988,BR000904,C00011,2025-06-16,18:14,203,Manual,2,66,Completed
HP003989,BR000606,C00006,2025-06-07,07:27,223,Manual,1,61,Completed
HP003990,BR002146,C00038,2025-06-24,00:40,190,Manual,2,49,Completed
HP003991,BR000905,C00061,2025-06-23,08:39,186,Manual,2,59,Completed
HP003992,BR003925,C00013,2025-06-29,05:03,276,Manual,4,85,Completed
HP003993,BR003451,C00096,2025-06-09,04:29,172,Manual,3,84,Completed
HP003994,BR003406,C00074,2025-06-30,19:59,154,Manual,2,64,Completed
HP003995,BR002820,C00016,2025-06-10,17:20,168,Manual,1,64,Completed
HP003996,BR004644,C00012,2025-06-11,06:56,82,Manual,2,60,Completed
HP003997,BR000569,C00076,2025-06-23,15:17,90,Manual,1,84,Completed
HP003998,BR004827,C00045,2025-06-14,08:50,156,Manual,0,57,Completed
HP003999,BR004249,C00080,2025-06-27,02:57,103,Manual,1,65,Completed
HP004000,BR000970,C00092,2025-06-02,04:59,258,Manual,2,82,Completed
