task_id,asset_id,asset_type,corridor_id,location_km,signal_type,defect_or_task,severity,criticality_1_5,safety_risk_1_5,operational_impact_1_5,reported_date,due_date,overdue_days,estimated_duration_min,required_team_size,maintenance_type,possession_required,status
SMMS000001,AST006154,Level Crossing Signal,C00074,2.1,LC Gate Signal,Signal failure,Medium,2,3,1,2025-06-01,2025-06-24,7,118,2,Preventive,Yes,In Progress
SMMS000002,AST008318,Axle Counter,C00047,32.7,Axle Counter,Axle counter fault,Low,3,2,1,2025-03-31,2025-05-12,50,143,3,Corrective,Yes,Open
SMMS000003,AST007290,Point Machine,C00014,15.6,Electric Point Machine,Point machine fault,High,1,4,3,2025-06-28,2025-07-05,0,136,4,Corrective,Yes,Open
SMMS000004,AST007692,Optical Fiber,C00014,102.2,OFC Link,Cable fault,Critical,3,4,3,2025-06-18,2025-06-21,10,207,2,Corrective,Yes,Scheduled
SMMS000005,AST005948,Axle Counter,C00095,82.1,Axle Counter,Axle counter fault,Medium,4,2,2,2025-05-18,2025-06-06,25,108,3,Corrective,No,Open
SMMS000006,AST007793,Track Circuit,C00098,2.5,Track Circuit,Track circuit fault,Medium,2,2,2,2025-06-15,2025-06-27,4,135,3,Corrective,Yes,Open
SMMS000007,AST006037,Signal,C00031,2.7,Colour Light Signal,Signal failure,Low,3,2,1,2025-04-12,2025-05-15,0,91,4,Corrective,No,Completed
SMMS000008,AST005404,Track Circuit,C00012,25.5,Track Circuit,Track circuit fault,High,3,3,3,2025-03-26,2025-04-03,89,156,4,Corrective,Yes,Scheduled
SMMS000009,AST007074,Point Machine,C00033,51.0,Electric Point Machine,Point machine fault,High,4,4,2,2025-06-17,2025-06-27,0,180,3,Corrective,Yes,Completed
SMMS000010,AST005439,Track Circuit,C00009,70.6,Track Circuit,Track circuit fault,Low,2,1,1,2025-05-31,2025-07-09,0,54,2,Corrective,No,Scheduled
SMMS000011,AST008222,Interlocking,C00034,17.2,Route Relay Interlocking,Interlocking inspection,High,3,3,3,2025-05-27,2025-06-06,25,172,4,Inspection,Yes,Open
SMMS000012,AST006672,Interlocking,C00026,194.7,Route Relay Interlocking,Interlocking inspection,Low,3,1,2,2025-06-12,2025-07-12,0,237,4,Inspection,Yes,Open
SMMS000013,AST007260,Track Circuit,C00005,76.2,Track Circuit,Track circuit fault,Medium,3,3,1,2025-03-06,2025-03-25,98,99,2,Corrective,No,Open
SMMS000014,AST007999,Level Crossing Signal,C00013,25.0,LC Gate Signal,Signal failure,Low,2,2,1,2025-06-24,2025-08-05,0,81,3,Inspection,No,Completed
SMMS000015,AST008532,Level Crossing Signal,C00096,106.0,LC Gate Signal,Signal failure,Critical,5,4,4,2025-06-10,2025-06-14,17,142,3,Preventive,No,Open
SMMS000016,AST008014,Axle Counter,C00032,3.2,Axle Counter,Axle counter fault,High,3,3,2,2025-06-29,2025-07-08,0,83,3,Corrective,No,Open
SMMS000017,AST005417,Level Crossing Signal,C00034,15.4,LC Gate Signal,Signal failure,Medium,3,3,2,2025-06-24,2025-07-09,0,122,3,Corrective,No,Completed
SMMS000018,AST005556,Interlocking,C00082,108.4,Route Relay Interlocking,Interlocking inspection,Low,3,1,2,2025-05-12,2025-06-18,13,246,4,Inspection,No,Open
SMMS000019,AST007449,Relay,C00088,85.4,Relay Interlocking,Relay degradation,High,4,4,5,2025-06-20,2025-06-30,1,117,2,Corrective,No,Open
SMMS000020,AST006522,Track Circuit,C00100,4.2,Track Circuit,Track circuit fault,Low,3,1,1,2025-03-05,2025-04-05,87,57,2,Preventive,Yes,Open
SMMS000021,AST006793,Signal,C00064,102.5,Colour Light Signal,Signal lamp/equipment replacement,Low,3,2,1,2025-05-25,2025-06-20,11,97,3,Preventive,No,Open
SMMS000022,AST005344,Optical Fiber,C00062,12.7,OFC Link,Cable fault,Critical,2,5,5,2025-03-20,2025-03-24,0,166,4,Preventive,Yes,Completed
SMMS000023,AST005691,Axle Counter,C00078,91.7,Axle Counter,Axle counter fault,Critical,5,4,4,2025-06-30,2025-07-05,0,164,2,Corrective,Yes,Completed
SMMS000024,AST006953,Axle Counter,C00062,42.1,Axle Counter,Axle counter fault,Medium,2,2,2,2025-05-22,2025-06-13,18,73,2,Preventive,Yes,Open
SMMS000025,AST005652,Track Circuit,C00009,15.3,Track Circuit,Track circuit fault,Low,3,2,1,2025-06-23,2025-07-22,0,112,1,Preventive,Yes,Open
SMMS000026,AST007579,Track Circuit,C00045,93.7,Track Circuit,Track circuit fault,Medium,3,3,1,2025-05-22,2025-06-09,0,193,3,Preventive,Yes,Completed
SMMS000027,AST008373,Level Crossing Signal,C00084,10.0,LC Gate Signal,Signal failure,High,4,4,2,2025-03-08,2025-03-13,110,86,3,Corrective,Yes,Open
SMMS000028,AST005679,Interlocking,C00078,61.2,Route Relay Interlocking,Interlocking inspection,Medium,4,3,2,2025-06-17,2025-07-01,0,266,3,Inspection,Yes,Open
SMMS000029,AST005396,Optical Fiber,C00060,32.8,OFC Link,Cable fault,Low,1,4,2,2025-06-13,2025-07-17,0,97,2,Inspection,No,Scheduled
SMMS000030,AST007434,Track Circuit,C00012,60.0,Track Circuit,Track circuit fault,Medium,4,3,2,2025-03-08,2025-03-19,104,191,3,Corrective,No,Open
SMMS000031,AST007043,Axle Counter,C00002,46.8,Axle Counter,Axle counter fault,High,5,3,1,2025-06-23,2025-07-02,0,83,2,Corrective,Yes,Open
SMMS000032,AST006690,Point Machine,C00031,3.3,Electric Point Machine,Point machine fault,Low,2,2,2,2025-06-21,2025-07-23,0,131,4,Preventive,No,Completed
SMMS000033,AST005294,Level Crossing Signal,C00001,125.1,LC Gate Signal,Signal failure,Medium,3,4,2,2025-06-22,2025-07-07,0,186,2,Preventive,No,Scheduled
SMMS000034,AST008463,Point Machine,C00069,215.2,Electric Point Machine,Point machine fault,High,2,3,4,2025-06-14,2025-06-24,0,121,5,Corrective,Yes,Completed
SMMS000035,AST007903,Optical Fiber,C00063,60.5,OFC Link,Cable fault,Medium,3,2,1,2025-06-29,2025-07-15,0,167,2,Corrective,No,In Progress
SMMS000036,AST006445,Relay,C00041,21.5,Relay Interlocking,Relay degradation,Medium,3,3,2,2025-06-17,2025-07-03,0,102,3,Corrective,Yes,In Progress
SMMS000037,AST008089,Track Circuit,C00014,7.5,Track Circuit,Track circuit fault,Low,2,2,1,2025-06-18,2025-07-28,0,131,2,Corrective,No,Scheduled
SMMS000038,AST006584,Track Circuit,C00004,72.2,Track Circuit,Track circuit fault,Medium,4,2,1,2025-06-25,2025-07-13,0,125,3,Corrective,Yes,Completed
SMMS000039,AST005437,Telecom Cable,C00065,29.2,Quad Cable,Cable fault,Medium,3,2,2,2025-06-27,2025-07-12,0,177,3,Preventive,No,Open
SMMS000040,AST005643,Optical Fiber,C00030,74.2,OFC Link,Cable fault,Medium,3,1,1,2025-06-27,2025-07-18,0,99,1,Corrective,Yes,Scheduled
SMMS000041,AST006087,Signal,C00027,48.9,Colour Light Signal,Signal lamp/equipment replacement,Medium,2,3,2,2025-04-08,2025-04-25,67,53,2,Corrective,No,In Progress
SMMS000042,AST007898,Signal,C00020,56.7,Colour Light Signal,Signal failure,Low,2,2,2,2025-04-22,2025-05-17,45,159,6,Preventive,No,Scheduled
SMMS000043,AST007741,Axle Counter,C00027,8.9,Axle Counter,Axle counter fault,High,1,4,3,2025-06-20,2025-06-27,4,105,3,Preventive,No,Open
SMMS000044,AST005924,Axle Counter,C00032,17.1,Axle Counter,Axle counter fault,High,3,4,1,2025-06-18,2025-06-28,3,49,2,Preventive,No,Scheduled
SMMS000045,AST006224,Interlocking,C00007,58.4,Route Relay Interlocking,Interlocking inspection,Medium,2,2,1,2025-06-03,2025-06-15,16,173,4,Inspection,No,Open
SMMS000046,AST005323,Optical Fiber,C00030,119.0,OFC Link,Cable fault,High,3,4,3,2025-06-24,2025-07-03,0,137,4,Corrective,Yes,Scheduled
SMMS000047,AST005418,Axle Counter,C00002,94.1,Axle Counter,Axle counter fault,Medium,3,1,1,2025-06-28,2025-07-19,0,95,3,Preventive,Yes,Scheduled
SMMS000048,AST007232,Telecom Cable,C00025,161.3,Quad Cable,Cable fault,Medium,2,3,2,2025-06-28,2025-07-22,0,168,3,Preventive,No,Completed
SMMS000049,AST006954,Optical Fiber,C00077,18.9,OFC Link,Cable fault,High,4,4,4,2025-03-29,2025-04-10,82,121,2,Preventive,No,Open
SMMS000050,AST007432,Signal,C00009,25.2,Colour Light Signal,Signal failure,Low,4,1,2,2025-04-06,2025-05-18,0,139,4,Inspection,Yes,Completed
SMMS000051,AST006995,Telecom Cable,C00060,11.6,Quad Cable,Cable fault,Low,1,2,1,2025-04-21,2025-05-25,0,185,4,Preventive,No,Completed
SMMS000052,AST006486,Point Machine,C00054,33.4,Electric Point Machine,Point machine fault,High,3,4,2,2025-05-19,2025-05-27,35,196,4,Preventive,Yes,Open
SMMS000053,AST006456,Telecom Cable,C00020,57.7,Quad Cable,Cable fault,High,4,5,3,2025-06-05,2025-06-13,18,193,4,Corrective,No,Open
SMMS000054,AST008489,Telecom Cable,C00023,37.2,Quad Cable,Cable fault,Low,3,2,3,2025-05-22,2025-07-05,0,217,5,Preventive,Yes,Completed
SMMS000055,AST008282,Signal,C00003,28.7,Colour Light Signal,Signal lamp/equipment replacement,Low,2,1,1,2025-05-20,2025-07-08,0,113,3,Corrective,Yes,Open
SMMS000056,AST005940,Axle Counter,C00054,37.4,Axle Counter,Axle counter fault,Medium,2,3,2,2025-05-31,2025-06-22,0,94,4,Preventive,No,Completed
SMMS000057,AST005432,Signal,C00065,62.4,Colour Light Signal,Signal lamp/equipment replacement,Low,1,2,2,2025-05-23,2025-06-30,1,54,4,Inspection,No,Open
SMMS000058,AST007485,Signal,C00064,78.4,Colour Light Signal,Signal failure,High,4,2,3,2025-05-29,2025-06-04,27,76,3,Corrective,Yes,Deferred
SMMS000059,AST005728,Axle Counter,C00097,19.4,Axle Counter,Axle counter fault,Critical,4,4,5,2025-06-27,2025-07-01,0,78,2,Corrective,No,Open
SMMS000060,AST006508,Interlocking,C00036,42.6,Route Relay Interlocking,Interlocking inspection,High,3,3,4,2025-06-17,2025-06-28,3,235,3,Inspection,Yes,In Progress
SMMS000061,AST007700,Track Circuit,C00007,168.5,Track Circuit,Track circuit fault,High,2,4,3,2025-06-26,2025-07-04,0,173,3,Preventive,No,Open
SMMS000062,AST006260,Telecom Cable,C00008,10.4,Quad Cable,Cable fault,Medium,2,2,2,2025-05-05,2025-05-24,38,236,4,Corrective,Yes,In Progress
SMMS000063,AST005987,Relay,C00094,64.5,Relay Interlocking,Relay degradation,Critical,4,3,3,2025-05-21,2025-05-24,38,87,3,Corrective,Yes,Scheduled
SMMS000064,AST007658,Level Crossing Signal,C00098,0.1,LC Gate Signal,Signal failure,High,3,4,5,2025-05-21,2025-05-31,31,107,6,Corrective,Yes,Deferred
SMMS000065,AST005751,Level Crossing Signal,C00050,50.1,LC Gate Signal,Signal failure,Low,2,2,2,2025-06-08,2025-07-16,0,117,2,Preventive,No,Open
SMMS000066,AST007374,Signal,C00082,96.8,Colour Light Signal,Signal failure,Medium,5,2,2,2025-06-22,2025-07-07,0,109,3,Corrective,No,Scheduled
SMMS000067,AST006065,Signal,C00003,61.2,Colour Light Signal,Signal failure,Medium,3,2,2,2025-04-01,2025-04-17,75,137,3,Corrective,Yes,Open
SMMS000068,AST005805,Point Machine,C00015,99.2,Electric Point Machine,Point machine fault,Low,2,2,2,2025-06-10,2025-07-20,0,188,5,Preventive,Yes,Completed
SMMS000069,AST006175,Level Crossing Signal,C00095,18.8,LC Gate Signal,Signal failure,Medium,3,1,2,2025-05-28,2025-06-13,18,112,4,Corrective,No,Open
SMMS000070,AST008596,Interlocking,C00089,12.3,Route Relay Interlocking,Interlocking inspection,Low,1,2,2,2025-05-21,2025-06-25,0,211,5,Inspection,No,Completed
SMMS000071,AST007132,Point Machine,C00004,60.0,Electric Point Machine,Point machine fault,High,3,4,3,2025-06-23,2025-07-04,0,140,2,Corrective,No,Open
SMMS000072,AST005937,Point Machine,C00015,182.2,Electric Point Machine,Point machine fault,Low,3,2,2,2025-06-30,2025-08-11,0,155,4,Corrective,No,Deferred
SMMS000073,AST006616,Axle Counter,C00051,30.7,Axle Counter,Axle counter fault,Critical,4,4,4,2025-06-01,2025-06-03,28,123,2,Preventive,Yes,Scheduled
SMMS000074,AST007316,Optical Fiber,C00081,0.1,OFC Link,Cable fault,High,3,4,3,2025-03-15,2025-03-22,0,112,2,Corrective,No,Completed
SMMS000075,AST007603,Level Crossing Signal,C00025,311.6,LC Gate Signal,Signal failure,Low,3,1,2,2025-06-19,2025-07-21,0,126,3,Preventive,Yes,Completed
SMMS000076,AST008453,Telecom Cable,C00014,69.2,Quad Cable,Cable fault,Low,2,1,1,2025-06-18,2025-07-21,0,193,4,Inspection,Yes,Completed
SMMS000077,AST007674,Interlocking,C00002,19.5,Route Relay Interlocking,Interlocking inspection,Medium,3,3,1,2025-06-20,2025-07-03,0,139,2,Inspection,No,Scheduled
SMMS000078,AST008182,Level Crossing Signal,C00048,33.1,LC Gate Signal,Signal failure,Medium,3,3,2,2025-06-05,2025-06-24,7,97,1,Preventive,Yes,Open
SMMS000079,AST008025,Signal,C00050,36.9,Colour Light Signal,Signal failure,High,3,3,1,2025-06-19,2025-06-27,0,115,3,Preventive,Yes,Completed
SMMS000080,AST005604,Level Crossing Signal,C00063,77.7,LC Gate Signal,Signal failure,Medium,3,2,3,2025-03-30,2025-04-13,79,125,4,Corrective,Yes,Open
SMMS000081,AST006553,Relay,C00055,108.3,Relay Interlocking,Relay degradation,Critical,5,4,2,2025-06-17,2025-06-20,0,101,2,Corrective,No,Completed
SMMS000082,AST008163,Optical Fiber,C00012,65.1,OFC Link,Cable fault,High,4,4,3,2025-03-19,2025-03-31,0,157,5,Preventive,No,Completed
SMMS000083,AST005747,Point Machine,C00045,48.0,Electric Point Machine,Point machine fault,Low,3,2,1,2025-06-22,2025-08-01,0,197,4,Inspection,No,Open
SMMS000084,AST005793,Level Crossing Signal,C00025,174.3,LC Gate Signal,Signal failure,Low,3,2,2,2025-06-01,2025-07-08,0,125,1,Preventive,No,Completed
SMMS000085,AST005449,Relay,C00071,5.8,Relay Interlocking,Relay degradation,Medium,2,3,1,2025-06-30,2025-07-13,0,106,2,Corrective,No,Open
SMMS000086,AST005868,Point Machine,C00011,220.1,Electric Point Machine,Point machine fault,Medium,5,3,1,2025-05-06,2025-05-26,36,71,2,Preventive,No,Open
SMMS000087,AST006596,Level Crossing Signal,C00097,11.9,LC Gate Signal,Signal failure,Low,3,1,2,2025-05-30,2025-06-24,7,91,2,Inspection,Yes,Scheduled
SMMS000088,AST007053,Signal,C00066,39.6,Colour Light Signal,Signal failure,Medium,3,3,2,2025-06-26,2025-07-10,0,137,4,Corrective,Yes,Open
SMMS000089,AST006331,Telecom Cable,C00002,40.2,Quad Cable,Cable fault,Medium,2,3,2,2025-05-24,2025-06-11,20,203,3,Preventive,No,Scheduled
SMMS000090,AST005520,Telecom Cable,C00015,105.8,Quad Cable,Cable fault,Medium,2,4,2,2025-06-23,2025-07-08,0,157,5,Preventive,No,Completed
SMMS000091,AST008320,Optical Fiber,C00093,32.9,OFC Link,Cable fault,Low,2,2,2,2025-06-04,2025-07-10,0,88,3,Inspection,Yes,Completed
SMMS000092,AST008535,Interlocking,C00065,16.4,Route Relay Interlocking,Interlocking inspection,Medium,2,2,3,2025-06-19,2025-07-09,0,164,3,Inspection,No,Completed
SMMS000093,AST007907,Optical Fiber,C00011,241.3,OFC Link,Cable fault,Low,3,2,2,2025-06-20,2025-07-24,0,84,3,Inspection,No,Open
SMMS000094,AST007835,Optical Fiber,C00059,30.1,OFC Link,Cable fault,Low,3,1,1,2025-03-15,2025-04-15,77,95,3,Corrective,Yes,Open
SMMS000095,AST007329,Axle Counter,C00016,20.4,Axle Counter,Axle counter fault,Low,4,2,1,2025-06-14,2025-07-23,0,70,3,Corrective,Yes,Open
SMMS000096,AST007262,Relay,C00058,9.0,Relay Interlocking,Relay degradation,Medium,3,3,1,2025-05-24,2025-06-08,23,109,6,Preventive,Yes,Scheduled
SMMS000097,AST006532,Level Crossing Signal,C00081,16.0,LC Gate Signal,Signal failure,Medium,3,2,4,2025-06-19,2025-07-10,0,156,3,Preventive,Yes,Scheduled
SMMS000098,AST007897,Optical Fiber,C00045,147.7,OFC Link,Cable fault,Critical,5,4,3,2025-05-25,2025-05-29,33,162,3,Preventive,No,Open
SMMS000099,AST005985,Track Circuit,C00071,5.8,Track Circuit,Track circuit fault,Medium,3,2,2,2025-05-28,2025-06-15,16,135,1,Preventive,Yes,Scheduled
SMMS000100,AST006581,Axle Counter,C00030,1.8,Axle Counter,Axle counter fault,Medium,2,1,2,2025-06-17,2025-07-03,0,138,3,Preventive,Yes,Open
SMMS000101,AST007215,Level Crossing Signal,C00077,15.7,LC Gate Signal,Signal failure,High,4,3,3,2025-06-18,2025-06-25,0,69,2,Corrective,Yes,Completed
SMMS000102,AST006382,Interlocking,C00026,148.5,Route Relay Interlocking,Interlocking inspection,Low,4,2,1,2025-06-26,2025-08-11,0,187,2,Inspection,No,Open
SMMS000103,AST007604,Optical Fiber,C00025,383.3,OFC Link,Cable fault,Medium,3,4,2,2025-04-30,2025-05-16,46,179,4,Corrective,Yes,In Progress
SMMS000104,AST005711,Axle Counter,C00028,67.4,Axle Counter,Axle counter fault,Low,2,2,2,2025-06-27,2025-07-21,0,107,4,Preventive,No,Open
SMMS000105,AST006867,Track Circuit,C00068,120.5,Track Circuit,Track circuit fault,Critical,4,3,4,2025-06-15,2025-06-17,14,115,2,Corrective,Yes,Open
SMMS000106,AST006857,Level Crossing Signal,C00027,26.5,LC Gate Signal,Signal failure,Low,2,2,1,2025-06-16,2025-07-22,0,70,2,Inspection,No,In Progress
SMMS000107,AST006062,Relay,C00023,8.7,Relay Interlocking,Relay degradation,Low,4,1,1,2025-06-18,2025-07-27,0,145,3,Inspection,No,Completed
SMMS000108,AST005476,Axle Counter,C00039,10.2,Axle Counter,Axle counter fault,Low,2,2,1,2025-05-26,2025-06-19,12,51,3,Preventive,No,Open
SMMS000109,AST005655,Optical Fiber,C00044,52.9,OFC Link,Cable fault,High,4,4,2,2025-06-01,2025-06-10,21,100,3,Corrective,Yes,Scheduled
SMMS000110,AST005683,Track Circuit,C00082,12.2,Track Circuit,Track circuit fault,High,3,3,4,2025-05-22,2025-05-27,35,139,3,Preventive,Yes,Open
SMMS000111,AST006133,Axle Counter,C00057,36.4,Axle Counter,Axle counter fault,Medium,2,2,2,2025-06-26,2025-07-19,0,168,3,Corrective,Yes,Completed
SMMS000112,AST005763,Telecom Cable,C00038,199.4,Quad Cable,Cable fault,Medium,4,4,2,2025-06-13,2025-06-24,7,114,2,Preventive,No,Open
SMMS000113,AST006477,Relay,C00032,10.0,Relay Interlocking,Relay degradation,Low,2,1,1,2025-05-29,2025-07-16,0,146,2,Corrective,Yes,Scheduled
SMMS000114,AST006578,Signal,C00047,61.3,Colour Light Signal,Signal lamp/equipment replacement,High,4,5,4,2025-06-22,2025-06-29,2,101,3,Preventive,Yes,Open
SMMS000115,AST005923,Point Machine,C00071,5.1,Electric Point Machine,Point machine fault,High,3,3,2,2025-06-21,2025-06-29,2,126,5,Corrective,No,Scheduled
SMMS000116,AST005781,Relay,C00042,43.9,Relay Interlocking,Relay degradation,Low,2,1,1,2025-06-19,2025-07-22,0,146,4,Preventive,No,Completed
SMMS000117,AST007358,Track Circuit,C00015,116.9,Track Circuit,Track circuit fault,Medium,2,2,2,2025-03-08,2025-03-24,0,142,4,Preventive,No,Completed
SMMS000118,AST008544,Optical Fiber,C00038,103.2,OFC Link,Cable fault,Low,2,2,1,2025-06-28,2025-07-29,0,156,2,Inspection,No,Scheduled
SMMS000119,AST006033,Track Circuit,C00006,5.3,Track Circuit,Track circuit fault,Critical,3,4,4,2025-06-25,2025-06-27,0,185,4,Corrective,Yes,Completed
SMMS000120,AST005837,Optical Fiber,C00013,105.9,OFC Link,Cable fault,Low,2,1,1,2025-05-27,2025-07-02,0,87,2,Inspection,Yes,Open
SMMS000121,AST005432,Signal,C00065,62.4,Colour Light Signal,Signal lamp/equipment replacement,Medium,2,3,2,2025-05-27,2025-06-14,0,85,3,Corrective,Yes,Completed
SMMS000122,AST005779,Signal,C00100,9.1,Colour Light Signal,Signal lamp/equipment replacement,Medium,3,3,2,2025-06-11,2025-07-01,0,62,2,Corrective,No,Open
SMMS000123,AST007734,Axle Counter,C00086,157.6,Axle Counter,Axle counter fault,Medium,2,3,3,2025-06-27,2025-07-18,0,86,4,Preventive,Yes,Open
SMMS000124,AST006032,Signal,C00087,47.3,Colour Light Signal,Signal failure,Critical,3,4,4,2025-06-06,2025-06-09,22,87,2,Corrective,No,Open
SMMS000125,AST008479,Signal,C00093,5.5,Colour Light Signal,Signal failure,High,4,3,4,2025-05-27,2025-06-02,29,90,4,Corrective,Yes,In Progress
SMMS000126,AST008034,Relay,C00095,63.8,Relay Interlocking,Relay degradation,High,3,4,3,2025-05-09,2025-05-18,44,76,2,Corrective,Yes,In Progress
SMMS000127,AST006521,Optical Fiber,C00097,25.1,OFC Link,Cable fault,High,4,3,2,2025-03-15,2025-03-24,99,128,5,Corrective,Yes,Open
SMMS000128,AST005713,Axle Counter,C00045,123.3,Axle Counter,Axle counter fault,Low,2,2,2,2025-04-24,2025-06-07,24,96,3,Corrective,Yes,Deferred
SMMS000129,AST005443,Point Machine,C00084,186.5,Electric Point Machine,Point machine fault,Low,3,2,2,2025-05-28,2025-06-27,4,161,3,Corrective,Yes,Scheduled
SMMS000130,AST005329,Telecom Cable,C00089,56.2,Quad Cable,Cable fault,High,3,4,2,2025-06-25,2025-07-05,0,159,4,Preventive,Yes,Completed
SMMS000131,AST008596,Interlocking,C00089,12.3,Route Relay Interlocking,Interlocking inspection,High,3,4,3,2025-03-19,2025-03-29,94,185,3,Inspection,No,Scheduled
SMMS000132,AST006965,Telecom Cable,C00071,13.9,Quad Cable,Cable fault,Low,2,1,2,2025-06-24,2025-07-25,0,155,3,Corrective,Yes,Completed
SMMS000133,AST007681,Relay,C00078,59.6,Relay Interlocking,Relay degradation,Critical,2,3,4,2025-06-18,2025-06-21,10,83,3,Preventive,No,Open
SMMS000134,AST008542,Relay,C00092,56.0,Relay Interlocking,Relay degradation,Low,4,2,2,2025-06-29,2025-08-12,0,62,4,Corrective,No,Completed
SMMS000135,AST006168,Relay,C00002,54.3,Relay Interlocking,Relay degradation,Low,3,1,1,2025-06-20,2025-07-30,0,82,2,Corrective,Yes,Open
SMMS000136,AST005325,Interlocking,C00025,143.6,Route Relay Interlocking,Interlocking inspection,Medium,2,3,2,2025-06-23,2025-07-13,0,210,3,Inspection,No,Completed
SMMS000137,AST005330,Track Circuit,C00014,33.8,Track Circuit,Track circuit fault,Low,3,2,1,2025-06-30,2025-07-29,0,108,3,Preventive,No,In Progress
SMMS000138,AST008605,Relay,C00099,5.1,Relay Interlocking,Relay degradation,Medium,4,3,2,2025-05-22,2025-06-10,21,87,4,Preventive,Yes,Scheduled
SMMS000139,AST007353,Track Circuit,C00088,79.6,Track Circuit,Track circuit fault,Medium,3,3,2,2025-06-17,2025-07-06,0,133,3,Preventive,No,In Progress
SMMS000140,AST005720,Interlocking,C00083,28.4,Route Relay Interlocking,Interlocking inspection,Medium,2,2,1,2025-05-26,2025-06-11,20,190,5,Inspection,Yes,Open
SMMS000141,AST005637,Telecom Cable,C00084,30.8,Quad Cable,Cable fault,Medium,4,3,1,2025-06-15,2025-06-30,1,115,4,Preventive,No,In Progress
SMMS000142,AST006745,Telecom Cable,C00051,28.8,Quad Cable,Cable fault,Medium,2,2,1,2025-05-27,2025-06-17,14,135,5,Preventive,Yes,Open
SMMS000143,AST007147,Signal,C00083,83.5,Colour Light Signal,Signal failure,Medium,2,3,2,2025-06-29,2025-07-22,0,115,2,Corrective,No,Scheduled
SMMS000144,AST006331,Telecom Cable,C00002,40.2,Quad Cable,Cable fault,Critical,3,4,3,2025-06-25,2025-06-28,3,216,4,Corrective,No,Open
SMMS000145,AST007547,Point Machine,C00011,84.9,Electric Point Machine,Point machine fault,Medium,3,3,1,2025-05-23,2025-06-06,0,142,2,Preventive,Yes,Completed
SMMS000146,AST008406,Axle Counter,C00091,226.9,Axle Counter,Axle counter fault,High,1,2,2,2025-05-26,2025-06-02,29,123,2,Corrective,Yes,Open
SMMS000147,AST005359,Signal,C00031,79.4,Colour Light Signal,Signal lamp/equipment replacement,High,2,3,3,2025-05-24,2025-06-01,0,84,4,Corrective,Yes,Completed
SMMS000148,AST006853,Telecom Cable,C00051,3.0,Quad Cable,Cable fault,High,3,4,2,2025-05-10,2025-05-21,0,105,4,Corrective,Yes,Completed
SMMS000149,AST008314,Axle Counter,C00040,93.0,Axle Counter,Axle counter fault,Medium,4,3,2,2025-05-13,2025-06-03,28,67,3,Preventive,Yes,Scheduled
SMMS000150,AST005669,Point Machine,C00015,18.0,Electric Point Machine,Point machine fault,High,4,2,3,2025-06-26,2025-07-05,0,67,4,Preventive,No,Completed
SMMS000151,AST006739,Point Machine,C00092,52.2,Electric Point Machine,Point machine fault,Medium,3,1,2,2025-05-27,2025-06-09,22,185,3,Preventive,No,Open
SMMS000152,AST007282,Axle Counter,C00057,103.5,Axle Counter,Axle counter fault,High,3,4,2,2025-06-22,2025-06-27,4,89,3,Corrective,No,In Progress
SMMS000153,AST005917,Optical Fiber,C00019,53.6,OFC Link,Cable fault,High,3,4,2,2025-05-25,2025-06-01,30,104,3,Corrective,Yes,In Progress
SMMS000154,AST007063,Level Crossing Signal,C00049,58.4,LC Gate Signal,Signal failure,Low,2,2,1,2025-06-09,2025-07-20,0,108,5,Inspection,Yes,Completed
SMMS000155,AST008487,Interlocking,C00001,267.3,Route Relay Interlocking,Interlocking inspection,Medium,3,2,1,2025-05-16,2025-06-02,0,197,3,Inspection,No,Completed
SMMS000156,AST007700,Track Circuit,C00007,168.5,Track Circuit,Track circuit fault,High,5,4,3,2025-06-02,2025-06-08,0,101,3,Preventive,No,Completed
SMMS000157,AST006074,Signal,C00043,16.2,Colour Light Signal,Signal failure,Medium,1,3,2,2025-06-25,2025-07-09,0,97,3,Preventive,No,Open
SMMS000158,AST007697,Axle Counter,C00011,63.4,Axle Counter,Axle counter fault,Critical,5,4,2,2025-06-19,2025-06-22,9,122,3,Preventive,No,Deferred
SMMS000159,AST007867,Telecom Cable,C00065,48.8,Quad Cable,Cable fault,Low,1,2,1,2025-06-22,2025-07-25,0,167,3,Inspection,Yes,In Progress
SMMS000160,AST007778,Point Machine,C00033,45.0,Electric Point Machine,Point machine fault,Medium,3,3,3,2025-06-27,2025-07-15,0,208,3,Preventive,Yes,Completed
SMMS000161,AST006863,Interlocking,C00040,34.5,Route Relay Interlocking,Interlocking inspection,Low,3,2,1,2025-06-19,2025-07-24,0,161,3,Inspection,No,Open
SMMS000162,AST008377,Track Circuit,C00031,10.8,Track Circuit,Track circuit fault,Medium,3,2,2,2025-05-29,2025-06-13,18,130,3,Corrective,Yes,In Progress
SMMS000163,AST005548,Point Machine,C00023,25.3,Electric Point Machine,Point machine fault,High,2,3,3,2025-06-04,2025-06-09,22,161,4,Preventive,Yes,Scheduled
SMMS000164,AST006747,Signal,C00036,43.5,Colour Light Signal,Signal lamp/equipment replacement,Low,2,1,1,2025-03-07,2025-04-22,70,91,3,Corrective,Yes,Scheduled
SMMS000165,AST008061,Telecom Cable,C00076,94.2,Quad Cable,Cable fault,Medium,2,3,2,2025-06-28,2025-07-19,0,147,2,Corrective,Yes,Deferred
SMMS000166,AST005417,Level Crossing Signal,C00034,15.4,LC Gate Signal,Signal failure,Medium,1,2,2,2025-06-23,2025-07-08,0,77,1,Preventive,Yes,Completed
SMMS000167,AST007076,Optical Fiber,C00008,78.1,OFC Link,Cable fault,High,3,5,3,2025-06-23,2025-06-30,0,224,4,Corrective,Yes,Completed
SMMS000168,AST007415,Axle Counter,C00026,296.3,Axle Counter,Axle counter fault,Low,2,2,3,2025-04-07,2025-05-09,0,84,3,Corrective,No,Completed
SMMS000169,AST006713,Signal,C00008,41.9,Colour Light Signal,Signal failure,Critical,3,4,2,2025-05-15,2025-05-18,44,152,3,Preventive,Yes,Scheduled
SMMS000170,AST006707,Axle Counter,C00024,24.3,Axle Counter,Axle counter fault,High,2,3,2,2025-06-29,2025-07-08,0,118,2,Corrective,Yes,Completed
SMMS000171,AST008380,Axle Counter,C00061,43.9,Axle Counter,Axle counter fault,Low,2,3,2,2025-05-30,2025-07-03,0,64,4,Preventive,No,Completed
SMMS000172,AST005355,Level Crossing Signal,C00062,36.9,LC Gate Signal,Signal failure,High,3,5,3,2025-05-30,2025-06-07,24,87,2,Corrective,Yes,Scheduled
SMMS000173,AST008537,Optical Fiber,C00054,14.2,OFC Link,Cable fault,Medium,2,2,2,2025-06-21,2025-07-07,0,202,4,Preventive,Yes,Scheduled
SMMS000174,AST007429,Point Machine,C00079,15.4,Electric Point Machine,Point machine fault,Medium,3,3,2,2025-03-21,2025-04-08,84,115,2,Preventive,Yes,Open
SMMS000175,AST007719,Level Crossing Signal,C00091,152.3,LC Gate Signal,Signal failure,High,4,4,2,2025-06-24,2025-07-02,0,106,2,Corrective,Yes,Open
SMMS000176,AST008117,Optical Fiber,C00043,13.6,OFC Link,Cable fault,High,4,3,2,2025-06-23,2025-07-02,0,130,3,Corrective,Yes,Deferred
SMMS000177,AST007232,Telecom Cable,C00025,161.3,Quad Cable,Cable fault,Critical,3,4,2,2025-04-12,2025-04-15,77,233,3,Corrective,No,Scheduled
SMMS000178,AST007662,Relay,C00076,127.7,Relay Interlocking,Relay degradation,High,1,4,3,2025-06-12,2025-06-21,10,109,3,Corrective,Yes,Open
SMMS000179,AST005979,Track Circuit,C00006,18.3,Track Circuit,Track circuit fault,Low,3,1,2,2025-06-01,2025-07-01,0,129,4,Corrective,No,Open
SMMS000180,AST006682,Axle Counter,C00050,52.4,Axle Counter,Axle counter fault,Medium,2,4,1,2025-05-20,2025-06-06,25,52,3,Preventive,Yes,Open
SMMS000181,AST006283,Axle Counter,C00038,15.7,Axle Counter,Axle counter fault,Low,2,1,2,2025-06-18,2025-07-27,0,93,3,Inspection,Yes,Completed
SMMS000182,AST008331,Level Crossing Signal,C00094,45.4,LC Gate Signal,Signal failure,Medium,3,2,3,2025-03-28,2025-04-11,81,115,2,Corrective,Yes,Scheduled
SMMS000183,AST007914,Telecom Cable,C00068,67.9,Quad Cable,Cable fault,Low,3,2,2,2025-06-06,2025-07-13,0,158,5,Corrective,No,Open
SMMS000184,AST007597,Optical Fiber,C00050,42.7,OFC Link,Cable fault,Critical,3,4,3,2025-05-24,2025-05-27,35,135,2,Preventive,Yes,Deferred
SMMS000185,AST006007,Telecom Cable,C00008,65.5,Quad Cable,Cable fault,High,4,3,2,2025-05-20,2025-05-27,0,217,3,Corrective,Yes,Completed
SMMS000186,AST008006,Relay,C00063,91.0,Relay Interlocking,Relay degradation,Medium,1,2,1,2025-06-26,2025-07-16,0,114,4,Preventive,Yes,Completed
SMMS000187,AST008112,Track Circuit,C00095,33.7,Track Circuit,Track circuit fault,Critical,5,5,5,2025-06-03,2025-06-08,23,143,5,Preventive,No,Open
SMMS000188,AST006047,Axle Counter,C00085,130.1,Axle Counter,Axle counter fault,High,2,3,3,2025-06-17,2025-06-27,4,135,2,Corrective,No,In Progress
SMMS000189,AST006663,Relay,C00071,11.2,Relay Interlocking,Relay degradation,Low,4,2,1,2025-05-14,2025-06-20,11,79,3,Corrective,Yes,Open
SMMS000190,AST005627,Signal,C00058,29.8,Colour Light Signal,Signal lamp/equipment replacement,Medium,2,4,2,2025-06-08,2025-06-20,11,43,2,Preventive,No,Scheduled
SMMS000191,AST006912,Relay,C00068,17.1,Relay Interlocking,Relay degradation,Low,2,2,1,2025-05-20,2025-06-24,7,77,5,Corrective,No,Open
SMMS000192,AST007591,Optical Fiber,C00006,19.8,OFC Link,Cable fault,High,4,3,3,2025-06-22,2025-06-29,2,122,5,Preventive,Yes,Open
SMMS000193,AST005680,Level Crossing Signal,C00023,38.7,LC Gate Signal,Signal failure,High,3,5,1,2025-05-10,2025-05-18,0,150,2,Preventive,Yes,Completed
SMMS000194,AST008159,Optical Fiber,C00033,24.7,OFC Link,Cable fault,Low,2,1,1,2025-06-19,2025-07-15,0,174,2,Corrective,Yes,Open
SMMS000195,AST008378,Track Circuit,C00092,59.4,Track Circuit,Track circuit fault,Medium,3,3,2,2025-06-16,2025-07-03,0,121,3,Corrective,No,In Progress
SMMS000196,AST007563,Telecom Cable,C00100,4.5,Quad Cable,Cable fault,High,3,3,3,2025-05-27,2025-06-04,27,164,4,Corrective,Yes,Open
SMMS000197,AST006047,Axle Counter,C00085,130.1,Axle Counter,Axle counter fault,Low,2,1,2,2025-06-25,2025-08-12,0,62,2,Inspection,Yes,Open
SMMS000198,AST007594,Axle Counter,C00020,46.4,Axle Counter,Axle counter fault,High,4,5,2,2025-06-22,2025-06-30,1,168,3,Corrective,Yes,In Progress
SMMS000199,AST005732,Level Crossing Signal,C00088,28.7,LC Gate Signal,Signal failure,Medium,2,3,1,2025-06-18,2025-07-02,0,234,3,Preventive,Yes,Open
SMMS000200,AST005774,Level Crossing Signal,C00029,43.6,LC Gate Signal,Signal failure,High,3,3,2,2025-06-29,2025-07-09,0,147,2,Preventive,Yes,Completed
SMMS000201,AST007493,Relay,C00051,3.7,Relay Interlocking,Relay degradation,Medium,3,3,3,2025-05-22,2025-06-08,0,82,2,Corrective,No,Completed
SMMS000202,AST007643,Level Crossing Signal,C00052,64.4,LC Gate Signal,Signal failure,Medium,3,1,2,2025-06-16,2025-07-06,0,82,2,Corrective,Yes,Open
SMMS000203,AST006453,Interlocking,C00057,36.2,Route Relay Interlocking,Interlocking inspection,Low,2,1,2,2025-06-24,2025-08-01,0,207,4,Inspection,Yes,Completed
SMMS000204,AST006460,Relay,C00091,21.3,Relay Interlocking,Relay degradation,High,4,5,2,2025-03-08,2025-03-15,108,103,2,Preventive,No,Open
SMMS000205,AST007345,Interlocking,C00099,6.8,Route Relay Interlocking,Interlocking inspection,High,3,3,4,2025-05-24,2025-06-03,28,217,2,Inspection,No,Scheduled
SMMS000206,AST005537,Telecom Cable,C00058,56.6,Quad Cable,Cable fault,Medium,4,2,2,2025-06-24,2025-07-10,0,156,3,Corrective,Yes,In Progress
SMMS000207,AST007359,Optical Fiber,C00045,30.6,OFC Link,Cable fault,High,4,5,2,2025-05-28,2025-06-03,28,156,4,Preventive,Yes,In Progress
SMMS000208,AST006080,Axle Counter,C00052,102.1,Axle Counter,Axle counter fault,Low,3,3,2,2025-06-16,2025-07-19,0,124,2,Inspection,No,Completed
SMMS000209,AST007313,Level Crossing Signal,C00023,20.0,LC Gate Signal,Signal failure,Low,3,1,1,2025-05-02,2025-06-13,18,43,3,Corrective,No,Open
SMMS000210,AST008460,Level Crossing Signal,C00027,107.7,LC Gate Signal,Signal failure,Low,3,2,1,2025-06-12,2025-07-11,0,154,2,Preventive,Yes,Open
SMMS000211,AST006963,Relay,C00092,25.9,Relay Interlocking,Relay degradation,Medium,2,3,2,2025-06-21,2025-07-10,0,134,3,Preventive,No,Scheduled
SMMS000212,AST006178,Axle Counter,C00063,124.0,Axle Counter,Axle counter fault,High,1,5,2,2025-06-24,2025-07-02,0,101,3,Corrective,No,Scheduled
SMMS000213,AST005478,Signal,C00019,38.0,Colour Light Signal,Signal lamp/equipment replacement,Medium,2,2,2,2025-05-22,2025-06-09,22,54,2,Preventive,Yes,Deferred
SMMS000214,AST007851,Signal,C00028,121.6,Colour Light Signal,Signal failure,Medium,2,3,3,2025-04-01,2025-04-16,76,126,4,Preventive,No,In Progress
SMMS000215,AST007710,Axle Counter,C00049,85.7,Axle Counter,Axle counter fault,Medium,3,2,1,2025-05-29,2025-06-22,9,70,3,Preventive,No,In Progress
SMMS000216,AST006657,Axle Counter,C00077,11.6,Axle Counter,Axle counter fault,Medium,3,2,3,2025-06-30,2025-07-19,0,117,3,Corrective,Yes,Open
SMMS000217,AST005672,Telecom Cable,C00079,42.9,Quad Cable,Cable fault,Medium,2,3,3,2025-06-15,2025-06-29,2,157,3,Corrective,No,Scheduled
SMMS000218,AST007074,Point Machine,C00033,51.0,Electric Point Machine,Point machine fault,Medium,3,3,1,2025-06-21,2025-07-04,0,223,3,Corrective,No,Completed
SMMS000219,AST008384,Optical Fiber,C00010,87.0,OFC Link,Cable fault,Medium,2,1,2,2025-05-30,2025-06-19,12,201,6,Preventive,No,Open
SMMS000220,AST007448,Axle Counter,C00032,14.8,Axle Counter,Axle counter fault,Medium,4,3,2,2025-04-05,2025-04-17,0,159,4,Preventive,Yes,Completed
SMMS000221,AST005494,Axle Counter,C00035,76.1,Axle Counter,Axle counter fault,Medium,3,2,2,2025-05-04,2025-05-25,37,103,2,Preventive,Yes,Scheduled
SMMS000222,AST006081,Signal,C00016,17.7,Colour Light Signal,Signal lamp/equipment replacement,Medium,3,3,3,2025-06-27,2025-07-14,0,88,4,Corrective,Yes,Open
SMMS000223,AST006233,Level Crossing Signal,C00097,11.0,LC Gate Signal,Signal failure,Low,2,1,1,2025-04-13,2025-05-20,42,62,1,Inspection,No,Open
SMMS000224,AST007305,Point Machine,C00048,75.5,Electric Point Machine,Point machine fault,Medium,4,3,1,2025-05-20,2025-06-07,24,120,2,Corrective,No,Scheduled
SMMS000225,AST006098,Telecom Cable,C00079,51.9,Quad Cable,Cable fault,High,2,3,3,2025-06-19,2025-06-26,5,197,4,Preventive,No,Open
SMMS000226,AST005990,Point Machine,C00009,85.4,Electric Point Machine,Point machine fault,Medium,2,1,2,2025-06-17,2025-07-08,0,179,4,Corrective,No,Open
SMMS000227,AST005290,Level Crossing Signal,C00038,192.4,LC Gate Signal,Signal failure,High,2,4,2,2025-06-16,2025-06-25,6,103,4,Preventive,Yes,Scheduled
SMMS000228,AST006672,Interlocking,C00026,194.7,Route Relay Interlocking,Interlocking inspection,High,5,3,2,2025-06-07,2025-06-15,16,265,3,Inspection,No,Open
SMMS000229,AST008347,Level Crossing Signal,C00030,83.7,LC Gate Signal,Signal failure,Low,2,2,2,2025-06-19,2025-07-22,0,59,3,Corrective,Yes,Open
SMMS000230,AST008454,Interlocking,C00083,34.7,Route Relay Interlocking,Interlocking inspection,Low,3,2,2,2025-06-28,2025-08-07,0,243,3,Inspection,No,Open
SMMS000231,AST006424,Axle Counter,C00078,28.6,Axle Counter,Axle counter fault,Low,3,2,2,2025-03-16,2025-04-12,0,117,3,Corrective,No,Completed
SMMS000232,AST008152,Track Circuit,C00037,57.2,Track Circuit,Track circuit fault,Medium,2,2,2,2025-06-08,2025-06-24,7,92,1,Preventive,No,Open
SMMS000233,AST006483,Relay,C00023,22.2,Relay Interlocking,Relay degradation,Low,4,1,2,2025-06-27,2025-07-24,0,145,4,Preventive,No,Scheduled
SMMS000234,AST005957,Optical Fiber,C00081,8.2,OFC Link,Cable fault,Low,3,2,1,2025-05-31,2025-07-03,0,79,1,Corrective,Yes,Open
SMMS000235,AST005448,Axle Counter,C00018,90.9,Axle Counter,Axle counter fault,Medium,3,2,2,2025-06-20,2025-07-07,0,91,4,Corrective,Yes,In Progress
SMMS000236,AST005824,Point Machine,C00093,34.4,Electric Point Machine,Point machine fault,High,4,3,2,2025-06-16,2025-06-24,7,133,2,Corrective,No,Open
SMMS000237,AST007971,Track Circuit,C00069,123.7,Track Circuit,Track circuit fault,Low,1,1,2,2025-03-27,2025-05-11,51,194,3,Inspection,No,Open
SMMS000238,AST005881,Track Circuit,C00020,23.7,Track Circuit,Track circuit fault,Low,3,2,2,2025-06-13,2025-07-31,0,199,2,Corrective,Yes,Open
SMMS000239,AST007120,Telecom Cable,C00021,122.5,Quad Cable,Cable fault,Low,2,1,1,2025-06-10,2025-07-06,0,152,3,Inspection,Yes,Scheduled
SMMS000240,AST006975,Optical Fiber,C00024,68.2,OFC Link,Cable fault,Medium,3,2,1,2025-03-31,2025-04-19,73,155,2,Preventive,No,Deferred
SMMS000241,AST006986,Telecom Cable,C00100,8.5,Quad Cable,Cable fault,High,3,2,2,2025-06-04,2025-06-14,0,158,3,Corrective,Yes,Completed
SMMS000242,AST006352,Optical Fiber,C00053,63.7,OFC Link,Cable fault,High,5,3,3,2025-06-06,2025-06-14,17,67,2,Preventive,No,Open
SMMS000243,AST005540,Relay,C00024,84.5,Relay Interlocking,Relay degradation,Low,2,3,2,2025-03-09,2025-04-14,0,118,3,Inspection,No,Completed
SMMS000244,AST005573,Telecom Cable,C00050,25.6,Quad Cable,Cable fault,High,3,4,3,2025-06-15,2025-06-22,9,144,3,Corrective,No,Scheduled
SMMS000245,AST005372,Level Crossing Signal,C00061,1.2,LC Gate Signal,Signal failure,High,2,4,3,2025-04-21,2025-04-30,62,113,3,Corrective,No,Scheduled
SMMS000246,AST006227,Interlocking,C00029,14.1,Route Relay Interlocking,Interlocking inspection,High,4,4,4,2025-05-26,2025-06-06,25,315,5,Inspection,Yes,Open
SMMS000247,AST008200,Axle Counter,C00011,95.0,Axle Counter,Axle counter fault,Medium,3,3,2,2025-06-04,2025-06-15,0,104,2,Corrective,No,Completed
SMMS000248,AST007466,Interlocking,C00064,130.4,Route Relay Interlocking,Interlocking inspection,Critical,3,4,4,2025-06-29,2025-07-03,0,342,5,Inspection,Yes,Deferred
SMMS000249,AST008416,Signal,C00082,60.6,Colour Light Signal,Signal failure,High,4,4,3,2025-05-20,2025-05-30,32,139,3,Preventive,No,Open
SMMS000250,AST005663,Interlocking,C00099,13.7,Route Relay Interlocking,Interlocking inspection,Medium,3,1,4,2025-05-04,2025-05-25,0,175,4,Inspection,No,Completed
SMMS000251,AST007881,Axle Counter,C00002,104.9,Axle Counter,Axle counter fault,High,3,2,1,2025-04-02,2025-04-10,82,96,2,Preventive,Yes,Open
SMMS000252,AST005723,Telecom Cable,C00022,103.7,Quad Cable,Cable fault,Low,2,2,1,2025-06-03,2025-07-01,0,157,2,Corrective,No,Completed
SMMS000253,AST006938,Optical Fiber,C00091,137.4,OFC Link,Cable fault,Medium,5,2,2,2025-06-25,2025-07-11,0,96,2,Corrective,Yes,Scheduled
SMMS000254,AST006028,Interlocking,C00064,12.0,Route Relay Interlocking,Interlocking inspection,High,5,4,3,2025-06-24,2025-06-28,0,204,5,Inspection,No,Completed
SMMS000255,AST007001,Axle Counter,C00002,59.4,Axle Counter,Axle counter fault,Medium,2,3,2,2025-06-18,2025-07-06,0,104,3,Preventive,No,Open
SMMS000256,AST006829,Track Circuit,C00053,124.7,Track Circuit,Track circuit fault,High,2,5,2,2025-04-23,2025-05-01,61,138,3,Corrective,Yes,Scheduled
SMMS000257,AST006963,Relay,C00092,25.9,Relay Interlocking,Relay degradation,Medium,3,2,2,2025-05-28,2025-06-19,12,80,1,Corrective,No,In Progress
SMMS000258,AST006114,Track Circuit,C00088,26.9,Track Circuit,Track circuit fault,Low,3,2,2,2025-06-02,2025-07-05,0,151,5,Preventive,No,Open
SMMS000259,AST005829,Point Machine,C00066,55.1,Electric Point Machine,Point machine fault,Low,3,2,2,2025-05-20,2025-06-25,6,103,2,Preventive,No,Open
SMMS000260,AST005647,Point Machine,C00047,22.0,Electric Point Machine,Point machine fault,Medium,3,3,3,2025-06-16,2025-07-09,0,95,3,Preventive,Yes,Scheduled
SMMS000261,AST005384,Signal,C00043,12.4,Colour Light Signal,Signal lamp/equipment replacement,Medium,3,2,1,2025-04-01,2025-04-21,0,40,2,Corrective,Yes,Completed
SMMS000262,AST007136,Axle Counter,C00099,11.7,Axle Counter,Axle counter fault,Medium,3,2,2,2025-06-27,2025-07-16,0,91,3,Preventive,Yes,Open
SMMS000263,AST005649,Signal,C00077,29.7,Colour Light Signal,Signal failure,High,2,4,3,2025-05-24,2025-06-01,30,97,2,Corrective,Yes,In Progress
SMMS000264,AST007397,Level Crossing Signal,C00081,38.1,LC Gate Signal,Signal failure,Medium,3,2,1,2025-06-26,2025-07-18,0,101,2,Corrective,No,Completed
SMMS000265,AST007469,Relay,C00090,88.4,Relay Interlocking,Relay degradation,Medium,3,2,3,2025-03-30,2025-04-17,75,36,1,Preventive,No,Deferred
SMMS000266,AST005405,Telecom Cable,C00091,26.8,Quad Cable,Cable fault,Low,2,2,1,2025-06-24,2025-07-20,0,165,4,Corrective,No,Completed
SMMS000267,AST008601,Point Machine,C00058,9.4,Electric Point Machine,Point machine fault,Medium,3,2,2,2025-06-24,2025-07-09,0,176,2,Preventive,No,Open
SMMS000268,AST007596,Relay,C00050,28.1,Relay Interlocking,Relay degradation,Medium,4,3,2,2025-06-23,2025-07-13,0,88,2,Preventive,No,Open
SMMS000269,AST005967,Track Circuit,C00041,16.2,Track Circuit,Track circuit fault,High,3,5,3,2025-06-29,2025-07-08,0,216,2,Corrective,No,Open
SMMS000270,AST005920,Track Circuit,C00069,25.1,Track Circuit,Track circuit fault,Low,4,2,2,2025-06-24,2025-07-31,0,131,2,Corrective,No,Scheduled
SMMS000271,AST005893,Point Machine,C00023,25.6,Electric Point Machine,Point machine fault,Medium,3,1,3,2025-06-22,2025-07-11,0,159,2,Corrective,Yes,Open
SMMS000272,AST005591,Track Circuit,C00030,85.1,Track Circuit,Track circuit fault,Low,2,3,2,2025-06-29,2025-08-10,0,98,4,Inspection,Yes,Open
SMMS000273,AST007946,Interlocking,C00065,5.7,Route Relay Interlocking,Interlocking inspection,Medium,2,1,1,2025-06-28,2025-07-13,0,181,5,Inspection,No,Open
SMMS000274,AST007472,Signal,C00035,5.9,Colour Light Signal,Signal failure,Critical,4,5,3,2025-04-02,2025-04-06,86,68,3,Preventive,Yes,Scheduled
SMMS000275,AST006741,Optical Fiber,C00039,26.9,OFC Link,Cable fault,Medium,3,2,2,2025-06-19,2025-07-03,0,164,2,Corrective,Yes,Scheduled
SMMS000276,AST007964,Axle Counter,C00020,80.1,Axle Counter,Axle counter fault,Low,3,2,2,2025-06-24,2025-07-18,0,107,3,Preventive,No,Open
SMMS000277,AST005386,Axle Counter,C00052,118.2,Axle Counter,Axle counter fault,Low,3,1,1,2025-04-13,2025-05-18,44,140,3,Preventive,Yes,Scheduled
SMMS000278,AST007157,Optical Fiber,C00077,13.7,OFC Link,Cable fault,Medium,3,3,2,2025-06-16,2025-06-30,1,184,3,Preventive,Yes,In Progress
SMMS000279,AST006685,Signal,C00097,21.1,Colour Light Signal,Signal failure,Low,2,1,3,2025-05-11,2025-06-28,3,107,3,Preventive,No,In Progress
SMMS000280,AST007865,Relay,C00078,30.9,Relay Interlocking,Relay degradation,High,3,3,3,2025-04-28,2025-05-04,58,125,3,Preventive,No,Open
SMMS000281,AST007405,Telecom Cable,C00030,68.5,Quad Cable,Cable fault,High,2,4,2,2025-05-28,2025-06-07,24,145,3,Corrective,No,Scheduled
SMMS000282,AST005417,Level Crossing Signal,C00034,15.4,LC Gate Signal,Signal failure,Medium,2,2,3,2025-06-19,2025-07-08,0,118,2,Corrective,Yes,Open
SMMS000283,AST008232,Signal,C00067,84.2,Colour Light Signal,Signal lamp/equipment replacement,Medium,4,1,1,2025-06-30,2025-07-12,0,61,4,Preventive,No,Completed
SMMS000284,AST008048,Level Crossing Signal,C00047,29.0,LC Gate Signal,Signal failure,Medium,2,2,3,2025-06-12,2025-06-27,0,97,3,Corrective,Yes,Completed
SMMS000285,AST006484,Optical Fiber,C00050,47.7,OFC Link,Cable fault,Medium,3,4,2,2025-06-20,2025-07-06,0,160,3,Corrective,Yes,Open
SMMS000286,AST006225,Signal,C00008,41.8,Colour Light Signal,Signal lamp/equipment replacement,High,2,4,4,2025-06-17,2025-06-25,0,79,2,Corrective,Yes,Completed
SMMS000287,AST007266,Optical Fiber,C00050,35.6,OFC Link,Cable fault,Medium,3,2,2,2025-06-14,2025-06-28,3,75,1,Corrective,No,Deferred
SMMS000288,AST006622,Optical Fiber,C00069,288.6,OFC Link,Cable fault,High,4,4,3,2025-06-19,2025-06-26,5,184,3,Corrective,Yes,Open
SMMS000289,AST008374,Track Circuit,C00026,179.0,Track Circuit,Track circuit fault,High,4,3,2,2025-05-25,2025-06-01,30,191,5,Corrective,No,Open
SMMS000290,AST006714,Axle Counter,C00005,69.7,Axle Counter,Axle counter fault,Low,2,2,1,2025-06-03,2025-07-07,0,105,4,Preventive,Yes,Completed
SMMS000291,AST006367,Relay,C00092,96.0,Relay Interlocking,Relay degradation,High,4,4,3,2025-06-22,2025-06-29,2,43,2,Preventive,No,Open
SMMS000292,AST006206,Interlocking,C00071,12.2,Route Relay Interlocking,Interlocking inspection,Medium,4,3,1,2025-04-04,2025-04-27,65,187,3,Inspection,No,Open
SMMS000293,AST007342,Optical Fiber,C00071,1.9,OFC Link,Cable fault,Medium,3,2,2,2025-06-08,2025-07-01,0,178,3,Preventive,Yes,In Progress
SMMS000294,AST007902,Point Machine,C00002,4.9,Electric Point Machine,Point machine fault,Medium,2,2,2,2025-06-22,2025-07-03,0,106,3,Corrective,Yes,In Progress
SMMS000295,AST006406,Level Crossing Signal,C00082,95.3,LC Gate Signal,Signal failure,Low,4,1,1,2025-03-29,2025-05-05,0,90,3,Corrective,Yes,Completed
SMMS000296,AST007085,Telecom Cable,C00004,21.4,Quad Cable,Cable fault,High,4,3,3,2025-06-29,2025-07-08,0,143,5,Preventive,No,Open
SMMS000297,AST007470,Axle Counter,C00087,110.1,Axle Counter,Axle counter fault,Critical,4,5,4,2025-06-08,2025-06-12,19,113,3,Preventive,No,Open
SMMS000298,AST006605,Axle Counter,C00086,26.7,Axle Counter,Axle counter fault,Medium,4,3,2,2025-05-19,2025-06-05,26,125,4,Corrective,Yes,Open
SMMS000299,AST005702,Axle Counter,C00046,19.8,Axle Counter,Axle counter fault,Medium,4,2,3,2025-06-28,2025-07-10,0,34,1,Preventive,Yes,Completed
SMMS000300,AST007031,Track Circuit,C00078,129.9,Track Circuit,Track circuit fault,Medium,3,2,1,2025-06-06,2025-06-21,10,146,5,Preventive,No,Open
SMMS000301,AST008344,Point Machine,C00037,57.8,Electric Point Machine,Point machine fault,Medium,2,3,2,2025-06-17,2025-07-07,0,133,3,Preventive,Yes,Deferred
SMMS000302,AST007878,Interlocking,C00016,52.5,Route Relay Interlocking,Interlocking inspection,Low,2,2,2,2025-05-28,2025-06-21,10,165,4,Inspection,No,Scheduled
SMMS000303,AST006238,Signal,C00007,59.4,Colour Light Signal,Signal lamp/equipment replacement,High,3,3,2,2025-06-23,2025-06-27,4,68,2,Preventive,Yes,Scheduled
SMMS000304,AST006119,Telecom Cable,C00076,51.0,Quad Cable,Cable fault,Medium,3,3,2,2025-06-18,2025-07-08,0,45,2,Preventive,No,Scheduled
SMMS000305,AST006338,Track Circuit,C00042,14.3,Track Circuit,Track circuit fault,Medium,3,2,1,2025-06-20,2025-07-07,0,102,3,Corrective,Yes,Open
SMMS000306,AST005709,Point Machine,C00055,27.6,Electric Point Machine,Point machine fault,Medium,1,2,2,2025-06-22,2025-07-03,0,186,4,Preventive,No,Completed
SMMS000307,AST007626,Signal,C00010,23.8,Colour Light Signal,Signal lamp/equipment replacement,Medium,3,2,2,2025-05-25,2025-06-14,17,95,3,Preventive,No,Open
SMMS000308,AST007402,Track Circuit,C00018,93.9,Track Circuit,Track circuit fault,Medium,3,3,4,2025-05-19,2025-06-10,21,150,2,Preventive,No,Open
SMMS000309,AST005684,Telecom Cable,C00093,24.2,Quad Cable,Cable fault,Medium,4,4,2,2025-03-14,2025-03-29,0,230,4,Preventive,Yes,Completed
SMMS000310,AST005702,Axle Counter,C00046,19.8,Axle Counter,Axle counter fault,Medium,3,3,2,2025-06-30,2025-07-18,0,69,4,Corrective,Yes,Deferred
SMMS000311,AST005488,Track Circuit,C00083,3.9,Track Circuit,Track circuit fault,Low,2,1,1,2025-06-15,2025-07-14,0,128,2,Corrective,No,Open
SMMS000312,AST008594,Axle Counter,C00014,9.9,Axle Counter,Axle counter fault,Low,2,2,1,2025-06-16,2025-07-18,0,95,2,Inspection,Yes,Completed
SMMS000313,AST005290,Level Crossing Signal,C00038,192.4,LC Gate Signal,Signal failure,Medium,2,3,2,2025-06-17,2025-07-04,0,149,3,Corrective,Yes,Completed
SMMS000314,AST007974,Signal,C00022,154.0,Colour Light Signal,Signal lamp/equipment replacement,High,3,4,1,2025-06-21,2025-06-30,1,82,1,Corrective,Yes,Scheduled
SMMS000315,AST005789,Interlocking,C00042,20.6,Route Relay Interlocking,Interlocking inspection,Medium,3,2,1,2025-06-02,2025-06-21,10,179,4,Inspection,Yes,Scheduled
SMMS000316,AST005305,Point Machine,C00046,27.1,Electric Point Machine,Point machine fault,Critical,3,4,4,2025-06-26,2025-06-28,3,169,4,Preventive,No,Deferred
SMMS000317,AST006568,Point Machine,C00076,25.4,Electric Point Machine,Point machine fault,Medium,3,2,2,2025-05-19,2025-06-12,19,178,5,Corrective,Yes,Scheduled
SMMS000318,AST008607,Track Circuit,C00087,52.1,Track Circuit,Track circuit fault,High,3,3,2,2025-06-20,2025-07-01,0,147,3,Corrective,No,Completed
SMMS000319,AST005669,Point Machine,C00015,18.0,Electric Point Machine,Point machine fault,High,4,4,3,2025-03-28,2025-04-02,90,184,3,Corrective,No,Open
SMMS000320,AST006258,Telecom Cable,C00056,29.9,Quad Cable,Cable fault,Low,4,3,2,2025-06-11,2025-07-28,0,190,2,Inspection,No,In Progress
SMMS000321,AST007129,Level Crossing Signal,C00016,30.1,LC Gate Signal,Signal failure,Medium,2,3,3,2025-06-01,2025-06-17,0,118,2,Preventive,Yes,Completed
SMMS000322,AST007445,Level Crossing Signal,C00015,79.5,LC Gate Signal,Signal failure,Medium,3,3,2,2025-06-24,2025-07-11,0,88,2,Corrective,No,Scheduled
SMMS000323,AST005437,Telecom Cable,C00065,29.2,Quad Cable,Cable fault,Low,2,1,1,2025-06-18,2025-07-29,0,112,2,Corrective,Yes,Open
SMMS000324,AST008133,Telecom Cable,C00087,157.1,Quad Cable,Cable fault,Low,2,2,1,2025-05-22,2025-07-10,0,154,2,Preventive,Yes,Open
SMMS000325,AST005441,Level Crossing Signal,C00077,12.6,LC Gate Signal,Signal failure,Critical,3,5,3,2025-06-20,2025-06-22,9,103,3,Corrective,No,In Progress
SMMS000326,AST006627,Track Circuit,C00059,33.2,Track Circuit,Track circuit fault,High,2,4,2,2025-06-27,2025-07-05,0,99,3,Preventive,Yes,Open
SMMS000327,AST007584,Optical Fiber,C00033,79.3,OFC Link,Cable fault,Medium,3,3,2,2025-03-19,2025-04-03,0,131,3,Corrective,Yes,Completed
SMMS000328,AST006426,Optical Fiber,C00097,5.0,OFC Link,Cable fault,Medium,4,3,2,2025-05-02,2025-05-23,0,150,4,Corrective,Yes,Completed
SMMS000329,AST006113,Point Machine,C00088,78.3,Electric Point Machine,Point machine fault,High,4,5,2,2025-05-29,2025-06-06,25,144,3,Corrective,No,Open
SMMS000330,AST005535,Optical Fiber,C00026,394.6,OFC Link,Cable fault,Low,4,3,1,2025-06-19,2025-07-14,0,108,4,Preventive,No,Scheduled
SMMS000331,AST005406,Level Crossing Signal,C00032,21.1,LC Gate Signal,Signal failure,Low,4,2,1,2025-06-26,2025-07-29,0,105,4,Inspection,No,Scheduled
SMMS000332,AST007214,Interlocking,C00039,16.5,Route Relay Interlocking,Interlocking inspection,High,5,4,3,2025-04-23,2025-05-02,60,204,3,Inspection,Yes,Open
SMMS000333,AST006746,Signal,C00087,120.7,Colour Light Signal,Signal lamp/equipment replacement,Low,2,1,1,2025-06-17,2025-07-27,0,57,4,Preventive,No,Open
SMMS000334,AST007394,Level Crossing Signal,C00048,70.6,LC Gate Signal,Signal failure,High,3,4,1,2025-03-12,2025-03-23,100,196,3,Corrective,No,Open
SMMS000335,AST005984,Relay,C00057,103.2,Relay Interlocking,Relay degradation,Medium,3,4,2,2025-06-22,2025-07-12,0,95,3,Corrective,No,Open
SMMS000336,AST007692,Optical Fiber,C00014,102.2,OFC Link,Cable fault,Medium,4,3,1,2025-06-16,2025-06-30,1,158,3,Corrective,No,Open
SMMS000337,AST007134,Level Crossing Signal,C00030,55.3,LC Gate Signal,Signal failure,Low,2,2,1,2025-04-28,2025-06-02,29,152,2,Corrective,Yes,Open
SMMS000338,AST005579,Axle Counter,C00080,21.1,Axle Counter,Axle counter fault,Low,2,3,1,2025-06-16,2025-07-24,0,161,4,Corrective,Yes,Open
SMMS000339,AST005518,Telecom Cable,C00056,8.7,Quad Cable,Cable fault,Low,2,1,1,2025-04-12,2025-05-06,56,204,4,Inspection,No,Scheduled
SMMS000340,AST008265,Signal,C00004,121.2,Colour Light Signal,Signal failure,High,4,4,2,2025-06-21,2025-06-28,3,121,3,Preventive,No,Open
SMMS000341,AST005917,Optical Fiber,C00019,53.6,OFC Link,Cable fault,Low,4,2,2,2025-03-27,2025-04-27,65,85,2,Corrective,No,Open
SMMS000342,AST007007,Point Machine,C00099,2.5,Electric Point Machine,Point machine fault,Low,3,2,1,2025-04-02,2025-05-06,56,175,5,Inspection,No,Open
SMMS000343,AST008000,Axle Counter,C00051,20.2,Axle Counter,Axle counter fault,Medium,3,2,3,2025-06-23,2025-07-10,0,87,3,Corrective,Yes,Open
SMMS000344,AST008218,Interlocking,C00086,144.3,Route Relay Interlocking,Interlocking inspection,Critical,3,5,3,2025-06-29,2025-07-01,0,280,2,Inspection,No,Scheduled
SMMS000345,AST007785,Point Machine,C00009,46.0,Electric Point Machine,Point machine fault,High,3,4,3,2025-06-20,2025-06-27,0,229,2,Preventive,No,Completed
SMMS000346,AST006446,Interlocking,C00049,67.0,Route Relay Interlocking,Interlocking inspection,High,3,5,2,2025-06-18,2025-06-28,0,256,3,Inspection,Yes,Completed
SMMS000347,AST005929,Optical Fiber,C00005,80.5,OFC Link,Cable fault,Low,2,3,1,2025-06-29,2025-08-05,0,101,3,Corrective,No,Completed
SMMS000348,AST007575,Signal,C00088,45.4,Colour Light Signal,Signal failure,High,5,3,4,2025-04-06,2025-04-13,0,111,4,Preventive,No,Completed
SMMS000349,AST006378,Relay,C00085,146.1,Relay Interlocking,Relay degradation,Medium,4,3,2,2025-05-23,2025-06-11,20,145,2,Preventive,No,Scheduled
SMMS000350,AST007957,Track Circuit,C00014,62.6,Track Circuit,Track circuit fault,Medium,3,2,2,2025-06-17,2025-07-03,0,99,3,Corrective,No,Open
SMMS000351,AST005528,Telecom Cable,C00071,5.5,Quad Cable,Cable fault,Medium,4,2,1,2025-06-27,2025-07-15,0,145,6,Preventive,Yes,Open
SMMS000352,AST006051,Level Crossing Signal,C00084,57.6,LC Gate Signal,Signal failure,Low,3,2,1,2025-06-17,2025-07-17,0,142,5,Corrective,No,Completed
SMMS000353,AST005993,Axle Counter,C00005,40.3,Axle Counter,Axle counter fault,Low,2,1,1,2025-06-17,2025-07-07,0,123,2,Inspection,No,In Progress
SMMS000354,AST007287,Track Circuit,C00032,14.0,Track Circuit,Track circuit fault,Low,4,1,1,2025-05-19,2025-06-17,14,92,2,Inspection,Yes,Open
SMMS000355,AST005286,Point Machine,C00011,124.3,Electric Point Machine,Point machine fault,Low,2,1,1,2025-06-09,2025-07-13,0,122,3,Inspection,No,Open
SMMS000356,AST006153,Level Crossing Signal,C00089,47.6,LC Gate Signal,Signal failure,Low,3,2,2,2025-04-03,2025-05-07,55,166,3,Inspection,Yes,Scheduled
SMMS000357,AST007670,Interlocking,C00028,43.5,Route Relay Interlocking,Interlocking inspection,High,4,4,4,2025-06-17,2025-06-24,7,243,3,Inspection,No,Deferred
SMMS000358,AST006325,Relay,C00077,41.9,Relay Interlocking,Relay degradation,Medium,4,2,3,2025-04-19,2025-05-06,56,62,2,Corrective,Yes,Deferred
SMMS000359,AST005479,Signal,C00083,82.3,Colour Light Signal,Signal lamp/equipment replacement,Low,1,1,1,2025-06-28,2025-08-05,0,32,2,Inspection,No,Open
SMMS000360,AST007860,Axle Counter,C00076,139.2,Axle Counter,Axle counter fault,High,3,4,3,2025-06-30,2025-07-09,0,104,2,Preventive,No,Open
SMMS000361,AST006438,Optical Fiber,C00068,52.1,OFC Link,Cable fault,High,4,3,3,2025-06-25,2025-07-01,0,163,3,Preventive,No,Open
SMMS000362,AST005535,Optical Fiber,C00026,394.6,OFC Link,Cable fault,Critical,4,4,3,2025-06-20,2025-06-23,0,210,3,Preventive,No,Completed
SMMS000363,AST007544,Axle Counter,C00095,51.7,Axle Counter,Axle counter fault,Low,2,2,1,2025-06-18,2025-07-27,0,85,2,Preventive,Yes,Open
SMMS000364,AST007066,Axle Counter,C00033,45.0,Axle Counter,Axle counter fault,High,3,4,4,2025-06-30,2025-07-08,0,181,2,Corrective,Yes,Open
SMMS000365,AST007781,Telecom Cable,C00010,66.5,Quad Cable,Cable fault,Critical,4,5,2,2025-04-04,2025-04-06,0,135,2,Corrective,Yes,Completed
SMMS000366,AST006281,Interlocking,C00074,9.2,Route Relay Interlocking,Interlocking inspection,Low,2,1,1,2025-06-18,2025-07-22,0,162,3,Inspection,Yes,Open
SMMS000367,AST007912,Interlocking,C00025,81.5,Route Relay Interlocking,Interlocking inspection,Low,2,2,2,2025-06-24,2025-08-04,0,213,4,Inspection,Yes,Completed
SMMS000368,AST007926,Relay,C00009,55.6,Relay Interlocking,Relay degradation,Medium,2,2,1,2025-05-28,2025-06-15,16,116,3,Corrective,Yes,Scheduled
SMMS000369,AST008307,Point Machine,C00093,12.7,Electric Point Machine,Point machine fault,Low,2,2,2,2025-06-30,2025-07-30,0,112,3,Inspection,Yes,Open
SMMS000370,AST005593,Optical Fiber,C00079,25.8,OFC Link,Cable fault,Critical,4,5,4,2025-05-26,2025-05-31,31,161,4,Preventive,No,Open
SMMS000371,AST006746,Signal,C00087,120.7,Colour Light Signal,Signal lamp/equipment replacement,Low,4,1,1,2025-06-13,2025-07-13,0,92,2,Corrective,Yes,Completed
SMMS000372,AST006127,Optical Fiber,C00054,29.4,OFC Link,Cable fault,High,3,4,3,2025-05-31,2025-06-09,22,175,2,Corrective,Yes,In Progress
SMMS000373,AST007788,Interlocking,C00070,5.1,Route Relay Interlocking,Interlocking inspection,Critical,4,5,4,2025-06-25,2025-06-29,0,201,3,Inspection,No,Completed
SMMS000374,AST005688,Level Crossing Signal,C00081,23.8,LC Gate Signal,Signal failure,Medium,3,2,2,2025-04-28,2025-05-13,0,133,6,Corrective,No,Completed
SMMS000375,AST007268,Signal,C00067,41.4,Colour Light Signal,Signal lamp/equipment replacement,Medium,2,1,2,2025-06-26,2025-07-16,0,68,3,Preventive,Yes,In Progress
SMMS000376,AST008001,Interlocking,C00083,69.1,Route Relay Interlocking,Interlocking inspection,Medium,3,2,2,2025-05-29,2025-06-17,14,199,3,Inspection,Yes,Scheduled
SMMS000377,AST008337,Level Crossing Signal,C00068,77.3,LC Gate Signal,Signal failure,Critical,5,4,5,2025-06-29,2025-07-02,0,65,3,Corrective,Yes,Scheduled
SMMS000378,AST005869,Signal,C00094,77.7,Colour Light Signal,Signal failure,High,3,3,2,2025-03-27,2025-04-07,85,95,2,Preventive,Yes,Open
SMMS000379,AST006373,Interlocking,C00018,31.9,Route Relay Interlocking,Interlocking inspection,Critical,4,5,3,2025-05-21,2025-05-23,0,233,4,Inspection,Yes,Completed
SMMS000380,AST005519,Relay,C00033,78.4,Relay Interlocking,Relay degradation,High,4,4,3,2025-06-16,2025-06-27,4,39,3,Preventive,No,Open
SMMS000381,AST005952,Relay,C00028,86.1,Relay Interlocking,Relay degradation,Medium,3,3,3,2025-06-04,2025-06-21,10,118,3,Corrective,Yes,In Progress
SMMS000382,AST007406,Axle Counter,C00003,86.9,Axle Counter,Axle counter fault,Critical,4,5,3,2025-05-26,2025-05-30,0,209,4,Preventive,No,Completed
SMMS000383,AST007306,Telecom Cable,C00001,281.5,Quad Cable,Cable fault,Medium,3,2,2,2025-06-20,2025-07-08,0,151,4,Corrective,No,Scheduled
SMMS000384,AST007735,Telecom Cable,C00054,28.5,Quad Cable,Cable fault,Medium,2,3,2,2025-06-17,2025-07-05,0,124,2,Preventive,No,Completed
SMMS000385,AST006191,Relay,C00098,0.3,Relay Interlocking,Relay degradation,Low,2,2,2,2025-06-29,2025-08-04,0,71,4,Preventive,Yes,Scheduled
SMMS000386,AST005861,Point Machine,C00092,33.4,Electric Point Machine,Point machine fault,High,4,4,3,2025-06-24,2025-07-01,0,138,3,Preventive,No,Open
SMMS000387,AST007282,Axle Counter,C00057,103.5,Axle Counter,Axle counter fault,Medium,3,2,2,2025-06-02,2025-06-19,12,120,4,Corrective,No,Open
SMMS000388,AST008260,Signal,C00057,14.1,Colour Light Signal,Signal failure,Critical,3,5,5,2025-04-27,2025-04-28,64,40,2,Corrective,No,Scheduled
SMMS000389,AST007309,Axle Counter,C00029,62.6,Axle Counter,Axle counter fault,Critical,4,5,4,2025-05-30,2025-06-03,28,75,3,Corrective,Yes,Open
SMMS000390,AST005331,Relay,C00018,67.1,Relay Interlocking,Relay degradation,Medium,3,3,3,2025-06-22,2025-07-08,0,86,4,Corrective,Yes,Open
SMMS000391,AST007876,Relay,C00043,1.0,Relay Interlocking,Relay degradation,Medium,3,4,3,2025-05-24,2025-06-09,0,108,3,Preventive,No,Completed
SMMS000392,AST006506,Relay,C00070,22.9,Relay Interlocking,Relay degradation,Critical,5,5,4,2025-06-13,2025-06-16,15,71,3,Preventive,No,Open
SMMS000393,AST007983,Signal,C00010,63.3,Colour Light Signal,Signal lamp/equipment replacement,Low,2,3,2,2025-06-03,2025-07-18,0,50,3,Inspection,Yes,Scheduled
SMMS000394,AST008399,Level Crossing Signal,C00036,6.3,LC Gate Signal,Signal failure,Low,4,2,1,2025-06-18,2025-07-21,0,156,3,Corrective,No,Open
SMMS000395,AST007655,Track Circuit,C00079,8.4,Track Circuit,Track circuit fault,Critical,4,4,3,2025-05-22,2025-05-24,0,155,3,Corrective,Yes,Completed
SMMS000396,AST007096,Axle Counter,C00085,151.4,Axle Counter,Axle counter fault,Low,2,3,1,2025-03-30,2025-05-17,45,77,3,Corrective,Yes,In Progress
SMMS000397,AST008278,Telecom Cable,C00043,13.8,Quad Cable,Cable fault,Medium,1,3,2,2025-04-24,2025-05-13,49,121,4,Preventive,Yes,Scheduled
SMMS000398,AST005819,Relay,C00056,26.3,Relay Interlocking,Relay degradation,Low,1,1,2,2025-03-22,2025-04-20,72,107,1,Corrective,No,Open
SMMS000399,AST007279,Point Machine,C00046,15.8,Electric Point Machine,Point machine fault,Medium,4,2,2,2025-06-17,2025-07-04,0,96,3,Preventive,Yes,Deferred
SMMS000400,AST006836,Level Crossing Signal,C00069,307.4,LC Gate Signal,Signal failure,Medium,2,1,2,2025-06-23,2025-07-06,0,76,2,Preventive,No,Completed
SMMS000401,AST005659,Point Machine,C00098,1.4,Electric Point Machine,Point machine fault,High,4,2,3,2025-06-19,2025-06-26,5,162,3,Corrective,No,Scheduled
SMMS000402,AST007112,Interlocking,C00006,17.6,Route Relay Interlocking,Interlocking inspection,Low,2,1,2,2025-06-28,2025-08-04,0,177,4,Inspection,No,In Progress
SMMS000403,AST007398,Optical Fiber,C00045,41.8,OFC Link,Cable fault,Low,2,1,1,2025-06-19,2025-07-18,0,169,4,Corrective,No,Open
SMMS000404,AST005861,Point Machine,C00092,33.4,Electric Point Machine,Point machine fault,Critical,5,5,2,2025-06-18,2025-06-21,10,138,2,Preventive,No,Open
SMMS000405,AST007378,Axle Counter,C00037,31.4,Axle Counter,Axle counter fault,Low,4,1,1,2025-03-07,2025-04-15,77,97,3,Inspection,Yes,Open
SMMS000406,AST005751,Level Crossing Signal,C00050,50.1,LC Gate Signal,Signal failure,Medium,3,3,2,2025-06-24,2025-07-18,0,88,2,Corrective,Yes,Open
SMMS000407,AST007288,Signal,C00097,7.3,Colour Light Signal,Signal lamp/equipment replacement,Low,3,1,2,2025-03-09,2025-04-08,84,88,2,Inspection,Yes,Open
SMMS000408,AST008058,Relay,C00023,30.7,Relay Interlocking,Relay degradation,Medium,2,2,1,2025-04-04,2025-04-23,0,36,3,Preventive,Yes,Completed
SMMS000409,AST007529,Axle Counter,C00045,10.6,Axle Counter,Axle counter fault,Low,3,3,1,2025-06-08,2025-07-17,0,116,4,Corrective,Yes,Completed
SMMS000410,AST006371,Point Machine,C00011,204.6,Electric Point Machine,Point machine fault,Medium,4,3,1,2025-05-12,2025-05-30,0,206,3,Corrective,Yes,Completed
SMMS000411,AST006891,Optical Fiber,C00025,109.0,OFC Link,Cable fault,High,4,4,2,2025-05-16,2025-05-23,39,111,2,Preventive,No,Open
SMMS000412,AST005332,Telecom Cable,C00027,133.8,Quad Cable,Cable fault,Low,2,1,2,2025-03-28,2025-04-28,64,119,2,Corrective,Yes,In Progress
SMMS000413,AST007596,Relay,C00050,28.1,Relay Interlocking,Relay degradation,Medium,4,4,2,2025-06-20,2025-07-12,0,73,3,Corrective,Yes,Open
SMMS000414,AST008636,Track Circuit,C00059,15.6,Track Circuit,Track circuit fault,Medium,2,2,3,2025-05-17,2025-06-01,30,122,2,Preventive,Yes,Open
SMMS000415,AST007392,Point Machine,C00085,231.6,Electric Point Machine,Point machine fault,Low,1,2,1,2025-06-21,2025-07-16,0,124,3,Inspection,Yes,Open
SMMS000416,AST007248,Relay,C00053,2.8,Relay Interlocking,Relay degradation,Medium,3,3,2,2025-06-09,2025-06-27,4,34,2,Corrective,Yes,Open
SMMS000417,AST007192,Axle Counter,C00063,75.9,Axle Counter,Axle counter fault,High,4,4,3,2025-06-19,2025-06-26,0,124,2,Preventive,No,Completed
SMMS000418,AST005829,Point Machine,C00066,55.1,Electric Point Machine,Point machine fault,High,2,4,1,2025-05-29,2025-06-09,0,240,4,Corrective,No,Completed
SMMS000419,AST006884,Signal,C00041,12.2,Colour Light Signal,Signal failure,High,3,2,4,2025-06-27,2025-07-06,0,138,2,Corrective,Yes,Completed
SMMS000420,AST005669,Point Machine,C00015,18.0,Electric Point Machine,Point machine fault,Medium,3,3,3,2025-04-13,2025-04-28,64,131,2,Corrective,Yes,Open
SMMS000421,AST006566,Axle Counter,C00010,23.7,Axle Counter,Axle counter fault,High,3,3,2,2025-04-16,2025-04-25,67,135,2,Corrective,No,In Progress
SMMS000422,AST007204,Track Circuit,C00062,4.9,Track Circuit,Track circuit fault,High,2,4,5,2025-03-16,2025-03-25,0,58,1,Preventive,No,Completed
SMMS000423,AST005723,Telecom Cable,C00022,103.7,Quad Cable,Cable fault,Medium,4,2,2,2025-05-27,2025-06-17,0,163,2,Corrective,No,Completed
SMMS000424,AST005659,Point Machine,C00098,1.4,Electric Point Machine,Point machine fault,Low,2,3,2,2025-05-20,2025-07-04,0,118,1,Preventive,No,Deferred
SMMS000425,AST008514,Point Machine,C00045,134.1,Electric Point Machine,Point machine fault,Medium,3,2,2,2025-06-25,2025-07-17,0,132,4,Corrective,No,Open
SMMS000426,AST005607,Optical Fiber,C00042,56.8,OFC Link,Cable fault,Low,3,1,2,2025-06-22,2025-08-06,0,32,3,Preventive,Yes,Open
SMMS000427,AST006575,Point Machine,C00085,106.2,Electric Point Machine,Point machine fault,Low,2,1,2,2025-06-23,2025-07-21,0,190,5,Corrective,Yes,Completed
SMMS000428,AST008337,Level Crossing Signal,C00068,77.3,LC Gate Signal,Signal failure,High,3,4,3,2025-05-23,2025-06-02,0,94,2,Corrective,No,Completed
SMMS000429,AST007810,Signal,C00058,24.8,Colour Light Signal,Signal failure,Low,3,2,2,2025-06-06,2025-07-05,0,156,3,Preventive,No,In Progress
SMMS000430,AST007007,Point Machine,C00099,2.5,Electric Point Machine,Point machine fault,Low,3,1,1,2025-05-27,2025-07-16,0,178,3,Preventive,No,Open
SMMS000431,AST006892,Point Machine,C00093,45.4,Electric Point Machine,Point machine fault,Medium,4,3,1,2025-05-17,2025-06-02,29,141,3,Corrective,Yes,Scheduled
SMMS000432,AST007477,Level Crossing Signal,C00043,12.6,LC Gate Signal,Signal failure,High,4,4,4,2025-06-29,2025-07-07,0,187,3,Corrective,Yes,Open
SMMS000433,AST006745,Telecom Cable,C00051,28.8,Quad Cable,Cable fault,Medium,2,2,1,2025-06-06,2025-06-22,9,177,2,Corrective,Yes,Open
SMMS000434,AST008617,Relay,C00060,42.9,Relay Interlocking,Relay degradation,High,5,4,2,2025-06-03,2025-06-10,21,36,1,Preventive,Yes,In Progress
SMMS000435,AST007390,Telecom Cable,C00098,3.4,Quad Cable,Cable fault,Low,4,1,2,2025-05-22,2025-07-07,0,130,4,Inspection,Yes,Open
SMMS000436,AST007392,Point Machine,C00085,231.6,Electric Point Machine,Point machine fault,Critical,4,5,4,2025-05-21,2025-05-23,39,152,3,Preventive,No,Scheduled
SMMS000437,AST006332,Telecom Cable,C00013,11.0,Quad Cable,Cable fault,Medium,2,3,1,2025-03-18,2025-04-03,89,158,5,Preventive,No,Open
SMMS000438,AST006860,Signal,C00044,20.0,Colour Light Signal,Signal lamp/equipment replacement,Medium,4,3,4,2025-05-21,2025-06-03,28,57,2,Preventive,No,Open
SMMS000439,AST008030,Axle Counter,C00085,207.5,Axle Counter,Axle counter fault,Medium,2,2,2,2025-06-28,2025-07-22,0,128,2,Preventive,No,Completed
SMMS000440,AST008314,Axle Counter,C00040,93.0,Axle Counter,Axle counter fault,High,3,3,3,2025-06-03,2025-06-15,0,159,3,Corrective,Yes,Completed
SMMS000441,AST007032,Optical Fiber,C00007,19.5,OFC Link,Cable fault,Medium,1,3,2,2025-05-26,2025-06-12,19,113,2,Corrective,Yes,Open
SMMS000442,AST007942,Track Circuit,C00015,181.1,Track Circuit,Track circuit fault,High,4,3,2,2025-05-27,2025-06-04,0,124,3,Corrective,No,Completed
SMMS000443,AST006111,Signal,C00028,121.1,Colour Light Signal,Signal lamp/equipment replacement,Medium,4,3,4,2025-06-17,2025-07-10,0,74,1,Preventive,No,Completed
SMMS000444,AST006238,Signal,C00007,59.4,Colour Light Signal,Signal failure,Medium,3,3,2,2025-06-22,2025-07-10,0,116,2,Corrective,No,Open
SMMS000445,AST006554,Track Circuit,C00078,24.2,Track Circuit,Track circuit fault,Low,3,2,2,2025-04-11,2025-05-06,56,108,3,Inspection,No,In Progress
SMMS000446,AST008040,Level Crossing Signal,C00087,63.0,LC Gate Signal,Signal failure,Critical,5,4,3,2025-05-17,2025-05-19,43,166,5,Preventive,Yes,Open
SMMS000447,AST008302,Telecom Cable,C00064,116.8,Quad Cable,Cable fault,Critical,5,5,4,2025-03-15,2025-03-17,106,115,5,Corrective,Yes,In Progress
SMMS000448,AST008466,Signal,C00035,108.7,Colour Light Signal,Signal failure,Low,1,2,1,2025-06-17,2025-07-27,0,95,4,Preventive,No,Deferred
SMMS000449,AST006817,Axle Counter,C00013,63.3,Axle Counter,Axle counter fault,Low,2,3,1,2025-06-09,2025-07-21,0,106,4,Inspection,No,Deferred
SMMS000450,AST005686,Telecom Cable,C00047,24.1,Quad Cable,Cable fault,Low,3,1,2,2025-03-15,2025-04-25,67,195,4,Corrective,No,Open
SMMS000451,AST005525,Axle Counter,C00093,48.6,Axle Counter,Axle counter fault,Low,3,1,1,2025-04-06,2025-05-13,49,50,2,Inspection,No,Scheduled
SMMS000452,AST006504,Optical Fiber,C00095,92.1,OFC Link,Cable fault,High,2,4,5,2025-06-01,2025-06-09,0,160,3,Corrective,Yes,Completed
SMMS000453,AST007446,Optical Fiber,C00100,4.4,OFC Link,Cable fault,Medium,1,2,3,2025-06-13,2025-07-04,0,181,3,Corrective,No,Scheduled
SMMS000454,AST006098,Telecom Cable,C00079,51.9,Quad Cable,Cable fault,Low,2,1,1,2025-03-06,2025-04-12,80,91,3,Inspection,Yes,Open
SMMS000455,AST007148,Interlocking,C00058,47.6,Route Relay Interlocking,Interlocking inspection,Medium,3,3,2,2025-06-16,2025-07-09,0,216,4,Inspection,Yes,Scheduled
SMMS000456,AST007257,Telecom Cable,C00037,4.6,Quad Cable,Cable fault,Medium,4,4,2,2025-04-11,2025-04-29,0,175,3,Corrective,No,Completed
SMMS000457,AST005742,Point Machine,C00018,15.3,Electric Point Machine,Point machine fault,Low,2,2,1,2025-06-28,2025-08-07,0,192,5,Inspection,No,Completed
SMMS000458,AST005519,Relay,C00033,78.4,Relay Interlocking,Relay degradation,Medium,3,4,1,2025-06-23,2025-07-08,0,70,4,Corrective,Yes,Scheduled
SMMS000459,AST006081,Signal,C00016,17.7,Colour Light Signal,Signal lamp/equipment replacement,Critical,4,5,4,2025-06-30,2025-07-04,0,53,2,Preventive,No,Open
SMMS000460,AST007174,Relay,C00026,369.5,Relay Interlocking,Relay degradation,Low,3,2,1,2025-06-23,2025-07-24,0,96,2,Corrective,Yes,Open
SMMS000461,AST008008,Point Machine,C00014,14.9,Electric Point Machine,Point machine fault,Low,3,1,1,2025-04-26,2025-06-04,27,175,3,Inspection,No,Open
SMMS000462,AST005293,Signal,C00046,7.7,Colour Light Signal,Signal failure,High,5,1,3,2025-05-26,2025-06-03,28,131,2,Corrective,No,Open
SMMS000463,AST007972,Relay,C00066,6.9,Relay Interlocking,Relay degradation,High,4,3,3,2025-06-16,2025-06-25,6,62,1,Preventive,No,Open
SMMS000464,AST007778,Point Machine,C00033,45.0,Electric Point Machine,Point machine fault,Low,2,2,1,2025-03-25,2025-04-30,0,127,5,Corrective,Yes,Completed
SMMS000465,AST007011,Track Circuit,C00096,92.5,Track Circuit,Track circuit fault,Low,2,2,2,2025-05-05,2025-06-05,26,203,4,Corrective,No,Open
SMMS000466,AST007869,Axle Counter,C00002,52.4,Axle Counter,Axle counter fault,Medium,2,2,2,2025-03-15,2025-03-26,97,93,3,Corrective,Yes,Scheduled
SMMS000467,AST007861,Track Circuit,C00093,19.2,Track Circuit,Track circuit fault,Low,4,2,3,2025-06-01,2025-06-26,5,97,3,Inspection,No,Open
SMMS000468,AST007565,Telecom Cable,C00008,51.2,Quad Cable,Cable fault,Medium,1,3,1,2025-06-03,2025-06-21,10,191,3,Corrective,No,Open
SMMS000469,AST006074,Signal,C00043,16.2,Colour Light Signal,Signal failure,Medium,3,4,2,2025-05-30,2025-06-13,0,55,2,Corrective,Yes,Completed
SMMS000470,AST008151,Interlocking,C00095,54.8,Route Relay Interlocking,Interlocking inspection,High,4,4,3,2025-06-17,2025-06-24,7,173,5,Inspection,No,Open
SMMS000471,AST008560,Relay,C00053,61.3,Relay Interlocking,Relay degradation,Medium,3,3,1,2025-06-05,2025-06-19,12,126,4,Corrective,No,In Progress
SMMS000472,AST007729,Level Crossing Signal,C00095,35.4,LC Gate Signal,Signal failure,Low,2,2,1,2025-06-27,2025-08-09,0,136,3,Corrective,Yes,Open
SMMS000473,AST005343,Point Machine,C00088,42.6,Electric Point Machine,Point machine fault,Medium,4,3,4,2025-06-24,2025-07-07,0,92,3,Preventive,Yes,Open
SMMS000474,AST008639,Optical Fiber,C00028,68.0,OFC Link,Cable fault,Medium,2,3,3,2025-06-26,2025-07-12,0,164,3,Preventive,No,Deferred
SMMS000475,AST007044,Track Circuit,C00022,11.6,Track Circuit,Track circuit fault,Medium,3,3,2,2025-06-11,2025-06-28,3,123,4,Preventive,No,Scheduled
SMMS000476,AST006912,Relay,C00068,17.1,Relay Interlocking,Relay degradation,High,4,5,2,2025-06-14,2025-06-24,7,57,2,Preventive,Yes,In Progress
SMMS000477,AST008148,Interlocking,C00040,14.3,Route Relay Interlocking,Interlocking inspection,Medium,2,3,2,2025-04-23,2025-05-05,0,158,2,Inspection,No,Completed
SMMS000478,AST007972,Relay,C00066,6.9,Relay Interlocking,Relay degradation,Low,2,1,2,2025-06-28,2025-07-31,0,97,4,Inspection,Yes,Scheduled
SMMS000479,AST008342,Signal,C00013,117.6,Colour Light Signal,Signal lamp/equipment replacement,Medium,3,3,1,2025-06-09,2025-06-29,2,56,1,Preventive,Yes,In Progress
SMMS000480,AST007742,Axle Counter,C00020,63.7,Axle Counter,Axle counter fault,High,3,4,2,2025-06-29,2025-07-06,0,134,4,Corrective,No,Completed
SMMS000481,AST006081,Signal,C00016,17.7,Colour Light Signal,Signal lamp/equipment replacement,Low,2,1,1,2025-06-12,2025-07-22,0,62,5,Corrective,Yes,Completed
SMMS000482,AST006381,Telecom Cable,C00042,34.6,Quad Cable,Cable fault,Medium,3,2,3,2025-04-11,2025-04-30,0,127,4,Preventive,No,Completed
SMMS000483,AST008096,Interlocking,C00047,27.1,Route Relay Interlocking,Interlocking inspection,Medium,2,1,2,2025-06-20,2025-07-05,0,205,5,Inspection,No,Completed
SMMS000484,AST008186,Axle Counter,C00080,58.0,Axle Counter,Axle counter fault,Medium,1,1,2,2025-04-07,2025-04-22,70,86,3,Corrective,Yes,Deferred
SMMS000485,AST008245,Optical Fiber,C00088,30.4,OFC Link,Cable fault,Medium,3,2,2,2025-06-15,2025-07-05,0,139,3,Preventive,No,Open
SMMS000486,AST006739,Point Machine,C00092,52.2,Electric Point Machine,Point machine fault,Medium,5,3,2,2025-06-20,2025-07-11,0,113,5,Preventive,Yes,Scheduled
SMMS000487,AST006588,Track Circuit,C00089,67.8,Track Circuit,Track circuit fault,Medium,4,1,2,2025-06-23,2025-07-08,0,133,4,Preventive,Yes,Scheduled
SMMS000488,AST007831,Axle Counter,C00063,6.5,Axle Counter,Axle counter fault,Low,4,2,1,2025-05-21,2025-06-21,10,101,4,Preventive,No,Open
SMMS000489,AST006052,Telecom Cable,C00005,24.1,Quad Cable,Cable fault,Critical,5,5,5,2025-06-25,2025-06-28,3,145,4,Corrective,No,Open
SMMS000490,AST006220,Relay,C00097,30.8,Relay Interlocking,Relay degradation,Medium,4,4,3,2025-06-17,2025-07-02,0,130,2,Preventive,Yes,In Progress
SMMS000491,AST006105,Point Machine,C00061,2.0,Electric Point Machine,Point machine fault,High,3,3,3,2025-06-21,2025-07-01,0,190,3,Corrective,No,Open
SMMS000492,AST007599,Interlocking,C00077,45.7,Route Relay Interlocking,Interlocking inspection,High,5,4,3,2025-04-14,2025-04-22,0,208,3,Inspection,No,Completed
SMMS000493,AST008525,Relay,C00009,31.1,Relay Interlocking,Relay degradation,Low,3,2,1,2025-03-19,2025-04-12,80,151,3,Corrective,No,Deferred
SMMS000494,AST006365,Signal,C00097,22.8,Colour Light Signal,Signal lamp/equipment replacement,Medium,2,3,3,2025-05-26,2025-06-08,23,99,2,Preventive,Yes,Open
SMMS000495,AST005918,Telecom Cable,C00043,6.4,Quad Cable,Cable fault,Critical,4,2,4,2025-06-09,2025-06-13,0,167,4,Preventive,No,Completed
SMMS000496,AST005721,Relay,C00064,131.5,Relay Interlocking,Relay degradation,Low,2,2,1,2025-06-30,2025-08-01,0,97,2,Inspection,No,Scheduled
SMMS000497,AST007339,Point Machine,C00098,3.4,Electric Point Machine,Point machine fault,Critical,4,4,3,2025-06-18,2025-06-21,0,139,3,Corrective,Yes,Completed
SMMS000498,AST006792,Telecom Cable,C00034,26.4,Quad Cable,Cable fault,Medium,3,2,2,2025-03-11,2025-03-24,99,191,3,Preventive,Yes,Scheduled
SMMS000499,AST006021,Relay,C00053,94.8,Relay Interlocking,Relay degradation,Medium,4,3,1,2025-05-22,2025-06-05,26,146,2,Preventive,Yes,Open
SMMS000500,AST006546,Level Crossing Signal,C00009,9.1,LC Gate Signal,Signal failure,Low,2,1,3,2025-06-17,2025-07-17,0,111,2,Preventive,No,Open
SMMS000501,AST005710,Relay,C00006,5.8,Relay Interlocking,Relay degradation,High,3,3,2,2025-03-29,2025-04-05,87,88,5,Corrective,Yes,Open
SMMS000502,AST007227,Axle Counter,C00077,12.0,Axle Counter,Axle counter fault,Low,3,2,1,2025-04-25,2025-06-05,26,134,2,Inspection,No,Scheduled
SMMS000503,AST006286,Optical Fiber,C00084,135.9,OFC Link,Cable fault,Medium,2,3,2,2025-06-29,2025-07-19,0,47,1,Corrective,Yes,Open
SMMS000504,AST007568,Optical Fiber,C00074,1.5,OFC Link,Cable fault,High,2,3,2,2025-03-22,2025-03-28,95,144,3,Preventive,No,Open
SMMS000505,AST006075,Signal,C00019,82.0,Colour Light Signal,Signal failure,Medium,3,2,1,2025-06-22,2025-07-06,0,123,4,Preventive,No,Scheduled
SMMS000506,AST005685,Track Circuit,C00077,67.5,Track Circuit,Track circuit fault,Low,3,1,2,2025-06-19,2025-07-09,0,91,4,Inspection,Yes,In Progress
SMMS000507,AST007782,Telecom Cable,C00068,118.5,Quad Cable,Cable fault,Medium,4,2,1,2025-06-28,2025-07-11,0,228,3,Preventive,Yes,In Progress
SMMS000508,AST005821,Axle Counter,C00056,3.4,Axle Counter,Axle counter fault,Medium,3,3,1,2025-06-20,2025-07-12,0,83,2,Preventive,No,Open
SMMS000509,AST007813,Axle Counter,C00076,46.5,Axle Counter,Axle counter fault,Low,4,1,3,2025-06-18,2025-07-23,0,172,3,Preventive,No,Open
SMMS000510,AST006487,Interlocking,C00066,47.5,Route Relay Interlocking,Interlocking inspection,High,3,3,3,2025-06-11,2025-06-19,12,238,4,Inspection,Yes,Scheduled
SMMS000511,AST008474,Relay,C00066,28.1,Relay Interlocking,Relay degradation,Medium,2,2,2,2025-06-24,2025-07-07,0,32,1,Preventive,No,Open
SMMS000512,AST006486,Point Machine,C00054,33.4,Electric Point Machine,Point machine fault,High,2,3,3,2025-05-18,2025-05-25,37,169,3,Corrective,No,Scheduled
SMMS000513,AST008511,Interlocking,C00062,9.8,Route Relay Interlocking,Interlocking inspection,Low,3,3,2,2025-06-06,2025-07-13,0,185,3,Inspection,No,Completed
SMMS000514,AST006389,Signal,C00063,44.6,Colour Light Signal,Signal failure,Low,2,2,1,2025-06-30,2025-08-06,0,124,2,Corrective,No,Completed
SMMS000515,AST008522,Optical Fiber,C00046,24.5,OFC Link,Cable fault,Medium,4,2,1,2025-06-27,2025-07-19,0,228,5,Corrective,Yes,Completed
SMMS000516,AST007755,Track Circuit,C00093,0.7,Track Circuit,Track circuit fault,Medium,3,2,3,2025-04-06,2025-04-25,67,95,4,Preventive,Yes,Open
SMMS000517,AST006899,Telecom Cable,C00091,6.8,Quad Cable,Cable fault,Low,3,2,2,2025-06-28,2025-07-27,0,227,5,Inspection,Yes,Open
SMMS000518,AST006898,Axle Counter,C00005,74.5,Axle Counter,Axle counter fault,High,4,3,2,2025-06-17,2025-06-23,8,165,5,Preventive,Yes,Scheduled
SMMS000519,AST007147,Signal,C00083,83.5,Colour Light Signal,Signal failure,Low,2,2,1,2025-05-18,2025-06-16,15,149,2,Inspection,Yes,Scheduled
SMMS000520,AST007120,Telecom Cable,C00021,122.5,Quad Cable,Cable fault,Medium,3,3,3,2025-06-20,2025-07-09,0,194,3,Corrective,No,Scheduled
SMMS000521,AST007106,Relay,C00020,80.5,Relay Interlocking,Relay degradation,Critical,2,3,4,2025-04-03,2025-04-05,87,97,3,Preventive,No,Deferred
SMMS000522,AST005628,Relay,C00016,66.2,Relay Interlocking,Relay degradation,Critical,4,5,4,2025-04-15,2025-04-18,74,153,3,Preventive,Yes,Open
SMMS000523,AST007429,Point Machine,C00079,15.4,Electric Point Machine,Point machine fault,Critical,3,4,1,2025-06-25,2025-06-28,3,255,3,Preventive,No,Open
SMMS000524,AST007386,Axle Counter,C00033,22.9,Axle Counter,Axle counter fault,Medium,2,2,3,2025-06-26,2025-07-11,0,149,4,Corrective,Yes,Completed
SMMS000525,AST007692,Optical Fiber,C00014,102.2,OFC Link,Cable fault,Medium,2,2,2,2025-06-27,2025-07-14,0,176,4,Corrective,No,Open
SMMS000526,AST006467,Optical Fiber,C00059,66.3,OFC Link,Cable fault,Low,1,1,2,2025-06-24,2025-07-28,0,207,6,Corrective,Yes,Scheduled
SMMS000527,AST007101,Level Crossing Signal,C00051,40.2,LC Gate Signal,Signal failure,Medium,2,2,2,2025-06-21,2025-07-12,0,99,4,Preventive,Yes,Completed
SMMS000528,AST007975,Axle Counter,C00064,168.8,Axle Counter,Axle counter fault,Low,3,2,1,2025-06-29,2025-08-08,0,95,2,Corrective,No,Open
SMMS000529,AST005362,Interlocking,C00011,54.0,Route Relay Interlocking,Interlocking inspection,Critical,5,5,3,2025-06-25,2025-06-27,4,212,5,Inspection,No,Open
SMMS000530,AST007647,Relay,C00065,4.2,Relay Interlocking,Relay degradation,High,3,3,3,2025-06-07,2025-06-14,0,60,2,Preventive,No,Completed
SMMS000531,AST005797,Telecom Cable,C00005,117.9,Quad Cable,Cable fault,Low,3,1,1,2025-06-27,2025-07-25,0,141,3,Preventive,Yes,In Progress
SMMS000532,AST006183,Signal,C00038,105.0,Colour Light Signal,Signal lamp/equipment replacement,Low,2,3,1,2025-05-28,2025-07-04,0,72,2,Preventive,Yes,Scheduled
SMMS000533,AST008586,Signal,C00096,82.9,Colour Light Signal,Signal failure,Medium,3,3,3,2025-05-21,2025-06-08,23,81,3,Preventive,No,In Progress
SMMS000534,AST005447,Optical Fiber,C00064,167.8,OFC Link,Cable fault,Medium,2,1,2,2025-05-15,2025-06-01,30,196,2,Corrective,Yes,Deferred
SMMS000535,AST008148,Interlocking,C00040,14.3,Route Relay Interlocking,Interlocking inspection,Critical,4,4,4,2025-06-21,2025-06-23,8,258,4,Inspection,Yes,In Progress
SMMS000536,AST007332,Signal,C00029,25.2,Colour Light Signal,Signal lamp/equipment replacement,Critical,3,4,4,2025-06-04,2025-06-08,0,104,2,Corrective,No,Completed
SMMS000537,AST005402,Telecom Cable,C00033,91.8,Quad Cable,Cable fault,High,2,4,3,2025-06-24,2025-07-01,0,186,2,Preventive,No,Scheduled
SMMS000538,AST008615,Interlocking,C00043,16.9,Route Relay Interlocking,Interlocking inspection,Critical,5,5,4,2025-06-07,2025-06-12,0,210,2,Inspection,Yes,Completed
SMMS000539,AST006500,Track Circuit,C00045,121.4,Track Circuit,Track circuit fault,High,4,3,4,2025-05-19,2025-05-27,35,146,2,Preventive,Yes,Open
SMMS000540,AST005309,Relay,C00083,32.9,Relay Interlocking,Relay degradation,Medium,2,3,2,2025-06-06,2025-06-22,9,53,1,Corrective,Yes,Open
SMMS000541,AST008518,Track Circuit,C00018,31.4,Track Circuit,Track circuit fault,Medium,3,1,2,2025-06-02,2025-06-23,0,163,4,Corrective,Yes,Completed
SMMS000542,AST007604,Optical Fiber,C00025,383.3,OFC Link,Cable fault,Critical,4,5,4,2025-05-18,2025-05-22,40,207,3,Corrective,No,In Progress
SMMS000543,AST005317,Relay,C00048,113.1,Relay Interlocking,Relay degradation,High,3,4,2,2025-05-30,2025-06-07,0,59,3,Preventive,No,Completed
SMMS000544,AST006316,Track Circuit,C00052,96.5,Track Circuit,Track circuit fault,High,3,2,3,2025-06-07,2025-06-13,18,126,1,Preventive,Yes,Open
SMMS000545,AST008143,Telecom Cable,C00041,4.8,Quad Cable,Cable fault,High,2,5,3,2025-06-07,2025-06-14,17,172,3,Corrective,Yes,Open
SMMS000546,AST006858,Signal,C00068,52.6,Colour Light Signal,Signal lamp/equipment replacement,Low,4,2,2,2025-05-26,2025-06-26,5,54,3,Preventive,Yes,Open
SMMS000547,AST006448,Relay,C00086,232.0,Relay Interlocking,Relay degradation,Low,1,2,1,2025-05-30,2025-07-06,0,94,3,Preventive,Yes,Completed
SMMS000548,AST005548,Point Machine,C00023,25.3,Electric Point Machine,Point machine fault,Low,3,2,1,2025-06-23,2025-07-24,0,173,2,Preventive,No,Open
SMMS000549,AST005570,Interlocking,C00072,37.8,Route Relay Interlocking,Interlocking inspection,High,4,4,2,2025-06-28,2025-07-09,0,207,5,Inspection,No,Open
SMMS000550,AST008433,Relay,C00028,121.8,Relay Interlocking,Relay degradation,Low,2,2,2,2025-06-24,2025-08-03,0,96,3,Preventive,Yes,Scheduled
SMMS000551,AST005670,Level Crossing Signal,C00053,37.6,LC Gate Signal,Signal failure,Medium,3,1,2,2025-05-28,2025-06-16,15,92,4,Preventive,Yes,Open
SMMS000552,AST006281,Interlocking,C00074,9.2,Route Relay Interlocking,Interlocking inspection,Low,2,3,1,2025-06-17,2025-07-20,0,144,3,Inspection,No,Completed
SMMS000553,AST005609,Relay,C00057,36.4,Relay Interlocking,Relay degradation,High,3,3,3,2025-06-23,2025-06-30,1,119,4,Corrective,Yes,Open
SMMS000554,AST008335,Level Crossing Signal,C00094,7.8,LC Gate Signal,Signal failure,Low,4,2,1,2025-06-11,2025-07-16,0,82,3,Preventive,Yes,Scheduled
SMMS000555,AST005984,Relay,C00057,103.2,Relay Interlocking,Relay degradation,Medium,3,2,2,2025-06-24,2025-07-10,0,77,4,Preventive,No,Deferred
SMMS000556,AST006426,Optical Fiber,C00097,5.0,OFC Link,Cable fault,Medium,4,2,2,2025-06-11,2025-07-01,0,149,4,Preventive,Yes,Open
SMMS000557,AST008344,Point Machine,C00037,57.8,Electric Point Machine,Point machine fault,Medium,3,4,2,2025-06-22,2025-07-11,0,168,3,Preventive,Yes,Open
SMMS000558,AST008534,Axle Counter,C00003,21.4,Axle Counter,Axle counter fault,Low,4,1,2,2025-06-27,2025-07-27,0,114,1,Inspection,No,Open
SMMS000559,AST007368,Point Machine,C00073,121.5,Electric Point Machine,Point machine fault,Medium,2,2,2,2025-06-20,2025-07-13,0,102,2,Preventive,Yes,Open
SMMS000560,AST006144,Telecom Cable,C00030,55.8,Quad Cable,Cable fault,Low,3,1,1,2025-06-30,2025-08-09,0,236,3,Inspection,No,Scheduled
SMMS000561,AST007548,Point Machine,C00004,38.2,Electric Point Machine,Point machine fault,Medium,4,2,1,2025-06-16,2025-07-07,0,195,5,Preventive,No,Completed
SMMS000562,AST005315,Interlocking,C00035,48.5,Route Relay Interlocking,Interlocking inspection,High,4,3,3,2025-05-30,2025-06-07,24,191,4,Inspection,No,Scheduled
SMMS000563,AST006781,Signal,C00014,7.1,Colour Light Signal,Signal lamp/equipment replacement,Medium,2,4,2,2025-06-27,2025-07-16,0,73,4,Corrective,Yes,Completed
SMMS000564,AST005947,Optical Fiber,C00009,60.5,OFC Link,Cable fault,High,4,3,2,2025-05-25,2025-06-02,29,167,3,Preventive,No,Scheduled
SMMS000565,AST006602,Axle Counter,C00014,83.8,Axle Counter,Axle counter fault,Low,2,2,2,2025-06-19,2025-07-19,0,105,2,Corrective,No,Completed
SMMS000566,AST007779,Track Circuit,C00039,24.6,Track Circuit,Track circuit fault,Low,3,2,1,2025-05-27,2025-06-27,4,125,5,Inspection,Yes,Open
SMMS000567,AST006574,Track Circuit,C00081,34.1,Track Circuit,Track circuit fault,Medium,2,3,1,2025-04-21,2025-05-04,58,61,2,Corrective,Yes,Open
SMMS000568,AST005939,Interlocking,C00004,69.4,Route Relay Interlocking,Interlocking inspection,High,3,3,2,2025-05-21,2025-05-29,33,247,4,Inspection,Yes,Scheduled
SMMS000569,AST008374,Track Circuit,C00026,179.0,Track Circuit,Track circuit fault,Low,4,2,2,2025-05-25,2025-06-26,5,158,4,Inspection,Yes,Scheduled
SMMS000570,AST006641,Relay,C00078,19.0,Relay Interlocking,Relay degradation,Medium,2,3,3,2025-03-29,2025-04-18,74,52,2,Corrective,No,Open
SMMS000571,AST008404,Signal,C00034,22.1,Colour Light Signal,Signal lamp/equipment replacement,Low,1,1,3,2025-06-09,2025-07-11,0,79,1,Inspection,Yes,Open
SMMS000572,AST005774,Level Crossing Signal,C00029,43.6,LC Gate Signal,Signal failure,Low,3,2,1,2025-05-29,2025-07-02,0,135,4,Corrective,No,Scheduled
SMMS000573,AST007193,Optical Fiber,C00043,11.3,OFC Link,Cable fault,Low,2,2,2,2025-06-13,2025-07-22,0,224,3,Corrective,No,Open
SMMS000574,AST005941,Point Machine,C00051,14.2,Electric Point Machine,Point machine fault,Critical,3,4,4,2025-05-24,2025-05-27,35,172,3,Preventive,Yes,Open
SMMS000575,AST007945,Point Machine,C00026,211.1,Electric Point Machine,Point machine fault,Medium,5,3,1,2025-06-14,2025-07-04,0,159,3,Preventive,No,Open
SMMS000576,AST005686,Telecom Cable,C00047,24.1,Quad Cable,Cable fault,Medium,3,3,3,2025-06-05,2025-06-23,8,194,2,Corrective,No,In Progress
SMMS000577,AST005338,Signal,C00063,11.2,Colour Light Signal,Signal lamp/equipment replacement,High,4,4,3,2025-05-31,2025-06-10,21,62,3,Preventive,Yes,In Progress
SMMS000578,AST005310,Telecom Cable,C00053,5.1,Quad Cable,Cable fault,Medium,3,3,1,2025-06-25,2025-07-10,0,168,3,Corrective,Yes,In Progress
SMMS000579,AST007921,Point Machine,C00013,80.8,Electric Point Machine,Point machine fault,High,4,5,3,2025-06-29,2025-07-07,0,157,3,Corrective,Yes,Open
SMMS000580,AST006015,Level Crossing Signal,C00061,48.1,LC Gate Signal,Signal failure,Medium,2,3,2,2025-06-05,2025-06-27,4,185,3,Preventive,No,Open
SMMS000581,AST006055,Telecom Cable,C00015,41.8,Quad Cable,Cable fault,Critical,3,4,2,2025-06-30,2025-07-04,0,122,5,Corrective,No,Completed
SMMS000582,AST007697,Axle Counter,C00011,63.4,Axle Counter,Axle counter fault,Medium,2,2,4,2025-06-29,2025-07-16,0,92,3,Corrective,No,Open
SMMS000583,AST008516,Interlocking,C00063,87.8,Route Relay Interlocking,Interlocking inspection,Low,2,1,1,2025-04-30,2025-06-05,26,197,4,Inspection,Yes,Open
SMMS000584,AST007339,Point Machine,C00098,3.4,Electric Point Machine,Point machine fault,Medium,2,2,3,2025-06-28,2025-07-12,0,161,4,Preventive,Yes,Open
SMMS000585,AST008236,Point Machine,C00050,36.1,Electric Point Machine,Point machine fault,High,1,4,2,2025-04-23,2025-04-30,0,177,3,Corrective,Yes,Completed
SMMS000586,AST007076,Optical Fiber,C00008,78.1,OFC Link,Cable fault,Low,3,2,1,2025-06-09,2025-07-26,0,119,3,Inspection,Yes,Open
SMMS000587,AST006465,Track Circuit,C00065,59.4,Track Circuit,Track circuit fault,Low,3,1,2,2025-06-21,2025-08-09,0,134,2,Preventive,No,Open
SMMS000588,AST005953,Telecom Cable,C00016,20.3,Quad Cable,Cable fault,Medium,4,3,2,2025-06-21,2025-07-06,0,145,4,Corrective,Yes,In Progress
SMMS000589,AST005297,Telecom Cable,C00032,15.6,Quad Cable,Cable fault,High,3,4,2,2025-04-22,2025-05-01,61,188,3,Preventive,Yes,Deferred
SMMS000590,AST008170,Telecom Cable,C00090,37.5,Quad Cable,Cable fault,Medium,2,3,1,2025-06-26,2025-07-07,0,144,2,Corrective,No,Open
SMMS000591,AST007901,Axle Counter,C00098,1.7,Axle Counter,Axle counter fault,Critical,4,4,4,2025-06-15,2025-06-18,13,77,3,Preventive,No,Open
SMMS000592,AST005907,Telecom Cable,C00053,91.6,Quad Cable,Cable fault,Medium,2,1,2,2025-05-12,2025-06-05,26,143,3,Preventive,Yes,In Progress
SMMS000593,AST007704,Signal,C00008,43.6,Colour Light Signal,Signal lamp/equipment replacement,Low,2,2,2,2025-06-17,2025-07-16,0,137,1,Preventive,Yes,Completed
SMMS000594,AST008380,Axle Counter,C00061,43.9,Axle Counter,Axle counter fault,Medium,3,2,2,2025-03-14,2025-04-02,90,133,5,Preventive,Yes,Open
SMMS000595,AST006163,Signal,C00052,106.1,Colour Light Signal,Signal failure,Low,3,1,1,2025-04-13,2025-05-26,36,93,4,Corrective,No,In Progress
SMMS000596,AST005561,Optical Fiber,C00100,0.8,OFC Link,Cable fault,Medium,3,1,2,2025-06-17,2025-07-01,0,192,3,Corrective,Yes,Open
SMMS000597,AST005371,Track Circuit,C00053,31.0,Track Circuit,Track circuit fault,Critical,4,2,3,2025-06-23,2025-06-26,0,208,2,Corrective,Yes,Completed
SMMS000598,AST006151,Level Crossing Signal,C00084,146.1,LC Gate Signal,Signal failure,Medium,2,3,1,2025-03-25,2025-04-13,79,64,3,Corrective,Yes,In Progress
SMMS000599,AST007491,Level Crossing Signal,C00074,2.7,LC Gate Signal,Signal failure,High,3,3,2,2025-06-22,2025-06-30,0,154,3,Preventive,No,Completed
SMMS000600,AST005454,Point Machine,C00072,98.5,Electric Point Machine,Point machine fault,Medium,2,2,2,2025-04-29,2025-05-20,42,118,3,Corrective,No,Scheduled
SMMS000601,AST006648,Signal,C00066,55.8,Colour Light Signal,Signal failure,Low,3,2,2,2025-05-21,2025-06-17,14,141,2,Inspection,Yes,Open
SMMS000602,AST005995,Point Machine,C00023,17.4,Electric Point Machine,Point machine fault,Low,3,2,2,2025-05-01,2025-06-07,24,149,2,Inspection,Yes,In Progress
SMMS000603,AST006912,Relay,C00068,17.1,Relay Interlocking,Relay degradation,Medium,3,1,1,2025-06-06,2025-06-20,0,77,3,Corrective,Yes,Completed
SMMS000604,AST006017,Point Machine,C00090,81.1,Electric Point Machine,Point machine fault,Medium,4,4,3,2025-06-05,2025-06-21,10,140,2,Corrective,Yes,Scheduled
SMMS000605,AST005510,Level Crossing Signal,C00017,0.5,LC Gate Signal,Signal failure,Medium,3,2,1,2025-04-15,2025-04-27,65,93,1,Corrective,Yes,Open
SMMS000606,AST007392,Point Machine,C00085,231.6,Electric Point Machine,Point machine fault,Medium,2,3,1,2025-06-07,2025-06-30,0,154,3,Preventive,Yes,Completed
SMMS000607,AST006844,Telecom Cable,C00092,50.5,Quad Cable,Cable fault,Medium,3,3,2,2025-06-03,2025-06-24,7,251,3,Preventive,Yes,Scheduled
SMMS000608,AST007872,Track Circuit,C00047,54.2,Track Circuit,Track circuit fault,High,4,4,2,2025-06-18,2025-06-25,6,207,2,Corrective,No,Scheduled
SMMS000609,AST006789,Axle Counter,C00038,182.5,Axle Counter,Axle counter fault,Medium,3,3,2,2025-06-10,2025-06-23,8,87,2,Corrective,No,Scheduled
SMMS000610,AST007022,Relay,C00069,240.0,Relay Interlocking,Relay degradation,Medium,2,2,2,2025-06-17,2025-07-05,0,66,4,Corrective,No,Completed
SMMS000611,AST006262,Signal,C00058,18.8,Colour Light Signal,Signal failure,Low,2,2,1,2025-04-07,2025-05-01,61,142,3,Preventive,No,Scheduled
SMMS000612,AST008076,Interlocking,C00060,24.5,Route Relay Interlocking,Interlocking inspection,Medium,2,3,2,2025-04-25,2025-05-05,57,212,4,Inspection,Yes,Scheduled
SMMS000613,AST007136,Axle Counter,C00099,11.7,Axle Counter,Axle counter fault,High,3,4,2,2025-06-25,2025-07-01,0,139,3,Corrective,Yes,Deferred
SMMS000614,AST005938,Optical Fiber,C00031,9.0,OFC Link,Cable fault,Medium,1,3,3,2025-04-24,2025-05-13,49,132,2,Preventive,Yes,Scheduled
SMMS000615,AST005648,Interlocking,C00051,30.9,Route Relay Interlocking,Interlocking inspection,Medium,1,3,3,2025-06-24,2025-07-11,0,192,3,Inspection,No,Completed
SMMS000616,AST006914,Level Crossing Signal,C00078,19.2,LC Gate Signal,Signal failure,High,4,5,4,2025-06-30,2025-07-08,0,133,4,Corrective,Yes,In Progress
SMMS000617,AST006803,Track Circuit,C00017,3.2,Track Circuit,Track circuit fault,Low,2,2,1,2025-06-20,2025-08-01,0,104,5,Corrective,Yes,Scheduled
SMMS000618,AST008339,Signal,C00038,42.3,Colour Light Signal,Signal lamp/equipment replacement,Critical,5,4,4,2025-05-31,2025-06-02,29,120,2,Preventive,No,In Progress
SMMS000619,AST007860,Axle Counter,C00076,139.2,Axle Counter,Axle counter fault,High,3,4,4,2025-04-07,2025-04-16,76,128,5,Preventive,No,Open
SMMS000620,AST008567,Axle Counter,C00026,23.0,Axle Counter,Axle counter fault,Low,2,2,1,2025-06-06,2025-07-09,0,108,4,Inspection,Yes,Open
SMMS000621,AST008260,Signal,C00057,14.1,Colour Light Signal,Signal lamp/equipment replacement,Medium,3,2,1,2025-06-23,2025-07-10,0,34,2,Preventive,No,Scheduled
SMMS000622,AST007723,Interlocking,C00049,112.5,Route Relay Interlocking,Interlocking inspection,Low,2,1,1,2025-06-06,2025-07-10,0,182,4,Inspection,No,Deferred
SMMS000623,AST006579,Track Circuit,C00041,17.0,Track Circuit,Track circuit fault,Low,3,2,2,2025-06-23,2025-08-06,0,142,3,Corrective,Yes,Completed
SMMS000624,AST007660,Point Machine,C00072,109.2,Electric Point Machine,Point machine fault,High,3,3,3,2025-04-14,2025-04-22,70,232,5,Corrective,Yes,Scheduled
SMMS000625,AST006789,Axle Counter,C00038,182.5,Axle Counter,Axle counter fault,High,3,4,3,2025-06-12,2025-06-19,0,119,2,Preventive,No,Completed
SMMS000626,AST006279,Point Machine,C00079,34.4,Electric Point Machine,Point machine fault,Medium,2,3,1,2025-05-20,2025-06-10,21,132,3,Corrective,No,Open
SMMS000627,AST007044,Track Circuit,C00022,11.6,Track Circuit,Track circuit fault,High,4,5,3,2025-06-30,2025-07-08,0,195,3,Preventive,No,Open
SMMS000628,AST006914,Level Crossing Signal,C00078,19.2,LC Gate Signal,Signal failure,High,3,4,4,2025-05-21,2025-05-29,33,132,4,Corrective,No,In Progress
SMMS000629,AST006125,Optical Fiber,C00086,123.7,OFC Link,Cable fault,Low,1,2,1,2025-06-09,2025-07-19,0,110,2,Inspection,Yes,Completed
SMMS000630,AST007996,Interlocking,C00010,36.0,Route Relay Interlocking,Interlocking inspection,Medium,2,3,2,2025-05-30,2025-06-22,0,162,3,Inspection,Yes,Completed
SMMS000631,AST007257,Telecom Cable,C00037,4.6,Quad Cable,Cable fault,Low,2,3,1,2025-06-28,2025-07-25,0,150,3,Preventive,No,Open
SMMS000632,AST008071,Optical Fiber,C00044,37.7,OFC Link,Cable fault,High,4,3,3,2025-06-10,2025-06-21,10,183,4,Corrective,Yes,Open
SMMS000633,AST007648,Telecom Cable,C00077,37.8,Quad Cable,Cable fault,High,3,3,3,2025-05-15,2025-05-23,39,101,3,Corrective,No,Scheduled
SMMS000634,AST007649,Interlocking,C00082,41.8,Route Relay Interlocking,Interlocking inspection,Medium,2,2,2,2025-06-22,2025-07-12,0,213,4,Inspection,Yes,Open
SMMS000635,AST008226,Optical Fiber,C00012,73.9,OFC Link,Cable fault,Critical,4,4,3,2025-03-24,2025-03-29,0,139,2,Preventive,Yes,Completed
SMMS000636,AST006842,Interlocking,C00041,26.6,Route Relay Interlocking,Interlocking inspection,Low,3,2,2,2025-06-17,2025-07-23,0,216,3,Inspection,Yes,Open
SMMS000637,AST005854,Signal,C00026,197.6,Colour Light Signal,Signal lamp/equipment replacement,Medium,2,3,3,2025-06-29,2025-07-18,0,68,1,Corrective,Yes,Completed
SMMS000638,AST005487,Signal,C00053,69.6,Colour Light Signal,Signal lamp/equipment replacement,Low,2,2,2,2025-05-22,2025-06-28,3,61,2,Preventive,No,In Progress
SMMS000639,AST005969,Signal,C00056,29.0,Colour Light Signal,Signal failure,Medium,3,2,2,2025-06-05,2025-06-24,7,123,4,Preventive,Yes,In Progress
SMMS000640,AST007093,Optical Fiber,C00026,183.9,OFC Link,Cable fault,Low,4,3,1,2025-06-21,2025-07-16,0,148,3,Preventive,Yes,Open
SMMS000641,AST006767,Level Crossing Signal,C00071,11.3,LC Gate Signal,Signal failure,High,3,4,4,2025-06-20,2025-06-28,3,93,3,Corrective,No,Open
SMMS000642,AST007496,Point Machine,C00050,58.5,Electric Point Machine,Point machine fault,Medium,3,2,2,2025-06-25,2025-07-12,0,165,2,Preventive,Yes,In Progress
SMMS000643,AST006026,Axle Counter,C00058,29.6,Axle Counter,Axle counter fault,Medium,3,2,1,2025-06-25,2025-07-06,0,95,4,Corrective,No,Open
SMMS000644,AST007171,Level Crossing Signal,C00097,18.5,LC Gate Signal,Signal failure,High,4,3,2,2025-05-15,2025-05-23,39,76,3,Preventive,Yes,Open
SMMS000645,AST007618,Level Crossing Signal,C00078,119.1,LC Gate Signal,Signal failure,Medium,4,1,2,2025-06-28,2025-07-13,0,96,2,Preventive,No,Completed
SMMS000646,AST007869,Axle Counter,C00002,52.4,Axle Counter,Axle counter fault,Medium,2,2,2,2025-06-18,2025-07-03,0,111,4,Corrective,Yes,Open
SMMS000647,AST006587,Optical Fiber,C00045,0.5,OFC Link,Cable fault,Low,2,3,3,2025-06-22,2025-07-24,0,167,3,Corrective,No,Open
SMMS000648,AST007835,Optical Fiber,C00059,30.1,OFC Link,Cable fault,Critical,4,4,4,2025-06-27,2025-06-29,0,101,3,Corrective,No,Completed
SMMS000649,AST007356,Optical Fiber,C00068,48.7,OFC Link,Cable fault,High,4,5,3,2025-05-16,2025-05-25,0,129,1,Preventive,No,Completed
SMMS000650,AST007415,Axle Counter,C00026,296.3,Axle Counter,Axle counter fault,High,5,4,1,2025-06-07,2025-06-16,0,166,4,Corrective,No,Completed
SMMS000651,AST007997,Optical Fiber,C00096,126.9,OFC Link,Cable fault,Low,3,2,1,2025-06-28,2025-08-06,0,146,4,Corrective,No,Completed
SMMS000652,AST007856,Relay,C00042,24.5,Relay Interlocking,Relay degradation,High,3,3,2,2025-03-23,2025-04-01,91,49,2,Corrective,Yes,Open
SMMS000653,AST005968,Relay,C00079,45.6,Relay Interlocking,Relay degradation,High,3,4,3,2025-06-26,2025-07-05,0,102,5,Corrective,Yes,Open
SMMS000654,AST006480,Level Crossing Signal,C00084,112.6,LC Gate Signal,Signal failure,Medium,2,4,1,2025-06-04,2025-06-25,0,91,5,Preventive,No,Completed
SMMS000655,AST007829,Telecom Cable,C00078,20.0,Quad Cable,Cable fault,Medium,1,4,3,2025-06-21,2025-07-09,0,158,3,Preventive,No,Completed
SMMS000656,AST005515,Point Machine,C00064,128.6,Electric Point Machine,Point machine fault,Critical,4,5,5,2025-06-03,2025-06-06,25,186,4,Preventive,Yes,In Progress
SMMS000657,AST007871,Interlocking,C00075,16.3,Route Relay Interlocking,Interlocking inspection,Low,2,2,1,2025-06-02,2025-06-24,7,199,2,Inspection,No,Open
SMMS000658,AST005708,Signal,C00003,77.4,Colour Light Signal,Signal failure,High,4,4,2,2025-05-17,2025-05-25,37,95,4,Preventive,Yes,In Progress
SMMS000659,AST008402,Telecom Cable,C00079,19.7,Quad Cable,Cable fault,High,4,3,3,2025-06-11,2025-06-21,10,211,4,Preventive,No,Open
SMMS000660,AST005548,Point Machine,C00023,25.3,Electric Point Machine,Point machine fault,Medium,2,3,1,2025-05-25,2025-06-08,23,146,3,Preventive,No,Open
SMMS000661,AST006531,Axle Counter,C00023,31.5,Axle Counter,Axle counter fault,Medium,3,2,1,2025-06-26,2025-07-12,0,69,2,Preventive,Yes,In Progress
SMMS000662,AST005656,Point Machine,C00018,90.7,Electric Point Machine,Point machine fault,Medium,3,3,2,2025-06-01,2025-06-13,18,86,3,Preventive,Yes,Open
SMMS000663,AST008186,Axle Counter,C00080,58.0,Axle Counter,Axle counter fault,Low,2,3,2,2025-05-23,2025-06-21,10,115,3,Inspection,Yes,Open
SMMS000664,AST006731,Telecom Cable,C00095,38.1,Quad Cable,Cable fault,Medium,3,2,2,2025-04-09,2025-04-28,0,184,4,Preventive,No,Completed
SMMS000665,AST008319,Point Machine,C00083,68.5,Electric Point Machine,Point machine fault,Medium,3,3,2,2025-03-09,2025-04-02,0,122,2,Corrective,No,Completed
SMMS000666,AST006463,Track Circuit,C00083,66.1,Track Circuit,Track circuit fault,High,4,4,2,2025-04-05,2025-04-13,79,135,4,Corrective,No,Open
SMMS000667,AST006603,Signal,C00038,204.9,Colour Light Signal,Signal failure,Medium,3,3,2,2025-06-22,2025-07-11,0,124,1,Preventive,No,In Progress
SMMS000668,AST007236,Optical Fiber,C00099,11.0,OFC Link,Cable fault,Low,3,3,2,2025-05-13,2025-06-15,16,137,4,Preventive,No,Scheduled
SMMS000669,AST006855,Relay,C00024,27.7,Relay Interlocking,Relay degradation,High,3,3,2,2025-05-28,2025-06-05,26,65,4,Corrective,Yes,Scheduled
SMMS000670,AST006514,Axle Counter,C00027,67.3,Axle Counter,Axle counter fault,Medium,2,3,3,2025-06-16,2025-07-10,0,72,2,Corrective,No,Completed
SMMS000671,AST007731,Optical Fiber,C00050,19.1,OFC Link,Cable fault,Medium,3,3,2,2025-06-29,2025-07-19,0,169,2,Preventive,Yes,Open
SMMS000672,AST005876,Signal,C00053,101.5,Colour Light Signal,Signal failure,Medium,3,2,3,2025-06-02,2025-06-17,14,111,4,Corrective,Yes,In Progress
SMMS000673,AST006229,Optical Fiber,C00098,2.1,OFC Link,Cable fault,Medium,3,3,4,2025-04-21,2025-05-03,59,107,3,Preventive,Yes,Open
SMMS000674,AST007925,Optical Fiber,C00065,2.2,OFC Link,Cable fault,Medium,2,3,3,2025-03-31,2025-04-18,74,89,2,Corrective,No,Open
SMMS000675,AST006159,Axle Counter,C00093,54.3,Axle Counter,Axle counter fault,Low,2,2,2,2025-06-15,2025-07-20,0,106,3,Preventive,Yes,Open
SMMS000676,AST008073,Level Crossing Signal,C00011,75.2,LC Gate Signal,Signal failure,Medium,4,3,2,2025-06-16,2025-07-04,0,91,4,Corrective,No,Scheduled
SMMS000677,AST007905,Track Circuit,C00069,132.5,Track Circuit,Track circuit fault,Medium,4,3,2,2025-04-12,2025-04-24,68,145,2,Corrective,Yes,Open
SMMS000678,AST006068,Level Crossing Signal,C00051,57.7,LC Gate Signal,Signal failure,Low,2,3,2,2025-05-27,2025-06-25,6,146,2,Corrective,No,Deferred
SMMS000679,AST008253,Relay,C00015,73.7,Relay Interlocking,Relay degradation,Critical,4,5,3,2025-06-21,2025-06-25,0,131,3,Preventive,Yes,Completed
SMMS000680,AST007860,Axle Counter,C00076,139.2,Axle Counter,Axle counter fault,Low,3,2,1,2025-06-05,2025-06-26,5,149,3,Preventive,No,Open
SMMS000681,AST007123,Telecom Cable,C00068,20.2,Quad Cable,Cable fault,High,3,4,3,2025-06-28,2025-07-08,0,196,5,Preventive,No,Open
SMMS000682,AST008257,Level Crossing Signal,C00084,41.8,LC Gate Signal,Signal failure,Low,1,2,1,2025-05-01,2025-06-08,23,122,4,Preventive,Yes,Open
SMMS000683,AST005793,Level Crossing Signal,C00025,174.3,LC Gate Signal,Signal failure,High,3,3,3,2025-05-20,2025-05-26,36,119,3,Preventive,No,Scheduled
SMMS000684,AST005744,Track Circuit,C00067,51.0,Track Circuit,Track circuit fault,Medium,4,3,1,2025-06-28,2025-07-14,0,153,4,Preventive,No,Completed
SMMS000685,AST007457,Point Machine,C00030,2.3,Electric Point Machine,Point machine fault,High,3,5,1,2025-06-21,2025-06-29,0,143,3,Corrective,Yes,Completed
SMMS000686,AST007929,Level Crossing Signal,C00065,40.2,LC Gate Signal,Signal failure,Medium,3,3,1,2025-05-28,2025-06-15,0,160,2,Corrective,Yes,Completed
SMMS000687,AST007784,Interlocking,C00021,70.6,Route Relay Interlocking,Interlocking inspection,Critical,4,4,3,2025-05-02,2025-05-05,57,262,4,Inspection,Yes,Open
SMMS000688,AST006374,Optical Fiber,C00084,153.5,OFC Link,Cable fault,Low,3,2,1,2025-06-24,2025-08-06,0,141,4,Corrective,Yes,Open
SMMS000689,AST007959,Track Circuit,C00060,2.9,Track Circuit,Track circuit fault,Medium,2,3,3,2025-06-25,2025-07-08,0,140,4,Preventive,No,Deferred
SMMS000690,AST007490,Relay,C00097,16.4,Relay Interlocking,Relay degradation,Critical,3,4,3,2025-06-18,2025-06-23,8,106,2,Corrective,Yes,Deferred
SMMS000691,AST007414,Telecom Cable,C00083,52.3,Quad Cable,Cable fault,Low,1,1,2,2025-06-27,2025-07-26,0,206,4,Corrective,Yes,Scheduled
SMMS000692,AST006696,Track Circuit,C00021,47.2,Track Circuit,Track circuit fault,Medium,2,3,3,2025-06-12,2025-06-28,3,100,3,Preventive,No,Open
SMMS000693,AST008496,Track Circuit,C00052,22.9,Track Circuit,Track circuit fault,Medium,3,3,2,2025-05-22,2025-06-05,26,121,4,Preventive,No,Open
SMMS000694,AST007315,Optical Fiber,C00069,222.4,OFC Link,Cable fault,Low,2,2,1,2025-06-06,2025-07-19,0,183,5,Preventive,No,Scheduled
SMMS000695,AST005708,Signal,C00003,77.4,Colour Light Signal,Signal lamp/equipment replacement,Low,3,2,1,2025-06-14,2025-07-11,0,51,3,Corrective,No,Open
SMMS000696,AST007521,Signal,C00007,10.0,Colour Light Signal,Signal lamp/equipment replacement,High,3,5,3,2025-05-27,2025-06-04,27,48,4,Preventive,Yes,Open
SMMS000697,AST007955,Relay,C00100,3.5,Relay Interlocking,Relay degradation,Critical,3,4,4,2025-06-14,2025-06-17,14,116,4,Preventive,No,Open
SMMS000698,AST007693,Axle Counter,C00086,224.0,Axle Counter,Axle counter fault,High,4,3,1,2025-05-17,2025-05-28,34,121,4,Preventive,No,Open
SMMS000699,AST007109,Signal,C00025,316.5,Colour Light Signal,Signal failure,Medium,4,2,3,2025-06-09,2025-07-02,0,109,5,Corrective,Yes,Open
SMMS000700,AST005990,Point Machine,C00009,85.4,Electric Point Machine,Point machine fault,Medium,1,2,2,2025-05-26,2025-06-08,23,176,4,Corrective,Yes,Open
SMMS000701,AST006337,Point Machine,C00088,23.4,Electric Point Machine,Point machine fault,Low,3,2,1,2025-05-13,2025-06-10,21,115,4,Corrective,Yes,Open
SMMS000702,AST008239,Relay,C00004,113.1,Relay Interlocking,Relay degradation,Low,2,1,2,2025-03-06,2025-04-02,90,145,4,Inspection,Yes,Deferred
SMMS000703,AST005598,Telecom Cable,C00089,75.2,Quad Cable,Cable fault,Low,3,2,1,2025-06-15,2025-07-18,0,165,5,Inspection,Yes,Open
SMMS000704,AST005711,Axle Counter,C00028,67.4,Axle Counter,Axle counter fault,Medium,2,4,3,2025-03-15,2025-04-01,0,73,4,Preventive,Yes,Completed
SMMS000705,AST007510,Point Machine,C00091,139.3,Electric Point Machine,Point machine fault,Medium,3,3,2,2025-05-22,2025-06-09,22,147,5,Corrective,No,Scheduled
SMMS000706,AST006588,Track Circuit,C00089,67.8,Track Circuit,Track circuit fault,Low,2,1,2,2025-06-23,2025-07-29,0,136,3,Corrective,Yes,Open
SMMS000707,AST006588,Track Circuit,C00089,67.8,Track Circuit,Track circuit fault,Medium,3,2,2,2025-06-08,2025-06-25,6,242,5,Corrective,No,Open
SMMS000708,AST007172,Level Crossing Signal,C00031,61.4,LC Gate Signal,Signal failure,Low,3,2,3,2025-05-22,2025-07-02,0,47,2,Preventive,No,Open
SMMS000709,AST006629,Level Crossing Signal,C00053,75.9,LC Gate Signal,Signal failure,Critical,4,5,4,2025-06-04,2025-06-07,24,188,2,Corrective,Yes,Scheduled
SMMS000710,AST007794,Signal,C00033,87.2,Colour Light Signal,Signal failure,Medium,3,3,1,2025-05-24,2025-06-08,23,109,5,Corrective,No,Scheduled
SMMS000711,AST005744,Track Circuit,C00067,51.0,Track Circuit,Track circuit fault,Medium,5,4,2,2025-06-10,2025-06-30,1,103,3,Preventive,Yes,Open
SMMS000712,AST006010,Signal,C00015,53.8,Colour Light Signal,Signal lamp/equipment replacement,Low,2,3,2,2025-06-20,2025-08-01,0,100,3,Corrective,No,Open
SMMS000713,AST006064,Axle Counter,C00009,28.4,Axle Counter,Axle counter fault,High,2,4,2,2025-06-02,2025-06-09,22,62,3,Corrective,Yes,In Progress
SMMS000714,AST006388,Point Machine,C00048,22.3,Electric Point Machine,Point machine fault,High,2,4,3,2025-05-09,2025-05-19,0,153,1,Corrective,Yes,Completed
SMMS000715,AST006046,Level Crossing Signal,C00052,189.8,LC Gate Signal,Signal failure,Critical,4,4,4,2025-06-25,2025-06-30,1,284,4,Corrective,Yes,Open
SMMS000716,AST006408,Optical Fiber,C00083,25.1,OFC Link,Cable fault,High,3,4,3,2025-06-15,2025-06-22,0,170,2,Corrective,Yes,Completed
SMMS000717,AST007475,Signal,C00077,22.5,Colour Light Signal,Signal failure,Medium,2,3,3,2025-06-04,2025-06-16,15,143,5,Corrective,No,Open
SMMS000718,AST008139,Relay,C00066,34.8,Relay Interlocking,Relay degradation,Low,1,1,1,2025-06-29,2025-07-28,0,68,2,Corrective,No,Open
SMMS000719,AST006901,Axle Counter,C00050,27.2,Axle Counter,Axle counter fault,Medium,2,3,1,2025-06-23,2025-07-09,0,171,4,Corrective,Yes,Scheduled
SMMS000720,AST007741,Axle Counter,C00027,8.9,Axle Counter,Axle counter fault,Low,1,2,1,2025-06-30,2025-08-06,0,116,3,Preventive,Yes,Open
SMMS000721,AST007006,Relay,C00088,4.0,Relay Interlocking,Relay degradation,Low,1,1,1,2025-05-23,2025-06-24,7,60,2,Preventive,No,Open
SMMS000722,AST006324,Telecom Cable,C00017,2.7,Quad Cable,Cable fault,High,4,4,3,2025-04-27,2025-05-05,57,162,3,Preventive,Yes,Open
SMMS000723,AST007682,Telecom Cable,C00059,107.9,Quad Cable,Cable fault,High,2,3,3,2025-06-24,2025-06-30,1,171,3,Preventive,Yes,In Progress
SMMS000724,AST007467,Signal,C00078,73.2,Colour Light Signal,Signal lamp/equipment replacement,Medium,3,3,4,2025-03-11,2025-04-04,88,53,4,Corrective,No,Deferred
SMMS000725,AST006734,Level Crossing Signal,C00077,59.3,LC Gate Signal,Signal failure,Medium,2,2,2,2025-06-17,2025-07-03,0,96,3,Preventive,No,Open
SMMS000726,AST008553,Level Crossing Signal,C00052,99.8,LC Gate Signal,Signal failure,Medium,3,3,1,2025-06-28,2025-07-22,0,149,4,Corrective,No,Open
SMMS000727,AST005686,Telecom Cable,C00047,24.1,Quad Cable,Cable fault,High,3,5,4,2025-06-17,2025-06-27,4,81,3,Preventive,No,Open
SMMS000728,AST005990,Point Machine,C00009,85.4,Electric Point Machine,Point machine fault,Medium,2,2,3,2025-06-08,2025-06-23,8,167,5,Preventive,Yes,Open
SMMS000729,AST006131,Interlocking,C00058,22.9,Route Relay Interlocking,Interlocking inspection,Low,2,2,1,2025-06-30,2025-08-02,0,172,3,Inspection,No,In Progress
SMMS000730,AST006188,Point Machine,C00002,46.8,Electric Point Machine,Point machine fault,Medium,3,3,2,2025-06-16,2025-07-05,0,168,3,Preventive,Yes,Scheduled
SMMS000731,AST005438,Signal,C00035,87.2,Colour Light Signal,Signal lamp/equipment replacement,Critical,4,4,4,2025-06-06,2025-06-08,0,118,3,Preventive,Yes,Completed
SMMS000732,AST006789,Axle Counter,C00038,182.5,Axle Counter,Axle counter fault,Low,3,1,1,2025-06-26,2025-08-01,0,144,4,Corrective,No,Open
SMMS000733,AST005405,Telecom Cable,C00091,26.8,Quad Cable,Cable fault,Medium,4,3,3,2025-06-04,2025-06-17,0,185,3,Preventive,No,Completed
SMMS000734,AST006917,Track Circuit,C00077,2.3,Track Circuit,Track circuit fault,Low,2,1,1,2025-04-12,2025-05-04,0,99,3,Corrective,No,Completed
SMMS000735,AST007842,Level Crossing Signal,C00035,50.8,LC Gate Signal,Signal failure,High,4,4,2,2025-03-03,2025-03-13,110,149,2,Corrective,Yes,Scheduled
SMMS000736,AST006565,Relay,C00067,120.8,Relay Interlocking,Relay degradation,Medium,4,3,1,2025-06-22,2025-07-11,0,85,2,Preventive,Yes,Scheduled
SMMS000737,AST006702,Point Machine,C00052,79.1,Electric Point Machine,Point machine fault,High,3,4,1,2025-04-04,2025-04-13,0,120,3,Corrective,Yes,Completed
SMMS000738,AST006982,Track Circuit,C00035,19.4,Track Circuit,Track circuit fault,Low,4,2,2,2025-05-18,2025-06-27,4,89,3,Corrective,Yes,Open
SMMS000739,AST005438,Signal,C00035,87.2,Colour Light Signal,Signal lamp/equipment replacement,Low,2,1,1,2025-05-23,2025-07-10,0,62,1,Corrective,No,Open
SMMS000740,AST006796,Optical Fiber,C00059,56.2,OFC Link,Cable fault,Medium,2,2,1,2025-06-19,2025-07-06,0,136,4,Preventive,Yes,Scheduled
SMMS000741,AST006707,Axle Counter,C00024,24.3,Axle Counter,Axle counter fault,Low,2,2,2,2025-06-28,2025-07-22,0,46,1,Corrective,Yes,Open
SMMS000742,AST008571,Track Circuit,C00047,9.9,Track Circuit,Track circuit fault,Low,2,2,1,2025-05-24,2025-06-18,0,101,5,Inspection,Yes,Completed
SMMS000743,AST008393,Signal,C00010,47.3,Colour Light Signal,Signal lamp/equipment replacement,Medium,3,2,2,2025-06-01,2025-06-20,11,70,2,Corrective,Yes,Open
SMMS000744,AST008010,Signal,C00057,28.9,Colour Light Signal,Signal lamp/equipment replacement,Medium,4,2,2,2025-06-26,2025-07-07,0,104,3,Preventive,Yes,Completed
SMMS000745,AST006162,Axle Counter,C00033,69.9,Axle Counter,Axle counter fault,Low,2,2,3,2025-06-25,2025-08-04,0,107,3,Inspection,No,Open
SMMS000746,AST005708,Signal,C00003,77.4,Colour Light Signal,Signal lamp/equipment replacement,Medium,3,2,2,2025-06-09,2025-06-26,5,86,2,Preventive,Yes,Open
SMMS000747,AST007195,Axle Counter,C00016,62.9,Axle Counter,Axle counter fault,High,4,4,3,2025-06-08,2025-06-16,15,145,5,Corrective,No,Open
SMMS000748,AST006463,Track Circuit,C00083,66.1,Track Circuit,Track circuit fault,Medium,3,3,1,2025-03-20,2025-04-03,0,116,2,Preventive,No,Completed
SMMS000749,AST008059,Relay,C00059,187.7,Relay Interlocking,Relay degradation,Critical,4,5,3,2025-03-10,2025-03-13,110,74,2,Preventive,No,Deferred
SMMS000750,AST007483,Signal,C00032,23.4,Colour Light Signal,Signal failure,High,4,3,3,2025-06-20,2025-06-25,6,116,2,Corrective,No,Open
SMMS000751,AST008627,Level Crossing Signal,C00087,131.8,LC Gate Signal,Signal failure,Medium,2,3,2,2025-06-16,2025-07-06,0,77,2,Preventive,No,In Progress
SMMS000752,AST008145,Axle Counter,C00090,53.1,Axle Counter,Axle counter fault,Low,3,3,3,2025-06-15,2025-07-17,0,139,3,Corrective,Yes,Deferred
SMMS000753,AST008411,Axle Counter,C00045,101.0,Axle Counter,Axle counter fault,High,4,3,2,2025-05-04,2025-05-13,49,153,3,Preventive,Yes,Scheduled
SMMS000754,AST005343,Point Machine,C00088,42.6,Electric Point Machine,Point machine fault,High,3,4,4,2025-05-31,2025-06-05,26,103,3,Corrective,Yes,In Progress
SMMS000755,AST006109,Relay,C00072,99.7,Relay Interlocking,Relay degradation,Low,1,1,1,2025-06-19,2025-08-07,0,47,3,Preventive,No,Completed
SMMS000756,AST006564,Axle Counter,C00057,127.0,Axle Counter,Axle counter fault,Low,3,3,3,2025-06-02,2025-07-04,0,121,4,Preventive,Yes,Scheduled
SMMS000757,AST005413,Optical Fiber,C00006,3.1,OFC Link,Cable fault,Low,4,3,1,2025-06-24,2025-08-06,0,182,3,Inspection,No,Completed
SMMS000758,AST006549,Level Crossing Signal,C00015,3.6,LC Gate Signal,Signal failure,Medium,2,3,2,2025-05-28,2025-06-18,13,103,3,Corrective,No,Scheduled
SMMS000759,AST006149,Level Crossing Signal,C00042,65.4,LC Gate Signal,Signal failure,Low,2,2,2,2025-05-23,2025-06-27,0,100,5,Inspection,No,Completed
SMMS000760,AST005695,Track Circuit,C00033,68.9,Track Circuit,Track circuit fault,Low,1,3,1,2025-06-03,2025-07-15,0,44,3,Preventive,Yes,Open
SMMS000761,AST007278,Optical Fiber,C00020,46.6,OFC Link,Cable fault,Medium,3,2,2,2025-05-23,2025-06-13,18,159,3,Preventive,No,Open
SMMS000762,AST006631,Level Crossing Signal,C00098,2.8,LC Gate Signal,Signal failure,High,3,4,3,2025-06-16,2025-06-24,7,88,3,Preventive,Yes,Open
SMMS000763,AST007862,Interlocking,C00003,22.0,Route Relay Interlocking,Interlocking inspection,High,3,3,2,2025-06-08,2025-06-18,13,228,5,Inspection,No,Open
SMMS000764,AST008453,Telecom Cable,C00014,69.2,Quad Cable,Cable fault,Medium,2,3,2,2025-06-12,2025-06-27,4,138,2,Preventive,Yes,In Progress
SMMS000765,AST005630,Telecom Cable,C00052,199.3,Quad Cable,Cable fault,Medium,2,2,1,2025-06-16,2025-07-05,0,149,4,Corrective,Yes,In Progress
SMMS000766,AST005979,Track Circuit,C00006,18.3,Track Circuit,Track circuit fault,Medium,4,4,1,2025-06-21,2025-07-08,0,107,4,Corrective,No,Scheduled
SMMS000767,AST006857,Level Crossing Signal,C00027,26.5,LC Gate Signal,Signal failure,Critical,4,5,4,2025-06-17,2025-06-19,12,97,3,Corrective,Yes,Open
SMMS000768,AST006463,Track Circuit,C00083,66.1,Track Circuit,Track circuit fault,Low,3,1,2,2025-04-30,2025-05-26,36,155,2,Corrective,Yes,Open
SMMS000769,AST008611,Level Crossing Signal,C00097,0.6,LC Gate Signal,Signal failure,Low,4,3,2,2025-06-10,2025-07-26,0,96,3,Inspection,No,Open
SMMS000770,AST007714,Relay,C00050,30.2,Relay Interlocking,Relay degradation,Medium,2,4,2,2025-05-27,2025-06-11,20,72,2,Corrective,Yes,Open
SMMS000771,AST006518,Level Crossing Signal,C00068,112.4,LC Gate Signal,Signal failure,Medium,3,3,2,2025-06-07,2025-06-28,0,157,4,Corrective,No,Completed
SMMS000772,AST008143,Telecom Cable,C00041,4.8,Quad Cable,Cable fault,Medium,1,4,3,2025-06-20,2025-07-09,0,157,4,Preventive,No,Deferred
SMMS000773,AST006208,Signal,C00062,54.2,Colour Light Signal,Signal failure,Medium,2,2,3,2025-06-22,2025-07-04,0,120,4,Preventive,Yes,Completed
SMMS000774,AST006116,Interlocking,C00092,84.2,Route Relay Interlocking,Interlocking inspection,Medium,4,3,1,2025-06-25,2025-07-13,0,165,4,Inspection,Yes,Scheduled
SMMS000775,AST006470,Relay,C00092,76.2,Relay Interlocking,Relay degradation,Low,3,2,1,2025-06-10,2025-07-17,0,119,4,Inspection,No,Completed
SMMS000776,AST008606,Telecom Cable,C00093,30.4,Quad Cable,Cable fault,Medium,3,3,3,2025-06-27,2025-07-13,0,140,4,Preventive,Yes,Completed
SMMS000777,AST007168,Level Crossing Signal,C00004,128.3,LC Gate Signal,Signal failure,High,3,3,3,2025-06-10,2025-06-19,12,110,2,Preventive,No,Deferred
SMMS000778,AST006896,Level Crossing Signal,C00064,141.4,LC Gate Signal,Signal failure,Low,3,2,1,2025-03-08,2025-04-20,0,66,2,Preventive,Yes,Completed
SMMS000779,AST008554,Telecom Cable,C00031,7.2,Quad Cable,Cable fault,High,3,3,4,2025-05-12,2025-05-20,42,171,4,Corrective,No,Deferred
SMMS000780,AST005926,Point Machine,C00069,93.2,Electric Point Machine,Point machine fault,Medium,3,2,3,2025-06-17,2025-07-10,0,186,2,Corrective,No,In Progress
SMMS000781,AST007756,Level Crossing Signal,C00077,15.1,LC Gate Signal,Signal failure,Medium,3,3,3,2025-06-18,2025-07-05,0,91,3,Corrective,No,Scheduled
SMMS000782,AST008039,Track Circuit,C00062,47.5,Track Circuit,Track circuit fault,High,2,3,3,2025-05-27,2025-06-06,0,156,3,Corrective,No,Completed
SMMS000783,AST006663,Relay,C00071,11.2,Relay Interlocking,Relay degradation,Low,2,2,2,2025-06-27,2025-07-31,0,40,2,Inspection,No,In Progress
SMMS000784,AST006404,Relay,C00088,73.4,Relay Interlocking,Relay degradation,High,3,5,3,2025-05-28,2025-06-04,27,135,3,Corrective,Yes,Scheduled
SMMS000785,AST006545,Track Circuit,C00084,306.0,Track Circuit,Track circuit fault,Medium,4,3,1,2025-06-15,2025-06-29,0,84,3,Corrective,Yes,Completed
SMMS000786,AST006993,Telecom Cable,C00074,5.6,Quad Cable,Cable fault,Low,2,3,1,2025-03-23,2025-05-02,60,100,2,Inspection,Yes,Open
SMMS000787,AST005774,Level Crossing Signal,C00029,43.6,LC Gate Signal,Signal failure,Medium,3,4,2,2025-05-23,2025-06-11,20,92,3,Preventive,No,Open
SMMS000788,AST005474,Interlocking,C00065,33.9,Route Relay Interlocking,Interlocking inspection,Low,2,2,3,2025-06-01,2025-07-05,0,215,3,Inspection,Yes,Open
SMMS000789,AST006891,Optical Fiber,C00025,109.0,OFC Link,Cable fault,Medium,2,3,1,2025-05-11,2025-05-31,31,121,4,Preventive,No,Scheduled
SMMS000790,AST007756,Level Crossing Signal,C00077,15.1,LC Gate Signal,Signal failure,Medium,4,4,2,2025-06-23,2025-07-11,0,79,4,Preventive,Yes,Completed
SMMS000791,AST005851,Optical Fiber,C00079,1.4,OFC Link,Cable fault,Medium,1,3,2,2025-05-29,2025-06-13,18,132,3,Preventive,Yes,Open
SMMS000792,AST008561,Axle Counter,C00032,12.9,Axle Counter,Axle counter fault,Low,1,3,2,2025-05-18,2025-07-01,0,129,2,Inspection,No,Open
SMMS000793,AST008580,Level Crossing Signal,C00021,11.5,LC Gate Signal,Signal failure,Medium,3,3,4,2025-06-30,2025-07-14,0,77,3,Corrective,Yes,Open
SMMS000794,AST006325,Relay,C00077,41.9,Relay Interlocking,Relay degradation,Medium,4,2,2,2025-06-26,2025-07-16,0,65,4,Corrective,Yes,In Progress
SMMS000795,AST006668,Relay,C00067,115.2,Relay Interlocking,Relay degradation,Medium,3,2,1,2025-05-27,2025-06-11,0,73,4,Corrective,Yes,Completed
SMMS000796,AST007808,Axle Counter,C00029,62.3,Axle Counter,Axle counter fault,Low,2,2,1,2025-06-04,2025-07-05,0,149,4,Inspection,Yes,Completed
SMMS000797,AST005748,Point Machine,C00057,74.2,Electric Point Machine,Point machine fault,Low,2,2,1,2025-04-17,2025-05-20,42,153,5,Corrective,Yes,Open
SMMS000798,AST005437,Telecom Cable,C00065,29.2,Quad Cable,Cable fault,Critical,3,5,4,2025-03-28,2025-04-01,91,204,4,Preventive,Yes,Open
SMMS000799,AST008188,Axle Counter,C00052,39.0,Axle Counter,Axle counter fault,Medium,5,2,1,2025-06-18,2025-07-03,0,82,2,Corrective,Yes,In Progress
SMMS000800,AST006403,Level Crossing Signal,C00098,4.1,LC Gate Signal,Signal failure,Low,2,2,1,2025-06-11,2025-07-13,0,97,4,Inspection,Yes,In Progress
SMMS000801,AST005317,Relay,C00048,113.1,Relay Interlocking,Relay degradation,High,3,4,4,2025-06-26,2025-07-05,0,115,4,Preventive,No,Open
SMMS000802,AST006509,Point Machine,C00097,5.9,Electric Point Machine,Point machine fault,High,3,4,2,2025-06-30,2025-07-07,0,159,4,Corrective,Yes,Completed
SMMS000803,AST006297,Level Crossing Signal,C00009,69.4,LC Gate Signal,Signal failure,Low,3,2,1,2025-03-09,2025-04-21,0,81,2,Preventive,Yes,Completed
SMMS000804,AST008489,Telecom Cable,C00023,37.2,Quad Cable,Cable fault,High,4,3,2,2025-05-14,2025-05-21,41,155,3,Preventive,Yes,Open
SMMS000805,AST006347,Telecom Cable,C00054,0.1,Quad Cable,Cable fault,Medium,3,3,2,2025-06-05,2025-06-25,6,173,3,Corrective,No,Open
SMMS000806,AST007459,Telecom Cable,C00053,59.9,Quad Cable,Cable fault,Critical,4,4,4,2025-06-25,2025-06-28,3,236,4,Corrective,No,Scheduled
SMMS000807,AST008353,Interlocking,C00056,19.1,Route Relay Interlocking,Interlocking inspection,Medium,1,3,3,2025-06-19,2025-07-07,0,182,4,Inspection,No,Open
SMMS000808,AST007588,Track Circuit,C00049,87.0,Track Circuit,Track circuit fault,Low,3,2,1,2025-05-17,2025-06-15,0,171,3,Corrective,No,Completed
SMMS000809,AST005808,Signal,C00006,4.3,Colour Light Signal,Signal lamp/equipment replacement,Medium,2,2,3,2025-03-25,2025-04-07,85,93,5,Preventive,Yes,Open
SMMS000810,AST006707,Axle Counter,C00024,24.3,Axle Counter,Axle counter fault,Medium,2,4,1,2025-06-12,2025-07-02,0,119,5,Corrective,Yes,Scheduled
SMMS000811,AST007810,Signal,C00058,24.8,Colour Light Signal,Signal lamp/equipment replacement,Medium,3,3,2,2025-06-24,2025-07-18,0,82,5,Preventive,No,Open
SMMS000812,AST008425,Axle Counter,C00029,95.9,Axle Counter,Axle counter fault,Medium,2,3,2,2025-04-19,2025-05-05,57,110,3,Preventive,Yes,Scheduled
SMMS000813,AST008195,Level Crossing Signal,C00085,227.9,LC Gate Signal,Signal failure,High,3,4,3,2025-06-14,2025-06-22,9,167,3,Preventive,No,In Progress
SMMS000814,AST005725,Interlocking,C00046,5.2,Route Relay Interlocking,Interlocking inspection,High,3,4,3,2025-05-30,2025-06-05,26,213,3,Inspection,Yes,Open
SMMS000815,AST007011,Track Circuit,C00096,92.5,Track Circuit,Track circuit fault,Medium,1,4,2,2025-06-11,2025-06-26,5,97,2,Preventive,No,Deferred
SMMS000816,AST007699,Level Crossing Signal,C00011,147.5,LC Gate Signal,Signal failure,Low,3,2,1,2025-03-14,2025-04-11,81,150,2,Inspection,No,Open
SMMS000817,AST008220,Axle Counter,C00089,41.1,Axle Counter,Axle counter fault,Medium,2,4,3,2025-06-18,2025-07-01,0,157,4,Corrective,Yes,Scheduled
SMMS000818,AST005985,Track Circuit,C00071,5.8,Track Circuit,Track circuit fault,Low,2,1,1,2025-06-25,2025-07-19,0,137,4,Preventive,No,Deferred
SMMS000819,AST007269,Signal,C00083,31.9,Colour Light Signal,Signal lamp/equipment replacement,Medium,3,3,3,2025-06-23,2025-07-09,0,44,3,Preventive,No,In Progress
SMMS000820,AST006329,Axle Counter,C00069,187.8,Axle Counter,Axle counter fault,Low,2,2,1,2025-06-14,2025-07-20,0,126,3,Inspection,Yes,Scheduled
SMMS000821,AST006492,Optical Fiber,C00007,16.2,OFC Link,Cable fault,Medium,4,4,2,2025-03-22,2025-04-08,84,118,3,Preventive,No,Open
SMMS000822,AST007468,Optical Fiber,C00081,73.7,OFC Link,Cable fault,High,2,3,3,2025-03-14,2025-03-20,103,151,5,Preventive,Yes,Deferred
SMMS000823,AST006620,Track Circuit,C00001,401.7,Track Circuit,Track circuit fault,Medium,3,2,1,2025-05-22,2025-06-02,0,145,3,Preventive,Yes,Completed
SMMS000824,AST007665,Level Crossing Signal,C00025,380.0,LC Gate Signal,Signal failure,Medium,2,3,2,2025-06-17,2025-07-03,0,124,4,Corrective,Yes,Deferred
SMMS000825,AST006275,Optical Fiber,C00075,9.5,OFC Link,Cable fault,High,2,3,3,2025-05-31,2025-06-07,0,211,6,Corrective,No,Completed
SMMS000826,AST007195,Axle Counter,C00016,62.9,Axle Counter,Axle counter fault,Medium,3,2,2,2025-06-23,2025-07-11,0,142,4,Corrective,No,Open
SMMS000827,AST005733,Level Crossing Signal,C00082,35.1,LC Gate Signal,Signal failure,Medium,2,3,2,2025-06-28,2025-07-12,0,109,1,Corrective,No,Open
SMMS000828,AST007380,Telecom Cable,C00020,0.1,Quad Cable,Cable fault,Low,2,2,1,2025-05-11,2025-06-23,8,172,4,Preventive,Yes,Open
SMMS000829,AST005980,Signal,C00040,30.4,Colour Light Signal,Signal failure,High,2,3,3,2025-06-09,2025-06-13,18,114,3,Corrective,No,Open
SMMS000830,AST008032,Track Circuit,C00057,123.2,Track Circuit,Track circuit fault,High,2,4,2,2025-06-25,2025-07-01,0,142,3,Corrective,Yes,Completed
SMMS000831,AST006005,Track Circuit,C00088,42.9,Track Circuit,Track circuit fault,Medium,3,2,2,2025-06-04,2025-06-18,13,165,3,Preventive,No,Scheduled
SMMS000832,AST007247,Level Crossing Signal,C00097,14.3,LC Gate Signal,Signal failure,Low,2,2,2,2025-03-06,2025-03-29,94,95,4,Corrective,Yes,Open
SMMS000833,AST005852,Track Circuit,C00052,17.2,Track Circuit,Track circuit fault,High,3,3,2,2025-06-17,2025-06-29,2,85,2,Corrective,Yes,Scheduled
SMMS000834,AST006616,Axle Counter,C00051,30.7,Axle Counter,Axle counter fault,Low,3,1,1,2025-05-07,2025-06-19,12,132,3,Inspection,Yes,Open
SMMS000835,AST007065,Point Machine,C00019,82.8,Electric Point Machine,Point machine fault,Medium,1,3,2,2025-06-02,2025-06-17,14,102,1,Preventive,No,Open
SMMS000836,AST007651,Track Circuit,C00071,8.4,Track Circuit,Track circuit fault,Medium,2,3,2,2025-05-28,2025-06-12,19,71,2,Corrective,No,Open
SMMS000837,AST005340,Interlocking,C00064,2.3,Route Relay Interlocking,Interlocking inspection,Low,4,2,1,2025-06-01,2025-07-11,0,156,3,Inspection,Yes,Scheduled
SMMS000838,AST005737,Relay,C00074,19.7,Relay Interlocking,Relay degradation,High,2,3,3,2025-06-01,2025-06-11,20,158,5,Corrective,Yes,Open
SMMS000839,AST006446,Interlocking,C00049,67.0,Route Relay Interlocking,Interlocking inspection,Low,2,2,2,2025-03-07,2025-04-21,71,196,3,Inspection,Yes,In Progress
SMMS000840,AST006985,Relay,C00024,64.3,Relay Interlocking,Relay degradation,High,3,3,4,2025-06-11,2025-06-21,0,104,2,Corrective,Yes,Completed
SMMS000841,AST005417,Level Crossing Signal,C00034,15.4,LC Gate Signal,Signal failure,Critical,4,4,4,2025-06-27,2025-06-30,1,123,2,Preventive,Yes,Deferred
SMMS000842,AST006119,Telecom Cable,C00076,51.0,Quad Cable,Cable fault,High,4,3,4,2025-06-16,2025-06-21,10,154,3,Corrective,Yes,Deferred
SMMS000843,AST006631,Level Crossing Signal,C00098,2.8,LC Gate Signal,Signal failure,Medium,3,3,3,2025-06-16,2025-07-02,0,97,4,Corrective,No,Open
SMMS000844,AST007130,Level Crossing Signal,C00087,116.8,LC Gate Signal,Signal failure,Low,3,1,1,2025-04-12,2025-05-18,44,167,3,Inspection,No,Scheduled
SMMS000845,AST008478,Signal,C00044,31.2,Colour Light Signal,Signal lamp/equipment replacement,Low,1,2,2,2025-06-25,2025-07-29,0,39,3,Preventive,No,Open
SMMS000846,AST008326,Track Circuit,C00032,7.9,Track Circuit,Track circuit fault,Low,2,2,2,2025-05-29,2025-06-29,2,107,2,Preventive,Yes,Open
SMMS000847,AST006671,Telecom Cable,C00038,31.7,Quad Cable,Cable fault,Critical,3,4,3,2025-06-05,2025-06-07,24,218,4,Preventive,Yes,Open
SMMS000848,AST007629,Optical Fiber,C00089,41.7,OFC Link,Cable fault,High,3,4,2,2025-04-24,2025-05-06,56,245,2,Preventive,Yes,In Progress
SMMS000849,AST006099,Track Circuit,C00066,32.8,Track Circuit,Track circuit fault,Medium,3,1,2,2025-06-27,2025-07-13,0,129,1,Preventive,No,Open
SMMS000850,AST006387,Telecom Cable,C00067,57.0,Quad Cable,Cable fault,Medium,3,2,1,2025-04-09,2025-04-24,0,130,2,Corrective,Yes,Completed
SMMS000851,AST007487,Telecom Cable,C00058,54.7,Quad Cable,Cable fault,Medium,3,2,3,2025-06-30,2025-07-19,0,116,2,Corrective,No,Completed
SMMS000852,AST008034,Relay,C00095,63.8,Relay Interlocking,Relay degradation,Low,1,3,1,2025-03-29,2025-04-30,62,40,1,Preventive,Yes,In Progress
SMMS000853,AST008598,Relay,C00079,23.0,Relay Interlocking,Relay degradation,Medium,3,2,1,2025-05-30,2025-06-18,13,79,3,Corrective,Yes,Scheduled
SMMS000854,AST008036,Relay,C00057,43.1,Relay Interlocking,Relay degradation,Low,3,2,1,2025-05-19,2025-06-30,1,150,4,Inspection,No,Open
SMMS000855,AST006144,Telecom Cable,C00030,55.8,Quad Cable,Cable fault,Medium,3,3,2,2025-06-28,2025-07-22,0,197,3,Preventive,No,In Progress
SMMS000856,AST005365,Axle Counter,C00056,11.5,Axle Counter,Axle counter fault,Low,3,2,1,2025-05-18,2025-06-22,0,65,3,Corrective,No,Completed
SMMS000857,AST008285,Point Machine,C00015,122.3,Electric Point Machine,Point machine fault,Medium,3,2,4,2025-06-16,2025-07-10,0,140,4,Corrective,No,Completed
SMMS000858,AST006844,Telecom Cable,C00092,50.5,Quad Cable,Cable fault,Low,2,2,2,2025-05-07,2025-06-14,0,220,3,Inspection,No,Completed
SMMS000859,AST005822,Axle Counter,C00053,80.4,Axle Counter,Axle counter fault,Medium,2,3,2,2025-06-25,2025-07-14,0,124,2,Corrective,No,Completed
SMMS000860,AST007288,Signal,C00097,7.3,Colour Light Signal,Signal failure,Critical,4,5,4,2025-05-28,2025-06-01,30,147,3,Corrective,No,Open
SMMS000861,AST008121,Level Crossing Signal,C00078,81.7,LC Gate Signal,Signal failure,Low,2,2,1,2025-05-30,2025-06-24,7,107,2,Corrective,No,Scheduled
SMMS000862,AST008597,Track Circuit,C00004,54.5,Track Circuit,Track circuit fault,Low,2,1,2,2025-06-20,2025-07-26,0,100,3,Preventive,Yes,Open
SMMS000863,AST006624,Track Circuit,C00007,69.4,Track Circuit,Track circuit fault,Medium,3,2,2,2025-06-18,2025-07-04,0,111,3,Preventive,Yes,Open
SMMS000864,AST007520,Point Machine,C00056,20.7,Electric Point Machine,Point machine fault,Medium,2,5,2,2025-05-24,2025-06-07,24,175,1,Corrective,No,Open
SMMS000865,AST007825,Optical Fiber,C00088,0.5,OFC Link,Cable fault,Medium,2,3,3,2025-03-30,2025-04-15,77,179,5,Corrective,No,Scheduled
SMMS000866,AST008248,Track Circuit,C00077,23.0,Track Circuit,Track circuit fault,Low,1,1,1,2025-06-22,2025-08-05,0,126,4,Inspection,No,Deferred
SMMS000867,AST006543,Interlocking,C00074,13.0,Route Relay Interlocking,Interlocking inspection,Medium,2,2,3,2025-06-16,2025-07-02,0,201,4,Inspection,Yes,Open
SMMS000868,AST006688,Axle Counter,C00013,57.4,Axle Counter,Axle counter fault,Low,3,1,2,2025-06-17,2025-07-09,0,86,2,Corrective,No,Open
SMMS000869,AST007670,Interlocking,C00028,43.5,Route Relay Interlocking,Interlocking inspection,Low,1,1,2,2025-05-22,2025-06-16,15,189,4,Inspection,No,Open
SMMS000870,AST006246,Level Crossing Signal,C00087,35.7,LC Gate Signal,Signal failure,Medium,2,2,1,2025-06-28,2025-07-13,0,102,3,Corrective,No,Open
SMMS000871,AST005427,Point Machine,C00036,14.0,Electric Point Machine,Point machine fault,Low,2,1,2,2025-06-25,2025-07-16,0,122,2,Corrective,Yes,Open
SMMS000872,AST008508,Point Machine,C00060,32.9,Electric Point Machine,Point machine fault,Medium,3,4,2,2025-06-28,2025-07-11,0,170,4,Corrective,No,Scheduled
SMMS000873,AST005730,Track Circuit,C00055,58.2,Track Circuit,Track circuit fault,Low,2,2,1,2025-06-26,2025-07-25,0,106,3,Corrective,Yes,In Progress
SMMS000874,AST006212,Track Circuit,C00060,41.9,Track Circuit,Track circuit fault,Low,2,2,2,2025-05-29,2025-06-25,6,139,2,Corrective,No,Open
SMMS000875,AST008483,Track Circuit,C00070,14.4,Track Circuit,Track circuit fault,High,2,2,3,2025-06-19,2025-06-27,4,133,3,Corrective,No,Scheduled
SMMS000876,AST006186,Signal,C00065,17.7,Colour Light Signal,Signal failure,Medium,3,3,1,2025-06-28,2025-07-18,0,82,3,Corrective,Yes,Open
SMMS000877,AST005872,Point Machine,C00067,123.7,Electric Point Machine,Point machine fault,Medium,4,4,3,2025-06-06,2025-06-30,1,169,5,Preventive,No,Scheduled
SMMS000878,AST007837,Point Machine,C00083,17.3,Electric Point Machine,Point machine fault,Medium,2,2,1,2025-06-26,2025-07-11,0,154,3,Preventive,Yes,Open
SMMS000879,AST007085,Telecom Cable,C00004,21.4,Quad Cable,Cable fault,High,3,3,2,2025-06-12,2025-06-19,12,267,4,Corrective,Yes,In Progress
SMMS000880,AST007594,Axle Counter,C00020,46.4,Axle Counter,Axle counter fault,Critical,5,5,2,2025-06-19,2025-06-22,9,135,3,Corrective,Yes,Scheduled
SMMS000881,AST007768,Track Circuit,C00049,102.1,Track Circuit,Track circuit fault,High,5,4,3,2025-06-23,2025-07-02,0,164,4,Preventive,Yes,In Progress
SMMS000882,AST006649,Telecom Cable,C00001,360.2,Quad Cable,Cable fault,Low,3,1,1,2025-06-29,2025-08-05,0,161,3,Preventive,No,Completed
SMMS000883,AST005607,Optical Fiber,C00042,56.8,OFC Link,Cable fault,Low,2,1,1,2025-03-14,2025-04-18,74,184,4,Preventive,Yes,Open
SMMS000884,AST007629,Optical Fiber,C00089,41.7,OFC Link,Cable fault,Low,1,2,1,2025-04-21,2025-05-23,39,130,3,Corrective,Yes,Open
SMMS000885,AST007630,Point Machine,C00045,181.5,Electric Point Machine,Point machine fault,Medium,3,3,1,2025-06-29,2025-07-15,0,126,3,Corrective,Yes,Deferred
SMMS000886,AST006972,Level Crossing Signal,C00062,1.0,LC Gate Signal,Signal failure,High,3,5,3,2025-06-19,2025-06-28,3,96,2,Corrective,Yes,Open
SMMS000887,AST007833,Point Machine,C00014,45.8,Electric Point Machine,Point machine fault,Low,2,2,1,2025-06-10,2025-07-15,0,118,1,Corrective,Yes,Open
SMMS000888,AST005641,Optical Fiber,C00046,21.1,OFC Link,Cable fault,Low,3,2,3,2025-05-25,2025-07-05,0,75,2,Corrective,Yes,Open
SMMS000889,AST005406,Level Crossing Signal,C00032,21.1,LC Gate Signal,Signal failure,Medium,3,2,1,2025-06-28,2025-07-16,0,81,3,Preventive,Yes,In Progress
SMMS000890,AST008291,Point Machine,C00088,31.6,Electric Point Machine,Point machine fault,Low,4,2,2,2025-06-23,2025-07-22,0,160,3,Corrective,Yes,Open
SMMS000891,AST006693,Interlocking,C00041,21.3,Route Relay Interlocking,Interlocking inspection,Medium,2,2,2,2025-06-29,2025-07-15,0,156,4,Inspection,Yes,Scheduled
SMMS000892,AST005778,Level Crossing Signal,C00035,91.6,LC Gate Signal,Signal failure,High,3,2,2,2025-06-16,2025-06-25,6,142,2,Corrective,Yes,Open
SMMS000893,AST007992,Axle Counter,C00020,21.0,Axle Counter,Axle counter fault,High,4,4,3,2025-06-21,2025-06-26,5,187,2,Corrective,No,Open
SMMS000894,AST006468,Level Crossing Signal,C00075,92.9,LC Gate Signal,Signal failure,Medium,3,4,2,2025-06-18,2025-07-13,0,128,3,Corrective,No,Open
SMMS000895,AST007849,Point Machine,C00041,2.1,Electric Point Machine,Point machine fault,High,4,4,3,2025-04-13,2025-04-19,0,106,4,Corrective,Yes,Completed
SMMS000896,AST006121,Signal,C00056,11.1,Colour Light Signal,Signal failure,Medium,1,2,2,2025-04-30,2025-05-12,50,95,3,Preventive,Yes,Scheduled
SMMS000897,AST006495,Signal,C00036,54.0,Colour Light Signal,Signal failure,High,4,3,3,2025-06-24,2025-07-03,0,171,3,Preventive,No,Completed
SMMS000898,AST006112,Telecom Cable,C00017,3.2,Quad Cable,Cable fault,Critical,4,4,4,2025-06-16,2025-06-20,0,223,3,Corrective,Yes,Completed
SMMS000899,AST005691,Axle Counter,C00078,91.7,Axle Counter,Axle counter fault,Critical,4,5,4,2025-06-27,2025-06-30,0,97,3,Preventive,No,Completed
SMMS000900,AST007586,Interlocking,C00022,154.8,Route Relay Interlocking,Interlocking inspection,Medium,3,3,2,2025-05-09,2025-05-21,41,174,3,Inspection,Yes,Open
SMMS000901,AST006583,Relay,C00020,84.8,Relay Interlocking,Relay degradation,Medium,2,3,2,2025-05-16,2025-06-01,30,66,2,Preventive,No,Open
SMMS000902,AST005417,Level Crossing Signal,C00034,15.4,LC Gate Signal,Signal failure,Low,3,2,2,2025-05-07,2025-06-11,0,145,3,Inspection,Yes,Completed
SMMS000903,AST007322,Signal,C00036,12.5,Colour Light Signal,Signal lamp/equipment replacement,Medium,2,3,2,2025-04-29,2025-05-21,0,42,2,Corrective,Yes,Completed
SMMS000904,AST006553,Relay,C00055,108.3,Relay Interlocking,Relay degradation,Medium,2,2,1,2025-06-30,2025-07-21,0,131,4,Preventive,Yes,Open
SMMS000905,AST008578,Optical Fiber,C00084,49.2,OFC Link,Cable fault,Medium,2,4,1,2025-06-26,2025-07-13,0,160,2,Preventive,Yes,Open
SMMS000906,AST007115,Interlocking,C00093,9.2,Route Relay Interlocking,Interlocking inspection,Medium,3,3,3,2025-05-21,2025-06-12,19,239,5,Inspection,Yes,Open
SMMS000907,AST006479,Point Machine,C00042,73.3,Electric Point Machine,Point machine fault,Low,1,1,2,2025-06-22,2025-08-03,0,168,3,Preventive,No,Scheduled
SMMS000908,AST006260,Telecom Cable,C00008,10.4,Quad Cable,Cable fault,Medium,1,3,2,2025-05-23,2025-06-14,17,151,3,Preventive,Yes,Open
SMMS000909,AST008120,Interlocking,C00078,125.9,Route Relay Interlocking,Interlocking inspection,High,3,4,4,2025-06-21,2025-06-27,4,240,4,Inspection,No,Open
SMMS000910,AST006609,Track Circuit,C00005,121.2,Track Circuit,Track circuit fault,Medium,3,3,3,2025-06-02,2025-06-21,10,130,3,Preventive,Yes,In Progress
SMMS000911,AST008007,Axle Counter,C00083,33.7,Axle Counter,Axle counter fault,Low,1,3,2,2025-06-02,2025-07-21,0,72,2,Inspection,No,Open
SMMS000912,AST006531,Axle Counter,C00023,31.5,Axle Counter,Axle counter fault,Medium,5,3,2,2025-03-24,2025-04-08,84,104,3,Corrective,Yes,Scheduled
SMMS000913,AST005534,Telecom Cable,C00018,54.6,Quad Cable,Cable fault,Medium,3,4,2,2025-04-10,2025-04-29,63,158,2,Preventive,No,Scheduled
SMMS000914,AST007553,Relay,C00087,89.8,Relay Interlocking,Relay degradation,Medium,2,2,2,2025-05-30,2025-06-13,18,64,4,Preventive,Yes,Open
SMMS000915,AST005649,Signal,C00077,29.7,Colour Light Signal,Signal failure,Low,3,3,1,2025-06-16,2025-07-23,0,73,5,Corrective,No,In Progress
SMMS000916,AST006884,Signal,C00041,12.2,Colour Light Signal,Signal failure,Low,2,2,3,2025-05-28,2025-07-03,0,156,5,Inspection,No,Open
SMMS000917,AST007380,Telecom Cable,C00020,0.1,Quad Cable,Cable fault,Medium,2,3,1,2025-06-30,2025-07-21,0,157,4,Corrective,No,Open
SMMS000918,AST006127,Optical Fiber,C00054,29.4,OFC Link,Cable fault,Medium,3,1,2,2025-06-18,2025-07-09,0,69,2,Preventive,Yes,Scheduled
SMMS000919,AST008351,Optical Fiber,C00064,89.3,OFC Link,Cable fault,High,4,4,2,2025-05-28,2025-06-06,25,110,2,Preventive,Yes,Open
SMMS000920,AST005893,Point Machine,C00023,25.6,Electric Point Machine,Point machine fault,Critical,4,4,5,2025-05-30,2025-06-02,29,228,4,Corrective,Yes,Open
SMMS000921,AST007690,Optical Fiber,C00082,50.5,OFC Link,Cable fault,Low,1,1,1,2025-03-22,2025-04-27,0,158,3,Preventive,Yes,Completed
SMMS000922,AST007295,Signal,C00033,57.2,Colour Light Signal,Signal lamp/equipment replacement,Medium,3,2,2,2025-03-24,2025-04-12,80,75,3,Preventive,No,Open
SMMS000923,AST005399,Interlocking,C00055,56.2,Route Relay Interlocking,Interlocking inspection,Medium,4,2,1,2025-06-05,2025-06-20,0,156,3,Inspection,No,Completed
SMMS000924,AST007267,Optical Fiber,C00068,142.8,OFC Link,Cable fault,Low,3,1,2,2025-06-01,2025-06-28,3,119,4,Preventive,Yes,Open
SMMS000925,AST008574,Axle Counter,C00080,50.6,Axle Counter,Axle counter fault,Low,3,1,1,2025-03-04,2025-04-09,83,210,4,Corrective,Yes,In Progress
SMMS000926,AST007194,Level Crossing Signal,C00059,237.9,LC Gate Signal,Signal failure,Low,3,2,2,2025-05-17,2025-06-25,6,60,3,Inspection,No,Open
SMMS000927,AST006195,Signal,C00034,8.6,Colour Light Signal,Signal lamp/equipment replacement,Low,3,1,1,2025-05-22,2025-07-11,0,74,3,Preventive,Yes,Scheduled
SMMS000928,AST005969,Signal,C00056,29.0,Colour Light Signal,Signal lamp/equipment replacement,Low,1,2,2,2025-06-10,2025-07-13,0,44,1,Inspection,No,In Progress
SMMS000929,AST006653,Telecom Cable,C00018,23.6,Quad Cable,Cable fault,Low,5,1,3,2025-05-24,2025-06-25,6,161,4,Preventive,Yes,In Progress
SMMS000930,AST005557,Optical Fiber,C00034,32.0,OFC Link,Cable fault,Low,2,3,2,2025-06-23,2025-07-27,0,109,2,Inspection,No,Open
SMMS000931,AST005959,Signal,C00004,59.0,Colour Light Signal,Signal lamp/equipment replacement,High,2,3,3,2025-03-27,2025-04-02,0,75,1,Corrective,Yes,Completed
SMMS000932,AST006975,Optical Fiber,C00024,68.2,OFC Link,Cable fault,Medium,2,2,1,2025-03-14,2025-03-31,92,155,3,Preventive,Yes,Deferred
SMMS000933,AST007745,Relay,C00030,85.5,Relay Interlocking,Relay degradation,Low,2,3,1,2025-06-26,2025-08-02,0,37,3,Inspection,No,Open
SMMS000934,AST006378,Relay,C00085,146.1,Relay Interlocking,Relay degradation,High,2,4,4,2025-06-25,2025-06-30,1,83,3,Corrective,No,Deferred
SMMS000935,AST007669,Axle Counter,C00048,5.3,Axle Counter,Axle counter fault,Medium,3,3,1,2025-06-25,2025-07-12,0,50,4,Preventive,No,Open
SMMS000936,AST007061,Signal,C00037,40.4,Colour Light Signal,Signal lamp/equipment replacement,Medium,4,3,4,2025-06-25,2025-07-09,0,35,3,Corrective,No,Completed
SMMS000937,AST007961,Relay,C00004,84.5,Relay Interlocking,Relay degradation,Low,4,1,1,2025-06-09,2025-07-18,0,54,2,Inspection,No,Scheduled
SMMS000938,AST008564,Signal,C00090,55.4,Colour Light Signal,Signal lamp/equipment replacement,Critical,5,5,5,2025-06-10,2025-06-14,17,62,3,Corrective,Yes,Open
SMMS000939,AST008408,Point Machine,C00042,57.8,Electric Point Machine,Point machine fault,Low,2,1,1,2025-06-20,2025-07-16,0,141,3,Inspection,Yes,Completed
SMMS000940,AST007202,Signal,C00072,86.0,Colour Light Signal,Signal lamp/equipment replacement,High,3,4,2,2025-06-28,2025-07-06,0,125,2,Corrective,No,Open
SMMS000941,AST006616,Axle Counter,C00051,30.7,Axle Counter,Axle counter fault,Medium,3,4,3,2025-04-22,2025-05-05,57,64,3,Corrective,No,Open
SMMS000942,AST005316,Axle Counter,C00047,52.0,Axle Counter,Axle counter fault,Critical,2,4,3,2025-06-20,2025-06-22,0,174,4,Corrective,Yes,Completed
SMMS000943,AST007947,Telecom Cable,C00091,19.6,Quad Cable,Cable fault,Low,1,2,2,2025-04-23,2025-05-21,41,137,4,Preventive,No,Scheduled
SMMS000944,AST007513,Point Machine,C00006,11.1,Electric Point Machine,Point machine fault,Medium,3,3,1,2025-06-12,2025-06-30,1,170,4,Corrective,No,Open
SMMS000945,AST008083,Optical Fiber,C00005,73.4,OFC Link,Cable fault,Medium,2,3,2,2025-06-27,2025-07-13,0,96,2,Corrective,Yes,Scheduled
SMMS000946,AST008229,Interlocking,C00023,3.6,Route Relay Interlocking,Interlocking inspection,Low,3,2,1,2025-05-20,2025-07-02,0,229,4,Inspection,No,In Progress
SMMS000947,AST007168,Level Crossing Signal,C00004,128.3,LC Gate Signal,Signal failure,Critical,5,4,3,2025-06-04,2025-06-09,22,168,3,Corrective,No,Scheduled
SMMS000948,AST005646,Optical Fiber,C00074,9.2,OFC Link,Cable fault,High,2,4,2,2025-06-29,2025-07-06,0,127,3,Corrective,Yes,Open
SMMS000949,AST006595,Point Machine,C00066,52.0,Electric Point Machine,Point machine fault,Low,2,2,2,2025-05-25,2025-06-29,0,181,5,Inspection,Yes,Completed
SMMS000950,AST006991,Point Machine,C00027,95.4,Electric Point Machine,Point machine fault,Low,2,2,2,2025-06-02,2025-07-12,0,154,4,Corrective,Yes,Open
SMMS000951,AST006659,Level Crossing Signal,C00031,28.2,LC Gate Signal,Signal failure,Medium,3,2,2,2025-04-17,2025-05-03,59,58,5,Corrective,Yes,Scheduled
SMMS000952,AST005536,Signal,C00010,6.8,Colour Light Signal,Signal failure,Low,3,2,2,2025-06-21,2025-07-14,0,139,4,Preventive,Yes,Open
SMMS000953,AST007814,Level Crossing Signal,C00069,140.7,LC Gate Signal,Signal failure,High,4,3,2,2025-05-18,2025-05-25,37,140,4,Preventive,Yes,Open
SMMS000954,AST006190,Relay,C00006,0.9,Relay Interlocking,Relay degradation,Low,2,2,1,2025-06-17,2025-07-30,0,55,2,Preventive,No,Open
SMMS000955,AST007731,Optical Fiber,C00050,19.1,OFC Link,Cable fault,Low,1,2,2,2025-06-22,2025-07-24,0,175,3,Corrective,No,Open
SMMS000956,AST007578,Optical Fiber,C00017,3.0,OFC Link,Cable fault,Critical,4,4,3,2025-03-14,2025-03-17,106,159,3,Corrective,No,In Progress
SMMS000957,AST005389,Axle Counter,C00056,7.8,Axle Counter,Axle counter fault,High,2,2,4,2025-05-28,2025-06-06,25,159,4,Preventive,Yes,Open
SMMS000958,AST006730,Axle Counter,C00047,1.5,Axle Counter,Axle counter fault,Low,3,2,2,2025-06-23,2025-07-25,0,79,3,Preventive,No,In Progress
SMMS000959,AST005557,Optical Fiber,C00034,32.0,OFC Link,Cable fault,Medium,3,3,3,2025-05-26,2025-06-14,17,116,2,Preventive,Yes,Open
SMMS000960,AST006248,Point Machine,C00017,1.5,Electric Point Machine,Point machine fault,High,3,4,4,2025-06-26,2025-07-02,0,223,4,Corrective,Yes,Open
SMMS000961,AST006590,Signal,C00081,44.8,Colour Light Signal,Signal lamp/equipment replacement,Medium,2,3,2,2025-05-29,2025-06-17,14,129,3,Preventive,No,Scheduled
SMMS000962,AST006363,Point Machine,C00044,39.4,Electric Point Machine,Point machine fault,High,4,3,3,2025-06-23,2025-06-30,1,163,3,Corrective,Yes,Scheduled
SMMS000963,AST007383,Point Machine,C00002,29.7,Electric Point Machine,Point machine fault,Medium,3,3,2,2025-06-16,2025-07-10,0,178,4,Preventive,No,Open
SMMS000964,AST006065,Signal,C00003,61.2,Colour Light Signal,Signal failure,Critical,4,4,4,2025-05-23,2025-05-24,38,95,3,Preventive,No,Deferred
SMMS000965,AST008381,Level Crossing Signal,C00065,64.1,LC Gate Signal,Signal failure,Medium,2,2,3,2025-06-03,2025-06-18,13,87,3,Corrective,Yes,Open
SMMS000966,AST005631,Axle Counter,C00015,20.3,Axle Counter,Axle counter fault,Medium,4,1,3,2025-06-27,2025-07-09,0,106,3,Corrective,No,Open
SMMS000967,AST005710,Relay,C00006,5.8,Relay Interlocking,Relay degradation,Medium,2,3,2,2025-06-19,2025-07-10,0,152,3,Preventive,Yes,Scheduled
SMMS000968,AST006875,Telecom Cable,C00069,202.7,Quad Cable,Cable fault,Low,3,1,1,2025-05-25,2025-06-17,14,172,2,Corrective,Yes,Open
SMMS000969,AST005743,Interlocking,C00088,94.8,Route Relay Interlocking,Interlocking inspection,Medium,3,2,3,2025-03-21,2025-04-11,81,192,4,Inspection,No,Open
SMMS000970,AST005751,Level Crossing Signal,C00050,50.1,LC Gate Signal,Signal failure,Medium,3,3,2,2025-05-24,2025-06-10,21,140,1,Preventive,Yes,In Progress
SMMS000971,AST005452,Signal,C00012,105.3,Colour Light Signal,Signal failure,Low,2,2,2,2025-05-18,2025-06-26,5,170,3,Corrective,Yes,Open
SMMS000972,AST008036,Relay,C00057,43.1,Relay Interlocking,Relay degradation,Medium,3,2,2,2025-06-19,2025-07-13,0,95,4,Preventive,Yes,Open
SMMS000973,AST007160,Interlocking,C00032,8.5,Route Relay Interlocking,Interlocking inspection,Critical,4,3,3,2025-06-20,2025-06-24,7,308,3,Inspection,No,Open
SMMS000974,AST008125,Level Crossing Signal,C00003,68.9,LC Gate Signal,Signal failure,Medium,4,2,1,2025-06-26,2025-07-13,0,113,3,Corrective,Yes,Open
SMMS000975,AST005606,Level Crossing Signal,C00040,47.5,LC Gate Signal,Signal failure,High,3,4,3,2025-06-19,2025-06-26,5,121,2,Corrective,No,Scheduled
SMMS000976,AST007263,Track Circuit,C00043,2.4,Track Circuit,Track circuit fault,Critical,5,3,5,2025-05-18,2025-05-19,0,154,2,Corrective,No,Completed
SMMS000977,AST006800,Track Circuit,C00056,19.5,Track Circuit,Track circuit fault,Low,1,2,1,2025-03-27,2025-05-03,59,52,4,Corrective,No,Open
SMMS000978,AST006919,Optical Fiber,C00085,138.0,OFC Link,Cable fault,Low,2,1,1,2025-06-22,2025-08-06,0,91,4,Preventive,Yes,Open
SMMS000979,AST006936,Point Machine,C00036,5.2,Electric Point Machine,Point machine fault,Low,2,2,1,2025-03-18,2025-05-02,0,169,4,Inspection,No,Completed
SMMS000980,AST006978,Level Crossing Signal,C00019,9.3,LC Gate Signal,Signal failure,Medium,5,2,1,2025-05-19,2025-06-06,25,94,5,Corrective,Yes,Deferred
SMMS000981,AST005285,Point Machine,C00037,72.1,Electric Point Machine,Point machine fault,Low,2,1,2,2025-03-29,2025-05-17,0,212,4,Corrective,Yes,Completed
SMMS000982,AST006975,Optical Fiber,C00024,68.2,OFC Link,Cable fault,High,5,4,2,2025-06-19,2025-06-28,3,192,5,Corrective,Yes,Open
SMMS000983,AST006893,Track Circuit,C00064,58.5,Track Circuit,Track circuit fault,Medium,3,2,3,2025-06-25,2025-07-09,0,131,3,Preventive,Yes,Open
SMMS000984,AST007425,Signal,C00064,16.8,Colour Light Signal,Signal lamp/equipment replacement,Medium,3,3,2,2025-06-19,2025-07-02,0,136,4,Preventive,No,Open
SMMS000985,AST007952,Telecom Cable,C00054,19.4,Quad Cable,Cable fault,Critical,3,5,4,2025-05-24,2025-05-27,35,205,3,Preventive,Yes,Open
SMMS000986,AST007254,Relay,C00066,17.0,Relay Interlocking,Relay degradation,High,2,3,3,2025-05-17,2025-05-24,38,87,4,Corrective,Yes,In Progress
SMMS000987,AST006638,Track Circuit,C00073,14.8,Track Circuit,Track circuit fault,Medium,4,3,1,2025-06-19,2025-07-03,0,117,5,Preventive,No,Open
SMMS000988,AST006368,Signal,C00017,1.0,Colour Light Signal,Signal lamp/equipment replacement,Medium,3,3,2,2025-05-13,2025-05-30,32,87,2,Corrective,No,Open
SMMS000989,AST008394,Interlocking,C00047,60.6,Route Relay Interlocking,Interlocking inspection,High,2,3,3,2025-06-25,2025-07-01,0,174,2,Inspection,No,Deferred
SMMS000990,AST008508,Point Machine,C00060,32.9,Electric Point Machine,Point machine fault,Medium,4,3,2,2025-05-16,2025-06-06,25,136,4,Corrective,No,Open
SMMS000991,AST007661,Axle Counter,C00073,51.9,Axle Counter,Axle counter fault,Low,3,2,1,2025-06-18,2025-07-31,0,99,3,Corrective,Yes,Open
SMMS000992,AST006043,Level Crossing Signal,C00008,43.3,LC Gate Signal,Signal failure,Medium,4,2,1,2025-06-08,2025-06-27,4,105,3,Corrective,No,Open
SMMS000993,AST006025,Optical Fiber,C00037,0.8,OFC Link,Cable fault,Low,4,2,2,2025-05-28,2025-06-23,8,132,5,Corrective,Yes,In Progress
SMMS000994,AST007151,Point Machine,C00039,23.3,Electric Point Machine,Point machine fault,Medium,2,2,3,2025-06-17,2025-07-05,0,156,4,Preventive,Yes,In Progress
SMMS000995,AST006660,Interlocking,C00063,116.0,Route Relay Interlocking,Interlocking inspection,Medium,2,3,2,2025-06-23,2025-07-17,0,163,3,Inspection,No,Scheduled
SMMS000996,AST007542,Axle Counter,C00082,37.8,Axle Counter,Axle counter fault,Low,2,2,1,2025-06-17,2025-07-20,0,83,4,Preventive,No,Deferred
SMMS000997,AST008111,Track Circuit,C00024,4.6,Track Circuit,Track circuit fault,Low,3,2,1,2025-06-03,2025-07-06,0,190,4,Inspection,Yes,Open
SMMS000998,AST008634,Axle Counter,C00025,256.8,Axle Counter,Axle counter fault,High,4,4,4,2025-06-07,2025-06-17,0,34,1,Preventive,No,Completed
SMMS000999,AST005628,Relay,C00016,66.2,Relay Interlocking,Relay degradation,High,4,5,4,2025-06-28,2025-07-03,0,65,2,Corrective,No,Open
SMMS001000,AST007517,Signal,C00048,85.5,Colour Light Signal,Signal lamp/equipment replacement,Low,3,2,1,2025-06-12,2025-07-28,0,74,3,Corrective,No,Completed
SMMS001001,AST006304,Relay,C00042,51.3,Relay Interlocking,Relay degradation,Medium,1,2,2,2025-05-08,2025-05-26,36,129,3,Preventive,No,Open
SMMS001002,AST005646,Optical Fiber,C00074,9.2,OFC Link,Cable fault,Low,1,2,2,2025-06-23,2025-08-03,0,178,3,Preventive,Yes,Open
SMMS001003,AST005905,Point Machine,C00037,73.8,Electric Point Machine,Point machine fault,Medium,3,2,2,2025-06-23,2025-07-10,0,144,3,Corrective,Yes,Open
SMMS001004,AST008516,Interlocking,C00063,87.8,Route Relay Interlocking,Interlocking inspection,Medium,2,2,1,2025-05-19,2025-06-08,23,188,4,Inspection,No,Open
SMMS001005,AST007968,Point Machine,C00064,178.4,Electric Point Machine,Point machine fault,Medium,4,2,2,2025-06-17,2025-07-01,0,156,3,Corrective,Yes,Completed
SMMS001006,AST005763,Telecom Cable,C00038,199.4,Quad Cable,Cable fault,Low,3,2,2,2025-04-06,2025-04-30,62,171,2,Corrective,Yes,Open
SMMS001007,AST006046,Level Crossing Signal,C00052,189.8,LC Gate Signal,Signal failure,High,3,3,3,2025-05-08,2025-05-17,45,84,3,Preventive,No,Scheduled
SMMS001008,AST008523,Interlocking,C00023,7.4,Route Relay Interlocking,Interlocking inspection,Low,3,2,1,2025-04-14,2025-05-08,54,168,5,Inspection,Yes,In Progress
SMMS001009,AST005676,Signal,C00070,12.7,Colour Light Signal,Signal lamp/equipment replacement,Critical,3,3,4,2025-05-09,2025-05-12,0,114,2,Preventive,No,Completed
SMMS001010,AST007279,Point Machine,C00046,15.8,Electric Point Machine,Point machine fault,High,3,5,3,2025-06-17,2025-06-26,5,123,4,Preventive,Yes,Open
SMMS001011,AST006917,Track Circuit,C00077,2.3,Track Circuit,Track circuit fault,Low,2,1,2,2025-06-04,2025-07-11,0,123,1,Corrective,No,Completed
SMMS001012,AST005345,Point Machine,C00078,111.7,Electric Point Machine,Point machine fault,Low,2,1,2,2025-06-30,2025-08-02,0,99,5,Corrective,No,Open
SMMS001013,AST006104,Track Circuit,C00086,43.9,Track Circuit,Track circuit fault,Medium,2,2,2,2025-05-31,2025-06-12,19,128,3,Preventive,Yes,Open
SMMS001014,AST006106,Optical Fiber,C00085,215.6,OFC Link,Cable fault,Low,3,2,2,2025-04-21,2025-05-18,44,203,5,Inspection,No,Open
SMMS001015,AST007243,Telecom Cable,C00080,59.1,Quad Cable,Cable fault,Critical,4,4,2,2025-05-19,2025-05-21,41,159,3,Preventive,No,Open
SMMS001016,AST007096,Axle Counter,C00085,151.4,Axle Counter,Axle counter fault,High,2,4,3,2025-05-14,2025-05-25,37,101,2,Preventive,Yes,In Progress
SMMS001017,AST005472,Track Circuit,C00005,105.9,Track Circuit,Track circuit fault,Medium,3,1,2,2025-06-15,2025-07-02,0,140,3,Preventive,No,In Progress
SMMS001018,AST007003,Optical Fiber,C00058,38.8,OFC Link,Cable fault,Low,2,3,1,2025-05-30,2025-07-04,0,205,2,Preventive,Yes,Open
SMMS001019,AST007076,Optical Fiber,C00008,78.1,OFC Link,Cable fault,Low,2,1,1,2025-03-22,2025-05-08,54,110,4,Preventive,Yes,Open
SMMS001020,AST006233,Level Crossing Signal,C00097,11.0,LC Gate Signal,Signal failure,Low,3,1,1,2025-06-20,2025-07-25,0,156,3,Inspection,Yes,Completed
SMMS001021,AST006040,Optical Fiber,C00059,222.4,OFC Link,Cable fault,Low,2,1,1,2025-06-23,2025-07-13,0,155,4,Inspection,No,Open
SMMS001022,AST008275,Level Crossing Signal,C00046,0.5,LC Gate Signal,Signal failure,Critical,5,5,5,2025-05-26,2025-05-30,32,206,3,Corrective,No,Open
SMMS001023,AST008259,Optical Fiber,C00015,97.0,OFC Link,Cable fault,Low,3,1,2,2025-05-24,2025-06-22,0,102,6,Preventive,Yes,Completed
SMMS001024,AST005364,Level Crossing Signal,C00085,24.0,LC Gate Signal,Signal failure,Medium,3,4,2,2025-06-16,2025-07-09,0,123,3,Preventive,Yes,Deferred
SMMS001025,AST006420,Signal,C00081,11.5,Colour Light Signal,Signal failure,Critical,3,3,2,2025-06-24,2025-06-27,4,177,5,Preventive,No,Scheduled
SMMS001026,AST006663,Relay,C00071,11.2,Relay Interlocking,Relay degradation,Low,5,2,2,2025-05-23,2025-06-30,1,64,2,Inspection,No,Open
SMMS001027,AST007944,Track Circuit,C00070,18.6,Track Circuit,Track circuit fault,Low,1,2,1,2025-06-22,2025-07-28,0,140,3,Corrective,No,Completed
SMMS001028,AST007034,Relay,C00021,109.4,Relay Interlocking,Relay degradation,Low,3,2,1,2025-06-24,2025-07-19,0,93,2,Inspection,Yes,Open
SMMS001029,AST008010,Signal,C00057,28.9,Colour Light Signal,Signal lamp/equipment replacement,Medium,3,4,1,2025-06-02,2025-06-23,8,136,3,Corrective,No,Open
SMMS001030,AST006624,Track Circuit,C00007,69.4,Track Circuit,Track circuit fault,High,5,4,4,2025-05-28,2025-06-06,25,79,1,Corrective,Yes,Open
SMMS001031,AST008232,Signal,C00067,84.2,Colour Light Signal,Signal lamp/equipment replacement,Critical,5,4,2,2025-06-28,2025-06-30,1,102,3,Preventive,Yes,Open
SMMS001032,AST006584,Track Circuit,C00004,72.2,Track Circuit,Track circuit fault,Low,4,1,1,2025-05-24,2025-06-27,4,82,3,Corrective,No,Open
SMMS001033,AST007784,Interlocking,C00021,70.6,Route Relay Interlocking,Interlocking inspection,Medium,1,2,3,2025-06-18,2025-07-08,0,170,2,Inspection,Yes,Open
SMMS001034,AST006124,Track Circuit,C00047,37.3,Track Circuit,Track circuit fault,Medium,3,3,2,2025-06-21,2025-07-03,0,57,2,Corrective,Yes,Deferred
SMMS001035,AST005455,Track Circuit,C00006,0.6,Track Circuit,Track circuit fault,Medium,5,3,3,2025-06-21,2025-07-07,0,137,4,Preventive,No,Scheduled
SMMS001036,AST007642,Relay,C00054,13.7,Relay Interlocking,Relay degradation,Medium,2,2,2,2025-06-17,2025-07-01,0,153,2,Corrective,No,Scheduled
SMMS001037,AST005823,Interlocking,C00055,85.1,Route Relay Interlocking,Interlocking inspection,High,3,3,2,2025-03-20,2025-03-28,95,208,4,Inspection,No,Open
SMMS001038,AST006156,Optical Fiber,C00070,18.7,OFC Link,Cable fault,Medium,4,2,3,2025-03-29,2025-04-18,74,84,2,Preventive,Yes,Open
SMMS001039,AST008140,Axle Counter,C00001,333.4,Axle Counter,Axle counter fault,Low,3,2,2,2025-05-28,2025-06-27,4,39,5,Inspection,No,Open
SMMS001040,AST005872,Point Machine,C00067,123.7,Electric Point Machine,Point machine fault,Medium,4,2,2,2025-06-27,2025-07-15,0,163,4,Preventive,No,Open
SMMS001041,AST005312,Axle Counter,C00047,33.3,Axle Counter,Axle counter fault,Low,3,2,2,2025-06-30,2025-08-11,0,85,3,Preventive,Yes,Open
SMMS001042,AST008332,Relay,C00055,75.5,Relay Interlocking,Relay degradation,Medium,2,2,2,2025-06-26,2025-07-12,0,95,3,Corrective,No,Open
SMMS001043,AST007692,Optical Fiber,C00014,102.2,OFC Link,Cable fault,Critical,4,4,3,2025-06-28,2025-06-30,1,194,2,Corrective,Yes,Scheduled
SMMS001044,AST005608,Level Crossing Signal,C00081,23.2,LC Gate Signal,Signal failure,Medium,2,2,3,2025-06-30,2025-07-16,0,127,3,Corrective,No,Completed
SMMS001045,AST005665,Axle Counter,C00056,27.7,Axle Counter,Axle counter fault,Medium,2,4,1,2025-06-16,2025-07-02,0,68,1,Preventive,Yes,Completed
SMMS001046,AST007059,Interlocking,C00014,23.1,Route Relay Interlocking,Interlocking inspection,High,3,4,3,2025-06-15,2025-06-21,10,216,3,Inspection,No,In Progress
SMMS001047,AST008245,Optical Fiber,C00088,30.4,OFC Link,Cable fault,Low,3,2,1,2025-05-31,2025-07-04,0,218,4,Corrective,No,Completed
SMMS001048,AST006248,Point Machine,C00017,1.5,Electric Point Machine,Point machine fault,Medium,4,2,1,2025-06-30,2025-07-11,0,117,2,Corrective,No,Open
SMMS001049,AST008190,Interlocking,C00003,72.8,Route Relay Interlocking,Interlocking inspection,Medium,3,3,2,2025-05-25,2025-06-05,26,213,2,Inspection,Yes,Deferred
SMMS001050,AST007010,Relay,C00012,71.3,Relay Interlocking,Relay degradation,Low,3,2,2,2025-06-27,2025-07-25,0,118,2,Corrective,Yes,Open
SMMS001051,AST007540,Axle Counter,C00010,66.7,Axle Counter,Axle counter fault,Medium,1,3,1,2025-05-18,2025-06-07,0,54,3,Preventive,No,Completed
SMMS001052,AST005695,Track Circuit,C00033,68.9,Track Circuit,Track circuit fault,Medium,3,2,2,2025-06-29,2025-07-13,0,101,3,Preventive,No,Open
SMMS001053,AST006936,Point Machine,C00036,5.2,Electric Point Machine,Point machine fault,Medium,2,2,2,2025-06-24,2025-07-13,0,160,2,Preventive,Yes,Open
SMMS001054,AST007788,Interlocking,C00070,5.1,Route Relay Interlocking,Interlocking inspection,Medium,4,4,2,2025-06-02,2025-06-21,10,155,3,Inspection,No,Open
SMMS001055,AST006727,Optical Fiber,C00072,13.7,OFC Link,Cable fault,High,3,4,1,2025-06-26,2025-07-07,0,183,3,Corrective,Yes,Deferred
SMMS001056,AST006482,Track Circuit,C00029,95.6,Track Circuit,Track circuit fault,Medium,3,2,1,2025-05-17,2025-06-08,0,79,3,Corrective,Yes,Completed
SMMS001057,AST006499,Level Crossing Signal,C00053,126.9,LC Gate Signal,Signal failure,Medium,3,2,2,2025-05-17,2025-06-02,0,132,5,Preventive,No,Completed
SMMS001058,AST006648,Signal,C00066,55.8,Colour Light Signal,Signal lamp/equipment replacement,Low,3,2,1,2025-06-17,2025-07-18,0,72,2,Preventive,No,Scheduled
SMMS001059,AST006417,Point Machine,C00028,81.0,Electric Point Machine,Point machine fault,High,2,4,4,2025-05-01,2025-05-07,55,118,3,Corrective,No,Open
SMMS001060,AST008332,Relay,C00055,75.5,Relay Interlocking,Relay degradation,Low,1,2,1,2025-06-16,2025-07-30,0,90,2,Preventive,No,Scheduled
SMMS001061,AST007598,Telecom Cable,C00016,36.9,Quad Cable,Cable fault,Medium,3,4,1,2025-06-13,2025-06-29,0,181,6,Corrective,Yes,Completed
SMMS001062,AST007169,Telecom Cable,C00088,7.2,Quad Cable,Cable fault,Medium,4,2,1,2025-06-17,2025-07-04,0,183,3,Preventive,Yes,Scheduled
SMMS001063,AST007647,Relay,C00065,4.2,Relay Interlocking,Relay degradation,High,3,4,3,2025-06-28,2025-07-06,0,93,2,Preventive,No,Open
SMMS001064,AST008164,Relay,C00050,8.0,Relay Interlocking,Relay degradation,High,4,4,3,2025-06-12,2025-06-19,12,77,2,Preventive,Yes,Open
SMMS001065,AST007651,Track Circuit,C00071,8.4,Track Circuit,Track circuit fault,Medium,2,3,1,2025-06-17,2025-07-02,0,125,4,Preventive,Yes,Open
SMMS001066,AST006940,Telecom Cable,C00038,107.2,Quad Cable,Cable fault,High,1,4,3,2025-05-11,2025-05-23,39,159,2,Corrective,Yes,Open
SMMS001067,AST005656,Point Machine,C00018,90.7,Electric Point Machine,Point machine fault,High,4,4,2,2025-03-17,2025-03-26,97,155,3,Preventive,No,Open
SMMS001068,AST005495,Interlocking,C00016,58.9,Route Relay Interlocking,Interlocking inspection,High,5,4,4,2025-06-03,2025-06-11,20,214,5,Inspection,Yes,Open
SMMS001069,AST005969,Signal,C00056,29.0,Colour Light Signal,Signal failure,Low,1,1,2,2025-04-11,2025-05-27,35,62,3,Inspection,Yes,Open
SMMS001070,AST008394,Interlocking,C00047,60.6,Route Relay Interlocking,Interlocking inspection,Medium,2,3,2,2025-06-19,2025-07-13,0,227,4,Inspection,Yes,Completed
SMMS001071,AST006870,Axle Counter,C00007,12.5,Axle Counter,Axle counter fault,Critical,4,4,1,2025-06-22,2025-06-24,7,67,4,Corrective,Yes,Scheduled
SMMS001072,AST006802,Relay,C00022,161.1,Relay Interlocking,Relay degradation,Medium,2,4,1,2025-03-06,2025-03-24,99,77,3,Preventive,No,Deferred
SMMS001073,AST006762,Track Circuit,C00043,1.0,Track Circuit,Track circuit fault,High,1,4,3,2025-06-27,2025-07-04,0,167,5,Corrective,Yes,Open
SMMS001074,AST007824,Relay,C00085,191.6,Relay Interlocking,Relay degradation,Medium,2,3,3,2025-03-09,2025-03-21,102,87,2,Corrective,Yes,Open
SMMS001075,AST008428,Axle Counter,C00068,8.7,Axle Counter,Axle counter fault,Medium,2,3,1,2025-06-28,2025-07-14,0,136,3,Preventive,No,Completed
SMMS001076,AST008375,Relay,C00054,25.8,Relay Interlocking,Relay degradation,High,2,2,2,2025-06-26,2025-07-04,0,41,2,Corrective,Yes,Open
SMMS001077,AST005757,Signal,C00008,122.5,Colour Light Signal,Signal failure,Low,2,2,2,2025-06-16,2025-07-18,0,33,1,Corrective,Yes,Open
SMMS001078,AST006674,Relay,C00004,22.8,Relay Interlocking,Relay degradation,Medium,2,3,1,2025-04-30,2025-05-15,0,66,2,Corrective,No,Completed
SMMS001079,AST006920,Interlocking,C00068,31.0,Route Relay Interlocking,Interlocking inspection,Medium,4,2,1,2025-06-05,2025-06-26,5,263,5,Inspection,Yes,Open
SMMS001080,AST007537,Track Circuit,C00036,3.7,Track Circuit,Track circuit fault,High,5,3,2,2025-06-23,2025-07-04,0,128,3,Preventive,Yes,Open
SMMS001081,AST006178,Axle Counter,C00063,124.0,Axle Counter,Axle counter fault,Critical,4,5,3,2025-06-25,2025-06-28,3,132,4,Corrective,No,Open
SMMS001082,AST005918,Telecom Cable,C00043,6.4,Quad Cable,Cable fault,Medium,3,2,2,2025-03-11,2025-03-29,94,181,3,Corrective,Yes,Deferred
SMMS001083,AST007158,Interlocking,C00016,40.3,Route Relay Interlocking,Interlocking inspection,Medium,3,2,3,2025-05-04,2025-05-22,40,233,5,Inspection,No,Open
SMMS001084,AST008278,Telecom Cable,C00043,13.8,Quad Cable,Cable fault,Low,2,2,2,2025-05-18,2025-06-27,4,142,4,Preventive,Yes,Scheduled
SMMS001085,AST005953,Telecom Cable,C00016,20.3,Quad Cable,Cable fault,High,4,4,3,2025-06-23,2025-06-30,1,166,3,Preventive,No,Scheduled
SMMS001086,AST007459,Telecom Cable,C00053,59.9,Quad Cable,Cable fault,High,5,5,4,2025-05-05,2025-05-13,0,146,3,Corrective,Yes,Completed
SMMS001087,AST007221,Interlocking,C00064,82.2,Route Relay Interlocking,Interlocking inspection,High,3,5,3,2025-06-23,2025-07-03,0,187,4,Inspection,No,Deferred
SMMS001088,AST006229,Optical Fiber,C00098,2.1,OFC Link,Cable fault,Medium,4,2,3,2025-06-17,2025-07-07,0,111,2,Corrective,Yes,Open
SMMS001089,AST007303,Level Crossing Signal,C00069,86.5,LC Gate Signal,Signal failure,Low,1,2,1,2025-06-10,2025-07-21,0,183,2,Corrective,No,Open
SMMS001090,AST008262,Level Crossing Signal,C00008,131.6,LC Gate Signal,Signal failure,High,4,3,2,2025-06-17,2025-06-26,0,155,5,Preventive,Yes,Completed
SMMS001091,AST007345,Interlocking,C00099,6.8,Route Relay Interlocking,Interlocking inspection,Medium,2,3,1,2025-05-29,2025-06-10,21,169,3,Inspection,Yes,Open
SMMS001092,AST006029,Level Crossing Signal,C00008,133.4,LC Gate Signal,Signal failure,Low,1,2,1,2025-06-18,2025-07-29,0,68,1,Preventive,Yes,Open
SMMS001093,AST006331,Telecom Cable,C00002,40.2,Quad Cable,Cable fault,Low,3,2,1,2025-06-27,2025-08-08,0,171,1,Inspection,No,Open
SMMS001094,AST006474,Signal,C00012,113.1,Colour Light Signal,Signal lamp/equipment replacement,Low,1,1,2,2025-05-26,2025-06-24,7,60,2,Inspection,No,In Progress
SMMS001095,AST007812,Axle Counter,C00020,25.8,Axle Counter,Axle counter fault,Medium,2,4,2,2025-05-23,2025-06-14,17,81,2,Preventive,Yes,Open
SMMS001096,AST008443,Telecom Cable,C00045,5.4,Quad Cable,Cable fault,Low,3,1,1,2025-06-11,2025-07-26,0,193,3,Inspection,Yes,Open
SMMS001097,AST006069,Point Machine,C00079,54.0,Electric Point Machine,Point machine fault,Low,3,2,1,2025-06-20,2025-07-26,0,105,3,Inspection,Yes,Scheduled
SMMS001098,AST007740,Relay,C00064,86.9,Relay Interlocking,Relay degradation,Medium,2,2,1,2025-05-31,2025-06-16,15,69,3,Preventive,Yes,Open
SMMS001099,AST008566,Relay,C00004,34.6,Relay Interlocking,Relay degradation,Medium,3,2,2,2025-06-21,2025-07-04,0,89,5,Corrective,Yes,Completed
SMMS001100,AST007313,Level Crossing Signal,C00023,20.0,LC Gate Signal,Signal failure,High,3,5,4,2025-06-17,2025-06-24,7,64,3,Corrective,No,Scheduled
SMMS001101,AST006163,Signal,C00052,106.1,Colour Light Signal,Signal lamp/equipment replacement,Low,2,2,2,2025-06-26,2025-08-09,0,53,3,Inspection,Yes,Completed
SMMS001102,AST006086,Optical Fiber,C00031,90.0,OFC Link,Cable fault,Critical,5,4,4,2025-03-03,2025-03-06,117,96,3,Corrective,Yes,Open
SMMS001103,AST008214,Optical Fiber,C00084,155.0,OFC Link,Cable fault,Low,2,1,1,2025-06-01,2025-07-06,0,134,2,Preventive,No,Completed
SMMS001104,AST007327,Point Machine,C00022,100.4,Electric Point Machine,Point machine fault,Medium,2,3,2,2025-06-09,2025-06-26,5,115,2,Corrective,No,In Progress
SMMS001105,AST006228,Telecom Cable,C00008,46.2,Quad Cable,Cable fault,Low,1,2,1,2025-06-21,2025-08-07,0,129,4,Corrective,No,Open
SMMS001106,AST007984,Point Machine,C00059,92.3,Electric Point Machine,Point machine fault,High,2,5,3,2025-05-23,2025-05-31,31,113,4,Corrective,No,In Progress
SMMS001107,AST005463,Telecom Cable,C00077,53.3,Quad Cable,Cable fault,Medium,3,3,3,2025-04-06,2025-04-23,69,219,4,Corrective,Yes,Open
SMMS001108,AST008078,Telecom Cable,C00079,23.7,Quad Cable,Cable fault,Medium,1,2,2,2025-06-30,2025-07-17,0,229,3,Corrective,Yes,Open
SMMS001109,AST006621,Signal,C00033,69.5,Colour Light Signal,Signal failure,Medium,4,3,3,2025-05-19,2025-06-04,27,70,3,Preventive,Yes,Scheduled
SMMS001110,AST006672,Interlocking,C00026,194.7,Route Relay Interlocking,Interlocking inspection,Low,2,1,3,2025-06-12,2025-08-01,0,251,5,Inspection,No,Scheduled
SMMS001111,AST006440,Relay,C00020,27.2,Relay Interlocking,Relay degradation,Medium,3,4,2,2025-06-29,2025-07-16,0,77,5,Corrective,No,Scheduled
SMMS001112,AST005599,Point Machine,C00100,2.0,Electric Point Machine,Point machine fault,Low,2,2,1,2025-06-17,2025-07-23,0,166,2,Preventive,Yes,Open
SMMS001113,AST005729,Track Circuit,C00087,3.9,Track Circuit,Track circuit fault,Critical,3,3,3,2025-06-16,2025-06-18,13,148,5,Corrective,Yes,Deferred
SMMS001114,AST005726,Track Circuit,C00064,26.1,Track Circuit,Track circuit fault,Low,2,1,2,2025-06-17,2025-07-30,0,136,2,Inspection,Yes,Open
SMMS001115,AST005498,Point Machine,C00044,29.1,Electric Point Machine,Point machine fault,Low,4,3,1,2025-05-31,2025-07-15,0,149,3,Preventive,Yes,Completed
SMMS001116,AST005943,Point Machine,C00025,37.1,Electric Point Machine,Point machine fault,Medium,3,3,2,2025-06-23,2025-07-12,0,166,3,Preventive,Yes,Open
SMMS001117,AST007607,Point Machine,C00062,12.5,Electric Point Machine,Point machine fault,Medium,2,3,4,2025-06-04,2025-06-19,12,139,3,Preventive,No,Open
SMMS001118,AST008217,Track Circuit,C00091,96.1,Track Circuit,Track circuit fault,High,4,3,2,2025-06-10,2025-06-14,17,143,4,Preventive,Yes,Open
SMMS001119,AST008134,Relay,C00024,32.8,Relay Interlocking,Relay degradation,Medium,3,3,2,2025-06-21,2025-07-08,0,104,4,Preventive,No,Completed
SMMS001120,AST008371,Optical Fiber,C00089,31.5,OFC Link,Cable fault,Low,3,2,1,2025-06-22,2025-07-21,0,88,4,Preventive,No,Scheduled
SMMS001121,AST007236,Optical Fiber,C00099,11.0,OFC Link,Cable fault,Low,3,1,2,2025-06-17,2025-07-16,0,136,3,Inspection,Yes,Open
SMMS001122,AST008048,Level Crossing Signal,C00047,29.0,LC Gate Signal,Signal failure,Medium,3,2,2,2025-04-07,2025-04-22,70,105,2,Preventive,No,Scheduled
SMMS001123,AST005636,Level Crossing Signal,C00019,18.0,LC Gate Signal,Signal failure,Critical,4,4,3,2025-06-20,2025-06-23,8,85,4,Corrective,Yes,Open
SMMS001124,AST007137,Axle Counter,C00019,55.9,Axle Counter,Axle counter fault,Medium,4,3,2,2025-06-26,2025-07-18,0,173,4,Corrective,No,Completed
SMMS001125,AST006083,Signal,C00064,67.9,Colour Light Signal,Signal lamp/equipment replacement,Medium,3,3,1,2025-06-27,2025-07-15,0,58,3,Corrective,Yes,Completed
SMMS001126,AST006089,Signal,C00039,4.7,Colour Light Signal,Signal failure,High,3,4,3,2025-06-25,2025-07-05,0,118,2,Preventive,No,Completed
SMMS001127,AST007382,Axle Counter,C00066,50.9,Axle Counter,Axle counter fault,Critical,3,5,3,2025-06-08,2025-06-10,21,198,4,Corrective,No,Open
SMMS001128,AST006506,Relay,C00070,22.9,Relay Interlocking,Relay degradation,High,3,4,3,2025-06-21,2025-07-01,0,68,3,Corrective,No,Open
SMMS001129,AST006025,Optical Fiber,C00037,0.8,OFC Link,Cable fault,Low,3,2,1,2025-06-25,2025-08-05,0,158,4,Corrective,Yes,Open
SMMS001130,AST007200,Signal,C00073,53.5,Colour Light Signal,Signal lamp/equipment replacement,Medium,3,3,2,2025-06-16,2025-07-01,0,60,3,Corrective,Yes,Scheduled
SMMS001131,AST008145,Axle Counter,C00090,53.1,Axle Counter,Axle counter fault,Medium,3,2,3,2025-04-17,2025-05-03,59,181,2,Preventive,Yes,Open
SMMS001132,AST006518,Level Crossing Signal,C00068,112.4,LC Gate Signal,Signal failure,Medium,3,2,2,2025-06-14,2025-07-02,0,117,2,Preventive,Yes,Open
SMMS001133,AST005601,Signal,C00080,1.3,Colour Light Signal,Signal failure,Critical,3,5,2,2025-06-18,2025-06-21,10,196,4,Preventive,Yes,Open
SMMS001134,AST007756,Level Crossing Signal,C00077,15.1,LC Gate Signal,Signal failure,High,4,3,3,2025-03-08,2025-03-14,0,170,3,Corrective,No,Completed
SMMS001135,AST007998,Interlocking,C00086,33.6,Route Relay Interlocking,Interlocking inspection,Low,3,2,1,2025-05-25,2025-07-14,0,225,6,Inspection,Yes,Scheduled
SMMS001136,AST007232,Telecom Cable,C00025,161.3,Quad Cable,Cable fault,Medium,3,4,3,2025-05-22,2025-06-09,22,169,3,Preventive,No,Open
SMMS001137,AST007273,Telecom Cable,C00044,24.4,Quad Cable,Cable fault,Medium,2,3,3,2025-03-28,2025-04-10,82,140,2,Corrective,No,Open
SMMS001138,AST007761,Level Crossing Signal,C00024,71.1,LC Gate Signal,Signal failure,High,2,4,3,2025-03-22,2025-03-30,93,154,4,Preventive,Yes,Open
SMMS001139,AST006165,Signal,C00060,2.4,Colour Light Signal,Signal lamp/equipment replacement,High,3,2,3,2025-05-19,2025-05-25,37,107,2,Corrective,Yes,Open
SMMS001140,AST007588,Track Circuit,C00049,87.0,Track Circuit,Track circuit fault,High,3,3,1,2025-06-21,2025-06-30,1,105,3,Preventive,No,Scheduled
SMMS001141,AST005291,Interlocking,C00065,18.3,Route Relay Interlocking,Interlocking inspection,High,4,3,4,2025-03-04,2025-03-12,0,330,4,Inspection,No,Completed
SMMS001142,AST006795,Track Circuit,C00084,258.0,Track Circuit,Track circuit fault,Low,1,3,2,2025-04-23,2025-05-19,43,208,4,Inspection,Yes,Open
SMMS001143,AST005298,Relay,C00011,262.3,Relay Interlocking,Relay degradation,Low,3,2,2,2025-04-21,2025-06-09,22,49,3,Corrective,No,Open
SMMS001144,AST007858,Relay,C00097,19.1,Relay Interlocking,Relay degradation,Medium,4,3,3,2025-05-18,2025-06-08,23,88,3,Corrective,Yes,Open
SMMS001145,AST007252,Signal,C00030,89.1,Colour Light Signal,Signal lamp/equipment replacement,Critical,3,4,2,2025-06-16,2025-06-18,0,66,3,Corrective,No,Completed
SMMS001146,AST008088,Point Machine,C00057,30.9,Electric Point Machine,Point machine fault,Critical,4,5,4,2025-05-23,2025-05-25,0,110,3,Corrective,No,Completed
SMMS001147,AST008195,Level Crossing Signal,C00085,227.9,LC Gate Signal,Signal failure,Medium,3,1,2,2025-05-27,2025-06-13,18,97,3,Preventive,No,Open
SMMS001148,AST005853,Axle Counter,C00080,25.4,Axle Counter,Axle counter fault,High,3,4,2,2025-05-25,2025-05-31,31,76,2,Preventive,No,Open
SMMS001149,AST006992,Level Crossing Signal,C00070,17.6,LC Gate Signal,Signal failure,Medium,3,3,2,2025-06-30,2025-07-21,0,122,4,Preventive,Yes,Open
SMMS001150,AST008141,Axle Counter,C00002,19.7,Axle Counter,Axle counter fault,Medium,5,3,2,2025-06-29,2025-07-19,0,119,3,Corrective,Yes,In Progress
SMMS001151,AST008590,Relay,C00066,50.0,Relay Interlocking,Relay degradation,High,3,4,2,2025-06-06,2025-06-13,18,74,2,Corrective,Yes,In Progress
SMMS001152,AST007696,Optical Fiber,C00024,75.0,OFC Link,Cable fault,High,4,4,3,2025-05-06,2025-05-15,47,156,4,Corrective,Yes,Open
SMMS001153,AST006118,Telecom Cable,C00027,26.2,Quad Cable,Cable fault,Critical,4,5,4,2025-06-20,2025-06-23,8,189,4,Corrective,Yes,In Progress
SMMS001154,AST006715,Axle Counter,C00048,51.3,Axle Counter,Axle counter fault,Medium,2,2,1,2025-06-20,2025-07-04,0,163,2,Preventive,Yes,Open
SMMS001155,AST007998,Interlocking,C00086,33.6,Route Relay Interlocking,Interlocking inspection,Low,1,3,2,2025-03-13,2025-04-12,0,152,2,Inspection,No,Completed
SMMS001156,AST007919,Telecom Cable,C00061,8.2,Quad Cable,Cable fault,Medium,2,3,1,2025-06-21,2025-07-09,0,197,4,Corrective,No,In Progress
SMMS001157,AST007859,Optical Fiber,C00012,63.2,OFC Link,Cable fault,Medium,2,4,3,2025-06-08,2025-06-30,1,118,2,Preventive,Yes,Open
SMMS001158,AST008338,Optical Fiber,C00009,52.1,OFC Link,Cable fault,High,4,3,3,2025-06-17,2025-06-22,9,155,3,Preventive,No,Open
SMMS001159,AST005344,Optical Fiber,C00062,12.7,OFC Link,Cable fault,Medium,2,3,2,2025-06-14,2025-07-02,0,138,4,Corrective,No,Deferred
SMMS001160,AST007253,Optical Fiber,C00038,156.2,OFC Link,Cable fault,High,4,5,3,2025-06-06,2025-06-18,0,176,4,Preventive,No,Completed
SMMS001161,AST005281,Point Machine,C00076,98.1,Electric Point Machine,Point machine fault,High,2,4,3,2025-06-25,2025-07-03,0,149,3,Corrective,Yes,Completed
SMMS001162,AST006900,Optical Fiber,C00025,403.6,OFC Link,Cable fault,Low,2,2,2,2025-06-24,2025-07-21,0,127,4,Preventive,Yes,Completed
SMMS001163,AST006205,Interlocking,C00067,32.7,Route Relay Interlocking,Interlocking inspection,High,2,4,2,2025-05-06,2025-05-12,50,251,4,Inspection,No,In Progress
SMMS001164,AST005304,Level Crossing Signal,C00032,11.6,LC Gate Signal,Signal failure,High,4,4,2,2025-06-27,2025-07-07,0,78,3,Preventive,No,Open
SMMS001165,AST008275,Level Crossing Signal,C00046,0.5,LC Gate Signal,Signal failure,Medium,4,3,2,2025-04-20,2025-05-06,56,95,4,Corrective,No,Open
SMMS001166,AST005599,Point Machine,C00100,2.0,Electric Point Machine,Point machine fault,Medium,2,3,2,2025-05-06,2025-05-22,40,184,3,Preventive,Yes,Open
SMMS001167,AST005880,Track Circuit,C00030,23.5,Track Circuit,Track circuit fault,High,2,5,2,2025-06-17,2025-06-25,6,69,1,Corrective,No,In Progress
SMMS001168,AST008563,Level Crossing Signal,C00071,0.7,LC Gate Signal,Signal failure,Medium,1,3,1,2025-05-18,2025-06-03,28,87,3,Corrective,Yes,Open
SMMS001169,AST006972,Level Crossing Signal,C00062,1.0,LC Gate Signal,Signal failure,Critical,4,3,3,2025-04-21,2025-04-25,67,117,3,Preventive,No,Open
SMMS001170,AST007612,Level Crossing Signal,C00058,57.2,LC Gate Signal,Signal failure,Medium,3,2,2,2025-06-11,2025-06-27,0,61,3,Preventive,No,Completed
SMMS001171,AST007338,Optical Fiber,C00081,6.6,OFC Link,Cable fault,High,2,3,3,2025-05-22,2025-05-29,0,155,4,Corrective,Yes,Completed
SMMS001172,AST006328,Point Machine,C00072,84.9,Electric Point Machine,Point machine fault,Critical,4,5,3,2025-06-09,2025-06-11,0,171,3,Preventive,No,Completed
SMMS001173,AST005721,Relay,C00064,131.5,Relay Interlocking,Relay degradation,Medium,4,4,2,2025-05-21,2025-06-05,0,105,2,Preventive,No,Completed
SMMS001174,AST007749,Relay,C00018,87.7,Relay Interlocking,Relay degradation,Low,4,1,2,2025-06-03,2025-07-05,0,37,1,Inspection,Yes,Scheduled
SMMS001175,AST005300,Level Crossing Signal,C00063,20.2,LC Gate Signal,Signal failure,Medium,3,1,1,2025-06-21,2025-07-08,0,41,3,Corrective,Yes,Open
SMMS001176,AST008542,Relay,C00092,56.0,Relay Interlocking,Relay degradation,Low,4,1,1,2025-06-27,2025-07-31,0,94,1,Inspection,Yes,Completed
SMMS001177,AST007689,Point Machine,C00076,55.4,Electric Point Machine,Point machine fault,Low,1,1,1,2025-03-26,2025-04-18,74,110,3,Inspection,No,Open
SMMS001178,AST005762,Signal,C00016,52.5,Colour Light Signal,Signal lamp/equipment replacement,Low,2,2,3,2025-06-26,2025-08-09,0,114,2,Preventive,No,Scheduled
SMMS001179,AST005830,Optical Fiber,C00019,135.7,OFC Link,Cable fault,Medium,4,2,2,2025-06-28,2025-07-15,0,86,2,Preventive,No,Completed
SMMS001180,AST006075,Signal,C00019,82.0,Colour Light Signal,Signal failure,Low,4,2,3,2025-06-30,2025-07-24,0,191,4,Inspection,Yes,Scheduled
SMMS001181,AST008612,Signal,C00023,7.5,Colour Light Signal,Signal lamp/equipment replacement,Low,2,1,2,2025-05-24,2025-06-25,6,103,2,Corrective,Yes,Scheduled
SMMS001182,AST005680,Level Crossing Signal,C00023,38.7,LC Gate Signal,Signal failure,Medium,2,2,3,2025-06-27,2025-07-14,0,80,3,Preventive,No,Open
SMMS001183,AST006813,Optical Fiber,C00100,8.3,OFC Link,Cable fault,Medium,3,3,3,2025-06-29,2025-07-13,0,123,3,Preventive,Yes,In Progress
SMMS001184,AST006229,Optical Fiber,C00098,2.1,OFC Link,Cable fault,High,5,3,3,2025-05-10,2025-05-19,43,197,4,Corrective,Yes,Open
SMMS001185,AST008166,Signal,C00046,14.9,Colour Light Signal,Signal lamp/equipment replacement,Low,3,2,2,2025-05-23,2025-06-27,0,82,1,Preventive,Yes,Completed
SMMS001186,AST008129,Telecom Cable,C00029,58.5,Quad Cable,Cable fault,Low,4,2,2,2025-05-20,2025-07-07,0,212,4,Inspection,Yes,In Progress
SMMS001187,AST008264,Point Machine,C00060,35.4,Electric Point Machine,Point machine fault,Medium,1,2,3,2025-06-28,2025-07-12,0,208,3,Preventive,Yes,In Progress
SMMS001188,AST006399,Interlocking,C00098,3.1,Route Relay Interlocking,Interlocking inspection,High,3,4,3,2025-06-25,2025-07-05,0,217,2,Inspection,No,Scheduled
SMMS001189,AST007693,Axle Counter,C00086,224.0,Axle Counter,Axle counter fault,Low,4,3,1,2025-06-23,2025-07-22,0,92,4,Preventive,Yes,Open
SMMS001190,AST005949,Axle Counter,C00034,19.0,Axle Counter,Axle counter fault,Low,3,3,1,2025-06-04,2025-07-07,0,109,2,Corrective,No,Scheduled
SMMS001191,AST007793,Track Circuit,C00098,2.5,Track Circuit,Track circuit fault,Medium,2,4,3,2025-06-25,2025-07-15,0,127,3,Corrective,No,Scheduled
SMMS001192,AST005691,Axle Counter,C00078,91.7,Axle Counter,Axle counter fault,Critical,3,4,3,2025-06-21,2025-06-23,0,144,2,Preventive,Yes,Completed
SMMS001193,AST006637,Point Machine,C00079,8.1,Electric Point Machine,Point machine fault,High,4,3,3,2025-05-23,2025-05-30,0,176,2,Corrective,Yes,Completed
SMMS001194,AST006674,Relay,C00004,22.8,Relay Interlocking,Relay degradation,Medium,1,2,1,2025-06-16,2025-06-30,1,43,4,Corrective,No,Open
SMMS001195,AST005861,Point Machine,C00092,33.4,Electric Point Machine,Point machine fault,High,4,3,3,2025-06-14,2025-06-26,5,191,3,Preventive,Yes,Deferred
SMMS001196,AST005800,Telecom Cable,C00027,11.6,Quad Cable,Cable fault,Medium,2,4,2,2025-06-06,2025-06-29,2,174,2,Corrective,Yes,In Progress
SMMS001197,AST006916,Relay,C00002,106.1,Relay Interlocking,Relay degradation,High,3,4,2,2025-04-11,2025-04-19,73,119,3,Preventive,No,Open
SMMS001198,AST007095,Optical Fiber,C00092,1.7,OFC Link,Cable fault,Critical,4,5,3,2025-05-02,2025-05-04,58,228,3,Corrective,Yes,In Progress
SMMS001199,AST007564,Level Crossing Signal,C00012,67.9,LC Gate Signal,Signal failure,Medium,3,3,3,2025-06-09,2025-06-23,8,113,3,Corrective,No,In Progress
SMMS001200,AST006047,Axle Counter,C00085,130.1,Axle Counter,Axle counter fault,High,2,4,4,2025-06-20,2025-06-28,0,139,1,Corrective,No,Completed
SMMS001201,AST008094,Level Crossing Signal,C00078,117.8,LC Gate Signal,Signal failure,Medium,3,1,1,2025-06-28,2025-07-18,0,62,2,Corrective,Yes,Open
SMMS001202,AST008486,Telecom Cable,C00100,2.9,Quad Cable,Cable fault,Medium,4,4,1,2025-06-25,2025-07-08,0,114,3,Corrective,Yes,Open
SMMS001203,AST008209,Telecom Cable,C00039,20.6,Quad Cable,Cable fault,Low,3,1,1,2025-05-18,2025-06-11,20,94,3,Inspection,No,Deferred
SMMS001204,AST006750,Track Circuit,C00014,26.9,Track Circuit,Track circuit fault,Medium,3,3,1,2025-06-23,2025-07-13,0,139,5,Preventive,No,Scheduled
SMMS001205,AST006326,Axle Counter,C00020,52.5,Axle Counter,Axle counter fault,Low,2,1,1,2025-05-29,2025-06-29,2,124,4,Inspection,Yes,Open
SMMS001206,AST006609,Track Circuit,C00005,121.2,Track Circuit,Track circuit fault,Low,3,2,1,2025-03-18,2025-04-22,70,124,3,Inspection,Yes,In Progress
SMMS001207,AST005898,Level Crossing Signal,C00021,5.2,LC Gate Signal,Signal failure,High,2,5,4,2025-04-13,2025-04-21,71,72,2,Corrective,Yes,Open
SMMS001208,AST006816,Optical Fiber,C00027,37.4,OFC Link,Cable fault,Critical,4,4,3,2025-06-23,2025-06-26,5,151,2,Corrective,No,Open
SMMS001209,AST006489,Interlocking,C00050,58.2,Route Relay Interlocking,Interlocking inspection,Low,3,2,1,2025-06-09,2025-07-18,0,190,5,Inspection,Yes,Open
SMMS001210,AST007349,Axle Counter,C00080,44.1,Axle Counter,Axle counter fault,Medium,2,2,2,2025-06-29,2025-07-18,0,62,3,Preventive,Yes,Scheduled
SMMS001211,AST005433,Axle Counter,C00088,59.3,Axle Counter,Axle counter fault,Low,2,2,1,2025-06-18,2025-07-16,0,82,2,Inspection,Yes,Scheduled
SMMS001212,AST006612,Optical Fiber,C00077,22.3,OFC Link,Cable fault,Medium,2,1,2,2025-06-11,2025-06-30,1,84,3,Preventive,Yes,Scheduled
SMMS001213,AST007160,Interlocking,C00032,8.5,Route Relay Interlocking,Interlocking inspection,Medium,3,2,1,2025-06-24,2025-07-04,0,165,3,Inspection,No,Open
SMMS001214,AST008266,Level Crossing Signal,C00034,34.6,LC Gate Signal,Signal failure,Medium,1,2,2,2025-06-10,2025-06-23,8,125,3,Corrective,Yes,Open
SMMS001215,AST005374,Signal,C00023,6.0,Colour Light Signal,Signal lamp/equipment replacement,Medium,3,2,3,2025-06-21,2025-07-09,0,52,2,Preventive,Yes,Open
SMMS001216,AST005645,Interlocking,C00069,219.1,Route Relay Interlocking,Interlocking inspection,Medium,4,3,2,2025-06-17,2025-07-07,0,206,4,Inspection,Yes,Scheduled
SMMS001217,AST006689,Interlocking,C00034,6.7,Route Relay Interlocking,Interlocking inspection,Critical,3,4,5,2025-06-25,2025-06-28,3,215,4,Inspection,Yes,In Progress
SMMS001218,AST008538,Signal,C00065,11.3,Colour Light Signal,Signal lamp/equipment replacement,Low,2,1,1,2025-04-24,2025-05-31,31,142,3,Inspection,No,Open
SMMS001219,AST006507,Axle Counter,C00034,2.5,Axle Counter,Axle counter fault,High,4,4,2,2025-06-08,2025-06-16,0,153,3,Corrective,No,Completed
SMMS001220,AST005447,Optical Fiber,C00064,167.8,OFC Link,Cable fault,Low,4,2,2,2025-05-17,2025-06-23,8,108,4,Preventive,Yes,Scheduled
SMMS001221,AST006430,Relay,C00008,123.0,Relay Interlocking,Relay degradation,Low,3,1,2,2025-06-23,2025-07-30,0,79,2,Preventive,Yes,Completed
SMMS001222,AST006292,Interlocking,C00001,246.1,Route Relay Interlocking,Interlocking inspection,Medium,2,2,2,2025-06-10,2025-06-30,1,197,3,Inspection,Yes,Open
SMMS001223,AST007103,Interlocking,C00017,4.4,Route Relay Interlocking,Interlocking inspection,Low,2,1,2,2025-06-18,2025-07-21,0,224,5,Inspection,No,Open
SMMS001224,AST005981,Level Crossing Signal,C00099,12.3,LC Gate Signal,Signal failure,Medium,2,2,2,2025-05-27,2025-06-14,17,108,3,Corrective,Yes,Open
SMMS001225,AST007908,Axle Counter,C00003,60.7,Axle Counter,Axle counter fault,Critical,4,5,3,2025-06-16,2025-06-19,0,86,3,Preventive,No,Completed
SMMS001226,AST007202,Signal,C00072,86.0,Colour Light Signal,Signal lamp/equipment replacement,Critical,5,5,3,2025-05-30,2025-06-02,0,112,3,Preventive,Yes,Completed
SMMS001227,AST005433,Axle Counter,C00088,59.3,Axle Counter,Axle counter fault,Low,3,2,2,2025-04-27,2025-06-01,0,117,4,Inspection,Yes,Completed
SMMS001228,AST006124,Track Circuit,C00047,37.3,Track Circuit,Track circuit fault,High,4,4,3,2025-05-24,2025-06-01,30,197,4,Corrective,Yes,Scheduled
SMMS001229,AST005562,Interlocking,C00100,7.8,Route Relay Interlocking,Interlocking inspection,Low,3,2,1,2025-06-07,2025-07-18,0,243,4,Inspection,Yes,Open
SMMS001230,AST008374,Track Circuit,C00026,179.0,Track Circuit,Track circuit fault,Low,5,1,1,2025-05-26,2025-06-23,8,156,2,Preventive,Yes,Open
SMMS001231,AST006154,Level Crossing Signal,C00074,2.1,LC Gate Signal,Signal failure,High,3,3,2,2025-06-23,2025-06-30,1,48,2,Preventive,No,Open
SMMS001232,AST007048,Track Circuit,C00098,2.8,Track Circuit,Track circuit fault,High,5,4,3,2025-05-26,2025-06-05,26,152,4,Corrective,No,Open
SMMS001233,AST006801,Level Crossing Signal,C00088,50.4,LC Gate Signal,Signal failure,Low,2,2,2,2025-06-22,2025-08-07,0,74,3,Preventive,No,Open
SMMS001234,AST007916,Signal,C00018,8.8,Colour Light Signal,Signal failure,Medium,4,2,2,2025-06-22,2025-07-12,0,121,4,Corrective,No,Open
SMMS001235,AST007198,Interlocking,C00049,44.7,Route Relay Interlocking,Interlocking inspection,Critical,5,5,2,2025-06-17,2025-06-22,9,184,4,Inspection,No,Open
SMMS001236,AST007503,Interlocking,C00068,53.5,Route Relay Interlocking,Interlocking inspection,Low,4,2,1,2025-06-21,2025-07-27,0,227,2,Inspection,No,Scheduled
SMMS001237,AST005442,Signal,C00079,27.1,Colour Light Signal,Signal lamp/equipment replacement,High,2,2,2,2025-05-29,2025-06-09,0,50,1,Corrective,Yes,Completed
SMMS001238,AST007491,Level Crossing Signal,C00074,2.7,LC Gate Signal,Signal failure,Low,3,2,2,2025-06-18,2025-07-26,0,96,3,Corrective,Yes,Completed
SMMS001239,AST008391,Relay,C00018,57.8,Relay Interlocking,Relay degradation,Low,2,2,2,2025-06-20,2025-07-25,0,70,4,Inspection,No,Open
SMMS001240,AST007286,Level Crossing Signal,C00077,14.8,LC Gate Signal,Signal failure,Medium,3,2,2,2025-06-20,2025-07-05,0,82,2,Preventive,Yes,Completed
SMMS001241,AST008063,Track Circuit,C00074,3.6,Track Circuit,Track circuit fault,High,3,5,3,2025-06-14,2025-06-21,10,124,3,Corrective,Yes,Open
SMMS001242,AST006462,Track Circuit,C00078,25.7,Track Circuit,Track circuit fault,High,5,5,2,2025-06-04,2025-06-14,17,154,5,Corrective,Yes,Open
SMMS001243,AST005596,Relay,C00095,9.5,Relay Interlocking,Relay degradation,High,2,5,3,2025-06-29,2025-07-07,0,117,1,Preventive,No,Completed
SMMS001244,AST006993,Telecom Cable,C00074,5.6,Quad Cable,Cable fault,Medium,2,3,3,2025-06-21,2025-07-08,0,140,3,Preventive,Yes,Completed
SMMS001245,AST006434,Track Circuit,C00055,10.6,Track Circuit,Track circuit fault,Low,2,2,1,2025-06-20,2025-07-10,0,58,2,Inspection,Yes,Open
SMMS001246,AST007441,Signal,C00089,75.9,Colour Light Signal,Signal failure,Low,2,3,2,2025-06-15,2025-07-20,0,123,3,Preventive,No,Open
SMMS001247,AST005407,Track Circuit,C00003,78.0,Track Circuit,Track circuit fault,Low,2,1,2,2025-06-22,2025-08-04,0,195,2,Corrective,Yes,Completed
SMMS001248,AST005739,Signal,C00025,154.8,Colour Light Signal,Signal lamp/equipment replacement,Low,1,1,1,2025-04-02,2025-05-06,56,99,3,Inspection,No,In Progress
SMMS001249,AST005848,Interlocking,C00042,75.4,Route Relay Interlocking,Interlocking inspection,Low,2,2,2,2025-06-19,2025-08-05,0,260,4,Inspection,Yes,Scheduled
SMMS001250,AST008287,Track Circuit,C00034,3.9,Track Circuit,Track circuit fault,Medium,2,3,2,2025-06-19,2025-07-09,0,128,3,Corrective,Yes,In Progress
SMMS001251,AST006933,Axle Counter,C00031,33.5,Axle Counter,Axle counter fault,High,2,4,3,2025-05-27,2025-06-05,26,103,4,Preventive,Yes,In Progress
SMMS001252,AST007028,Interlocking,C00088,94.6,Route Relay Interlocking,Interlocking inspection,Medium,3,4,2,2025-06-04,2025-06-19,12,181,4,Inspection,Yes,Open
SMMS001253,AST008322,Point Machine,C00096,3.5,Electric Point Machine,Point machine fault,Medium,3,2,2,2025-06-02,2025-06-23,8,168,2,Preventive,Yes,Open
SMMS001254,AST008388,Level Crossing Signal,C00054,33.8,LC Gate Signal,Signal failure,Low,2,2,1,2025-05-17,2025-06-28,3,101,2,Corrective,No,Open
SMMS001255,AST006322,Telecom Cable,C00004,67.5,Quad Cable,Cable fault,Medium,3,3,2,2025-06-27,2025-07-11,0,204,5,Preventive,Yes,Open
SMMS001256,AST005844,Track Circuit,C00040,75.1,Track Circuit,Track circuit fault,High,4,3,4,2025-06-18,2025-06-26,5,37,2,Corrective,No,Scheduled
SMMS001257,AST005506,Telecom Cable,C00088,55.3,Quad Cable,Cable fault,High,3,4,3,2025-06-17,2025-06-22,9,136,4,Preventive,Yes,Open
SMMS001258,AST007985,Relay,C00045,170.5,Relay Interlocking,Relay degradation,Low,2,2,2,2025-06-21,2025-08-01,0,116,3,Preventive,Yes,Scheduled
SMMS001259,AST008520,Axle Counter,C00057,95.6,Axle Counter,Axle counter fault,Critical,3,4,3,2025-06-24,2025-06-27,4,117,3,Preventive,Yes,Scheduled
SMMS001260,AST008064,Level Crossing Signal,C00088,4.8,LC Gate Signal,Signal failure,Low,4,2,2,2025-03-23,2025-05-02,60,98,2,Corrective,No,Scheduled
SMMS001261,AST008622,Telecom Cable,C00017,1.9,Quad Cable,Cable fault,High,3,5,2,2025-06-27,2025-07-07,0,210,4,Corrective,No,Completed
SMMS001262,AST008312,Level Crossing Signal,C00076,118.3,LC Gate Signal,Signal failure,High,2,4,3,2025-06-25,2025-07-03,0,55,3,Preventive,No,Completed
SMMS001263,AST006098,Telecom Cable,C00079,51.9,Quad Cable,Cable fault,Low,3,2,1,2025-06-08,2025-06-29,2,209,3,Inspection,No,Scheduled
SMMS001264,AST006147,Point Machine,C00075,125.6,Electric Point Machine,Point machine fault,High,2,3,3,2025-06-29,2025-07-06,0,223,4,Preventive,No,Open
SMMS001265,AST008026,Interlocking,C00092,47.9,Route Relay Interlocking,Interlocking inspection,Low,2,2,2,2025-06-21,2025-07-22,0,216,4,Inspection,No,Completed
SMMS001266,AST007609,Optical Fiber,C00059,81.3,OFC Link,Cable fault,Low,3,2,2,2025-06-28,2025-07-31,0,154,2,Preventive,Yes,Open
SMMS001267,AST007798,Point Machine,C00034,33.4,Electric Point Machine,Point machine fault,Medium,5,3,3,2025-06-19,2025-07-07,0,128,3,Corrective,No,Open
SMMS001268,AST006115,Optical Fiber,C00026,328.9,OFC Link,Cable fault,High,3,4,2,2025-06-02,2025-06-09,22,170,4,Preventive,Yes,Scheduled
SMMS001269,AST007176,Level Crossing Signal,C00068,87.0,LC Gate Signal,Signal failure,High,3,3,2,2025-06-27,2025-07-04,0,120,3,Corrective,Yes,Open
SMMS001270,AST006634,Level Crossing Signal,C00045,49.7,LC Gate Signal,Signal failure,Critical,4,5,2,2025-06-25,2025-06-29,2,140,4,Corrective,Yes,Open
SMMS001271,AST006794,Relay,C00053,68.5,Relay Interlocking,Relay degradation,Low,3,2,2,2025-06-08,2025-07-19,0,143,1,Inspection,Yes,In Progress
SMMS001272,AST008195,Level Crossing Signal,C00085,227.9,LC Gate Signal,Signal failure,Low,2,1,2,2025-04-06,2025-05-08,54,126,1,Preventive,No,Scheduled
SMMS001273,AST007994,Axle Counter,C00086,38.1,Axle Counter,Axle counter fault,Medium,2,4,2,2025-06-24,2025-07-17,0,111,4,Preventive,No,Open
SMMS001274,AST006596,Level Crossing Signal,C00097,11.9,LC Gate Signal,Signal failure,High,4,4,4,2025-03-20,2025-04-01,91,185,3,Corrective,No,In Progress
SMMS001275,AST007100,Signal,C00056,4.7,Colour Light Signal,Signal failure,Medium,3,3,2,2025-05-05,2025-05-21,41,45,4,Preventive,No,Open
SMMS001276,AST007835,Optical Fiber,C00059,30.1,OFC Link,Cable fault,Medium,2,3,2,2025-03-04,2025-03-21,102,168,3,Corrective,Yes,In Progress
SMMS001277,AST005759,Interlocking,C00078,1.2,Route Relay Interlocking,Interlocking inspection,Critical,4,4,4,2025-06-07,2025-06-10,21,203,3,Inspection,Yes,Open
SMMS001278,AST007576,Track Circuit,C00020,79.6,Track Circuit,Track circuit fault,High,3,4,1,2025-05-18,2025-05-22,0,168,4,Corrective,Yes,Completed
SMMS001279,AST006707,Axle Counter,C00024,24.3,Axle Counter,Axle counter fault,Medium,2,3,2,2025-06-29,2025-07-23,0,91,2,Preventive,Yes,Open
SMMS001280,AST008257,Level Crossing Signal,C00084,41.8,LC Gate Signal,Signal failure,Low,3,3,1,2025-06-12,2025-07-21,0,141,5,Inspection,No,Completed
SMMS001281,AST006496,Track Circuit,C00089,39.2,Track Circuit,Track circuit fault,High,4,5,2,2025-04-15,2025-04-20,0,156,4,Preventive,No,Completed
SMMS001282,AST006278,Level Crossing Signal,C00050,27.1,LC Gate Signal,Signal failure,Low,4,2,1,2025-06-13,2025-07-11,0,80,2,Inspection,Yes,Completed
SMMS001283,AST007001,Axle Counter,C00002,59.4,Axle Counter,Axle counter fault,Critical,1,5,3,2025-06-20,2025-06-22,9,50,2,Corrective,Yes,Open
SMMS001284,AST005572,Relay,C00078,39.1,Relay Interlocking,Relay degradation,Medium,3,2,1,2025-06-25,2025-07-12,0,57,2,Corrective,No,Deferred
SMMS001285,AST007615,Point Machine,C00057,54.4,Electric Point Machine,Point machine fault,Critical,3,4,4,2025-05-20,2025-05-21,0,156,4,Preventive,Yes,Completed
SMMS001286,AST007781,Telecom Cable,C00010,66.5,Quad Cable,Cable fault,High,3,3,2,2025-05-18,2025-05-23,39,123,5,Corrective,No,Deferred
SMMS001287,AST005356,Level Crossing Signal,C00091,229.6,LC Gate Signal,Signal failure,Critical,5,5,3,2025-04-05,2025-04-08,0,162,2,Preventive,Yes,Completed
SMMS001288,AST006186,Signal,C00065,17.7,Colour Light Signal,Signal failure,Low,5,2,2,2025-05-23,2025-06-30,1,121,3,Corrective,Yes,Open
SMMS001289,AST006509,Point Machine,C00097,5.9,Electric Point Machine,Point machine fault,Low,3,2,3,2025-04-10,2025-05-07,0,186,4,Inspection,Yes,Completed
SMMS001290,AST005295,Optical Fiber,C00037,67.1,OFC Link,Cable fault,Low,2,2,1,2025-06-16,2025-07-26,0,139,4,Inspection,Yes,Open
SMMS001291,AST007261,Optical Fiber,C00013,33.0,OFC Link,Cable fault,Medium,3,1,2,2025-06-30,2025-07-25,0,151,4,Preventive,Yes,Completed
SMMS001292,AST008165,Relay,C00080,13.6,Relay Interlocking,Relay degradation,Critical,4,4,3,2025-05-22,2025-05-24,38,50,1,Corrective,No,Scheduled
SMMS001293,AST008215,Level Crossing Signal,C00061,54.6,LC Gate Signal,Signal failure,Low,1,2,1,2025-06-25,2025-08-01,0,51,2,Corrective,Yes,Open
SMMS001294,AST008144,Signal,C00091,183.0,Colour Light Signal,Signal lamp/equipment replacement,Medium,3,3,3,2025-05-19,2025-06-12,0,76,3,Corrective,Yes,Completed
SMMS001295,AST005457,Interlocking,C00035,43.8,Route Relay Interlocking,Interlocking inspection,Low,3,1,2,2025-06-25,2025-07-25,0,218,3,Inspection,Yes,Completed
SMMS001296,AST006591,Axle Counter,C00050,23.4,Axle Counter,Axle counter fault,Critical,4,5,3,2025-06-29,2025-07-03,0,108,1,Preventive,No,Completed
SMMS001297,AST005855,Relay,C00081,2.8,Relay Interlocking,Relay degradation,Low,2,1,1,2025-05-12,2025-06-05,26,68,3,Inspection,No,Open
SMMS001298,AST005608,Level Crossing Signal,C00081,23.2,LC Gate Signal,Signal failure,Medium,3,3,2,2025-03-22,2025-04-02,90,150,4,Preventive,No,Open
SMMS001299,AST005990,Point Machine,C00009,85.4,Electric Point Machine,Point machine fault,Critical,4,4,5,2025-06-19,2025-06-21,10,190,5,Preventive,Yes,Open
SMMS001300,AST007212,Optical Fiber,C00084,120.0,OFC Link,Cable fault,Medium,3,2,2,2025-05-22,2025-06-07,24,154,3,Preventive,Yes,Open
SMMS001301,AST005795,Point Machine,C00036,30.0,Electric Point Machine,Point machine fault,Low,3,2,1,2025-06-21,2025-08-08,0,145,2,Corrective,Yes,Scheduled
SMMS001302,AST006638,Track Circuit,C00073,14.8,Track Circuit,Track circuit fault,Critical,5,5,3,2025-03-05,2025-03-09,114,116,3,Preventive,No,Scheduled
SMMS001303,AST007855,Telecom Cable,C00029,19.0,Quad Cable,Cable fault,High,3,3,3,2025-03-08,2025-03-17,106,205,5,Preventive,No,Open
SMMS001304,AST005696,Level Crossing Signal,C00010,49.0,LC Gate Signal,Signal failure,High,3,3,3,2025-06-25,2025-07-02,0,144,3,Corrective,No,Completed
SMMS001305,AST008101,Point Machine,C00013,124.8,Electric Point Machine,Point machine fault,Low,2,2,2,2025-05-06,2025-06-08,23,177,4,Preventive,Yes,Open
SMMS001306,AST007464,Point Machine,C00023,37.3,Electric Point Machine,Point machine fault,High,5,5,2,2025-05-17,2025-05-28,34,138,2,Preventive,Yes,Open
SMMS001307,AST007328,Signal,C00026,292.9,Colour Light Signal,Signal failure,Low,3,2,1,2025-05-23,2025-06-21,10,86,3,Preventive,No,Open
SMMS001308,AST006493,Telecom Cable,C00079,30.4,Quad Cable,Cable fault,Low,3,2,1,2025-03-18,2025-04-15,77,201,3,Preventive,No,Open
SMMS001309,AST005600,Point Machine,C00045,35.3,Electric Point Machine,Point machine fault,Low,2,2,1,2025-05-19,2025-06-26,5,149,4,Preventive,No,Open
SMMS001310,AST007859,Optical Fiber,C00012,63.2,OFC Link,Cable fault,Low,2,1,2,2025-04-13,2025-05-17,45,140,3,Corrective,No,Open
SMMS001311,AST008640,Axle Counter,C00051,9.7,Axle Counter,Axle counter fault,Low,1,1,2,2025-04-24,2025-05-19,0,106,2,Inspection,No,Completed
SMMS001312,AST005927,Interlocking,C00024,11.3,Route Relay Interlocking,Interlocking inspection,Medium,3,3,2,2025-05-24,2025-06-12,19,248,2,Inspection,No,Open
SMMS001313,AST007424,Optical Fiber,C00063,48.8,OFC Link,Cable fault,Low,2,1,1,2025-06-30,2025-08-02,0,121,2,Inspection,No,Open
SMMS001314,AST005632,Relay,C00069,63.8,Relay Interlocking,Relay degradation,Critical,3,4,3,2025-04-29,2025-05-03,59,132,6,Preventive,No,Scheduled
SMMS001315,AST005840,Relay,C00083,64.5,Relay Interlocking,Relay degradation,Low,3,2,3,2025-06-11,2025-07-23,0,130,2,Corrective,Yes,Completed
SMMS001316,AST005979,Track Circuit,C00006,18.3,Track Circuit,Track circuit fault,Medium,4,2,2,2025-04-04,2025-04-19,73,152,3,Corrective,No,In Progress
SMMS001317,AST006175,Level Crossing Signal,C00095,18.8,LC Gate Signal,Signal failure,Medium,2,4,3,2025-05-23,2025-06-06,25,172,4,Preventive,No,In Progress
SMMS001318,AST007492,Interlocking,C00049,109.2,Route Relay Interlocking,Interlocking inspection,Low,3,2,1,2025-05-28,2025-06-20,11,217,3,Inspection,No,Deferred
SMMS001319,AST007986,Relay,C00034,33.7,Relay Interlocking,Relay degradation,Low,2,3,3,2025-04-16,2025-05-11,51,124,5,Preventive,No,Deferred
SMMS001320,AST008053,Relay,C00062,46.0,Relay Interlocking,Relay degradation,Low,3,2,2,2025-06-07,2025-07-24,0,56,2,Preventive,No,Open
SMMS001321,AST008483,Track Circuit,C00070,14.4,Track Circuit,Track circuit fault,Medium,3,3,3,2025-05-26,2025-06-12,0,128,3,Preventive,Yes,Completed
SMMS001322,AST007654,Axle Counter,C00054,33.5,Axle Counter,Axle counter fault,Low,2,2,1,2025-06-30,2025-07-30,0,185,3,Preventive,Yes,Completed
SMMS001323,AST008120,Interlocking,C00078,125.9,Route Relay Interlocking,Interlocking inspection,Medium,1,4,2,2025-06-22,2025-07-16,0,163,3,Inspection,Yes,Scheduled
SMMS001324,AST007725,Optical Fiber,C00090,32.6,OFC Link,Cable fault,Low,2,1,3,2025-06-02,2025-07-07,0,156,4,Preventive,Yes,Completed
SMMS001325,AST007725,Optical Fiber,C00090,32.6,OFC Link,Cable fault,Medium,2,2,4,2025-06-10,2025-06-25,6,80,2,Corrective,Yes,Open
SMMS001326,AST006932,Optical Fiber,C00030,40.2,OFC Link,Cable fault,Medium,3,3,1,2025-05-29,2025-06-14,17,79,3,Preventive,No,Deferred
SMMS001327,AST006533,Optical Fiber,C00075,19.7,OFC Link,Cable fault,Low,2,1,1,2025-06-25,2025-08-02,0,156,3,Corrective,Yes,In Progress
SMMS001328,AST007390,Telecom Cable,C00098,3.4,Quad Cable,Cable fault,Low,1,2,3,2025-04-29,2025-05-31,31,187,3,Preventive,Yes,In Progress
SMMS001329,AST006026,Axle Counter,C00058,29.6,Axle Counter,Axle counter fault,High,4,3,1,2025-06-12,2025-06-22,9,142,4,Preventive,No,In Progress
SMMS001330,AST007263,Track Circuit,C00043,2.4,Track Circuit,Track circuit fault,Medium,4,3,1,2025-06-20,2025-07-07,0,131,5,Preventive,No,Completed
SMMS001331,AST006660,Interlocking,C00063,116.0,Route Relay Interlocking,Interlocking inspection,Medium,2,2,1,2025-06-17,2025-07-05,0,121,4,Inspection,No,Completed
SMMS001332,AST008114,Signal,C00007,29.7,Colour Light Signal,Signal lamp/equipment replacement,High,4,4,4,2025-06-30,2025-07-06,0,70,3,Corrective,Yes,Scheduled
SMMS001333,AST007022,Relay,C00069,240.0,Relay Interlocking,Relay degradation,Critical,4,5,3,2025-06-04,2025-06-07,0,102,3,Preventive,No,Completed
SMMS001334,AST008032,Track Circuit,C00057,123.2,Track Circuit,Track circuit fault,High,3,4,3,2025-06-20,2025-06-30,0,142,2,Corrective,No,Completed
SMMS001335,AST005454,Point Machine,C00072,98.5,Electric Point Machine,Point machine fault,Low,3,1,2,2025-04-15,2025-05-20,42,143,4,Corrective,Yes,Open
SMMS001336,AST006060,Signal,C00036,47.4,Colour Light Signal,Signal failure,Low,2,2,4,2025-06-22,2025-07-28,0,166,2,Preventive,Yes,Open
SMMS001337,AST006946,Relay,C00069,237.3,Relay Interlocking,Relay degradation,Medium,3,3,2,2025-06-07,2025-06-23,0,60,4,Corrective,Yes,Completed
SMMS001338,AST006032,Signal,C00087,47.3,Colour Light Signal,Signal lamp/equipment replacement,Medium,1,3,1,2025-03-03,2025-03-19,104,42,2,Preventive,Yes,Open
SMMS001339,AST008629,Signal,C00090,18.4,Colour Light Signal,Signal failure,Critical,3,5,3,2025-03-12,2025-03-16,107,149,4,Preventive,Yes,Scheduled
SMMS001340,AST005520,Telecom Cable,C00015,105.8,Quad Cable,Cable fault,Low,1,2,2,2025-03-09,2025-04-17,0,170,2,Preventive,Yes,Completed
SMMS001341,AST005381,Signal,C00087,27.8,Colour Light Signal,Signal lamp/equipment replacement,Low,2,1,2,2025-06-22,2025-08-04,0,59,2,Corrective,No,Scheduled
SMMS001342,AST006613,Track Circuit,C00035,67.3,Track Circuit,Track circuit fault,Medium,2,3,1,2025-06-16,2025-07-04,0,110,2,Corrective,Yes,Deferred
SMMS001343,AST008508,Point Machine,C00060,32.9,Electric Point Machine,Point machine fault,Low,3,1,2,2025-06-27,2025-07-30,0,149,5,Corrective,Yes,Open
SMMS001344,AST008135,Signal,C00042,73.7,Colour Light Signal,Signal lamp/equipment replacement,Medium,2,2,3,2025-06-04,2025-06-27,4,75,2,Corrective,Yes,In Progress
SMMS001345,AST007330,Relay,C00002,17.5,Relay Interlocking,Relay degradation,Medium,3,3,1,2025-06-23,2025-07-09,0,185,3,Corrective,Yes,Completed
SMMS001346,AST005454,Point Machine,C00072,98.5,Electric Point Machine,Point machine fault,Low,3,3,1,2025-06-16,2025-08-02,0,136,3,Inspection,Yes,Scheduled
SMMS001347,AST007967,Relay,C00023,1.2,Relay Interlocking,Relay degradation,Medium,2,2,2,2025-06-13,2025-07-01,0,42,2,Corrective,No,Open
SMMS001348,AST006547,Signal,C00046,25.7,Colour Light Signal,Signal lamp/equipment replacement,Medium,4,3,2,2025-05-20,2025-06-03,28,33,2,Preventive,Yes,Open
SMMS001349,AST008100,Level Crossing Signal,C00096,41.3,LC Gate Signal,Signal failure,Low,3,1,1,2025-06-02,2025-07-06,0,139,2,Preventive,Yes,Completed
SMMS001350,AST008462,Point Machine,C00025,239.0,Electric Point Machine,Point machine fault,Critical,5,4,4,2025-06-27,2025-06-30,1,124,2,Preventive,No,Scheduled
SMMS001351,AST007882,Optical Fiber,C00067,64.6,OFC Link,Cable fault,Medium,4,4,1,2025-04-05,2025-04-23,69,87,3,Preventive,No,Open
SMMS001352,AST006807,Relay,C00022,130.7,Relay Interlocking,Relay degradation,Low,2,2,1,2025-05-29,2025-06-26,5,119,5,Preventive,Yes,Open
SMMS001353,AST006616,Axle Counter,C00051,30.7,Axle Counter,Axle counter fault,Low,4,1,2,2025-06-02,2025-07-04,0,66,4,Corrective,Yes,In Progress
SMMS001354,AST007825,Optical Fiber,C00088,0.5,OFC Link,Cable fault,Low,3,1,1,2025-06-20,2025-07-26,0,103,1,Preventive,No,Scheduled
SMMS001355,AST007368,Point Machine,C00073,121.5,Electric Point Machine,Point machine fault,High,3,4,3,2025-06-21,2025-06-28,3,146,3,Preventive,No,Open
SMMS001356,AST007203,Track Circuit,C00056,3.1,Track Circuit,Track circuit fault,Low,2,1,2,2025-04-29,2025-05-31,31,145,6,Preventive,Yes,Open
SMMS001357,AST005758,Level Crossing Signal,C00040,58.3,LC Gate Signal,Signal failure,High,2,4,4,2025-04-16,2025-04-27,65,55,1,Preventive,No,Open
SMMS001358,AST007774,Relay,C00062,15.1,Relay Interlocking,Relay degradation,High,3,4,4,2025-06-21,2025-06-29,2,60,1,Preventive,No,Open
SMMS001359,AST005885,Optical Fiber,C00079,24.7,OFC Link,Cable fault,High,3,3,2,2025-06-26,2025-07-08,0,123,1,Corrective,No,Open
SMMS001360,AST006456,Telecom Cable,C00020,57.7,Quad Cable,Cable fault,Low,3,2,2,2025-05-19,2025-06-23,8,154,3,Corrective,Yes,Scheduled
SMMS001361,AST006969,Track Circuit,C00093,58.4,Track Circuit,Track circuit fault,High,3,4,3,2025-06-28,2025-07-04,0,140,4,Corrective,Yes,Open
SMMS001362,AST008140,Axle Counter,C00001,333.4,Axle Counter,Axle counter fault,Low,3,2,1,2025-05-24,2025-07-10,0,91,2,Corrective,No,Completed
SMMS001363,AST008261,Relay,C00048,123.4,Relay Interlocking,Relay degradation,Critical,4,3,4,2025-06-18,2025-06-22,0,103,4,Corrective,Yes,Completed
SMMS001364,AST006033,Track Circuit,C00006,5.3,Track Circuit,Track circuit fault,Low,3,2,1,2025-06-27,2025-08-05,0,131,2,Corrective,Yes,Scheduled
SMMS001365,AST005864,Point Machine,C00065,18.9,Electric Point Machine,Point machine fault,Medium,4,2,4,2025-06-02,2025-06-22,9,131,1,Preventive,Yes,In Progress
SMMS001366,AST006237,Point Machine,C00010,54.6,Electric Point Machine,Point machine fault,Critical,4,4,5,2025-06-22,2025-06-26,5,136,2,Preventive,Yes,Scheduled
SMMS001367,AST007299,Axle Counter,C00015,111.1,Axle Counter,Axle counter fault,Medium,4,3,2,2025-06-24,2025-07-09,0,87,3,Preventive,No,In Progress
SMMS001368,AST008487,Interlocking,C00001,267.3,Route Relay Interlocking,Interlocking inspection,High,4,4,2,2025-05-18,2025-05-28,34,224,5,Inspection,No,In Progress
SMMS001369,AST007599,Interlocking,C00077,45.7,Route Relay Interlocking,Interlocking inspection,Low,2,1,2,2025-05-19,2025-06-29,2,215,4,Inspection,No,Deferred
SMMS001370,AST006997,Level Crossing Signal,C00029,52.0,LC Gate Signal,Signal failure,Medium,4,3,2,2025-06-25,2025-07-09,0,135,1,Preventive,Yes,Open
SMMS001371,AST005405,Telecom Cable,C00091,26.8,Quad Cable,Cable fault,Low,3,2,1,2025-06-26,2025-07-28,0,152,3,Corrective,Yes,Open
SMMS001372,AST007348,Interlocking,C00022,25.2,Route Relay Interlocking,Interlocking inspection,Medium,3,3,1,2025-05-27,2025-06-09,22,199,2,Inspection,No,Scheduled
SMMS001373,AST006508,Interlocking,C00036,42.6,Route Relay Interlocking,Interlocking inspection,Medium,2,3,4,2025-03-10,2025-03-20,0,195,5,Inspection,No,Completed
SMMS001374,AST006168,Relay,C00002,54.3,Relay Interlocking,Relay degradation,Critical,4,5,3,2025-06-18,2025-06-21,10,129,2,Preventive,Yes,Scheduled
SMMS001375,AST006648,Signal,C00066,55.8,Colour Light Signal,Signal lamp/equipment replacement,High,4,3,2,2025-06-26,2025-07-04,0,71,3,Corrective,Yes,Open
SMMS001376,AST008018,Interlocking,C00034,18.6,Route Relay Interlocking,Interlocking inspection,Critical,4,5,5,2025-06-18,2025-06-21,10,247,2,Inspection,Yes,Open
SMMS001377,AST007998,Interlocking,C00086,33.6,Route Relay Interlocking,Interlocking inspection,Medium,2,3,4,2025-06-03,2025-06-20,0,177,5,Inspection,Yes,Completed
SMMS001378,AST007758,Signal,C00094,168.8,Colour Light Signal,Signal failure,Medium,2,3,2,2025-05-31,2025-06-17,0,40,2,Preventive,Yes,Completed
SMMS001379,AST007525,Level Crossing Signal,C00052,184.8,LC Gate Signal,Signal failure,Low,3,2,1,2025-06-02,2025-07-14,0,124,1,Preventive,No,Open
SMMS001380,AST005517,Relay,C00021,7.9,Relay Interlocking,Relay degradation,Low,4,2,2,2025-06-25,2025-07-23,0,113,3,Corrective,Yes,Open
SMMS001381,AST006206,Interlocking,C00071,12.2,Route Relay Interlocking,Interlocking inspection,Medium,3,2,2,2025-06-23,2025-07-14,0,150,4,Inspection,Yes,Open
SMMS001382,AST008242,Track Circuit,C00091,120.9,Track Circuit,Track circuit fault,High,3,4,2,2025-06-17,2025-06-24,7,117,2,Corrective,Yes,Open
SMMS001383,AST007914,Telecom Cable,C00068,67.9,Quad Cable,Cable fault,Low,2,2,2,2025-06-25,2025-07-20,0,144,3,Preventive,Yes,Open
SMMS001384,AST005406,Level Crossing Signal,C00032,21.1,LC Gate Signal,Signal failure,Low,3,2,2,2025-06-19,2025-07-22,0,117,4,Corrective,No,Scheduled
SMMS001385,AST005320,Signal,C00005,77.1,Colour Light Signal,Signal failure,High,4,3,3,2025-06-27,2025-07-08,0,110,2,Corrective,No,Open
SMMS001386,AST006325,Relay,C00077,41.9,Relay Interlocking,Relay degradation,Low,3,1,2,2025-04-01,2025-05-02,60,78,3,Inspection,Yes,In Progress
SMMS001387,AST007972,Relay,C00066,6.9,Relay Interlocking,Relay degradation,Medium,3,4,4,2025-06-14,2025-07-04,0,105,2,Corrective,No,Open
SMMS001388,AST007742,Axle Counter,C00020,63.7,Axle Counter,Axle counter fault,Medium,2,3,2,2025-03-08,2025-03-26,0,89,2,Corrective,No,Completed
SMMS001389,AST006770,Point Machine,C00055,85.9,Electric Point Machine,Point machine fault,Critical,4,5,2,2025-05-14,2025-05-19,43,158,2,Preventive,Yes,Scheduled
SMMS001390,AST005679,Interlocking,C00078,61.2,Route Relay Interlocking,Interlocking inspection,Low,3,3,1,2025-05-26,2025-06-25,6,171,2,Inspection,No,Open
SMMS001391,AST007842,Level Crossing Signal,C00035,50.8,LC Gate Signal,Signal failure,Low,3,2,2,2025-06-23,2025-07-26,0,78,5,Inspection,Yes,In Progress
SMMS001392,AST008543,Optical Fiber,C00082,63.9,OFC Link,Cable fault,Low,3,1,2,2025-06-20,2025-07-28,0,176,2,Inspection,Yes,Scheduled
SMMS001393,AST006145,Interlocking,C00049,34.5,Route Relay Interlocking,Interlocking inspection,Critical,4,4,3,2025-06-19,2025-06-22,0,236,4,Inspection,Yes,Completed
SMMS001394,AST007345,Interlocking,C00099,6.8,Route Relay Interlocking,Interlocking inspection,Medium,3,3,2,2025-06-23,2025-07-10,0,178,3,Inspection,Yes,Open
SMMS001395,AST008288,Track Circuit,C00011,78.2,Track Circuit,Track circuit fault,Low,4,1,1,2025-06-22,2025-07-25,0,120,2,Corrective,Yes,Completed
SMMS001396,AST006339,Track Circuit,C00099,1.7,Track Circuit,Track circuit fault,Medium,2,3,2,2025-06-11,2025-07-02,0,138,3,Corrective,Yes,Open
SMMS001397,AST008302,Telecom Cable,C00064,116.8,Quad Cable,Cable fault,Medium,2,3,3,2025-05-27,2025-06-12,19,177,2,Corrective,Yes,Scheduled
SMMS001398,AST006630,Axle Counter,C00042,58.1,Axle Counter,Axle counter fault,Medium,2,2,1,2025-03-19,2025-04-10,82,100,1,Corrective,Yes,Deferred
SMMS001399,AST005802,Interlocking,C00084,179.6,Route Relay Interlocking,Interlocking inspection,Low,1,2,1,2025-06-28,2025-08-04,0,202,2,Inspection,Yes,Completed
SMMS001400,AST005755,Track Circuit,C00082,118.2,Track Circuit,Track circuit fault,Critical,5,5,3,2025-06-29,2025-07-03,0,165,3,Preventive,Yes,Open
SMMS001401,AST005736,Axle Counter,C00027,149.3,Axle Counter,Axle counter fault,Low,4,2,2,2025-04-12,2025-05-18,44,108,3,Inspection,Yes,Deferred
SMMS001402,AST006478,Interlocking,C00041,9.7,Route Relay Interlocking,Interlocking inspection,High,4,4,3,2025-06-28,2025-07-04,0,239,4,Inspection,No,Open
SMMS001403,AST006574,Track Circuit,C00081,34.1,Track Circuit,Track circuit fault,Low,1,2,1,2025-03-24,2025-04-29,63,166,4,Preventive,Yes,Open
SMMS001404,AST005303,Interlocking,C00037,36.5,Route Relay Interlocking,Interlocking inspection,Medium,2,2,2,2025-06-12,2025-06-25,6,222,4,Inspection,No,Open
SMMS001405,AST006546,Level Crossing Signal,C00009,9.1,LC Gate Signal,Signal failure,High,4,2,3,2025-04-06,2025-04-13,79,102,3,Corrective,No,Scheduled
SMMS001406,AST007050,Relay,C00081,5.5,Relay Interlocking,Relay degradation,Low,2,2,2,2025-05-22,2025-06-24,7,88,2,Inspection,No,Open
SMMS001407,AST005289,Relay,C00003,40.3,Relay Interlocking,Relay degradation,High,4,4,2,2025-06-25,2025-07-03,0,128,4,Corrective,No,Open
SMMS001408,AST008585,Point Machine,C00055,77.1,Electric Point Machine,Point machine fault,Low,2,3,1,2025-03-26,2025-05-02,60,94,2,Preventive,Yes,In Progress
SMMS001409,AST007895,Signal,C00060,6.9,Colour Light Signal,Signal failure,Medium,5,2,2,2025-06-04,2025-06-18,13,151,2,Preventive,Yes,Deferred
SMMS001410,AST007961,Relay,C00004,84.5,Relay Interlocking,Relay degradation,Critical,4,5,4,2025-05-23,2025-05-24,38,123,3,Preventive,No,Open
SMMS001411,AST007520,Point Machine,C00056,20.7,Electric Point Machine,Point machine fault,High,2,4,2,2025-06-20,2025-06-26,5,172,3,Corrective,No,Open
SMMS001412,AST007035,Level Crossing Signal,C00060,31.7,LC Gate Signal,Signal failure,Medium,2,1,2,2025-05-21,2025-06-07,0,98,3,Preventive,No,Completed
SMMS001413,AST006614,Telecom Cable,C00019,151.6,Quad Cable,Cable fault,Critical,2,4,3,2025-06-09,2025-06-12,0,142,2,Corrective,No,Completed
SMMS001414,AST007404,Telecom Cable,C00054,13.9,Quad Cable,Cable fault,High,4,5,2,2025-03-06,2025-03-13,0,182,4,Preventive,No,Completed
SMMS001415,AST007228,Level Crossing Signal,C00019,40.3,LC Gate Signal,Signal failure,Low,2,2,2,2025-06-07,2025-07-17,0,116,2,Inspection,Yes,Scheduled
SMMS001416,AST007311,Signal,C00058,62.6,Colour Light Signal,Signal failure,Medium,5,3,1,2025-06-15,2025-06-28,3,106,1,Corrective,Yes,Open
SMMS001417,AST008170,Telecom Cable,C00090,37.5,Quad Cable,Cable fault,Medium,3,3,4,2025-06-17,2025-07-11,0,177,5,Corrective,Yes,Scheduled
SMMS001418,AST007921,Point Machine,C00013,80.8,Electric Point Machine,Point machine fault,Low,3,2,1,2025-05-04,2025-06-08,23,179,4,Preventive,Yes,Open
SMMS001419,AST006232,Axle Counter,C00077,30.8,Axle Counter,Axle counter fault,Low,3,2,2,2025-04-18,2025-06-06,25,116,3,Corrective,Yes,Open
SMMS001420,AST007462,Signal,C00015,116.3,Colour Light Signal,Signal lamp/equipment replacement,High,4,4,4,2025-03-07,2025-03-16,107,91,1,Corrective,Yes,Open
SMMS001421,AST006989,Axle Counter,C00013,23.3,Axle Counter,Axle counter fault,Medium,2,2,2,2025-06-18,2025-07-02,0,101,2,Preventive,No,Open
SMMS001422,AST006936,Point Machine,C00036,5.2,Electric Point Machine,Point machine fault,Critical,2,5,4,2025-04-13,2025-04-17,0,229,4,Preventive,No,Completed
SMMS001423,AST007194,Level Crossing Signal,C00059,237.9,LC Gate Signal,Signal failure,Medium,3,3,2,2025-06-30,2025-07-16,0,160,3,Preventive,Yes,Scheduled
SMMS001424,AST007964,Axle Counter,C00020,80.1,Axle Counter,Axle counter fault,Low,3,2,2,2025-05-29,2025-07-10,0,145,4,Inspection,No,Deferred
SMMS001425,AST006728,Telecom Cable,C00067,7.9,Quad Cable,Cable fault,Medium,3,2,1,2025-05-20,2025-06-05,26,164,3,Preventive,Yes,Scheduled
SMMS001426,AST007589,Track Circuit,C00035,101.3,Track Circuit,Track circuit fault,High,3,4,1,2025-06-17,2025-06-26,0,147,5,Corrective,Yes,Completed
SMMS001427,AST005553,Axle Counter,C00023,20.8,Axle Counter,Axle counter fault,Low,3,1,2,2025-06-09,2025-07-16,0,81,2,Preventive,Yes,Scheduled
SMMS001428,AST007593,Relay,C00099,13.8,Relay Interlocking,Relay degradation,Medium,3,3,3,2025-06-21,2025-07-12,0,135,3,Preventive,Yes,Completed
SMMS001429,AST008375,Relay,C00054,25.8,Relay Interlocking,Relay degradation,Low,2,2,1,2025-06-16,2025-07-19,0,92,3,Preventive,No,Deferred
SMMS001430,AST007974,Signal,C00022,154.0,Colour Light Signal,Signal failure,Medium,2,3,3,2025-03-30,2025-04-21,71,83,5,Preventive,Yes,Scheduled
SMMS001431,AST007820,Telecom Cable,C00037,84.3,Quad Cable,Cable fault,High,4,3,4,2025-06-16,2025-06-26,5,248,4,Corrective,No,Scheduled
SMMS001432,AST008016,Interlocking,C00086,128.1,Route Relay Interlocking,Interlocking inspection,High,2,4,4,2025-05-31,2025-06-10,21,221,5,Inspection,Yes,Open
SMMS001433,AST005472,Track Circuit,C00005,105.9,Track Circuit,Track circuit fault,Low,3,1,2,2025-04-13,2025-05-10,0,99,4,Inspection,Yes,Completed
SMMS001434,AST006363,Point Machine,C00044,39.4,Electric Point Machine,Point machine fault,Low,2,2,2,2025-06-29,2025-08-03,0,86,4,Inspection,Yes,In Progress
SMMS001435,AST007358,Track Circuit,C00015,116.9,Track Circuit,Track circuit fault,High,3,4,3,2025-03-12,2025-03-21,102,184,3,Preventive,Yes,In Progress
SMMS001436,AST008438,Telecom Cable,C00021,38.0,Quad Cable,Cable fault,Medium,2,4,3,2025-06-01,2025-06-16,15,196,4,Corrective,Yes,Scheduled
SMMS001437,AST006353,Point Machine,C00026,161.7,Electric Point Machine,Point machine fault,High,4,3,4,2025-06-27,2025-07-03,0,155,5,Preventive,No,Completed
SMMS001438,AST006883,Axle Counter,C00091,215.3,Axle Counter,Axle counter fault,High,5,2,3,2025-06-30,2025-07-05,0,124,4,Preventive,Yes,Scheduled
SMMS001439,AST008499,Optical Fiber,C00015,143.1,OFC Link,Cable fault,Medium,2,2,3,2025-06-01,2025-06-23,8,161,4,Preventive,Yes,Open
SMMS001440,AST005391,Level Crossing Signal,C00034,16.8,LC Gate Signal,Signal failure,Low,2,2,1,2025-06-11,2025-07-23,0,102,3,Inspection,No,Completed
SMMS001441,AST006628,Telecom Cable,C00044,10.5,Quad Cable,Cable fault,Medium,2,2,2,2025-03-18,2025-04-03,89,201,4,Corrective,No,Deferred
SMMS001442,AST007742,Axle Counter,C00020,63.7,Axle Counter,Axle counter fault,Critical,5,4,2,2025-05-27,2025-05-31,31,124,3,Corrective,No,Open
SMMS001443,AST007387,Telecom Cable,C00021,111.0,Quad Cable,Cable fault,High,3,4,2,2025-05-27,2025-06-02,29,191,4,Corrective,Yes,Open
SMMS001444,AST008109,Optical Fiber,C00047,1.3,OFC Link,Cable fault,Medium,3,2,2,2025-06-27,2025-07-13,0,162,2,Corrective,Yes,Open
SMMS001445,AST008406,Axle Counter,C00091,226.9,Axle Counter,Axle counter fault,High,4,4,2,2025-06-29,2025-07-06,0,93,2,Corrective,Yes,Open
SMMS001446,AST005356,Level Crossing Signal,C00091,229.6,LC Gate Signal,Signal failure,Medium,3,2,1,2025-05-30,2025-06-16,15,59,2,Corrective,Yes,Scheduled
SMMS001447,AST008272,Signal,C00049,62.8,Colour Light Signal,Signal failure,Medium,3,1,2,2025-05-17,2025-06-07,0,106,3,Corrective,Yes,Completed
SMMS001448,AST007391,Track Circuit,C00009,72.8,Track Circuit,Track circuit fault,Medium,4,4,2,2025-05-31,2025-06-16,15,109,2,Preventive,No,Open
SMMS001449,AST006061,Point Machine,C00040,104.9,Electric Point Machine,Point machine fault,Low,2,1,2,2025-06-22,2025-07-29,0,160,5,Preventive,No,Scheduled
SMMS001450,AST007260,Track Circuit,C00005,76.2,Track Circuit,Track circuit fault,Medium,3,2,2,2025-06-23,2025-07-08,0,131,3,Preventive,Yes,Completed
SMMS001451,AST006890,Track Circuit,C00056,11.8,Track Circuit,Track circuit fault,Medium,2,2,3,2025-06-26,2025-07-20,0,114,3,Corrective,No,In Progress
SMMS001452,AST008587,Optical Fiber,C00027,117.9,OFC Link,Cable fault,Critical,4,5,4,2025-04-08,2025-04-10,82,215,4,Corrective,Yes,In Progress
SMMS001453,AST007469,Relay,C00090,88.4,Relay Interlocking,Relay degradation,Medium,4,3,2,2025-03-31,2025-04-13,0,107,3,Corrective,Yes,Completed
SMMS001454,AST006194,Optical Fiber,C00066,34.0,OFC Link,Cable fault,Critical,4,4,5,2025-06-27,2025-06-29,2,156,4,Corrective,No,Open
SMMS001455,AST005576,Interlocking,C00060,33.1,Route Relay Interlocking,Interlocking inspection,Medium,3,2,2,2025-05-09,2025-06-02,29,196,4,Inspection,Yes,Deferred
SMMS001456,AST006345,Relay,C00045,172.7,Relay Interlocking,Relay degradation,Low,2,2,2,2025-06-03,2025-07-16,0,71,1,Inspection,Yes,Scheduled
SMMS001457,AST007320,Relay,C00021,0.3,Relay Interlocking,Relay degradation,Medium,2,2,3,2025-06-26,2025-07-13,0,82,3,Preventive,No,Open
SMMS001458,AST008293,Point Machine,C00070,10.9,Electric Point Machine,Point machine fault,Medium,3,1,2,2025-06-21,2025-07-09,0,160,2,Corrective,Yes,In Progress
SMMS001459,AST006546,Level Crossing Signal,C00009,9.1,LC Gate Signal,Signal failure,Medium,3,2,1,2025-06-16,2025-07-01,0,73,1,Preventive,No,Open
SMMS001460,AST006229,Optical Fiber,C00098,2.1,OFC Link,Cable fault,High,3,3,4,2025-06-21,2025-06-30,1,105,2,Corrective,No,Deferred
SMMS001461,AST006599,Optical Fiber,C00082,127.6,OFC Link,Cable fault,Medium,2,4,2,2025-06-03,2025-06-21,10,141,3,Corrective,Yes,Open
SMMS001462,AST006209,Interlocking,C00068,146.8,Route Relay Interlocking,Interlocking inspection,Medium,5,2,1,2025-06-17,2025-07-06,0,215,2,Inspection,No,Open
SMMS001463,AST008386,Interlocking,C00070,10.3,Route Relay Interlocking,Interlocking inspection,Low,2,1,2,2025-05-06,2025-06-18,13,161,4,Inspection,No,In Progress
SMMS001464,AST006338,Track Circuit,C00042,14.3,Track Circuit,Track circuit fault,Medium,3,2,3,2025-06-24,2025-07-12,0,120,2,Preventive,Yes,Open
SMMS001465,AST007753,Relay,C00037,68.5,Relay Interlocking,Relay degradation,Low,5,2,1,2025-03-05,2025-04-07,85,98,3,Inspection,Yes,Open
SMMS001466,AST008093,Interlocking,C00079,13.1,Route Relay Interlocking,Interlocking inspection,High,3,4,4,2025-06-26,2025-07-02,0,187,4,Inspection,Yes,Open
SMMS001467,AST007188,Point Machine,C00072,73.9,Electric Point Machine,Point machine fault,Medium,1,3,2,2025-06-02,2025-06-21,0,170,2,Preventive,Yes,Completed
SMMS001468,AST008065,Track Circuit,C00053,120.5,Track Circuit,Track circuit fault,Low,1,2,2,2025-05-23,2025-07-01,0,134,3,Preventive,No,Completed
SMMS001469,AST007570,Signal,C00076,17.2,Colour Light Signal,Signal failure,Low,2,2,2,2025-03-29,2025-05-01,61,64,3,Inspection,Yes,Open
SMMS001470,AST007527,Point Machine,C00003,5.9,Electric Point Machine,Point machine fault,Low,1,2,1,2025-05-22,2025-07-01,0,158,3,Inspection,No,Completed
SMMS001471,AST006472,Level Crossing Signal,C00016,12.6,LC Gate Signal,Signal failure,Low,2,2,3,2025-05-17,2025-06-27,4,141,2,Corrective,No,In Progress
SMMS001472,AST005979,Track Circuit,C00006,18.3,Track Circuit,Track circuit fault,Critical,4,3,4,2025-06-27,2025-07-01,0,134,2,Corrective,No,Open
SMMS001473,AST005856,Optical Fiber,C00079,11.5,OFC Link,Cable fault,Medium,2,3,1,2025-06-28,2025-07-13,0,146,3,Preventive,No,Open
SMMS001474,AST006625,Relay,C00044,6.5,Relay Interlocking,Relay degradation,Low,4,1,2,2025-06-28,2025-07-29,0,116,1,Inspection,No,Open
SMMS001475,AST006162,Axle Counter,C00033,69.9,Axle Counter,Axle counter fault,Low,2,2,2,2025-06-28,2025-08-13,0,83,3,Preventive,Yes,In Progress
SMMS001476,AST008461,Point Machine,C00087,49.0,Electric Point Machine,Point machine fault,High,3,4,3,2025-06-29,2025-07-09,0,192,2,Preventive,No,Open
SMMS001477,AST007333,Interlocking,C00003,47.9,Route Relay Interlocking,Interlocking inspection,Medium,3,3,1,2025-06-30,2025-07-13,0,180,3,Inspection,No,In Progress
SMMS001478,AST006357,Signal,C00016,67.2,Colour Light Signal,Signal failure,Medium,3,3,2,2025-03-28,2025-04-15,77,116,4,Preventive,Yes,Open
SMMS001479,AST006646,Optical Fiber,C00030,76.1,OFC Link,Cable fault,Low,5,2,2,2025-06-18,2025-08-03,0,120,2,Corrective,Yes,In Progress
SMMS001480,AST007464,Point Machine,C00023,37.3,Electric Point Machine,Point machine fault,Low,4,2,1,2025-06-18,2025-07-20,0,218,4,Corrective,No,In Progress
SMMS001481,AST006603,Signal,C00038,204.9,Colour Light Signal,Signal failure,Medium,3,2,2,2025-06-26,2025-07-08,0,142,3,Preventive,No,Scheduled
SMMS001482,AST005973,Signal,C00013,126.1,Colour Light Signal,Signal failure,Low,3,2,2,2025-05-22,2025-06-14,17,121,3,Inspection,Yes,In Progress
SMMS001483,AST005666,Signal,C00087,1.4,Colour Light Signal,Signal lamp/equipment replacement,Low,2,1,1,2025-06-20,2025-07-20,0,37,2,Preventive,No,Open
SMMS001484,AST008259,Optical Fiber,C00015,97.0,OFC Link,Cable fault,Low,3,2,3,2025-06-21,2025-07-30,0,134,2,Inspection,Yes,Open
SMMS001485,AST006297,Level Crossing Signal,C00009,69.4,LC Gate Signal,Signal failure,Critical,4,4,3,2025-06-07,2025-06-11,20,215,3,Preventive,Yes,In Progress
SMMS001486,AST006274,Axle Counter,C00009,19.9,Axle Counter,Axle counter fault,Low,1,2,1,2025-04-22,2025-06-06,25,102,1,Inspection,No,In Progress
SMMS001487,AST007725,Optical Fiber,C00090,32.6,OFC Link,Cable fault,High,2,3,4,2025-05-27,2025-06-02,29,45,2,Corrective,No,Open
SMMS001488,AST005655,Optical Fiber,C00044,52.9,OFC Link,Cable fault,High,3,4,2,2025-06-22,2025-06-30,1,196,4,Corrective,Yes,Deferred
SMMS001489,AST006355,Axle Counter,C00073,36.2,Axle Counter,Axle counter fault,High,4,4,3,2025-05-18,2025-05-26,36,77,3,Corrective,No,In Progress
SMMS001490,AST006244,Relay,C00050,35.5,Relay Interlocking,Relay degradation,Low,1,1,1,2025-06-10,2025-07-15,0,75,2,Corrective,Yes,Deferred
SMMS001491,AST005739,Signal,C00025,154.8,Colour Light Signal,Signal lamp/equipment replacement,Low,1,2,2,2025-06-06,2025-07-08,0,125,3,Corrective,No,In Progress
SMMS001492,AST008471,Interlocking,C00051,13.6,Route Relay Interlocking,Interlocking inspection,Medium,2,3,2,2025-06-07,2025-06-28,3,169,2,Inspection,No,Scheduled
SMMS001493,AST007976,Signal,C00061,6.9,Colour Light Signal,Signal lamp/equipment replacement,High,2,4,4,2025-04-18,2025-04-28,64,109,3,Preventive,Yes,In Progress
SMMS001494,AST006566,Axle Counter,C00010,23.7,Axle Counter,Axle counter fault,Low,2,2,3,2025-06-03,2025-07-01,0,41,2,Preventive,No,Open
SMMS001495,AST008473,Track Circuit,C00095,56.0,Track Circuit,Track circuit fault,Low,3,1,2,2025-05-18,2025-06-26,5,131,4,Corrective,Yes,Open
SMMS001496,AST007866,Relay,C00090,21.2,Relay Interlocking,Relay degradation,Medium,4,3,2,2025-06-04,2025-06-22,0,93,2,Preventive,No,Completed
SMMS001497,AST007199,Optical Fiber,C00043,14.4,OFC Link,Cable fault,Medium,3,1,2,2025-06-20,2025-07-11,0,122,4,Preventive,No,Completed
SMMS001498,AST007418,Level Crossing Signal,C00059,58.2,LC Gate Signal,Signal failure,Low,2,2,1,2025-06-01,2025-07-14,0,110,3,Preventive,No,Deferred
SMMS001499,AST005996,Track Circuit,C00084,293.6,Track Circuit,Track circuit fault,High,3,3,1,2025-04-20,2025-04-27,65,100,5,Preventive,Yes,Scheduled
SMMS001500,AST007217,Interlocking,C00011,215.1,Route Relay Interlocking,Interlocking inspection,Low,2,2,1,2025-06-13,2025-07-28,0,232,4,Inspection,No,Completed
SMMS001501,AST005925,Axle Counter,C00057,2.4,Axle Counter,Axle counter fault,Medium,4,2,2,2025-06-19,2025-07-11,0,134,2,Preventive,No,Open
SMMS001502,AST007585,Axle Counter,C00005,1.8,Axle Counter,Axle counter fault,Critical,4,5,4,2025-06-08,2025-06-11,20,103,3,Corrective,Yes,Open
SMMS001503,AST006880,Track Circuit,C00050,22.2,Track Circuit,Track circuit fault,High,4,1,2,2025-05-26,2025-06-04,27,171,3,Corrective,Yes,Open
SMMS001504,AST007983,Signal,C00010,63.3,Colour Light Signal,Signal failure,High,4,5,3,2025-06-26,2025-07-02,0,98,4,Preventive,Yes,In Progress
SMMS001505,AST007897,Optical Fiber,C00045,147.7,OFC Link,Cable fault,Medium,4,3,2,2025-03-21,2025-04-07,85,185,3,Corrective,Yes,Scheduled
SMMS001506,AST005338,Signal,C00063,11.2,Colour Light Signal,Signal lamp/equipment replacement,Low,1,2,1,2025-06-18,2025-08-03,0,75,3,Corrective,Yes,Open
SMMS001507,AST005837,Optical Fiber,C00013,105.9,OFC Link,Cable fault,Low,3,2,1,2025-06-19,2025-08-04,0,188,5,Inspection,Yes,In Progress
SMMS001508,AST006017,Point Machine,C00090,81.1,Electric Point Machine,Point machine fault,High,3,4,4,2025-06-24,2025-07-03,0,198,3,Preventive,No,Open
SMMS001509,AST006887,Point Machine,C00028,139.1,Electric Point Machine,Point machine fault,Low,3,2,1,2025-06-12,2025-07-24,0,184,3,Corrective,Yes,Completed
SMMS001510,AST007430,Signal,C00087,69.3,Colour Light Signal,Signal failure,High,4,4,1,2025-06-26,2025-07-06,0,96,2,Corrective,No,Open
SMMS001511,AST007048,Track Circuit,C00098,2.8,Track Circuit,Track circuit fault,Low,1,2,1,2025-06-22,2025-08-04,0,117,3,Preventive,No,Scheduled
SMMS001512,AST007379,Relay,C00073,85.4,Relay Interlocking,Relay degradation,High,4,3,2,2025-05-27,2025-06-03,0,109,4,Preventive,No,Completed
SMMS001513,AST006958,Axle Counter,C00032,18.6,Axle Counter,Axle counter fault,Medium,3,1,2,2025-06-18,2025-07-04,0,171,4,Corrective,No,Completed
SMMS001514,AST006472,Level Crossing Signal,C00016,12.6,LC Gate Signal,Signal failure,Critical,5,5,4,2025-06-28,2025-07-01,0,128,3,Corrective,No,Scheduled
SMMS001515,AST006659,Level Crossing Signal,C00031,28.2,LC Gate Signal,Signal failure,Low,2,1,3,2025-05-23,2025-06-24,0,92,2,Inspection,Yes,Completed
SMMS001516,AST007224,Relay,C00091,112.8,Relay Interlocking,Relay degradation,High,3,4,2,2025-04-11,2025-04-18,0,171,3,Preventive,Yes,Completed
SMMS001517,AST005807,Relay,C00009,40.0,Relay Interlocking,Relay degradation,Medium,4,2,1,2025-04-22,2025-05-08,54,55,2,Corrective,No,Open
SMMS001518,AST005507,Track Circuit,C00028,62.6,Track Circuit,Track circuit fault,Low,2,1,2,2025-05-22,2025-06-24,0,68,2,Preventive,No,Completed
SMMS001519,AST007268,Signal,C00067,41.4,Colour Light Signal,Signal lamp/equipment replacement,Medium,4,3,2,2025-06-21,2025-07-11,0,32,2,Corrective,Yes,Open
SMMS001520,AST006052,Telecom Cable,C00005,24.1,Quad Cable,Cable fault,Medium,4,4,1,2025-06-23,2025-07-14,0,135,2,Preventive,Yes,Open
SMMS001521,AST006398,Axle Counter,C00015,47.9,Axle Counter,Axle counter fault,Critical,3,4,5,2025-04-08,2025-04-11,81,104,4,Preventive,No,Scheduled
SMMS001522,AST008035,Telecom Cable,C00062,30.1,Quad Cable,Cable fault,Medium,4,3,2,2025-04-04,2025-04-20,0,153,3,Preventive,No,Completed
SMMS001523,AST006779,Interlocking,C00071,5.3,Route Relay Interlocking,Interlocking inspection,Low,3,1,1,2025-05-28,2025-07-04,0,161,2,Inspection,No,Open
SMMS001524,AST008337,Level Crossing Signal,C00068,77.3,LC Gate Signal,Signal failure,Medium,2,3,2,2025-03-28,2025-04-09,83,70,2,Preventive,Yes,Open
SMMS001525,AST005391,Level Crossing Signal,C00034,16.8,LC Gate Signal,Signal failure,Medium,2,1,2,2025-06-22,2025-07-08,0,112,2,Corrective,Yes,Open
SMMS001526,AST006324,Telecom Cable,C00017,2.7,Quad Cable,Cable fault,Medium,3,4,2,2025-06-19,2025-07-02,0,199,5,Preventive,Yes,Scheduled
SMMS001527,AST008547,Relay,C00059,157.9,Relay Interlocking,Relay degradation,Critical,3,5,4,2025-06-28,2025-07-03,0,108,3,Corrective,Yes,Open
SMMS001528,AST007126,Level Crossing Signal,C00007,188.8,LC Gate Signal,Signal failure,High,4,5,3,2025-06-29,2025-07-08,0,117,4,Corrective,Yes,Scheduled
SMMS001529,AST005969,Signal,C00056,29.0,Colour Light Signal,Signal lamp/equipment replacement,High,2,4,2,2025-06-23,2025-07-04,0,105,4,Preventive,Yes,Open
SMMS001530,AST007701,Axle Counter,C00006,9.4,Axle Counter,Axle counter fault,Low,2,1,1,2025-04-08,2025-05-26,0,46,1,Inspection,No,Completed
SMMS001531,AST006753,Optical Fiber,C00012,115.7,OFC Link,Cable fault,Medium,4,2,3,2025-06-15,2025-07-06,0,165,4,Preventive,Yes,In Progress
SMMS001532,AST006494,Point Machine,C00015,81.9,Electric Point Machine,Point machine fault,Low,3,1,3,2025-05-25,2025-06-21,10,150,3,Inspection,Yes,Open
SMMS001533,AST008067,Track Circuit,C00091,62.8,Track Circuit,Track circuit fault,Medium,2,2,1,2025-06-05,2025-06-26,5,148,3,Corrective,No,Open
SMMS001534,AST007856,Relay,C00042,24.5,Relay Interlocking,Relay degradation,Medium,2,2,2,2025-06-05,2025-06-22,9,34,1,Preventive,No,Open
SMMS001535,AST005535,Optical Fiber,C00026,394.6,OFC Link,Cable fault,Low,5,1,3,2025-06-21,2025-07-24,0,115,4,Corrective,Yes,Open
SMMS001536,AST008590,Relay,C00066,50.0,Relay Interlocking,Relay degradation,Low,2,2,1,2025-06-24,2025-07-30,0,48,3,Inspection,Yes,Open
SMMS001537,AST008316,Signal,C00068,32.7,Colour Light Signal,Signal lamp/equipment replacement,Medium,3,3,2,2025-04-23,2025-05-11,51,100,2,Preventive,No,In Progress
SMMS001538,AST005348,Track Circuit,C00067,15.9,Track Circuit,Track circuit fault,Critical,3,4,2,2025-05-25,2025-05-27,0,170,3,Corrective,No,Completed
SMMS001539,AST006053,Optical Fiber,C00095,8.1,OFC Link,Cable fault,Low,3,2,2,2025-06-19,2025-07-18,0,165,3,Inspection,Yes,In Progress
SMMS001540,AST007919,Telecom Cable,C00061,8.2,Quad Cable,Cable fault,Low,2,1,2,2025-06-05,2025-07-18,0,186,4,Preventive,Yes,Scheduled
SMMS001541,AST007887,Telecom Cable,C00073,41.1,Quad Cable,Cable fault,Medium,3,3,1,2025-06-30,2025-07-17,0,208,3,Preventive,Yes,Open
SMMS001542,AST008069,Axle Counter,C00090,13.3,Axle Counter,Axle counter fault,Low,1,1,3,2025-06-24,2025-08-08,0,146,4,Inspection,No,Scheduled
SMMS001543,AST007622,Axle Counter,C00062,54.6,Axle Counter,Axle counter fault,Low,2,2,2,2025-06-27,2025-07-25,0,187,4,Corrective,No,In Progress
SMMS001544,AST007198,Interlocking,C00049,44.7,Route Relay Interlocking,Interlocking inspection,Low,2,2,2,2025-04-21,2025-06-08,23,131,2,Inspection,No,In Progress
SMMS001545,AST006890,Track Circuit,C00056,11.8,Track Circuit,Track circuit fault,Medium,2,3,3,2025-04-01,2025-04-14,78,185,3,Preventive,No,In Progress
SMMS001546,AST008039,Track Circuit,C00062,47.5,Track Circuit,Track circuit fault,High,2,2,3,2025-05-17,2025-05-25,37,120,4,Corrective,No,Scheduled
SMMS001547,AST008509,Optical Fiber,C00068,74.4,OFC Link,Cable fault,High,3,3,3,2025-06-13,2025-06-22,9,142,1,Preventive,Yes,In Progress
SMMS001548,AST005401,Level Crossing Signal,C00021,106.2,LC Gate Signal,Signal failure,Critical,4,5,3,2025-06-26,2025-06-29,2,80,2,Corrective,No,Open
SMMS001549,AST006943,Telecom Cable,C00084,25.6,Quad Cable,Cable fault,High,4,3,3,2025-06-26,2025-07-04,0,143,4,Preventive,Yes,Open
SMMS001550,AST008304,Axle Counter,C00020,87.3,Axle Counter,Axle counter fault,Medium,2,3,3,2025-04-02,2025-04-14,78,46,2,Corrective,No,Open
SMMS001551,AST007057,Signal,C00025,195.6,Colour Light Signal,Signal failure,High,4,3,1,2025-06-20,2025-06-26,0,233,2,Preventive,Yes,Completed
SMMS001552,AST007496,Point Machine,C00050,58.5,Electric Point Machine,Point machine fault,High,2,3,2,2025-06-23,2025-07-04,0,153,2,Preventive,Yes,Scheduled
SMMS001553,AST006837,Relay,C00075,128.7,Relay Interlocking,Relay degradation,Low,1,2,2,2025-04-12,2025-05-19,43,41,4,Inspection,No,Open
SMMS001554,AST005957,Optical Fiber,C00081,8.2,OFC Link,Cable fault,High,3,4,1,2025-05-30,2025-06-05,0,189,4,Corrective,No,Completed
SMMS001555,AST007934,Level Crossing Signal,C00091,133.2,LC Gate Signal,Signal failure,Medium,4,3,2,2025-06-07,2025-06-28,3,116,3,Corrective,No,Open
SMMS001556,AST007879,Signal,C00044,0.1,Colour Light Signal,Signal failure,Low,3,1,2,2025-05-23,2025-07-04,0,137,3,Inspection,No,Scheduled
SMMS001557,AST007341,Point Machine,C00052,130.4,Electric Point Machine,Point machine fault,High,2,2,4,2025-03-10,2025-03-19,104,150,4,Preventive,Yes,Open
SMMS001558,AST007728,Relay,C00011,68.4,Relay Interlocking,Relay degradation,Medium,4,3,2,2025-05-15,2025-06-03,0,109,4,Corrective,No,Completed
SMMS001559,AST007309,Axle Counter,C00029,62.6,Axle Counter,Axle counter fault,Low,4,2,2,2025-06-27,2025-07-20,0,102,3,Corrective,No,In Progress
SMMS001560,AST007996,Interlocking,C00010,36.0,Route Relay Interlocking,Interlocking inspection,Low,2,2,2,2025-03-15,2025-04-05,87,238,4,Inspection,Yes,Open
SMMS001561,AST006752,Interlocking,C00051,32.4,Route Relay Interlocking,Interlocking inspection,Critical,3,5,2,2025-06-30,2025-07-05,0,257,4,Inspection,No,Open
SMMS001562,AST005509,Signal,C00096,133.2,Colour Light Signal,Signal failure,Low,3,2,2,2025-06-22,2025-07-26,0,162,4,Corrective,Yes,Open
SMMS001563,AST005630,Telecom Cable,C00052,199.3,Quad Cable,Cable fault,Low,4,2,1,2025-04-14,2025-05-25,37,176,3,Corrective,Yes,Scheduled
SMMS001564,AST006495,Signal,C00036,54.0,Colour Light Signal,Signal lamp/equipment replacement,Medium,3,3,3,2025-05-02,2025-05-23,0,92,1,Corrective,Yes,Completed
SMMS001565,AST006936,Point Machine,C00036,5.2,Electric Point Machine,Point machine fault,Low,1,1,2,2025-05-31,2025-07-13,0,187,3,Preventive,No,Completed
SMMS001566,AST006994,Track Circuit,C00050,17.1,Track Circuit,Track circuit fault,Low,2,2,1,2025-06-18,2025-07-18,0,55,2,Preventive,Yes,Completed
SMMS001567,AST005607,Optical Fiber,C00042,56.8,OFC Link,Cable fault,High,3,4,4,2025-03-07,2025-03-16,107,148,4,Corrective,No,Scheduled
SMMS001568,AST007130,Level Crossing Signal,C00087,116.8,LC Gate Signal,Signal failure,Medium,3,2,1,2025-06-23,2025-07-06,0,98,2,Preventive,Yes,Completed
SMMS001569,AST008572,Axle Counter,C00015,120.7,Axle Counter,Axle counter fault,High,5,4,3,2025-06-20,2025-06-28,0,92,3,Corrective,Yes,Completed
SMMS001570,AST008629,Signal,C00090,18.4,Colour Light Signal,Signal failure,Low,3,1,2,2025-04-18,2025-05-18,44,65,3,Inspection,No,Open
SMMS001571,AST006739,Point Machine,C00092,52.2,Electric Point Machine,Point machine fault,Critical,5,5,4,2025-06-07,2025-06-09,22,147,3,Preventive,No,In Progress
SMMS001572,AST007978,Track Circuit,C00090,58.9,Track Circuit,Track circuit fault,Low,1,1,2,2025-04-18,2025-05-14,48,74,2,Corrective,Yes,Open
SMMS001573,AST006307,Telecom Cable,C00067,27.2,Quad Cable,Cable fault,Medium,1,3,2,2025-06-27,2025-07-15,0,215,2,Preventive,No,Open
SMMS001574,AST008145,Axle Counter,C00090,53.1,Axle Counter,Axle counter fault,Low,3,3,3,2025-06-28,2025-08-02,0,113,3,Inspection,Yes,Open
SMMS001575,AST007475,Signal,C00077,22.5,Colour Light Signal,Signal lamp/equipment replacement,Low,3,1,2,2025-06-15,2025-07-23,0,74,3,Preventive,No,Open
SMMS001576,AST007159,Level Crossing Signal,C00042,66.1,LC Gate Signal,Signal failure,Critical,3,5,4,2025-06-07,2025-06-10,21,108,3,Preventive,No,Open
SMMS001577,AST007797,Track Circuit,C00100,0.9,Track Circuit,Track circuit fault,Low,3,1,1,2025-06-30,2025-08-01,0,77,2,Corrective,No,In Progress
SMMS001578,AST007139,Point Machine,C00100,1.8,Electric Point Machine,Point machine fault,Low,2,2,2,2025-06-30,2025-08-04,0,121,2,Inspection,No,Scheduled
SMMS001579,AST006957,Level Crossing Signal,C00067,45.1,LC Gate Signal,Signal failure,Medium,3,3,1,2025-03-30,2025-04-19,0,141,4,Corrective,No,Completed
SMMS001580,AST008059,Relay,C00059,187.7,Relay Interlocking,Relay degradation,Medium,3,4,1,2025-05-24,2025-06-08,0,69,2,Corrective,Yes,Completed
SMMS001581,AST006940,Telecom Cable,C00038,107.2,Quad Cable,Cable fault,Critical,2,5,4,2025-03-14,2025-03-17,106,222,4,Corrective,No,Open
SMMS001582,AST008174,Level Crossing Signal,C00091,156.0,LC Gate Signal,Signal failure,Medium,2,2,2,2025-06-23,2025-07-09,0,105,3,Preventive,Yes,In Progress
SMMS001583,AST007253,Optical Fiber,C00038,156.2,OFC Link,Cable fault,Medium,3,2,2,2025-06-08,2025-07-02,0,144,5,Corrective,Yes,Scheduled
SMMS001584,AST005919,Relay,C00070,26.7,Relay Interlocking,Relay degradation,Critical,3,4,4,2025-06-29,2025-07-02,0,60,3,Preventive,Yes,Open
SMMS001585,AST006200,Telecom Cable,C00003,43.1,Quad Cable,Cable fault,Medium,3,2,2,2025-04-18,2025-05-03,59,162,4,Preventive,Yes,Open
SMMS001586,AST006885,Relay,C00063,139.3,Relay Interlocking,Relay degradation,Medium,4,2,1,2025-06-14,2025-06-25,6,118,4,Preventive,No,Open
SMMS001587,AST005442,Signal,C00079,27.1,Colour Light Signal,Signal failure,Low,2,1,1,2025-05-29,2025-06-29,2,94,2,Inspection,No,Scheduled
SMMS001588,AST005833,Level Crossing Signal,C00086,28.0,LC Gate Signal,Signal failure,Critical,4,4,3,2025-06-27,2025-06-30,0,127,3,Preventive,Yes,Completed
SMMS001589,AST006795,Track Circuit,C00084,258.0,Track Circuit,Track circuit fault,Medium,1,3,2,2025-06-22,2025-07-11,0,176,3,Corrective,Yes,Open
SMMS001590,AST005468,Interlocking,C00080,9.1,Route Relay Interlocking,Interlocking inspection,Low,2,1,2,2025-06-14,2025-07-29,0,228,3,Inspection,Yes,Scheduled
SMMS001591,AST007615,Point Machine,C00057,54.4,Electric Point Machine,Point machine fault,Low,2,1,2,2025-05-18,2025-06-19,12,166,4,Preventive,No,Open
SMMS001592,AST008121,Level Crossing Signal,C00078,81.7,LC Gate Signal,Signal failure,Medium,1,2,2,2025-05-22,2025-06-08,0,95,4,Preventive,No,Completed
SMMS001593,AST005667,Interlocking,C00095,95.9,Route Relay Interlocking,Interlocking inspection,High,3,4,3,2025-06-17,2025-06-22,9,171,3,Inspection,No,In Progress
SMMS001594,AST008469,Telecom Cable,C00081,70.9,Quad Cable,Cable fault,High,4,2,3,2025-05-28,2025-06-03,28,132,2,Preventive,No,Scheduled
SMMS001595,AST005560,Point Machine,C00038,57.9,Electric Point Machine,Point machine fault,Medium,4,2,2,2025-06-18,2025-07-01,0,134,2,Preventive,Yes,Completed
SMMS001596,AST005492,Signal,C00079,54.0,Colour Light Signal,Signal lamp/equipment replacement,Critical,2,5,1,2025-06-12,2025-06-16,15,64,2,Corrective,No,Open
SMMS001597,AST008234,Level Crossing Signal,C00092,72.9,LC Gate Signal,Signal failure,Medium,2,3,2,2025-04-25,2025-05-15,47,181,2,Preventive,Yes,Open
SMMS001598,AST005431,Telecom Cable,C00068,62.4,Quad Cable,Cable fault,Medium,2,3,2,2025-06-21,2025-07-07,0,141,3,Preventive,No,Open
SMMS001599,AST008511,Interlocking,C00062,9.8,Route Relay Interlocking,Interlocking inspection,Medium,3,3,4,2025-06-27,2025-07-18,0,116,3,Inspection,Yes,Completed
SMMS001600,AST008038,Telecom Cable,C00077,9.8,Quad Cable,Cable fault,Low,5,1,2,2025-06-21,2025-07-29,0,102,3,Preventive,Yes,Scheduled
SMMS001601,AST007984,Point Machine,C00059,92.3,Electric Point Machine,Point machine fault,Medium,3,3,4,2025-05-25,2025-06-09,22,153,5,Preventive,No,In Progress
SMMS001602,AST005619,Level Crossing Signal,C00015,18.3,LC Gate Signal,Signal failure,Medium,3,3,2,2025-06-08,2025-06-21,0,69,4,Corrective,No,Completed
SMMS001603,AST008084,Level Crossing Signal,C00011,16.4,LC Gate Signal,Signal failure,Medium,4,3,2,2025-06-20,2025-07-11,0,168,5,Preventive,Yes,In Progress
SMMS001604,AST005813,Interlocking,C00079,37.9,Route Relay Interlocking,Interlocking inspection,Medium,3,3,3,2025-05-23,2025-06-15,16,193,3,Inspection,Yes,Scheduled
SMMS001605,AST005695,Track Circuit,C00033,68.9,Track Circuit,Track circuit fault,Medium,1,3,4,2025-06-24,2025-07-13,0,155,3,Preventive,Yes,Open
SMMS001606,AST006486,Point Machine,C00054,33.4,Electric Point Machine,Point machine fault,Low,3,2,1,2025-06-23,2025-08-11,0,160,3,Inspection,Yes,Open
SMMS001607,AST007983,Signal,C00010,63.3,Colour Light Signal,Signal failure,Medium,1,4,3,2025-06-26,2025-07-12,0,93,3,Corrective,Yes,Scheduled
SMMS001608,AST005518,Telecom Cable,C00056,8.7,Quad Cable,Cable fault,Low,3,2,1,2025-06-29,2025-07-31,0,115,3,Preventive,No,Completed
SMMS001609,AST006184,Track Circuit,C00060,28.3,Track Circuit,Track circuit fault,Critical,3,5,4,2025-06-30,2025-07-04,0,158,3,Corrective,No,Open
SMMS001610,AST005632,Relay,C00069,63.8,Relay Interlocking,Relay degradation,Low,4,2,1,2025-06-19,2025-07-17,0,105,4,Inspection,No,Open
SMMS001611,AST005325,Interlocking,C00025,143.6,Route Relay Interlocking,Interlocking inspection,High,3,5,3,2025-05-27,2025-06-01,30,230,5,Inspection,Yes,Open
SMMS001612,AST007996,Interlocking,C00010,36.0,Route Relay Interlocking,Interlocking inspection,High,3,2,2,2025-04-11,2025-04-20,72,206,3,Inspection,No,Scheduled
SMMS001613,AST008510,Level Crossing Signal,C00015,83.3,LC Gate Signal,Signal failure,Medium,2,2,1,2025-06-14,2025-06-25,6,117,4,Preventive,Yes,Open
SMMS001614,AST007181,Axle Counter,C00001,342.5,Axle Counter,Axle counter fault,Low,3,2,1,2025-05-27,2025-06-28,3,62,2,Inspection,No,Open
SMMS001615,AST005868,Point Machine,C00011,220.1,Electric Point Machine,Point machine fault,Medium,3,2,1,2025-03-26,2025-04-16,0,110,4,Preventive,Yes,Completed
SMMS001616,AST005953,Telecom Cable,C00016,20.3,Quad Cable,Cable fault,Low,2,2,2,2025-06-26,2025-07-22,0,206,4,Preventive,Yes,Completed
SMMS001617,AST007688,Telecom Cable,C00072,62.5,Quad Cable,Cable fault,Medium,4,2,1,2025-05-06,2025-05-20,0,228,4,Preventive,Yes,Completed
SMMS001618,AST007782,Telecom Cable,C00068,118.5,Quad Cable,Cable fault,High,4,3,2,2025-06-05,2025-06-14,17,183,4,Corrective,No,In Progress
SMMS001619,AST008210,Point Machine,C00009,1.3,Electric Point Machine,Point machine fault,Low,1,1,1,2025-05-27,2025-06-21,10,151,2,Inspection,No,Open
SMMS001620,AST008497,Interlocking,C00060,16.6,Route Relay Interlocking,Interlocking inspection,Low,3,2,2,2025-05-06,2025-06-05,26,225,5,Inspection,Yes,Open
SMMS001621,AST007096,Axle Counter,C00085,151.4,Axle Counter,Axle counter fault,Low,2,1,1,2025-05-19,2025-07-04,0,110,3,Preventive,No,Completed
SMMS001622,AST005635,Point Machine,C00047,17.2,Electric Point Machine,Point machine fault,High,4,4,2,2025-03-10,2025-03-17,106,158,1,Preventive,Yes,In Progress
SMMS001623,AST007984,Point Machine,C00059,92.3,Electric Point Machine,Point machine fault,Critical,5,4,5,2025-06-25,2025-06-28,3,124,4,Preventive,Yes,In Progress
SMMS001624,AST006617,Level Crossing Signal,C00024,66.2,LC Gate Signal,Signal failure,Low,3,3,3,2025-04-08,2025-05-15,47,132,3,Corrective,No,Scheduled
SMMS001625,AST006165,Signal,C00060,2.4,Colour Light Signal,Signal lamp/equipment replacement,High,4,4,2,2025-03-22,2025-03-31,92,121,2,Corrective,Yes,Open
SMMS001626,AST007033,Track Circuit,C00017,2.7,Track Circuit,Track circuit fault,Critical,5,4,2,2025-04-18,2025-04-20,0,177,4,Preventive,Yes,Completed
SMMS001627,AST005758,Level Crossing Signal,C00040,58.3,LC Gate Signal,Signal failure,Low,2,2,3,2025-06-17,2025-07-29,0,146,3,Inspection,Yes,Open
SMMS001628,AST005621,Interlocking,C00024,4.7,Route Relay Interlocking,Interlocking inspection,Medium,3,2,1,2025-06-28,2025-07-15,0,255,3,Inspection,Yes,Scheduled
SMMS001629,AST008222,Interlocking,C00034,17.2,Route Relay Interlocking,Interlocking inspection,Medium,3,2,2,2025-05-18,2025-05-31,0,120,3,Inspection,Yes,Completed
SMMS001630,AST007468,Optical Fiber,C00081,73.7,OFC Link,Cable fault,Medium,4,3,2,2025-06-06,2025-06-19,12,143,4,Preventive,Yes,In Progress
SMMS001631,AST007130,Level Crossing Signal,C00087,116.8,LC Gate Signal,Signal failure,Low,3,2,1,2025-06-22,2025-07-12,0,57,3,Inspection,Yes,Deferred
SMMS001632,AST006790,Interlocking,C00061,42.8,Route Relay Interlocking,Interlocking inspection,Medium,2,2,3,2025-06-18,2025-07-05,0,168,3,Inspection,No,Open
SMMS001633,AST006489,Interlocking,C00050,58.2,Route Relay Interlocking,Interlocking inspection,Low,3,3,1,2025-06-27,2025-08-04,0,251,4,Inspection,Yes,Open
SMMS001634,AST006075,Signal,C00019,82.0,Colour Light Signal,Signal lamp/equipment replacement,Low,3,1,2,2025-06-08,2025-07-04,0,72,2,Inspection,No,Open
SMMS001635,AST006470,Relay,C00092,76.2,Relay Interlocking,Relay degradation,Low,1,1,2,2025-03-20,2025-05-03,59,32,2,Inspection,Yes,Open
SMMS001636,AST006414,Level Crossing Signal,C00010,28.0,LC Gate Signal,Signal failure,High,5,3,1,2025-05-26,2025-06-05,26,91,3,Corrective,No,Open
SMMS001637,AST006982,Track Circuit,C00035,19.4,Track Circuit,Track circuit fault,Low,3,1,1,2025-06-28,2025-07-27,0,167,3,Corrective,Yes,In Progress
SMMS001638,AST006738,Relay,C00009,69.8,Relay Interlocking,Relay degradation,Low,2,3,2,2025-06-07,2025-07-18,0,79,3,Preventive,Yes,Open
SMMS001639,AST008212,Point Machine,C00080,55.5,Electric Point Machine,Point machine fault,Low,2,3,2,2025-05-17,2025-06-08,23,226,3,Preventive,Yes,Open
SMMS001640,AST008385,Point Machine,C00061,61.9,Electric Point Machine,Point machine fault,Low,2,2,2,2025-06-16,2025-07-14,0,145,4,Preventive,No,Completed
SMMS001641,AST006797,Axle Counter,C00029,4.4,Axle Counter,Axle counter fault,Medium,3,2,2,2025-06-12,2025-06-30,1,88,3,Preventive,No,Deferred
SMMS001642,AST006755,Point Machine,C00071,19.9,Electric Point Machine,Point machine fault,Low,2,2,2,2025-05-17,2025-06-20,0,90,1,Inspection,Yes,Completed
SMMS001643,AST007535,Track Circuit,C00051,33.2,Track Circuit,Track circuit fault,Medium,2,3,2,2025-05-30,2025-06-12,19,80,2,Corrective,Yes,Scheduled
SMMS001644,AST008317,Interlocking,C00014,96.7,Route Relay Interlocking,Interlocking inspection,Low,1,1,2,2025-06-10,2025-07-11,0,269,2,Inspection,Yes,Completed
SMMS001645,AST005284,Track Circuit,C00029,17.6,Track Circuit,Track circuit fault,Low,3,2,1,2025-06-29,2025-07-27,0,149,2,Preventive,Yes,Completed
SMMS001646,AST006796,Optical Fiber,C00059,56.2,OFC Link,Cable fault,Critical,3,4,3,2025-06-02,2025-06-05,26,290,5,Corrective,No,Scheduled
SMMS001647,AST008149,Relay,C00087,33.0,Relay Interlocking,Relay degradation,Critical,4,4,3,2025-06-30,2025-07-01,0,77,3,Corrective,Yes,Deferred
SMMS001648,AST008361,Relay,C00087,48.0,Relay Interlocking,Relay degradation,High,3,5,2,2025-04-08,2025-04-15,77,216,4,Preventive,No,Scheduled
SMMS001649,AST008212,Point Machine,C00080,55.5,Electric Point Machine,Point machine fault,High,2,4,4,2025-06-02,2025-06-11,20,179,3,Corrective,No,Open
SMMS001650,AST005327,Track Circuit,C00016,72.9,Track Circuit,Track circuit fault,Low,2,1,2,2025-04-14,2025-05-20,42,104,3,Preventive,Yes,Scheduled
SMMS001651,AST007581,Track Circuit,C00077,7.1,Track Circuit,Track circuit fault,Medium,2,2,2,2025-06-17,2025-07-06,0,120,4,Corrective,Yes,Completed
SMMS001652,AST007398,Optical Fiber,C00045,41.8,OFC Link,Cable fault,Medium,2,3,2,2025-06-30,2025-07-14,0,125,3,Preventive,No,Scheduled
SMMS001653,AST008429,Point Machine,C00021,138.2,Electric Point Machine,Point machine fault,High,4,3,2,2025-06-01,2025-06-07,24,140,2,Corrective,Yes,Scheduled
SMMS001654,AST005289,Relay,C00003,40.3,Relay Interlocking,Relay degradation,Critical,4,4,3,2025-06-28,2025-07-02,0,117,2,Corrective,Yes,In Progress
SMMS001655,AST007298,Point Machine,C00049,43.1,Electric Point Machine,Point machine fault,High,4,3,2,2025-06-21,2025-06-28,3,166,4,Corrective,Yes,In Progress
SMMS001656,AST006304,Relay,C00042,51.3,Relay Interlocking,Relay degradation,Low,1,1,2,2025-05-19,2025-06-17,14,83,3,Preventive,No,Scheduled
SMMS001657,AST007898,Signal,C00020,56.7,Colour Light Signal,Signal lamp/equipment replacement,Critical,4,5,3,2025-04-26,2025-04-29,0,71,3,Corrective,Yes,Completed
SMMS001658,AST006368,Signal,C00017,1.0,Colour Light Signal,Signal lamp/equipment replacement,Medium,2,2,2,2025-06-21,2025-07-08,0,140,4,Preventive,Yes,Deferred
SMMS001659,AST008532,Level Crossing Signal,C00096,106.0,LC Gate Signal,Signal failure,Low,2,2,2,2025-06-15,2025-07-15,0,91,2,Preventive,No,In Progress
SMMS001660,AST007463,Relay,C00073,88.4,Relay Interlocking,Relay degradation,Critical,5,5,5,2025-06-28,2025-07-02,0,133,4,Corrective,No,In Progress
SMMS001661,AST006110,Track Circuit,C00051,49.8,Track Circuit,Track circuit fault,Low,2,1,1,2025-06-15,2025-07-16,0,136,3,Inspection,No,Open
SMMS001662,AST006044,Interlocking,C00064,165.2,Route Relay Interlocking,Interlocking inspection,Medium,4,3,2,2025-06-22,2025-07-16,0,236,5,Inspection,Yes,Completed
SMMS001663,AST008519,Signal,C00037,31.9,Colour Light Signal,Signal failure,High,4,4,5,2025-06-16,2025-06-25,6,140,5,Preventive,No,Open
SMMS001664,AST007338,Optical Fiber,C00081,6.6,OFC Link,Cable fault,Low,4,3,3,2025-04-15,2025-05-12,50,99,3,Corrective,Yes,Open
SMMS001665,AST006430,Relay,C00008,123.0,Relay Interlocking,Relay degradation,Medium,3,2,2,2025-06-02,2025-06-13,18,101,4,Corrective,No,In Progress
SMMS001666,AST007158,Interlocking,C00016,40.3,Route Relay Interlocking,Interlocking inspection,Medium,3,2,1,2025-06-21,2025-07-11,0,173,5,Inspection,Yes,Scheduled
SMMS001667,AST007022,Relay,C00069,240.0,Relay Interlocking,Relay degradation,Low,3,2,1,2025-06-23,2025-07-30,0,125,2,Corrective,No,In Progress
SMMS001668,AST007601,Relay,C00064,106.4,Relay Interlocking,Relay degradation,Low,2,2,2,2025-06-29,2025-08-08,0,76,4,Corrective,Yes,In Progress
SMMS001669,AST008476,Optical Fiber,C00082,126.5,OFC Link,Cable fault,Medium,4,2,1,2025-05-24,2025-06-06,25,168,3,Preventive,Yes,Open
SMMS001670,AST008506,Optical Fiber,C00060,9.8,OFC Link,Cable fault,Medium,2,4,1,2025-06-13,2025-06-28,0,119,3,Preventive,Yes,Completed
SMMS001671,AST008037,Level Crossing Signal,C00010,75.6,LC Gate Signal,Signal failure,Critical,4,4,2,2025-05-27,2025-05-30,32,155,3,Corrective,No,In Progress
SMMS001672,AST007642,Relay,C00054,13.7,Relay Interlocking,Relay degradation,Low,2,1,3,2025-06-23,2025-07-25,0,117,2,Inspection,No,In Progress
SMMS001673,AST005658,Telecom Cable,C00092,51.7,Quad Cable,Cable fault,Low,3,2,1,2025-05-17,2025-06-23,8,209,4,Corrective,Yes,Open
SMMS001674,AST008270,Telecom Cable,C00092,35.6,Quad Cable,Cable fault,Low,2,1,2,2025-06-21,2025-08-04,0,159,5,Inspection,No,Scheduled
SMMS001675,AST006225,Signal,C00008,41.8,Colour Light Signal,Signal failure,Low,2,2,1,2025-06-13,2025-07-19,0,45,2,Preventive,No,Open
SMMS001676,AST007562,Level Crossing Signal,C00035,39.5,LC Gate Signal,Signal failure,Low,3,2,1,2025-05-17,2025-06-23,8,163,3,Corrective,Yes,Open
SMMS001677,AST006823,Axle Counter,C00050,51.4,Axle Counter,Axle counter fault,Low,3,1,2,2025-06-08,2025-07-25,0,104,2,Preventive,Yes,Scheduled
SMMS001678,AST008265,Signal,C00004,121.2,Colour Light Signal,Signal failure,Low,3,2,1,2025-06-21,2025-07-31,0,132,3,Inspection,No,Deferred
SMMS001679,AST006552,Telecom Cable,C00084,3.3,Quad Cable,Cable fault,Low,3,2,2,2025-05-21,2025-07-08,0,190,4,Corrective,No,In Progress
SMMS001680,AST007172,Level Crossing Signal,C00031,61.4,LC Gate Signal,Signal failure,High,3,4,3,2025-06-09,2025-06-21,10,141,4,Corrective,Yes,Open
SMMS001681,AST005396,Optical Fiber,C00060,32.8,OFC Link,Cable fault,Medium,4,3,2,2025-06-23,2025-07-10,0,157,4,Corrective,Yes,Open
SMMS001682,AST007928,Axle Counter,C00065,42.6,Axle Counter,Axle counter fault,High,3,4,2,2025-06-29,2025-07-09,0,117,3,Corrective,Yes,Completed
SMMS001683,AST005607,Optical Fiber,C00042,56.8,OFC Link,Cable fault,High,4,2,2,2025-03-04,2025-03-11,112,74,5,Preventive,No,Open
SMMS001684,AST006787,Relay,C00069,43.9,Relay Interlocking,Relay degradation,Low,1,1,2,2025-06-01,2025-07-07,0,110,2,Preventive,Yes,Scheduled
SMMS001685,AST005800,Telecom Cable,C00027,11.6,Quad Cable,Cable fault,High,3,4,2,2025-05-21,2025-05-30,32,155,3,Corrective,No,In Progress
SMMS001686,AST008529,Optical Fiber,C00015,61.1,OFC Link,Cable fault,Low,4,1,1,2025-06-06,2025-07-18,0,177,3,Preventive,Yes,Completed
SMMS001687,AST006817,Axle Counter,C00013,63.3,Axle Counter,Axle counter fault,Low,2,1,2,2025-06-21,2025-08-09,0,88,4,Inspection,Yes,Deferred
SMMS001688,AST006871,Optical Fiber,C00098,2.5,OFC Link,Cable fault,Medium,3,2,2,2025-05-10,2025-05-23,39,181,4,Preventive,No,Scheduled
SMMS001689,AST006381,Telecom Cable,C00042,34.6,Quad Cable,Cable fault,High,3,4,2,2025-05-18,2025-05-28,34,217,4,Preventive,No,Open
SMMS001690,AST008533,Relay,C00035,84.0,Relay Interlocking,Relay degradation,High,2,4,1,2025-06-15,2025-06-22,9,62,2,Corrective,Yes,Open
SMMS001691,AST006306,Level Crossing Signal,C00069,100.4,LC Gate Signal,Signal failure,Low,2,2,1,2025-06-20,2025-08-03,0,131,3,Preventive,No,Open
SMMS001692,AST005582,Optical Fiber,C00029,32.4,OFC Link,Cable fault,Medium,3,2,2,2025-05-09,2025-05-22,0,161,4,Preventive,Yes,Completed
SMMS001693,AST008638,Point Machine,C00054,23.0,Electric Point Machine,Point machine fault,High,3,4,3,2025-06-19,2025-06-27,4,192,4,Preventive,No,Open
SMMS001694,AST007684,Telecom Cable,C00090,10.0,Quad Cable,Cable fault,Critical,4,5,4,2025-04-21,2025-04-25,67,167,3,Corrective,Yes,Open
SMMS001695,AST008502,Signal,C00043,1.2,Colour Light Signal,Signal failure,Medium,4,3,1,2025-06-15,2025-07-02,0,101,4,Corrective,Yes,Open
SMMS001696,AST007728,Relay,C00011,68.4,Relay Interlocking,Relay degradation,Low,3,1,1,2025-06-16,2025-07-18,0,122,2,Inspection,No,Completed
SMMS001697,AST007249,Interlocking,C00090,90.8,Route Relay Interlocking,Interlocking inspection,Critical,4,4,3,2025-06-30,2025-07-03,0,215,2,Inspection,Yes,Completed
SMMS001698,AST006761,Optical Fiber,C00084,97.2,OFC Link,Cable fault,Critical,3,5,3,2025-06-22,2025-06-27,4,141,2,Preventive,Yes,Scheduled
SMMS001699,AST006337,Point Machine,C00088,23.4,Electric Point Machine,Point machine fault,Medium,3,3,1,2025-03-04,2025-03-19,104,169,4,Preventive,No,Open
SMMS001700,AST006954,Optical Fiber,C00077,18.9,OFC Link,Cable fault,Low,2,3,2,2025-04-26,2025-05-26,36,155,5,Preventive,Yes,Scheduled
SMMS001701,AST008407,Relay,C00097,25.7,Relay Interlocking,Relay degradation,Medium,3,2,1,2025-06-27,2025-07-19,0,94,3,Corrective,Yes,Open
SMMS001702,AST005908,Level Crossing Signal,C00090,41.7,LC Gate Signal,Signal failure,Low,2,2,2,2025-05-23,2025-07-10,0,80,3,Inspection,No,Scheduled
SMMS001703,AST006898,Axle Counter,C00005,74.5,Axle Counter,Axle counter fault,Low,2,3,2,2025-06-19,2025-07-22,0,79,4,Corrective,Yes,Open
SMMS001704,AST005935,Relay,C00040,85.3,Relay Interlocking,Relay degradation,High,3,4,3,2025-06-26,2025-07-05,0,98,2,Preventive,No,Open
SMMS001705,AST008232,Signal,C00067,84.2,Colour Light Signal,Signal lamp/equipment replacement,Critical,3,3,3,2025-06-05,2025-06-08,23,139,3,Corrective,No,In Progress
SMMS001706,AST006602,Axle Counter,C00014,83.8,Axle Counter,Axle counter fault,Medium,2,2,2,2025-06-11,2025-06-27,4,135,4,Corrective,No,Deferred
SMMS001707,AST008473,Track Circuit,C00095,56.0,Track Circuit,Track circuit fault,Low,2,2,1,2025-03-26,2025-04-27,65,138,4,Preventive,No,Open
SMMS001708,AST007443,Relay,C00076,29.6,Relay Interlocking,Relay degradation,Low,2,2,2,2025-05-21,2025-06-19,12,133,3,Corrective,No,Deferred
SMMS001709,AST005947,Optical Fiber,C00009,60.5,OFC Link,Cable fault,Medium,2,3,2,2025-06-30,2025-07-21,0,201,5,Corrective,Yes,Scheduled
SMMS001710,AST006334,Telecom Cable,C00095,12.3,Quad Cable,Cable fault,High,4,5,4,2025-03-16,2025-03-23,100,167,4,Corrective,No,Open
SMMS001711,AST007590,Interlocking,C00069,219.6,Route Relay Interlocking,Interlocking inspection,Low,3,3,1,2025-06-20,2025-07-26,0,212,3,Inspection,Yes,Open
SMMS001712,AST006367,Relay,C00092,96.0,Relay Interlocking,Relay degradation,Low,4,2,2,2025-06-10,2025-07-20,0,60,2,Preventive,No,Open
SMMS001713,AST006568,Point Machine,C00076,25.4,Electric Point Machine,Point machine fault,High,3,4,4,2025-06-21,2025-06-27,0,165,3,Corrective,Yes,Completed
SMMS001714,AST006319,Optical Fiber,C00082,138.0,OFC Link,Cable fault,Low,3,1,2,2025-04-18,2025-05-09,53,109,2,Corrective,No,Scheduled
SMMS001715,AST006245,Axle Counter,C00096,81.4,Axle Counter,Axle counter fault,Low,2,2,2,2025-06-16,2025-07-09,0,135,1,Inspection,No,In Progress
SMMS001716,AST006626,Level Crossing Signal,C00072,89.1,LC Gate Signal,Signal failure,High,4,4,1,2025-06-26,2025-07-04,0,79,1,Corrective,Yes,Completed
SMMS001717,AST008321,Track Circuit,C00042,14.8,Track Circuit,Track circuit fault,High,3,4,3,2025-06-29,2025-07-05,0,116,3,Corrective,Yes,Open
SMMS001718,AST008223,Track Circuit,C00072,70.2,Track Circuit,Track circuit fault,Low,2,2,1,2025-05-31,2025-06-29,0,171,4,Preventive,Yes,Completed
SMMS001719,AST007818,Optical Fiber,C00027,109.3,OFC Link,Cable fault,Medium,1,2,3,2025-06-11,2025-07-02,0,107,2,Preventive,Yes,Completed
SMMS001720,AST008127,Level Crossing Signal,C00077,25.5,LC Gate Signal,Signal failure,Low,3,1,2,2025-06-18,2025-07-09,0,49,1,Corrective,Yes,Open
SMMS001721,AST006459,Telecom Cable,C00067,117.4,Quad Cable,Cable fault,Medium,3,3,2,2025-06-24,2025-07-10,0,139,2,Preventive,No,Deferred
SMMS001722,AST005950,Interlocking,C00070,7.1,Route Relay Interlocking,Interlocking inspection,Medium,2,2,3,2025-06-19,2025-07-07,0,115,3,Inspection,Yes,Completed
SMMS001723,AST006591,Axle Counter,C00050,23.4,Axle Counter,Axle counter fault,High,2,4,3,2025-06-04,2025-06-12,19,127,2,Preventive,Yes,Deferred
SMMS001724,AST007223,Optical Fiber,C00001,27.7,OFC Link,Cable fault,High,2,3,3,2025-06-27,2025-07-03,0,105,2,Preventive,Yes,Scheduled
SMMS001725,AST006041,Relay,C00087,182.0,Relay Interlocking,Relay degradation,Critical,2,4,4,2025-04-18,2025-04-23,69,102,2,Preventive,Yes,Scheduled
SMMS001726,AST007225,Signal,C00001,353.0,Colour Light Signal,Signal failure,Critical,4,4,3,2025-03-10,2025-03-13,110,120,2,Corrective,Yes,Open
SMMS001727,AST006860,Signal,C00044,20.0,Colour Light Signal,Signal failure,High,3,2,2,2025-06-01,2025-06-11,20,48,3,Corrective,No,Deferred
SMMS001728,AST007531,Interlocking,C00036,50.1,Route Relay Interlocking,Interlocking inspection,Medium,2,2,1,2025-03-07,2025-03-31,92,159,4,Inspection,Yes,Open
SMMS001729,AST006658,Level Crossing Signal,C00081,53.9,LC Gate Signal,Signal failure,High,4,4,3,2025-06-22,2025-06-30,1,104,2,Preventive,Yes,Open
SMMS001730,AST006519,Optical Fiber,C00016,30.3,OFC Link,Cable fault,Medium,3,3,1,2025-05-24,2025-06-13,18,162,5,Corrective,Yes,Open
SMMS001731,AST006320,Point Machine,C00048,118.1,Electric Point Machine,Point machine fault,Low,2,2,2,2025-06-12,2025-07-25,0,163,3,Inspection,No,In Progress
SMMS001732,AST008026,Interlocking,C00092,47.9,Route Relay Interlocking,Interlocking inspection,Critical,3,4,2,2025-06-27,2025-06-30,1,288,4,Inspection,No,Open
SMMS001733,AST007320,Relay,C00021,0.3,Relay Interlocking,Relay degradation,Medium,3,4,1,2025-06-17,2025-06-30,1,117,2,Preventive,No,Open
SMMS001734,AST008061,Telecom Cable,C00076,94.2,Quad Cable,Cable fault,Medium,3,2,2,2025-06-18,2025-07-09,0,100,3,Corrective,Yes,Open
SMMS001735,AST007163,Interlocking,C00093,9.5,Route Relay Interlocking,Interlocking inspection,Critical,4,4,3,2025-06-22,2025-06-25,6,291,3,Inspection,Yes,Scheduled
SMMS001736,AST006258,Telecom Cable,C00056,29.9,Quad Cable,Cable fault,Low,2,2,2,2025-04-11,2025-05-20,42,206,5,Preventive,Yes,Scheduled
SMMS001737,AST007153,Axle Counter,C00007,167.9,Axle Counter,Axle counter fault,Medium,3,2,2,2025-05-28,2025-06-16,15,124,4,Preventive,Yes,Open
SMMS001738,AST007750,Point Machine,C00022,20.9,Electric Point Machine,Point machine fault,High,2,5,1,2025-05-24,2025-05-29,33,91,3,Corrective,No,In Progress
SMMS001739,AST005886,Axle Counter,C00005,80.7,Axle Counter,Axle counter fault,Medium,2,2,1,2025-03-15,2025-04-01,91,129,2,Corrective,No,Open
SMMS001740,AST008476,Optical Fiber,C00082,126.5,OFC Link,Cable fault,Low,3,1,3,2025-05-29,2025-06-29,2,95,2,Corrective,Yes,Open
SMMS001741,AST007868,Track Circuit,C00016,34.0,Track Circuit,Track circuit fault,Medium,2,3,1,2025-06-26,2025-07-17,0,171,5,Preventive,Yes,Scheduled
SMMS001742,AST008494,Point Machine,C00042,62.4,Electric Point Machine,Point machine fault,Medium,2,3,1,2025-05-30,2025-06-22,0,160,3,Preventive,No,Completed
SMMS001743,AST005878,Signal,C00075,45.1,Colour Light Signal,Signal lamp/equipment replacement,Medium,2,2,2,2025-06-16,2025-07-01,0,55,3,Corrective,No,In Progress
SMMS001744,AST008623,Axle Counter,C00041,17.6,Axle Counter,Axle counter fault,Medium,3,2,2,2025-06-06,2025-06-23,8,81,2,Corrective,Yes,In Progress
SMMS001745,AST007488,Interlocking,C00018,61.1,Route Relay Interlocking,Interlocking inspection,Low,2,3,1,2025-05-30,2025-07-06,0,210,3,Inspection,No,Open
SMMS001746,AST006875,Telecom Cable,C00069,202.7,Quad Cable,Cable fault,Medium,3,2,2,2025-06-28,2025-07-17,0,199,4,Preventive,No,Open
SMMS001747,AST005465,Interlocking,C00068,3.1,Route Relay Interlocking,Interlocking inspection,Medium,3,4,1,2025-06-08,2025-06-22,9,220,5,Inspection,No,Open
SMMS001748,AST008320,Optical Fiber,C00093,32.9,OFC Link,Cable fault,Medium,4,3,3,2025-06-17,2025-07-07,0,114,3,Corrective,No,Scheduled
SMMS001749,AST006191,Relay,C00098,0.3,Relay Interlocking,Relay degradation,Medium,3,3,3,2025-06-19,2025-07-06,0,33,3,Preventive,Yes,Deferred
SMMS001750,AST008262,Level Crossing Signal,C00008,131.6,LC Gate Signal,Signal failure,High,4,3,3,2025-05-19,2025-05-28,34,88,2,Corrective,Yes,Scheduled
SMMS001751,AST007215,Level Crossing Signal,C00077,15.7,LC Gate Signal,Signal failure,Medium,4,2,2,2025-05-23,2025-06-10,21,86,3,Preventive,Yes,In Progress
SMMS001752,AST005724,Interlocking,C00024,18.8,Route Relay Interlocking,Interlocking inspection,Critical,4,4,3,2025-03-21,2025-03-23,100,252,5,Inspection,Yes,Scheduled
SMMS001753,AST008493,Point Machine,C00071,21.7,Electric Point Machine,Point machine fault,Critical,4,5,3,2025-06-17,2025-06-20,11,143,4,Preventive,Yes,Open
SMMS001754,AST006643,Axle Counter,C00077,1.8,Axle Counter,Axle counter fault,Critical,4,5,5,2025-05-25,2025-05-29,33,84,2,Corrective,No,Deferred
SMMS001755,AST008509,Optical Fiber,C00068,74.4,OFC Link,Cable fault,High,2,5,2,2025-06-14,2025-06-19,12,171,5,Corrective,Yes,Open
SMMS001756,AST005329,Telecom Cable,C00089,56.2,Quad Cable,Cable fault,Low,2,3,1,2025-04-07,2025-05-14,48,151,3,Preventive,Yes,Scheduled
SMMS001757,AST007136,Axle Counter,C00099,11.7,Axle Counter,Axle counter fault,Critical,3,5,2,2025-06-29,2025-07-03,0,130,3,Preventive,No,Open
SMMS001758,AST007647,Relay,C00065,4.2,Relay Interlocking,Relay degradation,Medium,4,2,2,2025-05-30,2025-06-14,17,44,3,Preventive,Yes,Open
SMMS001759,AST006411,Relay,C00074,16.3,Relay Interlocking,Relay degradation,Medium,2,2,2,2025-06-21,2025-07-08,0,88,3,Corrective,Yes,Deferred
SMMS001760,AST006609,Track Circuit,C00005,121.2,Track Circuit,Track circuit fault,High,3,4,2,2025-06-23,2025-06-28,3,158,4,Preventive,Yes,Open
SMMS001761,AST006175,Level Crossing Signal,C00095,18.8,LC Gate Signal,Signal failure,High,2,3,3,2025-06-29,2025-07-06,0,81,3,Corrective,Yes,In Progress
SMMS001762,AST006880,Track Circuit,C00050,22.2,Track Circuit,Track circuit fault,Low,2,2,1,2025-05-29,2025-07-10,0,114,4,Preventive,Yes,Completed
SMMS001763,AST006920,Interlocking,C00068,31.0,Route Relay Interlocking,Interlocking inspection,Critical,3,4,4,2025-04-25,2025-04-27,0,218,5,Inspection,No,Completed
SMMS001764,AST008139,Relay,C00066,34.8,Relay Interlocking,Relay degradation,High,2,4,2,2025-04-29,2025-05-03,0,109,3,Preventive,Yes,Completed
SMMS001765,AST007164,Optical Fiber,C00041,17.2,OFC Link,Cable fault,High,4,3,4,2025-06-27,2025-07-05,0,212,3,Corrective,Yes,Scheduled
SMMS001766,AST007054,Optical Fiber,C00038,91.0,OFC Link,Cable fault,Medium,2,3,2,2025-05-21,2025-06-10,0,155,2,Preventive,No,Completed
SMMS001767,AST008418,Relay,C00083,96.3,Relay Interlocking,Relay degradation,Medium,2,2,3,2025-03-16,2025-04-08,84,103,4,Preventive,No,Open
SMMS001768,AST006326,Axle Counter,C00020,52.5,Axle Counter,Axle counter fault,Medium,1,2,2,2025-06-24,2025-07-11,0,116,2,Corrective,Yes,Open
SMMS001769,AST006514,Axle Counter,C00027,67.3,Axle Counter,Axle counter fault,Medium,2,3,2,2025-06-18,2025-07-07,0,52,4,Preventive,Yes,Open
SMMS001770,AST006989,Axle Counter,C00013,23.3,Axle Counter,Axle counter fault,Medium,3,3,1,2025-03-21,2025-04-04,88,90,2,Preventive,No,Open
SMMS001771,AST006049,Telecom Cable,C00100,4.0,Quad Cable,Cable fault,Medium,3,2,1,2025-06-21,2025-07-03,0,122,2,Corrective,Yes,In Progress
SMMS001772,AST005950,Interlocking,C00070,7.1,Route Relay Interlocking,Interlocking inspection,Low,3,2,2,2025-06-28,2025-07-22,0,258,3,Inspection,No,In Progress
SMMS001773,AST006885,Relay,C00063,139.3,Relay Interlocking,Relay degradation,Low,2,2,1,2025-05-24,2025-07-08,0,79,2,Preventive,No,In Progress
SMMS001774,AST006668,Relay,C00067,115.2,Relay Interlocking,Relay degradation,Low,3,1,1,2025-06-06,2025-07-04,0,36,1,Corrective,Yes,Deferred
SMMS001775,AST007605,Track Circuit,C00024,7.8,Track Circuit,Track circuit fault,Medium,2,3,2,2025-06-18,2025-07-08,0,154,1,Preventive,No,Completed
SMMS001776,AST007845,Track Circuit,C00044,35.9,Track Circuit,Track circuit fault,High,4,5,2,2025-06-11,2025-06-20,11,207,3,Corrective,Yes,Open
SMMS001777,AST006479,Point Machine,C00042,73.3,Electric Point Machine,Point machine fault,High,3,3,3,2025-03-24,2025-03-30,93,170,2,Corrective,Yes,Scheduled
SMMS001778,AST007892,Relay,C00012,36.9,Relay Interlocking,Relay degradation,Medium,4,2,3,2025-04-28,2025-05-09,53,87,3,Corrective,Yes,Scheduled
SMMS001779,AST007821,Optical Fiber,C00061,43.8,OFC Link,Cable fault,Low,2,2,1,2025-06-06,2025-07-13,0,159,3,Inspection,No,Open
SMMS001780,AST005965,Point Machine,C00072,36.2,Electric Point Machine,Point machine fault,Medium,2,3,1,2025-04-27,2025-05-17,45,181,4,Preventive,Yes,Open
SMMS001781,AST007086,Level Crossing Signal,C00060,6.9,LC Gate Signal,Signal failure,High,2,2,4,2025-06-28,2025-07-05,0,163,5,Corrective,No,Open
SMMS001782,AST006381,Telecom Cable,C00042,34.6,Quad Cable,Cable fault,Medium,3,2,3,2025-03-03,2025-03-21,102,195,2,Corrective,No,Open
SMMS001783,AST007860,Axle Counter,C00076,139.2,Axle Counter,Axle counter fault,Medium,3,3,4,2025-06-17,2025-07-03,0,140,4,Corrective,Yes,Scheduled
SMMS001784,AST007407,Axle Counter,C00079,48.5,Axle Counter,Axle counter fault,Medium,2,3,1,2025-06-28,2025-07-15,0,94,2,Preventive,Yes,Open
SMMS001785,AST005945,Signal,C00066,22.7,Colour Light Signal,Signal failure,Critical,4,5,3,2025-06-24,2025-06-26,5,173,2,Preventive,Yes,Deferred
SMMS001786,AST006407,Signal,C00079,41.7,Colour Light Signal,Signal lamp/equipment replacement,Medium,4,4,2,2025-06-23,2025-07-05,0,61,2,Corrective,Yes,Open
SMMS001787,AST006191,Relay,C00098,0.3,Relay Interlocking,Relay degradation,High,4,4,2,2025-06-22,2025-06-29,2,53,3,Preventive,No,Scheduled
SMMS001788,AST006222,Telecom Cable,C00075,17.6,Quad Cable,Cable fault,Low,1,3,1,2025-06-29,2025-08-10,0,163,3,Corrective,Yes,Open
SMMS001789,AST007914,Telecom Cable,C00068,67.9,Quad Cable,Cable fault,High,5,4,2,2025-06-21,2025-06-28,3,211,3,Preventive,No,Scheduled
SMMS001790,AST005477,Relay,C00077,7.6,Relay Interlocking,Relay degradation,Low,2,2,2,2025-06-08,2025-07-01,0,149,3,Inspection,Yes,Open
SMMS001791,AST006909,Point Machine,C00032,12.6,Electric Point Machine,Point machine fault,Low,3,2,2,2025-06-22,2025-07-22,0,196,3,Inspection,No,In Progress
SMMS001792,AST005295,Optical Fiber,C00037,67.1,OFC Link,Cable fault,Critical,5,3,4,2025-04-29,2025-05-01,61,201,4,Corrective,No,Open
SMMS001793,AST007845,Track Circuit,C00044,35.9,Track Circuit,Track circuit fault,High,3,3,2,2025-05-09,2025-05-14,48,129,2,Corrective,No,Open
SMMS001794,AST006377,Level Crossing Signal,C00090,21.5,LC Gate Signal,Signal failure,Critical,2,4,4,2025-06-29,2025-07-02,0,66,2,Corrective,Yes,Open
SMMS001795,AST006218,Interlocking,C00075,93.7,Route Relay Interlocking,Interlocking inspection,Low,1,3,1,2025-06-24,2025-07-24,0,178,4,Inspection,No,Open
SMMS001796,AST006507,Axle Counter,C00034,2.5,Axle Counter,Axle counter fault,Critical,4,4,5,2025-06-26,2025-06-28,3,201,4,Corrective,No,In Progress
SMMS001797,AST006135,Level Crossing Signal,C00026,103.7,LC Gate Signal,Signal failure,High,3,4,2,2025-06-27,2025-07-05,0,149,4,Corrective,No,Scheduled
SMMS001798,AST007061,Signal,C00037,40.4,Colour Light Signal,Signal lamp/equipment replacement,Low,4,2,3,2025-06-08,2025-07-19,0,36,3,Inspection,No,Open
SMMS001799,AST005578,Relay,C00078,14.2,Relay Interlocking,Relay degradation,Medium,4,3,2,2025-06-19,2025-07-09,0,73,1,Preventive,Yes,Completed
SMMS001800,AST008007,Axle Counter,C00083,33.7,Axle Counter,Axle counter fault,Medium,2,2,2,2025-06-24,2025-07-18,0,112,2,Corrective,Yes,Completed
SMMS001801,AST006231,Signal,C00099,6.7,Colour Light Signal,Signal lamp/equipment replacement,Medium,2,3,1,2025-06-26,2025-07-16,0,57,3,Preventive,No,Open
SMMS001802,AST006448,Relay,C00086,232.0,Relay Interlocking,Relay degradation,High,3,4,1,2025-06-21,2025-06-28,3,132,1,Corrective,No,Scheduled
SMMS001803,AST007120,Telecom Cable,C00021,122.5,Quad Cable,Cable fault,Critical,2,4,2,2025-06-22,2025-06-25,6,198,2,Preventive,Yes,Open
SMMS001804,AST006752,Interlocking,C00051,32.4,Route Relay Interlocking,Interlocking inspection,High,3,3,3,2025-06-24,2025-07-04,0,236,3,Inspection,No,Deferred
SMMS001805,AST007966,Optical Fiber,C00024,4.2,OFC Link,Cable fault,Low,2,1,2,2025-06-08,2025-07-22,0,204,3,Corrective,Yes,Deferred
SMMS001806,AST007801,Level Crossing Signal,C00082,73.2,LC Gate Signal,Signal failure,Low,3,1,2,2025-05-05,2025-06-04,27,88,3,Inspection,No,Open
SMMS001807,AST006105,Point Machine,C00061,2.0,Electric Point Machine,Point machine fault,High,3,4,4,2025-06-28,2025-07-06,0,132,3,Preventive,Yes,Completed
SMMS001808,AST006211,Point Machine,C00012,94.9,Electric Point Machine,Point machine fault,Medium,3,2,2,2025-06-26,2025-07-11,0,184,2,Corrective,Yes,Open
SMMS001809,AST005411,Track Circuit,C00059,58.3,Track Circuit,Track circuit fault,High,1,4,3,2025-06-27,2025-07-04,0,103,3,Corrective,Yes,Open
SMMS001810,AST008111,Track Circuit,C00024,4.6,Track Circuit,Track circuit fault,Low,4,2,2,2025-04-23,2025-05-17,45,156,3,Inspection,Yes,Open
SMMS001811,AST007808,Axle Counter,C00029,62.3,Axle Counter,Axle counter fault,Medium,3,2,1,2025-05-25,2025-06-19,12,108,4,Preventive,No,Scheduled
SMMS001812,AST008064,Level Crossing Signal,C00088,4.8,LC Gate Signal,Signal failure,Medium,4,2,3,2025-06-22,2025-07-08,0,103,3,Preventive,No,Completed
SMMS001813,AST006153,Level Crossing Signal,C00089,47.6,LC Gate Signal,Signal failure,Critical,4,4,4,2025-03-24,2025-03-26,97,98,3,Preventive,Yes,Open
SMMS001814,AST007927,Signal,C00053,72.9,Colour Light Signal,Signal lamp/equipment replacement,Low,2,2,1,2025-06-20,2025-07-21,0,60,3,Preventive,Yes,In Progress
SMMS001815,AST006905,Telecom Cable,C00060,17.7,Quad Cable,Cable fault,Critical,5,4,2,2025-03-09,2025-03-11,0,127,2,Preventive,Yes,Completed
SMMS001816,AST007423,Telecom Cable,C00087,149.6,Quad Cable,Cable fault,Medium,2,3,1,2025-06-10,2025-06-29,2,181,4,Corrective,No,Open
SMMS001817,AST006186,Signal,C00065,17.7,Colour Light Signal,Signal failure,Critical,5,4,4,2025-06-16,2025-06-17,14,198,3,Corrective,Yes,Scheduled
SMMS001818,AST007957,Track Circuit,C00014,62.6,Track Circuit,Track circuit fault,Critical,4,4,3,2025-06-20,2025-06-24,7,144,4,Corrective,Yes,Open
SMMS001819,AST008007,Axle Counter,C00083,33.7,Axle Counter,Axle counter fault,Medium,2,3,2,2025-06-07,2025-06-20,11,91,3,Corrective,No,Open
SMMS001820,AST005596,Relay,C00095,9.5,Relay Interlocking,Relay degradation,Medium,2,4,2,2025-06-30,2025-07-14,0,74,2,Corrective,Yes,Open
SMMS001821,AST005803,Telecom Cable,C00058,23.4,Quad Cable,Cable fault,Medium,1,3,1,2025-06-27,2025-07-20,0,122,2,Corrective,Yes,In Progress
SMMS001822,AST006550,Telecom Cable,C00038,195.3,Quad Cable,Cable fault,Low,1,2,2,2025-06-23,2025-07-31,0,135,2,Preventive,No,Deferred
SMMS001823,AST005436,Signal,C00068,40.8,Colour Light Signal,Signal failure,Low,2,3,1,2025-04-28,2025-05-30,32,199,3,Preventive,Yes,Scheduled
SMMS001824,AST006987,Interlocking,C00100,6.1,Route Relay Interlocking,Interlocking inspection,Critical,2,4,3,2025-06-17,2025-06-19,12,255,4,Inspection,No,Scheduled
SMMS001825,AST007825,Optical Fiber,C00088,0.5,OFC Link,Cable fault,Low,4,1,2,2025-06-26,2025-08-01,0,138,2,Inspection,Yes,Completed
SMMS001826,AST006960,Level Crossing Signal,C00021,113.8,LC Gate Signal,Signal failure,Medium,2,3,2,2025-03-11,2025-03-28,95,145,3,Corrective,No,Deferred
SMMS001827,AST005444,Signal,C00076,128.3,Colour Light Signal,Signal failure,Medium,2,2,3,2025-05-05,2025-05-21,0,184,4,Preventive,Yes,Completed
SMMS001828,AST008462,Point Machine,C00025,239.0,Electric Point Machine,Point machine fault,Medium,3,3,2,2025-03-18,2025-04-08,84,185,4,Corrective,Yes,Open
SMMS001829,AST006162,Axle Counter,C00033,69.9,Axle Counter,Axle counter fault,High,3,4,1,2025-06-21,2025-06-27,0,100,3,Corrective,Yes,Completed
SMMS001830,AST006096,Interlocking,C00009,60.5,Route Relay Interlocking,Interlocking inspection,Medium,4,3,2,2025-06-24,2025-07-15,0,239,3,Inspection,Yes,Open
SMMS001831,AST008135,Signal,C00042,73.7,Colour Light Signal,Signal lamp/equipment replacement,High,2,3,3,2025-06-03,2025-06-12,0,61,3,Preventive,No,Completed
SMMS001832,AST006911,Relay,C00088,89.1,Relay Interlocking,Relay degradation,Low,4,2,1,2025-06-02,2025-06-27,4,149,2,Preventive,Yes,Open
SMMS001833,AST005500,Point Machine,C00096,48.5,Electric Point Machine,Point machine fault,Low,3,2,2,2025-06-16,2025-07-26,0,134,1,Corrective,No,In Progress
SMMS001834,AST007771,Point Machine,C00013,95.4,Electric Point Machine,Point machine fault,High,3,3,2,2025-06-16,2025-06-24,7,140,3,Corrective,Yes,Scheduled
SMMS001835,AST006547,Signal,C00046,25.7,Colour Light Signal,Signal lamp/equipment replacement,Medium,4,4,3,2025-06-19,2025-07-05,0,61,2,Corrective,Yes,Open
SMMS001836,AST007187,Level Crossing Signal,C00093,72.1,LC Gate Signal,Signal failure,Low,2,1,2,2025-06-20,2025-07-11,0,124,3,Preventive,No,Open
SMMS001837,AST007135,Interlocking,C00065,15.5,Route Relay Interlocking,Interlocking inspection,Critical,4,5,5,2025-06-29,2025-07-02,0,320,3,Inspection,Yes,Open
SMMS001838,AST007454,Axle Counter,C00061,29.7,Axle Counter,Axle counter fault,High,4,4,2,2025-03-04,2025-03-11,0,148,2,Preventive,Yes,Completed
SMMS001839,AST006317,Relay,C00030,110.5,Relay Interlocking,Relay degradation,Low,2,3,1,2025-06-22,2025-07-24,0,116,4,Preventive,Yes,Completed
SMMS001840,AST007285,Level Crossing Signal,C00048,11.5,LC Gate Signal,Signal failure,Low,2,1,2,2025-05-06,2025-06-09,22,74,1,Inspection,Yes,Open
SMMS001841,AST006905,Telecom Cable,C00060,17.7,Quad Cable,Cable fault,Medium,3,3,3,2025-03-03,2025-03-21,102,111,6,Preventive,Yes,Scheduled
SMMS001842,AST008346,Signal,C00043,17.1,Colour Light Signal,Signal failure,High,3,4,4,2025-06-20,2025-06-27,0,135,2,Preventive,No,Completed
SMMS001843,AST005773,Axle Counter,C00084,115.0,Axle Counter,Axle counter fault,High,4,4,1,2025-06-11,2025-06-20,11,103,3,Corrective,Yes,Scheduled
SMMS001844,AST005844,Track Circuit,C00040,75.1,Track Circuit,Track circuit fault,Low,2,1,2,2025-05-24,2025-07-04,0,74,3,Preventive,No,Open
SMMS001845,AST005471,Point Machine,C00049,113.2,Electric Point Machine,Point machine fault,Critical,3,4,3,2025-06-26,2025-06-29,2,136,4,Preventive,No,Scheduled
SMMS001846,AST005839,Level Crossing Signal,C00027,77.4,LC Gate Signal,Signal failure,High,4,3,2,2025-05-29,2025-06-09,22,143,5,Corrective,Yes,Open
SMMS001847,AST005684,Telecom Cable,C00093,24.2,Quad Cable,Cable fault,Medium,2,2,2,2025-03-19,2025-03-31,92,170,3,Corrective,No,Scheduled
SMMS001848,AST005838,Track Circuit,C00094,137.6,Track Circuit,Track circuit fault,High,3,4,4,2025-06-08,2025-06-15,0,170,4,Corrective,Yes,Completed
SMMS001849,AST005297,Telecom Cable,C00032,15.6,Quad Cable,Cable fault,Medium,4,3,1,2025-04-07,2025-04-29,0,164,2,Corrective,No,Completed
SMMS001850,AST006267,Axle Counter,C00007,178.8,Axle Counter,Axle counter fault,Medium,4,3,2,2025-06-15,2025-07-04,0,113,3,Corrective,Yes,Deferred
SMMS001851,AST008420,Track Circuit,C00069,57.8,Track Circuit,Track circuit fault,High,3,4,4,2025-06-23,2025-07-04,0,127,3,Preventive,Yes,Open
SMMS001852,AST008291,Point Machine,C00088,31.6,Electric Point Machine,Point machine fault,Low,2,2,2,2025-06-16,2025-07-10,0,125,4,Inspection,No,In Progress
SMMS001853,AST007766,Relay,C00027,42.0,Relay Interlocking,Relay degradation,Medium,3,2,1,2025-06-20,2025-07-08,0,105,2,Preventive,No,Completed
SMMS001854,AST006328,Point Machine,C00072,84.9,Electric Point Machine,Point machine fault,Medium,2,2,3,2025-06-28,2025-07-17,0,173,3,Corrective,Yes,Open
SMMS001855,AST005998,Point Machine,C00076,128.6,Electric Point Machine,Point machine fault,Medium,4,3,3,2025-05-20,2025-06-03,28,145,2,Preventive,No,In Progress
SMMS001856,AST007380,Telecom Cable,C00020,0.1,Quad Cable,Cable fault,Medium,4,3,2,2025-06-07,2025-06-26,5,126,1,Corrective,Yes,Open
SMMS001857,AST008436,Telecom Cable,C00010,24.9,Quad Cable,Cable fault,Low,3,2,1,2025-05-16,2025-06-16,15,164,2,Preventive,Yes,Open
SMMS001858,AST007414,Telecom Cable,C00083,52.3,Quad Cable,Cable fault,Medium,2,3,1,2025-06-04,2025-06-27,4,179,3,Preventive,Yes,Open
SMMS001859,AST008210,Point Machine,C00009,1.3,Electric Point Machine,Point machine fault,Low,1,2,1,2025-06-08,2025-07-03,0,163,3,Corrective,Yes,Open
SMMS001860,AST007359,Optical Fiber,C00045,30.6,OFC Link,Cable fault,High,4,4,1,2025-05-28,2025-06-06,0,193,2,Corrective,No,Completed
SMMS001861,AST006489,Interlocking,C00050,58.2,Route Relay Interlocking,Interlocking inspection,Low,3,1,1,2025-06-16,2025-07-20,0,185,1,Inspection,No,Open
SMMS001862,AST006977,Signal,C00015,31.3,Colour Light Signal,Signal failure,Low,2,1,2,2025-06-23,2025-07-29,0,176,2,Preventive,Yes,Open
SMMS001863,AST008410,Point Machine,C00034,23.4,Electric Point Machine,Point machine fault,Low,2,1,2,2025-04-26,2025-05-29,0,164,4,Inspection,Yes,Completed
SMMS001864,AST005773,Axle Counter,C00084,115.0,Axle Counter,Axle counter fault,Medium,4,2,1,2025-05-19,2025-06-11,20,97,2,Preventive,Yes,Open
SMMS001865,AST006504,Optical Fiber,C00095,92.1,OFC Link,Cable fault,Medium,3,3,2,2025-04-17,2025-05-03,59,118,3,Corrective,Yes,Open
SMMS001866,AST007823,Point Machine,C00069,9.6,Electric Point Machine,Point machine fault,Critical,4,5,3,2025-03-10,2025-03-11,112,107,3,Preventive,Yes,Scheduled
SMMS001867,AST007339,Point Machine,C00098,3.4,Electric Point Machine,Point machine fault,Medium,2,3,2,2025-03-28,2025-04-18,0,222,5,Preventive,No,Completed
SMMS001868,AST008029,Track Circuit,C00033,76.3,Track Circuit,Track circuit fault,Medium,2,2,2,2025-06-29,2025-07-17,0,127,4,Preventive,Yes,Open
SMMS001869,AST006761,Optical Fiber,C00084,97.2,OFC Link,Cable fault,Critical,4,4,3,2025-06-26,2025-06-28,3,199,4,Corrective,No,Open
SMMS001870,AST008304,Axle Counter,C00020,87.3,Axle Counter,Axle counter fault,Medium,4,4,1,2025-04-04,2025-04-25,0,102,3,Corrective,Yes,Completed
SMMS001871,AST005775,Point Machine,C00066,47.5,Electric Point Machine,Point machine fault,High,2,4,4,2025-05-26,2025-06-02,29,172,4,Corrective,Yes,In Progress
SMMS001872,AST005370,Axle Counter,C00061,60.5,Axle Counter,Axle counter fault,High,3,4,3,2025-04-12,2025-04-21,71,143,3,Corrective,Yes,Scheduled
SMMS001873,AST008240,Interlocking,C00018,28.0,Route Relay Interlocking,Interlocking inspection,Medium,3,2,3,2025-06-19,2025-07-03,0,236,5,Inspection,Yes,Open
SMMS001874,AST007882,Optical Fiber,C00067,64.6,OFC Link,Cable fault,Low,3,1,1,2025-06-05,2025-07-03,0,151,3,Corrective,No,Open
SMMS001875,AST007179,Relay,C00050,9.2,Relay Interlocking,Relay degradation,Low,3,2,2,2025-05-28,2025-07-09,0,123,2,Preventive,No,Open
SMMS001876,AST006225,Signal,C00008,41.8,Colour Light Signal,Signal failure,Medium,3,3,3,2025-06-16,2025-07-07,0,168,5,Preventive,No,Completed
SMMS001877,AST007870,Axle Counter,C00094,60.8,Axle Counter,Axle counter fault,High,4,5,1,2025-03-09,2025-03-15,108,123,2,Preventive,Yes,Open
SMMS001878,AST007220,Track Circuit,C00079,52.1,Track Circuit,Track circuit fault,Low,2,2,1,2025-03-29,2025-05-06,56,131,3,Inspection,No,Open
SMMS001879,AST005619,Level Crossing Signal,C00015,18.3,LC Gate Signal,Signal failure,Critical,3,5,4,2025-06-23,2025-06-26,5,77,3,Preventive,No,Scheduled
SMMS001880,AST007578,Optical Fiber,C00017,3.0,OFC Link,Cable fault,Low,3,2,1,2025-06-19,2025-08-06,0,41,3,Corrective,Yes,Completed
SMMS001881,AST008121,Level Crossing Signal,C00078,81.7,LC Gate Signal,Signal failure,Medium,1,3,3,2025-06-26,2025-07-19,0,66,1,Preventive,Yes,Completed
SMMS001882,AST005411,Track Circuit,C00059,58.3,Track Circuit,Track circuit fault,Medium,3,2,2,2025-06-21,2025-07-12,0,136,4,Corrective,Yes,Open
SMMS001883,AST007810,Signal,C00058,24.8,Colour Light Signal,Signal lamp/equipment replacement,High,4,3,5,2025-05-20,2025-05-28,0,55,3,Corrective,No,Completed
SMMS001884,AST006265,Level Crossing Signal,C00040,44.2,LC Gate Signal,Signal failure,Medium,1,2,2,2025-05-17,2025-06-04,27,119,1,Corrective,No,Scheduled
SMMS001885,AST006919,Optical Fiber,C00085,138.0,OFC Link,Cable fault,Medium,4,3,2,2025-05-23,2025-06-13,18,86,4,Corrective,No,Scheduled
SMMS001886,AST005684,Telecom Cable,C00093,24.2,Quad Cable,Cable fault,Low,3,2,2,2025-06-05,2025-07-19,0,112,1,Inspection,Yes,Open
SMMS001887,AST007916,Signal,C00018,8.8,Colour Light Signal,Signal failure,Critical,4,5,4,2025-06-18,2025-06-22,9,80,3,Corrective,Yes,Open
SMMS001888,AST008638,Point Machine,C00054,23.0,Electric Point Machine,Point machine fault,Critical,4,4,3,2025-06-23,2025-06-27,0,233,3,Corrective,No,Completed
SMMS001889,AST006602,Axle Counter,C00014,83.8,Axle Counter,Axle counter fault,Medium,2,4,2,2025-05-27,2025-06-19,0,96,5,Preventive,No,Completed
SMMS001890,AST006260,Telecom Cable,C00008,10.4,Quad Cable,Cable fault,Low,1,2,1,2025-06-04,2025-07-13,0,136,5,Inspection,No,Open
SMMS001891,AST007586,Interlocking,C00022,154.8,Route Relay Interlocking,Interlocking inspection,Critical,2,4,2,2025-06-11,2025-06-13,18,179,4,Inspection,Yes,Open
SMMS001892,AST007125,Track Circuit,C00025,166.5,Track Circuit,Track circuit fault,Medium,3,2,1,2025-05-31,2025-06-19,0,69,2,Preventive,No,Completed
SMMS001893,AST005643,Optical Fiber,C00030,74.2,OFC Link,Cable fault,High,4,3,3,2025-06-23,2025-06-30,1,173,2,Corrective,Yes,Open
SMMS001894,AST007689,Point Machine,C00076,55.4,Electric Point Machine,Point machine fault,Low,1,2,2,2025-03-30,2025-05-17,0,150,3,Preventive,Yes,Completed
SMMS001895,AST005976,Point Machine,C00028,134.8,Electric Point Machine,Point machine fault,Low,2,2,1,2025-06-20,2025-07-22,0,132,3,Corrective,Yes,Scheduled
SMMS001896,AST007386,Axle Counter,C00033,22.9,Axle Counter,Axle counter fault,Low,3,3,2,2025-06-29,2025-08-05,0,124,3,Corrective,No,Completed
SMMS001897,AST007892,Relay,C00012,36.9,Relay Interlocking,Relay degradation,High,4,3,3,2025-04-21,2025-04-30,0,183,4,Corrective,No,Completed
SMMS001898,AST007587,Axle Counter,C00022,23.5,Axle Counter,Axle counter fault,Critical,4,5,2,2025-06-21,2025-06-25,6,66,2,Preventive,No,Open
SMMS001899,AST006740,Track Circuit,C00063,118.1,Track Circuit,Track circuit fault,Medium,3,3,2,2025-03-20,2025-04-09,83,124,3,Preventive,No,Scheduled
SMMS001900,AST007676,Optical Fiber,C00003,68.5,OFC Link,Cable fault,Medium,4,3,2,2025-06-16,2025-07-11,0,92,2,Corrective,Yes,Scheduled
SMMS001901,AST005618,Point Machine,C00010,29.6,Electric Point Machine,Point machine fault,Medium,3,3,2,2025-04-26,2025-05-10,52,91,3,Preventive,No,Open
SMMS001902,AST007672,Axle Counter,C00084,70.7,Axle Counter,Axle counter fault,Low,2,2,1,2025-05-26,2025-07-01,0,102,3,Corrective,Yes,Open
SMMS001903,AST006788,Relay,C00007,63.4,Relay Interlocking,Relay degradation,Medium,3,2,2,2025-03-22,2025-04-05,87,106,3,Preventive,Yes,Scheduled
SMMS001904,AST007890,Axle Counter,C00046,13.9,Axle Counter,Axle counter fault,Medium,3,2,1,2025-04-22,2025-05-07,0,103,5,Corrective,Yes,Completed
SMMS001905,AST005574,Level Crossing Signal,C00043,12.6,LC Gate Signal,Signal failure,Low,3,1,2,2025-06-15,2025-07-19,0,98,4,Corrective,Yes,Open
SMMS001906,AST006468,Level Crossing Signal,C00075,92.9,LC Gate Signal,Signal failure,Medium,2,3,3,2025-06-06,2025-06-28,0,111,2,Corrective,No,Completed
SMMS001907,AST006470,Relay,C00092,76.2,Relay Interlocking,Relay degradation,High,3,4,2,2025-05-25,2025-06-01,30,53,4,Preventive,No,Open
SMMS001908,AST006689,Interlocking,C00034,6.7,Route Relay Interlocking,Interlocking inspection,High,4,4,5,2025-06-15,2025-06-23,8,190,2,Inspection,No,Open
SMMS001909,AST006625,Relay,C00044,6.5,Relay Interlocking,Relay degradation,Low,4,3,1,2025-06-26,2025-08-07,0,48,2,Preventive,No,Completed
SMMS001910,AST006470,Relay,C00092,76.2,Relay Interlocking,Relay degradation,Medium,3,3,3,2025-06-22,2025-07-04,0,123,4,Corrective,No,Open
SMMS001911,AST007948,Telecom Cable,C00005,92.0,Quad Cable,Cable fault,Critical,5,5,4,2025-06-15,2025-06-19,12,220,2,Preventive,Yes,Scheduled
SMMS001912,AST006885,Relay,C00063,139.3,Relay Interlocking,Relay degradation,Medium,4,3,2,2025-06-19,2025-07-08,0,86,2,Preventive,Yes,Open
SMMS001913,AST007923,Signal,C00014,60.0,Colour Light Signal,Signal failure,Low,2,1,1,2025-05-30,2025-07-10,0,107,3,Inspection,No,Scheduled
SMMS001914,AST005922,Level Crossing Signal,C00033,18.5,LC Gate Signal,Signal failure,Medium,2,2,1,2025-06-22,2025-07-14,0,108,4,Preventive,Yes,Completed
SMMS001915,AST005624,Telecom Cable,C00067,110.8,Quad Cable,Cable fault,Low,1,2,2,2025-05-31,2025-07-09,0,143,3,Inspection,No,Completed
SMMS001916,AST007559,Axle Counter,C00013,49.8,Axle Counter,Axle counter fault,Low,2,1,2,2025-06-23,2025-07-22,0,104,2,Inspection,No,Completed
SMMS001917,AST007711,Signal,C00059,67.9,Colour Light Signal,Signal failure,Medium,3,3,2,2025-05-31,2025-06-16,0,129,3,Preventive,No,Completed
SMMS001918,AST005758,Level Crossing Signal,C00040,58.3,LC Gate Signal,Signal failure,Medium,2,1,3,2025-05-19,2025-06-03,28,105,5,Preventive,Yes,In Progress
SMMS001919,AST008357,Level Crossing Signal,C00078,76.5,LC Gate Signal,Signal failure,High,4,5,3,2025-05-26,2025-06-03,28,113,3,Corrective,Yes,Scheduled
SMMS001920,AST007731,Optical Fiber,C00050,19.1,OFC Link,Cable fault,Low,1,1,1,2025-05-05,2025-06-18,0,123,4,Preventive,No,Completed
SMMS001921,AST006819,Interlocking,C00057,100.8,Route Relay Interlocking,Interlocking inspection,Low,3,2,2,2025-06-26,2025-08-01,0,246,4,Inspection,Yes,Completed
SMMS001922,AST005401,Level Crossing Signal,C00021,106.2,LC Gate Signal,Signal failure,Medium,3,2,3,2025-03-26,2025-04-16,76,110,2,Corrective,Yes,Scheduled
SMMS001923,AST006222,Telecom Cable,C00075,17.6,Quad Cable,Cable fault,Medium,1,3,1,2025-06-12,2025-06-27,4,179,3,Corrective,No,Open
SMMS001924,AST007998,Interlocking,C00086,33.6,Route Relay Interlocking,Interlocking inspection,Critical,3,4,3,2025-05-29,2025-06-01,30,192,3,Inspection,No,In Progress
SMMS001925,AST007421,Interlocking,C00001,202.0,Route Relay Interlocking,Interlocking inspection,Low,3,2,1,2025-05-29,2025-07-10,0,162,4,Inspection,Yes,In Progress
SMMS001926,AST005795,Point Machine,C00036,30.0,Electric Point Machine,Point machine fault,High,5,4,2,2025-06-16,2025-06-21,10,182,3,Corrective,No,Open
SMMS001927,AST007062,Axle Counter,C00028,122.8,Axle Counter,Axle counter fault,Low,2,2,2,2025-06-24,2025-07-28,0,168,2,Inspection,Yes,Completed
SMMS001928,AST007957,Track Circuit,C00014,62.6,Track Circuit,Track circuit fault,Medium,4,3,1,2025-05-23,2025-06-05,26,100,3,Corrective,No,Open
SMMS001929,AST006534,Relay,C00013,49.8,Relay Interlocking,Relay degradation,High,2,3,3,2025-05-21,2025-05-26,36,107,3,Preventive,Yes,In Progress
SMMS001930,AST008479,Signal,C00093,5.5,Colour Light Signal,Signal failure,Low,2,3,1,2025-06-05,2025-07-06,0,144,3,Preventive,No,Open
SMMS001931,AST005340,Interlocking,C00064,2.3,Route Relay Interlocking,Interlocking inspection,Critical,5,4,4,2025-06-28,2025-06-30,1,276,5,Inspection,No,Scheduled
SMMS001932,AST007680,Point Machine,C00004,68.6,Electric Point Machine,Point machine fault,Critical,5,5,4,2025-06-14,2025-06-17,14,218,3,Preventive,No,Open
SMMS001933,AST007075,Track Circuit,C00024,0.0,Track Circuit,Track circuit fault,Low,2,2,1,2025-05-26,2025-07-03,0,154,4,Corrective,No,Open
SMMS001934,AST008160,Telecom Cable,C00096,110.9,Quad Cable,Cable fault,Medium,3,3,2,2025-06-18,2025-07-02,0,177,4,Preventive,Yes,Deferred
SMMS001935,AST006017,Point Machine,C00090,81.1,Electric Point Machine,Point machine fault,Low,1,2,2,2025-05-21,2025-06-15,16,143,3,Preventive,No,In Progress
SMMS001936,AST007776,Signal,C00100,8.3,Colour Light Signal,Signal lamp/equipment replacement,Low,2,3,2,2025-05-21,2025-06-27,0,59,3,Inspection,Yes,Completed
SMMS001937,AST008237,Signal,C00052,170.2,Colour Light Signal,Signal lamp/equipment replacement,Medium,3,4,2,2025-04-24,2025-05-07,0,89,2,Preventive,Yes,Completed
SMMS001938,AST006577,Interlocking,C00039,28.3,Route Relay Interlocking,Interlocking inspection,Low,4,1,1,2025-06-14,2025-07-10,0,212,4,Inspection,No,Open
SMMS001939,AST005680,Level Crossing Signal,C00023,38.7,LC Gate Signal,Signal failure,Critical,3,4,4,2025-06-21,2025-06-25,6,93,3,Preventive,No,In Progress
SMMS001940,AST007779,Track Circuit,C00039,24.6,Track Circuit,Track circuit fault,Low,1,1,1,2025-05-20,2025-06-25,6,128,3,Preventive,No,Scheduled
SMMS001941,AST005776,Signal,C00098,2.8,Colour Light Signal,Signal lamp/equipment replacement,Medium,4,2,4,2025-06-21,2025-07-06,0,71,2,Preventive,Yes,Completed
SMMS001942,AST005440,Telecom Cable,C00038,112.0,Quad Cable,Cable fault,Critical,3,4,3,2025-06-11,2025-06-16,15,222,5,Preventive,Yes,Open
SMMS001943,AST006495,Signal,C00036,54.0,Colour Light Signal,Signal lamp/equipment replacement,Low,3,2,1,2025-06-26,2025-07-19,0,57,3,Inspection,Yes,Open
SMMS001944,AST005335,Axle Counter,C00044,23.5,Axle Counter,Axle counter fault,Medium,3,2,2,2025-04-30,2025-05-17,45,129,3,Preventive,No,Deferred
SMMS001945,AST005888,Interlocking,C00087,161.2,Route Relay Interlocking,Interlocking inspection,High,3,4,4,2025-05-07,2025-05-16,46,178,4,Inspection,Yes,Open
SMMS001946,AST008455,Signal,C00040,28.9,Colour Light Signal,Signal failure,Low,2,2,1,2025-06-25,2025-08-06,0,118,4,Corrective,Yes,Completed
SMMS001947,AST006684,Track Circuit,C00091,35.0,Track Circuit,Track circuit fault,High,3,4,2,2025-06-20,2025-06-25,6,195,3,Preventive,No,Open
SMMS001948,AST006816,Optical Fiber,C00027,37.4,OFC Link,Cable fault,Medium,3,2,2,2025-06-27,2025-07-21,0,200,2,Preventive,No,Scheduled
SMMS001949,AST007420,Point Machine,C00030,18.8,Electric Point Machine,Point machine fault,Low,3,1,2,2025-06-28,2025-07-28,0,168,2,Inspection,No,Open
SMMS001950,AST006893,Track Circuit,C00064,58.5,Track Circuit,Track circuit fault,Low,3,2,1,2025-05-03,2025-05-29,33,104,3,Inspection,Yes,In Progress
SMMS001951,AST008212,Point Machine,C00080,55.5,Electric Point Machine,Point machine fault,Medium,4,4,2,2025-05-22,2025-06-12,19,206,4,Corrective,Yes,In Progress
SMMS001952,AST006811,Optical Fiber,C00004,83.4,OFC Link,Cable fault,Critical,4,5,3,2025-04-24,2025-04-27,65,148,2,Corrective,No,Open
SMMS001953,AST005637,Telecom Cable,C00084,30.8,Quad Cable,Cable fault,Low,3,2,2,2025-06-26,2025-08-13,0,171,6,Preventive,Yes,Open
SMMS001954,AST007744,Telecom Cable,C00082,32.8,Quad Cable,Cable fault,High,3,5,3,2025-05-04,2025-05-09,53,192,5,Corrective,No,In Progress
SMMS001955,AST007107,Optical Fiber,C00038,19.4,OFC Link,Cable fault,High,4,4,3,2025-06-18,2025-06-26,5,134,3,Preventive,No,Open
SMMS001956,AST005943,Point Machine,C00025,37.1,Electric Point Machine,Point machine fault,Low,3,2,2,2025-06-29,2025-07-31,0,208,3,Preventive,Yes,Open
SMMS001957,AST008523,Interlocking,C00023,7.4,Route Relay Interlocking,Interlocking inspection,Medium,2,3,2,2025-05-15,2025-05-25,37,239,4,Inspection,Yes,Open
SMMS001958,AST005325,Interlocking,C00025,143.6,Route Relay Interlocking,Interlocking inspection,Medium,3,2,3,2025-06-05,2025-06-28,3,249,4,Inspection,Yes,In Progress
SMMS001959,AST005447,Optical Fiber,C00064,167.8,OFC Link,Cable fault,Critical,4,4,3,2025-06-24,2025-06-27,4,138,5,Corrective,No,Scheduled
SMMS001960,AST006667,Telecom Cable,C00048,40.7,Quad Cable,Cable fault,High,2,3,3,2025-06-20,2025-06-28,0,158,4,Preventive,Yes,Completed
SMMS001961,AST005755,Track Circuit,C00082,118.2,Track Circuit,Track circuit fault,Medium,3,2,3,2025-03-22,2025-04-09,83,94,2,Corrective,Yes,Open
SMMS001962,AST008487,Interlocking,C00001,267.3,Route Relay Interlocking,Interlocking inspection,Medium,2,3,2,2025-06-15,2025-07-04,0,176,4,Inspection,No,Scheduled
SMMS001963,AST006395,Point Machine,C00049,95.2,Electric Point Machine,Point machine fault,High,3,4,2,2025-06-16,2025-06-27,4,251,3,Preventive,No,Scheduled
SMMS001964,AST006191,Relay,C00098,0.3,Relay Interlocking,Relay degradation,Low,3,2,2,2025-05-20,2025-07-06,0,92,3,Inspection,Yes,Open
SMMS001965,AST006720,Interlocking,C00004,28.1,Route Relay Interlocking,Interlocking inspection,Low,2,2,1,2025-05-22,2025-07-06,0,230,5,Inspection,Yes,Completed
SMMS001966,AST007801,Level Crossing Signal,C00082,73.2,LC Gate Signal,Signal failure,High,3,3,2,2025-05-23,2025-06-02,0,111,3,Preventive,No,Completed
SMMS001967,AST006663,Relay,C00071,11.2,Relay Interlocking,Relay degradation,Low,3,2,2,2025-05-01,2025-06-09,22,61,3,Corrective,No,In Progress
SMMS001968,AST008422,Relay,C00027,155.2,Relay Interlocking,Relay degradation,Medium,3,2,3,2025-06-10,2025-06-27,4,75,3,Corrective,Yes,Open
SMMS001969,AST006111,Signal,C00028,121.1,Colour Light Signal,Signal failure,High,3,4,4,2025-06-07,2025-06-13,0,115,2,Preventive,No,Completed
SMMS001970,AST005753,Relay,C00013,102.2,Relay Interlocking,Relay degradation,Low,1,1,1,2025-06-18,2025-07-17,0,94,3,Corrective,No,Scheduled
SMMS001971,AST007299,Axle Counter,C00015,111.1,Axle Counter,Axle counter fault,Low,2,2,2,2025-05-25,2025-07-11,0,108,2,Inspection,Yes,Open
SMMS001972,AST007439,Point Machine,C00087,69.1,Electric Point Machine,Point machine fault,Medium,2,3,1,2025-06-20,2025-07-05,0,133,4,Preventive,No,Completed
SMMS001973,AST007212,Optical Fiber,C00084,120.0,OFC Link,Cable fault,Medium,2,3,2,2025-06-20,2025-07-11,0,205,3,Corrective,Yes,Deferred
SMMS001974,AST008022,Axle Counter,C00054,40.3,Axle Counter,Axle counter fault,Low,2,1,1,2025-06-03,2025-06-25,6,97,2,Inspection,No,Deferred
SMMS001975,AST006411,Relay,C00074,16.3,Relay Interlocking,Relay degradation,High,2,3,2,2025-06-08,2025-06-14,17,82,3,Corrective,No,Open
SMMS001976,AST006849,Signal,C00083,62.9,Colour Light Signal,Signal lamp/equipment replacement,Low,3,2,2,2025-04-18,2025-05-22,40,38,3,Inspection,No,In Progress
SMMS001977,AST005391,Level Crossing Signal,C00034,16.8,LC Gate Signal,Signal failure,Medium,2,3,2,2025-05-22,2025-06-09,22,115,4,Corrective,No,Scheduled
SMMS001978,AST005987,Relay,C00094,64.5,Relay Interlocking,Relay degradation,Low,3,2,2,2025-06-17,2025-07-07,0,75,3,Inspection,Yes,Open
SMMS001979,AST005390,Axle Counter,C00014,68.0,Axle Counter,Axle counter fault,Medium,4,2,2,2025-04-29,2025-05-11,51,150,2,Corrective,Yes,Open
SMMS001980,AST005755,Track Circuit,C00082,118.2,Track Circuit,Track circuit fault,Medium,3,2,3,2025-06-16,2025-07-07,0,39,2,Preventive,Yes,Open
SMMS001981,AST007352,Level Crossing Signal,C00042,25.7,LC Gate Signal,Signal failure,Medium,3,2,1,2025-06-03,2025-06-23,8,111,3,Preventive,No,Open
SMMS001982,AST006461,Point Machine,C00046,13.1,Electric Point Machine,Point machine fault,Low,3,2,1,2025-06-05,2025-06-28,0,139,2,Preventive,Yes,Completed
SMMS001983,AST006483,Relay,C00023,22.2,Relay Interlocking,Relay degradation,Critical,4,4,4,2025-05-28,2025-05-31,31,75,2,Corrective,Yes,Scheduled
SMMS001984,AST005735,Relay,C00057,29.6,Relay Interlocking,Relay degradation,High,2,3,2,2025-05-24,2025-06-03,28,136,4,Corrective,Yes,In Progress
SMMS001985,AST007060,Axle Counter,C00095,42.3,Axle Counter,Axle counter fault,Low,3,2,2,2025-04-18,2025-05-23,39,142,2,Preventive,No,Open
SMMS001986,AST008104,Optical Fiber,C00069,14.8,OFC Link,Cable fault,Medium,4,2,1,2025-06-29,2025-07-17,0,103,3,Corrective,No,In Progress
SMMS001987,AST006694,Track Circuit,C00061,6.1,Track Circuit,Track circuit fault,Low,2,2,1,2025-04-16,2025-05-18,44,114,3,Inspection,No,In Progress
SMMS001988,AST008387,Optical Fiber,C00013,63.8,OFC Link,Cable fault,High,4,4,3,2025-06-10,2025-06-17,14,163,3,Preventive,No,Scheduled
SMMS001989,AST008116,Relay,C00017,2.3,Relay Interlocking,Relay degradation,Low,2,2,1,2025-05-30,2025-07-14,0,64,1,Corrective,No,Open
SMMS001990,AST006995,Telecom Cable,C00060,11.6,Quad Cable,Cable fault,High,2,4,2,2025-05-25,2025-06-02,29,128,3,Preventive,Yes,Deferred
SMMS001991,AST005536,Signal,C00010,6.8,Colour Light Signal,Signal failure,Low,4,2,2,2025-05-18,2025-06-20,0,177,5,Corrective,Yes,Completed
SMMS001992,AST008094,Level Crossing Signal,C00078,117.8,LC Gate Signal,Signal failure,High,4,3,3,2025-06-25,2025-07-02,0,112,3,Corrective,No,Completed
SMMS001993,AST006706,Point Machine,C00038,5.7,Electric Point Machine,Point machine fault,Medium,3,1,3,2025-06-10,2025-06-29,2,236,4,Preventive,No,Scheduled
SMMS001994,AST006822,Signal,C00029,25.6,Colour Light Signal,Signal failure,Critical,3,3,4,2025-06-18,2025-06-21,10,59,4,Corrective,Yes,Open
SMMS001995,AST008241,Signal,C00001,44.3,Colour Light Signal,Signal lamp/equipment replacement,Medium,2,3,2,2025-04-28,2025-05-14,48,120,3,Corrective,No,In Progress
SMMS001996,AST008087,Track Circuit,C00055,53.3,Track Circuit,Track circuit fault,High,2,4,2,2025-04-15,2025-04-26,66,132,5,Preventive,Yes,Scheduled
SMMS001997,AST006229,Optical Fiber,C00098,2.1,OFC Link,Cable fault,High,3,3,3,2025-06-19,2025-06-26,5,223,3,Preventive,Yes,Open
SMMS001998,AST007275,Level Crossing Signal,C00081,30.0,LC Gate Signal,Signal failure,High,4,3,2,2025-06-17,2025-06-25,6,71,3,Preventive,No,Open
SMMS001999,AST008554,Telecom Cable,C00031,7.2,Quad Cable,Cable fault,High,2,4,5,2025-04-29,2025-05-07,55,174,3,Corrective,Yes,Open
SMMS002000,AST006700,Axle Counter,C00037,9.8,Axle Counter,Axle counter fault,High,3,3,4,2025-05-28,2025-06-04,27,84,3,Corrective,No,Open
SMMS002001,AST007988,Interlocking,C00083,91.5,Route Relay Interlocking,Interlocking inspection,Low,2,1,1,2025-06-18,2025-08-01,0,210,5,Inspection,Yes,Open
SMMS002002,AST006397,Interlocking,C00030,18.9,Route Relay Interlocking,Interlocking inspection,Medium,2,3,1,2025-06-25,2025-07-13,0,165,3,Inspection,Yes,In Progress
SMMS002003,AST005768,Track Circuit,C00098,1.7,Track Circuit,Track circuit fault,Medium,2,2,1,2025-04-16,2025-04-30,62,134,1,Preventive,No,Scheduled
SMMS002004,AST005587,Point Machine,C00038,191.9,Electric Point Machine,Point machine fault,Medium,2,3,2,2025-06-09,2025-06-25,6,175,2,Preventive,No,Deferred
SMMS002005,AST006075,Signal,C00019,82.0,Colour Light Signal,Signal lamp/equipment replacement,Low,3,1,1,2025-06-08,2025-07-09,0,113,3,Preventive,Yes,Scheduled
SMMS002006,AST006718,Telecom Cable,C00032,9.5,Quad Cable,Cable fault,Low,3,2,2,2025-06-20,2025-07-22,0,83,2,Corrective,Yes,Scheduled
SMMS002007,AST006445,Relay,C00041,21.5,Relay Interlocking,Relay degradation,High,4,3,3,2025-06-27,2025-07-05,0,85,3,Corrective,Yes,In Progress
SMMS002008,AST005288,Relay,C00096,130.5,Relay Interlocking,Relay degradation,Medium,5,4,4,2025-06-18,2025-07-09,0,43,3,Corrective,Yes,Open
SMMS002009,AST007671,Point Machine,C00052,174.1,Electric Point Machine,Point machine fault,Medium,1,2,1,2025-06-20,2025-07-08,0,101,3,Preventive,No,In Progress
SMMS002010,AST006730,Axle Counter,C00047,1.5,Axle Counter,Axle counter fault,Critical,4,4,3,2025-06-14,2025-06-17,14,166,2,Corrective,Yes,Open
SMMS002011,AST006929,Optical Fiber,C00056,22.0,OFC Link,Cable fault,Low,2,2,2,2025-06-03,2025-06-25,6,154,5,Corrective,Yes,Open
SMMS002012,AST006421,Track Circuit,C00001,357.3,Track Circuit,Track circuit fault,Low,1,2,1,2025-06-13,2025-07-19,0,64,3,Corrective,Yes,Scheduled
SMMS002013,AST008112,Track Circuit,C00095,33.7,Track Circuit,Track circuit fault,Medium,2,2,2,2025-05-15,2025-06-01,0,100,3,Corrective,Yes,Completed
SMMS002014,AST006141,Axle Counter,C00037,49.4,Axle Counter,Axle counter fault,Critical,4,4,3,2025-05-20,2025-05-23,39,103,2,Preventive,Yes,Deferred
SMMS002015,AST005943,Point Machine,C00025,37.1,Electric Point Machine,Point machine fault,Medium,3,2,2,2025-05-06,2025-05-27,0,198,4,Corrective,No,Completed
SMMS002016,AST006927,Relay,C00047,10.1,Relay Interlocking,Relay degradation,Low,2,2,2,2025-06-18,2025-07-16,0,74,2,Corrective,No,Open
SMMS002017,AST005496,Axle Counter,C00025,84.7,Axle Counter,Axle counter fault,Low,3,4,1,2025-03-27,2025-04-30,0,56,1,Preventive,Yes,Completed
SMMS002018,AST006055,Telecom Cable,C00015,41.8,Quad Cable,Cable fault,Medium,4,4,2,2025-06-09,2025-06-30,1,157,3,Preventive,No,Open
SMMS002019,AST008355,Telecom Cable,C00024,68.7,Quad Cable,Cable fault,High,3,2,1,2025-06-29,2025-07-08,0,200,4,Preventive,No,Open
SMMS002020,AST007855,Telecom Cable,C00029,19.0,Quad Cable,Cable fault,High,3,5,4,2025-05-25,2025-06-02,29,159,3,Corrective,No,Open
SMMS002021,AST008161,Track Circuit,C00086,88.7,Track Circuit,Track circuit fault,Low,2,1,2,2025-06-16,2025-07-23,0,108,2,Corrective,Yes,Open
SMMS002022,AST006658,Level Crossing Signal,C00081,53.9,LC Gate Signal,Signal failure,Medium,3,3,2,2025-05-01,2025-05-16,46,44,2,Preventive,Yes,Open
SMMS002023,AST008356,Relay,C00055,6.6,Relay Interlocking,Relay degradation,Low,2,2,1,2025-03-30,2025-05-04,58,78,3,Inspection,No,Scheduled
SMMS002024,AST005751,Level Crossing Signal,C00050,50.1,LC Gate Signal,Signal failure,Low,3,2,1,2025-05-23,2025-07-03,0,78,4,Inspection,No,Completed
SMMS002025,AST005814,Optical Fiber,C00087,163.0,OFC Link,Cable fault,Medium,1,2,1,2025-06-16,2025-07-03,0,195,3,Corrective,No,Open
SMMS002026,AST008623,Axle Counter,C00041,17.6,Axle Counter,Axle counter fault,Low,5,2,3,2025-06-07,2025-07-06,0,141,3,Inspection,Yes,Open
SMMS002027,AST006296,Optical Fiber,C00037,80.1,OFC Link,Cable fault,Low,5,3,1,2025-05-17,2025-06-11,20,139,2,Corrective,Yes,Open
SMMS002028,AST005398,Level Crossing Signal,C00034,7.9,LC Gate Signal,Signal failure,Low,1,1,3,2025-06-30,2025-08-11,0,72,2,Inspection,Yes,Open
SMMS002029,AST006825,Level Crossing Signal,C00009,71.9,LC Gate Signal,Signal failure,High,3,3,3,2025-06-27,2025-07-08,0,93,2,Preventive,Yes,Deferred
SMMS002030,AST005461,Interlocking,C00100,4.3,Route Relay Interlocking,Interlocking inspection,Low,4,3,2,2025-06-19,2025-07-23,0,211,4,Inspection,No,Open
SMMS002031,AST007653,Level Crossing Signal,C00013,61.1,LC Gate Signal,Signal failure,Medium,2,2,2,2025-03-15,2025-03-29,94,147,1,Preventive,No,Scheduled
SMMS002032,AST006216,Signal,C00065,53.5,Colour Light Signal,Signal failure,High,4,3,2,2025-05-22,2025-05-30,0,76,2,Corrective,Yes,Completed
SMMS002033,AST008359,Track Circuit,C00052,37.7,Track Circuit,Track circuit fault,Medium,4,2,1,2025-06-01,2025-06-15,0,141,4,Corrective,Yes,Completed
SMMS002034,AST005980,Signal,C00040,30.4,Colour Light Signal,Signal lamp/equipment replacement,Medium,2,3,3,2025-06-30,2025-07-21,0,125,3,Preventive,Yes,In Progress
SMMS002035,AST008587,Optical Fiber,C00027,117.9,OFC Link,Cable fault,Medium,3,2,1,2025-06-19,2025-06-29,2,91,3,Corrective,No,Scheduled
SMMS002036,AST008042,Track Circuit,C00069,178.9,Track Circuit,Track circuit fault,High,4,4,2,2025-03-09,2025-03-20,103,188,5,Preventive,Yes,Scheduled
SMMS002037,AST005621,Interlocking,C00024,4.7,Route Relay Interlocking,Interlocking inspection,High,4,3,2,2025-06-29,2025-07-06,0,214,4,Inspection,Yes,Open
SMMS002038,AST007682,Telecom Cable,C00059,107.9,Quad Cable,Cable fault,High,3,3,3,2025-05-16,2025-05-26,36,120,4,Preventive,Yes,Open
SMMS002039,AST006226,Point Machine,C00034,14.3,Electric Point Machine,Point machine fault,High,3,4,4,2025-06-15,2025-06-23,8,149,2,Preventive,Yes,Open
SMMS002040,AST007630,Point Machine,C00045,181.5,Electric Point Machine,Point machine fault,Medium,3,3,3,2025-06-04,2025-06-21,10,90,3,Corrective,No,Open
SMMS002041,AST008304,Axle Counter,C00020,87.3,Axle Counter,Axle counter fault,Critical,4,5,3,2025-06-23,2025-06-26,5,150,3,Preventive,No,Open
SMMS002042,AST007084,Signal,C00089,68.2,Colour Light Signal,Signal lamp/equipment replacement,Critical,3,4,3,2025-06-10,2025-06-14,17,157,3,Corrective,No,Open
SMMS002043,AST005297,Telecom Cable,C00032,15.6,Quad Cable,Cable fault,Low,2,2,1,2025-04-04,2025-05-20,42,166,2,Inspection,No,Scheduled
SMMS002044,AST006365,Signal,C00097,22.8,Colour Light Signal,Signal failure,Low,3,2,2,2025-06-01,2025-07-16,0,102,2,Corrective,No,Open
SMMS002045,AST007714,Relay,C00050,30.2,Relay Interlocking,Relay degradation,Low,1,2,1,2025-06-04,2025-07-09,0,116,3,Preventive,Yes,Open
SMMS002046,AST007300,Telecom Cable,C00088,59.6,Quad Cable,Cable fault,Medium,4,3,2,2025-06-03,2025-06-21,10,241,5,Corrective,Yes,Scheduled
SMMS002047,AST005811,Point Machine,C00017,0.4,Electric Point Machine,Point machine fault,Medium,3,3,2,2025-06-06,2025-06-27,4,155,2,Preventive,No,Scheduled
SMMS002048,AST005749,Signal,C00032,15.3,Colour Light Signal,Signal failure,Medium,2,2,2,2025-04-28,2025-05-17,45,119,3,Preventive,Yes,In Progress
SMMS002049,AST007290,Point Machine,C00014,15.6,Electric Point Machine,Point machine fault,Low,2,1,1,2025-05-19,2025-06-20,0,144,3,Inspection,No,Completed
SMMS002050,AST005875,Optical Fiber,C00020,83.0,OFC Link,Cable fault,Critical,4,4,2,2025-05-25,2025-05-29,33,241,4,Corrective,Yes,Scheduled
SMMS002051,AST007310,Telecom Cable,C00092,59.2,Quad Cable,Cable fault,Low,3,3,1,2025-06-27,2025-08-12,0,179,3,Preventive,No,Open
SMMS002052,AST005999,Level Crossing Signal,C00095,23.9,LC Gate Signal,Signal failure,Medium,2,3,3,2025-06-26,2025-07-11,0,203,4,Preventive,No,Completed
SMMS002053,AST005651,Optical Fiber,C00024,78.0,OFC Link,Cable fault,Critical,4,5,4,2025-04-17,2025-04-22,70,213,4,Preventive,Yes,In Progress
SMMS002054,AST006555,Interlocking,C00022,148.0,Route Relay Interlocking,Interlocking inspection,High,3,3,2,2025-05-19,2025-05-26,0,255,2,Inspection,Yes,Completed
SMMS002055,AST006900,Optical Fiber,C00025,403.6,OFC Link,Cable fault,High,3,4,3,2025-06-24,2025-07-04,0,194,3,Corrective,Yes,Completed
SMMS002056,AST006303,Axle Counter,C00077,32.5,Axle Counter,Axle counter fault,Low,3,2,2,2025-06-28,2025-07-23,0,45,2,Corrective,No,Completed
SMMS002057,AST006509,Point Machine,C00097,5.9,Electric Point Machine,Point machine fault,Critical,5,5,4,2025-06-25,2025-06-26,5,290,4,Corrective,No,Scheduled
SMMS002058,AST007738,Optical Fiber,C00088,76.2,OFC Link,Cable fault,High,4,5,3,2025-06-07,2025-06-15,16,151,2,Preventive,Yes,Open
SMMS002059,AST006271,Level Crossing Signal,C00086,35.9,LC Gate Signal,Signal failure,High,4,3,2,2025-06-20,2025-06-27,4,110,3,Corrective,No,Scheduled
SMMS002060,AST006691,Signal,C00011,142.1,Colour Light Signal,Signal failure,Critical,3,2,3,2025-06-03,2025-06-08,23,55,2,Preventive,Yes,Deferred
SMMS002061,AST005905,Point Machine,C00037,73.8,Electric Point Machine,Point machine fault,Medium,4,3,2,2025-05-30,2025-06-20,11,212,2,Preventive,Yes,Open
SMMS002062,AST006130,Relay,C00011,112.0,Relay Interlocking,Relay degradation,Medium,4,2,3,2025-06-15,2025-07-06,0,68,3,Preventive,No,Completed
SMMS002063,AST006696,Track Circuit,C00021,47.2,Track Circuit,Track circuit fault,High,3,4,3,2025-06-19,2025-06-29,2,193,2,Preventive,Yes,Scheduled
SMMS002064,AST006354,Axle Counter,C00091,150.7,Axle Counter,Axle counter fault,High,4,3,2,2025-03-06,2025-03-12,0,152,3,Corrective,Yes,Completed
SMMS002065,AST007234,Level Crossing Signal,C00084,61.3,LC Gate Signal,Signal failure,Low,3,2,2,2025-06-18,2025-08-06,0,94,5,Corrective,Yes,Scheduled
SMMS002066,AST008061,Telecom Cable,C00076,94.2,Quad Cable,Cable fault,Low,2,1,1,2025-06-05,2025-07-16,0,180,3,Corrective,Yes,Open
SMMS002067,AST008562,Axle Counter,C00059,196.2,Axle Counter,Axle counter fault,Low,2,2,2,2025-06-23,2025-07-29,0,117,2,Inspection,No,In Progress
SMMS002068,AST008320,Optical Fiber,C00093,32.9,OFC Link,Cable fault,Critical,3,5,3,2025-06-26,2025-06-29,2,147,3,Corrective,No,Open
SMMS002069,AST006450,Optical Fiber,C00014,1.2,OFC Link,Cable fault,Medium,3,3,2,2025-06-29,2025-07-13,0,159,5,Corrective,Yes,Open
SMMS002070,AST005634,Interlocking,C00059,192.4,Route Relay Interlocking,Interlocking inspection,Medium,2,3,2,2025-04-30,2025-05-17,45,170,4,Inspection,Yes,Scheduled
SMMS002071,AST005436,Signal,C00068,40.8,Colour Light Signal,Signal lamp/equipment replacement,Low,2,1,1,2025-05-22,2025-06-29,2,59,2,Corrective,No,Open
SMMS002072,AST006229,Optical Fiber,C00098,2.1,OFC Link,Cable fault,Low,2,1,3,2025-03-16,2025-04-29,63,136,2,Corrective,Yes,Deferred
SMMS002073,AST007409,Axle Counter,C00016,70.6,Axle Counter,Axle counter fault,Low,3,2,1,2025-06-19,2025-07-18,0,117,4,Inspection,Yes,Scheduled
SMMS002074,AST007855,Telecom Cable,C00029,19.0,Quad Cable,Cable fault,Critical,4,5,3,2025-06-21,2025-06-22,9,218,5,Corrective,No,Scheduled
SMMS002075,AST006819,Interlocking,C00057,100.8,Route Relay Interlocking,Interlocking inspection,Low,1,2,1,2025-06-02,2025-07-11,0,220,5,Inspection,Yes,Open
SMMS002076,AST007198,Interlocking,C00049,44.7,Route Relay Interlocking,Interlocking inspection,Medium,4,3,1,2025-06-28,2025-07-09,0,206,3,Inspection,No,In Progress
SMMS002077,AST008146,Interlocking,C00079,5.1,Route Relay Interlocking,Interlocking inspection,Medium,4,3,1,2025-05-31,2025-06-20,11,196,2,Inspection,No,Open
SMMS002078,AST008503,Level Crossing Signal,C00037,11.8,LC Gate Signal,Signal failure,Critical,4,4,4,2025-06-30,2025-07-04,0,49,3,Preventive,Yes,In Progress
SMMS002079,AST005481,Level Crossing Signal,C00023,8.2,LC Gate Signal,Signal failure,Medium,3,2,2,2025-03-31,2025-04-17,75,152,3,Preventive,Yes,Open
SMMS002080,AST005720,Interlocking,C00083,28.4,Route Relay Interlocking,Interlocking inspection,High,4,5,3,2025-05-21,2025-06-01,30,160,2,Inspection,No,Open
SMMS002081,AST007033,Track Circuit,C00017,2.7,Track Circuit,Track circuit fault,Critical,5,4,4,2025-06-20,2025-06-24,7,158,3,Corrective,No,In Progress
SMMS002082,AST006854,Level Crossing Signal,C00085,166.8,LC Gate Signal,Signal failure,Low,1,1,1,2025-05-29,2025-07-01,0,105,4,Inspection,No,In Progress
SMMS002083,AST006080,Axle Counter,C00052,102.1,Axle Counter,Axle counter fault,Medium,3,3,2,2025-04-13,2025-04-30,62,141,3,Corrective,Yes,Open
SMMS002084,AST006277,Point Machine,C00100,6.7,Electric Point Machine,Point machine fault,Critical,4,4,2,2025-06-24,2025-06-26,5,214,3,Corrective,No,Scheduled
SMMS002085,AST007306,Telecom Cable,C00001,281.5,Quad Cable,Cable fault,Medium,5,3,2,2025-06-22,2025-07-04,0,130,3,Preventive,No,Open
SMMS002086,AST008622,Telecom Cable,C00017,1.9,Quad Cable,Cable fault,Medium,3,3,1,2025-06-28,2025-07-09,0,223,3,Preventive,No,Completed
SMMS002087,AST008593,Point Machine,C00097,12.5,Electric Point Machine,Point machine fault,Critical,4,4,4,2025-06-21,2025-06-24,7,237,4,Corrective,No,Scheduled
SMMS002088,AST006508,Interlocking,C00036,42.6,Route Relay Interlocking,Interlocking inspection,Medium,2,1,3,2025-06-25,2025-07-12,0,201,4,Inspection,No,Deferred
SMMS002089,AST005693,Axle Counter,C00040,88.9,Axle Counter,Axle counter fault,Low,2,1,3,2025-05-20,2025-06-19,0,79,1,Inspection,No,Completed
SMMS002090,AST008296,Interlocking,C00051,20.8,Route Relay Interlocking,Interlocking inspection,Medium,3,2,1,2025-06-27,2025-07-18,0,210,4,Inspection,No,Open
SMMS002091,AST006836,Level Crossing Signal,C00069,307.4,LC Gate Signal,Signal failure,High,5,4,3,2025-06-23,2025-06-29,2,142,1,Preventive,Yes,Open
SMMS002092,AST008146,Interlocking,C00079,5.1,Route Relay Interlocking,Interlocking inspection,High,4,2,2,2025-05-23,2025-06-02,29,230,5,Inspection,Yes,Scheduled
SMMS002093,AST007667,Telecom Cable,C00049,3.6,Quad Cable,Cable fault,Medium,3,3,1,2025-05-23,2025-06-04,27,165,4,Corrective,Yes,Open
SMMS002094,AST006815,Interlocking,C00070,5.1,Route Relay Interlocking,Interlocking inspection,Critical,4,5,5,2025-03-19,2025-03-22,101,272,3,Inspection,No,Open
SMMS002095,AST008301,Point Machine,C00026,247.0,Electric Point Machine,Point machine fault,Low,2,1,1,2025-06-04,2025-07-15,0,125,2,Preventive,Yes,Open
SMMS002096,AST007302,Interlocking,C00089,71.0,Route Relay Interlocking,Interlocking inspection,Medium,2,4,2,2025-06-20,2025-07-04,0,173,3,Inspection,Yes,Open
SMMS002097,AST007324,Signal,C00074,10.6,Colour Light Signal,Signal failure,Medium,1,3,2,2025-03-15,2025-04-01,91,98,2,Preventive,Yes,Open
SMMS002098,AST008134,Relay,C00024,32.8,Relay Interlocking,Relay degradation,Low,2,3,1,2025-05-02,2025-05-31,0,61,2,Preventive,Yes,Completed
SMMS002099,AST006053,Optical Fiber,C00095,8.1,OFC Link,Cable fault,Low,2,2,2,2025-05-28,2025-06-26,5,113,3,Preventive,Yes,Open
SMMS002100,AST005509,Signal,C00096,133.2,Colour Light Signal,Signal lamp/equipment replacement,Medium,4,2,4,2025-06-07,2025-06-25,0,44,3,Preventive,Yes,Completed
SMMS002101,AST006357,Signal,C00016,67.2,Colour Light Signal,Signal failure,Medium,4,3,2,2025-05-31,2025-06-18,13,79,5,Preventive,Yes,Scheduled
SMMS002102,AST007978,Track Circuit,C00090,58.9,Track Circuit,Track circuit fault,Low,2,3,2,2025-06-26,2025-08-04,0,101,2,Corrective,No,Scheduled
SMMS002103,AST005322,Telecom Cable,C00044,41.5,Quad Cable,Cable fault,Low,3,2,1,2025-05-19,2025-06-18,13,149,5,Corrective,Yes,In Progress
SMMS002104,AST007675,Level Crossing Signal,C00088,91.4,LC Gate Signal,Signal failure,Medium,4,2,3,2025-06-05,2025-06-19,12,174,3,Corrective,Yes,Scheduled
SMMS002105,AST006088,Relay,C00040,93.5,Relay Interlocking,Relay degradation,Critical,4,5,4,2025-06-28,2025-07-01,0,94,3,Preventive,Yes,Open
SMMS002106,AST006678,Relay,C00066,36.9,Relay Interlocking,Relay degradation,High,3,3,3,2025-04-20,2025-04-27,65,91,3,Preventive,No,Open
SMMS002107,AST006905,Telecom Cable,C00060,17.7,Quad Cable,Cable fault,Low,5,2,1,2025-06-01,2025-07-07,0,90,2,Inspection,Yes,Open
SMMS002108,AST007339,Point Machine,C00098,3.4,Electric Point Machine,Point machine fault,High,3,3,5,2025-06-19,2025-06-23,8,151,1,Preventive,Yes,Scheduled
SMMS002109,AST008373,Level Crossing Signal,C00084,10.0,LC Gate Signal,Signal failure,Low,3,2,2,2025-06-30,2025-08-08,0,162,2,Preventive,Yes,Scheduled
SMMS002110,AST005604,Level Crossing Signal,C00063,77.7,LC Gate Signal,Signal failure,Critical,4,3,3,2025-06-16,2025-06-19,12,182,1,Corrective,Yes,Open
SMMS002111,AST007619,Point Machine,C00004,39.9,Electric Point Machine,Point machine fault,High,5,4,4,2025-03-23,2025-03-30,93,190,5,Corrective,Yes,Open
SMMS002112,AST008621,Axle Counter,C00032,1.1,Axle Counter,Axle counter fault,High,4,4,2,2025-06-19,2025-06-27,4,94,5,Preventive,Yes,Scheduled
SMMS002113,AST008471,Interlocking,C00051,13.6,Route Relay Interlocking,Interlocking inspection,Medium,3,3,2,2025-05-28,2025-06-16,15,186,5,Inspection,Yes,Open
SMMS002114,AST007142,Track Circuit,C00069,269.9,Track Circuit,Track circuit fault,High,4,3,3,2025-06-04,2025-06-09,0,183,3,Preventive,Yes,Completed
SMMS002115,AST005641,Optical Fiber,C00046,21.1,OFC Link,Cable fault,Medium,3,2,1,2025-05-23,2025-06-13,18,174,3,Preventive,Yes,Open
SMMS002116,AST006633,Level Crossing Signal,C00085,64.3,LC Gate Signal,Signal failure,Low,2,2,2,2025-05-25,2025-06-27,4,73,2,Preventive,Yes,Open
SMMS002117,AST006426,Optical Fiber,C00097,5.0,OFC Link,Cable fault,Low,3,2,2,2025-06-15,2025-07-26,0,157,2,Corrective,No,Open
SMMS002118,AST007488,Interlocking,C00018,61.1,Route Relay Interlocking,Interlocking inspection,Medium,2,3,2,2025-05-09,2025-05-23,39,150,4,Inspection,Yes,Scheduled
SMMS002119,AST006941,Track Circuit,C00097,0.9,Track Circuit,Track circuit fault,Critical,5,4,4,2025-06-24,2025-06-28,3,104,2,Corrective,Yes,Open
SMMS002120,AST007054,Optical Fiber,C00038,91.0,OFC Link,Cable fault,Low,1,2,2,2025-05-17,2025-06-13,18,160,3,Preventive,Yes,Deferred
SMMS002121,AST005569,Optical Fiber,C00049,8.3,OFC Link,Cable fault,Low,5,2,1,2025-04-18,2025-05-30,32,99,5,Inspection,No,Open
SMMS002122,AST007179,Relay,C00050,9.2,Relay Interlocking,Relay degradation,High,3,3,2,2025-06-20,2025-06-29,2,169,4,Corrective,Yes,Deferred
SMMS002123,AST005544,Track Circuit,C00028,93.6,Track Circuit,Track circuit fault,Critical,3,4,4,2025-06-30,2025-07-03,0,114,2,Preventive,No,Completed
SMMS002124,AST007272,Level Crossing Signal,C00068,10.9,LC Gate Signal,Signal failure,Critical,4,5,3,2025-06-17,2025-06-19,0,182,4,Preventive,Yes,Completed
SMMS002125,AST008211,Axle Counter,C00046,13.8,Axle Counter,Axle counter fault,Medium,3,3,3,2025-05-13,2025-05-29,33,118,2,Corrective,Yes,Scheduled
SMMS002126,AST008174,Level Crossing Signal,C00091,156.0,LC Gate Signal,Signal failure,Medium,3,2,1,2025-06-15,2025-06-29,2,104,2,Preventive,Yes,Open
SMMS002127,AST006205,Interlocking,C00067,32.7,Route Relay Interlocking,Interlocking inspection,High,3,3,1,2025-04-11,2025-04-20,72,205,3,Inspection,Yes,Open
SMMS002128,AST008227,Axle Counter,C00016,55.3,Axle Counter,Axle counter fault,High,3,3,3,2025-05-05,2025-05-12,50,131,3,Corrective,No,Scheduled
SMMS002129,AST006754,Level Crossing Signal,C00035,4.2,LC Gate Signal,Signal failure,Low,2,1,2,2025-06-22,2025-07-17,0,81,3,Inspection,Yes,Completed
SMMS002130,AST005312,Axle Counter,C00047,33.3,Axle Counter,Axle counter fault,Critical,3,5,3,2025-06-27,2025-06-29,2,116,1,Corrective,Yes,Open
SMMS002131,AST007518,Track Circuit,C00095,86.3,Track Circuit,Track circuit fault,Critical,4,5,3,2025-05-04,2025-05-06,56,183,3,Corrective,Yes,In Progress
SMMS002132,AST008061,Telecom Cable,C00076,94.2,Quad Cable,Cable fault,Critical,4,5,3,2025-06-26,2025-06-30,1,178,4,Corrective,No,Scheduled
SMMS002133,AST007250,Telecom Cable,C00053,100.7,Quad Cable,Cable fault,Medium,3,2,2,2025-05-25,2025-06-08,23,108,2,Preventive,No,Open
SMMS002134,AST005700,Optical Fiber,C00097,11.7,OFC Link,Cable fault,High,2,2,3,2025-06-07,2025-06-12,19,124,4,Corrective,Yes,Open
SMMS002135,AST005433,Axle Counter,C00088,59.3,Axle Counter,Axle counter fault,High,3,4,4,2025-04-24,2025-04-28,0,138,1,Corrective,No,Completed
SMMS002136,AST005567,Level Crossing Signal,C00036,40.5,LC Gate Signal,Signal failure,High,4,3,2,2025-05-20,2025-05-26,36,59,2,Corrective,Yes,In Progress
SMMS002137,AST008385,Point Machine,C00061,61.9,Electric Point Machine,Point machine fault,Low,3,2,2,2025-06-05,2025-07-14,0,101,3,Preventive,No,Open
SMMS002138,AST007052,Interlocking,C00043,19.4,Route Relay Interlocking,Interlocking inspection,High,4,4,3,2025-06-10,2025-06-18,13,239,3,Inspection,Yes,Open
SMMS002139,AST005753,Relay,C00013,102.2,Relay Interlocking,Relay degradation,Low,2,3,1,2025-05-31,2025-07-12,0,67,3,Preventive,No,Scheduled
SMMS002140,AST007050,Relay,C00081,5.5,Relay Interlocking,Relay degradation,Medium,2,3,2,2025-06-24,2025-07-14,0,105,3,Corrective,Yes,In Progress
SMMS002141,AST007687,Interlocking,C00082,103.9,Route Relay Interlocking,Interlocking inspection,Critical,4,4,3,2025-06-12,2025-06-16,0,213,2,Inspection,No,Completed
SMMS002142,AST007766,Relay,C00027,42.0,Relay Interlocking,Relay degradation,Low,2,1,1,2025-06-20,2025-07-15,0,81,2,Inspection,No,Open
SMMS002143,AST008384,Optical Fiber,C00010,87.0,OFC Link,Cable fault,Medium,2,2,2,2025-06-25,2025-07-11,0,146,4,Corrective,No,Open
SMMS002144,AST005455,Track Circuit,C00006,0.6,Track Circuit,Track circuit fault,High,4,4,2,2025-06-29,2025-07-09,0,150,4,Corrective,No,Scheduled
SMMS002145,AST006501,Interlocking,C00021,51.8,Route Relay Interlocking,Interlocking inspection,Medium,2,3,2,2025-05-02,2025-05-15,47,201,4,Inspection,No,Open
SMMS002146,AST007292,Interlocking,C00099,0.5,Route Relay Interlocking,Interlocking inspection,Low,2,2,3,2025-05-30,2025-07-09,0,159,4,Inspection,Yes,Scheduled
SMMS002147,AST006275,Optical Fiber,C00075,9.5,OFC Link,Cable fault,Critical,3,4,2,2025-06-12,2025-06-16,15,139,1,Preventive,Yes,Open
SMMS002148,AST005678,Telecom Cable,C00083,52.0,Quad Cable,Cable fault,Medium,3,4,2,2025-06-14,2025-07-02,0,196,3,Corrective,Yes,In Progress
SMMS002149,AST006110,Track Circuit,C00051,49.8,Track Circuit,Track circuit fault,Medium,3,2,1,2025-04-28,2025-05-19,0,128,4,Corrective,Yes,Completed
SMMS002150,AST008531,Point Machine,C00057,32.3,Electric Point Machine,Point machine fault,Medium,2,3,2,2025-06-21,2025-07-11,0,177,4,Preventive,Yes,Open
SMMS002151,AST006179,Track Circuit,C00027,76.2,Track Circuit,Track circuit fault,Low,4,2,2,2025-05-22,2025-06-30,1,97,3,Preventive,Yes,Open
SMMS002152,AST006376,Interlocking,C00022,42.0,Route Relay Interlocking,Interlocking inspection,Medium,3,3,1,2025-04-06,2025-04-27,65,228,3,Inspection,Yes,Open
SMMS002153,AST007906,Telecom Cable,C00065,50.5,Quad Cable,Cable fault,Medium,2,4,2,2025-06-30,2025-07-14,0,105,5,Corrective,Yes,Completed
SMMS002154,AST007469,Relay,C00090,88.4,Relay Interlocking,Relay degradation,High,2,3,3,2025-06-27,2025-07-06,0,82,3,Preventive,Yes,Open
SMMS002155,AST005362,Interlocking,C00011,54.0,Route Relay Interlocking,Interlocking inspection,Medium,4,3,1,2025-05-25,2025-06-09,22,174,3,Inspection,Yes,Scheduled
SMMS002156,AST005297,Telecom Cable,C00032,15.6,Quad Cable,Cable fault,Critical,5,4,3,2025-04-21,2025-04-24,68,180,2,Preventive,No,Open
SMMS002157,AST007523,Axle Counter,C00082,36.1,Axle Counter,Axle counter fault,High,3,3,3,2025-06-25,2025-07-04,0,65,2,Preventive,Yes,Scheduled
SMMS002158,AST007263,Track Circuit,C00043,2.4,Track Circuit,Track circuit fault,Low,2,2,2,2025-06-23,2025-08-05,0,108,2,Corrective,Yes,Completed
SMMS002159,AST007069,Level Crossing Signal,C00088,52.2,LC Gate Signal,Signal failure,Medium,2,3,1,2025-05-20,2025-06-08,23,108,4,Preventive,No,In Progress
SMMS002160,AST007080,Track Circuit,C00042,53.7,Track Circuit,Track circuit fault,Medium,2,2,3,2025-06-15,2025-06-30,1,174,2,Corrective,Yes,Scheduled
SMMS002161,AST007778,Point Machine,C00033,45.0,Electric Point Machine,Point machine fault,Low,4,3,1,2025-06-24,2025-07-26,0,172,4,Corrective,No,Scheduled
SMMS002162,AST005721,Relay,C00064,131.5,Relay Interlocking,Relay degradation,High,5,3,2,2025-06-21,2025-06-28,0,91,3,Preventive,Yes,Completed
SMMS002163,AST008554,Telecom Cable,C00031,7.2,Quad Cable,Cable fault,Medium,1,3,3,2025-06-22,2025-07-09,0,110,2,Preventive,No,In Progress
SMMS002164,AST007733,Track Circuit,C00097,18.4,Track Circuit,Track circuit fault,Low,4,1,2,2025-06-23,2025-07-24,0,150,3,Preventive,Yes,In Progress
SMMS002165,AST007565,Telecom Cable,C00008,51.2,Quad Cable,Cable fault,Low,1,2,1,2025-06-11,2025-07-06,0,200,4,Inspection,Yes,Open
SMMS002166,AST006591,Axle Counter,C00050,23.4,Axle Counter,Axle counter fault,Critical,4,4,3,2025-04-27,2025-04-28,0,71,4,Corrective,Yes,Completed
SMMS002167,AST005752,Telecom Cable,C00096,112.7,Quad Cable,Cable fault,Medium,3,4,2,2025-04-02,2025-04-22,70,131,2,Preventive,No,Open
SMMS002168,AST008237,Signal,C00052,170.2,Colour Light Signal,Signal lamp/equipment replacement,Low,3,2,2,2025-06-29,2025-08-14,0,87,2,Corrective,Yes,Completed
SMMS002169,AST005476,Axle Counter,C00039,10.2,Axle Counter,Axle counter fault,Critical,5,5,4,2025-06-18,2025-06-21,0,193,4,Corrective,No,Completed
SMMS002170,AST007989,Telecom Cable,C00039,6.6,Quad Cable,Cable fault,High,4,5,2,2025-05-27,2025-05-31,31,273,3,Preventive,No,Scheduled
SMMS002171,AST006691,Signal,C00011,142.1,Colour Light Signal,Signal failure,Medium,3,3,1,2025-05-26,2025-06-11,0,200,6,Corrective,Yes,Completed
SMMS002172,AST007744,Telecom Cable,C00082,32.8,Quad Cable,Cable fault,High,4,3,4,2025-04-25,2025-05-05,57,193,3,Corrective,Yes,Open
SMMS002173,AST008571,Track Circuit,C00047,9.9,Track Circuit,Track circuit fault,Medium,3,3,3,2025-06-15,2025-07-08,0,113,4,Preventive,Yes,Open
SMMS002174,AST007626,Signal,C00010,23.8,Colour Light Signal,Signal lamp/equipment replacement,Medium,3,4,1,2025-03-09,2025-03-29,94,58,3,Corrective,Yes,Open
SMMS002175,AST008132,Optical Fiber,C00068,146.2,OFC Link,Cable fault,Medium,2,3,2,2025-06-29,2025-07-16,0,116,4,Preventive,Yes,Scheduled
SMMS002176,AST006119,Telecom Cable,C00076,51.0,Quad Cable,Cable fault,Medium,3,3,2,2025-06-20,2025-07-07,0,189,4,Corrective,Yes,In Progress
SMMS002177,AST007449,Relay,C00088,85.4,Relay Interlocking,Relay degradation,Critical,4,5,4,2025-05-20,2025-05-24,38,59,3,Corrective,Yes,Open
SMMS002178,AST005977,Axle Counter,C00012,42.3,Axle Counter,Axle counter fault,Medium,2,3,2,2025-06-17,2025-07-09,0,91,4,Preventive,Yes,Open
SMMS002179,AST008621,Axle Counter,C00032,1.1,Axle Counter,Axle counter fault,High,3,4,2,2025-06-24,2025-07-04,0,83,3,Corrective,No,Scheduled
SMMS002180,AST007303,Level Crossing Signal,C00069,86.5,LC Gate Signal,Signal failure,Low,3,2,1,2025-04-16,2025-05-24,38,114,3,Inspection,Yes,Open
SMMS002181,AST008480,Signal,C00043,9.9,Colour Light Signal,Signal lamp/equipment replacement,Low,1,2,1,2025-06-19,2025-07-10,0,70,2,Corrective,No,Scheduled
SMMS002182,AST005913,Relay,C00015,12.0,Relay Interlocking,Relay degradation,Medium,2,2,3,2025-06-24,2025-07-06,0,94,4,Corrective,No,In Progress
SMMS002183,AST006113,Point Machine,C00088,78.3,Electric Point Machine,Point machine fault,Medium,3,3,3,2025-06-27,2025-07-17,0,225,4,Preventive,Yes,Completed
SMMS002184,AST006838,Optical Fiber,C00005,12.1,OFC Link,Cable fault,High,3,3,2,2025-06-22,2025-06-28,3,113,3,Preventive,Yes,Scheduled
SMMS002185,AST008506,Optical Fiber,C00060,9.8,OFC Link,Cable fault,Low,2,1,3,2025-06-17,2025-07-15,0,207,4,Inspection,Yes,Open
SMMS002186,AST007041,Telecom Cable,C00003,14.6,Quad Cable,Cable fault,High,2,4,3,2025-03-06,2025-03-11,112,183,3,Preventive,Yes,Open
SMMS002187,AST007569,Signal,C00052,44.1,Colour Light Signal,Signal failure,Medium,4,3,2,2025-05-02,2025-05-21,41,154,3,Preventive,Yes,Open
SMMS002188,AST006210,Signal,C00054,6.0,Colour Light Signal,Signal lamp/equipment replacement,Low,2,1,1,2025-06-24,2025-07-25,0,51,4,Inspection,Yes,Open
SMMS002189,AST005357,Relay,C00008,118.8,Relay Interlocking,Relay degradation,High,2,4,4,2025-04-22,2025-05-02,60,81,2,Corrective,No,Open
SMMS002190,AST006106,Optical Fiber,C00085,215.6,OFC Link,Cable fault,Medium,4,4,2,2025-05-22,2025-06-06,25,112,2,Corrective,No,Open
SMMS002191,AST006653,Telecom Cable,C00018,23.6,Quad Cable,Cable fault,Low,2,2,1,2025-05-16,2025-06-27,4,160,4,Corrective,Yes,In Progress
SMMS002192,AST005788,Track Circuit,C00086,25.5,Track Circuit,Track circuit fault,Critical,2,5,4,2025-06-22,2025-06-27,4,227,4,Preventive,No,Open
SMMS002193,AST008608,Point Machine,C00068,110.4,Electric Point Machine,Point machine fault,Critical,5,4,5,2025-06-11,2025-06-14,0,259,5,Preventive,Yes,Completed
SMMS002194,AST007972,Relay,C00066,6.9,Relay Interlocking,Relay degradation,High,3,3,2,2025-06-11,2025-06-18,13,94,2,Corrective,Yes,Open
SMMS002195,AST007659,Axle Counter,C00057,43.4,Axle Counter,Axle counter fault,High,3,3,3,2025-06-20,2025-06-27,4,192,3,Preventive,Yes,Scheduled
SMMS002196,AST007611,Relay,C00009,83.2,Relay Interlocking,Relay degradation,Low,3,1,1,2025-06-16,2025-07-09,0,136,4,Preventive,Yes,Deferred
SMMS002197,AST007026,Track Circuit,C00026,35.5,Track Circuit,Track circuit fault,Medium,3,3,1,2025-05-25,2025-06-08,23,122,4,Corrective,No,Open
SMMS002198,AST006281,Interlocking,C00074,9.2,Route Relay Interlocking,Interlocking inspection,Medium,2,3,1,2025-06-17,2025-06-29,2,236,4,Inspection,Yes,Scheduled
SMMS002199,AST006978,Level Crossing Signal,C00019,9.3,LC Gate Signal,Signal failure,Medium,3,2,3,2025-06-02,2025-06-22,9,65,3,Corrective,Yes,In Progress
SMMS002200,AST005852,Track Circuit,C00052,17.2,Track Circuit,Track circuit fault,Low,2,1,1,2025-06-17,2025-07-20,0,184,4,Preventive,No,Completed
SMMS002201,AST006067,Axle Counter,C00057,63.4,Axle Counter,Axle counter fault,High,3,4,2,2025-06-22,2025-06-29,2,62,2,Preventive,No,Open
SMMS002202,AST005294,Level Crossing Signal,C00001,125.1,LC Gate Signal,Signal failure,Low,3,3,1,2025-05-30,2025-07-06,0,70,2,Corrective,Yes,Open
SMMS002203,AST008464,Point Machine,C00071,21.7,Electric Point Machine,Point machine fault,Medium,2,2,1,2025-06-30,2025-07-14,0,189,4,Preventive,Yes,Open
SMMS002204,AST008375,Relay,C00054,25.8,Relay Interlocking,Relay degradation,Medium,3,2,2,2025-06-29,2025-07-11,0,53,2,Preventive,Yes,In Progress
SMMS002205,AST006462,Track Circuit,C00078,25.7,Track Circuit,Track circuit fault,Critical,3,5,4,2025-06-18,2025-06-22,0,107,4,Preventive,Yes,Completed
SMMS002206,AST005469,Optical Fiber,C00072,24.4,OFC Link,Cable fault,High,3,2,3,2025-06-20,2025-06-28,3,179,4,Preventive,No,Scheduled
SMMS002207,AST007594,Axle Counter,C00020,46.4,Axle Counter,Axle counter fault,Medium,2,3,2,2025-06-04,2025-06-18,0,54,2,Corrective,Yes,Completed
SMMS002208,AST006892,Point Machine,C00093,45.4,Electric Point Machine,Point machine fault,High,3,4,4,2025-03-06,2025-03-14,109,174,4,Corrective,No,Open
SMMS002209,AST008393,Signal,C00010,47.3,Colour Light Signal,Signal failure,Low,2,2,2,2025-06-30,2025-08-07,0,91,2,Corrective,Yes,Open
SMMS002210,AST005855,Relay,C00081,2.8,Relay Interlocking,Relay degradation,Critical,4,5,4,2025-03-23,2025-03-25,98,84,4,Preventive,No,Open
SMMS002211,AST007257,Telecom Cable,C00037,4.6,Quad Cable,Cable fault,High,3,4,3,2025-06-14,2025-06-18,13,158,4,Preventive,Yes,Open
SMMS002212,AST006759,Track Circuit,C00055,80.3,Track Circuit,Track circuit fault,Low,3,2,1,2025-06-21,2025-08-08,0,123,2,Preventive,Yes,Open
SMMS002213,AST006617,Level Crossing Signal,C00024,66.2,LC Gate Signal,Signal failure,Critical,5,4,4,2025-03-25,2025-03-27,96,180,4,Preventive,Yes,Open
SMMS002214,AST007798,Point Machine,C00034,33.4,Electric Point Machine,Point machine fault,Medium,4,2,3,2025-06-29,2025-07-19,0,189,5,Preventive,No,Scheduled
SMMS002215,AST006513,Signal,C00065,17.1,Colour Light Signal,Signal lamp/equipment replacement,High,3,5,4,2025-05-30,2025-06-10,21,44,4,Preventive,No,Open
SMMS002216,AST007362,Point Machine,C00007,39.5,Electric Point Machine,Point machine fault,Medium,4,3,3,2025-05-17,2025-06-05,26,205,6,Preventive,Yes,Open
SMMS002217,AST008361,Relay,C00087,48.0,Relay Interlocking,Relay degradation,Medium,5,3,2,2025-03-11,2025-03-28,95,105,2,Corrective,No,Open
SMMS002218,AST007400,Telecom Cable,C00060,37.0,Quad Cable,Cable fault,Low,1,2,2,2025-05-05,2025-06-16,15,111,3,Corrective,Yes,Open
SMMS002219,AST008250,Level Crossing Signal,C00075,19.3,LC Gate Signal,Signal failure,Critical,3,4,2,2025-05-28,2025-05-31,31,80,1,Preventive,No,Open
SMMS002220,AST007336,Relay,C00060,44.9,Relay Interlocking,Relay degradation,Medium,2,2,1,2025-06-29,2025-07-18,0,123,3,Preventive,No,Open
SMMS002221,AST005388,Point Machine,C00036,9.1,Electric Point Machine,Point machine fault,Low,2,1,2,2025-06-20,2025-07-18,0,194,2,Preventive,Yes,Open
SMMS002222,AST005533,Axle Counter,C00070,7.3,Axle Counter,Axle counter fault,Medium,1,4,2,2025-05-23,2025-06-14,17,88,1,Corrective,Yes,In Progress
SMMS002223,AST005439,Track Circuit,C00009,70.6,Track Circuit,Track circuit fault,Low,1,2,2,2025-05-23,2025-06-23,8,106,2,Inspection,No,Open
SMMS002224,AST006383,Level Crossing Signal,C00077,54.2,LC Gate Signal,Signal failure,Critical,4,5,4,2025-05-25,2025-05-28,34,184,4,Preventive,No,Open
SMMS002225,AST006015,Level Crossing Signal,C00061,48.1,LC Gate Signal,Signal failure,Low,1,1,2,2025-04-07,2025-05-23,39,122,1,Corrective,No,Open
SMMS002226,AST006261,Track Circuit,C00028,62.8,Track Circuit,Track circuit fault,Low,1,1,3,2025-06-03,2025-07-05,0,80,2,Preventive,No,Open
SMMS002227,AST006810,Signal,C00015,1.3,Colour Light Signal,Signal lamp/equipment replacement,Medium,5,3,3,2025-06-27,2025-07-12,0,96,3,Corrective,Yes,Completed
SMMS002228,AST006320,Point Machine,C00048,118.1,Electric Point Machine,Point machine fault,High,3,2,3,2025-06-12,2025-06-20,0,183,2,Corrective,Yes,Completed
SMMS002229,AST008290,Track Circuit,C00048,125.4,Track Circuit,Track circuit fault,Low,2,1,2,2025-06-13,2025-07-25,0,101,4,Corrective,No,Open
SMMS002230,AST005659,Point Machine,C00098,1.4,Electric Point Machine,Point machine fault,High,3,3,5,2025-06-16,2025-06-26,5,185,4,Preventive,Yes,Open
SMMS002231,AST005358,Relay,C00026,144.1,Relay Interlocking,Relay degradation,Medium,3,2,2,2025-06-04,2025-06-22,9,144,3,Preventive,Yes,Scheduled
SMMS002232,AST008326,Track Circuit,C00032,7.9,Track Circuit,Track circuit fault,Low,2,3,2,2025-03-21,2025-04-23,0,138,2,Preventive,Yes,Completed
SMMS002233,AST007474,Interlocking,C00045,20.2,Route Relay Interlocking,Interlocking inspection,Medium,5,3,2,2025-06-16,2025-06-26,5,203,3,Inspection,Yes,Open
SMMS002234,AST006280,Track Circuit,C00042,32.6,Track Circuit,Track circuit fault,Low,2,1,1,2025-06-03,2025-07-16,0,134,4,Inspection,No,In Progress
SMMS002235,AST007883,Axle Counter,C00083,81.2,Axle Counter,Axle counter fault,Critical,4,4,4,2025-05-20,2025-05-22,0,140,4,Corrective,Yes,Completed
SMMS002236,AST008508,Point Machine,C00060,32.9,Electric Point Machine,Point machine fault,Medium,3,2,2,2025-05-21,2025-06-13,18,136,5,Corrective,No,In Progress
SMMS002237,AST007488,Interlocking,C00018,61.1,Route Relay Interlocking,Interlocking inspection,Low,2,2,1,2025-06-22,2025-07-21,0,236,4,Inspection,Yes,Open
SMMS002238,AST006577,Interlocking,C00039,28.3,Route Relay Interlocking,Interlocking inspection,Medium,4,3,1,2025-06-14,2025-06-27,0,227,5,Inspection,Yes,Completed
SMMS002239,AST008217,Track Circuit,C00091,96.1,Track Circuit,Track circuit fault,Medium,3,4,1,2025-06-28,2025-07-16,0,233,4,Preventive,No,Scheduled
SMMS002240,AST007125,Track Circuit,C00025,166.5,Track Circuit,Track circuit fault,Medium,3,3,2,2025-06-17,2025-07-04,0,149,4,Corrective,No,In Progress
SMMS002241,AST005533,Axle Counter,C00070,7.3,Axle Counter,Axle counter fault,High,4,3,3,2025-06-16,2025-06-21,0,155,4,Corrective,No,Completed
SMMS002242,AST006482,Track Circuit,C00029,95.6,Track Circuit,Track circuit fault,Medium,3,3,2,2025-06-18,2025-07-12,0,173,3,Corrective,No,Scheduled
SMMS002243,AST005760,Telecom Cable,C00029,102.8,Quad Cable,Cable fault,Low,3,2,3,2025-06-26,2025-07-27,0,103,3,Preventive,No,Open
SMMS002244,AST006558,Telecom Cable,C00047,16.1,Quad Cable,Cable fault,High,2,4,4,2025-06-23,2025-07-03,0,168,2,Preventive,No,Scheduled
SMMS002245,AST006811,Optical Fiber,C00004,83.4,OFC Link,Cable fault,Medium,3,3,1,2025-05-01,2025-05-18,0,132,2,Corrective,Yes,Completed
SMMS002246,AST005924,Axle Counter,C00032,17.1,Axle Counter,Axle counter fault,Low,4,1,2,2025-06-30,2025-07-28,0,87,1,Corrective,Yes,Completed
SMMS002247,AST008294,Level Crossing Signal,C00019,27.3,LC Gate Signal,Signal failure,Medium,3,4,2,2025-03-16,2025-04-06,0,120,1,Corrective,Yes,Completed
SMMS002248,AST007616,Interlocking,C00034,0.6,Route Relay Interlocking,Interlocking inspection,High,3,4,3,2025-06-20,2025-06-27,4,197,5,Inspection,Yes,In Progress
SMMS002249,AST006906,Signal,C00026,209.0,Colour Light Signal,Signal failure,Low,1,2,1,2025-05-21,2025-06-29,2,61,3,Preventive,No,Open
SMMS002250,AST007404,Telecom Cable,C00054,13.9,Quad Cable,Cable fault,Critical,4,4,3,2025-06-21,2025-06-25,0,201,5,Preventive,Yes,Completed
SMMS002251,AST007260,Track Circuit,C00005,76.2,Track Circuit,Track circuit fault,Low,3,1,2,2025-04-15,2025-05-26,0,111,2,Inspection,No,Completed
SMMS002252,AST006101,Axle Counter,C00100,3.4,Axle Counter,Axle counter fault,Medium,3,4,2,2025-05-25,2025-06-15,16,119,3,Preventive,Yes,Open
SMMS002253,AST005931,Track Circuit,C00089,90.4,Track Circuit,Track circuit fault,Medium,3,2,3,2025-06-09,2025-06-27,0,163,3,Preventive,Yes,Completed
SMMS002254,AST006753,Optical Fiber,C00012,115.7,OFC Link,Cable fault,High,3,3,4,2025-06-27,2025-07-08,0,108,5,Corrective,Yes,Open
SMMS002255,AST008377,Track Circuit,C00031,10.8,Track Circuit,Track circuit fault,Critical,5,4,4,2025-06-24,2025-06-28,3,137,2,Preventive,Yes,Open
SMMS002256,AST006770,Point Machine,C00055,85.9,Electric Point Machine,Point machine fault,High,4,3,2,2025-06-29,2025-07-09,0,130,2,Preventive,Yes,Open
SMMS002257,AST005750,Telecom Cable,C00053,90.9,Quad Cable,Cable fault,Critical,5,4,3,2025-06-19,2025-06-22,9,160,3,Corrective,No,Scheduled
SMMS002258,AST006491,Interlocking,C00010,54.2,Route Relay Interlocking,Interlocking inspection,Low,2,1,1,2025-05-28,2025-07-05,0,221,4,Inspection,Yes,Scheduled
SMMS002259,AST005981,Level Crossing Signal,C00099,12.3,LC Gate Signal,Signal failure,High,2,4,2,2025-06-27,2025-07-02,0,165,3,Corrective,No,Scheduled
SMMS002260,AST006146,Relay,C00100,3.0,Relay Interlocking,Relay degradation,Critical,4,4,3,2025-06-30,2025-07-02,0,92,3,Preventive,Yes,Completed
SMMS002261,AST005882,Relay,C00057,89.8,Relay Interlocking,Relay degradation,High,2,4,3,2025-06-27,2025-07-03,0,167,3,Corrective,Yes,In Progress
SMMS002262,AST008525,Relay,C00009,31.1,Relay Interlocking,Relay degradation,Medium,3,3,1,2025-06-25,2025-07-18,0,73,2,Corrective,No,Completed
SMMS002263,AST006257,Track Circuit,C00072,88.4,Track Circuit,Track circuit fault,High,3,2,2,2025-06-30,2025-07-10,0,143,3,Corrective,No,Completed
SMMS002264,AST006707,Axle Counter,C00024,24.3,Axle Counter,Axle counter fault,Low,3,2,1,2025-06-11,2025-07-24,0,123,3,Inspection,No,Deferred
SMMS002265,AST008185,Signal,C00058,3.5,Colour Light Signal,Signal lamp/equipment replacement,High,3,3,2,2025-06-18,2025-06-23,0,78,2,Preventive,Yes,Completed
SMMS002266,AST007018,Axle Counter,C00011,267.3,Axle Counter,Axle counter fault,Medium,3,2,2,2025-05-29,2025-06-14,17,125,3,Preventive,Yes,Open
SMMS002267,AST008187,Point Machine,C00042,55.0,Electric Point Machine,Point machine fault,Medium,3,3,1,2025-06-08,2025-06-23,0,155,3,Corrective,No,Completed
SMMS002268,AST005836,Track Circuit,C00074,14.9,Track Circuit,Track circuit fault,High,2,4,2,2025-05-29,2025-06-08,23,107,4,Preventive,Yes,Open
SMMS002269,AST006487,Interlocking,C00066,47.5,Route Relay Interlocking,Interlocking inspection,Medium,2,1,2,2025-06-20,2025-07-05,0,207,4,Inspection,Yes,Scheduled
SMMS002270,AST007223,Optical Fiber,C00001,27.7,OFC Link,Cable fault,High,4,2,2,2025-06-01,2025-06-11,0,157,4,Corrective,No,Completed
SMMS002271,AST005965,Point Machine,C00072,36.2,Electric Point Machine,Point machine fault,Low,1,2,1,2025-06-24,2025-07-24,0,201,6,Preventive,No,Open
SMMS002272,AST005595,Signal,C00020,11.1,Colour Light Signal,Signal lamp/equipment replacement,Medium,4,2,1,2025-05-24,2025-06-14,0,170,3,Preventive,No,Completed
SMMS002273,AST006128,Interlocking,C00069,228.1,Route Relay Interlocking,Interlocking inspection,High,4,4,2,2025-05-23,2025-05-30,0,230,4,Inspection,Yes,Completed
SMMS002274,AST006280,Track Circuit,C00042,32.6,Track Circuit,Track circuit fault,Medium,2,3,1,2025-06-23,2025-07-06,0,176,5,Preventive,Yes,Open
SMMS002275,AST008052,Signal,C00014,90.0,Colour Light Signal,Signal failure,Low,3,2,2,2025-06-27,2025-08-12,0,143,6,Preventive,Yes,Scheduled
SMMS002276,AST007033,Track Circuit,C00017,2.7,Track Circuit,Track circuit fault,High,4,4,3,2025-04-25,2025-05-04,58,140,3,Corrective,Yes,Open
SMMS002277,AST006577,Interlocking,C00039,28.3,Route Relay Interlocking,Interlocking inspection,Low,3,2,2,2025-06-19,2025-07-25,0,178,3,Inspection,No,Open
SMMS002278,AST007967,Relay,C00023,1.2,Relay Interlocking,Relay degradation,Medium,2,3,2,2025-05-28,2025-06-17,14,65,2,Corrective,Yes,Scheduled
SMMS002279,AST006092,Track Circuit,C00068,52.9,Track Circuit,Track circuit fault,Low,2,3,1,2025-06-20,2025-07-25,0,111,3,Corrective,Yes,Deferred
SMMS002280,AST007144,Level Crossing Signal,C00048,103.6,LC Gate Signal,Signal failure,Medium,3,3,1,2025-06-04,2025-06-26,5,92,3,Corrective,Yes,Open
SMMS002281,AST007633,Signal,C00026,45.3,Colour Light Signal,Signal lamp/equipment replacement,Low,4,1,1,2025-06-24,2025-07-27,0,76,2,Preventive,Yes,Open
SMMS002282,AST007975,Axle Counter,C00064,168.8,Axle Counter,Axle counter fault,High,5,4,4,2025-03-08,2025-03-17,0,124,1,Preventive,No,Completed
SMMS002283,AST007268,Signal,C00067,41.4,Colour Light Signal,Signal lamp/equipment replacement,Low,2,2,1,2025-06-24,2025-07-23,0,37,3,Corrective,No,Open
SMMS002284,AST006394,Telecom Cable,C00050,10.4,Quad Cable,Cable fault,High,3,4,3,2025-05-30,2025-06-11,0,92,3,Preventive,Yes,Completed
SMMS002285,AST008246,Telecom Cable,C00097,12.1,Quad Cable,Cable fault,Critical,5,4,5,2025-03-09,2025-03-12,111,213,3,Preventive,No,Deferred
SMMS002286,AST007744,Telecom Cable,C00082,32.8,Quad Cable,Cable fault,Medium,5,2,3,2025-06-26,2025-07-15,0,250,3,Corrective,No,In Progress
SMMS002287,AST007131,Axle Counter,C00089,33.1,Axle Counter,Axle counter fault,Critical,5,5,2,2025-06-05,2025-06-08,23,182,5,Preventive,Yes,Open
SMMS002288,AST006333,Interlocking,C00052,128.9,Route Relay Interlocking,Interlocking inspection,Medium,3,2,2,2025-03-18,2025-04-04,88,164,3,Inspection,No,Open
SMMS002289,AST006572,Level Crossing Signal,C00014,39.0,LC Gate Signal,Signal failure,Critical,4,5,5,2025-05-30,2025-06-03,0,130,1,Preventive,No,Completed
SMMS002290,AST005860,Optical Fiber,C00004,131.5,OFC Link,Cable fault,Medium,3,3,2,2025-05-19,2025-06-04,27,182,3,Corrective,Yes,Open
SMMS002291,AST005424,Point Machine,C00023,2.3,Electric Point Machine,Point machine fault,Low,4,3,2,2025-06-10,2025-07-14,0,144,2,Inspection,No,In Progress
SMMS002292,AST005806,Level Crossing Signal,C00005,9.4,LC Gate Signal,Signal failure,Low,3,2,1,2025-04-03,2025-05-18,0,163,3,Corrective,No,Completed
SMMS002293,AST008163,Optical Fiber,C00012,65.1,OFC Link,Cable fault,Critical,3,4,3,2025-06-21,2025-06-23,0,163,3,Preventive,No,Completed
SMMS002294,AST008072,Interlocking,C00061,35.9,Route Relay Interlocking,Interlocking inspection,Low,2,2,1,2025-06-27,2025-08-07,0,180,4,Inspection,No,Completed
SMMS002295,AST006940,Telecom Cable,C00038,107.2,Quad Cable,Cable fault,High,4,4,3,2025-06-24,2025-07-06,0,167,4,Corrective,Yes,Completed
SMMS002296,AST007638,Signal,C00037,23.0,Colour Light Signal,Signal failure,High,5,5,2,2025-04-29,2025-05-07,55,189,4,Preventive,Yes,Open
SMMS002297,AST008368,Axle Counter,C00035,81.8,Axle Counter,Axle counter fault,Medium,3,3,1,2025-06-29,2025-07-15,0,99,4,Preventive,Yes,Deferred
SMMS002298,AST007543,Interlocking,C00094,174.1,Route Relay Interlocking,Interlocking inspection,Low,1,2,2,2025-06-14,2025-08-01,0,206,4,Inspection,No,Completed
SMMS002299,AST005883,Track Circuit,C00029,29.2,Track Circuit,Track circuit fault,Medium,3,2,2,2025-05-23,2025-06-08,23,204,5,Preventive,Yes,Open
SMMS002300,AST008084,Level Crossing Signal,C00011,16.4,LC Gate Signal,Signal failure,Critical,5,5,3,2025-06-25,2025-06-28,3,165,4,Preventive,Yes,Open
SMMS002301,AST006390,Point Machine,C00099,9.6,Electric Point Machine,Point machine fault,Medium,3,2,2,2025-06-16,2025-07-03,0,135,3,Corrective,Yes,Completed
SMMS002302,AST005496,Axle Counter,C00025,84.7,Axle Counter,Axle counter fault,Low,4,3,2,2025-06-06,2025-07-11,0,138,4,Corrective,No,Deferred
SMMS002303,AST006255,Signal,C00098,2.9,Colour Light Signal,Signal lamp/equipment replacement,Medium,1,4,3,2025-05-11,2025-05-30,32,88,3,Corrective,Yes,Scheduled
SMMS002304,AST005917,Optical Fiber,C00019,53.6,OFC Link,Cable fault,Medium,4,1,3,2025-03-20,2025-04-07,0,124,2,Preventive,No,Completed
SMMS002305,AST006672,Interlocking,C00026,194.7,Route Relay Interlocking,Interlocking inspection,Low,3,2,1,2025-06-25,2025-07-17,0,163,6,Inspection,No,Open
SMMS002306,AST007789,Interlocking,C00032,16.3,Route Relay Interlocking,Interlocking inspection,Medium,2,3,2,2025-06-22,2025-07-11,0,230,2,Inspection,Yes,Scheduled
SMMS002307,AST007935,Interlocking,C00042,30.9,Route Relay Interlocking,Interlocking inspection,High,2,4,2,2025-04-12,2025-04-22,70,283,4,Inspection,No,In Progress
SMMS002308,AST005493,Axle Counter,C00028,53.2,Axle Counter,Axle counter fault,High,3,3,4,2025-04-12,2025-04-17,75,113,2,Corrective,No,Scheduled
SMMS002309,AST006048,Optical Fiber,C00044,17.3,OFC Link,Cable fault,Medium,3,3,1,2025-05-18,2025-06-03,28,99,2,Preventive,No,Open
SMMS002310,AST008138,Track Circuit,C00064,126.6,Track Circuit,Track circuit fault,Low,2,1,1,2025-06-17,2025-07-24,0,40,4,Inspection,Yes,Scheduled
SMMS002311,AST008037,Level Crossing Signal,C00010,75.6,LC Gate Signal,Signal failure,Medium,3,2,2,2025-05-28,2025-06-10,0,92,4,Corrective,Yes,Completed
SMMS002312,AST006002,Interlocking,C00098,1.3,Route Relay Interlocking,Interlocking inspection,Critical,3,4,4,2025-06-27,2025-06-28,3,236,1,Inspection,Yes,Open
SMMS002313,AST005763,Telecom Cable,C00038,199.4,Quad Cable,Cable fault,Medium,4,3,3,2025-06-18,2025-07-09,0,96,2,Corrective,No,Completed
SMMS002314,AST005536,Signal,C00010,6.8,Colour Light Signal,Signal lamp/equipment replacement,Low,2,2,1,2025-05-25,2025-06-19,12,82,3,Preventive,No,Open
SMMS002315,AST007029,Interlocking,C00051,39.5,Route Relay Interlocking,Interlocking inspection,Low,2,1,2,2025-06-19,2025-07-16,0,198,4,Inspection,No,Open
SMMS002316,AST008380,Axle Counter,C00061,43.9,Axle Counter,Axle counter fault,Critical,5,4,3,2025-05-26,2025-05-30,0,81,4,Corrective,No,Completed
SMMS002317,AST008332,Relay,C00055,75.5,Relay Interlocking,Relay degradation,Medium,2,2,2,2025-06-28,2025-07-20,0,105,2,Preventive,Yes,Open
SMMS002318,AST008333,Optical Fiber,C00002,27.2,OFC Link,Cable fault,Low,2,3,2,2025-06-29,2025-07-30,0,76,2,Inspection,No,Open
SMMS002319,AST008273,Point Machine,C00018,11.2,Electric Point Machine,Point machine fault,Critical,5,5,4,2025-05-20,2025-05-22,40,133,4,Preventive,Yes,Scheduled
SMMS002320,AST007568,Optical Fiber,C00074,1.5,OFC Link,Cable fault,Medium,3,2,2,2025-05-30,2025-06-15,16,145,3,Preventive,No,In Progress
SMMS002321,AST008043,Point Machine,C00072,24.9,Electric Point Machine,Point machine fault,Low,3,2,2,2025-06-19,2025-07-10,0,121,4,Corrective,Yes,Open
SMMS002322,AST007866,Relay,C00090,21.2,Relay Interlocking,Relay degradation,High,3,4,4,2025-06-29,2025-07-06,0,118,5,Preventive,No,In Progress
SMMS002323,AST006689,Interlocking,C00034,6.7,Route Relay Interlocking,Interlocking inspection,Low,2,2,2,2025-06-03,2025-07-17,0,224,2,Inspection,Yes,Open
SMMS002324,AST007248,Relay,C00053,2.8,Relay Interlocking,Relay degradation,High,4,4,3,2025-06-30,2025-07-05,0,162,2,Preventive,Yes,In Progress
SMMS002325,AST007232,Telecom Cable,C00025,161.3,Quad Cable,Cable fault,Low,2,1,1,2025-06-13,2025-07-18,0,130,3,Inspection,No,Open
SMMS002326,AST005583,Telecom Cable,C00007,93.1,Quad Cable,Cable fault,High,2,3,2,2025-06-26,2025-07-03,0,230,4,Preventive,Yes,Deferred
SMMS002327,AST005528,Telecom Cable,C00071,5.5,Quad Cable,Cable fault,Medium,2,2,2,2025-06-07,2025-06-24,7,131,5,Corrective,No,In Progress
SMMS002328,AST008509,Optical Fiber,C00068,74.4,OFC Link,Cable fault,Medium,2,2,2,2025-03-23,2025-04-04,88,114,3,Preventive,Yes,Scheduled
SMMS002329,AST006571,Telecom Cable,C00020,18.4,Quad Cable,Cable fault,Critical,5,4,3,2025-06-13,2025-06-16,0,131,4,Preventive,No,Completed
SMMS002330,AST005355,Level Crossing Signal,C00062,36.9,LC Gate Signal,Signal failure,Medium,3,3,2,2025-06-16,2025-07-06,0,108,2,Preventive,No,Scheduled
SMMS002331,AST007110,Level Crossing Signal,C00022,121.5,LC Gate Signal,Signal failure,Medium,3,3,1,2025-06-18,2025-07-04,0,71,2,Preventive,Yes,Open
SMMS002332,AST006210,Signal,C00054,6.0,Colour Light Signal,Signal lamp/equipment replacement,High,4,4,3,2025-06-30,2025-07-08,0,110,3,Preventive,No,Completed
SMMS002333,AST005724,Interlocking,C00024,18.8,Route Relay Interlocking,Interlocking inspection,High,4,4,2,2025-06-28,2025-07-05,0,240,3,Inspection,No,Open
SMMS002334,AST007987,Optical Fiber,C00058,39.8,OFC Link,Cable fault,Low,4,1,1,2025-06-24,2025-07-22,0,119,2,Inspection,Yes,Scheduled
SMMS002335,AST008293,Point Machine,C00070,10.9,Electric Point Machine,Point machine fault,Low,1,1,2,2025-03-16,2025-04-18,74,176,2,Inspection,No,Scheduled
SMMS002336,AST005352,Point Machine,C00059,170.8,Electric Point Machine,Point machine fault,Medium,2,3,2,2025-05-13,2025-05-25,37,170,5,Preventive,Yes,Open
SMMS002337,AST008178,Point Machine,C00006,2.5,Electric Point Machine,Point machine fault,High,5,4,4,2025-06-18,2025-06-27,4,142,2,Corrective,Yes,Open
SMMS002338,AST006410,Level Crossing Signal,C00038,15.0,LC Gate Signal,Signal failure,Low,2,2,2,2025-06-10,2025-07-06,0,54,3,Corrective,Yes,Open
SMMS002339,AST006067,Axle Counter,C00057,63.4,Axle Counter,Axle counter fault,Low,3,2,2,2025-05-28,2025-06-28,3,137,3,Inspection,No,Open
SMMS002340,AST007453,Level Crossing Signal,C00077,18.0,LC Gate Signal,Signal failure,Critical,3,5,4,2025-06-11,2025-06-14,17,170,3,Preventive,Yes,Open
SMMS002341,AST007836,Optical Fiber,C00079,32.9,OFC Link,Cable fault,Low,2,1,1,2025-06-30,2025-07-26,0,91,3,Corrective,No,In Progress
SMMS002342,AST008530,Optical Fiber,C00043,1.8,OFC Link,Cable fault,Low,2,2,2,2025-06-26,2025-07-26,0,131,3,Corrective,Yes,Open
SMMS002343,AST005695,Track Circuit,C00033,68.9,Track Circuit,Track circuit fault,Medium,2,3,3,2025-04-27,2025-05-09,53,169,2,Preventive,No,Open
SMMS002344,AST007118,Point Machine,C00002,1.4,Electric Point Machine,Point machine fault,Medium,2,2,1,2025-06-12,2025-07-02,0,123,2,Preventive,Yes,Open
SMMS002345,AST006195,Signal,C00034,8.6,Colour Light Signal,Signal failure,High,3,3,3,2025-04-10,2025-04-18,74,151,4,Preventive,Yes,Open
SMMS002346,AST007563,Telecom Cable,C00100,4.5,Quad Cable,Cable fault,High,3,3,3,2025-06-07,2025-06-16,15,95,2,Preventive,No,Open
SMMS002347,AST007954,Axle Counter,C00098,1.9,Axle Counter,Axle counter fault,Low,2,2,2,2025-06-21,2025-07-24,0,125,3,Preventive,No,Open
SMMS002348,AST008060,Signal,C00028,61.7,Colour Light Signal,Signal lamp/equipment replacement,Low,2,2,2,2025-06-06,2025-07-10,0,117,2,Preventive,No,In Progress
SMMS002349,AST008220,Axle Counter,C00089,41.1,Axle Counter,Axle counter fault,Medium,3,4,2,2025-06-19,2025-07-04,0,105,3,Corrective,No,Scheduled
SMMS002350,AST007866,Relay,C00090,21.2,Relay Interlocking,Relay degradation,Low,3,2,3,2025-06-21,2025-07-26,0,78,2,Corrective,Yes,Deferred
SMMS002351,AST008216,Level Crossing Signal,C00023,23.6,LC Gate Signal,Signal failure,Low,2,2,1,2025-06-20,2025-07-24,0,119,2,Inspection,No,Open
SMMS002352,AST007877,Relay,C00048,86.6,Relay Interlocking,Relay degradation,Critical,4,5,2,2025-03-03,2025-03-05,118,66,1,Corrective,Yes,Scheduled
SMMS002353,AST008587,Optical Fiber,C00027,117.9,OFC Link,Cable fault,Medium,3,1,2,2025-06-26,2025-07-08,0,149,3,Corrective,No,Open
SMMS002354,AST008104,Optical Fiber,C00069,14.8,OFC Link,Cable fault,Low,3,2,3,2025-06-29,2025-08-08,0,187,2,Inspection,No,In Progress
SMMS002355,AST006988,Optical Fiber,C00072,71.7,OFC Link,Cable fault,High,2,4,3,2025-06-18,2025-06-29,0,209,3,Preventive,No,Completed
SMMS002356,AST007464,Point Machine,C00023,37.3,Electric Point Machine,Point machine fault,High,4,4,3,2025-06-16,2025-06-25,6,146,3,Corrective,Yes,Open
SMMS002357,AST007404,Telecom Cable,C00054,13.9,Quad Cable,Cable fault,Low,2,1,2,2025-06-18,2025-07-21,0,179,4,Corrective,Yes,Completed
SMMS002358,AST007810,Signal,C00058,24.8,Colour Light Signal,Signal failure,Medium,3,3,1,2025-06-26,2025-07-16,0,154,2,Corrective,No,Scheduled
SMMS002359,AST007629,Optical Fiber,C00089,41.7,OFC Link,Cable fault,Medium,2,3,2,2025-06-15,2025-07-01,0,135,2,Preventive,No,Deferred
SMMS002360,AST007965,Point Machine,C00050,13.2,Electric Point Machine,Point machine fault,Medium,3,2,2,2025-06-24,2025-07-16,0,111,3,Preventive,No,In Progress
SMMS002361,AST008058,Relay,C00023,30.7,Relay Interlocking,Relay degradation,Critical,2,4,3,2025-06-20,2025-06-22,9,115,2,Preventive,No,Open
SMMS002362,AST007000,Track Circuit,C00089,25.4,Track Circuit,Track circuit fault,High,2,4,3,2025-06-27,2025-07-06,0,206,4,Corrective,Yes,Completed
SMMS002363,AST008540,Interlocking,C00053,118.6,Route Relay Interlocking,Interlocking inspection,Critical,4,4,4,2025-05-23,2025-05-27,0,300,4,Inspection,Yes,Completed
SMMS002364,AST007608,Telecom Cable,C00038,188.0,Quad Cable,Cable fault,High,3,4,3,2025-04-12,2025-04-20,72,195,4,Corrective,No,Open
SMMS002365,AST005686,Telecom Cable,C00047,24.1,Quad Cable,Cable fault,High,5,3,2,2025-06-18,2025-06-26,5,120,2,Corrective,Yes,Scheduled
SMMS002366,AST006125,Optical Fiber,C00086,123.7,OFC Link,Cable fault,Medium,3,3,2,2025-05-17,2025-06-05,26,124,3,Preventive,No,Open
SMMS002367,AST008636,Track Circuit,C00059,15.6,Track Circuit,Track circuit fault,Critical,1,5,2,2025-04-23,2025-04-26,66,164,2,Preventive,No,Scheduled
SMMS002368,AST006822,Signal,C00029,25.6,Colour Light Signal,Signal failure,Low,2,1,1,2025-05-02,2025-06-12,19,76,4,Inspection,Yes,Scheduled
SMMS002369,AST005465,Interlocking,C00068,3.1,Route Relay Interlocking,Interlocking inspection,Low,3,2,1,2025-06-24,2025-07-19,0,193,4,Inspection,Yes,Open
SMMS002370,AST008430,Relay,C00059,204.1,Relay Interlocking,Relay degradation,Medium,5,2,2,2025-06-03,2025-06-24,7,109,3,Preventive,Yes,Scheduled
SMMS002371,AST005906,Axle Counter,C00087,72.5,Axle Counter,Axle counter fault,High,3,4,1,2025-06-23,2025-07-02,0,150,3,Corrective,No,Open
SMMS002372,AST007394,Level Crossing Signal,C00048,70.6,LC Gate Signal,Signal failure,Medium,3,3,3,2025-05-13,2025-06-02,29,93,2,Corrective,Yes,Open
SMMS002373,AST008616,Relay,C00065,21.0,Relay Interlocking,Relay degradation,Medium,2,3,2,2025-05-17,2025-06-07,24,84,3,Corrective,No,Scheduled
SMMS002374,AST007913,Signal,C00065,17.9,Colour Light Signal,Signal lamp/equipment replacement,Critical,4,4,4,2025-06-30,2025-07-04,0,78,1,Preventive,No,Completed
SMMS002375,AST006432,Interlocking,C00030,106.2,Route Relay Interlocking,Interlocking inspection,Low,1,1,1,2025-05-22,2025-06-19,12,248,5,Inspection,No,Scheduled
SMMS002376,AST006752,Interlocking,C00051,32.4,Route Relay Interlocking,Interlocking inspection,Low,2,2,2,2025-05-22,2025-07-03,0,165,4,Inspection,Yes,Completed
SMMS002377,AST007931,Optical Fiber,C00079,31.1,OFC Link,Cable fault,High,2,3,3,2025-06-24,2025-06-30,1,201,4,Preventive,No,Deferred
SMMS002378,AST007311,Signal,C00058,62.6,Colour Light Signal,Signal failure,Low,3,2,1,2025-06-03,2025-07-08,0,101,3,Corrective,Yes,Open
SMMS002379,AST008568,Level Crossing Signal,C00091,216.2,LC Gate Signal,Signal failure,High,4,5,1,2025-04-29,2025-05-08,54,153,3,Corrective,Yes,Open
SMMS002380,AST005576,Interlocking,C00060,33.1,Route Relay Interlocking,Interlocking inspection,Critical,3,4,3,2025-06-28,2025-07-01,0,192,3,Inspection,No,Scheduled
SMMS002381,AST006785,Axle Counter,C00021,33.0,Axle Counter,Axle counter fault,Medium,1,2,2,2025-06-20,2025-07-07,0,100,3,Preventive,No,Scheduled
SMMS002382,AST005432,Signal,C00065,62.4,Colour Light Signal,Signal lamp/equipment replacement,Low,1,2,1,2025-05-09,2025-06-02,29,57,3,Preventive,Yes,Open
SMMS002383,AST005622,Level Crossing Signal,C00090,78.7,LC Gate Signal,Signal failure,Low,4,2,3,2025-06-02,2025-07-08,0,68,2,Corrective,Yes,Completed
SMMS002384,AST005864,Point Machine,C00065,18.9,Electric Point Machine,Point machine fault,Low,2,2,2,2025-06-01,2025-07-10,0,200,4,Preventive,No,Open
SMMS002385,AST007822,Axle Counter,C00050,6.5,Axle Counter,Axle counter fault,Medium,3,2,2,2025-06-26,2025-07-10,0,143,4,Corrective,No,In Progress
SMMS002386,AST007344,Axle Counter,C00028,68.3,Axle Counter,Axle counter fault,High,4,4,3,2025-06-20,2025-06-28,3,125,3,Corrective,Yes,Scheduled
SMMS002387,AST007422,Signal,C00053,89.0,Colour Light Signal,Signal lamp/equipment replacement,Low,3,1,1,2025-03-27,2025-04-26,66,38,2,Corrective,Yes,Open
SMMS002388,AST006069,Point Machine,C00079,54.0,Electric Point Machine,Point machine fault,Medium,3,3,2,2025-06-28,2025-07-19,0,162,5,Corrective,No,In Progress
SMMS002389,AST006138,Point Machine,C00099,5.0,Electric Point Machine,Point machine fault,Medium,3,3,2,2025-06-21,2025-07-05,0,170,4,Preventive,Yes,Deferred
SMMS002390,AST006575,Point Machine,C00085,106.2,Electric Point Machine,Point machine fault,Medium,2,3,2,2025-05-28,2025-06-09,22,156,3,Preventive,Yes,Open
SMMS002391,AST007550,Point Machine,C00042,54.9,Electric Point Machine,Point machine fault,Medium,2,3,1,2025-06-20,2025-07-12,0,107,5,Corrective,Yes,Open
SMMS002392,AST007170,Telecom Cable,C00097,10.5,Quad Cable,Cable fault,High,3,4,4,2025-05-08,2025-05-16,46,153,3,Preventive,Yes,Scheduled
SMMS002393,AST006133,Axle Counter,C00057,36.4,Axle Counter,Axle counter fault,High,2,5,1,2025-03-07,2025-03-18,105,139,2,Preventive,No,Open
SMMS002394,AST006521,Optical Fiber,C00097,25.1,OFC Link,Cable fault,High,4,4,2,2025-06-27,2025-07-04,0,106,4,Corrective,Yes,Deferred
SMMS002395,AST008432,Axle Counter,C00062,48.8,Axle Counter,Axle counter fault,Low,1,2,3,2025-06-25,2025-07-20,0,71,2,Corrective,No,Completed
SMMS002396,AST007082,Signal,C00082,82.1,Colour Light Signal,Signal lamp/equipment replacement,Low,3,2,2,2025-06-26,2025-08-06,0,61,1,Preventive,Yes,Completed
SMMS002397,AST007430,Signal,C00087,69.3,Colour Light Signal,Signal lamp/equipment replacement,High,4,3,2,2025-06-18,2025-06-25,6,111,2,Preventive,No,Scheduled
SMMS002398,AST006808,Point Machine,C00072,65.2,Electric Point Machine,Point machine fault,High,3,4,3,2025-05-28,2025-06-01,30,184,4,Preventive,Yes,Open
SMMS002399,AST008315,Level Crossing Signal,C00057,64.7,LC Gate Signal,Signal failure,Low,3,2,1,2025-05-21,2025-06-28,3,202,4,Corrective,No,Deferred
SMMS002400,AST006802,Relay,C00022,161.1,Relay Interlocking,Relay degradation,Critical,2,4,4,2025-06-22,2025-06-25,6,130,2,Corrective,Yes,Scheduled
SMMS002401,AST006645,Telecom Cable,C00057,120.5,Quad Cable,Cable fault,Medium,2,1,2,2025-06-13,2025-06-30,1,178,2,Corrective,No,Scheduled
SMMS002402,AST006032,Signal,C00087,47.3,Colour Light Signal,Signal failure,Critical,3,5,2,2025-04-24,2025-04-26,66,136,3,Corrective,Yes,Deferred
SMMS002403,AST007886,Track Circuit,C00064,5.6,Track Circuit,Track circuit fault,Medium,2,3,3,2025-06-22,2025-07-15,0,186,4,Preventive,No,Open
SMMS002404,AST005351,Relay,C00047,48.7,Relay Interlocking,Relay degradation,Medium,4,2,1,2025-05-21,2025-06-06,25,86,4,Preventive,Yes,Open
SMMS002405,AST005633,Axle Counter,C00071,0.2,Axle Counter,Axle counter fault,Critical,4,4,4,2025-06-26,2025-06-28,3,101,3,Preventive,Yes,Deferred
SMMS002406,AST008296,Interlocking,C00051,20.8,Route Relay Interlocking,Interlocking inspection,High,4,3,3,2025-03-29,2025-04-06,86,225,3,Inspection,No,In Progress
SMMS002407,AST008533,Relay,C00035,84.0,Relay Interlocking,Relay degradation,High,4,3,1,2025-05-23,2025-05-28,0,104,2,Corrective,No,Completed
SMMS002408,AST006191,Relay,C00098,0.3,Relay Interlocking,Relay degradation,Medium,5,1,2,2025-04-11,2025-04-26,66,114,4,Preventive,No,Scheduled
SMMS002409,AST008215,Level Crossing Signal,C00061,54.6,LC Gate Signal,Signal failure,High,2,3,3,2025-04-15,2025-04-24,68,172,2,Corrective,Yes,In Progress
SMMS002410,AST005381,Signal,C00087,27.8,Colour Light Signal,Signal lamp/equipment replacement,Medium,2,3,1,2025-06-06,2025-06-25,6,42,3,Corrective,Yes,Deferred
SMMS002411,AST007763,Relay,C00029,8.0,Relay Interlocking,Relay degradation,Medium,4,2,3,2025-05-24,2025-06-15,16,66,4,Preventive,No,In Progress
SMMS002412,AST005839,Level Crossing Signal,C00027,77.4,LC Gate Signal,Signal failure,Critical,4,5,4,2025-05-24,2025-05-26,36,105,5,Corrective,Yes,Scheduled
SMMS002413,AST006725,Interlocking,C00031,82.5,Route Relay Interlocking,Interlocking inspection,Medium,2,4,3,2025-06-20,2025-07-03,0,247,4,Inspection,Yes,Scheduled
SMMS002414,AST005864,Point Machine,C00065,18.9,Electric Point Machine,Point machine fault,Low,3,2,2,2025-06-29,2025-08-06,0,121,2,Corrective,Yes,In Progress
SMMS002415,AST006156,Optical Fiber,C00070,18.7,OFC Link,Cable fault,Medium,3,2,2,2025-06-23,2025-07-12,0,127,2,Corrective,No,Open
SMMS002416,AST005661,Telecom Cable,C00076,93.1,Quad Cable,Cable fault,Medium,1,3,3,2025-06-30,2025-07-19,0,167,3,Corrective,No,Completed
SMMS002417,AST007071,Level Crossing Signal,C00066,43.0,LC Gate Signal,Signal failure,High,3,4,3,2025-06-04,2025-06-11,20,107,2,Preventive,No,Deferred
SMMS002418,AST008342,Signal,C00013,117.6,Colour Light Signal,Signal failure,Medium,2,2,2,2025-05-24,2025-06-12,19,95,2,Preventive,Yes,Scheduled
SMMS002419,AST006124,Track Circuit,C00047,37.3,Track Circuit,Track circuit fault,Critical,4,5,3,2025-06-21,2025-06-25,6,117,5,Corrective,Yes,Scheduled
SMMS002420,AST006462,Track Circuit,C00078,25.7,Track Circuit,Track circuit fault,Low,2,2,2,2025-06-10,2025-07-20,0,98,2,Inspection,No,Completed
SMMS002421,AST008263,Optical Fiber,C00091,17.7,OFC Link,Cable fault,Medium,3,2,1,2025-06-20,2025-07-08,0,144,2,Preventive,No,Open
SMMS002422,AST006724,Relay,C00072,17.8,Relay Interlocking,Relay degradation,Medium,3,2,2,2025-06-17,2025-07-02,0,52,3,Corrective,Yes,Deferred
SMMS002423,AST007851,Signal,C00028,121.6,Colour Light Signal,Signal failure,High,2,3,4,2025-05-08,2025-05-17,45,88,2,Corrective,Yes,Open
SMMS002424,AST006058,Interlocking,C00037,29.6,Route Relay Interlocking,Interlocking inspection,Low,3,1,1,2025-06-19,2025-07-24,0,203,5,Inspection,Yes,Scheduled
SMMS002425,AST008301,Point Machine,C00026,247.0,Electric Point Machine,Point machine fault,Medium,3,2,2,2025-06-30,2025-07-14,0,184,2,Preventive,Yes,Open
SMMS002426,AST008562,Axle Counter,C00059,196.2,Axle Counter,Axle counter fault,High,4,4,3,2025-06-24,2025-06-30,1,47,2,Preventive,No,Deferred
SMMS002427,AST007363,Signal,C00003,52.2,Colour Light Signal,Signal lamp/equipment replacement,Medium,3,1,2,2025-06-05,2025-06-16,15,85,3,Corrective,Yes,Scheduled
SMMS002428,AST006810,Signal,C00015,1.3,Colour Light Signal,Signal failure,Medium,3,1,3,2025-06-20,2025-07-13,0,84,2,Corrective,Yes,Open
SMMS002429,AST006450,Optical Fiber,C00014,1.2,OFC Link,Cable fault,Medium,3,2,3,2025-05-29,2025-06-17,0,173,4,Corrective,No,Completed
SMMS002430,AST006575,Point Machine,C00085,106.2,Electric Point Machine,Point machine fault,High,1,4,3,2025-04-23,2025-05-02,60,174,5,Corrective,Yes,Scheduled
SMMS002431,AST008245,Optical Fiber,C00088,30.4,OFC Link,Cable fault,Critical,5,4,4,2025-06-25,2025-06-29,0,128,4,Corrective,Yes,Completed
SMMS002432,AST005672,Telecom Cable,C00079,42.9,Quad Cable,Cable fault,High,4,4,2,2025-05-19,2025-05-26,36,122,3,Corrective,No,Scheduled
SMMS002433,AST005437,Telecom Cable,C00065,29.2,Quad Cable,Cable fault,Critical,3,4,4,2025-06-19,2025-06-22,9,175,4,Corrective,No,Open
SMMS002434,AST008148,Interlocking,C00040,14.3,Route Relay Interlocking,Interlocking inspection,Low,2,2,2,2025-06-20,2025-07-21,0,174,2,Inspection,No,Open
SMMS002435,AST005715,Interlocking,C00009,19.5,Route Relay Interlocking,Interlocking inspection,Low,3,2,1,2025-03-05,2025-04-15,77,185,4,Inspection,No,In Progress
SMMS002436,AST005987,Relay,C00094,64.5,Relay Interlocking,Relay degradation,High,2,3,1,2025-06-27,2025-07-07,0,91,4,Preventive,Yes,In Progress
SMMS002437,AST007389,Axle Counter,C00030,106.5,Axle Counter,Axle counter fault,High,4,4,2,2025-06-19,2025-06-29,0,98,3,Corrective,No,Completed
SMMS002438,AST006617,Level Crossing Signal,C00024,66.2,LC Gate Signal,Signal failure,Medium,3,2,2,2025-06-23,2025-07-06,0,107,1,Preventive,Yes,Open
SMMS002439,AST007434,Track Circuit,C00012,60.0,Track Circuit,Track circuit fault,High,3,4,2,2025-06-12,2025-06-21,10,180,3,Preventive,No,Scheduled
SMMS002440,AST008272,Signal,C00049,62.8,Colour Light Signal,Signal lamp/equipment replacement,Medium,3,3,2,2025-06-01,2025-06-17,14,85,3,Preventive,No,In Progress
SMMS002441,AST007805,Relay,C00024,57.4,Relay Interlocking,Relay degradation,Medium,2,2,3,2025-06-21,2025-07-06,0,115,3,Corrective,Yes,In Progress
SMMS002442,AST005480,Axle Counter,C00098,1.8,Axle Counter,Axle counter fault,Medium,2,2,2,2025-04-14,2025-05-06,56,126,2,Corrective,Yes,In Progress
SMMS002443,AST005877,Relay,C00042,27.8,Relay Interlocking,Relay degradation,High,3,4,3,2025-06-24,2025-07-01,0,151,4,Preventive,Yes,Open
SMMS002444,AST005930,Signal,C00044,56.6,Colour Light Signal,Signal lamp/equipment replacement,Medium,2,2,3,2025-06-01,2025-06-16,15,38,3,Preventive,Yes,In Progress
SMMS002445,AST005870,Relay,C00093,78.3,Relay Interlocking,Relay degradation,Low,3,1,2,2025-06-11,2025-07-14,0,79,2,Inspection,Yes,Open
SMMS002446,AST007379,Relay,C00073,85.4,Relay Interlocking,Relay degradation,Medium,2,3,3,2025-06-30,2025-07-19,0,42,3,Preventive,Yes,Scheduled
SMMS002447,AST006011,Interlocking,C00084,277.8,Route Relay Interlocking,Interlocking inspection,Medium,1,3,1,2025-06-16,2025-07-04,0,256,4,Inspection,Yes,Open
SMMS002448,AST005822,Axle Counter,C00053,80.4,Axle Counter,Axle counter fault,Medium,2,2,2,2025-04-20,2025-05-12,50,60,3,Preventive,No,Scheduled
SMMS002449,AST006992,Level Crossing Signal,C00070,17.6,LC Gate Signal,Signal failure,High,3,4,3,2025-06-25,2025-07-04,0,96,4,Corrective,No,Completed
SMMS002450,AST008530,Optical Fiber,C00043,1.8,OFC Link,Cable fault,High,4,4,2,2025-04-16,2025-04-23,69,151,3,Corrective,No,Open
SMMS002451,AST006955,Level Crossing Signal,C00083,44.5,LC Gate Signal,Signal failure,Medium,3,4,2,2025-06-17,2025-07-06,0,119,1,Preventive,Yes,Scheduled
SMMS002452,AST007429,Point Machine,C00079,15.4,Electric Point Machine,Point machine fault,Low,3,2,1,2025-06-16,2025-07-12,0,152,4,Inspection,No,Open
SMMS002453,AST006475,Point Machine,C00054,38.0,Electric Point Machine,Point machine fault,High,2,4,2,2025-05-26,2025-05-30,32,228,3,Preventive,Yes,Deferred
SMMS002454,AST007585,Axle Counter,C00005,1.8,Axle Counter,Axle counter fault,Low,2,2,2,2025-06-08,2025-07-12,0,155,5,Inspection,No,Open
SMMS002455,AST007541,Track Circuit,C00012,57.6,Track Circuit,Track circuit fault,High,3,3,2,2025-06-06,2025-06-14,17,43,2,Preventive,No,Open
SMMS002456,AST005627,Signal,C00058,29.8,Colour Light Signal,Signal failure,Medium,1,3,1,2025-06-10,2025-06-22,9,167,4,Corrective,Yes,Scheduled
SMMS002457,AST005626,Track Circuit,C00049,57.9,Track Circuit,Track circuit fault,Medium,3,2,2,2025-06-17,2025-07-08,0,66,1,Preventive,Yes,Completed
SMMS002458,AST008124,Optical Fiber,C00011,288.3,OFC Link,Cable fault,Critical,4,5,2,2025-06-27,2025-06-30,1,122,2,Preventive,Yes,Open
SMMS002459,AST008094,Level Crossing Signal,C00078,117.8,LC Gate Signal,Signal failure,Medium,3,4,2,2025-06-19,2025-07-06,0,118,3,Corrective,No,Completed
SMMS002460,AST007681,Relay,C00078,59.6,Relay Interlocking,Relay degradation,High,2,5,1,2025-06-29,2025-07-07,0,102,2,Preventive,Yes,In Progress
SMMS002461,AST006302,Signal,C00024,80.2,Colour Light Signal,Signal failure,Medium,3,2,1,2025-06-21,2025-07-05,0,143,4,Corrective,Yes,Completed
SMMS002462,AST007843,Relay,C00100,3.2,Relay Interlocking,Relay degradation,Critical,4,4,4,2025-05-31,2025-06-02,0,102,4,Preventive,No,Completed
SMMS002463,AST008414,Interlocking,C00059,25.7,Route Relay Interlocking,Interlocking inspection,Medium,1,1,2,2025-05-26,2025-06-16,15,155,3,Inspection,Yes,Open
SMMS002464,AST007256,Signal,C00040,105.7,Colour Light Signal,Signal failure,Low,2,3,3,2025-03-20,2025-05-08,54,70,4,Preventive,Yes,Deferred
SMMS002465,AST006402,Track Circuit,C00044,14.7,Track Circuit,Track circuit fault,Medium,4,2,1,2025-04-27,2025-05-17,45,130,3,Preventive,No,In Progress
SMMS002466,AST007342,Optical Fiber,C00071,1.9,OFC Link,Cable fault,Low,2,2,2,2025-05-04,2025-06-10,21,111,4,Inspection,Yes,Open
SMMS002467,AST006754,Level Crossing Signal,C00035,4.2,LC Gate Signal,Signal failure,Medium,4,4,2,2025-05-11,2025-05-27,35,98,2,Preventive,Yes,Open
SMMS002468,AST005387,Axle Counter,C00044,59.3,Axle Counter,Axle counter fault,Critical,4,3,4,2025-06-16,2025-06-19,12,63,2,Corrective,Yes,Scheduled
SMMS002469,AST007735,Telecom Cable,C00054,28.5,Quad Cable,Cable fault,Medium,2,2,2,2025-04-13,2025-05-04,58,109,2,Corrective,No,Scheduled
SMMS002470,AST006991,Point Machine,C00027,95.4,Electric Point Machine,Point machine fault,High,4,4,3,2025-04-21,2025-04-30,0,179,3,Preventive,Yes,Completed
SMMS002471,AST006777,Optical Fiber,C00053,6.5,OFC Link,Cable fault,Medium,2,4,2,2025-06-16,2025-07-05,0,184,2,Preventive,No,Scheduled
SMMS002472,AST006182,Signal,C00029,29.4,Colour Light Signal,Signal lamp/equipment replacement,Medium,3,2,2,2025-06-28,2025-07-19,0,83,2,Corrective,Yes,Deferred
SMMS002473,AST007933,Level Crossing Signal,C00063,103.5,LC Gate Signal,Signal failure,High,3,4,1,2025-06-29,2025-07-06,0,164,1,Corrective,No,Completed
SMMS002474,AST006529,Level Crossing Signal,C00052,173.5,LC Gate Signal,Signal failure,Medium,3,2,2,2025-05-22,2025-06-06,25,100,4,Corrective,Yes,Open
SMMS002475,AST007695,Interlocking,C00010,78.6,Route Relay Interlocking,Interlocking inspection,High,3,4,2,2025-06-29,2025-07-08,0,248,3,Inspection,Yes,Open
SMMS002476,AST006078,Signal,C00017,2.5,Colour Light Signal,Signal failure,Medium,2,5,2,2025-06-22,2025-07-10,0,97,2,Corrective,No,In Progress
SMMS002477,AST008344,Point Machine,C00037,57.8,Electric Point Machine,Point machine fault,Medium,2,2,3,2025-06-25,2025-07-16,0,171,3,Corrective,No,In Progress
SMMS002478,AST007478,Optical Fiber,C00087,116.5,OFC Link,Cable fault,Medium,4,2,1,2025-06-12,2025-06-29,0,140,3,Preventive,No,Completed
SMMS002479,AST007184,Interlocking,C00016,66.2,Route Relay Interlocking,Interlocking inspection,Low,1,1,3,2025-05-30,2025-07-19,0,228,3,Inspection,Yes,Open
SMMS002480,AST005671,Signal,C00023,27.1,Colour Light Signal,Signal lamp/equipment replacement,Low,2,1,2,2025-06-26,2025-07-26,0,67,2,Inspection,Yes,Scheduled
SMMS002481,AST006320,Point Machine,C00048,118.1,Electric Point Machine,Point machine fault,High,3,4,2,2025-03-11,2025-03-17,0,184,1,Corrective,No,Completed
SMMS002482,AST005335,Axle Counter,C00044,23.5,Axle Counter,Axle counter fault,Low,2,2,2,2025-05-28,2025-06-22,9,122,3,Corrective,No,Scheduled
SMMS002483,AST007548,Point Machine,C00004,38.2,Electric Point Machine,Point machine fault,Low,3,2,2,2025-05-19,2025-06-16,0,79,4,Corrective,No,Completed
SMMS002484,AST008416,Signal,C00082,60.6,Colour Light Signal,Signal lamp/equipment replacement,Critical,5,4,4,2025-06-22,2025-06-25,6,77,2,Preventive,No,Open
SMMS002485,AST006731,Telecom Cable,C00095,38.1,Quad Cable,Cable fault,Medium,3,4,2,2025-04-27,2025-05-16,0,118,4,Corrective,Yes,Completed
SMMS002486,AST008557,Optical Fiber,C00090,89.5,OFC Link,Cable fault,Low,3,2,2,2025-05-29,2025-06-24,7,169,2,Corrective,No,In Progress
SMMS002487,AST006052,Telecom Cable,C00005,24.1,Quad Cable,Cable fault,Medium,4,2,2,2025-06-29,2025-07-13,0,187,5,Corrective,No,Deferred
SMMS002488,AST005979,Track Circuit,C00006,18.3,Track Circuit,Track circuit fault,Low,2,2,3,2025-05-29,2025-07-11,0,55,4,Preventive,Yes,Scheduled
SMMS002489,AST008005,Relay,C00044,0.3,Relay Interlocking,Relay degradation,High,3,3,2,2025-06-22,2025-07-01,0,183,2,Corrective,Yes,Open
SMMS002490,AST008611,Level Crossing Signal,C00097,0.6,LC Gate Signal,Signal failure,High,3,4,4,2025-06-16,2025-06-24,7,173,4,Corrective,Yes,Deferred
SMMS002491,AST007975,Axle Counter,C00064,168.8,Axle Counter,Axle counter fault,Low,3,2,1,2025-06-03,2025-07-08,0,115,4,Preventive,No,Open
SMMS002492,AST008062,Axle Counter,C00047,41.5,Axle Counter,Axle counter fault,Medium,3,4,3,2025-06-23,2025-07-09,0,114,1,Corrective,No,Completed
SMMS002493,AST006745,Telecom Cable,C00051,28.8,Quad Cable,Cable fault,High,2,3,4,2025-05-14,2025-05-23,39,197,6,Preventive,No,Open
SMMS002494,AST005732,Level Crossing Signal,C00088,28.7,LC Gate Signal,Signal failure,Medium,2,3,1,2025-06-30,2025-07-16,0,136,2,Corrective,No,Scheduled
SMMS002495,AST006507,Axle Counter,C00034,2.5,Axle Counter,Axle counter fault,Medium,2,3,2,2025-06-17,2025-07-06,0,93,2,Corrective,Yes,Completed
SMMS002496,AST005851,Optical Fiber,C00079,1.4,OFC Link,Cable fault,Medium,3,2,1,2025-06-22,2025-07-10,0,220,3,Corrective,Yes,Open
SMMS002497,AST006373,Interlocking,C00018,31.9,Route Relay Interlocking,Interlocking inspection,Medium,1,2,1,2025-06-18,2025-07-04,0,235,4,Inspection,Yes,Deferred
SMMS002498,AST005972,Interlocking,C00003,69.0,Route Relay Interlocking,Interlocking inspection,High,3,4,2,2025-06-17,2025-06-25,6,153,2,Inspection,No,Open
SMMS002499,AST005392,Optical Fiber,C00018,96.5,OFC Link,Cable fault,Low,2,2,2,2025-06-04,2025-07-18,0,156,2,Inspection,No,Open
SMMS002500,AST007965,Point Machine,C00050,13.2,Electric Point Machine,Point machine fault,Critical,4,4,3,2025-06-20,2025-06-23,0,74,3,Corrective,Yes,Completed
SMMS002501,AST006365,Signal,C00097,22.8,Colour Light Signal,Signal lamp/equipment replacement,High,4,3,2,2025-06-26,2025-07-04,0,42,3,Corrective,No,Completed
SMMS002502,AST007043,Axle Counter,C00002,46.8,Axle Counter,Axle counter fault,Low,1,2,1,2025-06-02,2025-07-10,0,107,3,Inspection,No,Open
SMMS002503,AST006029,Level Crossing Signal,C00008,133.4,LC Gate Signal,Signal failure,Low,2,1,1,2025-06-25,2025-07-16,0,92,2,Inspection,Yes,Completed
SMMS002504,AST006538,Interlocking,C00057,75.7,Route Relay Interlocking,Interlocking inspection,High,4,5,3,2025-06-19,2025-06-25,0,202,5,Inspection,No,Completed
SMMS002505,AST007324,Signal,C00074,10.6,Colour Light Signal,Signal lamp/equipment replacement,Critical,3,5,4,2025-06-28,2025-07-01,0,138,4,Corrective,No,Open
SMMS002506,AST008586,Signal,C00096,82.9,Colour Light Signal,Signal lamp/equipment replacement,Medium,3,2,3,2025-04-03,2025-04-19,73,31,2,Corrective,Yes,Deferred
SMMS002507,AST006706,Point Machine,C00038,5.7,Electric Point Machine,Point machine fault,Critical,5,5,4,2025-05-06,2025-05-09,0,158,4,Preventive,No,Completed
SMMS002508,AST006308,Telecom Cable,C00003,57.1,Quad Cable,Cable fault,Medium,3,3,1,2025-06-23,2025-07-07,0,160,4,Preventive,Yes,Open
SMMS002509,AST007442,Relay,C00049,59.0,Relay Interlocking,Relay degradation,Low,2,2,1,2025-06-20,2025-07-16,0,143,3,Inspection,Yes,Open
SMMS002510,AST006670,Relay,C00026,276.0,Relay Interlocking,Relay degradation,High,2,4,2,2025-06-29,2025-07-05,0,60,2,Corrective,No,Deferred
SMMS002511,AST005400,Optical Fiber,C00058,58.5,OFC Link,Cable fault,Medium,2,3,2,2025-06-05,2025-06-17,14,187,5,Preventive,Yes,Scheduled
SMMS002512,AST007452,Track Circuit,C00024,86.6,Track Circuit,Track circuit fault,Medium,2,3,1,2025-06-19,2025-07-07,0,93,3,Preventive,No,Open
SMMS002513,AST006034,Track Circuit,C00052,78.4,Track Circuit,Track circuit fault,Low,2,1,1,2025-06-28,2025-07-30,0,102,4,Corrective,Yes,Completed
SMMS002514,AST007861,Track Circuit,C00093,19.2,Track Circuit,Track circuit fault,Low,3,2,2,2025-03-26,2025-04-23,69,190,2,Corrective,Yes,Scheduled
SMMS002515,AST008313,Optical Fiber,C00044,30.7,OFC Link,Cable fault,High,4,3,3,2025-06-23,2025-06-30,1,84,2,Preventive,Yes,Open
SMMS002516,AST008218,Interlocking,C00086,144.3,Route Relay Interlocking,Interlocking inspection,Medium,2,2,1,2025-05-28,2025-06-13,18,269,5,Inspection,No,Deferred
SMMS002517,AST006511,Point Machine,C00098,3.4,Electric Point Machine,Point machine fault,Critical,4,4,5,2025-05-28,2025-06-01,30,188,4,Corrective,No,In Progress
SMMS002518,AST007552,Axle Counter,C00057,10.6,Axle Counter,Axle counter fault,Medium,3,3,2,2025-06-22,2025-07-10,0,85,3,Corrective,No,Scheduled
SMMS002519,AST007460,Optical Fiber,C00085,235.6,OFC Link,Cable fault,High,4,3,3,2025-05-20,2025-05-30,32,105,4,Corrective,No,In Progress
SMMS002520,AST007883,Axle Counter,C00083,81.2,Axle Counter,Axle counter fault,Critical,4,4,3,2025-06-25,2025-06-29,2,121,4,Preventive,Yes,In Progress
SMMS002521,AST007847,Optical Fiber,C00008,59.2,OFC Link,Cable fault,Medium,4,2,1,2025-06-30,2025-07-19,0,99,1,Preventive,Yes,Open
SMMS002522,AST006555,Interlocking,C00022,148.0,Route Relay Interlocking,Interlocking inspection,Low,2,2,1,2025-06-21,2025-07-27,0,191,4,Inspection,No,Completed
SMMS002523,AST008317,Interlocking,C00014,96.7,Route Relay Interlocking,Interlocking inspection,Low,3,2,1,2025-06-16,2025-07-27,0,214,4,Inspection,Yes,Open
SMMS002524,AST008102,Telecom Cable,C00003,13.4,Quad Cable,Cable fault,Low,1,2,1,2025-06-22,2025-07-28,0,117,4,Corrective,Yes,Scheduled
SMMS002525,AST008518,Track Circuit,C00018,31.4,Track Circuit,Track circuit fault,Low,3,2,1,2025-06-30,2025-08-02,0,108,5,Corrective,No,Deferred
SMMS002526,AST008330,Axle Counter,C00047,31.7,Axle Counter,Axle counter fault,Critical,3,4,5,2025-05-24,2025-05-27,35,60,3,Corrective,Yes,Open
SMMS002527,AST006932,Optical Fiber,C00030,40.2,OFC Link,Cable fault,Low,2,2,1,2025-06-28,2025-07-30,0,123,3,Preventive,Yes,Open
SMMS002528,AST005683,Track Circuit,C00082,12.2,Track Circuit,Track circuit fault,Medium,3,3,3,2025-06-02,2025-06-17,14,109,4,Corrective,Yes,Open
SMMS002529,AST006074,Signal,C00043,16.2,Colour Light Signal,Signal failure,High,5,4,2,2025-06-27,2025-07-01,0,123,3,Corrective,No,Scheduled
SMMS002530,AST008221,Telecom Cable,C00053,98.7,Quad Cable,Cable fault,High,4,4,4,2025-05-30,2025-06-07,24,210,2,Preventive,No,In Progress
SMMS002531,AST006729,Interlocking,C00051,45.3,Route Relay Interlocking,Interlocking inspection,Low,1,2,2,2025-06-07,2025-07-22,0,251,4,Inspection,No,Completed
SMMS002532,AST006621,Signal,C00033,69.5,Colour Light Signal,Signal lamp/equipment replacement,Medium,5,2,2,2025-06-17,2025-07-08,0,66,1,Preventive,Yes,Open
SMMS002533,AST007421,Interlocking,C00001,202.0,Route Relay Interlocking,Interlocking inspection,Medium,5,3,2,2025-05-10,2025-05-26,36,223,5,Inspection,No,Open
SMMS002534,AST005981,Level Crossing Signal,C00099,12.3,LC Gate Signal,Signal failure,Medium,2,3,4,2025-05-07,2025-05-22,40,83,3,Corrective,No,Open
SMMS002535,AST006051,Level Crossing Signal,C00084,57.6,LC Gate Signal,Signal failure,High,5,3,2,2025-05-17,2025-05-24,0,77,3,Preventive,No,Completed
SMMS002536,AST007444,Track Circuit,C00087,82.9,Track Circuit,Track circuit fault,Low,2,1,3,2025-04-27,2025-05-20,42,133,1,Corrective,Yes,Open
SMMS002537,AST005800,Telecom Cable,C00027,11.6,Quad Cable,Cable fault,Medium,2,3,1,2025-06-05,2025-06-26,5,181,3,Corrective,No,Open
SMMS002538,AST005885,Optical Fiber,C00079,24.7,OFC Link,Cable fault,Medium,2,2,2,2025-06-28,2025-07-16,0,126,4,Preventive,No,Open
SMMS002539,AST007866,Relay,C00090,21.2,Relay Interlocking,Relay degradation,Medium,3,3,3,2025-03-25,2025-04-14,0,146,3,Corrective,No,Completed
SMMS002540,AST008283,Axle Counter,C00011,298.9,Axle Counter,Axle counter fault,Critical,5,4,3,2025-06-28,2025-07-01,0,176,5,Corrective,No,Open
SMMS002541,AST006715,Axle Counter,C00048,51.3,Axle Counter,Axle counter fault,Medium,4,2,1,2025-06-28,2025-07-18,0,154,2,Preventive,No,Open
SMMS002542,AST006747,Signal,C00036,43.5,Colour Light Signal,Signal lamp/equipment replacement,Low,3,1,1,2025-05-08,2025-06-10,21,80,3,Corrective,Yes,Deferred
SMMS002543,AST005987,Relay,C00094,64.5,Relay Interlocking,Relay degradation,Medium,4,4,3,2025-06-03,2025-06-23,0,48,5,Preventive,No,Completed
SMMS002544,AST008297,Axle Counter,C00096,35.9,Axle Counter,Axle counter fault,Low,1,1,1,2025-06-04,2025-07-08,0,89,3,Corrective,Yes,Deferred
SMMS002545,AST006183,Signal,C00038,105.0,Colour Light Signal,Signal failure,High,4,3,1,2025-05-21,2025-05-27,35,229,3,Preventive,Yes,In Progress
SMMS002546,AST006646,Optical Fiber,C00030,76.1,OFC Link,Cable fault,Low,2,2,1,2025-04-01,2025-05-07,55,97,4,Corrective,Yes,Open
SMMS002547,AST007693,Axle Counter,C00086,224.0,Axle Counter,Axle counter fault,Medium,4,3,2,2025-06-29,2025-07-16,0,88,3,Corrective,Yes,In Progress
SMMS002548,AST008267,Signal,C00029,94.0,Colour Light Signal,Signal lamp/equipment replacement,Medium,4,2,2,2025-06-17,2025-07-10,0,122,2,Corrective,Yes,Deferred
SMMS002549,AST005841,Telecom Cable,C00010,78.3,Quad Cable,Cable fault,Medium,2,3,2,2025-06-24,2025-07-12,0,139,4,Corrective,No,Open
SMMS002550,AST006157,Axle Counter,C00008,58.9,Axle Counter,Axle counter fault,Low,3,2,2,2025-05-28,2025-07-04,0,89,2,Inspection,No,Scheduled
SMMS002551,AST006062,Relay,C00023,8.7,Relay Interlocking,Relay degradation,Low,1,2,1,2025-06-30,2025-07-29,0,45,2,Inspection,Yes,Open
SMMS002552,AST007957,Track Circuit,C00014,62.6,Track Circuit,Track circuit fault,Medium,4,3,2,2025-06-21,2025-07-09,0,118,4,Corrective,No,Completed
SMMS002553,AST007239,Axle Counter,C00090,79.4,Axle Counter,Axle counter fault,High,3,4,2,2025-06-29,2025-07-08,0,64,1,Preventive,Yes,Open
SMMS002554,AST006992,Level Crossing Signal,C00070,17.6,LC Gate Signal,Signal failure,Medium,3,3,3,2025-04-20,2025-05-03,59,79,3,Preventive,Yes,Open
SMMS002555,AST005409,Point Machine,C00095,27.7,Electric Point Machine,Point machine fault,Medium,3,3,3,2025-06-30,2025-07-13,0,138,2,Corrective,No,Completed
SMMS002556,AST007269,Signal,C00083,31.9,Colour Light Signal,Signal failure,High,3,4,1,2025-04-19,2025-04-26,66,118,4,Preventive,No,Open
SMMS002557,AST008473,Track Circuit,C00095,56.0,Track Circuit,Track circuit fault,Medium,3,3,2,2025-06-20,2025-07-08,0,105,2,Preventive,No,Scheduled
SMMS002558,AST007061,Signal,C00037,40.4,Colour Light Signal,Signal failure,High,3,4,3,2025-06-17,2025-06-22,9,98,4,Preventive,Yes,Open
SMMS002559,AST006907,Interlocking,C00078,51.1,Route Relay Interlocking,Interlocking inspection,Low,2,4,2,2025-06-10,2025-07-17,0,205,3,Inspection,Yes,Open
SMMS002560,AST007910,Point Machine,C00004,111.1,Electric Point Machine,Point machine fault,Low,2,2,1,2025-05-27,2025-07-05,0,138,2,Corrective,Yes,Completed
SMMS002561,AST005965,Point Machine,C00072,36.2,Electric Point Machine,Point machine fault,Medium,2,2,2,2025-06-17,2025-07-04,0,107,3,Preventive,Yes,Open
SMMS002562,AST008364,Point Machine,C00026,406.8,Electric Point Machine,Point machine fault,Medium,4,3,2,2025-04-16,2025-05-01,0,156,3,Corrective,No,Completed
SMMS002563,AST006667,Telecom Cable,C00048,40.7,Quad Cable,Cable fault,High,3,4,3,2025-06-27,2025-07-06,0,140,3,Preventive,Yes,Deferred
SMMS002564,AST005611,Interlocking,C00005,5.8,Route Relay Interlocking,Interlocking inspection,Low,2,2,1,2025-06-22,2025-07-21,0,176,6,Inspection,No,Completed
SMMS002565,AST007432,Signal,C00009,25.2,Colour Light Signal,Signal lamp/equipment replacement,Medium,3,4,1,2025-06-29,2025-07-19,0,91,4,Corrective,No,Open
SMMS002566,AST006123,Level Crossing Signal,C00015,50.3,LC Gate Signal,Signal failure,Medium,2,3,4,2025-06-21,2025-07-10,0,102,3,Corrective,No,Deferred
SMMS002567,AST007321,Telecom Cable,C00073,111.5,Quad Cable,Cable fault,Critical,4,4,4,2025-06-21,2025-06-24,0,231,4,Corrective,Yes,Completed
SMMS002568,AST008640,Axle Counter,C00051,9.7,Axle Counter,Axle counter fault,Low,2,2,2,2025-06-20,2025-07-13,0,122,4,Preventive,Yes,Open
SMMS002569,AST008437,Axle Counter,C00020,70.6,Axle Counter,Axle counter fault,Critical,3,3,4,2025-03-19,2025-03-23,100,216,3,Preventive,Yes,Open
SMMS002570,AST006479,Point Machine,C00042,73.3,Electric Point Machine,Point machine fault,Medium,4,2,3,2025-06-25,2025-07-13,0,133,4,Preventive,No,Completed
SMMS002571,AST005578,Relay,C00078,14.2,Relay Interlocking,Relay degradation,Low,2,2,2,2025-06-08,2025-07-02,0,151,5,Corrective,Yes,Completed
SMMS002572,AST007827,Axle Counter,C00058,71.1,Axle Counter,Axle counter fault,Medium,4,2,1,2025-05-23,2025-06-09,22,126,4,Preventive,No,Scheduled
SMMS002573,AST008327,Level Crossing Signal,C00080,71.6,LC Gate Signal,Signal failure,Medium,2,2,2,2025-06-20,2025-07-09,0,111,4,Corrective,Yes,In Progress
SMMS002574,AST007323,Level Crossing Signal,C00100,1.5,LC Gate Signal,Signal failure,Medium,3,3,3,2025-06-05,2025-06-27,4,85,3,Preventive,Yes,Open
SMMS002575,AST006916,Relay,C00002,106.1,Relay Interlocking,Relay degradation,Low,3,2,2,2025-06-05,2025-07-02,0,94,2,Preventive,Yes,Open
SMMS002576,AST008403,Optical Fiber,C00048,21.2,OFC Link,Cable fault,High,2,4,4,2025-04-28,2025-05-03,59,127,5,Preventive,No,Open
SMMS002577,AST005933,Optical Fiber,C00033,54.1,OFC Link,Cable fault,Low,4,2,1,2025-06-30,2025-08-09,0,155,3,Inspection,Yes,Scheduled
SMMS002578,AST006659,Level Crossing Signal,C00031,28.2,LC Gate Signal,Signal failure,High,3,3,5,2025-03-21,2025-03-27,96,203,4,Corrective,No,Scheduled
SMMS002579,AST007739,Interlocking,C00089,42.2,Route Relay Interlocking,Interlocking inspection,Critical,3,4,4,2025-06-10,2025-06-12,19,258,5,Inspection,Yes,In Progress
SMMS002580,AST006719,Relay,C00039,6.5,Relay Interlocking,Relay degradation,Low,3,2,2,2025-04-20,2025-05-28,0,73,3,Preventive,No,Completed
SMMS002581,AST005331,Relay,C00018,67.1,Relay Interlocking,Relay degradation,Critical,4,4,4,2025-06-09,2025-06-13,18,133,3,Preventive,No,Open
SMMS002582,AST008531,Point Machine,C00057,32.3,Electric Point Machine,Point machine fault,High,2,2,3,2025-05-04,2025-05-11,0,150,3,Preventive,No,Completed
SMMS002583,AST007278,Optical Fiber,C00020,46.6,OFC Link,Cable fault,Critical,3,4,2,2025-05-19,2025-05-23,39,155,3,Corrective,Yes,Open
SMMS002584,AST005418,Axle Counter,C00002,94.1,Axle Counter,Axle counter fault,Critical,2,5,4,2025-06-18,2025-06-22,9,89,4,Preventive,No,Open
SMMS002585,AST007843,Relay,C00100,3.2,Relay Interlocking,Relay degradation,Medium,2,3,1,2025-05-30,2025-06-19,12,76,1,Corrective,Yes,Deferred
SMMS002586,AST007063,Level Crossing Signal,C00049,58.4,LC Gate Signal,Signal failure,Medium,3,3,1,2025-06-18,2025-06-30,0,151,1,Preventive,No,Completed
SMMS002587,AST006304,Relay,C00042,51.3,Relay Interlocking,Relay degradation,Medium,1,3,1,2025-06-25,2025-07-13,0,75,2,Preventive,Yes,In Progress
SMMS002588,AST006865,Telecom Cable,C00025,303.5,Quad Cable,Cable fault,Low,3,1,3,2025-06-15,2025-07-07,0,160,2,Corrective,No,In Progress
SMMS002589,AST007782,Telecom Cable,C00068,118.5,Quad Cable,Cable fault,Medium,3,2,2,2025-06-26,2025-07-15,0,161,3,Corrective,Yes,Open
SMMS002590,AST006877,Telecom Cable,C00071,21.8,Quad Cable,Cable fault,High,4,4,2,2025-06-21,2025-07-01,0,210,4,Corrective,Yes,In Progress
SMMS002591,AST006604,Track Circuit,C00019,71.7,Track Circuit,Track circuit fault,Low,4,1,2,2025-04-08,2025-05-06,0,209,4,Corrective,Yes,Completed
SMMS002592,AST006566,Axle Counter,C00010,23.7,Axle Counter,Axle counter fault,Low,1,2,1,2025-06-21,2025-07-31,0,115,1,Corrective,No,Open
SMMS002593,AST005536,Signal,C00010,6.8,Colour Light Signal,Signal failure,High,3,2,2,2025-06-11,2025-06-19,12,178,3,Corrective,No,Open
SMMS002594,AST008010,Signal,C00057,28.9,Colour Light Signal,Signal lamp/equipment replacement,Medium,3,1,2,2025-06-28,2025-07-11,0,102,2,Corrective,Yes,Open
SMMS002595,AST008307,Point Machine,C00093,12.7,Electric Point Machine,Point machine fault,High,4,4,3,2025-03-23,2025-03-30,93,201,4,Preventive,Yes,Open
SMMS002596,AST006639,Signal,C00006,2.7,Colour Light Signal,Signal lamp/equipment replacement,Medium,4,4,2,2025-06-28,2025-07-10,0,48,3,Preventive,Yes,Scheduled
SMMS002597,AST005465,Interlocking,C00068,3.1,Route Relay Interlocking,Interlocking inspection,Medium,3,3,2,2025-06-28,2025-07-19,0,161,3,Inspection,No,Open
SMMS002598,AST007072,Point Machine,C00012,112.4,Electric Point Machine,Point machine fault,Medium,2,2,2,2025-06-23,2025-07-07,0,173,5,Corrective,Yes,Open
SMMS002599,AST007539,Level Crossing Signal,C00098,3.5,LC Gate Signal,Signal failure,High,3,3,3,2025-06-05,2025-06-11,20,78,4,Corrective,Yes,Open
SMMS002600,AST007721,Track Circuit,C00045,29.7,Track Circuit,Track circuit fault,Low,2,2,1,2025-06-20,2025-07-23,0,118,4,Preventive,No,Scheduled
SMMS002601,AST007253,Optical Fiber,C00038,156.2,OFC Link,Cable fault,High,3,4,4,2025-06-23,2025-07-02,0,196,4,Preventive,No,In Progress
SMMS002602,AST007957,Track Circuit,C00014,62.6,Track Circuit,Track circuit fault,Low,2,3,2,2025-06-16,2025-07-30,0,104,4,Corrective,No,Scheduled
SMMS002603,AST008575,Point Machine,C00100,2.8,Electric Point Machine,Point machine fault,High,2,3,2,2025-05-31,2025-06-06,25,132,4,Preventive,Yes,In Progress
SMMS002604,AST008137,Level Crossing Signal,C00007,28.6,LC Gate Signal,Signal failure,Medium,4,2,2,2025-06-27,2025-07-09,0,99,2,Preventive,No,In Progress
SMMS002605,AST006018,Signal,C00100,0.2,Colour Light Signal,Signal failure,Critical,3,5,3,2025-06-29,2025-07-02,0,218,4,Corrective,Yes,In Progress
SMMS002606,AST006033,Track Circuit,C00006,5.3,Track Circuit,Track circuit fault,Low,4,1,3,2025-05-10,2025-06-18,13,163,3,Preventive,Yes,Scheduled
SMMS002607,AST006706,Point Machine,C00038,5.7,Electric Point Machine,Point machine fault,Medium,3,2,3,2025-06-11,2025-07-01,0,158,3,Corrective,Yes,In Progress
SMMS002608,AST008387,Optical Fiber,C00013,63.8,OFC Link,Cable fault,Medium,2,3,2,2025-06-13,2025-07-01,0,191,5,Corrective,Yes,Open
SMMS002609,AST007795,Axle Counter,C00056,36.2,Axle Counter,Axle counter fault,Low,1,3,1,2025-04-25,2025-05-27,0,119,1,Corrective,Yes,Completed
SMMS002610,AST006931,Interlocking,C00099,2.6,Route Relay Interlocking,Interlocking inspection,Medium,4,3,2,2025-06-03,2025-06-18,0,154,5,Inspection,No,Completed
SMMS002611,AST007726,Optical Fiber,C00063,74.3,OFC Link,Cable fault,High,2,3,2,2025-06-23,2025-06-30,1,185,3,Preventive,Yes,Open
SMMS002612,AST007545,Axle Counter,C00074,17.3,Axle Counter,Axle counter fault,Critical,2,5,4,2025-05-25,2025-05-27,35,83,2,Corrective,Yes,Open
SMMS002613,AST008164,Relay,C00050,8.0,Relay Interlocking,Relay degradation,High,4,4,3,2025-06-29,2025-07-07,0,103,3,Preventive,Yes,Open
SMMS002614,AST006570,Optical Fiber,C00074,4.6,OFC Link,Cable fault,Medium,1,2,2,2025-06-28,2025-07-20,0,193,4,Corrective,Yes,In Progress
SMMS002615,AST006880,Track Circuit,C00050,22.2,Track Circuit,Track circuit fault,High,4,4,3,2025-06-16,2025-06-24,0,180,2,Preventive,Yes,Completed
SMMS002616,AST005406,Level Crossing Signal,C00032,21.1,LC Gate Signal,Signal failure,Medium,5,3,2,2025-06-26,2025-07-15,0,110,3,Preventive,Yes,Deferred
SMMS002617,AST007260,Track Circuit,C00005,76.2,Track Circuit,Track circuit fault,Low,3,1,1,2025-06-02,2025-06-30,1,187,4,Inspection,No,In Progress
SMMS002618,AST008281,Point Machine,C00011,220.6,Electric Point Machine,Point machine fault,Medium,3,2,1,2025-06-27,2025-07-08,0,122,3,Preventive,No,In Progress
SMMS002619,AST008488,Optical Fiber,C00076,126.5,OFC Link,Cable fault,Medium,4,2,2,2025-06-14,2025-07-03,0,128,3,Preventive,Yes,Completed
SMMS002620,AST005359,Signal,C00031,79.4,Colour Light Signal,Signal failure,Critical,3,5,5,2025-05-29,2025-06-01,0,237,3,Preventive,No,Completed
SMMS002621,AST006844,Telecom Cable,C00092,50.5,Quad Cable,Cable fault,Critical,4,4,3,2025-06-19,2025-06-22,0,305,5,Preventive,No,Completed
SMMS002622,AST008144,Signal,C00091,183.0,Colour Light Signal,Signal failure,High,5,4,2,2025-06-13,2025-06-20,11,79,2,Corrective,No,Deferred
SMMS002623,AST006123,Level Crossing Signal,C00015,50.3,LC Gate Signal,Signal failure,Low,2,2,1,2025-06-29,2025-07-23,0,122,3,Preventive,Yes,Completed
SMMS002624,AST006256,Level Crossing Signal,C00082,72.5,LC Gate Signal,Signal failure,Low,3,2,1,2025-06-18,2025-07-26,0,126,3,Preventive,Yes,Scheduled
SMMS002625,AST005998,Point Machine,C00076,128.6,Electric Point Machine,Point machine fault,Medium,2,2,3,2025-04-03,2025-04-20,72,174,3,Corrective,Yes,Open
SMMS002626,AST008621,Axle Counter,C00032,1.1,Axle Counter,Axle counter fault,High,2,4,2,2025-04-23,2025-05-04,58,40,2,Preventive,No,Open
SMMS002627,AST005631,Axle Counter,C00015,20.3,Axle Counter,Axle counter fault,Low,4,1,2,2025-05-23,2025-06-26,5,147,3,Inspection,Yes,Open
SMMS002628,AST005853,Axle Counter,C00080,25.4,Axle Counter,Axle counter fault,Medium,2,3,2,2025-06-18,2025-07-08,0,86,3,Preventive,Yes,Open
SMMS002629,AST007755,Track Circuit,C00093,0.7,Track Circuit,Track circuit fault,Medium,5,3,3,2025-04-14,2025-05-01,61,120,2,Corrective,Yes,Open
SMMS002630,AST007318,Point Machine,C00028,64.7,Electric Point Machine,Point machine fault,Low,2,1,2,2025-06-29,2025-08-05,0,106,2,Corrective,Yes,Deferred
SMMS002631,AST006679,Interlocking,C00095,71.3,Route Relay Interlocking,Interlocking inspection,Medium,3,2,2,2025-06-11,2025-07-01,0,251,2,Inspection,Yes,Scheduled
SMMS002632,AST006167,Telecom Cable,C00001,118.4,Quad Cable,Cable fault,Medium,4,2,3,2025-06-04,2025-06-22,0,137,2,Corrective,Yes,Completed
SMMS002633,AST006080,Axle Counter,C00052,102.1,Axle Counter,Axle counter fault,Low,2,1,2,2025-05-29,2025-07-16,0,67,3,Corrective,No,In Progress
SMMS002634,AST005563,Axle Counter,C00062,49.3,Axle Counter,Axle counter fault,Low,2,1,2,2025-06-16,2025-07-18,0,73,3,Preventive,No,Open
SMMS002635,AST005569,Optical Fiber,C00049,8.3,OFC Link,Cable fault,Low,3,2,2,2025-05-18,2025-07-04,0,179,4,Preventive,No,Deferred
SMMS002636,AST006363,Point Machine,C00044,39.4,Electric Point Machine,Point machine fault,Medium,1,2,1,2025-06-21,2025-07-07,0,140,4,Preventive,No,Completed
SMMS002637,AST007445,Level Crossing Signal,C00015,79.5,LC Gate Signal,Signal failure,Low,4,2,1,2025-05-20,2025-06-26,0,66,3,Inspection,Yes,Completed
SMMS002638,AST006127,Optical Fiber,C00054,29.4,OFC Link,Cable fault,Medium,2,3,3,2025-03-31,2025-04-15,77,121,4,Corrective,No,In Progress
SMMS002639,AST005781,Relay,C00042,43.9,Relay Interlocking,Relay degradation,Low,2,2,1,2025-06-24,2025-07-24,0,84,3,Preventive,No,Open
SMMS002640,AST007785,Point Machine,C00009,46.0,Electric Point Machine,Point machine fault,Medium,2,2,1,2025-04-13,2025-05-07,55,235,3,Corrective,Yes,Scheduled
SMMS002641,AST006385,Interlocking,C00059,26.2,Route Relay Interlocking,Interlocking inspection,Low,2,2,2,2025-04-24,2025-05-23,0,138,3,Inspection,Yes,Completed
SMMS002642,AST006049,Telecom Cable,C00100,4.0,Quad Cable,Cable fault,Low,2,2,1,2025-06-27,2025-07-27,0,261,4,Inspection,Yes,Completed
SMMS002643,AST007687,Interlocking,C00082,103.9,Route Relay Interlocking,Interlocking inspection,Critical,4,5,4,2025-06-10,2025-06-13,18,273,5,Inspection,Yes,Scheduled
SMMS002644,AST005601,Signal,C00080,1.3,Colour Light Signal,Signal failure,Medium,3,3,2,2025-06-10,2025-06-27,4,189,4,Preventive,No,Open
SMMS002645,AST006807,Relay,C00022,130.7,Relay Interlocking,Relay degradation,Low,2,3,2,2025-06-27,2025-08-04,0,127,2,Inspection,No,Open
SMMS002646,AST005512,Interlocking,C00094,90.6,Route Relay Interlocking,Interlocking inspection,High,3,4,3,2025-04-08,2025-04-14,78,229,5,Inspection,Yes,Scheduled
SMMS002647,AST007061,Signal,C00037,40.4,Colour Light Signal,Signal lamp/equipment replacement,Critical,5,4,3,2025-05-29,2025-05-31,31,87,1,Preventive,Yes,In Progress
SMMS002648,AST006644,Point Machine,C00095,95.1,Electric Point Machine,Point machine fault,Low,3,2,2,2025-06-23,2025-07-30,0,140,4,Inspection,No,In Progress
SMMS002649,AST007048,Track Circuit,C00098,2.8,Track Circuit,Track circuit fault,Low,3,1,2,2025-06-13,2025-07-21,0,148,3,Preventive,Yes,Open
SMMS002650,AST006445,Relay,C00041,21.5,Relay Interlocking,Relay degradation,Low,2,1,2,2025-06-18,2025-07-29,0,137,4,Preventive,Yes,Open
SMMS002651,AST006906,Signal,C00026,209.0,Colour Light Signal,Signal lamp/equipment replacement,Low,2,2,1,2025-04-03,2025-04-23,69,113,3,Inspection,Yes,Scheduled
SMMS002652,AST005587,Point Machine,C00038,191.9,Electric Point Machine,Point machine fault,Low,3,1,1,2025-06-21,2025-07-31,0,146,4,Corrective,Yes,Open
SMMS002653,AST006892,Point Machine,C00093,45.4,Electric Point Machine,Point machine fault,Medium,5,3,2,2025-06-20,2025-07-05,0,124,4,Preventive,Yes,Scheduled
SMMS002654,AST008109,Optical Fiber,C00047,1.3,OFC Link,Cable fault,Low,1,2,2,2025-06-26,2025-08-14,0,196,4,Inspection,No,Scheduled
SMMS002655,AST008129,Telecom Cable,C00029,58.5,Quad Cable,Cable fault,Medium,3,3,1,2025-06-24,2025-07-06,0,180,3,Preventive,No,Open
SMMS002656,AST006204,Level Crossing Signal,C00081,67.1,LC Gate Signal,Signal failure,High,3,3,3,2025-05-23,2025-06-01,0,199,5,Corrective,No,Completed
SMMS002657,AST007319,Optical Fiber,C00046,26.6,OFC Link,Cable fault,Low,2,1,1,2025-06-09,2025-07-14,0,149,5,Corrective,Yes,Open
SMMS002658,AST008467,Telecom Cable,C00049,102.6,Quad Cable,Cable fault,High,4,2,1,2025-06-18,2025-06-23,8,178,4,Corrective,Yes,Open
SMMS002659,AST005454,Point Machine,C00072,98.5,Electric Point Machine,Point machine fault,Medium,3,2,2,2025-06-19,2025-07-05,0,227,4,Preventive,No,In Progress
SMMS002660,AST007000,Track Circuit,C00089,25.4,Track Circuit,Track circuit fault,High,5,4,2,2025-06-22,2025-06-28,3,99,3,Preventive,No,Open
SMMS002661,AST005409,Point Machine,C00095,27.7,Electric Point Machine,Point machine fault,Low,2,2,1,2025-05-20,2025-06-26,0,106,3,Preventive,No,Completed
SMMS002662,AST007521,Signal,C00007,10.0,Colour Light Signal,Signal failure,High,4,2,3,2025-05-23,2025-05-31,0,126,4,Preventive,Yes,Completed
SMMS002663,AST006119,Telecom Cable,C00076,51.0,Quad Cable,Cable fault,Low,3,2,2,2025-06-30,2025-08-08,0,148,4,Corrective,Yes,Open
SMMS002664,AST007856,Relay,C00042,24.5,Relay Interlocking,Relay degradation,Low,1,1,2,2025-06-16,2025-07-14,0,76,4,Corrective,Yes,Completed
SMMS002665,AST005386,Axle Counter,C00052,118.2,Axle Counter,Axle counter fault,Low,4,2,1,2025-04-22,2025-05-25,37,62,2,Inspection,Yes,Scheduled
SMMS002666,AST007025,Point Machine,C00076,39.7,Electric Point Machine,Point machine fault,Critical,4,5,5,2025-06-30,2025-07-04,0,149,4,Preventive,Yes,Open
SMMS002667,AST005309,Relay,C00083,32.9,Relay Interlocking,Relay degradation,High,2,3,2,2025-05-29,2025-06-05,0,63,1,Preventive,Yes,Completed
SMMS002668,AST006076,Axle Counter,C00034,19.0,Axle Counter,Axle counter fault,High,5,4,4,2025-06-27,2025-07-09,0,99,3,Corrective,Yes,Scheduled
SMMS002669,AST007826,Relay,C00042,7.4,Relay Interlocking,Relay degradation,Critical,4,4,3,2025-06-21,2025-06-26,5,169,3,Corrective,No,Open
SMMS002670,AST006972,Level Crossing Signal,C00062,1.0,LC Gate Signal,Signal failure,High,2,4,3,2025-03-12,2025-03-22,0,164,3,Corrective,Yes,Completed
SMMS002671,AST008101,Point Machine,C00013,124.8,Electric Point Machine,Point machine fault,Critical,2,4,5,2025-04-21,2025-04-24,0,187,5,Preventive,Yes,Completed
SMMS002672,AST006299,Optical Fiber,C00029,27.5,OFC Link,Cable fault,Medium,4,2,1,2025-06-16,2025-07-01,0,100,2,Preventive,No,Open
SMMS002673,AST006382,Interlocking,C00026,148.5,Route Relay Interlocking,Interlocking inspection,Medium,5,3,2,2025-06-21,2025-07-03,0,195,5,Inspection,Yes,In Progress
SMMS002674,AST006112,Telecom Cable,C00017,3.2,Quad Cable,Cable fault,Low,3,1,3,2025-06-29,2025-07-22,0,153,4,Corrective,Yes,Open
SMMS002675,AST007235,Level Crossing Signal,C00099,0.1,LC Gate Signal,Signal failure,High,4,4,3,2025-06-29,2025-07-06,0,38,4,Corrective,Yes,Scheduled
SMMS002676,AST006917,Track Circuit,C00077,2.3,Track Circuit,Track circuit fault,High,2,3,2,2025-06-22,2025-06-30,1,142,2,Corrective,No,Open
SMMS002677,AST005493,Axle Counter,C00028,53.2,Axle Counter,Axle counter fault,Low,2,1,3,2025-06-13,2025-07-14,0,96,2,Preventive,Yes,Open
SMMS002678,AST006612,Optical Fiber,C00077,22.3,OFC Link,Cable fault,Medium,2,3,2,2025-04-28,2025-05-18,44,137,2,Preventive,No,Open
SMMS002679,AST008284,Axle Counter,C00009,4.5,Axle Counter,Axle counter fault,Medium,5,4,2,2025-05-20,2025-06-13,0,105,4,Preventive,No,Completed
SMMS002680,AST008451,Axle Counter,C00041,14.7,Axle Counter,Axle counter fault,Medium,3,3,3,2025-05-04,2025-05-20,42,161,3,Preventive,No,Scheduled
SMMS002681,AST008153,Signal,C00076,119.1,Colour Light Signal,Signal failure,Medium,2,4,2,2025-06-24,2025-07-12,0,123,3,Preventive,No,Completed
SMMS002682,AST007716,Telecom Cable,C00029,79.6,Quad Cable,Cable fault,Medium,4,3,2,2025-06-18,2025-07-08,0,220,5,Preventive,Yes,Completed
SMMS002683,AST007566,Point Machine,C00039,28.7,Electric Point Machine,Point machine fault,High,4,3,3,2025-05-22,2025-05-26,36,179,3,Corrective,No,Scheduled
SMMS002684,AST006084,Track Circuit,C00057,6.9,Track Circuit,Track circuit fault,Low,3,1,1,2025-05-26,2025-06-29,2,134,2,Corrective,No,Open
SMMS002685,AST005499,Optical Fiber,C00053,116.4,OFC Link,Cable fault,Medium,2,2,2,2025-03-13,2025-04-02,90,149,4,Preventive,No,Open
SMMS002686,AST007529,Axle Counter,C00045,10.6,Axle Counter,Axle counter fault,High,3,3,2,2025-03-03,2025-03-10,0,70,2,Corrective,No,Completed
SMMS002687,AST008317,Interlocking,C00014,96.7,Route Relay Interlocking,Interlocking inspection,Medium,3,3,2,2025-05-20,2025-06-05,26,184,4,Inspection,No,Open
SMMS002688,AST006075,Signal,C00019,82.0,Colour Light Signal,Signal lamp/equipment replacement,Medium,3,2,1,2025-04-24,2025-05-08,54,106,3,Preventive,No,In Progress
SMMS002689,AST008457,Level Crossing Signal,C00068,46.5,LC Gate Signal,Signal failure,Low,1,2,1,2025-06-09,2025-07-20,0,123,5,Corrective,No,Open
SMMS002690,AST006225,Signal,C00008,41.8,Colour Light Signal,Signal failure,Low,3,2,2,2025-06-17,2025-07-27,0,168,3,Corrective,Yes,Open
SMMS002691,AST006216,Signal,C00065,53.5,Colour Light Signal,Signal lamp/equipment replacement,Low,2,4,1,2025-06-25,2025-08-06,0,44,3,Corrective,No,Open
SMMS002692,AST007282,Axle Counter,C00057,103.5,Axle Counter,Axle counter fault,Low,3,1,1,2025-03-29,2025-05-12,0,119,5,Corrective,No,Completed
SMMS002693,AST006303,Axle Counter,C00077,32.5,Axle Counter,Axle counter fault,High,4,4,3,2025-05-25,2025-06-05,0,114,2,Preventive,Yes,Completed
SMMS002694,AST007563,Telecom Cable,C00100,4.5,Quad Cable,Cable fault,High,2,4,3,2025-06-28,2025-07-04,0,209,4,Preventive,No,Completed
SMMS002695,AST007982,Relay,C00088,17.4,Relay Interlocking,Relay degradation,Medium,3,2,3,2025-06-17,2025-06-30,1,86,3,Corrective,Yes,Deferred
SMMS002696,AST007474,Interlocking,C00045,20.2,Route Relay Interlocking,Interlocking inspection,High,3,3,2,2025-06-21,2025-07-01,0,153,4,Inspection,No,Open
SMMS002697,AST005686,Telecom Cable,C00047,24.1,Quad Cable,Cable fault,Medium,4,3,2,2025-06-16,2025-07-06,0,194,4,Corrective,No,Open
SMMS002698,AST007021,Point Machine,C00095,18.9,Electric Point Machine,Point machine fault,High,2,4,2,2025-05-28,2025-06-03,28,96,3,Preventive,No,In Progress
SMMS002699,AST006610,Interlocking,C00058,33.7,Route Relay Interlocking,Interlocking inspection,Critical,3,4,3,2025-06-17,2025-06-20,11,277,4,Inspection,No,In Progress
SMMS002700,AST005382,Telecom Cable,C00087,113.2,Quad Cable,Cable fault,Low,2,2,1,2025-04-17,2025-06-01,30,110,3,Inspection,No,Open
SMMS002701,AST007960,Point Machine,C00008,68.3,Electric Point Machine,Point machine fault,Low,1,2,2,2025-05-18,2025-07-06,0,123,2,Corrective,No,Open
SMMS002702,AST005510,Level Crossing Signal,C00017,0.5,LC Gate Signal,Signal failure,Low,2,1,1,2025-06-01,2025-06-23,8,148,2,Corrective,Yes,Open
SMMS002703,AST006044,Interlocking,C00064,165.2,Route Relay Interlocking,Interlocking inspection,Low,3,1,2,2025-05-22,2025-07-04,0,185,5,Inspection,Yes,Open
SMMS002704,AST007868,Track Circuit,C00016,34.0,Track Circuit,Track circuit fault,Low,2,2,3,2025-06-20,2025-07-25,0,120,2,Preventive,Yes,Completed
SMMS002705,AST007228,Level Crossing Signal,C00019,40.3,LC Gate Signal,Signal failure,High,4,4,4,2025-03-12,2025-03-18,105,89,2,Corrective,Yes,In Progress
SMMS002706,AST005820,Optical Fiber,C00064,4.0,OFC Link,Cable fault,High,4,5,3,2025-05-22,2025-05-28,0,161,3,Preventive,Yes,Completed
SMMS002707,AST008069,Axle Counter,C00090,13.3,Axle Counter,Axle counter fault,Critical,4,4,4,2025-05-25,2025-05-28,34,147,4,Corrective,No,In Progress
SMMS002708,AST006273,Signal,C00083,58.2,Colour Light Signal,Signal failure,Medium,3,3,2,2025-06-27,2025-07-11,0,35,2,Corrective,No,Open
SMMS002709,AST008147,Interlocking,C00025,48.4,Route Relay Interlocking,Interlocking inspection,Critical,4,4,2,2025-05-19,2025-05-22,40,259,5,Inspection,No,Open
SMMS002710,AST007499,Interlocking,C00051,20.7,Route Relay Interlocking,Interlocking inspection,Low,2,1,2,2025-06-13,2025-07-08,0,200,4,Inspection,No,Completed
SMMS002711,AST005589,Optical Fiber,C00037,85.9,OFC Link,Cable fault,Medium,2,3,2,2025-04-08,2025-04-25,0,110,4,Preventive,No,Completed
SMMS002712,AST005534,Telecom Cable,C00018,54.6,Quad Cable,Cable fault,Low,3,2,2,2025-06-18,2025-07-08,0,140,3,Inspection,Yes,Deferred
SMMS002713,AST005681,Track Circuit,C00054,34.6,Track Circuit,Track circuit fault,Medium,4,2,2,2025-04-20,2025-05-07,0,143,4,Preventive,No,Completed
SMMS002714,AST007657,Axle Counter,C00055,100.4,Axle Counter,Axle counter fault,Low,4,3,1,2025-03-09,2025-04-07,85,69,2,Inspection,No,Open
SMMS002715,AST007245,Track Circuit,C00077,34.3,Track Circuit,Track circuit fault,High,4,4,3,2025-06-18,2025-06-28,0,135,3,Corrective,No,Completed
SMMS002716,AST005972,Interlocking,C00003,69.0,Route Relay Interlocking,Interlocking inspection,High,3,4,2,2025-06-21,2025-06-28,3,234,4,Inspection,Yes,In Progress
SMMS002717,AST007232,Telecom Cable,C00025,161.3,Quad Cable,Cable fault,Medium,1,2,2,2025-05-16,2025-06-01,30,132,4,Preventive,Yes,In Progress
SMMS002718,AST007368,Point Machine,C00073,121.5,Electric Point Machine,Point machine fault,Medium,3,2,1,2025-06-07,2025-06-22,9,105,5,Corrective,Yes,Open
SMMS002719,AST008625,Level Crossing Signal,C00050,4.4,LC Gate Signal,Signal failure,Medium,2,2,2,2025-05-07,2025-05-28,34,80,3,Preventive,Yes,Open
SMMS002720,AST006121,Signal,C00056,11.1,Colour Light Signal,Signal failure,Low,2,1,1,2025-06-05,2025-07-02,0,122,4,Corrective,Yes,Deferred
SMMS002721,AST007548,Point Machine,C00004,38.2,Electric Point Machine,Point machine fault,Medium,3,3,3,2025-06-06,2025-06-21,10,109,3,Preventive,Yes,Deferred
SMMS002722,AST006298,Interlocking,C00033,61.0,Route Relay Interlocking,Interlocking inspection,Medium,3,3,2,2025-06-19,2025-07-09,0,184,5,Inspection,Yes,Completed
SMMS002723,AST007833,Point Machine,C00014,45.8,Electric Point Machine,Point machine fault,High,3,4,3,2025-03-27,2025-04-02,90,185,3,Corrective,No,Open
SMMS002724,AST006838,Optical Fiber,C00005,12.1,OFC Link,Cable fault,Low,1,2,2,2025-06-10,2025-07-19,0,140,1,Inspection,No,Scheduled
SMMS002725,AST006917,Track Circuit,C00077,2.3,Track Circuit,Track circuit fault,High,4,5,4,2025-05-20,2025-05-29,33,142,3,Corrective,No,Open
SMMS002726,AST008286,Optical Fiber,C00057,26.5,OFC Link,Cable fault,Low,1,1,2,2025-06-19,2025-07-14,0,143,3,Preventive,Yes,Completed
SMMS002727,AST006000,Optical Fiber,C00084,185.1,OFC Link,Cable fault,High,4,4,2,2025-06-06,2025-06-16,0,131,3,Preventive,No,Completed
SMMS002728,AST008394,Interlocking,C00047,60.6,Route Relay Interlocking,Interlocking inspection,Medium,3,2,2,2025-06-03,2025-06-20,11,223,5,Inspection,Yes,Scheduled
SMMS002729,AST005352,Point Machine,C00059,170.8,Electric Point Machine,Point machine fault,Medium,1,2,2,2025-06-14,2025-07-03,0,184,2,Corrective,Yes,Open
SMMS002730,AST008580,Level Crossing Signal,C00021,11.5,LC Gate Signal,Signal failure,Low,4,1,2,2025-06-09,2025-07-09,0,140,2,Preventive,No,Completed
SMMS002731,AST006383,Level Crossing Signal,C00077,54.2,LC Gate Signal,Signal failure,Critical,3,5,4,2025-03-29,2025-03-31,0,172,4,Corrective,No,Completed
SMMS002732,AST007633,Signal,C00026,45.3,Colour Light Signal,Signal lamp/equipment replacement,High,2,4,2,2025-06-10,2025-06-16,15,73,4,Corrective,No,Open
SMMS002733,AST006931,Interlocking,C00099,2.6,Route Relay Interlocking,Interlocking inspection,Low,3,1,2,2025-05-30,2025-07-11,0,203,4,Inspection,No,Completed
SMMS002734,AST006313,Track Circuit,C00049,77.8,Track Circuit,Track circuit fault,Medium,5,3,1,2025-06-20,2025-07-02,0,142,2,Preventive,Yes,Completed
SMMS002735,AST005685,Track Circuit,C00077,67.5,Track Circuit,Track circuit fault,Low,2,2,2,2025-06-22,2025-07-15,0,105,2,Corrective,No,Completed
SMMS002736,AST008075,Relay,C00084,84.8,Relay Interlocking,Relay degradation,High,4,3,2,2025-06-05,2025-06-11,20,109,4,Corrective,No,Scheduled
SMMS002737,AST007526,Interlocking,C00095,89.6,Route Relay Interlocking,Interlocking inspection,High,3,4,3,2025-05-22,2025-05-31,0,286,4,Inspection,No,Completed
SMMS002738,AST008280,Signal,C00071,20.7,Colour Light Signal,Signal failure,Low,3,1,1,2025-06-29,2025-07-21,0,126,3,Preventive,No,Open
SMMS002739,AST005900,Track Circuit,C00097,15.6,Track Circuit,Track circuit fault,Low,1,1,2,2025-05-31,2025-07-01,0,166,3,Inspection,Yes,Open
SMMS002740,AST005483,Point Machine,C00031,49.0,Electric Point Machine,Point machine fault,Medium,2,4,3,2025-06-10,2025-06-21,0,138,3,Corrective,Yes,Completed
SMMS002741,AST005684,Telecom Cable,C00093,24.2,Quad Cable,Cable fault,Low,3,2,2,2025-05-25,2025-06-26,5,144,3,Inspection,No,Scheduled
SMMS002742,AST005862,Signal,C00014,10.9,Colour Light Signal,Signal failure,Low,2,2,1,2025-03-17,2025-04-15,77,92,3,Preventive,Yes,Open
SMMS002743,AST006736,Interlocking,C00020,77.8,Route Relay Interlocking,Interlocking inspection,High,5,4,3,2025-03-18,2025-03-28,95,176,4,Inspection,Yes,Scheduled
SMMS002744,AST005683,Track Circuit,C00082,12.2,Track Circuit,Track circuit fault,High,5,4,2,2025-06-22,2025-07-02,0,167,4,Corrective,No,Scheduled
SMMS002745,AST006797,Axle Counter,C00029,4.4,Axle Counter,Axle counter fault,Low,3,1,2,2025-06-29,2025-07-31,0,86,2,Corrective,Yes,Completed
SMMS002746,AST007949,Optical Fiber,C00091,84.7,OFC Link,Cable fault,Low,4,1,1,2025-04-23,2025-05-27,35,130,4,Preventive,Yes,Scheduled
SMMS002747,AST005941,Point Machine,C00051,14.2,Electric Point Machine,Point machine fault,Low,1,1,2,2025-06-13,2025-07-22,0,184,4,Preventive,Yes,Scheduled
SMMS002748,AST007172,Level Crossing Signal,C00031,61.4,LC Gate Signal,Signal failure,Low,3,2,3,2025-06-22,2025-07-26,0,102,2,Preventive,Yes,In Progress
SMMS002749,AST008035,Telecom Cable,C00062,30.1,Quad Cable,Cable fault,Medium,4,2,4,2025-06-21,2025-07-15,0,163,4,Preventive,Yes,Open
SMMS002750,AST005806,Level Crossing Signal,C00005,9.4,LC Gate Signal,Signal failure,Medium,3,4,1,2025-04-06,2025-04-21,71,75,2,Preventive,No,Open
SMMS002751,AST007571,Point Machine,C00050,25.4,Electric Point Machine,Point machine fault,High,3,4,3,2025-06-23,2025-06-30,1,141,2,Preventive,No,Open
SMMS002752,AST007665,Level Crossing Signal,C00025,380.0,LC Gate Signal,Signal failure,Low,2,1,2,2025-05-16,2025-06-26,0,86,4,Inspection,Yes,Completed
SMMS002753,AST008306,Level Crossing Signal,C00033,27.7,LC Gate Signal,Signal failure,High,3,4,3,2025-06-26,2025-07-04,0,99,3,Preventive,Yes,Completed
SMMS002754,AST006916,Relay,C00002,106.1,Relay Interlocking,Relay degradation,Medium,2,3,2,2025-05-29,2025-06-11,20,152,4,Corrective,Yes,Scheduled
SMMS002755,AST007701,Axle Counter,C00006,9.4,Axle Counter,Axle counter fault,Low,3,2,3,2025-06-05,2025-07-10,0,98,4,Preventive,Yes,Completed
SMMS002756,AST005555,Point Machine,C00004,78.2,Electric Point Machine,Point machine fault,High,2,4,2,2025-06-29,2025-07-07,0,170,2,Corrective,Yes,Scheduled
SMMS002757,AST006909,Point Machine,C00032,12.6,Electric Point Machine,Point machine fault,Low,2,2,1,2025-03-12,2025-04-05,87,120,4,Corrective,Yes,Open
SMMS002758,AST008606,Telecom Cable,C00093,30.4,Quad Cable,Cable fault,Medium,2,1,1,2025-06-20,2025-07-07,0,150,4,Preventive,No,Open
SMMS002759,AST008241,Signal,C00001,44.3,Colour Light Signal,Signal lamp/equipment replacement,High,4,3,1,2025-06-25,2025-07-05,0,109,3,Preventive,No,Open
SMMS002760,AST008463,Point Machine,C00069,215.2,Electric Point Machine,Point machine fault,High,3,4,2,2025-05-21,2025-05-28,34,180,5,Preventive,No,Open
SMMS002761,AST005947,Optical Fiber,C00009,60.5,OFC Link,Cable fault,Critical,5,4,3,2025-05-24,2025-05-28,34,186,5,Preventive,Yes,Open
SMMS002762,AST008280,Signal,C00071,20.7,Colour Light Signal,Signal lamp/equipment replacement,Medium,3,2,2,2025-05-21,2025-06-12,19,79,1,Corrective,Yes,In Progress
SMMS002763,AST005480,Axle Counter,C00098,1.8,Axle Counter,Axle counter fault,Medium,2,2,3,2025-06-30,2025-07-16,0,137,4,Preventive,Yes,Completed
SMMS002764,AST005455,Track Circuit,C00006,0.6,Track Circuit,Track circuit fault,High,3,3,2,2025-05-01,2025-05-07,55,143,2,Preventive,Yes,In Progress
SMMS002765,AST005404,Track Circuit,C00012,25.5,Track Circuit,Track circuit fault,Low,2,1,2,2025-06-30,2025-08-12,0,141,4,Corrective,No,Open
SMMS002766,AST007657,Axle Counter,C00055,100.4,Axle Counter,Axle counter fault,Medium,4,4,2,2025-06-25,2025-07-14,0,88,3,Corrective,No,Completed
SMMS002767,AST008094,Level Crossing Signal,C00078,117.8,LC Gate Signal,Signal failure,High,2,3,3,2025-04-18,2025-04-24,68,104,1,Corrective,Yes,Deferred
SMMS002768,AST007662,Relay,C00076,127.7,Relay Interlocking,Relay degradation,High,3,4,3,2025-06-24,2025-07-05,0,112,3,Preventive,Yes,In Progress
SMMS002769,AST008281,Point Machine,C00011,220.6,Electric Point Machine,Point machine fault,High,4,4,3,2025-06-09,2025-06-15,0,147,2,Preventive,Yes,Completed
SMMS002770,AST006553,Relay,C00055,108.3,Relay Interlocking,Relay degradation,Critical,4,5,2,2025-06-29,2025-07-02,0,107,3,Preventive,No,Scheduled
SMMS002771,AST006574,Track Circuit,C00081,34.1,Track Circuit,Track circuit fault,Medium,1,1,1,2025-05-23,2025-06-16,15,79,3,Preventive,Yes,Open
SMMS002772,AST006125,Optical Fiber,C00086,123.7,OFC Link,Cable fault,Low,2,1,1,2025-06-30,2025-08-04,0,136,3,Preventive,No,Completed
SMMS002773,AST005342,Signal,C00075,37.6,Colour Light Signal,Signal lamp/equipment replacement,Medium,2,2,2,2025-03-08,2025-03-22,101,45,1,Corrective,Yes,Open
SMMS002774,AST006675,Signal,C00055,3.5,Colour Light Signal,Signal lamp/equipment replacement,Low,2,2,1,2025-05-21,2025-06-15,16,57,2,Corrective,Yes,Open
SMMS002775,AST007278,Optical Fiber,C00020,46.6,OFC Link,Cable fault,Low,2,2,2,2025-06-24,2025-07-28,0,198,3,Inspection,No,Open
SMMS002776,AST005521,Optical Fiber,C00062,45.3,OFC Link,Cable fault,Critical,3,4,4,2025-06-21,2025-06-25,6,141,4,Corrective,Yes,Open
SMMS002777,AST005969,Signal,C00056,29.0,Colour Light Signal,Signal failure,High,2,4,3,2025-05-22,2025-05-31,31,150,3,Preventive,Yes,Open
SMMS002778,AST008326,Track Circuit,C00032,7.9,Track Circuit,Track circuit fault,Medium,2,3,1,2025-06-24,2025-07-11,0,137,3,Preventive,Yes,Completed
SMMS002779,AST006898,Axle Counter,C00005,74.5,Axle Counter,Axle counter fault,High,3,4,3,2025-06-19,2025-06-27,4,92,3,Preventive,Yes,In Progress
SMMS002780,AST005901,Relay,C00061,53.8,Relay Interlocking,Relay degradation,Medium,3,3,3,2025-04-23,2025-05-13,49,107,2,Preventive,Yes,Open
SMMS002781,AST005842,Optical Fiber,C00004,115.6,OFC Link,Cable fault,Medium,3,3,1,2025-05-26,2025-06-17,14,172,2,Preventive,Yes,Open
SMMS002782,AST005896,Track Circuit,C00099,12.2,Track Circuit,Track circuit fault,Low,3,2,1,2025-06-28,2025-08-04,0,119,3,Preventive,Yes,Scheduled
SMMS002783,AST008152,Track Circuit,C00037,57.2,Track Circuit,Track circuit fault,High,3,3,3,2025-06-20,2025-06-29,2,233,5,Preventive,No,Open
SMMS002784,AST006227,Interlocking,C00029,14.1,Route Relay Interlocking,Interlocking inspection,High,4,4,3,2025-06-12,2025-06-20,0,245,2,Inspection,Yes,Completed
SMMS002785,AST007169,Telecom Cable,C00088,7.2,Quad Cable,Cable fault,High,4,5,3,2025-06-13,2025-06-22,9,196,4,Corrective,Yes,Scheduled
SMMS002786,AST005541,Relay,C00035,75.5,Relay Interlocking,Relay degradation,Medium,3,3,1,2025-06-25,2025-07-16,0,111,4,Corrective,Yes,Open
SMMS002787,AST007364,Level Crossing Signal,C00057,100.9,LC Gate Signal,Signal failure,Medium,3,2,2,2025-03-25,2025-04-17,0,124,4,Corrective,No,Completed
SMMS002788,AST008185,Signal,C00058,3.5,Colour Light Signal,Signal lamp/equipment replacement,High,3,4,1,2025-04-06,2025-04-14,0,54,3,Corrective,No,Completed
SMMS002789,AST008108,Relay,C00091,148.5,Relay Interlocking,Relay degradation,Critical,4,4,2,2025-06-01,2025-06-04,0,121,3,Corrective,Yes,Completed
SMMS002790,AST006061,Point Machine,C00040,104.9,Electric Point Machine,Point machine fault,Low,2,3,1,2025-04-10,2025-05-15,0,118,5,Inspection,No,Completed
SMMS002791,AST008148,Interlocking,C00040,14.3,Route Relay Interlocking,Interlocking inspection,High,2,4,5,2025-05-30,2025-06-07,0,170,4,Inspection,Yes,Completed
SMMS002792,AST008300,Level Crossing Signal,C00090,11.0,LC Gate Signal,Signal failure,Critical,3,3,5,2025-06-26,2025-06-30,1,129,2,Corrective,No,Scheduled
SMMS002793,AST006817,Axle Counter,C00013,63.3,Axle Counter,Axle counter fault,Low,3,2,1,2025-05-26,2025-06-24,7,68,3,Preventive,No,Open
SMMS002794,AST007692,Optical Fiber,C00014,102.2,OFC Link,Cable fault,Critical,4,5,4,2025-06-23,2025-06-27,0,139,4,Preventive,No,Completed
SMMS002795,AST007491,Level Crossing Signal,C00074,2.7,LC Gate Signal,Signal failure,Critical,3,4,4,2025-06-14,2025-06-17,14,104,3,Preventive,No,Scheduled
SMMS002796,AST005780,Interlocking,C00007,13.9,Route Relay Interlocking,Interlocking inspection,Medium,1,3,2,2025-05-21,2025-06-09,22,172,4,Inspection,No,Open
SMMS002797,AST007877,Relay,C00048,86.6,Relay Interlocking,Relay degradation,High,3,3,3,2025-06-10,2025-06-21,10,58,2,Preventive,No,Open
SMMS002798,AST008392,Track Circuit,C00087,141.7,Track Circuit,Track circuit fault,High,3,4,3,2025-06-04,2025-06-11,20,159,3,Corrective,Yes,Deferred
SMMS002799,AST006932,Optical Fiber,C00030,40.2,OFC Link,Cable fault,Low,3,3,1,2025-05-18,2025-06-29,2,164,4,Preventive,No,In Progress
SMMS002800,AST007961,Relay,C00004,84.5,Relay Interlocking,Relay degradation,High,4,4,2,2025-05-30,2025-06-09,22,56,4,Preventive,Yes,Open
SMMS002801,AST008517,Telecom Cable,C00051,16.1,Quad Cable,Cable fault,High,4,3,3,2025-06-17,2025-06-26,5,281,4,Corrective,Yes,Deferred
SMMS002802,AST005981,Level Crossing Signal,C00099,12.3,LC Gate Signal,Signal failure,Medium,3,3,2,2025-06-27,2025-07-17,0,86,3,Corrective,No,Open
SMMS002803,AST006285,Signal,C00047,55.5,Colour Light Signal,Signal lamp/equipment replacement,Critical,3,5,4,2025-03-22,2025-03-26,97,45,1,Preventive,Yes,Scheduled
SMMS002804,AST006509,Point Machine,C00097,5.9,Electric Point Machine,Point machine fault,Low,3,1,2,2025-06-23,2025-07-16,0,172,4,Corrective,No,In Progress
SMMS002805,AST006947,Axle Counter,C00081,35.2,Axle Counter,Axle counter fault,Low,2,2,2,2025-06-27,2025-08-11,0,161,4,Preventive,Yes,Scheduled
SMMS002806,AST006794,Relay,C00053,68.5,Relay Interlocking,Relay degradation,Critical,4,5,3,2025-05-02,2025-05-05,57,112,4,Preventive,Yes,Open
SMMS002807,AST007130,Level Crossing Signal,C00087,116.8,LC Gate Signal,Signal failure,Low,1,2,1,2025-04-04,2025-05-05,57,64,2,Corrective,No,Open
SMMS002808,AST007728,Relay,C00011,68.4,Relay Interlocking,Relay degradation,High,3,4,2,2025-06-30,2025-07-06,0,118,3,Preventive,Yes,Open
SMMS002809,AST006844,Telecom Cable,C00092,50.5,Quad Cable,Cable fault,Low,3,1,1,2025-06-02,2025-07-12,0,118,2,Preventive,No,Open
SMMS002810,AST006951,Optical Fiber,C00011,265.9,OFC Link,Cable fault,High,5,3,4,2025-03-05,2025-03-11,112,209,1,Preventive,No,Open
SMMS002811,AST007700,Track Circuit,C00007,168.5,Track Circuit,Track circuit fault,Medium,2,2,1,2025-05-31,2025-06-16,15,183,6,Preventive,No,Scheduled
SMMS002812,AST006429,Relay,C00051,42.2,Relay Interlocking,Relay degradation,Low,3,1,1,2025-04-06,2025-05-19,0,97,3,Inspection,Yes,Completed
SMMS002813,AST007542,Axle Counter,C00082,37.8,Axle Counter,Axle counter fault,Low,3,3,1,2025-06-25,2025-08-09,0,70,2,Inspection,No,Deferred
SMMS002814,AST007154,Point Machine,C00037,21.9,Electric Point Machine,Point machine fault,High,4,2,3,2025-06-23,2025-07-01,0,137,3,Preventive,No,Deferred
SMMS002815,AST007999,Level Crossing Signal,C00013,25.0,LC Gate Signal,Signal failure,Medium,2,2,1,2025-06-28,2025-07-14,0,118,4,Corrective,No,In Progress
SMMS002816,AST006645,Telecom Cable,C00057,120.5,Quad Cable,Cable fault,Medium,4,2,2,2025-06-10,2025-06-26,5,155,5,Preventive,No,Open
SMMS002817,AST006259,Optical Fiber,C00018,28.9,OFC Link,Cable fault,High,3,4,4,2025-06-10,2025-06-17,0,104,3,Preventive,No,Completed
SMMS002818,AST006574,Track Circuit,C00081,34.1,Track Circuit,Track circuit fault,Medium,2,3,4,2025-06-06,2025-06-29,2,156,3,Preventive,Yes,Deferred
SMMS002819,AST005972,Interlocking,C00003,69.0,Route Relay Interlocking,Interlocking inspection,Low,2,3,2,2025-05-21,2025-06-26,5,245,3,Inspection,Yes,Scheduled
SMMS002820,AST006932,Optical Fiber,C00030,40.2,OFC Link,Cable fault,Low,3,2,1,2025-06-25,2025-08-02,0,71,3,Preventive,Yes,Completed
SMMS002821,AST006061,Point Machine,C00040,104.9,Electric Point Machine,Point machine fault,High,4,4,4,2025-06-09,2025-06-17,14,167,4,Preventive,Yes,Open
SMMS002822,AST007203,Track Circuit,C00056,3.1,Track Circuit,Track circuit fault,High,3,4,2,2025-06-20,2025-06-27,4,181,4,Corrective,Yes,Open
SMMS002823,AST007042,Signal,C00019,150.4,Colour Light Signal,Signal failure,High,3,2,2,2025-05-23,2025-05-31,31,114,3,Preventive,No,Scheduled
SMMS002824,AST005850,Track Circuit,C00030,88.1,Track Circuit,Track circuit fault,Low,1,1,1,2025-06-30,2025-08-07,0,191,4,Corrective,No,Completed
SMMS002825,AST008058,Relay,C00023,30.7,Relay Interlocking,Relay degradation,Medium,3,3,1,2025-05-22,2025-06-07,24,131,5,Corrective,No,Open
SMMS002826,AST006827,Axle Counter,C00032,12.9,Axle Counter,Axle counter fault,High,4,4,1,2025-06-18,2025-06-25,6,76,1,Preventive,Yes,Deferred
SMMS002827,AST006005,Track Circuit,C00088,42.9,Track Circuit,Track circuit fault,High,4,3,2,2025-06-02,2025-06-12,0,167,3,Preventive,No,Completed
SMMS002828,AST007759,Track Circuit,C00091,207.0,Track Circuit,Track circuit fault,Medium,4,2,1,2025-05-31,2025-06-20,11,113,3,Corrective,Yes,Open
SMMS002829,AST008608,Point Machine,C00068,110.4,Electric Point Machine,Point machine fault,Medium,5,4,2,2025-03-26,2025-04-06,0,149,3,Preventive,Yes,Completed
SMMS002830,AST007036,Signal,C00094,147.4,Colour Light Signal,Signal failure,Medium,3,3,1,2025-06-30,2025-07-18,0,44,2,Preventive,Yes,In Progress
SMMS002831,AST008580,Level Crossing Signal,C00021,11.5,LC Gate Signal,Signal failure,Medium,3,2,2,2025-06-18,2025-07-03,0,135,2,Preventive,Yes,Scheduled
SMMS002832,AST005554,Level Crossing Signal,C00058,58.7,LC Gate Signal,Signal failure,Low,3,3,2,2025-03-15,2025-04-17,75,139,2,Corrective,No,Scheduled
SMMS002833,AST007232,Telecom Cable,C00025,161.3,Quad Cable,Cable fault,Medium,2,2,2,2025-03-12,2025-04-02,90,118,2,Corrective,No,Open
SMMS002834,AST005947,Optical Fiber,C00009,60.5,OFC Link,Cable fault,Critical,3,4,4,2025-05-23,2025-05-26,36,184,4,Corrective,Yes,Open
SMMS002835,AST005836,Track Circuit,C00074,14.9,Track Circuit,Track circuit fault,Medium,3,4,2,2025-06-30,2025-07-17,0,180,3,Corrective,No,Open
SMMS002836,AST008404,Signal,C00034,22.1,Colour Light Signal,Signal failure,Medium,3,3,2,2025-06-26,2025-07-10,0,94,3,Corrective,No,Open
SMMS002837,AST008037,Level Crossing Signal,C00010,75.6,LC Gate Signal,Signal failure,Medium,5,2,3,2025-05-30,2025-06-22,9,99,3,Corrective,No,Open
SMMS002838,AST007152,Point Machine,C00040,103.4,Electric Point Machine,Point machine fault,Critical,4,4,3,2025-06-16,2025-06-18,0,301,4,Corrective,Yes,Completed
SMMS002839,AST007523,Axle Counter,C00082,36.1,Axle Counter,Axle counter fault,Medium,4,3,2,2025-05-09,2025-05-26,0,99,1,Preventive,Yes,Completed
SMMS002840,AST007825,Optical Fiber,C00088,0.5,OFC Link,Cable fault,High,4,3,2,2025-04-17,2025-04-26,66,183,3,Corrective,Yes,Deferred
SMMS002841,AST008269,Relay,C00015,170.0,Relay Interlocking,Relay degradation,Medium,2,3,2,2025-05-11,2025-05-24,38,83,3,Corrective,Yes,Open
SMMS002842,AST006424,Axle Counter,C00078,28.6,Axle Counter,Axle counter fault,High,3,4,4,2025-06-02,2025-06-10,21,99,4,Preventive,No,Open
SMMS002843,AST006612,Optical Fiber,C00077,22.3,OFC Link,Cable fault,Medium,2,2,4,2025-05-16,2025-05-30,0,172,2,Corrective,Yes,Completed
SMMS002844,AST006031,Telecom Cable,C00092,56.5,Quad Cable,Cable fault,High,3,3,3,2025-06-18,2025-06-27,4,174,4,Preventive,No,Open
SMMS002845,AST006723,Signal,C00025,210.4,Colour Light Signal,Signal failure,Critical,4,5,2,2025-06-15,2025-06-17,0,174,5,Corrective,No,Completed
SMMS002846,AST007434,Track Circuit,C00012,60.0,Track Circuit,Track circuit fault,Medium,1,2,1,2025-05-12,2025-05-30,32,142,3,Preventive,No,In Progress
SMMS002847,AST005686,Telecom Cable,C00047,24.1,Quad Cable,Cable fault,Medium,3,4,1,2025-05-20,2025-06-11,20,146,4,Preventive,Yes,Open
SMMS002848,AST006295,Point Machine,C00033,44.3,Electric Point Machine,Point machine fault,Medium,2,3,2,2025-06-19,2025-07-08,0,119,4,Corrective,Yes,Scheduled
SMMS002849,AST006267,Axle Counter,C00007,178.8,Axle Counter,Axle counter fault,Medium,3,3,2,2025-06-29,2025-07-10,0,49,3,Preventive,No,Open
SMMS002850,AST007137,Axle Counter,C00019,55.9,Axle Counter,Axle counter fault,Medium,4,2,1,2025-05-28,2025-06-10,21,89,2,Corrective,No,Scheduled
SMMS002851,AST007397,Level Crossing Signal,C00081,38.1,LC Gate Signal,Signal failure,Low,1,2,3,2025-05-23,2025-06-24,7,129,3,Corrective,Yes,Open
SMMS002852,AST006213,Signal,C00035,95.7,Colour Light Signal,Signal failure,Medium,3,2,2,2025-05-02,2025-05-16,0,135,2,Preventive,Yes,Completed
SMMS002853,AST007979,Interlocking,C00065,64.0,Route Relay Interlocking,Interlocking inspection,Low,2,2,1,2025-06-11,2025-07-19,0,172,3,Inspection,Yes,Open
SMMS002854,AST005510,Level Crossing Signal,C00017,0.5,LC Gate Signal,Signal failure,High,4,4,3,2025-06-30,2025-07-06,0,161,5,Corrective,Yes,Deferred
SMMS002855,AST006057,Axle Counter,C00033,29.6,Axle Counter,Axle counter fault,Medium,1,3,2,2025-04-26,2025-05-12,50,107,2,Preventive,Yes,Scheduled
SMMS002856,AST007677,Level Crossing Signal,C00032,21.9,LC Gate Signal,Signal failure,High,2,3,3,2025-05-31,2025-06-08,23,176,4,Corrective,Yes,Scheduled
SMMS002857,AST006820,Axle Counter,C00007,59.2,Axle Counter,Axle counter fault,Medium,4,3,1,2025-05-17,2025-06-05,26,58,3,Corrective,No,Scheduled
SMMS002858,AST007518,Track Circuit,C00095,86.3,Track Circuit,Track circuit fault,Low,3,2,2,2025-06-28,2025-08-02,0,142,4,Inspection,Yes,Open
SMMS002859,AST005496,Axle Counter,C00025,84.7,Axle Counter,Axle counter fault,Medium,3,3,3,2025-06-08,2025-06-30,1,76,1,Preventive,No,Scheduled
SMMS002860,AST007469,Relay,C00090,88.4,Relay Interlocking,Relay degradation,Medium,2,2,1,2025-06-26,2025-07-12,0,50,2,Corrective,Yes,Completed
SMMS002861,AST006089,Signal,C00039,4.7,Colour Light Signal,Signal failure,Low,3,1,1,2025-06-19,2025-07-31,0,119,5,Corrective,Yes,Scheduled
SMMS002862,AST008293,Point Machine,C00070,10.9,Electric Point Machine,Point machine fault,Low,1,3,1,2025-04-27,2025-06-02,29,152,4,Corrective,Yes,Open
SMMS002863,AST008167,Level Crossing Signal,C00089,87.5,LC Gate Signal,Signal failure,Medium,2,2,2,2025-06-20,2025-07-06,0,225,4,Corrective,Yes,Completed
SMMS002864,AST008005,Relay,C00044,0.3,Relay Interlocking,Relay degradation,Low,1,2,1,2025-06-24,2025-07-23,0,149,3,Corrective,Yes,Scheduled
SMMS002865,AST006332,Telecom Cable,C00013,11.0,Quad Cable,Cable fault,Low,1,2,2,2025-03-08,2025-04-17,75,142,1,Inspection,Yes,Open
SMMS002866,AST007290,Point Machine,C00014,15.6,Electric Point Machine,Point machine fault,High,2,4,2,2025-06-22,2025-06-28,3,189,2,Preventive,No,Open
SMMS002867,AST006955,Level Crossing Signal,C00083,44.5,LC Gate Signal,Signal failure,Critical,4,4,3,2025-06-26,2025-06-28,3,133,3,Preventive,Yes,Scheduled
SMMS002868,AST007930,Relay,C00055,100.7,Relay Interlocking,Relay degradation,Low,4,2,2,2025-06-11,2025-07-09,0,114,3,Preventive,Yes,Deferred
SMMS002869,AST008506,Optical Fiber,C00060,9.8,OFC Link,Cable fault,Medium,2,3,2,2025-06-16,2025-06-29,2,147,2,Preventive,Yes,Open
SMMS002870,AST007237,Telecom Cable,C00026,247.9,Quad Cable,Cable fault,Low,3,2,1,2025-05-22,2025-06-21,10,138,2,Inspection,Yes,Deferred
SMMS002871,AST008527,Level Crossing Signal,C00094,148.4,LC Gate Signal,Signal failure,Medium,5,2,1,2025-06-23,2025-07-10,0,97,4,Preventive,No,Open
SMMS002872,AST007352,Level Crossing Signal,C00042,25.7,LC Gate Signal,Signal failure,Low,3,1,1,2025-06-27,2025-08-11,0,111,2,Corrective,No,Open
SMMS002873,AST006454,Level Crossing Signal,C00054,10.4,LC Gate Signal,Signal failure,Medium,1,2,1,2025-06-16,2025-07-05,0,130,4,Corrective,Yes,Completed
SMMS002874,AST005876,Signal,C00053,101.5,Colour Light Signal,Signal failure,Low,2,2,1,2025-04-15,2025-05-25,37,84,3,Preventive,Yes,In Progress
SMMS002875,AST007306,Telecom Cable,C00001,281.5,Quad Cable,Cable fault,Medium,2,3,3,2025-06-16,2025-07-03,0,146,2,Preventive,Yes,Deferred
SMMS002876,AST006941,Track Circuit,C00097,0.9,Track Circuit,Track circuit fault,Critical,4,5,4,2025-06-20,2025-06-24,0,205,2,Preventive,Yes,Completed
SMMS002877,AST007994,Axle Counter,C00086,38.1,Axle Counter,Axle counter fault,Medium,3,3,2,2025-05-26,2025-06-15,16,98,3,Corrective,Yes,Open
SMMS002878,AST006513,Signal,C00065,17.1,Colour Light Signal,Signal lamp/equipment replacement,Low,3,2,1,2025-06-30,2025-08-04,0,68,3,Preventive,No,Open
SMMS002879,AST007557,Signal,C00032,4.5,Colour Light Signal,Signal lamp/equipment replacement,Medium,2,4,2,2025-05-28,2025-06-13,18,91,3,Preventive,Yes,In Progress
SMMS002880,AST006894,Relay,C00044,53.4,Relay Interlocking,Relay degradation,High,1,3,2,2025-05-31,2025-06-04,0,99,4,Corrective,No,Completed
SMMS002881,AST008375,Relay,C00054,25.8,Relay Interlocking,Relay degradation,Medium,3,4,2,2025-06-01,2025-06-24,7,124,3,Corrective,Yes,Open
SMMS002882,AST007035,Level Crossing Signal,C00060,31.7,LC Gate Signal,Signal failure,Low,1,1,2,2025-05-21,2025-06-27,0,163,3,Preventive,Yes,Completed
SMMS002883,AST008403,Optical Fiber,C00048,21.2,OFC Link,Cable fault,High,3,4,2,2025-06-25,2025-07-06,0,170,2,Corrective,No,In Progress
SMMS002884,AST006710,Interlocking,C00073,15.9,Route Relay Interlocking,Interlocking inspection,Low,4,2,1,2025-06-02,2025-07-09,0,172,2,Inspection,No,Open
SMMS002885,AST006881,Signal,C00057,55.6,Colour Light Signal,Signal failure,Critical,5,5,3,2025-06-20,2025-06-22,9,127,3,Preventive,No,In Progress
SMMS002886,AST008343,Axle Counter,C00006,9.4,Axle Counter,Axle counter fault,Critical,3,4,3,2025-04-28,2025-05-02,60,123,4,Corrective,Yes,Scheduled
SMMS002887,AST007112,Interlocking,C00006,17.6,Route Relay Interlocking,Interlocking inspection,Medium,3,4,2,2025-06-30,2025-07-21,0,162,3,Inspection,No,In Progress
SMMS002888,AST008605,Relay,C00099,5.1,Relay Interlocking,Relay degradation,Low,1,3,1,2025-05-29,2025-07-07,0,68,1,Corrective,No,Completed
SMMS002889,AST007316,Optical Fiber,C00081,0.1,OFC Link,Cable fault,Low,1,2,1,2025-05-20,2025-07-01,0,157,3,Inspection,Yes,In Progress
SMMS002890,AST007843,Relay,C00100,3.2,Relay Interlocking,Relay degradation,Medium,1,2,1,2025-06-13,2025-06-27,4,114,3,Corrective,No,Open
SMMS002891,AST006951,Optical Fiber,C00011,265.9,OFC Link,Cable fault,Low,4,1,1,2025-03-06,2025-04-06,0,208,3,Inspection,Yes,Completed
SMMS002892,AST006789,Axle Counter,C00038,182.5,Axle Counter,Axle counter fault,Low,2,2,1,2025-06-26,2025-08-04,0,153,2,Corrective,Yes,Open
SMMS002893,AST006387,Telecom Cable,C00067,57.0,Quad Cable,Cable fault,Medium,3,4,1,2025-06-28,2025-07-15,0,175,5,Corrective,No,Open
SMMS002894,AST005696,Level Crossing Signal,C00010,49.0,LC Gate Signal,Signal failure,High,4,5,3,2025-05-20,2025-05-30,0,129,4,Preventive,No,Completed
SMMS002895,AST007392,Point Machine,C00085,231.6,Electric Point Machine,Point machine fault,Low,3,2,1,2025-06-19,2025-07-26,0,119,4,Corrective,Yes,Completed
SMMS002896,AST006828,Relay,C00022,108.6,Relay Interlocking,Relay degradation,Critical,5,4,4,2025-06-21,2025-06-25,0,129,3,Corrective,Yes,Completed
SMMS002897,AST006895,Telecom Cable,C00075,46.9,Quad Cable,Cable fault,Critical,3,5,3,2025-06-02,2025-06-05,26,160,3,Preventive,Yes,Open
SMMS002898,AST007057,Signal,C00025,195.6,Colour Light Signal,Signal lamp/equipment replacement,High,3,4,2,2025-06-29,2025-07-05,0,61,2,Corrective,Yes,Open
SMMS002899,AST007953,Signal,C00068,17.2,Colour Light Signal,Signal lamp/equipment replacement,Medium,2,3,2,2025-06-17,2025-07-04,0,87,4,Preventive,No,Completed
SMMS002900,AST005705,Axle Counter,C00050,29.7,Axle Counter,Axle counter fault,Low,3,2,1,2025-06-02,2025-06-27,4,70,4,Inspection,Yes,Open
SMMS002901,AST007071,Level Crossing Signal,C00066,43.0,LC Gate Signal,Signal failure,Low,1,2,1,2025-05-17,2025-07-04,0,113,2,Inspection,Yes,Open
SMMS002902,AST007745,Relay,C00030,85.5,Relay Interlocking,Relay degradation,High,4,3,3,2025-06-26,2025-07-04,0,66,3,Preventive,Yes,Open
SMMS002903,AST006867,Track Circuit,C00068,120.5,Track Circuit,Track circuit fault,Low,3,1,2,2025-04-01,2025-05-18,44,89,1,Preventive,Yes,Open
SMMS002904,AST007781,Telecom Cable,C00010,66.5,Quad Cable,Cable fault,Low,2,2,1,2025-05-29,2025-07-04,0,128,2,Corrective,Yes,In Progress
SMMS002905,AST008632,Track Circuit,C00068,140.7,Track Circuit,Track circuit fault,Medium,4,3,2,2025-06-03,2025-06-23,8,161,5,Corrective,Yes,In Progress
SMMS002906,AST006943,Telecom Cable,C00084,25.6,Quad Cable,Cable fault,Low,2,2,2,2025-05-27,2025-06-18,13,180,1,Preventive,No,Open
SMMS002907,AST005462,Level Crossing Signal,C00075,39.9,LC Gate Signal,Signal failure,Low,1,2,2,2025-05-05,2025-06-12,19,34,5,Inspection,No,Open
SMMS002908,AST008538,Signal,C00065,11.3,Colour Light Signal,Signal lamp/equipment replacement,Medium,2,2,2,2025-06-17,2025-07-03,0,80,1,Corrective,No,Open
SMMS002909,AST008200,Axle Counter,C00011,95.0,Axle Counter,Axle counter fault,High,4,4,4,2025-05-12,2025-05-20,42,210,4,Preventive,No,Open
SMMS002910,AST007622,Axle Counter,C00062,54.6,Axle Counter,Axle counter fault,Medium,3,2,2,2025-06-21,2025-07-07,0,108,4,Corrective,Yes,Scheduled
SMMS002911,AST007260,Track Circuit,C00005,76.2,Track Circuit,Track circuit fault,Medium,3,2,2,2025-05-02,2025-05-20,42,102,3,Preventive,Yes,Open
SMMS002912,AST008385,Point Machine,C00061,61.9,Electric Point Machine,Point machine fault,Critical,3,5,3,2025-06-13,2025-06-16,15,164,2,Corrective,Yes,Scheduled
SMMS002913,AST005872,Point Machine,C00067,123.7,Electric Point Machine,Point machine fault,Critical,3,3,2,2025-06-10,2025-06-11,20,162,4,Corrective,Yes,Open
SMMS002914,AST005495,Interlocking,C00016,58.9,Route Relay Interlocking,Interlocking inspection,Critical,5,4,3,2025-03-28,2025-03-30,0,217,5,Inspection,Yes,Completed
SMMS002915,AST008067,Track Circuit,C00091,62.8,Track Circuit,Track circuit fault,High,4,3,4,2025-05-14,2025-05-24,0,203,5,Preventive,No,Completed
SMMS002916,AST007757,Point Machine,C00023,17.1,Electric Point Machine,Point machine fault,Medium,2,3,2,2025-06-05,2025-06-23,8,185,2,Corrective,Yes,Open
SMMS002917,AST007120,Telecom Cable,C00021,122.5,Quad Cable,Cable fault,Medium,3,2,3,2025-05-18,2025-06-05,0,126,2,Corrective,Yes,Completed
SMMS002918,AST006700,Axle Counter,C00037,9.8,Axle Counter,Axle counter fault,High,3,4,2,2025-06-16,2025-06-26,5,85,3,Corrective,No,Open
SMMS002919,AST007349,Axle Counter,C00080,44.1,Axle Counter,Axle counter fault,Medium,3,2,2,2025-03-16,2025-04-01,0,84,3,Preventive,No,Completed
SMMS002920,AST005342,Signal,C00075,37.6,Colour Light Signal,Signal failure,High,3,3,1,2025-06-18,2025-06-29,2,148,3,Preventive,Yes,Open
SMMS002921,AST007101,Level Crossing Signal,C00051,40.2,LC Gate Signal,Signal failure,Low,3,1,1,2025-05-23,2025-06-30,1,128,3,Corrective,No,Open
SMMS002922,AST007275,Level Crossing Signal,C00081,30.0,LC Gate Signal,Signal failure,Low,2,3,1,2025-06-25,2025-07-23,0,131,3,Preventive,Yes,Open
SMMS002923,AST006225,Signal,C00008,41.8,Colour Light Signal,Signal lamp/equipment replacement,Critical,4,5,2,2025-06-18,2025-06-21,10,134,3,Preventive,No,Open
SMMS002924,AST006063,Signal,C00007,12.1,Colour Light Signal,Signal failure,High,4,3,1,2025-06-29,2025-07-03,0,117,5,Preventive,Yes,Open
SMMS002925,AST006335,Optical Fiber,C00041,29.4,OFC Link,Cable fault,Medium,2,2,2,2025-05-29,2025-06-22,0,113,2,Preventive,Yes,Completed
SMMS002926,AST006028,Interlocking,C00064,12.0,Route Relay Interlocking,Interlocking inspection,High,5,3,5,2025-06-26,2025-07-04,0,292,3,Inspection,Yes,Scheduled
SMMS002927,AST006207,Telecom Cable,C00050,8.1,Quad Cable,Cable fault,Low,3,2,3,2025-06-26,2025-07-25,0,205,3,Inspection,Yes,Open
SMMS002928,AST005859,Point Machine,C00078,81.7,Electric Point Machine,Point machine fault,Medium,2,2,3,2025-06-28,2025-07-16,0,179,3,Corrective,No,Open
SMMS002929,AST006187,Signal,C00063,139.1,Colour Light Signal,Signal lamp/equipment replacement,Medium,2,3,1,2025-06-25,2025-07-18,0,86,2,Preventive,Yes,Deferred
SMMS002930,AST008254,Relay,C00062,34.4,Relay Interlocking,Relay degradation,High,5,3,4,2025-06-15,2025-06-23,8,112,3,Corrective,Yes,Scheduled
SMMS002931,AST007360,Optical Fiber,C00033,65.1,OFC Link,Cable fault,Low,2,2,1,2025-05-27,2025-06-27,4,156,2,Corrective,Yes,Scheduled
SMMS002932,AST007342,Optical Fiber,C00071,1.9,OFC Link,Cable fault,Critical,3,4,4,2025-06-30,2025-07-04,0,168,4,Corrective,No,Completed
SMMS002933,AST006898,Axle Counter,C00005,74.5,Axle Counter,Axle counter fault,Low,2,1,1,2025-03-31,2025-05-06,56,130,3,Corrective,Yes,Open
SMMS002934,AST005381,Signal,C00087,27.8,Colour Light Signal,Signal failure,Low,2,2,2,2025-06-18,2025-08-02,0,97,3,Inspection,No,In Progress
SMMS002935,AST006169,Track Circuit,C00061,36.4,Track Circuit,Track circuit fault,Low,1,3,2,2025-06-23,2025-07-25,0,69,3,Preventive,No,In Progress
SMMS002936,AST007468,Optical Fiber,C00081,73.7,OFC Link,Cable fault,Critical,2,5,2,2025-05-24,2025-05-27,0,206,5,Preventive,Yes,Completed
SMMS002937,AST005751,Level Crossing Signal,C00050,50.1,LC Gate Signal,Signal failure,Low,2,1,1,2025-06-24,2025-08-03,0,45,3,Corrective,No,Open
SMMS002938,AST005759,Interlocking,C00078,1.2,Route Relay Interlocking,Interlocking inspection,Critical,4,5,5,2025-06-24,2025-06-28,3,300,4,Inspection,Yes,Open
SMMS002939,AST006552,Telecom Cable,C00084,3.3,Quad Cable,Cable fault,Low,4,1,2,2025-06-11,2025-07-20,0,136,2,Preventive,No,Completed
SMMS002940,AST007643,Level Crossing Signal,C00052,64.4,LC Gate Signal,Signal failure,Low,3,2,3,2025-06-14,2025-07-13,0,141,3,Preventive,No,Scheduled
SMMS002941,AST007437,Signal,C00080,21.5,Colour Light Signal,Signal failure,Medium,3,2,3,2025-04-23,2025-05-09,53,179,4,Preventive,Yes,In Progress
SMMS002942,AST007525,Level Crossing Signal,C00052,184.8,LC Gate Signal,Signal failure,High,3,5,1,2025-04-18,2025-04-25,67,122,2,Preventive,No,Open
SMMS002943,AST005626,Track Circuit,C00049,57.9,Track Circuit,Track circuit fault,Low,4,1,2,2025-06-23,2025-08-04,0,115,2,Inspection,Yes,Open
SMMS002944,AST006188,Point Machine,C00002,46.8,Electric Point Machine,Point machine fault,Low,4,2,1,2025-04-22,2025-05-30,32,179,2,Preventive,Yes,Scheduled
SMMS002945,AST007178,Level Crossing Signal,C00027,57.0,LC Gate Signal,Signal failure,Low,3,1,1,2025-05-22,2025-06-16,15,69,2,Inspection,No,Open
SMMS002946,AST008456,Track Circuit,C00071,20.9,Track Circuit,Track circuit fault,Medium,4,3,2,2025-06-21,2025-07-12,0,135,3,Corrective,Yes,Open
SMMS002947,AST008572,Axle Counter,C00015,120.7,Axle Counter,Axle counter fault,Medium,3,3,2,2025-05-26,2025-06-12,19,107,2,Corrective,Yes,Open
SMMS002948,AST006434,Track Circuit,C00055,10.6,Track Circuit,Track circuit fault,Medium,3,2,2,2025-04-25,2025-05-17,45,153,4,Preventive,No,Open
SMMS002949,AST006217,Point Machine,C00049,102.2,Electric Point Machine,Point machine fault,High,5,3,1,2025-06-22,2025-07-01,0,141,3,Preventive,No,Open
SMMS002950,AST005572,Relay,C00078,39.1,Relay Interlocking,Relay degradation,High,3,3,4,2025-03-25,2025-04-06,86,110,1,Preventive,Yes,Scheduled
SMMS002951,AST007085,Telecom Cable,C00004,21.4,Quad Cable,Cable fault,Low,3,2,1,2025-04-26,2025-05-30,32,112,2,Corrective,No,Deferred
SMMS002952,AST006471,Relay,C00050,7.9,Relay Interlocking,Relay degradation,Medium,3,1,3,2025-06-13,2025-06-30,1,98,4,Corrective,Yes,Open
SMMS002953,AST007363,Signal,C00003,52.2,Colour Light Signal,Signal failure,Medium,3,3,2,2025-06-24,2025-07-13,0,141,2,Preventive,Yes,Completed
SMMS002954,AST008212,Point Machine,C00080,55.5,Electric Point Machine,Point machine fault,Medium,2,2,3,2025-04-09,2025-05-02,60,170,3,Corrective,No,Open
SMMS002955,AST008190,Interlocking,C00003,72.8,Route Relay Interlocking,Interlocking inspection,High,4,3,2,2025-06-22,2025-06-28,0,286,4,Inspection,Yes,Completed
SMMS002956,AST007606,Relay,C00048,88.9,Relay Interlocking,Relay degradation,Medium,3,1,2,2025-06-07,2025-06-24,7,61,2,Corrective,Yes,Open
SMMS002957,AST008405,Point Machine,C00076,70.6,Electric Point Machine,Point machine fault,High,4,4,4,2025-05-21,2025-05-30,32,142,3,Corrective,No,Open
SMMS002958,AST005788,Track Circuit,C00086,25.5,Track Circuit,Track circuit fault,Medium,3,3,1,2025-06-27,2025-07-09,0,193,3,Preventive,Yes,Completed
SMMS002959,AST006682,Axle Counter,C00050,52.4,Axle Counter,Axle counter fault,Medium,3,4,1,2025-04-30,2025-05-14,48,119,3,Corrective,No,Deferred
SMMS002960,AST006613,Track Circuit,C00035,67.3,Track Circuit,Track circuit fault,Medium,3,4,2,2025-05-26,2025-06-11,20,105,4,Corrective,Yes,Open
SMMS002961,AST005823,Interlocking,C00055,85.1,Route Relay Interlocking,Interlocking inspection,Medium,4,1,2,2025-06-20,2025-07-05,0,194,1,Inspection,Yes,In Progress
SMMS002962,AST008337,Level Crossing Signal,C00068,77.3,LC Gate Signal,Signal failure,Medium,3,3,3,2025-05-24,2025-06-08,0,165,4,Corrective,No,Completed
SMMS002963,AST007789,Interlocking,C00032,16.3,Route Relay Interlocking,Interlocking inspection,High,3,4,3,2025-06-04,2025-06-14,0,198,2,Inspection,No,Completed
SMMS002964,AST007732,Axle Counter,C00006,1.9,Axle Counter,Axle counter fault,Low,3,2,2,2025-06-16,2025-07-17,0,187,4,Preventive,Yes,Open
SMMS002965,AST008357,Level Crossing Signal,C00078,76.5,LC Gate Signal,Signal failure,Medium,3,2,2,2025-03-22,2025-04-08,84,160,4,Preventive,Yes,In Progress
SMMS002966,AST006514,Axle Counter,C00027,67.3,Axle Counter,Axle counter fault,High,3,3,2,2025-03-20,2025-03-29,94,104,2,Corrective,No,Open
SMMS002967,AST006212,Track Circuit,C00060,41.9,Track Circuit,Track circuit fault,Low,3,3,2,2025-05-29,2025-07-13,0,139,4,Corrective,Yes,In Progress
SMMS002968,AST007933,Level Crossing Signal,C00063,103.5,LC Gate Signal,Signal failure,High,3,3,2,2025-06-28,2025-07-06,0,63,3,Corrective,No,Completed
SMMS002969,AST005283,Telecom Cable,C00047,15.1,Quad Cable,Cable fault,Medium,2,3,2,2025-04-22,2025-05-05,57,198,3,Preventive,Yes,Deferred
SMMS002970,AST005824,Point Machine,C00093,34.4,Electric Point Machine,Point machine fault,Low,2,1,2,2025-03-24,2025-04-23,69,197,4,Preventive,No,Open
SMMS002971,AST005861,Point Machine,C00092,33.4,Electric Point Machine,Point machine fault,High,3,3,3,2025-04-07,2025-04-17,0,191,3,Preventive,No,Completed
SMMS002972,AST005366,Level Crossing Signal,C00089,9.3,LC Gate Signal,Signal failure,Medium,2,2,3,2025-06-24,2025-07-14,0,109,3,Preventive,No,Open
SMMS002973,AST007289,Interlocking,C00049,21.1,Route Relay Interlocking,Interlocking inspection,Low,2,2,1,2025-06-28,2025-08-04,0,199,4,Inspection,Yes,Completed
SMMS002974,AST007922,Track Circuit,C00083,41.9,Track Circuit,Track circuit fault,High,2,5,3,2025-06-30,2025-07-10,0,76,3,Corrective,No,Scheduled
SMMS002975,AST005318,Axle Counter,C00009,11.0,Axle Counter,Axle counter fault,Medium,2,2,2,2025-06-09,2025-06-29,2,83,4,Preventive,No,Scheduled
SMMS002976,AST005567,Level Crossing Signal,C00036,40.5,LC Gate Signal,Signal failure,Low,2,2,1,2025-06-29,2025-08-02,0,114,4,Inspection,Yes,Open
SMMS002977,AST008046,Point Machine,C00081,15.1,Electric Point Machine,Point machine fault,Critical,5,5,3,2025-06-19,2025-06-23,8,183,3,Preventive,No,Open
SMMS002978,AST006191,Relay,C00098,0.3,Relay Interlocking,Relay degradation,Low,2,3,3,2025-06-29,2025-08-03,0,74,4,Inspection,Yes,Completed
SMMS002979,AST006535,Track Circuit,C00095,70.3,Track Circuit,Track circuit fault,Medium,4,2,3,2025-06-19,2025-07-09,0,110,3,Preventive,No,Open
SMMS002980,AST006191,Relay,C00098,0.3,Relay Interlocking,Relay degradation,Medium,4,2,3,2025-06-24,2025-07-05,0,75,3,Corrective,Yes,Open
SMMS002981,AST007811,Signal,C00003,26.6,Colour Light Signal,Signal failure,Low,4,2,3,2025-06-04,2025-07-04,0,156,2,Preventive,Yes,Open
SMMS002982,AST007131,Axle Counter,C00089,33.1,Axle Counter,Axle counter fault,Critical,4,4,4,2025-04-18,2025-04-23,69,168,5,Corrective,Yes,Open
SMMS002983,AST005607,Optical Fiber,C00042,56.8,OFC Link,Cable fault,Low,2,1,2,2025-06-15,2025-07-19,0,173,3,Corrective,Yes,Completed
SMMS002984,AST007883,Axle Counter,C00083,81.2,Axle Counter,Axle counter fault,Medium,4,3,3,2025-06-30,2025-07-15,0,97,2,Corrective,No,Scheduled
SMMS002985,AST006054,Optical Fiber,C00067,106.5,OFC Link,Cable fault,Low,2,1,1,2025-04-26,2025-06-07,24,135,4,Corrective,No,Open
SMMS002986,AST007302,Interlocking,C00089,71.0,Route Relay Interlocking,Interlocking inspection,Critical,3,4,3,2025-06-21,2025-06-22,9,334,5,Inspection,No,Open
SMMS002987,AST006600,Axle Counter,C00093,48.6,Axle Counter,Axle counter fault,Medium,4,2,2,2025-06-10,2025-06-23,8,192,3,Corrective,Yes,Scheduled
SMMS002988,AST007592,Signal,C00095,10.7,Colour Light Signal,Signal failure,Medium,3,4,2,2025-04-24,2025-05-09,53,109,2,Preventive,Yes,Scheduled
SMMS002989,AST006875,Telecom Cable,C00069,202.7,Quad Cable,Cable fault,Medium,3,2,1,2025-06-26,2025-07-18,0,186,4,Preventive,No,Open
SMMS002990,AST008526,Optical Fiber,C00080,1.3,OFC Link,Cable fault,Critical,3,4,4,2025-04-29,2025-05-02,0,146,3,Preventive,Yes,Completed
SMMS002991,AST005330,Track Circuit,C00014,33.8,Track Circuit,Track circuit fault,Low,2,2,1,2025-04-29,2025-05-31,31,73,3,Preventive,No,Open
SMMS002992,AST007891,Optical Fiber,C00092,43.1,OFC Link,Cable fault,Low,4,2,2,2025-06-06,2025-07-14,0,141,3,Preventive,Yes,Open
SMMS002993,AST007222,Interlocking,C00053,34.3,Route Relay Interlocking,Interlocking inspection,Low,2,2,2,2025-06-25,2025-07-28,0,149,2,Inspection,No,Completed
SMMS002994,AST006477,Relay,C00032,10.0,Relay Interlocking,Relay degradation,High,4,4,3,2025-06-27,2025-07-03,0,121,2,Corrective,No,Completed
SMMS002995,AST006684,Track Circuit,C00091,35.0,Track Circuit,Track circuit fault,High,4,3,2,2025-04-01,2025-04-09,83,211,4,Corrective,Yes,Open
SMMS002996,AST006102,Relay,C00058,38.3,Relay Interlocking,Relay degradation,Low,3,2,1,2025-03-17,2025-04-19,73,80,3,Inspection,No,In Progress
SMMS002997,AST008078,Telecom Cable,C00079,23.7,Quad Cable,Cable fault,Low,4,2,2,2025-04-14,2025-05-11,0,168,4,Preventive,No,Completed
SMMS002998,AST005747,Point Machine,C00045,48.0,Electric Point Machine,Point machine fault,Low,3,3,2,2025-06-20,2025-07-28,0,195,3,Corrective,Yes,Open
SMMS002999,AST005833,Level Crossing Signal,C00086,28.0,LC Gate Signal,Signal failure,High,4,4,3,2025-06-03,2025-06-11,0,49,4,Corrective,Yes,Completed
SMMS003000,AST005296,Optical Fiber,C00059,154.5,OFC Link,Cable fault,Low,2,1,1,2025-06-27,2025-07-20,0,82,3,Preventive,No,Open
SMMS003001,AST006907,Interlocking,C00078,51.1,Route Relay Interlocking,Interlocking inspection,Medium,3,2,2,2025-04-14,2025-05-04,58,252,5,Inspection,Yes,In Progress
SMMS003002,AST007655,Track Circuit,C00079,8.4,Track Circuit,Track circuit fault,High,4,4,2,2025-06-27,2025-07-03,0,142,3,Preventive,No,In Progress
SMMS003003,AST006198,Axle Counter,C00021,70.6,Axle Counter,Axle counter fault,Low,4,3,3,2025-06-16,2025-07-26,0,52,1,Inspection,No,Scheduled
SMMS003004,AST008561,Axle Counter,C00032,12.9,Axle Counter,Axle counter fault,Medium,2,2,1,2025-05-29,2025-06-21,10,70,1,Corrective,No,Scheduled
SMMS003005,AST006406,Level Crossing Signal,C00082,95.3,LC Gate Signal,Signal failure,Medium,4,2,1,2025-06-21,2025-07-08,0,56,3,Corrective,Yes,Deferred
SMMS003006,AST005830,Optical Fiber,C00019,135.7,OFC Link,Cable fault,Medium,2,3,3,2025-06-15,2025-07-04,0,147,4,Corrective,Yes,Scheduled
SMMS003007,AST007931,Optical Fiber,C00079,31.1,OFC Link,Cable fault,Medium,4,2,2,2025-05-18,2025-06-06,25,151,4,Preventive,Yes,In Progress
SMMS003008,AST007895,Signal,C00060,6.9,Colour Light Signal,Signal failure,Critical,4,5,4,2025-06-20,2025-06-24,7,98,2,Preventive,No,Open
SMMS003009,AST007478,Optical Fiber,C00087,116.5,OFC Link,Cable fault,Medium,4,3,2,2025-06-23,2025-07-12,0,142,4,Preventive,No,Scheduled
SMMS003010,AST008301,Point Machine,C00026,247.0,Electric Point Machine,Point machine fault,Low,2,1,1,2025-06-27,2025-08-06,0,186,3,Inspection,No,Open
SMMS003011,AST007250,Telecom Cable,C00053,100.7,Quad Cable,Cable fault,Low,2,2,2,2025-05-14,2025-06-08,23,75,2,Inspection,Yes,Scheduled
SMMS003012,AST007636,Axle Counter,C00024,58.8,Axle Counter,Axle counter fault,High,2,4,4,2025-05-25,2025-06-03,28,122,4,Preventive,No,Open
SMMS003013,AST006716,Axle Counter,C00005,60.3,Axle Counter,Axle counter fault,Critical,2,5,5,2025-03-24,2025-03-27,96,191,4,Preventive,No,Open
SMMS003014,AST008084,Level Crossing Signal,C00011,16.4,LC Gate Signal,Signal failure,Medium,3,3,1,2025-06-28,2025-07-16,0,93,2,Preventive,Yes,Open
SMMS003015,AST006538,Interlocking,C00057,75.7,Route Relay Interlocking,Interlocking inspection,Medium,4,3,2,2025-06-27,2025-07-17,0,242,3,Inspection,Yes,Completed
SMMS003016,AST007253,Optical Fiber,C00038,156.2,OFC Link,Cable fault,High,1,4,2,2025-05-30,2025-06-04,0,181,2,Corrective,Yes,Completed
SMMS003017,AST006172,Axle Counter,C00075,99.9,Axle Counter,Axle counter fault,High,4,4,1,2025-03-19,2025-03-24,0,99,2,Preventive,No,Completed
SMMS003018,AST005951,Relay,C00035,72.6,Relay Interlocking,Relay degradation,Low,3,1,2,2025-06-21,2025-07-13,0,108,3,Corrective,Yes,Open
SMMS003019,AST006159,Axle Counter,C00093,54.3,Axle Counter,Axle counter fault,Medium,4,3,3,2025-03-06,2025-03-24,99,126,3,Preventive,Yes,Open
SMMS003020,AST007286,Level Crossing Signal,C00077,14.8,LC Gate Signal,Signal failure,Low,3,1,1,2025-06-26,2025-07-17,0,102,3,Inspection,No,Open
SMMS003021,AST005590,Optical Fiber,C00066,44.8,OFC Link,Cable fault,High,3,3,1,2025-06-19,2025-06-30,1,171,4,Corrective,No,Deferred
SMMS003022,AST007896,Interlocking,C00019,30.6,Route Relay Interlocking,Interlocking inspection,Low,4,1,3,2025-06-16,2025-07-24,0,190,4,Inspection,Yes,In Progress
SMMS003023,AST005429,Interlocking,C00068,96.4,Route Relay Interlocking,Interlocking inspection,High,4,3,3,2025-05-01,2025-05-10,52,202,4,Inspection,No,Open
SMMS003024,AST008551,Relay,C00086,29.4,Relay Interlocking,Relay degradation,High,2,4,3,2025-06-24,2025-07-04,0,111,3,Corrective,No,Open
SMMS003025,AST007697,Axle Counter,C00011,63.4,Axle Counter,Axle counter fault,Medium,4,3,2,2025-03-26,2025-04-15,0,125,2,Corrective,Yes,Completed
SMMS003026,AST005598,Telecom Cable,C00089,75.2,Quad Cable,Cable fault,Medium,3,2,3,2025-06-19,2025-07-09,0,170,5,Corrective,Yes,Open
SMMS003027,AST006078,Signal,C00017,2.5,Colour Light Signal,Signal failure,Medium,3,3,1,2025-05-30,2025-06-20,11,137,3,Preventive,No,In Progress
SMMS003028,AST007232,Telecom Cable,C00025,161.3,Quad Cable,Cable fault,Medium,3,2,1,2025-06-25,2025-07-10,0,202,3,Preventive,Yes,Open
SMMS003029,AST006262,Signal,C00058,18.8,Colour Light Signal,Signal lamp/equipment replacement,High,4,4,2,2025-06-30,2025-07-09,0,102,4,Corrective,No,Open
SMMS003030,AST007714,Relay,C00050,30.2,Relay Interlocking,Relay degradation,Medium,2,3,1,2025-05-24,2025-06-11,20,86,4,Preventive,Yes,Scheduled
SMMS003031,AST007387,Telecom Cable,C00021,111.0,Quad Cable,Cable fault,High,2,4,4,2025-06-06,2025-06-15,16,191,3,Corrective,No,Deferred
SMMS003032,AST005695,Track Circuit,C00033,68.9,Track Circuit,Track circuit fault,Medium,3,3,3,2025-06-27,2025-07-14,0,162,5,Corrective,Yes,In Progress
SMMS003033,AST007911,Relay,C00030,25.6,Relay Interlocking,Relay degradation,High,3,4,2,2025-06-06,2025-06-16,15,129,3,Preventive,Yes,Open
SMMS003034,AST007570,Signal,C00076,17.2,Colour Light Signal,Signal failure,Medium,5,2,2,2025-05-13,2025-05-24,38,131,3,Preventive,No,Deferred
SMMS003035,AST008113,Signal,C00028,40.2,Colour Light Signal,Signal lamp/equipment replacement,Medium,4,4,2,2025-06-21,2025-07-07,0,49,2,Corrective,No,Deferred
SMMS003036,AST005292,Axle Counter,C00029,50.9,Axle Counter,Axle counter fault,Low,5,2,1,2025-03-09,2025-04-21,71,62,3,Corrective,Yes,Scheduled
SMMS003037,AST007784,Interlocking,C00021,70.6,Route Relay Interlocking,Interlocking inspection,High,2,3,3,2025-06-27,2025-07-05,0,204,2,Inspection,Yes,Open
SMMS003038,AST006373,Interlocking,C00018,31.9,Route Relay Interlocking,Interlocking inspection,Low,1,2,1,2025-05-17,2025-06-22,9,224,6,Inspection,Yes,Scheduled
SMMS003039,AST008026,Interlocking,C00092,47.9,Route Relay Interlocking,Interlocking inspection,Medium,4,2,3,2025-06-26,2025-07-09,0,248,4,Inspection,No,In Progress
SMMS003040,AST008419,Relay,C00028,110.3,Relay Interlocking,Relay degradation,High,2,4,3,2025-05-29,2025-06-03,28,134,1,Corrective,Yes,Open
SMMS003041,AST005634,Interlocking,C00059,192.4,Route Relay Interlocking,Interlocking inspection,Low,3,3,1,2025-06-24,2025-08-02,0,180,6,Inspection,Yes,Open
SMMS003042,AST005547,Point Machine,C00021,79.9,Electric Point Machine,Point machine fault,High,2,4,3,2025-06-30,2025-07-08,0,125,6,Preventive,No,Completed
SMMS003043,AST006862,Track Circuit,C00018,35.3,Track Circuit,Track circuit fault,High,3,3,3,2025-03-04,2025-03-10,113,207,4,Preventive,Yes,Open
SMMS003044,AST008508,Point Machine,C00060,32.9,Electric Point Machine,Point machine fault,Medium,4,2,2,2025-06-13,2025-06-27,0,137,4,Preventive,No,Completed
SMMS003045,AST007669,Axle Counter,C00048,5.3,Axle Counter,Axle counter fault,High,5,5,2,2025-06-16,2025-06-24,0,137,3,Corrective,Yes,Completed
SMMS003046,AST008513,Point Machine,C00028,113.8,Electric Point Machine,Point machine fault,Medium,2,3,3,2025-06-15,2025-07-03,0,160,4,Preventive,Yes,Completed
SMMS003047,AST007549,Signal,C00076,112.0,Colour Light Signal,Signal failure,Critical,3,4,4,2025-06-05,2025-06-08,23,170,1,Corrective,Yes,Open
SMMS003048,AST006954,Optical Fiber,C00077,18.9,OFC Link,Cable fault,Medium,4,2,3,2025-04-25,2025-05-16,46,138,3,Corrective,Yes,Open
SMMS003049,AST007659,Axle Counter,C00057,43.4,Axle Counter,Axle counter fault,Critical,3,4,4,2025-04-23,2025-04-27,65,185,2,Preventive,Yes,Scheduled
SMMS003050,AST007925,Optical Fiber,C00065,2.2,OFC Link,Cable fault,High,3,4,3,2025-03-04,2025-03-13,110,96,4,Preventive,No,Open
SMMS003051,AST008402,Telecom Cable,C00079,19.7,Quad Cable,Cable fault,Low,2,2,1,2025-06-30,2025-08-02,0,165,5,Corrective,Yes,Open
SMMS003052,AST008557,Optical Fiber,C00090,89.5,OFC Link,Cable fault,High,4,4,4,2025-06-16,2025-06-23,0,100,1,Preventive,Yes,Completed
SMMS003053,AST007622,Axle Counter,C00062,54.6,Axle Counter,Axle counter fault,Low,2,1,1,2025-06-26,2025-08-06,0,141,3,Inspection,Yes,Completed
SMMS003054,AST006735,Optical Fiber,C00094,87.8,OFC Link,Cable fault,Medium,2,2,2,2025-06-23,2025-07-08,0,101,2,Corrective,Yes,Scheduled
SMMS003055,AST005505,Optical Fiber,C00001,80.0,OFC Link,Cable fault,Low,2,2,1,2025-05-29,2025-06-22,9,139,2,Preventive,Yes,Scheduled
SMMS003056,AST006583,Relay,C00020,84.8,Relay Interlocking,Relay degradation,Low,2,1,1,2025-06-21,2025-07-31,0,43,2,Inspection,Yes,Scheduled
SMMS003057,AST007127,Relay,C00019,124.0,Relay Interlocking,Relay degradation,Medium,2,2,3,2025-06-12,2025-06-29,2,100,3,Preventive,No,Scheduled
SMMS003058,AST006117,Interlocking,C00024,91.1,Route Relay Interlocking,Interlocking inspection,Medium,3,2,2,2025-05-20,2025-06-07,0,131,4,Inspection,No,Completed
SMMS003059,AST006304,Relay,C00042,51.3,Relay Interlocking,Relay degradation,Medium,2,2,1,2025-06-23,2025-07-17,0,46,2,Corrective,No,In Progress
SMMS003060,AST005321,Axle Counter,C00011,144.6,Axle Counter,Axle counter fault,Medium,3,2,3,2025-06-27,2025-07-16,0,78,3,Preventive,Yes,Open
SMMS003061,AST007201,Axle Counter,C00050,35.6,Axle Counter,Axle counter fault,Medium,3,2,2,2025-06-11,2025-06-28,3,123,4,Preventive,Yes,Open
SMMS003062,AST007802,Interlocking,C00082,16.8,Route Relay Interlocking,Interlocking inspection,Medium,4,1,2,2025-06-22,2025-07-05,0,130,2,Inspection,Yes,Open
SMMS003063,AST005410,Optical Fiber,C00087,42.4,OFC Link,Cable fault,Medium,3,4,2,2025-06-17,2025-06-30,0,132,3,Corrective,Yes,Completed
SMMS003064,AST006527,Axle Counter,C00017,2.9,Axle Counter,Axle counter fault,Low,2,3,1,2025-06-01,2025-07-02,0,92,3,Preventive,Yes,Open
SMMS003065,AST005914,Point Machine,C00049,78.0,Electric Point Machine,Point machine fault,Low,4,2,1,2025-06-27,2025-07-26,0,90,3,Corrective,Yes,Open
SMMS003066,AST006566,Axle Counter,C00010,23.7,Axle Counter,Axle counter fault,Medium,3,1,2,2025-06-20,2025-07-07,0,124,4,Corrective,Yes,Open
SMMS003067,AST006503,Telecom Cable,C00068,85.8,Quad Cable,Cable fault,Critical,4,4,3,2025-06-29,2025-06-30,1,198,4,Corrective,Yes,Open
SMMS003068,AST007131,Axle Counter,C00089,33.1,Axle Counter,Axle counter fault,Low,2,2,2,2025-06-06,2025-07-15,0,125,2,Inspection,No,Completed
SMMS003069,AST005909,Level Crossing Signal,C00074,3.9,LC Gate Signal,Signal failure,Low,3,3,1,2025-06-16,2025-07-20,0,114,3,Preventive,No,Completed
SMMS003070,AST008128,Optical Fiber,C00005,60.9,OFC Link,Cable fault,Low,3,1,2,2025-06-16,2025-07-30,0,148,3,Corrective,Yes,Open
SMMS003071,AST006300,Relay,C00080,70.5,Relay Interlocking,Relay degradation,High,4,3,2,2025-06-30,2025-07-07,0,78,3,Preventive,No,Open
SMMS003072,AST007990,Optical Fiber,C00093,59.7,OFC Link,Cable fault,Low,3,1,1,2025-04-12,2025-05-26,36,115,2,Preventive,No,Open
SMMS003073,AST005882,Relay,C00057,89.8,Relay Interlocking,Relay degradation,Critical,3,3,3,2025-05-31,2025-06-03,0,52,3,Preventive,No,Completed
SMMS003074,AST007784,Interlocking,C00021,70.6,Route Relay Interlocking,Interlocking inspection,High,3,3,4,2025-06-15,2025-06-22,9,224,3,Inspection,Yes,Open
SMMS003075,AST007328,Signal,C00026,292.9,Colour Light Signal,Signal failure,Medium,4,2,2,2025-06-30,2025-07-17,0,160,3,Preventive,No,Open
SMMS003076,AST006176,Interlocking,C00006,7.0,Route Relay Interlocking,Interlocking inspection,Medium,4,3,2,2025-06-25,2025-07-14,0,204,3,Inspection,Yes,Scheduled
SMMS003077,AST008006,Relay,C00063,91.0,Relay Interlocking,Relay degradation,Low,2,2,1,2025-06-10,2025-07-13,0,94,3,Preventive,No,Open
SMMS003078,AST008567,Axle Counter,C00026,23.0,Axle Counter,Axle counter fault,Low,3,1,2,2025-03-24,2025-04-25,67,149,3,Inspection,Yes,Scheduled
SMMS003079,AST007276,Level Crossing Signal,C00080,31.7,LC Gate Signal,Signal failure,Medium,4,3,3,2025-06-18,2025-07-03,0,164,2,Corrective,No,Open
SMMS003080,AST005637,Telecom Cable,C00084,30.8,Quad Cable,Cable fault,Critical,3,3,3,2025-05-25,2025-05-29,33,149,3,Corrective,No,Open
SMMS003081,AST006905,Telecom Cable,C00060,17.7,Quad Cable,Cable fault,Medium,3,2,2,2025-06-28,2025-07-19,0,126,5,Corrective,No,Open
SMMS003082,AST007035,Level Crossing Signal,C00060,31.7,LC Gate Signal,Signal failure,Medium,1,3,2,2025-06-13,2025-06-30,1,78,4,Preventive,No,Open
SMMS003083,AST008303,Signal,C00016,17.1,Colour Light Signal,Signal lamp/equipment replacement,Low,3,1,3,2025-06-09,2025-07-11,0,79,2,Preventive,No,In Progress
SMMS003084,AST006673,Interlocking,C00100,3.6,Route Relay Interlocking,Interlocking inspection,Low,2,1,1,2025-05-02,2025-06-01,30,224,5,Inspection,Yes,Open
SMMS003085,AST006852,Level Crossing Signal,C00085,76.7,LC Gate Signal,Signal failure,Low,2,3,1,2025-06-02,2025-07-16,0,52,3,Preventive,Yes,Completed
SMMS003086,AST007023,Level Crossing Signal,C00091,15.3,LC Gate Signal,Signal failure,High,3,4,2,2025-06-13,2025-06-19,12,145,1,Preventive,Yes,In Progress
SMMS003087,AST006035,Signal,C00012,97.8,Colour Light Signal,Signal lamp/equipment replacement,Low,3,2,2,2025-05-17,2025-06-20,11,87,4,Preventive,No,In Progress
SMMS003088,AST008514,Point Machine,C00045,134.1,Electric Point Machine,Point machine fault,Medium,3,3,2,2025-06-29,2025-07-14,0,176,1,Corrective,No,Completed
SMMS003089,AST006260,Telecom Cable,C00008,10.4,Quad Cable,Cable fault,Low,1,1,1,2025-05-24,2025-06-26,0,169,1,Corrective,Yes,Completed
SMMS003090,AST007426,Interlocking,C00069,205.0,Route Relay Interlocking,Interlocking inspection,Medium,3,3,3,2025-06-07,2025-06-23,8,274,5,Inspection,No,Scheduled
SMMS003091,AST007186,Signal,C00010,53.4,Colour Light Signal,Signal failure,Medium,3,1,2,2025-06-18,2025-07-11,0,136,3,Preventive,Yes,Completed
SMMS003092,AST008257,Level Crossing Signal,C00084,41.8,LC Gate Signal,Signal failure,Low,2,2,2,2025-03-13,2025-04-05,0,37,2,Corrective,No,Completed
SMMS003093,AST005359,Signal,C00031,79.4,Colour Light Signal,Signal failure,High,3,4,3,2025-05-13,2025-05-22,40,117,3,Corrective,Yes,Open
SMMS003094,AST005467,Relay,C00001,66.3,Relay Interlocking,Relay degradation,High,4,4,4,2025-06-22,2025-07-02,0,90,2,Corrective,Yes,Open
SMMS003095,AST006178,Axle Counter,C00063,124.0,Axle Counter,Axle counter fault,High,4,4,3,2025-06-07,2025-06-14,0,140,3,Preventive,No,Completed
SMMS003096,AST005479,Signal,C00083,82.3,Colour Light Signal,Signal lamp/equipment replacement,Medium,3,3,1,2025-04-14,2025-05-01,61,54,2,Corrective,No,Open
SMMS003097,AST005790,Telecom Cable,C00099,5.9,Quad Cable,Cable fault,Medium,2,2,2,2025-06-19,2025-07-03,0,220,2,Preventive,Yes,Open
SMMS003098,AST008109,Optical Fiber,C00047,1.3,OFC Link,Cable fault,Low,1,2,2,2025-06-01,2025-06-30,1,191,4,Preventive,No,Scheduled
SMMS003099,AST005722,Track Circuit,C00012,74.1,Track Circuit,Track circuit fault,Medium,3,4,2,2025-06-18,2025-06-28,3,188,3,Corrective,No,Open
SMMS003100,AST008121,Level Crossing Signal,C00078,81.7,LC Gate Signal,Signal failure,High,3,4,2,2025-06-05,2025-06-13,18,91,2,Preventive,No,Open
SMMS003101,AST006547,Signal,C00046,25.7,Colour Light Signal,Signal failure,Low,3,2,2,2025-06-18,2025-07-19,0,111,3,Preventive,No,Open
SMMS003102,AST006195,Signal,C00034,8.6,Colour Light Signal,Signal lamp/equipment replacement,Medium,4,2,2,2025-05-14,2025-05-31,31,100,4,Corrective,No,In Progress
SMMS003103,AST007002,Signal,C00016,66.8,Colour Light Signal,Signal failure,Medium,3,3,2,2025-06-03,2025-06-21,10,116,2,Preventive,Yes,Deferred
SMMS003104,AST007253,Optical Fiber,C00038,156.2,OFC Link,Cable fault,High,4,5,2,2025-06-08,2025-06-16,15,122,4,Corrective,Yes,In Progress
SMMS003105,AST008486,Telecom Cable,C00100,2.9,Quad Cable,Cable fault,Critical,4,5,3,2025-04-27,2025-04-29,0,178,4,Preventive,No,Completed
SMMS003106,AST006179,Track Circuit,C00027,76.2,Track Circuit,Track circuit fault,High,4,3,4,2025-06-21,2025-06-27,4,99,4,Preventive,Yes,Open
SMMS003107,AST008038,Telecom Cable,C00077,9.8,Quad Cable,Cable fault,Medium,3,2,3,2025-06-29,2025-07-19,0,158,3,Corrective,Yes,In Progress
SMMS003108,AST008285,Point Machine,C00015,122.3,Electric Point Machine,Point machine fault,Medium,3,2,3,2025-06-01,2025-06-17,0,201,5,Preventive,Yes,Completed
SMMS003109,AST008117,Optical Fiber,C00043,13.6,OFC Link,Cable fault,Low,1,2,1,2025-03-21,2025-05-01,61,81,2,Inspection,Yes,In Progress
SMMS003110,AST007430,Signal,C00087,69.3,Colour Light Signal,Signal failure,Medium,4,2,1,2025-04-30,2025-05-18,44,141,4,Corrective,No,Open
SMMS003111,AST005615,Track Circuit,C00052,192.4,Track Circuit,Track circuit fault,Medium,3,2,2,2025-06-05,2025-06-25,6,144,3,Preventive,No,Open
SMMS003112,AST006304,Relay,C00042,51.3,Relay Interlocking,Relay degradation,Critical,2,4,4,2025-06-09,2025-06-12,0,70,4,Corrective,Yes,Completed
SMMS003113,AST008281,Point Machine,C00011,220.6,Electric Point Machine,Point machine fault,Medium,3,3,1,2025-05-30,2025-06-16,0,89,3,Corrective,No,Completed
SMMS003114,AST007439,Point Machine,C00087,69.1,Electric Point Machine,Point machine fault,Low,2,1,2,2025-06-12,2025-07-17,0,158,4,Inspection,Yes,Open
SMMS003115,AST005993,Axle Counter,C00005,40.3,Axle Counter,Axle counter fault,Medium,3,3,2,2025-06-19,2025-07-04,0,90,4,Preventive,No,In Progress
SMMS003116,AST006513,Signal,C00065,17.1,Colour Light Signal,Signal failure,Medium,2,3,1,2025-06-27,2025-07-13,0,112,3,Corrective,No,Open
SMMS003117,AST007245,Track Circuit,C00077,34.3,Track Circuit,Track circuit fault,Medium,4,2,2,2025-05-28,2025-06-12,19,111,4,Preventive,No,Deferred
SMMS003118,AST006476,Level Crossing Signal,C00055,108.0,LC Gate Signal,Signal failure,High,3,4,2,2025-06-26,2025-07-05,0,86,2,Corrective,No,Completed
SMMS003119,AST007611,Relay,C00009,83.2,Relay Interlocking,Relay degradation,Critical,4,5,4,2025-06-30,2025-07-04,0,138,4,Preventive,No,Completed
SMMS003120,AST007436,Interlocking,C00026,180.2,Route Relay Interlocking,Interlocking inspection,Critical,3,5,4,2025-06-21,2025-06-24,7,266,5,Inspection,Yes,In Progress
SMMS003121,AST008194,Optical Fiber,C00058,45.4,OFC Link,Cable fault,Low,1,2,1,2025-04-07,2025-05-07,55,125,2,Preventive,No,Open
SMMS003122,AST006749,Axle Counter,C00023,15.1,Axle Counter,Axle counter fault,High,4,3,2,2025-06-06,2025-06-15,16,156,3,Preventive,No,Scheduled
SMMS003123,AST007657,Axle Counter,C00055,100.4,Axle Counter,Axle counter fault,High,4,3,1,2025-06-30,2025-07-11,0,118,2,Corrective,Yes,Scheduled
SMMS003124,AST006163,Signal,C00052,106.1,Colour Light Signal,Signal lamp/equipment replacement,High,3,4,3,2025-06-02,2025-06-10,21,77,3,Corrective,Yes,Open
SMMS003125,AST007237,Telecom Cable,C00026,247.9,Quad Cable,Cable fault,Low,4,2,1,2025-05-11,2025-06-22,9,146,5,Corrective,No,In Progress
SMMS003126,AST005412,Track Circuit,C00026,386.9,Track Circuit,Track circuit fault,High,2,4,2,2025-06-19,2025-06-27,4,145,2,Corrective,Yes,Open
SMMS003127,AST008362,Level Crossing Signal,C00014,50.8,LC Gate Signal,Signal failure,Critical,4,3,4,2025-06-03,2025-06-07,24,134,2,Corrective,Yes,In Progress
SMMS003128,AST005433,Axle Counter,C00088,59.3,Axle Counter,Axle counter fault,High,2,5,2,2025-06-26,2025-07-04,0,124,3,Corrective,Yes,Scheduled
SMMS003129,AST005540,Relay,C00024,84.5,Relay Interlocking,Relay degradation,High,4,3,4,2025-05-17,2025-05-27,35,112,3,Preventive,Yes,Scheduled
SMMS003130,AST007733,Track Circuit,C00097,18.4,Track Circuit,Track circuit fault,Medium,4,3,3,2025-06-25,2025-07-15,0,132,3,Preventive,No,In Progress
SMMS003131,AST007869,Axle Counter,C00002,52.4,Axle Counter,Axle counter fault,Low,4,3,1,2025-03-06,2025-04-11,81,127,4,Preventive,No,Open
SMMS003132,AST006910,Relay,C00047,22.2,Relay Interlocking,Relay degradation,Medium,2,2,3,2025-06-05,2025-06-19,0,60,2,Preventive,Yes,Completed
SMMS003133,AST008164,Relay,C00050,8.0,Relay Interlocking,Relay degradation,High,3,4,3,2025-06-27,2025-07-06,0,122,3,Corrective,No,Scheduled
SMMS003134,AST005530,Relay,C00046,23.4,Relay Interlocking,Relay degradation,Low,4,1,2,2025-06-03,2025-07-02,0,60,3,Corrective,No,Open
SMMS003135,AST008218,Interlocking,C00086,144.3,Route Relay Interlocking,Interlocking inspection,Medium,4,1,2,2025-06-25,2025-07-07,0,196,3,Inspection,Yes,Completed
SMMS003136,AST007094,Track Circuit,C00023,32.4,Track Circuit,Track circuit fault,Low,3,1,1,2025-06-02,2025-07-12,0,182,4,Preventive,No,Deferred
SMMS003137,AST005960,Track Circuit,C00090,48.0,Track Circuit,Track circuit fault,High,3,4,4,2025-05-29,2025-06-10,0,215,4,Preventive,No,Completed
SMMS003138,AST008022,Axle Counter,C00054,40.3,Axle Counter,Axle counter fault,High,3,4,2,2025-06-16,2025-06-21,10,75,5,Corrective,Yes,In Progress
SMMS003139,AST006904,Optical Fiber,C00045,30.6,OFC Link,Cable fault,High,3,4,2,2025-06-19,2025-06-29,0,121,3,Corrective,Yes,Completed
SMMS003140,AST006118,Telecom Cable,C00027,26.2,Quad Cable,Cable fault,Medium,2,3,2,2025-06-22,2025-07-12,0,124,3,Corrective,No,Deferred
SMMS003141,AST006119,Telecom Cable,C00076,51.0,Quad Cable,Cable fault,Low,2,1,2,2025-06-19,2025-07-20,0,131,4,Corrective,Yes,In Progress
SMMS003142,AST006644,Point Machine,C00095,95.1,Electric Point Machine,Point machine fault,Medium,2,2,2,2025-04-20,2025-05-01,61,181,5,Preventive,Yes,Scheduled
SMMS003143,AST005323,Optical Fiber,C00030,119.0,OFC Link,Cable fault,High,5,2,1,2025-06-18,2025-06-25,0,126,2,Corrective,No,Completed
SMMS003144,AST006403,Level Crossing Signal,C00098,4.1,LC Gate Signal,Signal failure,Critical,4,4,5,2025-06-29,2025-06-30,1,150,4,Preventive,Yes,Open
SMMS003145,AST006935,Point Machine,C00093,22.0,Electric Point Machine,Point machine fault,High,4,4,3,2025-03-15,2025-03-21,102,197,4,Corrective,Yes,Open
SMMS003146,AST006393,Level Crossing Signal,C00015,113.6,LC Gate Signal,Signal failure,High,4,4,2,2025-06-06,2025-06-15,0,38,2,Preventive,Yes,Completed
SMMS003147,AST006253,Optical Fiber,C00052,173.0,OFC Link,Cable fault,Low,2,2,1,2025-06-27,2025-07-23,0,132,3,Inspection,Yes,Open
SMMS003148,AST008305,Relay,C00081,62.3,Relay Interlocking,Relay degradation,Medium,2,3,2,2025-06-14,2025-06-29,2,131,2,Corrective,Yes,Open
SMMS003149,AST005827,Telecom Cable,C00011,201.5,Quad Cable,Cable fault,Medium,2,4,3,2025-05-17,2025-05-27,35,96,4,Corrective,Yes,Scheduled
SMMS003150,AST006685,Signal,C00097,21.1,Colour Light Signal,Signal failure,Medium,2,3,2,2025-06-25,2025-07-11,0,108,4,Preventive,Yes,Open
SMMS003151,AST007870,Axle Counter,C00094,60.8,Axle Counter,Axle counter fault,High,3,4,2,2025-06-21,2025-06-28,3,80,2,Corrective,Yes,Open
SMMS003152,AST008064,Level Crossing Signal,C00088,4.8,LC Gate Signal,Signal failure,Low,3,3,2,2025-05-28,2025-07-02,0,68,2,Corrective,Yes,Completed
SMMS003153,AST006429,Relay,C00051,42.2,Relay Interlocking,Relay degradation,Critical,4,4,5,2025-05-11,2025-05-14,48,92,4,Preventive,No,In Progress
SMMS003154,AST006580,Point Machine,C00035,75.4,Electric Point Machine,Point machine fault,Low,2,2,1,2025-06-29,2025-08-05,0,117,3,Corrective,No,Completed
SMMS003155,AST008456,Track Circuit,C00071,20.9,Track Circuit,Track circuit fault,Medium,3,3,1,2025-03-11,2025-03-24,0,147,4,Preventive,No,Completed
SMMS003156,AST007648,Telecom Cable,C00077,37.8,Quad Cable,Cable fault,Low,4,2,1,2025-06-15,2025-07-20,0,145,2,Inspection,Yes,Completed
SMMS003157,AST007602,Telecom Cable,C00049,3.6,Quad Cable,Cable fault,High,3,3,3,2025-03-30,2025-04-06,86,128,3,Corrective,No,Open
SMMS003158,AST005969,Signal,C00056,29.0,Colour Light Signal,Signal failure,Medium,2,2,2,2025-06-26,2025-07-14,0,118,4,Corrective,Yes,Scheduled
SMMS003159,AST006489,Interlocking,C00050,58.2,Route Relay Interlocking,Interlocking inspection,Medium,4,3,1,2025-06-13,2025-07-03,0,182,2,Inspection,Yes,In Progress
SMMS003160,AST008525,Relay,C00009,31.1,Relay Interlocking,Relay degradation,Low,2,2,1,2025-06-17,2025-07-24,0,33,3,Corrective,Yes,In Progress
SMMS003161,AST005935,Relay,C00040,85.3,Relay Interlocking,Relay degradation,Low,4,2,3,2025-06-25,2025-08-10,0,54,2,Preventive,No,Open
SMMS003162,AST005302,Interlocking,C00083,35.7,Route Relay Interlocking,Interlocking inspection,High,2,4,2,2025-03-26,2025-04-06,86,226,4,Inspection,No,Open
SMMS003163,AST007513,Point Machine,C00006,11.1,Electric Point Machine,Point machine fault,Medium,3,2,4,2025-06-06,2025-06-18,13,133,4,Preventive,Yes,Open
SMMS003164,AST008413,Interlocking,C00020,22.4,Route Relay Interlocking,Interlocking inspection,Medium,3,3,1,2025-06-28,2025-07-17,0,210,4,Inspection,No,Scheduled
SMMS003165,AST007077,Interlocking,C00010,48.8,Route Relay Interlocking,Interlocking inspection,Medium,3,4,1,2025-06-24,2025-07-16,0,189,3,Inspection,Yes,Open
SMMS003166,AST006376,Interlocking,C00022,42.0,Route Relay Interlocking,Interlocking inspection,Medium,3,3,2,2025-06-08,2025-06-23,0,205,3,Inspection,Yes,Completed
SMMS003167,AST006463,Track Circuit,C00083,66.1,Track Circuit,Track circuit fault,Medium,2,3,1,2025-06-30,2025-07-21,0,131,2,Corrective,Yes,Completed
SMMS003168,AST008173,Signal,C00071,24.1,Colour Light Signal,Signal failure,Medium,3,3,2,2025-03-06,2025-03-29,94,119,1,Preventive,Yes,Open
SMMS003169,AST005467,Relay,C00001,66.3,Relay Interlocking,Relay degradation,Low,2,1,1,2025-06-11,2025-07-26,0,118,5,Inspection,Yes,Completed
SMMS003170,AST007435,Point Machine,C00020,5.4,Electric Point Machine,Point machine fault,Low,1,1,1,2025-06-10,2025-07-25,0,120,4,Inspection,No,Open
SMMS003171,AST006413,Optical Fiber,C00099,3.9,OFC Link,Cable fault,Low,3,2,2,2025-06-25,2025-07-24,0,127,3,Preventive,Yes,Completed
SMMS003172,AST007061,Signal,C00037,40.4,Colour Light Signal,Signal failure,Critical,4,4,4,2025-05-17,2025-05-20,42,139,3,Preventive,Yes,Scheduled
SMMS003173,AST005569,Optical Fiber,C00049,8.3,OFC Link,Cable fault,Low,1,1,2,2025-05-17,2025-06-08,23,165,1,Corrective,Yes,Open
SMMS003174,AST006416,Telecom Cable,C00097,16.7,Quad Cable,Cable fault,Low,3,1,2,2025-06-18,2025-08-03,0,205,5,Inspection,Yes,Completed
SMMS003175,AST007049,Relay,C00007,14.7,Relay Interlocking,Relay degradation,Medium,1,2,1,2025-06-28,2025-07-11,0,134,3,Preventive,No,In Progress
SMMS003176,AST007443,Relay,C00076,29.6,Relay Interlocking,Relay degradation,Medium,2,3,3,2025-06-18,2025-07-07,0,75,3,Preventive,Yes,Scheduled
SMMS003177,AST006268,Axle Counter,C00036,31.5,Axle Counter,Axle counter fault,Medium,4,3,2,2025-04-22,2025-05-11,51,69,4,Preventive,No,Open
SMMS003178,AST006747,Signal,C00036,43.5,Colour Light Signal,Signal lamp/equipment replacement,High,2,3,3,2025-06-12,2025-06-20,11,59,3,Corrective,No,In Progress
SMMS003179,AST008497,Interlocking,C00060,16.6,Route Relay Interlocking,Interlocking inspection,Critical,4,5,4,2025-06-27,2025-06-28,3,212,6,Inspection,Yes,Open
SMMS003180,AST007719,Level Crossing Signal,C00091,152.3,LC Gate Signal,Signal failure,High,4,4,3,2025-03-30,2025-04-08,84,106,2,Preventive,Yes,Open
SMMS003181,AST008431,Signal,C00081,4.0,Colour Light Signal,Signal lamp/equipment replacement,Critical,4,4,4,2025-06-16,2025-06-19,0,61,2,Preventive,No,Completed
SMMS003182,AST007458,Optical Fiber,C00039,9.2,OFC Link,Cable fault,Medium,4,3,1,2025-06-03,2025-06-25,6,174,3,Preventive,No,In Progress
SMMS003183,AST007260,Track Circuit,C00005,76.2,Track Circuit,Track circuit fault,Low,2,2,2,2025-05-31,2025-07-16,0,151,2,Preventive,No,Completed
SMMS003184,AST007193,Optical Fiber,C00043,11.3,OFC Link,Cable fault,Medium,3,3,2,2025-06-19,2025-07-09,0,173,4,Preventive,Yes,Open
SMMS003185,AST006622,Optical Fiber,C00069,288.6,OFC Link,Cable fault,Critical,4,4,3,2025-06-24,2025-06-28,0,99,2,Corrective,Yes,Completed
SMMS003186,AST008181,Track Circuit,C00069,308.6,Track Circuit,Track circuit fault,Critical,5,5,4,2025-05-31,2025-06-04,27,198,3,Preventive,No,Open
SMMS003187,AST007701,Axle Counter,C00006,9.4,Axle Counter,Axle counter fault,Low,2,1,1,2025-05-21,2025-06-23,8,37,2,Corrective,Yes,Deferred
SMMS003188,AST007070,Track Circuit,C00090,66.6,Track Circuit,Track circuit fault,High,4,4,3,2025-05-11,2025-05-20,42,138,3,Corrective,Yes,Open
SMMS003189,AST007251,Signal,C00054,32.6,Colour Light Signal,Signal failure,Medium,2,2,2,2025-03-08,2025-03-23,100,66,4,Corrective,No,Open
SMMS003190,AST008178,Point Machine,C00006,2.5,Electric Point Machine,Point machine fault,Medium,3,3,2,2025-06-27,2025-07-15,0,98,2,Corrective,No,Open
SMMS003191,AST005432,Signal,C00065,62.4,Colour Light Signal,Signal lamp/equipment replacement,Low,2,1,1,2025-06-29,2025-08-05,0,59,4,Inspection,No,Scheduled
SMMS003192,AST005505,Optical Fiber,C00001,80.0,OFC Link,Cable fault,High,4,4,2,2025-05-08,2025-05-15,47,179,2,Preventive,Yes,Scheduled
SMMS003193,AST007127,Relay,C00019,124.0,Relay Interlocking,Relay degradation,High,2,2,3,2025-06-19,2025-06-27,4,49,3,Preventive,Yes,Scheduled
SMMS003194,AST007733,Track Circuit,C00097,18.4,Track Circuit,Track circuit fault,Medium,4,2,1,2025-05-18,2025-06-06,25,153,2,Corrective,Yes,In Progress
SMMS003195,AST006656,Telecom Cable,C00039,20.0,Quad Cable,Cable fault,Low,2,1,1,2025-03-08,2025-04-21,71,129,2,Corrective,Yes,Deferred
SMMS003196,AST005980,Signal,C00040,30.4,Colour Light Signal,Signal failure,Low,2,2,2,2025-05-05,2025-06-14,17,124,2,Preventive,Yes,Open
SMMS003197,AST006949,Level Crossing Signal,C00087,104.8,LC Gate Signal,Signal failure,Medium,4,3,3,2025-06-24,2025-07-09,0,85,1,Preventive,No,Open
SMMS003198,AST006304,Relay,C00042,51.3,Relay Interlocking,Relay degradation,Low,2,2,1,2025-06-19,2025-08-03,0,123,3,Preventive,No,Open
SMMS003199,AST008464,Point Machine,C00071,21.7,Electric Point Machine,Point machine fault,Medium,2,2,1,2025-04-01,2025-04-20,72,142,2,Preventive,No,Open
SMMS003200,AST006392,Track Circuit,C00072,35.6,Track Circuit,Track circuit fault,Medium,5,1,2,2025-06-12,2025-06-24,7,167,4,Preventive,No,Open
SMMS003201,AST007704,Signal,C00008,43.6,Colour Light Signal,Signal failure,Low,2,2,2,2025-06-08,2025-07-13,0,91,3,Inspection,Yes,Scheduled
SMMS003202,AST007556,Track Circuit,C00044,35.5,Track Circuit,Track circuit fault,Low,2,2,1,2025-06-20,2025-08-03,0,64,2,Corrective,Yes,Open
SMMS003203,AST006530,Axle Counter,C00080,46.0,Axle Counter,Axle counter fault,Low,3,1,3,2025-06-07,2025-07-21,0,74,3,Corrective,Yes,Completed
SMMS003204,AST007428,Axle Counter,C00062,8.2,Axle Counter,Axle counter fault,Medium,3,2,2,2025-03-31,2025-04-20,72,34,2,Preventive,Yes,Open
SMMS003205,AST007961,Relay,C00004,84.5,Relay Interlocking,Relay degradation,Medium,2,3,3,2025-06-07,2025-06-25,6,51,3,Corrective,No,Open
SMMS003206,AST007875,Interlocking,C00050,0.8,Route Relay Interlocking,Interlocking inspection,Medium,2,3,3,2025-06-23,2025-07-07,0,210,6,Inspection,No,Scheduled
SMMS003207,AST006142,Signal,C00063,53.6,Colour Light Signal,Signal lamp/equipment replacement,Low,2,1,2,2025-03-15,2025-04-30,62,110,2,Corrective,Yes,In Progress
SMMS003208,AST005758,Level Crossing Signal,C00040,58.3,LC Gate Signal,Signal failure,Low,2,3,1,2025-06-16,2025-07-13,0,132,3,Preventive,Yes,Open
SMMS003209,AST006766,Level Crossing Signal,C00047,42.7,LC Gate Signal,Signal failure,Critical,4,4,3,2025-06-21,2025-06-24,7,142,2,Preventive,No,Open
SMMS003210,AST005446,Axle Counter,C00081,52.3,Axle Counter,Axle counter fault,High,2,4,2,2025-05-29,2025-06-04,27,127,2,Preventive,Yes,Deferred
SMMS003211,AST007326,Track Circuit,C00089,50.1,Track Circuit,Track circuit fault,Medium,2,3,4,2025-04-15,2025-05-01,61,130,4,Corrective,Yes,Open
SMMS003212,AST005767,Track Circuit,C00067,126.0,Track Circuit,Track circuit fault,Critical,4,4,3,2025-04-02,2025-04-05,87,69,2,Corrective,Yes,Deferred
SMMS003213,AST006942,Track Circuit,C00055,61.0,Track Circuit,Track circuit fault,High,3,3,2,2025-06-16,2025-06-22,9,170,3,Corrective,Yes,Deferred
SMMS003214,AST007037,Track Circuit,C00075,45.6,Track Circuit,Track circuit fault,Low,3,2,1,2025-05-23,2025-07-02,0,153,5,Corrective,No,Scheduled
SMMS003215,AST006753,Optical Fiber,C00012,115.7,OFC Link,Cable fault,High,3,5,3,2025-06-22,2025-06-27,4,100,4,Preventive,Yes,Open
SMMS003216,AST006819,Interlocking,C00057,100.8,Route Relay Interlocking,Interlocking inspection,High,3,5,2,2025-05-27,2025-06-06,25,259,5,Inspection,Yes,In Progress
SMMS003217,AST007662,Relay,C00076,127.7,Relay Interlocking,Relay degradation,Critical,3,3,4,2025-06-24,2025-06-26,5,181,5,Preventive,No,In Progress
SMMS003218,AST006247,Level Crossing Signal,C00038,81.7,LC Gate Signal,Signal failure,Medium,3,3,2,2025-06-09,2025-06-20,11,152,3,Corrective,Yes,Open
SMMS003219,AST007499,Interlocking,C00051,20.7,Route Relay Interlocking,Interlocking inspection,High,2,3,3,2025-06-23,2025-07-03,0,235,4,Inspection,Yes,Scheduled
SMMS003220,AST006623,Signal,C00003,11.6,Colour Light Signal,Signal failure,Medium,3,4,1,2025-05-31,2025-06-22,9,131,4,Corrective,No,Open
SMMS003221,AST005286,Point Machine,C00011,124.3,Electric Point Machine,Point machine fault,Medium,4,2,2,2025-06-17,2025-07-01,0,156,4,Preventive,No,Deferred
SMMS003222,AST005321,Axle Counter,C00011,144.6,Axle Counter,Axle counter fault,Low,3,2,2,2025-06-04,2025-07-20,0,74,3,Corrective,Yes,Open
SMMS003223,AST005837,Optical Fiber,C00013,105.9,OFC Link,Cable fault,Medium,3,3,2,2025-06-24,2025-07-13,0,180,3,Corrective,No,Scheduled
SMMS003224,AST006283,Axle Counter,C00038,15.7,Axle Counter,Axle counter fault,Low,2,2,1,2025-06-24,2025-08-05,0,100,5,Preventive,No,Completed
SMMS003225,AST006697,Track Circuit,C00054,22.9,Track Circuit,Track circuit fault,High,5,3,3,2025-06-10,2025-06-15,16,112,5,Corrective,Yes,Open
SMMS003226,AST007486,Signal,C00066,14.7,Colour Light Signal,Signal failure,High,3,3,2,2025-05-29,2025-06-10,21,189,5,Preventive,No,Open
SMMS003227,AST005741,Optical Fiber,C00058,68.5,OFC Link,Cable fault,High,4,5,2,2025-04-07,2025-04-14,78,141,2,Preventive,Yes,Open
SMMS003228,AST007074,Point Machine,C00033,51.0,Electric Point Machine,Point machine fault,High,3,4,3,2025-03-05,2025-03-17,106,143,4,Corrective,Yes,Open
SMMS003229,AST007404,Telecom Cable,C00054,13.9,Quad Cable,Cable fault,Low,3,1,1,2025-04-18,2025-05-17,0,147,4,Inspection,Yes,Completed
SMMS003230,AST008417,Optical Fiber,C00034,13.3,OFC Link,Cable fault,High,5,4,4,2025-06-17,2025-06-25,6,110,3,Preventive,No,Open
SMMS003231,AST005636,Level Crossing Signal,C00019,18.0,LC Gate Signal,Signal failure,Medium,3,2,3,2025-06-30,2025-07-18,0,87,4,Corrective,No,Scheduled
SMMS003232,AST006508,Interlocking,C00036,42.6,Route Relay Interlocking,Interlocking inspection,High,4,3,3,2025-06-17,2025-06-24,7,240,3,Inspection,Yes,Open
SMMS003233,AST005457,Interlocking,C00035,43.8,Route Relay Interlocking,Interlocking inspection,Low,1,2,2,2025-06-24,2025-08-01,0,212,3,Inspection,No,Deferred
SMMS003234,AST005555,Point Machine,C00004,78.2,Electric Point Machine,Point machine fault,Low,1,3,1,2025-06-24,2025-08-02,0,183,2,Inspection,No,Scheduled
SMMS003235,AST005288,Relay,C00096,130.5,Relay Interlocking,Relay degradation,Low,2,1,2,2025-04-09,2025-05-23,39,146,2,Corrective,No,In Progress
SMMS003236,AST005432,Signal,C00065,62.4,Colour Light Signal,Signal lamp/equipment replacement,High,2,3,2,2025-06-16,2025-06-21,0,115,3,Preventive,No,Completed
SMMS003237,AST007714,Relay,C00050,30.2,Relay Interlocking,Relay degradation,Medium,2,4,2,2025-06-16,2025-06-30,0,70,3,Corrective,No,Completed
SMMS003238,AST007018,Axle Counter,C00011,267.3,Axle Counter,Axle counter fault,Low,2,1,1,2025-06-27,2025-08-03,0,132,3,Inspection,No,Scheduled
SMMS003239,AST007048,Track Circuit,C00098,2.8,Track Circuit,Track circuit fault,Critical,4,5,4,2025-06-26,2025-06-28,3,140,4,Preventive,No,Scheduled
SMMS003240,AST008058,Relay,C00023,30.7,Relay Interlocking,Relay degradation,High,4,4,3,2025-05-29,2025-06-08,23,53,2,Preventive,Yes,Open
SMMS003241,AST005292,Axle Counter,C00029,50.9,Axle Counter,Axle counter fault,Medium,4,2,2,2025-06-10,2025-06-25,6,52,3,Corrective,Yes,Scheduled
SMMS003242,AST005564,Interlocking,C00054,36.8,Route Relay Interlocking,Interlocking inspection,Low,3,1,1,2025-06-25,2025-07-26,0,174,3,Inspection,Yes,Scheduled
SMMS003243,AST006096,Interlocking,C00009,60.5,Route Relay Interlocking,Interlocking inspection,Low,4,1,2,2025-04-27,2025-05-31,31,128,2,Inspection,Yes,Open
SMMS003244,AST007594,Axle Counter,C00020,46.4,Axle Counter,Axle counter fault,Low,3,2,1,2025-06-29,2025-07-30,0,70,3,Preventive,No,Completed
SMMS003245,AST007916,Signal,C00018,8.8,Colour Light Signal,Signal lamp/equipment replacement,Low,3,2,2,2025-06-23,2025-07-31,0,60,2,Inspection,Yes,Completed
SMMS003246,AST007739,Interlocking,C00089,42.2,Route Relay Interlocking,Interlocking inspection,Critical,3,4,4,2025-06-18,2025-06-22,9,247,3,Inspection,Yes,Scheduled
SMMS003247,AST007455,Optical Fiber,C00073,86.8,OFC Link,Cable fault,Low,3,2,1,2025-05-13,2025-06-17,14,109,2,Corrective,No,Open
SMMS003248,AST006378,Relay,C00085,146.1,Relay Interlocking,Relay degradation,High,4,3,1,2025-06-20,2025-06-25,0,93,2,Corrective,Yes,Completed
SMMS003249,AST007889,Interlocking,C00042,21.2,Route Relay Interlocking,Interlocking inspection,Critical,4,5,3,2025-06-22,2025-06-24,7,293,5,Inspection,No,Open
SMMS003250,AST008273,Point Machine,C00018,11.2,Electric Point Machine,Point machine fault,Medium,3,2,1,2025-03-28,2025-04-10,82,162,3,Corrective,No,Open
SMMS003251,AST005821,Axle Counter,C00056,3.4,Axle Counter,Axle counter fault,Medium,2,3,3,2025-06-22,2025-07-14,0,56,2,Preventive,No,Scheduled
SMMS003252,AST007605,Track Circuit,C00024,7.8,Track Circuit,Track circuit fault,Medium,4,2,3,2025-06-17,2025-07-06,0,139,2,Preventive,Yes,Deferred
SMMS003253,AST007774,Relay,C00062,15.1,Relay Interlocking,Relay degradation,Low,2,1,2,2025-06-22,2025-07-17,0,100,2,Inspection,Yes,Open
SMMS003254,AST006095,Point Machine,C00056,23.1,Electric Point Machine,Point machine fault,Low,3,3,1,2025-06-21,2025-07-28,0,115,3,Inspection,No,Scheduled
SMMS003255,AST005587,Point Machine,C00038,191.9,Electric Point Machine,Point machine fault,High,4,3,3,2025-06-05,2025-06-15,16,166,5,Preventive,Yes,Scheduled
SMMS003256,AST005406,Level Crossing Signal,C00032,21.1,LC Gate Signal,Signal failure,Low,3,2,2,2025-05-28,2025-07-05,0,89,4,Inspection,Yes,Completed
SMMS003257,AST007972,Relay,C00066,6.9,Relay Interlocking,Relay degradation,Medium,3,2,2,2025-05-28,2025-06-11,20,140,3,Corrective,Yes,Open
SMMS003258,AST007133,Signal,C00089,83.4,Colour Light Signal,Signal lamp/equipment replacement,High,2,3,4,2025-05-26,2025-06-07,24,62,2,Preventive,No,Deferred
SMMS003259,AST007701,Axle Counter,C00006,9.4,Axle Counter,Axle counter fault,High,1,3,3,2025-05-29,2025-06-04,0,107,4,Preventive,Yes,Completed
SMMS003260,AST008085,Point Machine,C00043,12.8,Electric Point Machine,Point machine fault,Medium,3,2,2,2025-06-04,2025-06-19,12,128,3,Corrective,Yes,Open
SMMS003261,AST006600,Axle Counter,C00093,48.6,Axle Counter,Axle counter fault,Critical,5,5,4,2025-04-29,2025-05-02,60,144,2,Corrective,Yes,Scheduled
SMMS003262,AST006740,Track Circuit,C00063,118.1,Track Circuit,Track circuit fault,Low,2,2,2,2025-06-07,2025-07-26,0,161,3,Preventive,No,Deferred
SMMS003263,AST005691,Axle Counter,C00078,91.7,Axle Counter,Axle counter fault,Critical,4,4,2,2025-06-27,2025-06-30,0,74,4,Corrective,Yes,Completed
SMMS003264,AST008367,Telecom Cable,C00055,64.0,Quad Cable,Cable fault,Medium,3,4,1,2025-06-06,2025-06-23,8,187,4,Preventive,Yes,Scheduled
SMMS003265,AST006919,Optical Fiber,C00085,138.0,OFC Link,Cable fault,Critical,3,5,4,2025-06-28,2025-07-01,0,249,4,Corrective,No,Scheduled
SMMS003266,AST007680,Point Machine,C00004,68.6,Electric Point Machine,Point machine fault,Low,1,1,1,2025-05-27,2025-06-29,0,105,3,Preventive,Yes,Completed
SMMS003267,AST006747,Signal,C00036,43.5,Colour Light Signal,Signal lamp/equipment replacement,Medium,2,3,2,2025-06-30,2025-07-19,0,77,3,Preventive,Yes,Open
SMMS003268,AST006370,Point Machine,C00005,40.1,Electric Point Machine,Point machine fault,Medium,4,2,2,2025-06-22,2025-07-12,0,54,3,Corrective,No,Completed
SMMS003269,AST007622,Axle Counter,C00062,54.6,Axle Counter,Axle counter fault,Low,4,2,2,2025-06-27,2025-08-01,0,114,2,Corrective,No,Open
SMMS003270,AST005755,Track Circuit,C00082,118.2,Track Circuit,Track circuit fault,High,4,3,2,2025-06-22,2025-06-29,2,129,4,Preventive,Yes,Open
SMMS003271,AST005649,Signal,C00077,29.7,Colour Light Signal,Signal failure,Medium,3,3,2,2025-06-20,2025-07-09,0,117,3,Corrective,Yes,Deferred
SMMS003272,AST008497,Interlocking,C00060,16.6,Route Relay Interlocking,Interlocking inspection,Medium,4,3,3,2025-06-05,2025-06-23,8,223,1,Inspection,No,Open
SMMS003273,AST006828,Relay,C00022,108.6,Relay Interlocking,Relay degradation,Medium,3,3,2,2025-06-20,2025-07-07,0,108,2,Preventive,Yes,Open
SMMS003274,AST005357,Relay,C00008,118.8,Relay Interlocking,Relay degradation,Low,1,2,2,2025-05-31,2025-07-05,0,85,3,Inspection,Yes,Open
SMMS003275,AST005637,Telecom Cable,C00084,30.8,Quad Cable,Cable fault,Medium,4,2,1,2025-06-27,2025-07-21,0,194,4,Preventive,No,In Progress
SMMS003276,AST007798,Point Machine,C00034,33.4,Electric Point Machine,Point machine fault,Medium,4,3,3,2025-04-27,2025-05-08,0,139,3,Corrective,Yes,Completed
SMMS003277,AST006145,Interlocking,C00049,34.5,Route Relay Interlocking,Interlocking inspection,High,4,4,2,2025-06-27,2025-07-05,0,249,5,Inspection,Yes,Open
SMMS003278,AST007759,Track Circuit,C00091,207.0,Track Circuit,Track circuit fault,High,4,4,3,2025-05-19,2025-05-24,0,195,4,Corrective,Yes,Completed
SMMS003279,AST008294,Level Crossing Signal,C00019,27.3,LC Gate Signal,Signal failure,Critical,4,5,4,2025-06-10,2025-06-12,19,138,2,Corrective,Yes,Open
SMMS003280,AST005327,Track Circuit,C00016,72.9,Track Circuit,Track circuit fault,Medium,3,2,2,2025-06-21,2025-07-09,0,111,3,Corrective,No,Completed
SMMS003281,AST006489,Interlocking,C00050,58.2,Route Relay Interlocking,Interlocking inspection,High,3,5,2,2025-05-21,2025-06-01,0,222,4,Inspection,Yes,Completed
SMMS003282,AST006023,Axle Counter,C00014,37.0,Axle Counter,Axle counter fault,Medium,3,3,2,2025-06-18,2025-07-07,0,104,2,Corrective,No,Completed
SMMS003283,AST007521,Signal,C00007,10.0,Colour Light Signal,Signal failure,Low,1,2,1,2025-05-19,2025-07-07,0,118,3,Preventive,Yes,Scheduled
SMMS003284,AST005594,Point Machine,C00088,63.5,Electric Point Machine,Point machine fault,Medium,2,2,3,2025-06-09,2025-06-22,9,196,4,Corrective,Yes,Open
SMMS003285,AST005727,Track Circuit,C00059,99.4,Track Circuit,Track circuit fault,High,4,3,3,2025-05-18,2025-05-26,0,233,4,Preventive,Yes,Completed
SMMS003286,AST006844,Telecom Cable,C00092,50.5,Quad Cable,Cable fault,Low,4,1,1,2025-06-26,2025-08-01,0,234,3,Preventive,Yes,Scheduled
SMMS003287,AST006707,Axle Counter,C00024,24.3,Axle Counter,Axle counter fault,Low,2,1,2,2025-06-29,2025-08-07,0,94,2,Preventive,Yes,Scheduled
SMMS003288,AST006221,Track Circuit,C00031,42.7,Track Circuit,Track circuit fault,Low,2,2,1,2025-04-15,2025-05-08,54,167,2,Corrective,Yes,Deferred
SMMS003289,AST008378,Track Circuit,C00092,59.4,Track Circuit,Track circuit fault,Low,3,2,1,2025-05-10,2025-06-18,13,102,3,Preventive,No,Open
SMMS003290,AST006601,Axle Counter,C00040,98.7,Axle Counter,Axle counter fault,Medium,4,2,2,2025-06-21,2025-07-05,0,109,4,Corrective,Yes,Completed
SMMS003291,AST006035,Signal,C00012,97.8,Colour Light Signal,Signal lamp/equipment replacement,Medium,4,2,3,2025-06-28,2025-07-15,0,96,2,Preventive,No,Open
SMMS003292,AST007287,Track Circuit,C00032,14.0,Track Circuit,Track circuit fault,Low,3,2,2,2025-06-07,2025-06-30,0,155,2,Preventive,Yes,Completed
SMMS003293,AST006284,Optical Fiber,C00002,66.7,OFC Link,Cable fault,Low,2,1,2,2025-05-21,2025-06-22,9,150,5,Corrective,Yes,Deferred
SMMS003294,AST007805,Relay,C00024,57.4,Relay Interlocking,Relay degradation,Medium,4,3,3,2025-04-07,2025-04-18,74,86,3,Corrective,No,Scheduled
SMMS003295,AST008640,Axle Counter,C00051,9.7,Axle Counter,Axle counter fault,Medium,3,3,2,2025-06-29,2025-07-14,0,113,4,Preventive,Yes,Open
SMMS003296,AST007359,Optical Fiber,C00045,30.6,OFC Link,Cable fault,Low,3,2,1,2025-06-23,2025-08-06,0,143,3,Corrective,Yes,Completed
SMMS003297,AST007216,Axle Counter,C00049,56.5,Axle Counter,Axle counter fault,Medium,2,3,2,2025-05-03,2025-05-22,0,84,2,Preventive,No,Completed
SMMS003298,AST007658,Level Crossing Signal,C00098,0.1,LC Gate Signal,Signal failure,Medium,3,2,3,2025-06-29,2025-07-22,0,149,2,Preventive,Yes,In Progress
SMMS003299,AST006456,Telecom Cable,C00020,57.7,Quad Cable,Cable fault,Medium,3,4,2,2025-06-18,2025-07-07,0,190,2,Corrective,No,Deferred
SMMS003300,AST005864,Point Machine,C00065,18.9,Electric Point Machine,Point machine fault,High,3,3,3,2025-06-24,2025-07-05,0,170,4,Corrective,Yes,In Progress
SMMS003301,AST007002,Signal,C00016,66.8,Colour Light Signal,Signal failure,High,4,2,4,2025-06-18,2025-06-28,3,136,4,Corrective,No,Open
SMMS003302,AST008581,Axle Counter,C00084,256.7,Axle Counter,Axle counter fault,Medium,2,4,1,2025-04-14,2025-05-04,58,58,3,Corrective,Yes,Open
SMMS003303,AST007381,Signal,C00047,11.1,Colour Light Signal,Signal failure,Low,3,2,2,2025-06-23,2025-08-05,0,106,4,Preventive,Yes,Open
SMMS003304,AST005790,Telecom Cable,C00099,5.9,Quad Cable,Cable fault,Medium,1,3,3,2025-04-13,2025-05-02,60,110,2,Corrective,Yes,Open
SMMS003305,AST006992,Level Crossing Signal,C00070,17.6,LC Gate Signal,Signal failure,Low,1,1,1,2025-04-02,2025-05-12,50,128,3,Corrective,No,Deferred
SMMS003306,AST008417,Optical Fiber,C00034,13.3,OFC Link,Cable fault,Medium,2,2,1,2025-04-19,2025-05-05,57,101,4,Preventive,No,Open
SMMS003307,AST008434,Interlocking,C00093,16.7,Route Relay Interlocking,Interlocking inspection,Low,2,2,1,2025-06-18,2025-07-17,0,173,4,Inspection,No,Open
SMMS003308,AST005848,Interlocking,C00042,75.4,Route Relay Interlocking,Interlocking inspection,Medium,2,3,2,2025-05-29,2025-06-16,15,146,4,Inspection,Yes,Scheduled
SMMS003309,AST005306,Relay,C00094,156.2,Relay Interlocking,Relay degradation,Low,3,2,1,2025-06-09,2025-07-07,0,100,2,Preventive,No,In Progress
SMMS003310,AST005768,Track Circuit,C00098,1.7,Track Circuit,Track circuit fault,Medium,2,2,3,2025-06-16,2025-07-03,0,108,3,Corrective,No,Completed
SMMS003311,AST008355,Telecom Cable,C00024,68.7,Quad Cable,Cable fault,Medium,3,3,1,2025-06-21,2025-07-08,0,129,4,Preventive,Yes,Open
SMMS003312,AST008280,Signal,C00071,20.7,Colour Light Signal,Signal lamp/equipment replacement,Critical,3,4,3,2025-06-25,2025-06-28,3,54,4,Preventive,No,Open
SMMS003313,AST008096,Interlocking,C00047,27.1,Route Relay Interlocking,Interlocking inspection,Critical,5,4,3,2025-06-23,2025-06-26,0,275,4,Inspection,No,Completed
SMMS003314,AST005842,Optical Fiber,C00004,115.6,OFC Link,Cable fault,Medium,3,2,2,2025-06-30,2025-07-19,0,111,4,Corrective,No,Scheduled
SMMS003315,AST006386,Interlocking,C00071,0.4,Route Relay Interlocking,Interlocking inspection,Medium,3,2,2,2025-04-12,2025-04-25,67,226,3,Inspection,No,In Progress
SMMS003316,AST008498,Point Machine,C00015,153.9,Electric Point Machine,Point machine fault,Low,3,2,1,2025-06-27,2025-08-03,0,159,4,Corrective,No,Open
SMMS003317,AST006682,Axle Counter,C00050,52.4,Axle Counter,Axle counter fault,Low,3,3,1,2025-06-26,2025-08-11,0,119,2,Inspection,No,Open
SMMS003318,AST005865,Optical Fiber,C00008,122.0,OFC Link,Cable fault,Low,2,2,2,2025-04-09,2025-05-17,0,160,6,Inspection,No,Completed
SMMS003319,AST005962,Interlocking,C00014,59.0,Route Relay Interlocking,Interlocking inspection,Critical,4,4,4,2025-06-06,2025-06-08,23,257,4,Inspection,No,Scheduled
SMMS003320,AST006365,Signal,C00097,22.8,Colour Light Signal,Signal failure,Medium,3,3,3,2025-06-16,2025-07-02,0,110,3,Preventive,Yes,Completed
SMMS003321,AST007245,Track Circuit,C00077,34.3,Track Circuit,Track circuit fault,Medium,4,3,2,2025-05-30,2025-06-13,18,182,3,Preventive,Yes,Open
SMMS003322,AST007606,Relay,C00048,88.9,Relay Interlocking,Relay degradation,High,4,4,2,2025-06-23,2025-07-02,0,161,4,Preventive,Yes,Open
SMMS003323,AST008006,Relay,C00063,91.0,Relay Interlocking,Relay degradation,High,4,2,3,2025-06-02,2025-06-08,23,113,4,Preventive,Yes,Deferred
SMMS003324,AST006318,Interlocking,C00017,1.9,Route Relay Interlocking,Interlocking inspection,Low,2,3,1,2025-04-20,2025-05-27,35,202,4,Inspection,No,Open
SMMS003325,AST005457,Interlocking,C00035,43.8,Route Relay Interlocking,Interlocking inspection,Medium,3,3,1,2025-03-23,2025-04-10,82,229,2,Inspection,No,Open
SMMS003326,AST005538,Telecom Cable,C00077,38.9,Quad Cable,Cable fault,Low,3,2,1,2025-06-24,2025-07-21,0,113,4,Inspection,No,Open
SMMS003327,AST008294,Level Crossing Signal,C00019,27.3,LC Gate Signal,Signal failure,Medium,2,1,3,2025-05-21,2025-06-06,25,86,2,Preventive,No,Open
SMMS003328,AST005870,Relay,C00093,78.3,Relay Interlocking,Relay degradation,Medium,4,2,2,2025-05-29,2025-06-18,13,75,3,Preventive,No,Open
SMMS003329,AST006192,Track Circuit,C00011,257.6,Track Circuit,Track circuit fault,High,3,5,3,2025-06-27,2025-07-05,0,193,2,Preventive,No,Scheduled
SMMS003330,AST006608,Track Circuit,C00055,102.9,Track Circuit,Track circuit fault,High,3,4,3,2025-04-27,2025-05-04,58,157,5,Preventive,Yes,Open
SMMS003331,AST008103,Level Crossing Signal,C00056,15.7,LC Gate Signal,Signal failure,Critical,2,4,4,2025-05-06,2025-05-09,53,146,3,Preventive,No,Open
SMMS003332,AST007197,Relay,C00015,162.4,Relay Interlocking,Relay degradation,Medium,2,2,1,2025-06-28,2025-07-20,0,71,1,Corrective,Yes,Completed
SMMS003333,AST006221,Track Circuit,C00031,42.7,Track Circuit,Track circuit fault,High,3,4,3,2025-04-03,2025-04-13,79,135,1,Corrective,No,Deferred
SMMS003334,AST007402,Track Circuit,C00018,93.9,Track Circuit,Track circuit fault,Low,2,3,1,2025-05-31,2025-07-03,0,97,2,Corrective,No,Open
SMMS003335,AST006259,Optical Fiber,C00018,28.9,OFC Link,Cable fault,Medium,4,3,1,2025-06-25,2025-07-11,0,105,3,Corrective,Yes,Scheduled
SMMS003336,AST006468,Level Crossing Signal,C00075,92.9,LC Gate Signal,Signal failure,Low,2,1,1,2025-06-30,2025-08-09,0,143,2,Corrective,Yes,Open
SMMS003337,AST005524,Telecom Cable,C00029,36.7,Quad Cable,Cable fault,Medium,3,2,3,2025-06-15,2025-07-03,0,198,5,Corrective,Yes,In Progress
SMMS003338,AST007756,Level Crossing Signal,C00077,15.1,LC Gate Signal,Signal failure,High,4,4,3,2025-06-29,2025-07-05,0,87,2,Corrective,Yes,Deferred
SMMS003339,AST006386,Interlocking,C00071,0.4,Route Relay Interlocking,Interlocking inspection,Medium,2,2,2,2025-06-19,2025-07-10,0,161,5,Inspection,No,Scheduled
SMMS003340,AST005955,Level Crossing Signal,C00082,40.0,LC Gate Signal,Signal failure,Critical,5,5,5,2025-03-04,2025-03-06,117,65,2,Preventive,Yes,Open
SMMS003341,AST007706,Optical Fiber,C00055,99.2,OFC Link,Cable fault,High,2,2,1,2025-06-26,2025-07-02,0,162,3,Corrective,Yes,Scheduled
SMMS003342,AST007181,Axle Counter,C00001,342.5,Axle Counter,Axle counter fault,High,3,4,2,2025-03-09,2025-03-15,108,137,3,Preventive,Yes,Open
SMMS003343,AST006842,Interlocking,C00041,26.6,Route Relay Interlocking,Interlocking inspection,Critical,4,4,4,2025-03-29,2025-03-31,92,346,5,Inspection,Yes,Open
SMMS003344,AST007587,Axle Counter,C00022,23.5,Axle Counter,Axle counter fault,Low,2,1,1,2025-04-10,2025-05-10,0,142,3,Corrective,Yes,Completed
SMMS003345,AST007484,Level Crossing Signal,C00047,28.0,LC Gate Signal,Signal failure,Medium,1,3,1,2025-06-16,2025-06-30,1,99,1,Preventive,No,Open
SMMS003346,AST007231,Level Crossing Signal,C00080,12.8,LC Gate Signal,Signal failure,High,2,2,3,2025-06-24,2025-07-03,0,147,4,Corrective,No,Scheduled
SMMS003347,AST006675,Signal,C00055,3.5,Colour Light Signal,Signal failure,Medium,4,3,3,2025-06-29,2025-07-11,0,97,3,Preventive,No,Open
SMMS003348,AST006946,Relay,C00069,237.3,Relay Interlocking,Relay degradation,Medium,4,3,1,2025-05-19,2025-06-11,20,84,4,Corrective,Yes,Open
SMMS003349,AST008075,Relay,C00084,84.8,Relay Interlocking,Relay degradation,Low,4,1,1,2025-05-06,2025-06-24,0,93,3,Preventive,Yes,Completed
SMMS003350,AST006158,Signal,C00074,20.1,Colour Light Signal,Signal failure,High,2,3,3,2025-06-17,2025-06-24,7,128,2,Preventive,Yes,In Progress
SMMS003351,AST006310,Track Circuit,C00052,156.5,Track Circuit,Track circuit fault,Low,4,3,1,2025-06-15,2025-07-29,0,127,3,Preventive,No,Open
SMMS003352,AST006471,Relay,C00050,7.9,Relay Interlocking,Relay degradation,Low,1,2,2,2025-05-08,2025-06-13,0,98,2,Corrective,No,Completed
SMMS003353,AST007474,Interlocking,C00045,20.2,Route Relay Interlocking,Interlocking inspection,Medium,4,2,2,2025-06-28,2025-07-13,0,228,4,Inspection,Yes,Open
SMMS003354,AST005323,Optical Fiber,C00030,119.0,OFC Link,Cable fault,Medium,3,3,1,2025-03-18,2025-04-06,86,151,3,Corrective,No,Deferred
SMMS003355,AST005517,Relay,C00021,7.9,Relay Interlocking,Relay degradation,Low,2,2,2,2025-05-19,2025-06-30,1,113,2,Corrective,Yes,Open
SMMS003356,AST007910,Point Machine,C00004,111.1,Electric Point Machine,Point machine fault,Low,3,3,1,2025-06-21,2025-07-28,0,147,4,Corrective,Yes,Open
SMMS003357,AST006184,Track Circuit,C00060,28.3,Track Circuit,Track circuit fault,Medium,2,2,1,2025-06-13,2025-06-30,0,138,3,Preventive,Yes,Completed
SMMS003358,AST006845,Signal,C00015,53.2,Colour Light Signal,Signal lamp/equipment replacement,High,3,4,4,2025-06-12,2025-06-19,12,77,4,Preventive,Yes,Open
SMMS003359,AST008380,Axle Counter,C00061,43.9,Axle Counter,Axle counter fault,Medium,3,3,1,2025-04-03,2025-04-16,76,94,3,Corrective,Yes,Open
SMMS003360,AST007518,Track Circuit,C00095,86.3,Track Circuit,Track circuit fault,Low,2,2,1,2025-06-23,2025-07-24,0,113,6,Corrective,Yes,Open
SMMS003361,AST007925,Optical Fiber,C00065,2.2,OFC Link,Cable fault,Medium,3,2,3,2025-05-18,2025-06-08,23,150,4,Preventive,Yes,Deferred
SMMS003362,AST007935,Interlocking,C00042,30.9,Route Relay Interlocking,Interlocking inspection,Medium,3,3,3,2025-05-22,2025-06-06,25,192,4,Inspection,No,Scheduled
SMMS003363,AST007181,Axle Counter,C00001,342.5,Axle Counter,Axle counter fault,Medium,3,2,2,2025-06-27,2025-07-13,0,89,2,Preventive,No,In Progress
SMMS003364,AST007010,Relay,C00012,71.3,Relay Interlocking,Relay degradation,Medium,3,4,3,2025-06-20,2025-07-10,0,183,3,Corrective,Yes,Open
SMMS003365,AST005483,Point Machine,C00031,49.0,Electric Point Machine,Point machine fault,Medium,2,2,3,2025-06-29,2025-07-17,0,115,2,Corrective,Yes,Open
SMMS003366,AST007351,Track Circuit,C00040,22.4,Track Circuit,Track circuit fault,Low,2,2,2,2025-05-26,2025-07-11,0,127,3,Preventive,No,Scheduled
SMMS003367,AST006418,Level Crossing Signal,C00003,32.5,LC Gate Signal,Signal failure,Critical,3,3,4,2025-05-18,2025-05-22,40,183,2,Preventive,Yes,In Progress
SMMS003368,AST007201,Axle Counter,C00050,35.6,Axle Counter,Axle counter fault,High,3,4,2,2025-06-20,2025-06-30,1,159,4,Preventive,Yes,Scheduled
SMMS003369,AST006823,Axle Counter,C00050,51.4,Axle Counter,Axle counter fault,Medium,2,1,3,2025-06-17,2025-07-07,0,115,3,Preventive,No,Completed
SMMS003370,AST007606,Relay,C00048,88.9,Relay Interlocking,Relay degradation,Medium,4,3,2,2025-03-24,2025-04-06,0,105,3,Preventive,Yes,Completed
SMMS003371,AST008523,Interlocking,C00023,7.4,Route Relay Interlocking,Interlocking inspection,Medium,3,4,2,2025-06-29,2025-07-14,0,185,3,Inspection,No,Open
SMMS003372,AST006157,Axle Counter,C00008,58.9,Axle Counter,Axle counter fault,Medium,3,3,3,2025-06-18,2025-07-08,0,78,2,Preventive,Yes,Open
SMMS003373,AST006684,Track Circuit,C00091,35.0,Track Circuit,Track circuit fault,High,4,4,2,2025-05-17,2025-05-25,37,164,4,Corrective,No,In Progress
SMMS003374,AST006883,Axle Counter,C00091,215.3,Axle Counter,Axle counter fault,Critical,3,4,2,2025-05-28,2025-05-30,32,137,3,Corrective,No,Scheduled
SMMS003375,AST008023,Optical Fiber,C00030,2.8,OFC Link,Cable fault,High,2,3,2,2025-06-28,2025-07-04,0,157,4,Corrective,No,Completed
SMMS003376,AST008223,Track Circuit,C00072,70.2,Track Circuit,Track circuit fault,High,3,4,3,2025-06-24,2025-06-30,1,150,3,Preventive,Yes,Open
SMMS003377,AST006614,Telecom Cable,C00019,151.6,Quad Cable,Cable fault,Medium,2,2,2,2025-06-02,2025-06-21,10,192,4,Corrective,No,Open
SMMS003378,AST005476,Axle Counter,C00039,10.2,Axle Counter,Axle counter fault,Medium,2,3,2,2025-03-19,2025-04-03,89,115,2,Corrective,No,Scheduled
SMMS003379,AST008093,Interlocking,C00079,13.1,Route Relay Interlocking,Interlocking inspection,Medium,2,3,2,2025-06-03,2025-06-23,8,115,5,Inspection,Yes,In Progress
SMMS003380,AST006362,Point Machine,C00064,58.7,Electric Point Machine,Point machine fault,Low,3,1,2,2025-06-28,2025-08-10,0,177,5,Corrective,No,Open
SMMS003381,AST005932,Interlocking,C00032,12.7,Route Relay Interlocking,Interlocking inspection,Low,3,2,1,2025-06-26,2025-08-05,0,261,4,Inspection,Yes,Completed
SMMS003382,AST007840,Level Crossing Signal,C00067,128.3,LC Gate Signal,Signal failure,Medium,2,2,2,2025-06-25,2025-07-13,0,73,4,Corrective,No,Open
SMMS003383,AST006238,Signal,C00007,59.4,Colour Light Signal,Signal lamp/equipment replacement,Critical,3,4,3,2025-05-25,2025-05-29,33,122,4,Corrective,No,Scheduled
SMMS003384,AST006191,Relay,C00098,0.3,Relay Interlocking,Relay degradation,High,4,3,2,2025-05-23,2025-05-31,31,92,2,Preventive,Yes,In Progress
SMMS003385,AST005614,Telecom Cable,C00028,76.3,Quad Cable,Cable fault,Medium,2,3,3,2025-06-03,2025-06-23,8,192,4,Corrective,Yes,Open
SMMS003386,AST007055,Point Machine,C00019,128.3,Electric Point Machine,Point machine fault,Medium,2,3,3,2025-06-28,2025-07-15,0,147,3,Corrective,Yes,Open
SMMS003387,AST008551,Relay,C00086,29.4,Relay Interlocking,Relay degradation,Critical,3,4,3,2025-03-15,2025-03-18,105,56,3,Preventive,Yes,Open
SMMS003388,AST006363,Point Machine,C00044,39.4,Electric Point Machine,Point machine fault,High,3,3,2,2025-06-14,2025-06-22,9,165,5,Corrective,Yes,Scheduled
SMMS003389,AST005730,Track Circuit,C00055,58.2,Track Circuit,Track circuit fault,High,3,4,1,2025-06-27,2025-07-06,0,164,4,Corrective,Yes,Open
SMMS003390,AST007823,Point Machine,C00069,9.6,Electric Point Machine,Point machine fault,Medium,4,3,2,2025-06-07,2025-06-28,3,177,2,Corrective,Yes,Open
SMMS003391,AST005816,Point Machine,C00060,1.9,Electric Point Machine,Point machine fault,High,4,3,3,2025-06-16,2025-06-23,8,115,3,Preventive,No,Open
SMMS003392,AST006632,Telecom Cable,C00036,57.1,Quad Cable,Cable fault,Low,2,2,1,2025-04-29,2025-06-10,0,191,4,Preventive,Yes,Completed
SMMS003393,AST007028,Interlocking,C00088,94.6,Route Relay Interlocking,Interlocking inspection,Medium,3,2,1,2025-06-05,2025-06-21,0,246,6,Inspection,No,Completed
SMMS003394,AST006884,Signal,C00041,12.2,Colour Light Signal,Signal failure,Critical,4,4,4,2025-05-27,2025-05-30,32,174,5,Corrective,Yes,Open
SMMS003395,AST007730,Interlocking,C00091,91.9,Route Relay Interlocking,Interlocking inspection,Medium,4,4,2,2025-06-18,2025-07-04,0,211,3,Inspection,No,Completed
SMMS003396,AST007552,Axle Counter,C00057,10.6,Axle Counter,Axle counter fault,Low,4,2,2,2025-03-06,2025-04-13,0,55,2,Preventive,No,Completed
SMMS003397,AST006017,Point Machine,C00090,81.1,Electric Point Machine,Point machine fault,Critical,3,4,5,2025-06-21,2025-06-24,7,202,4,Preventive,Yes,Open
SMMS003398,AST006375,Level Crossing Signal,C00079,24.0,LC Gate Signal,Signal failure,High,2,5,2,2025-05-29,2025-06-04,27,135,3,Preventive,No,Scheduled
SMMS003399,AST007678,Axle Counter,C00055,29.4,Axle Counter,Axle counter fault,Low,2,2,1,2025-06-14,2025-07-23,0,114,2,Preventive,Yes,Completed
SMMS003400,AST006010,Signal,C00015,53.8,Colour Light Signal,Signal lamp/equipment replacement,Medium,1,2,1,2025-05-20,2025-05-31,31,71,4,Corrective,No,In Progress
SMMS003401,AST007708,Optical Fiber,C00041,25.8,OFC Link,Cable fault,Medium,4,2,3,2025-06-21,2025-07-12,0,108,2,Preventive,No,In Progress
SMMS003402,AST005645,Interlocking,C00069,219.1,Route Relay Interlocking,Interlocking inspection,Medium,2,2,1,2025-04-01,2025-04-22,70,188,4,Inspection,Yes,In Progress
SMMS003403,AST005314,Signal,C00087,177.3,Colour Light Signal,Signal failure,Critical,3,5,2,2025-06-20,2025-06-22,9,49,3,Corrective,Yes,Scheduled
SMMS003404,AST006836,Level Crossing Signal,C00069,307.4,LC Gate Signal,Signal failure,Low,2,3,1,2025-06-24,2025-07-28,0,37,2,Inspection,Yes,Open
SMMS003405,AST007659,Axle Counter,C00057,43.4,Axle Counter,Axle counter fault,Medium,2,2,2,2025-06-16,2025-07-03,0,79,2,Preventive,No,Completed
SMMS003406,AST007203,Track Circuit,C00056,3.1,Track Circuit,Track circuit fault,Low,2,2,2,2025-06-09,2025-07-17,0,169,4,Corrective,No,Completed
SMMS003407,AST006601,Axle Counter,C00040,98.7,Axle Counter,Axle counter fault,High,5,3,4,2025-06-04,2025-06-12,19,89,2,Corrective,No,Scheduled
SMMS003408,AST006607,Telecom Cable,C00004,63.9,Quad Cable,Cable fault,Low,3,2,1,2025-06-10,2025-07-11,0,222,3,Corrective,No,Open
SMMS003409,AST007593,Relay,C00099,13.8,Relay Interlocking,Relay degradation,Medium,1,3,4,2025-06-29,2025-07-16,0,73,3,Corrective,Yes,Open
SMMS003410,AST007981,Telecom Cable,C00038,26.0,Quad Cable,Cable fault,Critical,4,4,4,2025-06-12,2025-06-14,17,246,3,Preventive,Yes,In Progress
SMMS003411,AST006874,Track Circuit,C00028,80.2,Track Circuit,Track circuit fault,Medium,2,2,3,2025-06-18,2025-07-02,0,169,4,Corrective,Yes,Open
SMMS003412,AST005864,Point Machine,C00065,18.9,Electric Point Machine,Point machine fault,Medium,3,3,1,2025-03-08,2025-03-27,96,204,3,Preventive,Yes,Open
SMMS003413,AST008112,Track Circuit,C00095,33.7,Track Circuit,Track circuit fault,Medium,4,2,2,2025-05-30,2025-06-18,13,104,1,Preventive,No,Open
SMMS003414,AST007669,Axle Counter,C00048,5.3,Axle Counter,Axle counter fault,Low,3,2,3,2025-06-01,2025-07-20,0,142,4,Corrective,No,Open
SMMS003415,AST008419,Relay,C00028,110.3,Relay Interlocking,Relay degradation,Medium,2,3,2,2025-05-28,2025-06-14,17,72,4,Corrective,No,In Progress
SMMS003416,AST008453,Telecom Cable,C00014,69.2,Quad Cable,Cable fault,Critical,4,3,3,2025-06-05,2025-06-07,0,227,4,Corrective,No,Completed
SMMS003417,AST005364,Level Crossing Signal,C00085,24.0,LC Gate Signal,Signal failure,Medium,2,4,1,2025-06-25,2025-07-13,0,78,4,Corrective,Yes,Scheduled
SMMS003418,AST006473,Signal,C00076,6.3,Colour Light Signal,Signal lamp/equipment replacement,High,2,3,3,2025-06-03,2025-06-14,17,63,3,Preventive,Yes,Scheduled
SMMS003419,AST005685,Track Circuit,C00077,67.5,Track Circuit,Track circuit fault,Medium,5,2,3,2025-05-30,2025-06-14,17,125,4,Corrective,Yes,Open
SMMS003420,AST005835,Level Crossing Signal,C00077,38.7,LC Gate Signal,Signal failure,Low,3,2,1,2025-06-29,2025-07-23,0,62,2,Corrective,Yes,Open
SMMS003421,AST008014,Axle Counter,C00032,3.2,Axle Counter,Axle counter fault,Low,1,1,3,2025-06-28,2025-08-05,0,100,1,Preventive,No,Scheduled
SMMS003422,AST006827,Axle Counter,C00032,12.9,Axle Counter,Axle counter fault,High,4,4,2,2025-03-22,2025-03-31,92,177,4,Corrective,No,Deferred
SMMS003423,AST006232,Axle Counter,C00077,30.8,Axle Counter,Axle counter fault,Low,3,1,1,2025-06-27,2025-07-26,0,89,3,Inspection,No,Scheduled
SMMS003424,AST008160,Telecom Cable,C00096,110.9,Quad Cable,Cable fault,Medium,3,2,3,2025-06-02,2025-06-22,9,227,5,Corrective,Yes,Deferred
SMMS003425,AST006014,Point Machine,C00057,108.3,Electric Point Machine,Point machine fault,Low,2,3,1,2025-05-17,2025-06-27,0,149,3,Inspection,No,Completed
SMMS003426,AST006982,Track Circuit,C00035,19.4,Track Circuit,Track circuit fault,Critical,5,4,3,2025-04-15,2025-04-19,73,182,2,Corrective,Yes,In Progress
SMMS003427,AST008080,Point Machine,C00060,44.6,Electric Point Machine,Point machine fault,Medium,1,2,3,2025-06-11,2025-06-28,3,150,6,Preventive,Yes,Open
SMMS003428,AST007565,Telecom Cable,C00008,51.2,Quad Cable,Cable fault,Medium,1,2,2,2025-06-01,2025-06-25,6,106,3,Preventive,No,Deferred
SMMS003429,AST007835,Optical Fiber,C00059,30.1,OFC Link,Cable fault,Critical,2,4,2,2025-06-13,2025-06-17,14,100,3,Preventive,No,Open
SMMS003430,AST005881,Track Circuit,C00020,23.7,Track Circuit,Track circuit fault,Low,3,1,1,2025-05-30,2025-07-11,0,132,2,Corrective,No,In Progress
SMMS003431,AST007200,Signal,C00073,53.5,Colour Light Signal,Signal failure,Medium,4,2,1,2025-05-29,2025-06-16,15,157,4,Preventive,Yes,Open
SMMS003432,AST005371,Track Circuit,C00053,31.0,Track Circuit,Track circuit fault,Medium,2,2,1,2025-06-07,2025-06-23,8,98,3,Corrective,Yes,Open
SMMS003433,AST008640,Axle Counter,C00051,9.7,Axle Counter,Axle counter fault,Medium,3,2,2,2025-06-28,2025-07-12,0,107,3,Preventive,Yes,Open
SMMS003434,AST006653,Telecom Cable,C00018,23.6,Quad Cable,Cable fault,Low,3,2,2,2025-04-24,2025-06-03,28,170,2,Inspection,Yes,In Progress
SMMS003435,AST005555,Point Machine,C00004,78.2,Electric Point Machine,Point machine fault,Critical,4,5,4,2025-06-23,2025-06-24,7,256,5,Preventive,Yes,Open
SMMS003436,AST007723,Interlocking,C00049,112.5,Route Relay Interlocking,Interlocking inspection,High,4,3,3,2025-06-30,2025-07-06,0,238,4,Inspection,Yes,Open
SMMS003437,AST005406,Level Crossing Signal,C00032,21.1,LC Gate Signal,Signal failure,High,5,4,1,2025-03-10,2025-03-16,107,159,4,Preventive,Yes,In Progress
SMMS003438,AST005429,Interlocking,C00068,96.4,Route Relay Interlocking,Interlocking inspection,Medium,2,3,1,2025-06-16,2025-07-06,0,170,3,Inspection,Yes,Completed
SMMS003439,AST006487,Interlocking,C00066,47.5,Route Relay Interlocking,Interlocking inspection,Medium,3,4,2,2025-03-14,2025-04-03,89,204,5,Inspection,Yes,Open
SMMS003440,AST006462,Track Circuit,C00078,25.7,Track Circuit,Track circuit fault,Medium,2,3,3,2025-05-19,2025-06-05,0,98,3,Preventive,No,Completed
SMMS003441,AST007516,Interlocking,C00009,96.4,Route Relay Interlocking,Interlocking inspection,Medium,3,2,2,2025-05-21,2025-06-09,22,237,5,Inspection,Yes,Open
SMMS003442,AST007097,Point Machine,C00045,127.3,Electric Point Machine,Point machine fault,High,4,4,3,2025-06-28,2025-07-08,0,136,4,Preventive,No,Open
SMMS003443,AST006511,Point Machine,C00098,3.4,Electric Point Machine,Point machine fault,Medium,3,3,3,2025-06-20,2025-07-05,0,160,2,Corrective,Yes,In Progress
SMMS003444,AST006658,Level Crossing Signal,C00081,53.9,LC Gate Signal,Signal failure,Critical,5,3,3,2025-06-19,2025-06-24,7,196,4,Corrective,No,Scheduled
SMMS003445,AST005506,Telecom Cable,C00088,55.3,Quad Cable,Cable fault,Medium,4,3,2,2025-06-26,2025-07-06,0,182,3,Preventive,Yes,In Progress
SMMS003446,AST005495,Interlocking,C00016,58.9,Route Relay Interlocking,Interlocking inspection,Medium,4,3,2,2025-06-29,2025-07-21,0,164,3,Inspection,No,Open
SMMS003447,AST006336,Level Crossing Signal,C00038,32.2,LC Gate Signal,Signal failure,Medium,1,2,2,2025-05-22,2025-06-04,27,150,2,Preventive,Yes,In Progress
SMMS003448,AST007262,Relay,C00058,9.0,Relay Interlocking,Relay degradation,Medium,4,3,1,2025-05-21,2025-06-08,23,117,3,Corrective,Yes,In Progress
SMMS003449,AST006414,Level Crossing Signal,C00010,28.0,LC Gate Signal,Signal failure,Low,2,2,2,2025-06-22,2025-07-31,0,154,3,Preventive,No,Deferred
SMMS003450,AST007805,Relay,C00024,57.4,Relay Interlocking,Relay degradation,High,4,4,3,2025-04-21,2025-04-30,0,164,3,Preventive,No,Completed
SMMS003451,AST005951,Relay,C00035,72.6,Relay Interlocking,Relay degradation,High,4,5,1,2025-06-11,2025-06-16,15,118,3,Corrective,Yes,Scheduled
SMMS003452,AST007638,Signal,C00037,23.0,Colour Light Signal,Signal failure,Low,3,1,1,2025-04-10,2025-05-19,0,96,1,Inspection,Yes,Completed
SMMS003453,AST007063,Level Crossing Signal,C00049,58.4,LC Gate Signal,Signal failure,Medium,2,2,1,2025-05-17,2025-06-05,0,146,3,Preventive,Yes,Completed
SMMS003454,AST005455,Track Circuit,C00006,0.6,Track Circuit,Track circuit fault,Medium,3,3,2,2025-06-25,2025-07-14,0,109,3,Corrective,No,Scheduled
SMMS003455,AST008218,Interlocking,C00086,144.3,Route Relay Interlocking,Interlocking inspection,Low,1,2,1,2025-06-25,2025-08-06,0,184,3,Inspection,Yes,Completed
SMMS003456,AST008133,Telecom Cable,C00087,157.1,Quad Cable,Cable fault,Medium,3,4,2,2025-05-28,2025-06-17,14,120,4,Preventive,Yes,In Progress
SMMS003457,AST008386,Interlocking,C00070,10.3,Route Relay Interlocking,Interlocking inspection,Medium,2,3,3,2025-06-28,2025-07-13,0,158,2,Inspection,Yes,In Progress
SMMS003458,AST005554,Level Crossing Signal,C00058,58.7,LC Gate Signal,Signal failure,Medium,4,3,2,2025-05-30,2025-06-18,13,117,2,Preventive,Yes,Scheduled
SMMS003459,AST007454,Axle Counter,C00061,29.7,Axle Counter,Axle counter fault,High,5,3,3,2025-06-26,2025-07-03,0,76,1,Preventive,Yes,Open
SMMS003460,AST007033,Track Circuit,C00017,2.7,Track Circuit,Track circuit fault,High,3,4,2,2025-06-25,2025-07-03,0,91,3,Preventive,No,Completed
SMMS003461,AST006041,Relay,C00087,182.0,Relay Interlocking,Relay degradation,Low,1,2,2,2025-05-18,2025-06-19,12,104,5,Inspection,Yes,Scheduled
SMMS003462,AST008152,Track Circuit,C00037,57.2,Track Circuit,Track circuit fault,Low,2,1,1,2025-04-30,2025-05-26,0,164,2,Corrective,Yes,Completed
SMMS003463,AST007487,Telecom Cable,C00058,54.7,Quad Cable,Cable fault,Medium,4,2,2,2025-06-19,2025-07-06,0,166,3,Corrective,Yes,Scheduled
SMMS003464,AST005689,Level Crossing Signal,C00041,7.3,LC Gate Signal,Signal failure,Low,2,2,1,2025-06-24,2025-08-02,0,82,2,Corrective,No,Open
SMMS003465,AST006144,Telecom Cable,C00030,55.8,Quad Cable,Cable fault,Medium,3,3,1,2025-06-21,2025-07-05,0,185,2,Corrective,Yes,In Progress
SMMS003466,AST006810,Signal,C00015,1.3,Colour Light Signal,Signal failure,Low,2,3,1,2025-06-30,2025-07-29,0,108,4,Corrective,No,Open
SMMS003467,AST005295,Optical Fiber,C00037,67.1,OFC Link,Cable fault,Low,2,2,1,2025-06-19,2025-07-28,0,127,2,Inspection,Yes,Open
SMMS003468,AST007884,Track Circuit,C00082,127.2,Track Circuit,Track circuit fault,Critical,3,4,4,2025-04-26,2025-04-29,63,196,4,Corrective,Yes,Open
SMMS003469,AST007609,Optical Fiber,C00059,81.3,OFC Link,Cable fault,High,2,3,3,2025-04-08,2025-04-15,77,118,3,Corrective,Yes,Open
SMMS003470,AST006353,Point Machine,C00026,161.7,Electric Point Machine,Point machine fault,Medium,4,2,3,2025-06-18,2025-07-02,0,136,5,Corrective,Yes,Deferred
SMMS003471,AST008458,Optical Fiber,C00073,55.7,OFC Link,Cable fault,Low,1,1,1,2025-06-24,2025-07-20,0,113,4,Corrective,No,Scheduled
SMMS003472,AST007324,Signal,C00074,10.6,Colour Light Signal,Signal failure,Critical,3,4,3,2025-05-14,2025-05-16,46,129,4,Preventive,No,In Progress
SMMS003473,AST008429,Point Machine,C00021,138.2,Electric Point Machine,Point machine fault,Low,1,2,1,2025-04-20,2025-05-20,42,167,3,Corrective,No,Scheduled
SMMS003474,AST006347,Telecom Cable,C00054,0.1,Quad Cable,Cable fault,Low,2,2,1,2025-04-07,2025-05-20,0,105,3,Inspection,Yes,Completed
SMMS003475,AST005589,Optical Fiber,C00037,85.9,OFC Link,Cable fault,Medium,4,2,2,2025-06-24,2025-07-14,0,122,4,Corrective,Yes,Completed
SMMS003476,AST008484,Level Crossing Signal,C00047,48.4,LC Gate Signal,Signal failure,Low,4,2,2,2025-06-25,2025-07-24,0,117,4,Corrective,No,Completed
SMMS003477,AST006737,Relay,C00084,266.0,Relay Interlocking,Relay degradation,Low,4,1,1,2025-04-15,2025-05-13,0,108,3,Corrective,Yes,Completed
SMMS003478,AST007864,Point Machine,C00046,0.9,Electric Point Machine,Point machine fault,Medium,3,2,2,2025-06-18,2025-07-09,0,168,3,Corrective,No,Completed
SMMS003479,AST006653,Telecom Cable,C00018,23.6,Quad Cable,Cable fault,Medium,2,3,2,2025-06-16,2025-07-02,0,157,3,Preventive,No,Completed
SMMS003480,AST008209,Telecom Cable,C00039,20.6,Quad Cable,Cable fault,Medium,4,4,1,2025-04-14,2025-05-04,0,183,5,Preventive,No,Completed
SMMS003481,AST005685,Track Circuit,C00077,67.5,Track Circuit,Track circuit fault,High,4,4,3,2025-06-09,2025-06-19,12,45,2,Corrective,No,Open
SMMS003482,AST006772,Axle Counter,C00019,133.7,Axle Counter,Axle counter fault,Low,3,2,4,2025-06-18,2025-07-18,0,111,3,Inspection,Yes,Scheduled
SMMS003483,AST005689,Level Crossing Signal,C00041,7.3,LC Gate Signal,Signal failure,High,2,3,4,2025-05-18,2025-05-27,35,125,3,Corrective,No,Open
SMMS003484,AST006990,Point Machine,C00011,16.3,Electric Point Machine,Point machine fault,Low,3,1,1,2025-04-07,2025-05-17,45,219,3,Preventive,Yes,Open
SMMS003485,AST008057,Signal,C00048,47.6,Colour Light Signal,Signal lamp/equipment replacement,Medium,3,4,2,2025-05-28,2025-06-17,14,52,3,Preventive,Yes,Scheduled
SMMS003486,AST008106,Telecom Cable,C00049,18.4,Quad Cable,Cable fault,Medium,4,2,1,2025-05-30,2025-06-20,11,232,4,Corrective,Yes,Open
SMMS003487,AST006889,Point Machine,C00082,117.6,Electric Point Machine,Point machine fault,High,4,4,4,2025-06-10,2025-06-19,12,174,2,Preventive,Yes,Deferred
SMMS003488,AST005705,Axle Counter,C00050,29.7,Axle Counter,Axle counter fault,High,4,4,4,2025-04-23,2025-05-01,61,119,2,Corrective,No,Open
SMMS003489,AST008520,Axle Counter,C00057,95.6,Axle Counter,Axle counter fault,Low,2,1,1,2025-03-05,2025-04-04,0,113,3,Preventive,No,Completed
SMMS003490,AST008416,Signal,C00082,60.6,Colour Light Signal,Signal lamp/equipment replacement,Low,4,2,3,2025-06-22,2025-07-29,0,52,2,Corrective,Yes,Open
SMMS003491,AST008138,Track Circuit,C00064,126.6,Track Circuit,Track circuit fault,Medium,3,2,2,2025-06-29,2025-07-15,0,166,3,Preventive,Yes,Open
SMMS003492,AST007193,Optical Fiber,C00043,11.3,OFC Link,Cable fault,Critical,3,5,4,2025-06-25,2025-06-29,2,138,2,Corrective,Yes,Scheduled
SMMS003493,AST005784,Telecom Cable,C00020,37.6,Quad Cable,Cable fault,Low,1,1,3,2025-06-23,2025-07-31,0,198,4,Preventive,Yes,Open
SMMS003494,AST006809,Point Machine,C00014,9.4,Electric Point Machine,Point machine fault,Critical,4,5,3,2025-05-28,2025-05-30,0,159,3,Corrective,Yes,Completed
SMMS003495,AST007418,Level Crossing Signal,C00059,58.2,LC Gate Signal,Signal failure,Low,3,2,1,2025-06-27,2025-08-02,0,102,3,Preventive,Yes,Scheduled
SMMS003496,AST006612,Optical Fiber,C00077,22.3,OFC Link,Cable fault,High,2,4,3,2025-06-21,2025-06-28,3,157,2,Corrective,No,In Progress
SMMS003497,AST006526,Axle Counter,C00014,0.9,Axle Counter,Axle counter fault,Low,1,2,1,2025-06-21,2025-07-16,0,195,5,Preventive,No,Scheduled
SMMS003498,AST008396,Level Crossing Signal,C00049,47.6,LC Gate Signal,Signal failure,Medium,2,3,1,2025-06-14,2025-06-25,6,118,3,Preventive,No,Open
SMMS003499,AST005909,Level Crossing Signal,C00074,3.9,LC Gate Signal,Signal failure,High,3,4,3,2025-04-21,2025-04-30,62,129,4,Corrective,Yes,In Progress
SMMS003500,AST005287,Track Circuit,C00034,9.1,Track Circuit,Track circuit fault,High,3,4,4,2025-04-18,2025-04-24,68,147,3,Preventive,No,In Progress
SMMS003501,AST005939,Interlocking,C00004,69.4,Route Relay Interlocking,Interlocking inspection,Medium,3,2,1,2025-04-22,2025-05-11,0,184,4,Inspection,Yes,Completed
SMMS003502,AST006670,Relay,C00026,276.0,Relay Interlocking,Relay degradation,Low,3,2,2,2025-06-10,2025-07-14,0,107,4,Preventive,Yes,Scheduled
SMMS003503,AST007460,Optical Fiber,C00085,235.6,OFC Link,Cable fault,Low,3,2,2,2025-06-06,2025-07-13,0,144,3,Inspection,Yes,Open
SMMS003504,AST008075,Relay,C00084,84.8,Relay Interlocking,Relay degradation,Low,3,2,2,2025-04-23,2025-06-02,0,51,3,Inspection,Yes,Completed
SMMS003505,AST005785,Relay,C00017,4.2,Relay Interlocking,Relay degradation,Critical,5,4,4,2025-06-29,2025-07-01,0,185,3,Preventive,Yes,In Progress
SMMS003506,AST007065,Point Machine,C00019,82.8,Electric Point Machine,Point machine fault,Medium,2,2,1,2025-06-27,2025-07-16,0,124,3,Preventive,Yes,Open
SMMS003507,AST007948,Telecom Cable,C00005,92.0,Quad Cable,Cable fault,Medium,3,3,3,2025-06-28,2025-07-13,0,178,4,Corrective,Yes,Deferred
SMMS003508,AST008622,Telecom Cable,C00017,1.9,Quad Cable,Cable fault,Low,2,3,2,2025-06-21,2025-07-27,0,159,3,Inspection,Yes,In Progress
SMMS003509,AST006328,Point Machine,C00072,84.9,Electric Point Machine,Point machine fault,Critical,4,4,3,2025-06-25,2025-06-28,3,168,4,Preventive,Yes,Scheduled
SMMS003510,AST006410,Level Crossing Signal,C00038,15.0,LC Gate Signal,Signal failure,Critical,3,3,5,2025-06-22,2025-06-25,6,194,3,Preventive,Yes,Open
SMMS003511,AST007204,Track Circuit,C00062,4.9,Track Circuit,Track circuit fault,Medium,2,2,2,2025-06-12,2025-07-02,0,92,3,Preventive,Yes,Scheduled
SMMS003512,AST007469,Relay,C00090,88.4,Relay Interlocking,Relay degradation,High,3,5,3,2025-05-26,2025-06-05,26,59,3,Preventive,Yes,Scheduled
SMMS003513,AST006241,Telecom Cable,C00036,46.9,Quad Cable,Cable fault,High,4,4,3,2025-06-18,2025-06-25,6,190,3,Corrective,Yes,In Progress
SMMS003514,AST007140,Telecom Cable,C00081,57.7,Quad Cable,Cable fault,Low,2,2,2,2025-06-12,2025-07-16,0,100,5,Inspection,Yes,Open
SMMS003515,AST006914,Level Crossing Signal,C00078,19.2,LC Gate Signal,Signal failure,Critical,3,4,5,2025-06-23,2025-06-25,6,85,3,Corrective,Yes,Open
SMMS003516,AST008460,Level Crossing Signal,C00027,107.7,LC Gate Signal,Signal failure,Low,3,2,2,2025-06-14,2025-07-16,0,93,2,Inspection,Yes,In Progress
SMMS003517,AST008478,Signal,C00044,31.2,Colour Light Signal,Signal lamp/equipment replacement,Medium,2,2,2,2025-05-24,2025-06-16,15,104,2,Preventive,Yes,Open
SMMS003518,AST005336,Optical Fiber,C00014,65.8,OFC Link,Cable fault,Low,4,1,2,2025-06-04,2025-07-03,0,126,4,Preventive,No,Completed
SMMS003519,AST005777,Level Crossing Signal,C00025,200.0,LC Gate Signal,Signal failure,Medium,2,3,1,2025-06-11,2025-06-26,5,87,3,Corrective,Yes,Open
SMMS003520,AST007839,Track Circuit,C00059,130.0,Track Circuit,Track circuit fault,Medium,3,3,3,2025-04-08,2025-04-26,66,160,3,Corrective,Yes,Open
SMMS003521,AST005414,Relay,C00083,58.6,Relay Interlocking,Relay degradation,Critical,4,5,3,2025-06-16,2025-06-19,0,92,3,Corrective,No,Completed
SMMS003522,AST007648,Telecom Cable,C00077,37.8,Quad Cable,Cable fault,High,5,3,2,2025-06-12,2025-06-20,0,155,3,Preventive,No,Completed
SMMS003523,AST006075,Signal,C00019,82.0,Colour Light Signal,Signal lamp/equipment replacement,Medium,3,4,1,2025-06-28,2025-07-09,0,32,1,Corrective,Yes,In Progress
SMMS003524,AST006315,Relay,C00091,59.0,Relay Interlocking,Relay degradation,Low,3,2,2,2025-06-26,2025-08-01,0,57,1,Preventive,No,Scheduled
SMMS003525,AST008012,Interlocking,C00024,93.0,Route Relay Interlocking,Interlocking inspection,Medium,3,3,3,2025-05-20,2025-06-12,19,200,4,Inspection,No,In Progress
SMMS003526,AST006491,Interlocking,C00010,54.2,Route Relay Interlocking,Interlocking inspection,Medium,1,2,3,2025-05-25,2025-06-10,21,185,3,Inspection,No,Open
SMMS003527,AST006580,Point Machine,C00035,75.4,Electric Point Machine,Point machine fault,Critical,5,4,4,2025-06-22,2025-06-25,6,223,5,Preventive,Yes,Open
SMMS003528,AST008335,Level Crossing Signal,C00094,7.8,LC Gate Signal,Signal failure,Medium,4,3,4,2025-06-27,2025-07-16,0,115,3,Corrective,Yes,Open
SMMS003529,AST006047,Axle Counter,C00085,130.1,Axle Counter,Axle counter fault,Medium,2,2,1,2025-05-18,2025-06-04,27,74,2,Corrective,Yes,Open
SMMS003530,AST005676,Signal,C00070,12.7,Colour Light Signal,Signal lamp/equipment replacement,Medium,3,2,2,2025-06-28,2025-07-09,0,31,4,Preventive,No,Completed
SMMS003531,AST006241,Telecom Cable,C00036,46.9,Quad Cable,Cable fault,Medium,3,3,3,2025-05-31,2025-06-12,19,187,5,Corrective,No,Open
SMMS003532,AST006817,Axle Counter,C00013,63.3,Axle Counter,Axle counter fault,Low,2,2,1,2025-06-19,2025-08-02,0,121,3,Inspection,Yes,Open
SMMS003533,AST007881,Axle Counter,C00002,104.9,Axle Counter,Axle counter fault,Low,2,2,1,2025-06-27,2025-07-23,0,77,2,Inspection,Yes,Scheduled
SMMS003534,AST006871,Optical Fiber,C00098,2.5,OFC Link,Cable fault,High,4,4,4,2025-05-17,2025-05-25,37,141,3,Preventive,Yes,Open
SMMS003535,AST006884,Signal,C00041,12.2,Colour Light Signal,Signal failure,Medium,4,2,3,2025-06-28,2025-07-16,0,113,4,Preventive,Yes,Completed
SMMS003536,AST006051,Level Crossing Signal,C00084,57.6,LC Gate Signal,Signal failure,Low,3,2,2,2025-06-22,2025-07-25,0,108,4,Inspection,Yes,Open
SMMS003537,AST005832,Interlocking,C00022,162.3,Route Relay Interlocking,Interlocking inspection,Medium,3,3,1,2025-05-19,2025-06-10,0,208,4,Inspection,Yes,Completed
SMMS003538,AST006603,Signal,C00038,204.9,Colour Light Signal,Signal failure,Low,2,2,2,2025-06-25,2025-08-13,0,154,2,Corrective,Yes,Scheduled
SMMS003539,AST006401,Track Circuit,C00087,154.5,Track Circuit,Track circuit fault,Medium,2,2,1,2025-06-08,2025-07-01,0,114,5,Preventive,No,Open
SMMS003540,AST006685,Signal,C00097,21.1,Colour Light Signal,Signal failure,High,3,3,3,2025-05-31,2025-06-06,25,163,4,Preventive,Yes,Scheduled
SMMS003541,AST007365,Relay,C00031,14.6,Relay Interlocking,Relay degradation,High,4,4,3,2025-06-05,2025-06-13,18,73,2,Corrective,No,Open
SMMS003542,AST008185,Signal,C00058,3.5,Colour Light Signal,Signal failure,Medium,2,2,1,2025-06-03,2025-06-19,12,123,4,Corrective,No,Open
SMMS003543,AST007248,Relay,C00053,2.8,Relay Interlocking,Relay degradation,Medium,3,2,1,2025-06-24,2025-07-11,0,39,4,Preventive,Yes,Completed
SMMS003544,AST007503,Interlocking,C00068,53.5,Route Relay Interlocking,Interlocking inspection,Critical,4,4,5,2025-06-23,2025-06-25,6,287,5,Inspection,No,Open
SMMS003545,AST005299,Axle Counter,C00061,25.2,Axle Counter,Axle counter fault,Medium,2,2,2,2025-03-04,2025-03-21,0,132,3,Preventive,No,Completed
SMMS003546,AST008236,Point Machine,C00050,36.1,Electric Point Machine,Point machine fault,Critical,3,3,4,2025-05-15,2025-05-19,43,166,5,Corrective,Yes,Scheduled
SMMS003547,AST008281,Point Machine,C00011,220.6,Electric Point Machine,Point machine fault,Critical,4,4,5,2025-06-26,2025-06-28,3,160,4,Corrective,No,Deferred
SMMS003548,AST006238,Signal,C00007,59.4,Colour Light Signal,Signal failure,High,4,4,4,2025-06-21,2025-06-29,0,82,3,Preventive,Yes,Completed
SMMS003549,AST006813,Optical Fiber,C00100,8.3,OFC Link,Cable fault,Medium,3,2,1,2025-06-30,2025-07-21,0,90,4,Corrective,Yes,In Progress
SMMS003550,AST008378,Track Circuit,C00092,59.4,Track Circuit,Track circuit fault,Medium,3,2,2,2025-06-03,2025-06-22,9,91,4,Corrective,Yes,Scheduled
SMMS003551,AST008103,Level Crossing Signal,C00056,15.7,LC Gate Signal,Signal failure,Medium,2,3,3,2025-06-19,2025-07-05,0,131,4,Corrective,No,Open
SMMS003552,AST006111,Signal,C00028,121.1,Colour Light Signal,Signal failure,Low,3,1,1,2025-06-01,2025-07-09,0,98,2,Inspection,Yes,Open
SMMS003553,AST007734,Axle Counter,C00086,157.6,Axle Counter,Axle counter fault,Low,2,2,2,2025-06-13,2025-07-30,0,76,4,Inspection,Yes,Deferred
SMMS003554,AST006740,Track Circuit,C00063,118.1,Track Circuit,Track circuit fault,High,2,4,3,2025-05-28,2025-06-04,27,151,5,Corrective,No,Deferred
SMMS003555,AST005462,Level Crossing Signal,C00075,39.9,LC Gate Signal,Signal failure,Low,3,2,1,2025-05-20,2025-06-15,16,149,4,Corrective,No,Scheduled
SMMS003556,AST007482,Telecom Cable,C00092,91.6,Quad Cable,Cable fault,Low,2,1,2,2025-06-22,2025-07-31,0,128,2,Corrective,No,In Progress
SMMS003557,AST007551,Track Circuit,C00021,68.2,Track Circuit,Track circuit fault,Low,3,2,2,2025-03-05,2025-04-15,77,39,3,Preventive,No,Open
SMMS003558,AST006066,Optical Fiber,C00051,7.6,OFC Link,Cable fault,Medium,3,3,2,2025-06-19,2025-07-09,0,162,4,Corrective,Yes,Open
SMMS003559,AST005914,Point Machine,C00049,78.0,Electric Point Machine,Point machine fault,High,5,4,2,2025-06-11,2025-06-21,10,137,4,Preventive,Yes,In Progress
SMMS003560,AST006911,Relay,C00088,89.1,Relay Interlocking,Relay degradation,High,3,4,2,2025-06-20,2025-06-27,4,52,3,Preventive,No,Open
SMMS003561,AST008482,Track Circuit,C00010,13.0,Track Circuit,Track circuit fault,Low,2,2,1,2025-06-19,2025-07-20,0,168,4,Preventive,No,Open
SMMS003562,AST007153,Axle Counter,C00007,167.9,Axle Counter,Axle counter fault,Medium,2,2,2,2025-06-23,2025-07-15,0,107,3,Preventive,No,Completed
SMMS003563,AST007649,Interlocking,C00082,41.8,Route Relay Interlocking,Interlocking inspection,High,4,3,3,2025-05-28,2025-06-04,27,262,4,Inspection,Yes,Open
SMMS003564,AST005432,Signal,C00065,62.4,Colour Light Signal,Signal lamp/equipment replacement,High,2,4,5,2025-04-17,2025-04-27,0,109,4,Preventive,Yes,Completed
SMMS003565,AST005639,Relay,C00083,77.7,Relay Interlocking,Relay degradation,High,3,3,1,2025-06-22,2025-06-28,0,63,2,Preventive,Yes,Completed
SMMS003566,AST008406,Axle Counter,C00091,226.9,Axle Counter,Axle counter fault,Critical,4,5,3,2025-06-21,2025-06-25,6,88,2,Corrective,No,Scheduled
SMMS003567,AST008318,Axle Counter,C00047,32.7,Axle Counter,Axle counter fault,High,2,4,5,2025-06-11,2025-06-22,9,115,3,Preventive,Yes,Open
SMMS003568,AST005975,Telecom Cable,C00007,68.4,Quad Cable,Cable fault,Critical,4,4,3,2025-06-19,2025-06-22,9,215,4,Corrective,Yes,Scheduled
SMMS003569,AST008478,Signal,C00044,31.2,Colour Light Signal,Signal failure,Medium,2,1,1,2025-03-19,2025-04-03,89,112,3,Corrective,No,Open
SMMS003570,AST005900,Track Circuit,C00097,15.6,Track Circuit,Track circuit fault,Low,2,2,2,2025-06-20,2025-07-23,0,158,4,Corrective,Yes,Scheduled
SMMS003571,AST007284,Signal,C00079,38.5,Colour Light Signal,Signal lamp/equipment replacement,Medium,3,3,2,2025-06-17,2025-07-02,0,31,3,Preventive,Yes,Open
SMMS003572,AST006678,Relay,C00066,36.9,Relay Interlocking,Relay degradation,Medium,3,3,1,2025-06-17,2025-06-28,3,105,3,Corrective,No,Deferred
SMMS003573,AST005781,Relay,C00042,43.9,Relay Interlocking,Relay degradation,Low,1,2,1,2025-03-06,2025-03-31,92,113,3,Preventive,Yes,Scheduled
SMMS003574,AST006547,Signal,C00046,25.7,Colour Light Signal,Signal failure,High,4,4,3,2025-06-18,2025-06-25,6,90,4,Preventive,Yes,In Progress
SMMS003575,AST008328,Interlocking,C00036,50.3,Route Relay Interlocking,Interlocking inspection,Low,2,2,1,2025-06-19,2025-07-20,0,198,3,Inspection,No,Scheduled
SMMS003576,AST006933,Axle Counter,C00031,33.5,Axle Counter,Axle counter fault,Low,2,2,2,2025-05-29,2025-07-11,0,94,1,Corrective,Yes,Completed
SMMS003577,AST008373,Level Crossing Signal,C00084,10.0,LC Gate Signal,Signal failure,Medium,4,4,1,2025-06-19,2025-07-12,0,150,3,Corrective,No,Open
SMMS003578,AST005381,Signal,C00087,27.8,Colour Light Signal,Signal failure,High,3,4,2,2025-03-09,2025-03-14,109,132,2,Corrective,No,Scheduled
SMMS003579,AST006078,Signal,C00017,2.5,Colour Light Signal,Signal failure,Critical,5,4,2,2025-06-17,2025-06-20,11,172,1,Preventive,No,In Progress
SMMS003580,AST008441,Optical Fiber,C00074,19.0,OFC Link,Cable fault,Low,1,2,1,2025-03-13,2025-04-24,68,183,5,Preventive,No,Open
SMMS003581,AST007793,Track Circuit,C00098,2.5,Track Circuit,Track circuit fault,Medium,4,4,2,2025-06-20,2025-07-05,0,121,2,Corrective,No,Completed
SMMS003582,AST008439,Level Crossing Signal,C00063,106.9,LC Gate Signal,Signal failure,Low,2,1,2,2025-06-29,2025-07-24,0,121,5,Corrective,No,Open
SMMS003583,AST006072,Relay,C00035,87.4,Relay Interlocking,Relay degradation,Low,2,1,2,2025-06-13,2025-07-21,0,79,2,Corrective,Yes,Open
SMMS003584,AST006905,Telecom Cable,C00060,17.7,Quad Cable,Cable fault,High,5,5,5,2025-04-05,2025-04-13,79,151,4,Corrective,No,Open
SMMS003585,AST006499,Level Crossing Signal,C00053,126.9,LC Gate Signal,Signal failure,Medium,3,2,2,2025-06-28,2025-07-17,0,159,2,Preventive,Yes,Completed
SMMS003586,AST007314,Interlocking,C00054,42.5,Route Relay Interlocking,Interlocking inspection,High,4,3,2,2025-06-02,2025-06-09,22,220,4,Inspection,Yes,Open
SMMS003587,AST007453,Level Crossing Signal,C00077,18.0,LC Gate Signal,Signal failure,Critical,4,4,4,2025-06-03,2025-06-08,23,165,3,Corrective,Yes,Open
SMMS003588,AST007801,Level Crossing Signal,C00082,73.2,LC Gate Signal,Signal failure,Medium,2,3,2,2025-06-16,2025-07-01,0,130,3,Corrective,Yes,Open
SMMS003589,AST005359,Signal,C00031,79.4,Colour Light Signal,Signal lamp/equipment replacement,Medium,3,2,2,2025-04-20,2025-05-02,60,77,2,Preventive,No,Deferred
SMMS003590,AST007022,Relay,C00069,240.0,Relay Interlocking,Relay degradation,Medium,2,3,2,2025-05-22,2025-06-03,28,58,2,Preventive,Yes,Open
SMMS003591,AST008629,Signal,C00090,18.4,Colour Light Signal,Signal lamp/equipment replacement,Medium,2,3,2,2025-06-03,2025-06-20,11,115,3,Corrective,Yes,In Progress
SMMS003592,AST008031,Telecom Cable,C00060,24.8,Quad Cable,Cable fault,Low,3,2,1,2025-05-17,2025-06-21,10,150,3,Corrective,No,Open
SMMS003593,AST006912,Relay,C00068,17.1,Relay Interlocking,Relay degradation,Medium,4,3,2,2025-05-17,2025-06-01,30,79,2,Preventive,No,Open
SMMS003594,AST008375,Relay,C00054,25.8,Relay Interlocking,Relay degradation,Medium,3,2,2,2025-04-13,2025-04-24,68,75,2,Corrective,Yes,Open
SMMS003595,AST006661,Level Crossing Signal,C00077,46.3,LC Gate Signal,Signal failure,Critical,4,5,3,2025-04-01,2025-04-05,0,80,3,Corrective,No,Completed
SMMS003596,AST008621,Axle Counter,C00032,1.1,Axle Counter,Axle counter fault,High,4,4,2,2025-06-13,2025-06-18,13,66,3,Preventive,Yes,Open
SMMS003597,AST005329,Telecom Cable,C00089,56.2,Quad Cable,Cable fault,Medium,3,3,3,2025-05-25,2025-06-13,18,225,2,Corrective,No,Open
SMMS003598,AST007380,Telecom Cable,C00020,0.1,Quad Cable,Cable fault,Medium,2,3,3,2025-06-26,2025-07-19,0,171,5,Corrective,Yes,Open
SMMS003599,AST008518,Track Circuit,C00018,31.4,Track Circuit,Track circuit fault,Low,2,1,1,2025-06-29,2025-07-31,0,77,4,Corrective,Yes,Deferred
SMMS003600,AST006785,Axle Counter,C00021,33.0,Axle Counter,Axle counter fault,Low,2,1,2,2025-05-24,2025-07-10,0,112,2,Inspection,No,In Progress
SMMS003601,AST008195,Level Crossing Signal,C00085,227.9,LC Gate Signal,Signal failure,Critical,3,4,2,2025-06-28,2025-07-02,0,196,4,Corrective,Yes,Open
SMMS003602,AST006059,Telecom Cable,C00042,65.8,Quad Cable,Cable fault,Critical,3,4,3,2025-06-17,2025-06-21,10,158,3,Corrective,Yes,Open
SMMS003603,AST007396,Optical Fiber,C00018,69.5,OFC Link,Cable fault,Critical,4,3,3,2025-05-18,2025-05-21,41,137,3,Corrective,No,Open
SMMS003604,AST006179,Track Circuit,C00027,76.2,Track Circuit,Track circuit fault,Medium,4,2,2,2025-06-12,2025-07-03,0,123,4,Preventive,Yes,Open
SMMS003605,AST007209,Level Crossing Signal,C00087,18.5,LC Gate Signal,Signal failure,Medium,1,3,1,2025-05-18,2025-06-09,22,86,5,Preventive,Yes,Open
SMMS003606,AST007293,Telecom Cable,C00043,1.2,Quad Cable,Cable fault,Low,3,2,2,2025-06-29,2025-08-02,0,176,3,Corrective,No,In Progress
SMMS003607,AST007098,Level Crossing Signal,C00090,17.2,LC Gate Signal,Signal failure,Low,2,1,2,2025-06-03,2025-06-26,5,116,2,Preventive,Yes,Scheduled
SMMS003608,AST007210,Interlocking,C00095,68.9,Route Relay Interlocking,Interlocking inspection,Low,3,2,2,2025-05-05,2025-05-29,33,260,4,Inspection,Yes,Open
SMMS003609,AST005788,Track Circuit,C00086,25.5,Track Circuit,Track circuit fault,Critical,4,5,4,2025-06-07,2025-06-11,0,127,3,Corrective,Yes,Completed
SMMS003610,AST006219,Level Crossing Signal,C00050,57.2,LC Gate Signal,Signal failure,Medium,3,3,2,2025-06-20,2025-07-06,0,174,3,Corrective,Yes,Open
SMMS003611,AST008496,Track Circuit,C00052,22.9,Track Circuit,Track circuit fault,Medium,3,3,3,2025-06-26,2025-07-18,0,82,2,Preventive,No,Open
SMMS003612,AST008106,Telecom Cable,C00049,18.4,Quad Cable,Cable fault,Medium,4,3,3,2025-06-18,2025-07-03,0,191,4,Preventive,Yes,Open
SMMS003613,AST007610,Signal,C00063,2.5,Colour Light Signal,Signal failure,Medium,3,3,2,2025-06-12,2025-06-28,0,76,3,Corrective,Yes,Completed
SMMS003614,AST008044,Point Machine,C00044,2.0,Electric Point Machine,Point machine fault,Medium,3,2,1,2025-06-16,2025-07-04,0,142,4,Preventive,No,Completed
SMMS003615,AST005631,Axle Counter,C00015,20.3,Axle Counter,Axle counter fault,Low,3,2,1,2025-06-16,2025-07-23,0,83,4,Preventive,Yes,In Progress
SMMS003616,AST005828,Telecom Cable,C00076,128.6,Quad Cable,Cable fault,High,3,4,2,2025-06-21,2025-06-29,0,119,4,Corrective,Yes,Completed
SMMS003617,AST008268,Signal,C00031,88.4,Colour Light Signal,Signal failure,Medium,1,2,3,2025-05-18,2025-06-05,26,68,3,Preventive,Yes,Deferred
SMMS003618,AST006894,Relay,C00044,53.4,Relay Interlocking,Relay degradation,Low,1,1,2,2025-05-21,2025-06-25,6,86,1,Preventive,No,Open
SMMS003619,AST006978,Level Crossing Signal,C00019,9.3,LC Gate Signal,Signal failure,Low,3,2,1,2025-06-20,2025-08-04,0,115,2,Inspection,No,Scheduled
SMMS003620,AST007587,Axle Counter,C00022,23.5,Axle Counter,Axle counter fault,Critical,3,4,3,2025-06-26,2025-06-30,1,221,1,Corrective,No,Open
SMMS003621,AST007228,Level Crossing Signal,C00019,40.3,LC Gate Signal,Signal failure,Medium,3,3,2,2025-05-27,2025-06-15,16,100,4,Preventive,Yes,Scheduled
SMMS003622,AST005948,Axle Counter,C00095,82.1,Axle Counter,Axle counter fault,Critical,4,4,5,2025-06-10,2025-06-12,19,107,3,Preventive,No,Open
SMMS003623,AST005455,Track Circuit,C00006,0.6,Track Circuit,Track circuit fault,Medium,4,3,3,2025-06-22,2025-07-06,0,92,3,Corrective,Yes,Open
SMMS003624,AST006200,Telecom Cable,C00003,43.1,Quad Cable,Cable fault,Low,2,3,1,2025-06-08,2025-07-23,0,172,5,Corrective,No,Completed
SMMS003625,AST008289,Point Machine,C00046,0.2,Electric Point Machine,Point machine fault,Critical,5,3,4,2025-06-20,2025-06-24,7,191,3,Preventive,No,Open
SMMS003626,AST005324,Signal,C00086,137.1,Colour Light Signal,Signal lamp/equipment replacement,Low,2,2,1,2025-05-03,2025-06-07,24,71,2,Inspection,Yes,Open
SMMS003627,AST008274,Level Crossing Signal,C00082,58.1,LC Gate Signal,Signal failure,Low,3,1,1,2025-06-21,2025-07-24,0,93,5,Corrective,Yes,Open
SMMS003628,AST007135,Interlocking,C00065,15.5,Route Relay Interlocking,Interlocking inspection,Medium,4,2,2,2025-05-18,2025-05-31,31,135,5,Inspection,No,Open
SMMS003629,AST005952,Relay,C00028,86.1,Relay Interlocking,Relay degradation,Medium,2,2,3,2025-03-13,2025-03-30,93,57,2,Preventive,No,Scheduled
SMMS003630,AST006408,Optical Fiber,C00083,25.1,OFC Link,Cable fault,High,4,2,1,2025-06-20,2025-06-25,6,201,3,Corrective,No,Open
SMMS003631,AST007723,Interlocking,C00049,112.5,Route Relay Interlocking,Interlocking inspection,Critical,4,5,3,2025-06-12,2025-06-15,16,156,5,Inspection,No,Open
SMMS003632,AST006281,Interlocking,C00074,9.2,Route Relay Interlocking,Interlocking inspection,Medium,1,3,1,2025-05-21,2025-06-07,24,236,5,Inspection,Yes,Deferred
SMMS003633,AST007399,Telecom Cable,C00089,31.6,Quad Cable,Cable fault,High,3,3,3,2025-06-25,2025-07-02,0,238,2,Preventive,Yes,Scheduled
SMMS003634,AST007008,Interlocking,C00077,25.9,Route Relay Interlocking,Interlocking inspection,High,4,4,2,2025-04-29,2025-05-08,0,212,4,Inspection,No,Completed
SMMS003635,AST008311,Optical Fiber,C00054,11.8,OFC Link,Cable fault,High,3,4,2,2025-06-28,2025-07-06,0,146,2,Preventive,No,Completed
SMMS003636,AST008227,Axle Counter,C00016,55.3,Axle Counter,Axle counter fault,Medium,3,2,2,2025-06-28,2025-07-15,0,162,4,Preventive,Yes,Open
SMMS003637,AST006832,Track Circuit,C00096,128.8,Track Circuit,Track circuit fault,Medium,3,2,2,2025-06-09,2025-07-01,0,155,4,Corrective,Yes,Open
SMMS003638,AST006543,Interlocking,C00074,13.0,Route Relay Interlocking,Interlocking inspection,Critical,3,4,5,2025-06-03,2025-06-06,25,268,3,Inspection,Yes,In Progress
SMMS003639,AST006138,Point Machine,C00099,5.0,Electric Point Machine,Point machine fault,Medium,3,2,2,2025-06-25,2025-07-11,0,151,5,Preventive,Yes,Scheduled
SMMS003640,AST006543,Interlocking,C00074,13.0,Route Relay Interlocking,Interlocking inspection,Critical,3,5,3,2025-06-06,2025-06-10,0,230,2,Inspection,Yes,Completed
SMMS003641,AST006887,Point Machine,C00028,139.1,Electric Point Machine,Point machine fault,Medium,3,4,1,2025-06-26,2025-07-16,0,141,4,Preventive,No,In Progress
SMMS003642,AST007506,Interlocking,C00094,151.7,Route Relay Interlocking,Interlocking inspection,Medium,2,3,3,2025-03-09,2025-03-24,99,208,4,Inspection,No,Open
SMMS003643,AST007399,Telecom Cable,C00089,31.6,Quad Cable,Cable fault,High,4,4,3,2025-06-01,2025-06-09,0,202,2,Preventive,Yes,Completed
SMMS003644,AST007742,Axle Counter,C00020,63.7,Axle Counter,Axle counter fault,Medium,2,3,1,2025-06-23,2025-07-06,0,72,2,Corrective,No,Scheduled
SMMS003645,AST005832,Interlocking,C00022,162.3,Route Relay Interlocking,Interlocking inspection,Medium,3,3,2,2025-06-17,2025-07-04,0,169,3,Inspection,Yes,Open
SMMS003646,AST008139,Relay,C00066,34.8,Relay Interlocking,Relay degradation,Low,2,2,1,2025-05-19,2025-06-22,9,171,3,Preventive,No,Scheduled
SMMS003647,AST005886,Axle Counter,C00005,80.7,Axle Counter,Axle counter fault,Critical,3,5,4,2025-06-21,2025-06-24,7,117,2,Preventive,No,In Progress
SMMS003648,AST005487,Signal,C00053,69.6,Colour Light Signal,Signal failure,Low,4,2,3,2025-06-13,2025-07-14,0,123,4,Preventive,Yes,Open
SMMS003649,AST007364,Level Crossing Signal,C00057,100.9,LC Gate Signal,Signal failure,Medium,3,3,3,2025-03-07,2025-03-22,101,86,3,Corrective,Yes,Open
SMMS003650,AST007071,Level Crossing Signal,C00066,43.0,LC Gate Signal,Signal failure,Medium,2,2,2,2025-03-19,2025-04-11,81,98,2,Preventive,Yes,Open
SMMS003651,AST006151,Level Crossing Signal,C00084,146.1,LC Gate Signal,Signal failure,Critical,5,4,3,2025-05-30,2025-06-02,29,105,2,Corrective,No,In Progress
SMMS003652,AST006118,Telecom Cable,C00027,26.2,Quad Cable,Cable fault,Medium,2,3,2,2025-03-30,2025-04-17,75,205,4,Corrective,No,In Progress
SMMS003653,AST008152,Track Circuit,C00037,57.2,Track Circuit,Track circuit fault,Low,2,2,1,2025-06-23,2025-07-30,0,183,3,Inspection,Yes,Open
SMMS003654,AST008268,Signal,C00031,88.4,Colour Light Signal,Signal lamp/equipment replacement,High,4,3,3,2025-06-21,2025-07-01,0,124,5,Corrective,No,Scheduled
SMMS003655,AST007272,Level Crossing Signal,C00068,10.9,LC Gate Signal,Signal failure,Low,2,2,1,2025-06-21,2025-08-09,0,124,3,Corrective,Yes,Scheduled
SMMS003656,AST005635,Point Machine,C00047,17.2,Electric Point Machine,Point machine fault,Medium,3,3,3,2025-05-18,2025-06-05,26,126,3,Preventive,No,In Progress
SMMS003657,AST007309,Axle Counter,C00029,62.6,Axle Counter,Axle counter fault,Medium,4,3,3,2025-03-26,2025-04-07,85,68,2,Preventive,No,Open
SMMS003658,AST005557,Optical Fiber,C00034,32.0,OFC Link,Cable fault,Low,3,1,2,2025-05-20,2025-06-28,3,123,4,Preventive,No,Scheduled
SMMS003659,AST005797,Telecom Cable,C00005,117.9,Quad Cable,Cable fault,Low,2,2,2,2025-04-27,2025-06-04,27,149,4,Corrective,No,Scheduled
SMMS003660,AST007300,Telecom Cable,C00088,59.6,Quad Cable,Cable fault,High,3,3,2,2025-06-19,2025-06-29,2,188,2,Preventive,Yes,Scheduled
SMMS003661,AST006135,Level Crossing Signal,C00026,103.7,LC Gate Signal,Signal failure,Medium,2,4,1,2025-05-24,2025-06-09,22,114,2,Corrective,No,Open
SMMS003662,AST008625,Level Crossing Signal,C00050,4.4,LC Gate Signal,Signal failure,Medium,3,2,3,2025-05-23,2025-06-06,25,72,5,Preventive,Yes,Open
SMMS003663,AST007473,Relay,C00005,87.6,Relay Interlocking,Relay degradation,High,4,3,4,2025-05-26,2025-06-02,0,134,4,Preventive,Yes,Completed
SMMS003664,AST008487,Interlocking,C00001,267.3,Route Relay Interlocking,Interlocking inspection,Medium,3,3,1,2025-06-16,2025-07-03,0,158,5,Inspection,No,Open
SMMS003665,AST005864,Point Machine,C00065,18.9,Electric Point Machine,Point machine fault,Low,3,1,1,2025-06-12,2025-07-15,0,134,3,Preventive,Yes,Deferred
SMMS003666,AST005827,Telecom Cable,C00011,201.5,Quad Cable,Cable fault,High,2,3,1,2025-06-21,2025-06-28,3,154,3,Preventive,Yes,Open
SMMS003667,AST006459,Telecom Cable,C00067,117.4,Quad Cable,Cable fault,Medium,4,2,1,2025-04-24,2025-05-11,51,162,4,Preventive,No,In Progress
SMMS003668,AST006325,Relay,C00077,41.9,Relay Interlocking,Relay degradation,Medium,3,2,2,2025-06-26,2025-07-11,0,105,1,Preventive,No,In Progress
SMMS003669,AST008443,Telecom Cable,C00045,5.4,Quad Cable,Cable fault,Medium,5,3,2,2025-05-28,2025-06-20,11,182,3,Corrective,No,Open
SMMS003670,AST007152,Point Machine,C00040,103.4,Electric Point Machine,Point machine fault,Low,2,1,3,2025-04-08,2025-05-08,54,149,3,Preventive,Yes,Open
SMMS003671,AST007683,Telecom Cable,C00068,33.7,Quad Cable,Cable fault,High,4,5,1,2025-06-16,2025-06-27,0,229,4,Preventive,Yes,Completed
SMMS003672,AST007018,Axle Counter,C00011,267.3,Axle Counter,Axle counter fault,Low,3,2,3,2025-05-19,2025-06-28,0,61,1,Preventive,Yes,Completed
SMMS003673,AST006283,Axle Counter,C00038,15.7,Axle Counter,Axle counter fault,Low,1,2,1,2025-06-17,2025-07-16,0,72,2,Preventive,Yes,Completed
SMMS003674,AST008005,Relay,C00044,0.3,Relay Interlocking,Relay degradation,Medium,3,3,1,2025-05-29,2025-06-23,8,70,3,Preventive,Yes,Open
SMMS003675,AST007526,Interlocking,C00095,89.6,Route Relay Interlocking,Interlocking inspection,Low,2,1,2,2025-05-31,2025-07-07,0,180,4,Inspection,Yes,Scheduled
SMMS003676,AST005942,Axle Counter,C00062,55.7,Axle Counter,Axle counter fault,High,3,4,3,2025-06-27,2025-07-02,0,100,4,Preventive,Yes,Open
SMMS003677,AST008040,Level Crossing Signal,C00087,63.0,LC Gate Signal,Signal failure,Low,1,1,1,2025-05-14,2025-06-15,16,91,2,Inspection,No,Open
SMMS003678,AST006545,Track Circuit,C00084,306.0,Track Circuit,Track circuit fault,High,5,4,2,2025-06-05,2025-06-11,0,128,3,Corrective,Yes,Completed
SMMS003679,AST005834,Interlocking,C00031,63.8,Route Relay Interlocking,Interlocking inspection,Low,1,2,1,2025-06-16,2025-07-24,0,208,5,Inspection,Yes,Open
SMMS003680,AST006923,Relay,C00002,63.7,Relay Interlocking,Relay degradation,Medium,2,2,3,2025-05-29,2025-06-16,15,100,4,Corrective,No,Open
SMMS003681,AST007753,Relay,C00037,68.5,Relay Interlocking,Relay degradation,Low,4,2,1,2025-06-13,2025-07-15,0,156,2,Preventive,No,In Progress
SMMS003682,AST007401,Track Circuit,C00047,26.2,Track Circuit,Track circuit fault,High,3,4,2,2025-06-18,2025-06-26,5,152,5,Corrective,No,Open
SMMS003683,AST008035,Telecom Cable,C00062,30.1,Quad Cable,Cable fault,High,4,3,3,2025-06-16,2025-06-21,10,173,3,Corrective,No,In Progress
SMMS003684,AST006992,Level Crossing Signal,C00070,17.6,LC Gate Signal,Signal failure,Medium,5,4,2,2025-06-21,2025-07-07,0,64,4,Corrective,Yes,Completed
SMMS003685,AST006987,Interlocking,C00100,6.1,Route Relay Interlocking,Interlocking inspection,Low,2,2,1,2025-06-29,2025-07-26,0,170,6,Inspection,No,Open
SMMS003686,AST007837,Point Machine,C00083,17.3,Electric Point Machine,Point machine fault,High,2,5,3,2025-06-14,2025-06-24,7,145,3,Preventive,No,Scheduled
SMMS003687,AST007625,Level Crossing Signal,C00078,15.3,LC Gate Signal,Signal failure,High,4,3,3,2025-05-20,2025-05-28,34,147,2,Corrective,Yes,Scheduled
SMMS003688,AST008545,Track Circuit,C00001,219.3,Track Circuit,Track circuit fault,Low,3,2,1,2025-06-06,2025-07-08,0,88,3,Preventive,No,Open
SMMS003689,AST007300,Telecom Cable,C00088,59.6,Quad Cable,Cable fault,Medium,4,3,2,2025-06-19,2025-07-05,0,200,3,Preventive,No,Open
SMMS003690,AST005645,Interlocking,C00069,219.1,Route Relay Interlocking,Interlocking inspection,High,3,4,4,2025-05-18,2025-05-25,37,237,4,Inspection,No,Scheduled
SMMS003691,AST008182,Level Crossing Signal,C00048,33.1,LC Gate Signal,Signal failure,Low,2,2,1,2025-06-14,2025-07-15,0,170,3,Corrective,Yes,Deferred
SMMS003692,AST007329,Axle Counter,C00016,20.4,Axle Counter,Axle counter fault,Critical,5,4,3,2025-06-22,2025-06-24,7,108,1,Corrective,No,In Progress
SMMS003693,AST005834,Interlocking,C00031,63.8,Route Relay Interlocking,Interlocking inspection,Low,2,2,1,2025-03-28,2025-05-01,0,217,4,Inspection,Yes,Completed
SMMS003694,AST007393,Optical Fiber,C00010,82.4,OFC Link,Cable fault,Low,3,1,1,2025-06-27,2025-08-05,0,84,3,Preventive,Yes,In Progress
SMMS003695,AST005948,Axle Counter,C00095,82.1,Axle Counter,Axle counter fault,Medium,2,2,3,2025-06-19,2025-07-06,0,69,4,Preventive,Yes,Open
SMMS003696,AST007749,Relay,C00018,87.7,Relay Interlocking,Relay degradation,Critical,5,3,4,2025-05-21,2025-05-25,37,130,3,Preventive,Yes,Scheduled
SMMS003697,AST005452,Signal,C00012,105.3,Colour Light Signal,Signal lamp/equipment replacement,Low,3,1,2,2025-06-22,2025-08-03,0,97,2,Corrective,Yes,Completed
SMMS003698,AST005377,Signal,C00089,60.8,Colour Light Signal,Signal failure,Low,3,1,2,2025-06-23,2025-08-03,0,151,3,Preventive,Yes,Scheduled
SMMS003699,AST007371,Level Crossing Signal,C00098,3.9,LC Gate Signal,Signal failure,Medium,3,2,2,2025-04-30,2025-05-18,44,96,3,Preventive,No,Scheduled
SMMS003700,AST006972,Level Crossing Signal,C00062,1.0,LC Gate Signal,Signal failure,Low,3,2,2,2025-05-20,2025-06-16,0,157,2,Preventive,No,Completed
SMMS003701,AST007937,Relay,C00100,5.9,Relay Interlocking,Relay degradation,Low,2,3,1,2025-06-07,2025-07-19,0,76,3,Corrective,Yes,Deferred
SMMS003702,AST007102,Point Machine,C00077,42.3,Electric Point Machine,Point machine fault,Low,3,3,2,2025-06-24,2025-07-21,0,207,4,Corrective,No,Open
SMMS003703,AST005334,Signal,C00099,0.8,Colour Light Signal,Signal failure,Low,2,1,2,2025-06-28,2025-08-02,0,160,4,Preventive,No,Completed
SMMS003704,AST006993,Telecom Cable,C00074,5.6,Quad Cable,Cable fault,Medium,3,2,1,2025-06-25,2025-07-09,0,178,4,Corrective,Yes,Deferred
SMMS003705,AST006762,Track Circuit,C00043,1.0,Track Circuit,Track circuit fault,Critical,3,4,3,2025-06-08,2025-06-11,20,214,4,Corrective,No,Open
SMMS003706,AST006690,Point Machine,C00031,3.3,Electric Point Machine,Point machine fault,Critical,3,5,4,2025-06-07,2025-06-09,0,201,5,Corrective,No,Completed
SMMS003707,AST007079,Axle Counter,C00022,175.0,Axle Counter,Axle counter fault,High,2,3,2,2025-06-05,2025-06-13,18,107,2,Corrective,No,Open
SMMS003708,AST006421,Track Circuit,C00001,357.3,Track Circuit,Track circuit fault,High,3,3,2,2025-06-28,2025-07-04,0,75,2,Preventive,Yes,Open
SMMS003709,AST005759,Interlocking,C00078,1.2,Route Relay Interlocking,Interlocking inspection,High,3,4,3,2025-05-01,2025-05-06,56,249,5,Inspection,No,Scheduled
SMMS003710,AST005337,Optical Fiber,C00046,12.3,OFC Link,Cable fault,Medium,2,3,3,2025-06-15,2025-07-01,0,130,2,Preventive,Yes,Completed
SMMS003711,AST006767,Level Crossing Signal,C00071,11.3,LC Gate Signal,Signal failure,Medium,3,3,2,2025-06-13,2025-06-30,1,68,3,Preventive,No,Open
SMMS003712,AST006025,Optical Fiber,C00037,0.8,OFC Link,Cable fault,Low,3,2,1,2025-06-14,2025-07-12,0,120,4,Inspection,Yes,Completed
SMMS003713,AST006618,Interlocking,C00100,5.3,Route Relay Interlocking,Interlocking inspection,Low,2,2,1,2025-06-10,2025-07-03,0,208,5,Inspection,Yes,In Progress
SMMS003714,AST007568,Optical Fiber,C00074,1.5,OFC Link,Cable fault,Critical,4,4,4,2025-05-29,2025-06-02,0,171,4,Preventive,No,Completed
SMMS003715,AST007156,Optical Fiber,C00096,117.2,OFC Link,Cable fault,Low,1,1,2,2025-06-16,2025-07-29,0,136,4,Inspection,Yes,Open
SMMS003716,AST006642,Relay,C00095,29.0,Relay Interlocking,Relay degradation,Low,4,2,3,2025-05-20,2025-06-18,13,92,4,Preventive,No,Deferred
SMMS003717,AST006760,Point Machine,C00055,99.9,Electric Point Machine,Point machine fault,Low,4,1,1,2025-03-09,2025-04-18,74,150,3,Preventive,No,Open
SMMS003718,AST005770,Optical Fiber,C00061,44.8,OFC Link,Cable fault,Medium,2,3,2,2025-06-23,2025-07-10,0,128,4,Corrective,Yes,Completed
SMMS003719,AST008593,Point Machine,C00097,12.5,Electric Point Machine,Point machine fault,Low,3,1,2,2025-06-19,2025-07-29,0,133,2,Preventive,No,Scheduled
SMMS003720,AST006703,Axle Counter,C00052,30.5,Axle Counter,Axle counter fault,Critical,4,5,3,2025-06-14,2025-06-16,15,108,5,Preventive,Yes,Open
SMMS003721,AST007376,Axle Counter,C00098,4.1,Axle Counter,Axle counter fault,High,4,3,3,2025-06-16,2025-06-27,4,92,4,Corrective,Yes,Open
SMMS003722,AST008636,Track Circuit,C00059,15.6,Track Circuit,Track circuit fault,Low,1,1,1,2025-06-26,2025-08-02,0,106,4,Preventive,Yes,In Progress
SMMS003723,AST005795,Point Machine,C00036,30.0,Electric Point Machine,Point machine fault,Medium,3,3,1,2025-06-15,2025-07-07,0,86,1,Preventive,No,In Progress
SMMS003724,AST005504,Point Machine,C00067,3.6,Electric Point Machine,Point machine fault,Low,1,1,2,2025-06-20,2025-07-15,0,99,3,Corrective,No,Open
SMMS003725,AST006207,Telecom Cable,C00050,8.1,Quad Cable,Cable fault,High,5,3,3,2025-06-19,2025-06-26,5,135,4,Corrective,Yes,In Progress
SMMS003726,AST007057,Signal,C00025,195.6,Colour Light Signal,Signal lamp/equipment replacement,Low,3,2,2,2025-06-13,2025-07-21,0,39,3,Inspection,Yes,Scheduled
SMMS003727,AST006257,Track Circuit,C00072,88.4,Track Circuit,Track circuit fault,Low,2,1,2,2025-06-27,2025-07-21,0,157,3,Corrective,Yes,Open
SMMS003728,AST005453,Telecom Cable,C00058,9.7,Quad Cable,Cable fault,Medium,4,2,2,2025-06-09,2025-06-25,6,236,3,Preventive,No,Scheduled
SMMS003729,AST006529,Level Crossing Signal,C00052,173.5,LC Gate Signal,Signal failure,Low,3,2,2,2025-06-30,2025-08-08,0,58,3,Corrective,No,Open
SMMS003730,AST007897,Optical Fiber,C00045,147.7,OFC Link,Cable fault,Medium,4,3,3,2025-06-16,2025-07-05,0,148,3,Preventive,Yes,Completed
SMMS003731,AST005998,Point Machine,C00076,128.6,Electric Point Machine,Point machine fault,High,2,3,4,2025-04-28,2025-05-07,55,162,5,Preventive,Yes,Scheduled
SMMS003732,AST005455,Track Circuit,C00006,0.6,Track Circuit,Track circuit fault,Medium,4,3,2,2025-06-18,2025-07-08,0,167,2,Preventive,No,Scheduled
SMMS003733,AST007164,Optical Fiber,C00041,17.2,OFC Link,Cable fault,Low,3,2,2,2025-06-17,2025-07-23,0,93,4,Preventive,No,Completed
SMMS003734,AST006839,Relay,C00065,11.6,Relay Interlocking,Relay degradation,Medium,3,2,2,2025-05-20,2025-06-08,23,82,1,Corrective,Yes,Scheduled
SMMS003735,AST005290,Level Crossing Signal,C00038,192.4,LC Gate Signal,Signal failure,Medium,2,2,1,2025-06-03,2025-06-28,3,129,3,Preventive,No,In Progress
SMMS003736,AST006260,Telecom Cable,C00008,10.4,Quad Cable,Cable fault,High,4,4,2,2025-06-08,2025-06-18,13,188,6,Preventive,No,Open
SMMS003737,AST008444,Track Circuit,C00076,127.7,Track Circuit,Track circuit fault,Low,2,3,1,2025-05-29,2025-07-14,0,134,1,Preventive,Yes,Completed
SMMS003738,AST006223,Interlocking,C00053,73.3,Route Relay Interlocking,Interlocking inspection,Medium,2,3,2,2025-06-23,2025-07-08,0,145,3,Inspection,Yes,Open
SMMS003739,AST008620,Level Crossing Signal,C00012,95.6,LC Gate Signal,Signal failure,Medium,3,2,2,2025-04-23,2025-05-11,51,110,4,Corrective,No,Open
SMMS003740,AST006440,Relay,C00020,27.2,Relay Interlocking,Relay degradation,High,2,3,3,2025-03-16,2025-03-22,101,82,2,Corrective,Yes,Scheduled
SMMS003741,AST008192,Level Crossing Signal,C00047,9.9,LC Gate Signal,Signal failure,Medium,4,2,1,2025-05-19,2025-06-06,25,60,2,Corrective,Yes,Open
SMMS003742,AST006227,Interlocking,C00029,14.1,Route Relay Interlocking,Interlocking inspection,High,2,3,3,2025-06-29,2025-07-07,0,196,4,Inspection,Yes,Completed
SMMS003743,AST007135,Interlocking,C00065,15.5,Route Relay Interlocking,Interlocking inspection,Critical,3,4,2,2025-06-30,2025-07-02,0,267,5,Inspection,Yes,Open
SMMS003744,AST006182,Signal,C00029,29.4,Colour Light Signal,Signal lamp/equipment replacement,Low,3,2,2,2025-04-08,2025-05-04,58,92,3,Preventive,No,Scheduled
SMMS003745,AST005543,Axle Counter,C00029,99.2,Axle Counter,Axle counter fault,Low,2,2,2,2025-06-21,2025-07-30,0,81,5,Preventive,No,Deferred
SMMS003746,AST005607,Optical Fiber,C00042,56.8,OFC Link,Cable fault,Medium,3,3,2,2025-05-23,2025-06-11,20,161,3,Preventive,No,Open
SMMS003747,AST005823,Interlocking,C00055,85.1,Route Relay Interlocking,Interlocking inspection,Critical,4,4,3,2025-06-08,2025-06-11,20,195,4,Inspection,Yes,Scheduled
SMMS003748,AST005679,Interlocking,C00078,61.2,Route Relay Interlocking,Interlocking inspection,Low,4,2,2,2025-06-24,2025-08-03,0,228,3,Inspection,Yes,Open
SMMS003749,AST005625,Signal,C00050,12.4,Colour Light Signal,Signal failure,Critical,3,5,5,2025-06-30,2025-07-05,0,189,4,Corrective,No,Open
SMMS003750,AST006718,Telecom Cable,C00032,9.5,Quad Cable,Cable fault,High,4,3,3,2025-05-31,2025-06-09,0,221,3,Preventive,No,Completed
SMMS003751,AST008310,Telecom Cable,C00040,0.7,Quad Cable,Cable fault,High,3,5,4,2025-06-18,2025-06-25,6,218,4,Preventive,Yes,In Progress
SMMS003752,AST007279,Point Machine,C00046,15.8,Electric Point Machine,Point machine fault,High,4,4,3,2025-06-13,2025-06-21,10,182,3,Preventive,Yes,Open
SMMS003753,AST005744,Track Circuit,C00067,51.0,Track Circuit,Track circuit fault,High,4,5,4,2025-05-24,2025-06-01,30,177,5,Preventive,Yes,Open
SMMS003754,AST007743,Optical Fiber,C00062,16.8,OFC Link,Cable fault,Low,2,2,2,2025-06-10,2025-07-25,0,129,3,Preventive,Yes,In Progress
SMMS003755,AST006556,Axle Counter,C00069,226.1,Axle Counter,Axle counter fault,High,4,4,3,2025-03-17,2025-03-22,101,112,3,Preventive,Yes,Open
SMMS003756,AST005458,Point Machine,C00050,42.0,Electric Point Machine,Point machine fault,High,3,4,2,2025-06-02,2025-06-12,19,109,3,Preventive,Yes,Scheduled
SMMS003757,AST007377,Point Machine,C00045,15.5,Electric Point Machine,Point machine fault,Low,2,1,2,2025-06-27,2025-08-02,0,121,4,Corrective,No,Open
SMMS003758,AST006795,Track Circuit,C00084,258.0,Track Circuit,Track circuit fault,High,3,4,2,2025-06-28,2025-07-08,0,146,2,Corrective,Yes,Open
SMMS003759,AST007237,Telecom Cable,C00026,247.9,Quad Cable,Cable fault,Low,2,2,2,2025-05-20,2025-07-06,0,126,3,Preventive,Yes,Completed
SMMS003760,AST006451,Point Machine,C00065,2.0,Electric Point Machine,Point machine fault,Medium,3,3,1,2025-06-21,2025-07-08,0,192,3,Corrective,No,Scheduled
SMMS003761,AST006837,Relay,C00075,128.7,Relay Interlocking,Relay degradation,Critical,4,4,2,2025-06-20,2025-06-23,8,147,5,Preventive,Yes,Scheduled
SMMS003762,AST008342,Signal,C00013,117.6,Colour Light Signal,Signal lamp/equipment replacement,High,4,3,2,2025-05-27,2025-06-05,26,73,3,Preventive,No,Open
SMMS003763,AST008142,Track Circuit,C00028,4.0,Track Circuit,Track circuit fault,Low,2,1,2,2025-04-15,2025-05-21,0,131,4,Preventive,No,Completed
SMMS003764,AST008571,Track Circuit,C00047,9.9,Track Circuit,Track circuit fault,Low,3,1,1,2025-04-26,2025-06-04,27,132,2,Corrective,No,Open
SMMS003765,AST005465,Interlocking,C00068,3.1,Route Relay Interlocking,Interlocking inspection,Low,3,2,1,2025-06-27,2025-07-23,0,198,4,Inspection,No,Completed
SMMS003766,AST006742,Point Machine,C00010,57.1,Electric Point Machine,Point machine fault,Low,2,2,1,2025-05-18,2025-07-05,0,114,3,Corrective,Yes,Open
SMMS003767,AST006462,Track Circuit,C00078,25.7,Track Circuit,Track circuit fault,Low,2,1,1,2025-06-23,2025-07-18,0,161,4,Inspection,Yes,Completed
SMMS003768,AST006396,Signal,C00050,11.5,Colour Light Signal,Signal failure,Medium,3,2,1,2025-06-22,2025-07-15,0,120,2,Corrective,Yes,Completed
SMMS003769,AST006362,Point Machine,C00064,58.7,Electric Point Machine,Point machine fault,Medium,3,3,3,2025-06-28,2025-07-14,0,95,2,Corrective,Yes,Completed
SMMS003770,AST005905,Point Machine,C00037,73.8,Electric Point Machine,Point machine fault,Medium,2,4,2,2025-06-22,2025-07-10,0,189,3,Corrective,No,Completed
SMMS003771,AST007773,Level Crossing Signal,C00036,25.8,LC Gate Signal,Signal failure,High,2,3,2,2025-05-29,2025-06-04,27,145,4,Preventive,Yes,Scheduled
SMMS003772,AST007765,Optical Fiber,C00026,191.6,OFC Link,Cable fault,Low,2,1,1,2025-03-24,2025-05-08,54,70,2,Corrective,Yes,Scheduled
SMMS003773,AST007903,Optical Fiber,C00063,60.5,OFC Link,Cable fault,Medium,3,2,1,2025-06-08,2025-06-20,11,280,4,Corrective,No,Open
SMMS003774,AST007551,Track Circuit,C00021,68.2,Track Circuit,Track circuit fault,Medium,3,3,3,2025-03-17,2025-04-05,87,113,5,Preventive,No,Open
SMMS003775,AST008261,Relay,C00048,123.4,Relay Interlocking,Relay degradation,Low,2,2,1,2025-06-24,2025-07-30,0,35,3,Preventive,Yes,Open
SMMS003776,AST006529,Level Crossing Signal,C00052,173.5,LC Gate Signal,Signal failure,Low,3,1,1,2025-06-10,2025-07-19,0,103,3,Preventive,No,Open
SMMS003777,AST007346,Relay,C00013,53.4,Relay Interlocking,Relay degradation,Medium,2,2,2,2025-04-18,2025-05-05,57,63,2,Preventive,Yes,In Progress
SMMS003778,AST007840,Level Crossing Signal,C00067,128.3,LC Gate Signal,Signal failure,Medium,4,3,1,2025-05-22,2025-06-06,25,119,3,Preventive,Yes,Scheduled
SMMS003779,AST005967,Track Circuit,C00041,16.2,Track Circuit,Track circuit fault,Medium,3,4,2,2025-06-15,2025-06-30,1,126,3,Preventive,No,Scheduled
SMMS003780,AST008573,Relay,C00040,88.8,Relay Interlocking,Relay degradation,Medium,2,3,3,2025-06-07,2025-06-22,9,102,2,Preventive,No,Scheduled
SMMS003781,AST006650,Relay,C00082,69.0,Relay Interlocking,Relay degradation,High,5,4,2,2025-06-20,2025-06-28,3,151,3,Preventive,No,Open
SMMS003782,AST006057,Axle Counter,C00033,29.6,Axle Counter,Axle counter fault,Medium,2,2,3,2025-06-07,2025-06-29,2,101,3,Corrective,Yes,Open
SMMS003783,AST007894,Interlocking,C00068,145.2,Route Relay Interlocking,Interlocking inspection,Low,4,1,1,2025-03-03,2025-04-12,80,213,4,Inspection,Yes,Open
SMMS003784,AST007194,Level Crossing Signal,C00059,237.9,LC Gate Signal,Signal failure,Low,1,2,2,2025-06-14,2025-07-15,0,155,2,Preventive,No,Completed
SMMS003785,AST005300,Level Crossing Signal,C00063,20.2,LC Gate Signal,Signal failure,Low,2,1,2,2025-06-17,2025-07-20,0,71,4,Preventive,Yes,In Progress
SMMS003786,AST005670,Level Crossing Signal,C00053,37.6,LC Gate Signal,Signal failure,High,1,5,4,2025-03-29,2025-04-03,89,98,2,Preventive,Yes,Scheduled
SMMS003787,AST008452,Optical Fiber,C00012,64.0,OFC Link,Cable fault,High,3,4,2,2025-03-17,2025-03-23,100,124,2,Preventive,No,Scheduled
SMMS003788,AST006761,Optical Fiber,C00084,97.2,OFC Link,Cable fault,Low,3,2,1,2025-06-28,2025-08-10,0,173,1,Corrective,No,Open
SMMS003789,AST006443,Relay,C00052,118.6,Relay Interlocking,Relay degradation,High,2,4,3,2025-06-06,2025-06-15,16,151,4,Preventive,Yes,Open
SMMS003790,AST005384,Signal,C00043,12.4,Colour Light Signal,Signal lamp/equipment replacement,Medium,3,3,1,2025-05-19,2025-06-05,26,81,2,Preventive,No,Open
SMMS003791,AST008080,Point Machine,C00060,44.6,Electric Point Machine,Point machine fault,Medium,2,2,2,2025-06-04,2025-06-21,10,174,5,Corrective,No,Open
SMMS003792,AST007421,Interlocking,C00001,202.0,Route Relay Interlocking,Interlocking inspection,Medium,4,4,3,2025-06-19,2025-07-03,0,213,5,Inspection,Yes,Completed
SMMS003793,AST008422,Relay,C00027,155.2,Relay Interlocking,Relay degradation,Critical,5,4,2,2025-04-21,2025-04-24,68,83,4,Corrective,Yes,Open
SMMS003794,AST005950,Interlocking,C00070,7.1,Route Relay Interlocking,Interlocking inspection,High,3,4,3,2025-06-19,2025-06-27,4,227,6,Inspection,Yes,Open
SMMS003795,AST006040,Optical Fiber,C00059,222.4,OFC Link,Cable fault,Low,1,1,1,2025-06-30,2025-08-10,0,101,2,Inspection,No,Open
SMMS003796,AST006463,Track Circuit,C00083,66.1,Track Circuit,Track circuit fault,Critical,5,4,4,2025-03-24,2025-03-28,95,94,2,Preventive,No,Scheduled
SMMS003797,AST008180,Optical Fiber,C00065,61.1,OFC Link,Cable fault,High,3,3,4,2025-06-12,2025-06-18,13,178,2,Corrective,Yes,Deferred
SMMS003798,AST007407,Axle Counter,C00079,48.5,Axle Counter,Axle counter fault,Medium,2,3,1,2025-03-09,2025-03-31,92,38,1,Corrective,No,In Progress
SMMS003799,AST006175,Level Crossing Signal,C00095,18.8,LC Gate Signal,Signal failure,Low,3,1,1,2025-05-21,2025-06-26,5,59,2,Corrective,Yes,In Progress
SMMS003800,AST007765,Optical Fiber,C00026,191.6,OFC Link,Cable fault,Critical,5,5,2,2025-06-30,2025-07-03,0,149,2,Corrective,Yes,Completed
SMMS003801,AST008630,Signal,C00072,49.3,Colour Light Signal,Signal lamp/equipment replacement,Critical,5,4,4,2025-06-04,2025-06-06,25,48,2,Corrective,No,Open
SMMS003802,AST007989,Telecom Cable,C00039,6.6,Quad Cable,Cable fault,Low,2,2,1,2025-05-20,2025-06-27,4,158,3,Preventive,Yes,Scheduled
SMMS003803,AST007430,Signal,C00087,69.3,Colour Light Signal,Signal failure,Critical,5,4,3,2025-03-12,2025-03-15,108,150,2,Preventive,No,Open
SMMS003804,AST007701,Axle Counter,C00006,9.4,Axle Counter,Axle counter fault,Medium,4,1,2,2025-05-17,2025-05-30,32,115,3,Corrective,No,In Progress
SMMS003805,AST007595,Interlocking,C00058,36.2,Route Relay Interlocking,Interlocking inspection,Medium,3,3,1,2025-04-19,2025-05-06,56,220,4,Inspection,Yes,Scheduled
SMMS003806,AST006016,Point Machine,C00038,97.1,Electric Point Machine,Point machine fault,Low,1,1,1,2025-06-11,2025-07-25,0,159,4,Preventive,Yes,Open
SMMS003807,AST008128,Optical Fiber,C00005,60.9,OFC Link,Cable fault,Critical,5,5,4,2025-06-23,2025-06-27,0,192,4,Preventive,No,Completed
SMMS003808,AST008359,Track Circuit,C00052,37.7,Track Circuit,Track circuit fault,Low,3,2,2,2025-05-10,2025-06-12,19,131,3,Corrective,No,Open
SMMS003809,AST005555,Point Machine,C00004,78.2,Electric Point Machine,Point machine fault,Critical,4,4,3,2025-06-27,2025-06-30,1,167,2,Corrective,Yes,In Progress
SMMS003810,AST006166,Signal,C00013,34.9,Colour Light Signal,Signal lamp/equipment replacement,High,2,3,2,2025-05-27,2025-06-04,27,46,4,Corrective,No,Open
SMMS003811,AST008093,Interlocking,C00079,13.1,Route Relay Interlocking,Interlocking inspection,Low,1,1,1,2025-06-13,2025-07-22,0,113,3,Inspection,Yes,Completed
SMMS003812,AST007176,Level Crossing Signal,C00068,87.0,LC Gate Signal,Signal failure,Medium,3,3,2,2025-04-27,2025-05-12,50,136,4,Corrective,Yes,In Progress
SMMS003813,AST005755,Track Circuit,C00082,118.2,Track Circuit,Track circuit fault,Medium,4,2,2,2025-06-24,2025-07-14,0,81,3,Preventive,Yes,Completed
SMMS003814,AST006105,Point Machine,C00061,2.0,Electric Point Machine,Point machine fault,Low,3,3,1,2025-06-20,2025-08-05,0,165,3,Inspection,Yes,Open
SMMS003815,AST008125,Level Crossing Signal,C00003,68.9,LC Gate Signal,Signal failure,High,3,3,3,2025-06-01,2025-06-08,23,136,5,Preventive,No,Deferred
SMMS003816,AST005585,Point Machine,C00025,6.9,Electric Point Machine,Point machine fault,Medium,4,2,2,2025-05-28,2025-06-11,20,165,4,Preventive,No,In Progress
SMMS003817,AST007357,Axle Counter,C00047,22.6,Axle Counter,Axle counter fault,Medium,3,4,2,2025-06-01,2025-06-20,11,111,2,Preventive,Yes,Open
SMMS003818,AST006176,Interlocking,C00006,7.0,Route Relay Interlocking,Interlocking inspection,Medium,4,2,1,2025-06-24,2025-07-12,0,179,3,Inspection,Yes,Completed
SMMS003819,AST007139,Point Machine,C00100,1.8,Electric Point Machine,Point machine fault,Critical,4,4,3,2025-06-14,2025-06-17,14,168,2,Corrective,No,Scheduled
SMMS003820,AST005296,Optical Fiber,C00059,154.5,OFC Link,Cable fault,Medium,2,4,2,2025-05-24,2025-06-08,23,134,4,Preventive,Yes,Open
SMMS003821,AST005476,Axle Counter,C00039,10.2,Axle Counter,Axle counter fault,Low,2,2,2,2025-04-27,2025-06-07,24,88,3,Inspection,Yes,Open
SMMS003822,AST007256,Signal,C00040,105.7,Colour Light Signal,Signal lamp/equipment replacement,Medium,4,3,3,2025-06-06,2025-06-23,8,53,2,Preventive,Yes,Open
SMMS003823,AST006105,Point Machine,C00061,2.0,Electric Point Machine,Point machine fault,Low,1,2,1,2025-06-09,2025-07-11,0,177,1,Inspection,Yes,Completed
SMMS003824,AST006869,Interlocking,C00072,86.4,Route Relay Interlocking,Interlocking inspection,Medium,3,3,2,2025-06-16,2025-07-05,0,212,3,Inspection,No,Deferred
SMMS003825,AST007141,Relay,C00027,8.7,Relay Interlocking,Relay degradation,Medium,5,2,1,2025-03-26,2025-04-15,77,104,4,Preventive,No,Open
SMMS003826,AST007292,Interlocking,C00099,0.5,Route Relay Interlocking,Interlocking inspection,Low,1,1,3,2025-03-17,2025-04-28,0,233,4,Inspection,No,Completed
SMMS003827,AST005607,Optical Fiber,C00042,56.8,OFC Link,Cable fault,Low,2,2,1,2025-06-08,2025-06-30,0,224,4,Corrective,Yes,Completed
SMMS003828,AST008463,Point Machine,C00069,215.2,Electric Point Machine,Point machine fault,Medium,2,4,1,2025-06-28,2025-07-18,0,176,4,Corrective,No,Scheduled
SMMS003829,AST006648,Signal,C00066,55.8,Colour Light Signal,Signal failure,Low,2,1,1,2025-06-25,2025-07-24,0,109,3,Corrective,Yes,Completed
SMMS003830,AST007922,Track Circuit,C00083,41.9,Track Circuit,Track circuit fault,Medium,4,3,2,2025-05-17,2025-05-29,33,91,1,Corrective,No,Scheduled
SMMS003831,AST006657,Axle Counter,C00077,11.6,Axle Counter,Axle counter fault,Medium,1,3,4,2025-06-16,2025-07-05,0,54,3,Corrective,Yes,In Progress
SMMS003832,AST005482,Optical Fiber,C00075,76.6,OFC Link,Cable fault,Low,1,2,1,2025-06-30,2025-08-04,0,194,5,Inspection,Yes,Open
SMMS003833,AST008510,Level Crossing Signal,C00015,83.3,LC Gate Signal,Signal failure,High,4,3,4,2025-06-17,2025-06-25,6,57,3,Preventive,No,Deferred
SMMS003834,AST006607,Telecom Cable,C00004,63.9,Quad Cable,Cable fault,High,3,3,1,2025-06-29,2025-07-05,0,166,5,Corrective,No,Completed
SMMS003835,AST008303,Signal,C00016,17.1,Colour Light Signal,Signal failure,High,2,4,2,2025-04-12,2025-04-20,72,119,3,Corrective,No,Scheduled
SMMS003836,AST008597,Track Circuit,C00004,54.5,Track Circuit,Track circuit fault,Low,2,1,1,2025-06-01,2025-06-29,2,148,4,Inspection,No,Open
SMMS003837,AST007303,Level Crossing Signal,C00069,86.5,LC Gate Signal,Signal failure,Low,1,1,2,2025-03-13,2025-04-11,81,103,4,Preventive,Yes,Open
SMMS003838,AST008127,Level Crossing Signal,C00077,25.5,LC Gate Signal,Signal failure,Low,2,3,2,2025-05-17,2025-06-12,19,173,2,Inspection,No,Scheduled
SMMS003839,AST007897,Optical Fiber,C00045,147.7,OFC Link,Cable fault,Medium,3,2,1,2025-06-06,2025-06-30,1,100,3,Corrective,No,Open
SMMS003840,AST005597,Optical Fiber,C00062,11.5,OFC Link,Cable fault,Low,3,1,2,2025-05-26,2025-07-02,0,106,4,Preventive,No,Scheduled
SMMS003841,AST007762,Point Machine,C00065,20.8,Electric Point Machine,Point machine fault,Medium,3,2,1,2025-06-21,2025-07-12,0,85,3,Corrective,Yes,Scheduled
SMMS003842,AST007776,Signal,C00100,8.3,Colour Light Signal,Signal failure,Low,2,2,1,2025-06-07,2025-07-05,0,108,6,Corrective,No,Open
SMMS003843,AST005839,Level Crossing Signal,C00027,77.4,LC Gate Signal,Signal failure,Critical,5,5,3,2025-06-17,2025-06-22,9,169,4,Preventive,Yes,Open
SMMS003844,AST006787,Relay,C00069,43.9,Relay Interlocking,Relay degradation,Low,2,2,2,2025-05-03,2025-06-09,22,82,4,Inspection,Yes,In Progress
SMMS003845,AST008163,Optical Fiber,C00012,65.1,OFC Link,Cable fault,Low,3,2,2,2025-06-09,2025-07-17,0,88,2,Inspection,Yes,Scheduled
SMMS003846,AST007496,Point Machine,C00050,58.5,Electric Point Machine,Point machine fault,Low,1,1,1,2025-06-14,2025-07-22,0,146,5,Inspection,Yes,Open
SMMS003847,AST007587,Axle Counter,C00022,23.5,Axle Counter,Axle counter fault,High,5,3,3,2025-06-17,2025-06-24,7,207,5,Corrective,No,Open
SMMS003848,AST006439,Telecom Cable,C00029,39.3,Quad Cable,Cable fault,High,3,2,1,2025-06-26,2025-07-05,0,153,4,Preventive,No,Completed
SMMS003849,AST005373,Level Crossing Signal,C00059,105.0,LC Gate Signal,Signal failure,High,4,3,1,2025-06-29,2025-07-07,0,124,3,Corrective,No,Deferred
SMMS003850,AST006818,Level Crossing Signal,C00077,37.7,LC Gate Signal,Signal failure,Medium,3,3,2,2025-05-30,2025-06-18,13,98,3,Preventive,No,In Progress
SMMS003851,AST007914,Telecom Cable,C00068,67.9,Quad Cable,Cable fault,High,4,3,3,2025-06-01,2025-06-08,23,193,4,Corrective,No,In Progress
SMMS003852,AST008296,Interlocking,C00051,20.8,Route Relay Interlocking,Interlocking inspection,Medium,2,3,2,2025-06-15,2025-07-05,0,257,3,Inspection,Yes,Completed
SMMS003853,AST007981,Telecom Cable,C00038,26.0,Quad Cable,Cable fault,Medium,3,3,3,2025-05-26,2025-06-18,13,151,3,Preventive,No,Scheduled
SMMS003854,AST005944,Level Crossing Signal,C00018,28.0,LC Gate Signal,Signal failure,Low,1,3,1,2025-05-28,2025-07-02,0,126,4,Inspection,Yes,Open
SMMS003855,AST005606,Level Crossing Signal,C00040,47.5,LC Gate Signal,Signal failure,Critical,4,5,5,2025-06-29,2025-07-02,0,100,3,Corrective,No,Open
SMMS003856,AST007505,Relay,C00032,10.7,Relay Interlocking,Relay degradation,Medium,3,3,2,2025-06-24,2025-07-06,0,82,2,Preventive,No,Open
SMMS003857,AST006819,Interlocking,C00057,100.8,Route Relay Interlocking,Interlocking inspection,Low,3,2,2,2025-03-21,2025-04-28,64,202,4,Inspection,No,Deferred
SMMS003858,AST006220,Relay,C00097,30.8,Relay Interlocking,Relay degradation,Medium,5,2,3,2025-06-07,2025-06-29,2,68,2,Corrective,Yes,Open
SMMS003859,AST008247,Track Circuit,C00010,55.8,Track Circuit,Track circuit fault,Medium,3,2,1,2025-06-11,2025-06-26,5,143,4,Preventive,Yes,In Progress
SMMS003860,AST008126,Level Crossing Signal,C00035,89.2,LC Gate Signal,Signal failure,High,5,4,3,2025-06-22,2025-06-28,0,133,3,Corrective,No,Completed
SMMS003861,AST005938,Optical Fiber,C00031,9.0,OFC Link,Cable fault,High,2,3,4,2025-06-06,2025-06-17,14,143,3,Preventive,Yes,Open
SMMS003862,AST006230,Level Crossing Signal,C00036,19.2,LC Gate Signal,Signal failure,High,3,4,2,2025-03-10,2025-03-15,108,151,5,Corrective,No,Open
SMMS003863,AST007792,Relay,C00012,11.5,Relay Interlocking,Relay degradation,Low,2,1,2,2025-06-18,2025-07-26,0,71,1,Inspection,No,Completed
SMMS003864,AST007879,Signal,C00044,0.1,Colour Light Signal,Signal failure,Medium,3,2,3,2025-06-30,2025-07-16,0,143,3,Preventive,Yes,Scheduled
SMMS003865,AST007984,Point Machine,C00059,92.3,Electric Point Machine,Point machine fault,Low,2,1,1,2025-06-30,2025-07-27,0,142,4,Corrective,No,In Progress
SMMS003866,AST006757,Point Machine,C00077,32.0,Electric Point Machine,Point machine fault,Medium,3,3,3,2025-06-24,2025-07-11,0,83,2,Preventive,No,Open
SMMS003867,AST007148,Interlocking,C00058,47.6,Route Relay Interlocking,Interlocking inspection,Medium,4,3,2,2025-06-24,2025-07-10,0,166,4,Inspection,Yes,Open
SMMS003868,AST008013,Point Machine,C00090,63.1,Electric Point Machine,Point machine fault,Medium,3,2,3,2025-04-27,2025-05-10,52,131,3,Preventive,No,Open
SMMS003869,AST006367,Relay,C00092,96.0,Relay Interlocking,Relay degradation,Medium,2,3,2,2025-05-18,2025-06-02,0,128,3,Preventive,Yes,Completed
SMMS003870,AST008214,Optical Fiber,C00084,155.0,OFC Link,Cable fault,High,2,3,2,2025-03-16,2025-03-24,99,133,4,Preventive,Yes,Open
SMMS003871,AST006030,Point Machine,C00087,80.3,Electric Point Machine,Point machine fault,Medium,3,4,2,2025-06-12,2025-07-02,0,163,4,Preventive,No,Scheduled
SMMS003872,AST007879,Signal,C00044,0.1,Colour Light Signal,Signal lamp/equipment replacement,High,3,5,2,2025-06-19,2025-06-26,5,127,4,Preventive,No,Open
SMMS003873,AST005322,Telecom Cable,C00044,41.5,Quad Cable,Cable fault,Medium,2,2,2,2025-03-24,2025-04-13,0,137,2,Corrective,Yes,Completed
SMMS003874,AST006356,Axle Counter,C00094,3.1,Axle Counter,Axle counter fault,Low,2,1,2,2025-06-18,2025-07-16,0,192,4,Preventive,No,Scheduled
SMMS003875,AST008584,Signal,C00097,9.3,Colour Light Signal,Signal failure,Medium,3,2,2,2025-06-27,2025-07-09,0,125,2,Corrective,No,Deferred
SMMS003876,AST008193,Point Machine,C00015,147.9,Electric Point Machine,Point machine fault,Low,3,1,1,2025-06-24,2025-07-28,0,147,4,Inspection,No,Open
SMMS003877,AST005842,Optical Fiber,C00004,115.6,OFC Link,Cable fault,Medium,3,3,2,2025-05-18,2025-06-01,30,123,3,Preventive,No,Open
SMMS003878,AST006904,Optical Fiber,C00045,30.6,OFC Link,Cable fault,Low,3,2,2,2025-06-19,2025-08-01,0,109,3,Preventive,No,Open
SMMS003879,AST006101,Axle Counter,C00100,3.4,Axle Counter,Axle counter fault,Medium,3,2,2,2025-06-29,2025-07-17,0,170,2,Preventive,Yes,Open
SMMS003880,AST007371,Level Crossing Signal,C00098,3.9,LC Gate Signal,Signal failure,High,2,4,3,2025-03-20,2025-03-28,95,87,2,Corrective,No,In Progress
SMMS003881,AST006734,Level Crossing Signal,C00077,59.3,LC Gate Signal,Signal failure,Critical,4,4,4,2025-05-10,2025-05-12,50,170,3,Corrective,No,In Progress
SMMS003882,AST008026,Interlocking,C00092,47.9,Route Relay Interlocking,Interlocking inspection,High,4,3,4,2025-05-18,2025-05-26,36,167,4,Inspection,Yes,In Progress
SMMS003883,AST007810,Signal,C00058,24.8,Colour Light Signal,Signal lamp/equipment replacement,Low,3,1,1,2025-06-21,2025-08-07,0,102,2,Inspection,No,Open
SMMS003884,AST008127,Level Crossing Signal,C00077,25.5,LC Gate Signal,Signal failure,High,4,4,3,2025-06-20,2025-06-30,1,86,1,Corrective,Yes,Open
SMMS003885,AST006337,Point Machine,C00088,23.4,Electric Point Machine,Point machine fault,High,5,3,3,2025-04-23,2025-04-29,63,236,4,Corrective,Yes,Open
SMMS003886,AST006705,Signal,C00088,104.8,Colour Light Signal,Signal failure,High,4,3,3,2025-06-19,2025-06-28,0,50,3,Corrective,No,Completed
SMMS003887,AST005584,Axle Counter,C00096,5.3,Axle Counter,Axle counter fault,Medium,3,3,3,2025-03-31,2025-04-16,0,103,3,Preventive,Yes,Completed
SMMS003888,AST008424,Optical Fiber,C00021,82.0,OFC Link,Cable fault,Low,3,2,2,2025-06-12,2025-07-24,0,80,3,Corrective,Yes,Open
SMMS003889,AST006808,Point Machine,C00072,65.2,Electric Point Machine,Point machine fault,Medium,3,2,1,2025-03-06,2025-03-26,97,142,2,Preventive,No,Open
SMMS003890,AST006229,Optical Fiber,C00098,2.1,OFC Link,Cable fault,Low,2,3,3,2025-06-28,2025-07-24,0,141,4,Corrective,Yes,Completed
SMMS003891,AST008383,Relay,C00034,29.6,Relay Interlocking,Relay degradation,High,4,3,4,2025-06-27,2025-07-06,0,49,1,Corrective,Yes,Completed
SMMS003892,AST007560,Axle Counter,C00041,7.1,Axle Counter,Axle counter fault,High,2,4,3,2025-06-24,2025-06-30,1,34,2,Preventive,No,In Progress
SMMS003893,AST008082,Axle Counter,C00084,8.9,Axle Counter,Axle counter fault,Low,3,2,1,2025-06-17,2025-07-31,0,69,2,Inspection,Yes,Completed
SMMS003894,AST007599,Interlocking,C00077,45.7,Route Relay Interlocking,Interlocking inspection,Medium,4,2,2,2025-03-15,2025-04-07,0,215,4,Inspection,No,Completed
SMMS003895,AST006054,Optical Fiber,C00067,106.5,OFC Link,Cable fault,Medium,4,3,2,2025-05-19,2025-06-06,25,104,1,Corrective,No,In Progress
SMMS003896,AST008545,Track Circuit,C00001,219.3,Track Circuit,Track circuit fault,Critical,4,4,4,2025-06-19,2025-06-24,0,164,3,Corrective,No,Completed
SMMS003897,AST008250,Level Crossing Signal,C00075,19.3,LC Gate Signal,Signal failure,Low,2,2,2,2025-06-20,2025-08-02,0,60,4,Inspection,No,Completed
SMMS003898,AST005352,Point Machine,C00059,170.8,Electric Point Machine,Point machine fault,Critical,3,4,2,2025-06-17,2025-06-19,12,120,3,Corrective,Yes,Open
SMMS003899,AST006286,Optical Fiber,C00084,135.9,OFC Link,Cable fault,Critical,5,4,3,2025-06-20,2025-06-24,7,108,2,Corrective,Yes,Open
SMMS003900,AST006811,Optical Fiber,C00004,83.4,OFC Link,Cable fault,Low,3,2,2,2025-06-04,2025-07-19,0,187,3,Preventive,Yes,Scheduled
SMMS003901,AST007135,Interlocking,C00065,15.5,Route Relay Interlocking,Interlocking inspection,Medium,2,2,2,2025-05-22,2025-06-04,27,216,3,Inspection,Yes,In Progress
SMMS003902,AST005837,Optical Fiber,C00013,105.9,OFC Link,Cable fault,Medium,1,2,1,2025-06-19,2025-07-01,0,169,3,Preventive,No,Completed
SMMS003903,AST006081,Signal,C00016,17.7,Colour Light Signal,Signal lamp/equipment replacement,Medium,4,2,3,2025-03-24,2025-04-14,78,69,2,Preventive,Yes,Open
SMMS003904,AST005841,Telecom Cable,C00010,78.3,Quad Cable,Cable fault,Medium,1,4,2,2025-05-24,2025-06-07,24,152,2,Preventive,Yes,In Progress
SMMS003905,AST008347,Level Crossing Signal,C00030,83.7,LC Gate Signal,Signal failure,Low,3,1,1,2025-06-22,2025-07-18,0,85,1,Inspection,Yes,Open
SMMS003906,AST007227,Axle Counter,C00077,12.0,Axle Counter,Axle counter fault,Medium,4,2,2,2025-06-25,2025-07-12,0,107,2,Corrective,No,Open
SMMS003907,AST006136,Track Circuit,C00046,25.5,Track Circuit,Track circuit fault,Critical,4,5,4,2025-06-21,2025-06-23,8,109,4,Corrective,Yes,Open
SMMS003908,AST006501,Interlocking,C00021,51.8,Route Relay Interlocking,Interlocking inspection,High,2,2,3,2025-03-20,2025-03-27,96,237,4,Inspection,No,Open
SMMS003909,AST006741,Optical Fiber,C00039,26.9,OFC Link,Cable fault,High,4,3,4,2025-05-05,2025-05-11,51,136,3,Corrective,Yes,Open
SMMS003910,AST005311,Level Crossing Signal,C00066,24.6,LC Gate Signal,Signal failure,Critical,3,3,4,2025-06-18,2025-06-21,10,107,3,Corrective,Yes,Open
SMMS003911,AST007802,Interlocking,C00082,16.8,Route Relay Interlocking,Interlocking inspection,Medium,4,2,3,2025-06-27,2025-07-17,0,215,4,Inspection,No,Open
SMMS003912,AST007490,Relay,C00097,16.4,Relay Interlocking,Relay degradation,Medium,2,3,3,2025-04-29,2025-05-14,48,112,3,Preventive,No,Scheduled
SMMS003913,AST005352,Point Machine,C00059,170.8,Electric Point Machine,Point machine fault,Medium,3,2,2,2025-06-08,2025-06-25,6,137,4,Corrective,Yes,Scheduled
SMMS003914,AST007573,Track Circuit,C00088,23.8,Track Circuit,Track circuit fault,Medium,2,3,2,2025-05-24,2025-06-10,21,171,4,Corrective,Yes,Open
SMMS003915,AST006233,Level Crossing Signal,C00097,11.0,LC Gate Signal,Signal failure,Medium,3,3,2,2025-05-29,2025-06-12,19,95,2,Corrective,Yes,Open
SMMS003916,AST006934,Relay,C00089,78.2,Relay Interlocking,Relay degradation,Low,2,1,1,2025-06-15,2025-08-02,0,145,3,Preventive,No,Completed
SMMS003917,AST007737,Telecom Cable,C00061,11.6,Quad Cable,Cable fault,Low,2,2,1,2025-06-26,2025-08-01,0,165,1,Inspection,Yes,Open
SMMS003918,AST006493,Telecom Cable,C00079,30.4,Quad Cable,Cable fault,Low,1,3,2,2025-05-28,2025-06-29,2,130,4,Preventive,Yes,Open
SMMS003919,AST005790,Telecom Cable,C00099,5.9,Quad Cable,Cable fault,Low,1,2,1,2025-06-26,2025-07-31,0,191,4,Corrective,Yes,Open
SMMS003920,AST007268,Signal,C00067,41.4,Colour Light Signal,Signal failure,High,2,2,2,2025-06-16,2025-06-25,6,163,5,Corrective,No,Open
SMMS003921,AST005623,Track Circuit,C00052,159.8,Track Circuit,Track circuit fault,Critical,3,4,3,2025-06-17,2025-06-19,12,153,2,Preventive,No,Scheduled
SMMS003922,AST007707,Track Circuit,C00068,106.1,Track Circuit,Track circuit fault,Low,2,1,1,2025-05-23,2025-06-26,5,141,3,Preventive,Yes,Scheduled
SMMS003923,AST006570,Optical Fiber,C00074,4.6,OFC Link,Cable fault,High,4,4,4,2025-06-25,2025-06-30,1,201,3,Preventive,Yes,Open
SMMS003924,AST008525,Relay,C00009,31.1,Relay Interlocking,Relay degradation,Medium,4,4,1,2025-06-24,2025-07-13,0,97,3,Corrective,Yes,Deferred
SMMS003925,AST005474,Interlocking,C00065,33.9,Route Relay Interlocking,Interlocking inspection,Low,2,1,1,2025-06-25,2025-07-21,0,232,3,Inspection,Yes,Scheduled
SMMS003926,AST008074,Optical Fiber,C00070,7.3,OFC Link,Cable fault,Low,2,2,2,2025-06-25,2025-07-23,0,223,3,Preventive,No,Scheduled
SMMS003927,AST006216,Signal,C00065,53.5,Colour Light Signal,Signal lamp/equipment replacement,Low,3,1,1,2025-04-08,2025-05-18,44,42,2,Corrective,Yes,Scheduled
SMMS003928,AST006534,Relay,C00013,49.8,Relay Interlocking,Relay degradation,Critical,2,4,3,2025-06-28,2025-07-03,0,120,3,Preventive,Yes,Open
SMMS003929,AST007186,Signal,C00010,53.4,Colour Light Signal,Signal failure,High,3,4,3,2025-06-13,2025-06-21,10,225,4,Preventive,Yes,In Progress
SMMS003930,AST005630,Telecom Cable,C00052,199.3,Quad Cable,Cable fault,Critical,4,4,4,2025-05-27,2025-05-31,31,170,3,Preventive,No,Open
SMMS003931,AST005868,Point Machine,C00011,220.1,Electric Point Machine,Point machine fault,Medium,3,3,1,2025-04-08,2025-04-26,66,118,2,Corrective,Yes,Open
SMMS003932,AST005527,Telecom Cable,C00020,88.5,Quad Cable,Cable fault,Medium,3,2,1,2025-06-17,2025-06-29,2,151,4,Preventive,No,Scheduled
SMMS003933,AST007609,Optical Fiber,C00059,81.3,OFC Link,Cable fault,Critical,4,4,4,2025-05-20,2025-05-23,0,251,4,Corrective,Yes,Completed
SMMS003934,AST008509,Optical Fiber,C00068,74.4,OFC Link,Cable fault,Low,1,3,2,2025-06-03,2025-07-08,0,151,3,Corrective,Yes,Scheduled
SMMS003935,AST006065,Signal,C00003,61.2,Colour Light Signal,Signal failure,Low,3,1,2,2025-06-26,2025-08-09,0,68,4,Preventive,Yes,Completed
SMMS003936,AST007894,Interlocking,C00068,145.2,Route Relay Interlocking,Interlocking inspection,Medium,4,2,2,2025-06-25,2025-07-11,0,212,4,Inspection,No,Deferred
SMMS003937,AST006885,Relay,C00063,139.3,Relay Interlocking,Relay degradation,Low,3,1,2,2025-04-10,2025-05-13,0,104,4,Corrective,Yes,Completed
SMMS003938,AST005856,Optical Fiber,C00079,11.5,OFC Link,Cable fault,Medium,2,3,2,2025-05-29,2025-06-16,0,146,2,Preventive,Yes,Completed
SMMS003939,AST007024,Telecom Cable,C00056,8.5,Quad Cable,Cable fault,High,4,4,2,2025-06-11,2025-06-21,0,175,3,Preventive,No,Completed
SMMS003940,AST007079,Axle Counter,C00022,175.0,Axle Counter,Axle counter fault,Critical,2,4,3,2025-03-19,2025-03-21,102,134,4,Corrective,No,Scheduled
SMMS003941,AST006997,Level Crossing Signal,C00029,52.0,LC Gate Signal,Signal failure,Medium,5,2,2,2025-06-20,2025-07-09,0,123,2,Corrective,No,Open
SMMS003942,AST006568,Point Machine,C00076,25.4,Electric Point Machine,Point machine fault,Low,2,1,2,2025-05-18,2025-06-11,20,186,2,Preventive,Yes,In Progress
SMMS003943,AST006432,Interlocking,C00030,106.2,Route Relay Interlocking,Interlocking inspection,Low,2,2,1,2025-06-19,2025-07-20,0,153,3,Inspection,Yes,Scheduled
SMMS003944,AST008629,Signal,C00090,18.4,Colour Light Signal,Signal failure,Low,3,2,1,2025-06-17,2025-07-20,0,131,4,Inspection,No,Deferred
SMMS003945,AST007266,Optical Fiber,C00050,35.6,OFC Link,Cable fault,Low,2,2,2,2025-04-20,2025-06-02,29,117,2,Corrective,No,Open
SMMS003946,AST005692,Telecom Cable,C00020,72.0,Quad Cable,Cable fault,Critical,5,5,4,2025-03-05,2025-03-08,0,113,1,Corrective,Yes,Completed
SMMS003947,AST006418,Level Crossing Signal,C00003,32.5,LC Gate Signal,Signal failure,Low,3,2,2,2025-06-23,2025-08-07,0,119,3,Inspection,Yes,Completed
SMMS003948,AST006857,Level Crossing Signal,C00027,26.5,LC Gate Signal,Signal failure,Medium,3,3,2,2025-06-19,2025-07-06,0,141,3,Corrective,Yes,Scheduled
SMMS003949,AST008382,Telecom Cable,C00026,375.1,Quad Cable,Cable fault,Low,2,2,2,2025-06-14,2025-07-19,0,198,5,Corrective,Yes,Open
SMMS003950,AST007477,Level Crossing Signal,C00043,12.6,LC Gate Signal,Signal failure,Medium,4,3,2,2025-06-09,2025-06-29,2,121,4,Corrective,Yes,Open
SMMS003951,AST005774,Level Crossing Signal,C00029,43.6,LC Gate Signal,Signal failure,Low,3,2,1,2025-06-28,2025-08-01,0,119,4,Corrective,No,Completed
SMMS003952,AST006579,Track Circuit,C00041,17.0,Track Circuit,Track circuit fault,Low,2,2,2,2025-06-11,2025-07-13,0,164,5,Corrective,Yes,Completed
SMMS003953,AST008569,Level Crossing Signal,C00039,14.2,LC Gate Signal,Signal failure,Critical,4,5,1,2025-05-23,2025-05-26,36,145,1,Preventive,No,In Progress
SMMS003954,AST005283,Telecom Cable,C00047,15.1,Quad Cable,Cable fault,Critical,5,4,5,2025-05-12,2025-05-15,47,273,4,Corrective,Yes,In Progress
SMMS003955,AST005362,Interlocking,C00011,54.0,Route Relay Interlocking,Interlocking inspection,Low,4,2,2,2025-03-21,2025-04-21,71,159,3,Inspection,No,In Progress
SMMS003956,AST008312,Level Crossing Signal,C00076,118.3,LC Gate Signal,Signal failure,Low,2,2,1,2025-04-14,2025-05-12,0,166,3,Corrective,Yes,Completed
SMMS003957,AST007230,Telecom Cable,C00062,49.6,Quad Cable,Cable fault,Medium,3,2,3,2025-05-22,2025-06-06,25,101,2,Corrective,No,Open
SMMS003958,AST008530,Optical Fiber,C00043,1.8,OFC Link,Cable fault,Low,2,2,1,2025-04-26,2025-06-07,24,161,4,Preventive,Yes,Open
SMMS003959,AST006230,Level Crossing Signal,C00036,19.2,LC Gate Signal,Signal failure,Low,1,2,1,2025-05-16,2025-06-13,0,52,2,Corrective,No,Completed
SMMS003960,AST007977,Signal,C00092,90.6,Colour Light Signal,Signal lamp/equipment replacement,Low,4,2,1,2025-04-13,2025-05-13,49,94,4,Corrective,Yes,Open
SMMS003961,AST006986,Telecom Cable,C00100,8.5,Quad Cable,Cable fault,Low,3,2,1,2025-05-24,2025-07-04,0,149,4,Corrective,No,Open
SMMS003962,AST006397,Interlocking,C00030,18.9,Route Relay Interlocking,Interlocking inspection,High,3,5,4,2025-05-27,2025-06-05,26,275,3,Inspection,Yes,Scheduled
SMMS003963,AST007829,Telecom Cable,C00078,20.0,Quad Cable,Cable fault,High,3,4,4,2025-04-01,2025-04-10,82,185,4,Preventive,No,Scheduled
SMMS003964,AST005881,Track Circuit,C00020,23.7,Track Circuit,Track circuit fault,High,3,3,3,2025-03-22,2025-04-01,0,108,5,Corrective,Yes,Completed
SMMS003965,AST008434,Interlocking,C00093,16.7,Route Relay Interlocking,Interlocking inspection,Medium,2,2,2,2025-06-30,2025-07-17,0,181,4,Inspection,No,Scheduled
SMMS003966,AST006739,Point Machine,C00092,52.2,Electric Point Machine,Point machine fault,High,4,2,2,2025-06-21,2025-06-30,0,144,2,Preventive,Yes,Completed
SMMS003967,AST005854,Signal,C00026,197.6,Colour Light Signal,Signal failure,Medium,2,2,1,2025-06-28,2025-07-11,0,105,4,Corrective,Yes,Open
SMMS003968,AST007254,Relay,C00066,17.0,Relay Interlocking,Relay degradation,Critical,3,4,3,2025-06-17,2025-06-19,12,122,3,Corrective,No,Open
SMMS003969,AST006323,Point Machine,C00047,27.8,Electric Point Machine,Point machine fault,Low,3,1,2,2025-06-29,2025-07-31,0,119,2,Inspection,Yes,Open
SMMS003970,AST006550,Telecom Cable,C00038,195.3,Quad Cable,Cable fault,Medium,2,3,2,2025-06-29,2025-07-19,0,191,4,Corrective,Yes,Open
SMMS003971,AST007540,Axle Counter,C00010,66.7,Axle Counter,Axle counter fault,Low,3,1,1,2025-05-12,2025-06-15,16,102,2,Inspection,Yes,Open
SMMS003972,AST005746,Signal,C00003,51.4,Colour Light Signal,Signal failure,Low,3,2,2,2025-06-29,2025-08-01,0,166,5,Preventive,Yes,Scheduled
SMMS003973,AST008609,Relay,C00010,19.0,Relay Interlocking,Relay degradation,Medium,1,3,2,2025-05-25,2025-06-12,19,126,4,Corrective,Yes,Open
SMMS003974,AST006219,Level Crossing Signal,C00050,57.2,LC Gate Signal,Signal failure,High,2,3,3,2025-05-04,2025-05-13,49,115,2,Corrective,No,Deferred
SMMS003975,AST005364,Level Crossing Signal,C00085,24.0,LC Gate Signal,Signal failure,High,3,5,3,2025-05-28,2025-06-07,24,102,2,Preventive,Yes,Open
SMMS003976,AST007605,Track Circuit,C00024,7.8,Track Circuit,Track circuit fault,High,4,4,3,2025-05-05,2025-05-13,0,180,3,Corrective,No,Completed
SMMS003977,AST005568,Point Machine,C00035,1.5,Electric Point Machine,Point machine fault,Medium,3,2,2,2025-06-29,2025-07-16,0,96,4,Preventive,No,Open
SMMS003978,AST007468,Optical Fiber,C00081,73.7,OFC Link,Cable fault,Medium,3,3,2,2025-06-26,2025-07-13,0,135,4,Corrective,No,In Progress
SMMS003979,AST008100,Level Crossing Signal,C00096,41.3,LC Gate Signal,Signal failure,High,3,4,4,2025-06-13,2025-06-23,8,100,3,Preventive,No,Scheduled
SMMS003980,AST007697,Axle Counter,C00011,63.4,Axle Counter,Axle counter fault,Low,3,2,2,2025-06-03,2025-07-11,0,138,3,Preventive,Yes,Deferred
SMMS003981,AST008379,Axle Counter,C00062,27.2,Axle Counter,Axle counter fault,Low,3,2,3,2025-05-28,2025-07-06,0,121,2,Corrective,Yes,Open
SMMS003982,AST007249,Interlocking,C00090,90.8,Route Relay Interlocking,Interlocking inspection,Medium,3,3,2,2025-05-23,2025-06-08,0,244,4,Inspection,Yes,Completed
SMMS003983,AST007546,Relay,C00035,8.3,Relay Interlocking,Relay degradation,High,4,3,2,2025-06-19,2025-06-24,7,93,4,Preventive,Yes,Scheduled
SMMS003984,AST008281,Point Machine,C00011,220.6,Electric Point Machine,Point machine fault,Low,4,2,2,2025-06-26,2025-07-29,0,152,2,Inspection,Yes,Scheduled
SMMS003985,AST008449,Level Crossing Signal,C00071,21.8,LC Gate Signal,Signal failure,High,3,5,2,2025-06-21,2025-06-28,0,59,3,Preventive,Yes,Completed
SMMS003986,AST008294,Level Crossing Signal,C00019,27.3,LC Gate Signal,Signal failure,Critical,4,5,4,2025-06-08,2025-06-11,20,112,5,Preventive,No,Open
SMMS003987,AST007007,Point Machine,C00099,2.5,Electric Point Machine,Point machine fault,Low,4,1,3,2025-06-11,2025-07-13,0,150,3,Inspection,Yes,Open
SMMS003988,AST008037,Level Crossing Signal,C00010,75.6,LC Gate Signal,Signal failure,Medium,3,3,2,2025-05-19,2025-06-07,24,120,4,Corrective,No,Open
SMMS003989,AST005476,Axle Counter,C00039,10.2,Axle Counter,Axle counter fault,Medium,3,3,2,2025-05-25,2025-06-09,22,88,4,Corrective,Yes,Deferred
SMMS003990,AST005772,Point Machine,C00065,46.3,Electric Point Machine,Point machine fault,Low,2,2,2,2025-05-29,2025-07-08,0,157,3,Inspection,No,Open
SMMS003991,AST006587,Optical Fiber,C00045,0.5,OFC Link,Cable fault,High,4,4,3,2025-06-11,2025-06-19,12,130,3,Corrective,Yes,Open
SMMS003992,AST006962,Level Crossing Signal,C00070,22.9,LC Gate Signal,Signal failure,High,3,5,4,2025-05-25,2025-06-03,28,89,4,Corrective,No,Open
SMMS003993,AST007739,Interlocking,C00089,42.2,Route Relay Interlocking,Interlocking inspection,Medium,1,3,2,2025-06-12,2025-07-01,0,230,2,Inspection,Yes,Scheduled
SMMS003994,AST007248,Relay,C00053,2.8,Relay Interlocking,Relay degradation,High,3,4,3,2025-06-01,2025-06-09,22,137,1,Corrective,No,Scheduled
SMMS003995,AST006930,Track Circuit,C00077,7.9,Track Circuit,Track circuit fault,Low,3,3,2,2025-06-18,2025-07-27,0,134,3,Corrective,Yes,Open
SMMS003996,AST006276,Axle Counter,C00085,180.0,Axle Counter,Axle counter fault,Low,2,2,2,2025-06-27,2025-07-30,0,31,4,Corrective,No,Completed
SMMS003997,AST005919,Relay,C00070,26.7,Relay Interlocking,Relay degradation,High,2,4,3,2025-06-06,2025-06-17,14,74,3,Corrective,No,Open
SMMS003998,AST005916,Optical Fiber,C00093,21.8,OFC Link,Cable fault,High,4,4,4,2025-06-20,2025-06-30,1,153,2,Corrective,Yes,Open
SMMS003999,AST007192,Axle Counter,C00063,75.9,Axle Counter,Axle counter fault,Low,2,2,2,2025-06-15,2025-07-28,0,52,3,Corrective,No,Completed
SMMS004000,AST006856,Relay,C00002,59.1,Relay Interlocking,Relay degradation,Low,2,2,1,2025-03-26,2025-05-08,54,75,1,Corrective,Yes,In Progress
SMMS004001,AST006741,Optical Fiber,C00039,26.9,OFC Link,Cable fault,High,4,4,3,2025-05-17,2025-05-26,0,197,4,Corrective,No,Completed
SMMS004002,AST005805,Point Machine,C00015,99.2,Electric Point Machine,Point machine fault,Medium,4,2,3,2025-06-21,2025-07-10,0,166,4,Corrective,Yes,Scheduled
SMMS004003,AST007061,Signal,C00037,40.4,Colour Light Signal,Signal failure,Low,3,2,2,2025-06-12,2025-07-20,0,88,4,Corrective,No,Scheduled
SMMS004004,AST006695,Telecom Cable,C00076,116.9,Quad Cable,Cable fault,Medium,3,3,1,2025-06-26,2025-07-12,0,157,2,Corrective,Yes,Completed
SMMS004005,AST007819,Telecom Cable,C00072,92.4,Quad Cable,Cable fault,Critical,5,5,4,2025-06-02,2025-06-07,24,216,5,Corrective,No,Open
SMMS004006,AST005344,Optical Fiber,C00062,12.7,OFC Link,Cable fault,Critical,3,4,3,2025-06-20,2025-06-23,0,158,3,Preventive,No,Completed
SMMS004007,AST007370,Optical Fiber,C00067,12.6,OFC Link,Cable fault,Medium,3,3,1,2025-04-25,2025-05-12,50,119,2,Corrective,No,Open
SMMS004008,AST007999,Level Crossing Signal,C00013,25.0,LC Gate Signal,Signal failure,Critical,3,5,3,2025-06-19,2025-06-22,9,122,3,Corrective,Yes,Open
SMMS004009,AST005291,Interlocking,C00065,18.3,Route Relay Interlocking,Interlocking inspection,Low,1,2,2,2025-05-28,2025-07-09,0,156,3,Inspection,No,Completed
SMMS004010,AST007007,Point Machine,C00099,2.5,Electric Point Machine,Point machine fault,Medium,2,3,2,2025-04-28,2025-05-15,47,116,2,Corrective,Yes,Open
SMMS004011,AST008043,Point Machine,C00072,24.9,Electric Point Machine,Point machine fault,Critical,3,4,2,2025-05-09,2025-05-13,49,130,4,Corrective,Yes,Scheduled
SMMS004012,AST006082,Relay,C00073,43.6,Relay Interlocking,Relay degradation,Medium,2,3,3,2025-06-04,2025-06-25,6,68,3,Corrective,Yes,In Progress
SMMS004013,AST006408,Optical Fiber,C00083,25.1,OFC Link,Cable fault,High,4,4,3,2025-06-16,2025-06-23,8,171,4,Corrective,No,Scheduled
SMMS004014,AST006225,Signal,C00008,41.8,Colour Light Signal,Signal lamp/equipment replacement,Medium,3,4,2,2025-05-25,2025-06-07,0,76,2,Corrective,Yes,Completed
SMMS004015,AST006912,Relay,C00068,17.1,Relay Interlocking,Relay degradation,Medium,4,2,3,2025-05-07,2025-05-26,0,73,2,Corrective,No,Completed
SMMS004016,AST005821,Axle Counter,C00056,3.4,Axle Counter,Axle counter fault,Low,3,1,1,2025-06-22,2025-08-06,0,57,3,Preventive,No,Scheduled
SMMS004017,AST006963,Relay,C00092,25.9,Relay Interlocking,Relay degradation,High,5,3,3,2025-06-29,2025-07-10,0,47,2,Preventive,Yes,In Progress
SMMS004018,AST005832,Interlocking,C00022,162.3,Route Relay Interlocking,Interlocking inspection,High,3,5,2,2025-04-05,2025-04-12,80,183,4,Inspection,Yes,Scheduled
SMMS004019,AST006655,Level Crossing Signal,C00056,24.5,LC Gate Signal,Signal failure,High,3,5,4,2025-06-13,2025-06-24,7,124,2,Corrective,Yes,Open
SMMS004020,AST008360,Level Crossing Signal,C00015,152.7,LC Gate Signal,Signal failure,Medium,5,1,2,2025-06-20,2025-07-09,0,103,4,Corrective,Yes,Deferred
SMMS004021,AST006365,Signal,C00097,22.8,Colour Light Signal,Signal lamp/equipment replacement,Critical,3,4,4,2025-06-01,2025-06-04,27,115,2,Corrective,Yes,Open
SMMS004022,AST007818,Optical Fiber,C00027,109.3,OFC Link,Cable fault,Low,2,2,2,2025-06-24,2025-08-07,0,210,5,Preventive,No,Open
SMMS004023,AST008081,Signal,C00062,21.8,Colour Light Signal,Signal lamp/equipment replacement,Medium,3,2,2,2025-06-23,2025-07-09,0,60,1,Preventive,Yes,Scheduled
SMMS004024,AST007274,Optical Fiber,C00019,36.1,OFC Link,Cable fault,Medium,2,2,2,2025-06-24,2025-07-17,0,190,3,Corrective,No,Open
SMMS004025,AST005684,Telecom Cable,C00093,24.2,Quad Cable,Cable fault,Medium,4,3,2,2025-03-21,2025-04-01,91,104,3,Preventive,No,Open
SMMS004026,AST007506,Interlocking,C00094,151.7,Route Relay Interlocking,Interlocking inspection,High,3,4,3,2025-03-03,2025-03-13,110,219,5,Inspection,Yes,Open
SMMS004027,AST006076,Axle Counter,C00034,19.0,Axle Counter,Axle counter fault,Low,3,2,1,2025-04-23,2025-05-24,38,74,3,Preventive,No,Open
SMMS004028,AST006593,Telecom Cable,C00075,87.1,Quad Cable,Cable fault,High,2,4,3,2025-06-24,2025-07-02,0,164,4,Corrective,No,Open
SMMS004029,AST006619,Interlocking,C00045,148.4,Route Relay Interlocking,Interlocking inspection,Low,3,1,1,2025-06-12,2025-07-11,0,168,3,Inspection,Yes,Open
SMMS004030,AST007021,Point Machine,C00095,18.9,Electric Point Machine,Point machine fault,Medium,4,3,2,2025-06-27,2025-07-13,0,158,5,Corrective,No,Scheduled
SMMS004031,AST007698,Level Crossing Signal,C00068,111.7,LC Gate Signal,Signal failure,Medium,2,3,1,2025-06-08,2025-06-26,5,86,2,Preventive,Yes,Open
SMMS004032,AST005967,Track Circuit,C00041,16.2,Track Circuit,Track circuit fault,Low,3,1,2,2025-05-25,2025-06-21,10,106,3,Corrective,Yes,Open
SMMS004033,AST008621,Axle Counter,C00032,1.1,Axle Counter,Axle counter fault,Low,5,2,2,2025-06-28,2025-08-02,0,80,3,Corrective,No,Completed
SMMS004034,AST006009,Track Circuit,C00100,6.5,Track Circuit,Track circuit fault,Medium,3,3,1,2025-03-17,2025-04-04,88,70,2,Preventive,No,Open
SMMS004035,AST006088,Relay,C00040,93.5,Relay Interlocking,Relay degradation,Medium,2,4,2,2025-06-05,2025-06-27,4,94,2,Corrective,No,Scheduled
SMMS004036,AST005362,Interlocking,C00011,54.0,Route Relay Interlocking,Interlocking inspection,Low,2,1,1,2025-05-31,2025-07-02,0,269,5,Inspection,Yes,Open
SMMS004037,AST006329,Axle Counter,C00069,187.8,Axle Counter,Axle counter fault,Medium,3,3,2,2025-06-29,2025-07-11,0,115,1,Preventive,Yes,Scheduled
SMMS004038,AST007461,Interlocking,C00026,78.2,Route Relay Interlocking,Interlocking inspection,Critical,4,4,2,2025-06-25,2025-06-29,0,158,3,Inspection,Yes,Completed
SMMS004039,AST007306,Telecom Cable,C00001,281.5,Quad Cable,Cable fault,High,4,4,4,2025-04-14,2025-04-20,0,130,4,Corrective,No,Completed
SMMS004040,AST006894,Relay,C00044,53.4,Relay Interlocking,Relay degradation,Medium,3,3,1,2025-03-10,2025-03-23,100,60,2,Corrective,No,Scheduled
SMMS004041,AST007655,Track Circuit,C00079,8.4,Track Circuit,Track circuit fault,Medium,2,3,2,2025-06-20,2025-07-05,0,130,3,Preventive,No,Completed
SMMS004042,AST005547,Point Machine,C00021,79.9,Electric Point Machine,Point machine fault,Low,3,2,1,2025-04-19,2025-05-21,41,168,4,Corrective,No,Open
SMMS004043,AST008085,Point Machine,C00043,12.8,Electric Point Machine,Point machine fault,Low,2,2,1,2025-06-12,2025-07-16,0,169,5,Corrective,No,Scheduled
SMMS004044,AST008217,Track Circuit,C00091,96.1,Track Circuit,Track circuit fault,High,3,3,2,2025-03-03,2025-03-12,0,101,3,Corrective,No,Completed
SMMS004045,AST008483,Track Circuit,C00070,14.4,Track Circuit,Track circuit fault,High,3,3,3,2025-06-25,2025-07-03,0,211,4,Corrective,No,In Progress
SMMS004046,AST006574,Track Circuit,C00081,34.1,Track Circuit,Track circuit fault,Medium,1,3,3,2025-06-01,2025-06-26,5,119,2,Corrective,Yes,Scheduled
SMMS004047,AST005887,Axle Counter,C00015,132.3,Axle Counter,Axle counter fault,Medium,3,2,2,2025-06-22,2025-07-09,0,155,3,Preventive,Yes,Scheduled
SMMS004048,AST007935,Interlocking,C00042,30.9,Route Relay Interlocking,Interlocking inspection,High,2,3,5,2025-03-21,2025-03-25,98,191,3,Inspection,Yes,Deferred
SMMS004049,AST008577,Axle Counter,C00003,86.2,Axle Counter,Axle counter fault,Low,1,1,2,2025-06-20,2025-07-11,0,159,3,Inspection,Yes,Scheduled
SMMS004050,AST006320,Point Machine,C00048,118.1,Electric Point Machine,Point machine fault,High,2,3,4,2025-03-07,2025-03-15,0,122,3,Preventive,No,Completed
SMMS004051,AST008048,Level Crossing Signal,C00047,29.0,LC Gate Signal,Signal failure,Medium,3,2,3,2025-06-25,2025-07-10,0,101,3,Preventive,Yes,Scheduled
SMMS004052,AST008038,Telecom Cable,C00077,9.8,Quad Cable,Cable fault,High,4,4,3,2025-06-06,2025-06-14,17,158,5,Preventive,Yes,Open
SMMS004053,AST006054,Optical Fiber,C00067,106.5,OFC Link,Cable fault,Medium,3,1,1,2025-05-13,2025-05-30,32,139,5,Corrective,Yes,In Progress
SMMS004054,AST007169,Telecom Cable,C00088,7.2,Quad Cable,Cable fault,Low,1,2,2,2025-05-10,2025-06-10,21,166,5,Preventive,No,Open
SMMS004055,AST008007,Axle Counter,C00083,33.7,Axle Counter,Axle counter fault,Medium,3,2,2,2025-05-29,2025-06-10,21,135,3,Corrective,Yes,Open
SMMS004056,AST006894,Relay,C00044,53.4,Relay Interlocking,Relay degradation,Critical,3,5,3,2025-03-29,2025-04-01,91,77,3,Preventive,No,Scheduled
SMMS004057,AST007600,Axle Counter,C00046,13.1,Axle Counter,Axle counter fault,Medium,2,3,3,2025-05-10,2025-05-21,41,116,2,Preventive,Yes,Open
SMMS004058,AST006151,Level Crossing Signal,C00084,146.1,LC Gate Signal,Signal failure,High,4,4,3,2025-03-04,2025-03-15,108,95,3,Preventive,Yes,Open
SMMS004059,AST006556,Axle Counter,C00069,226.1,Axle Counter,Axle counter fault,Critical,3,3,3,2025-03-31,2025-04-03,89,143,2,Corrective,Yes,Open
SMMS004060,AST006761,Optical Fiber,C00084,97.2,OFC Link,Cable fault,Low,2,3,1,2025-06-30,2025-08-06,0,168,2,Inspection,Yes,Open
SMMS004061,AST008403,Optical Fiber,C00048,21.2,OFC Link,Cable fault,Medium,3,3,2,2025-05-17,2025-06-08,23,85,3,Corrective,Yes,Scheduled
SMMS004062,AST006894,Relay,C00044,53.4,Relay Interlocking,Relay degradation,Medium,2,2,3,2025-03-06,2025-03-23,100,114,3,Preventive,Yes,Open
SMMS004063,AST007698,Level Crossing Signal,C00068,111.7,LC Gate Signal,Signal failure,Medium,3,3,1,2025-04-05,2025-04-22,70,120,2,Corrective,No,Open
SMMS004064,AST006598,Telecom Cable,C00055,71.4,Quad Cable,Cable fault,Medium,1,2,1,2025-06-03,2025-06-25,6,154,4,Corrective,No,Open
SMMS004065,AST006125,Optical Fiber,C00086,123.7,OFC Link,Cable fault,High,4,3,4,2025-06-08,2025-06-18,13,175,4,Corrective,No,Open
SMMS004066,AST006309,Point Machine,C00057,80.3,Electric Point Machine,Point machine fault,Low,3,2,3,2025-06-25,2025-07-16,0,114,3,Inspection,No,Completed
SMMS004067,AST007049,Relay,C00007,14.7,Relay Interlocking,Relay degradation,Medium,2,3,2,2025-06-04,2025-06-20,11,130,3,Corrective,Yes,Open
SMMS004068,AST007370,Optical Fiber,C00067,12.6,OFC Link,Cable fault,Medium,3,2,2,2025-03-16,2025-04-04,88,112,3,Preventive,Yes,Open
SMMS004069,AST007589,Track Circuit,C00035,101.3,Track Circuit,Track circuit fault,High,3,2,1,2025-03-23,2025-03-31,0,82,3,Corrective,No,Completed
SMMS004070,AST005842,Optical Fiber,C00004,115.6,OFC Link,Cable fault,Medium,4,2,3,2025-06-23,2025-07-10,0,171,3,Corrective,No,Open
SMMS004071,AST007014,Signal,C00053,32.9,Colour Light Signal,Signal failure,Low,1,2,1,2025-06-22,2025-07-13,0,120,4,Preventive,Yes,Open
SMMS004072,AST005715,Interlocking,C00009,19.5,Route Relay Interlocking,Interlocking inspection,Low,3,2,2,2025-06-20,2025-07-22,0,173,3,Inspection,No,Scheduled
SMMS004073,AST008212,Point Machine,C00080,55.5,Electric Point Machine,Point machine fault,Medium,3,3,2,2025-06-30,2025-07-15,0,126,4,Corrective,No,Scheduled
SMMS004074,AST008106,Telecom Cable,C00049,18.4,Quad Cable,Cable fault,Low,4,2,1,2025-06-11,2025-07-11,0,152,3,Preventive,Yes,Completed
SMMS004075,AST006442,Interlocking,C00065,17.2,Route Relay Interlocking,Interlocking inspection,Critical,4,4,2,2025-06-17,2025-06-20,11,257,3,Inspection,Yes,Open
SMMS004076,AST005605,Level Crossing Signal,C00087,25.6,LC Gate Signal,Signal failure,Low,2,2,2,2025-06-30,2025-07-28,0,90,4,Preventive,No,Open
SMMS004077,AST005898,Level Crossing Signal,C00021,5.2,LC Gate Signal,Signal failure,High,2,2,2,2025-03-29,2025-04-04,88,115,2,Corrective,Yes,Open
SMMS004078,AST007498,Axle Counter,C00074,2.7,Axle Counter,Axle counter fault,Medium,4,2,1,2025-03-10,2025-03-27,96,77,2,Preventive,Yes,Open
SMMS004079,AST007066,Axle Counter,C00033,45.0,Axle Counter,Axle counter fault,Medium,2,3,2,2025-06-06,2025-06-21,10,97,3,Corrective,Yes,Open
SMMS004080,AST008548,Track Circuit,C00066,50.3,Track Circuit,Track circuit fault,High,2,4,2,2025-06-26,2025-07-03,0,112,3,Corrective,No,In Progress
SMMS004081,AST005570,Interlocking,C00072,37.8,Route Relay Interlocking,Interlocking inspection,Medium,4,3,3,2025-06-05,2025-06-22,9,217,3,Inspection,No,Scheduled
SMMS004082,AST007159,Level Crossing Signal,C00042,66.1,LC Gate Signal,Signal failure,Low,3,1,2,2025-06-09,2025-07-12,0,139,3,Inspection,Yes,Completed
SMMS004083,AST006776,Telecom Cable,C00011,227.6,Quad Cable,Cable fault,Critical,5,5,3,2025-05-20,2025-05-21,41,234,5,Preventive,Yes,Open
SMMS004084,AST005845,Point Machine,C00060,1.4,Electric Point Machine,Point machine fault,Medium,3,2,1,2025-06-28,2025-07-17,0,129,2,Preventive,Yes,Scheduled
SMMS004085,AST008267,Signal,C00029,94.0,Colour Light Signal,Signal failure,Low,3,2,2,2025-06-21,2025-07-16,0,113,2,Preventive,No,Open
SMMS004086,AST008163,Optical Fiber,C00012,65.1,OFC Link,Cable fault,Medium,2,3,2,2025-06-16,2025-07-05,0,156,1,Preventive,No,Scheduled
SMMS004087,AST007882,Optical Fiber,C00067,64.6,OFC Link,Cable fault,Low,1,1,1,2025-06-18,2025-07-31,0,149,4,Corrective,Yes,Scheduled
SMMS004088,AST007783,Point Machine,C00070,18.4,Electric Point Machine,Point machine fault,Medium,2,2,1,2025-05-17,2025-06-09,22,114,3,Corrective,No,Open
SMMS004089,AST007339,Point Machine,C00098,3.4,Electric Point Machine,Point machine fault,Medium,3,3,3,2025-06-18,2025-07-05,0,194,2,Corrective,Yes,Scheduled
SMMS004090,AST006900,Optical Fiber,C00025,403.6,OFC Link,Cable fault,Medium,2,4,1,2025-06-17,2025-07-02,0,130,2,Corrective,No,In Progress
SMMS004091,AST006762,Track Circuit,C00043,1.0,Track Circuit,Track circuit fault,Critical,2,4,4,2025-06-25,2025-06-28,0,112,5,Preventive,Yes,Completed
SMMS004092,AST007355,Telecom Cable,C00032,20.2,Quad Cable,Cable fault,Low,4,1,1,2025-05-20,2025-06-22,0,160,3,Corrective,No,Completed
SMMS004093,AST007245,Track Circuit,C00077,34.3,Track Circuit,Track circuit fault,Medium,4,3,1,2025-06-05,2025-06-21,10,129,2,Corrective,Yes,Scheduled
SMMS004094,AST008257,Level Crossing Signal,C00084,41.8,LC Gate Signal,Signal failure,Medium,2,1,2,2025-05-22,2025-06-10,21,68,2,Preventive,No,Scheduled
SMMS004095,AST008068,Interlocking,C00078,119.7,Route Relay Interlocking,Interlocking inspection,High,2,3,3,2025-06-28,2025-07-05,0,212,3,Inspection,Yes,Scheduled
SMMS004096,AST008632,Track Circuit,C00068,140.7,Track Circuit,Track circuit fault,Low,2,2,1,2025-06-11,2025-07-25,0,120,3,Corrective,Yes,In Progress
SMMS004097,AST007652,Telecom Cable,C00036,52.5,Quad Cable,Cable fault,Medium,2,4,2,2025-06-18,2025-07-10,0,154,4,Preventive,Yes,Completed
SMMS004098,AST008103,Level Crossing Signal,C00056,15.7,LC Gate Signal,Signal failure,Critical,3,5,3,2025-06-25,2025-06-29,2,72,2,Corrective,No,Open
SMMS004099,AST005510,Level Crossing Signal,C00017,0.5,LC Gate Signal,Signal failure,Medium,3,3,2,2025-05-20,2025-06-07,24,196,2,Corrective,Yes,In Progress
SMMS004100,AST006556,Axle Counter,C00069,226.1,Axle Counter,Axle counter fault,Medium,3,2,2,2025-06-19,2025-07-12,0,120,2,Corrective,No,Open
SMMS004101,AST006754,Level Crossing Signal,C00035,4.2,LC Gate Signal,Signal failure,Low,2,2,1,2025-06-11,2025-07-17,0,149,3,Inspection,No,Scheduled
SMMS004102,AST006659,Level Crossing Signal,C00031,28.2,LC Gate Signal,Signal failure,Low,2,1,2,2025-04-03,2025-05-07,55,139,4,Corrective,Yes,Open
SMMS004103,AST007552,Axle Counter,C00057,10.6,Axle Counter,Axle counter fault,Critical,4,4,2,2025-06-25,2025-06-27,0,140,3,Preventive,No,Completed
SMMS004104,AST007205,Level Crossing Signal,C00084,274.9,LC Gate Signal,Signal failure,Medium,1,4,2,2025-06-27,2025-07-17,0,64,3,Corrective,No,Scheduled
SMMS004105,AST007712,Axle Counter,C00025,62.8,Axle Counter,Axle counter fault,Low,2,2,1,2025-05-26,2025-07-06,0,107,3,Corrective,No,Open
SMMS004106,AST005355,Level Crossing Signal,C00062,36.9,LC Gate Signal,Signal failure,High,2,3,4,2025-04-01,2025-04-09,83,143,4,Corrective,No,Scheduled
SMMS004107,AST007270,Interlocking,C00018,16.3,Route Relay Interlocking,Interlocking inspection,Medium,4,4,2,2025-06-05,2025-06-19,12,205,2,Inspection,No,Scheduled
SMMS004108,AST008224,Optical Fiber,C00005,28.4,OFC Link,Cable fault,Critical,4,5,4,2025-06-25,2025-06-27,4,115,2,Corrective,No,Open
SMMS004109,AST008156,Signal,C00060,12.8,Colour Light Signal,Signal lamp/equipment replacement,High,4,2,2,2025-06-24,2025-07-05,0,103,3,Corrective,Yes,Completed
SMMS004110,AST007530,Signal,C00055,29.8,Colour Light Signal,Signal lamp/equipment replacement,Low,3,1,1,2025-05-17,2025-06-18,13,60,2,Preventive,No,Scheduled
SMMS004111,AST007627,Level Crossing Signal,C00083,1.6,LC Gate Signal,Signal failure,Low,2,3,1,2025-05-23,2025-06-21,10,60,2,Corrective,Yes,Open
SMMS004112,AST008436,Telecom Cable,C00010,24.9,Quad Cable,Cable fault,Medium,4,2,2,2025-06-08,2025-06-27,4,190,3,Corrective,Yes,Open
SMMS004113,AST005313,Optical Fiber,C00011,24.9,OFC Link,Cable fault,Medium,5,2,2,2025-06-22,2025-07-10,0,210,3,Preventive,No,Scheduled
SMMS004114,AST007646,Telecom Cable,C00034,5.7,Quad Cable,Cable fault,High,2,4,4,2025-05-29,2025-06-04,27,201,5,Corrective,Yes,Open
SMMS004115,AST006576,Relay,C00030,15.6,Relay Interlocking,Relay degradation,High,4,3,2,2025-03-26,2025-04-06,86,123,5,Preventive,No,In Progress
SMMS004116,AST006251,Axle Counter,C00083,31.5,Axle Counter,Axle counter fault,High,3,5,2,2025-05-27,2025-06-06,25,105,3,Preventive,No,Open
SMMS004117,AST005694,Signal,C00092,40.4,Colour Light Signal,Signal lamp/equipment replacement,Low,3,2,1,2025-06-15,2025-07-22,0,131,4,Corrective,Yes,Open
SMMS004118,AST006834,Point Machine,C00070,29.3,Electric Point Machine,Point machine fault,High,4,2,2,2025-06-25,2025-07-03,0,138,2,Corrective,No,Deferred
SMMS004119,AST005849,Interlocking,C00079,42.1,Route Relay Interlocking,Interlocking inspection,Medium,4,2,2,2025-06-28,2025-07-19,0,207,3,Inspection,Yes,Completed
SMMS004120,AST005985,Track Circuit,C00071,5.8,Track Circuit,Track circuit fault,Medium,3,2,1,2025-06-22,2025-07-09,0,139,4,Corrective,Yes,Completed
SMMS004121,AST008283,Axle Counter,C00011,298.9,Axle Counter,Axle counter fault,Critical,4,4,5,2025-05-22,2025-05-24,38,155,3,Corrective,No,Open
SMMS004122,AST007077,Interlocking,C00010,48.8,Route Relay Interlocking,Interlocking inspection,Low,2,2,2,2025-06-29,2025-08-04,0,176,3,Inspection,No,Open
SMMS004123,AST005875,Optical Fiber,C00020,83.0,OFC Link,Cable fault,High,3,3,2,2025-06-07,2025-06-16,15,133,3,Corrective,Yes,Open
SMMS004124,AST006613,Track Circuit,C00035,67.3,Track Circuit,Track circuit fault,Low,3,1,1,2025-06-22,2025-08-02,0,130,4,Inspection,No,Completed
SMMS004125,AST007758,Signal,C00094,168.8,Colour Light Signal,Signal failure,Medium,4,2,2,2025-05-21,2025-06-05,26,144,4,Preventive,Yes,Open
SMMS004126,AST005496,Axle Counter,C00025,84.7,Axle Counter,Axle counter fault,Critical,5,4,4,2025-03-07,2025-03-09,114,153,2,Corrective,No,Deferred
SMMS004127,AST006164,Telecom Cable,C00063,127.7,Quad Cable,Cable fault,Low,1,2,1,2025-06-21,2025-07-25,0,216,3,Corrective,Yes,Open
SMMS004128,AST007621,Telecom Cable,C00025,280.9,Quad Cable,Cable fault,Critical,4,5,3,2025-06-25,2025-06-29,2,172,4,Preventive,Yes,In Progress
SMMS004129,AST006370,Point Machine,C00005,40.1,Electric Point Machine,Point machine fault,Low,3,1,2,2025-06-12,2025-07-17,0,136,4,Inspection,No,Completed
SMMS004130,AST008021,Axle Counter,C00039,21.9,Axle Counter,Axle counter fault,High,4,4,2,2025-05-21,2025-05-30,0,121,2,Corrective,Yes,Completed
SMMS004131,AST007245,Track Circuit,C00077,34.3,Track Circuit,Track circuit fault,Medium,4,2,3,2025-05-19,2025-06-01,30,105,2,Preventive,Yes,Scheduled
SMMS004132,AST006095,Point Machine,C00056,23.1,Electric Point Machine,Point machine fault,Low,2,2,1,2025-03-29,2025-05-03,0,196,4,Preventive,Yes,Completed
SMMS004133,AST008301,Point Machine,C00026,247.0,Electric Point Machine,Point machine fault,Medium,4,2,3,2025-06-27,2025-07-19,0,172,5,Corrective,Yes,Completed
SMMS004134,AST005594,Point Machine,C00088,63.5,Electric Point Machine,Point machine fault,High,3,3,3,2025-06-20,2025-06-28,3,206,2,Corrective,Yes,Open
SMMS004135,AST006076,Axle Counter,C00034,19.0,Axle Counter,Axle counter fault,Medium,3,3,3,2025-06-02,2025-06-21,0,131,3,Corrective,Yes,Completed
SMMS004136,AST006426,Optical Fiber,C00097,5.0,OFC Link,Cable fault,Medium,4,3,1,2025-06-24,2025-07-11,0,147,1,Preventive,No,Open
SMMS004137,AST006002,Interlocking,C00098,1.3,Route Relay Interlocking,Interlocking inspection,Low,1,3,2,2025-06-07,2025-07-05,0,284,4,Inspection,Yes,Open
SMMS004138,AST005820,Optical Fiber,C00064,4.0,OFC Link,Cable fault,Low,3,2,1,2025-06-23,2025-07-27,0,112,3,Inspection,Yes,In Progress
SMMS004139,AST008328,Interlocking,C00036,50.3,Route Relay Interlocking,Interlocking inspection,High,4,3,5,2025-06-15,2025-06-24,7,226,5,Inspection,Yes,Scheduled
SMMS004140,AST008031,Telecom Cable,C00060,24.8,Quad Cable,Cable fault,Medium,3,3,3,2025-03-07,2025-03-27,96,225,4,Corrective,Yes,Open
SMMS004141,AST005417,Level Crossing Signal,C00034,15.4,LC Gate Signal,Signal failure,Critical,4,4,3,2025-06-05,2025-06-08,0,103,3,Corrective,Yes,Completed
SMMS004142,AST007789,Interlocking,C00032,16.3,Route Relay Interlocking,Interlocking inspection,Medium,5,3,1,2025-06-24,2025-07-17,0,211,5,Inspection,Yes,Completed
SMMS004143,AST007714,Relay,C00050,30.2,Relay Interlocking,Relay degradation,Medium,3,2,2,2025-06-05,2025-06-24,7,175,2,Preventive,No,Open
SMMS004144,AST007292,Interlocking,C00099,0.5,Route Relay Interlocking,Interlocking inspection,High,1,4,3,2025-04-18,2025-04-27,65,170,4,Inspection,No,Open
SMMS004145,AST006554,Track Circuit,C00078,24.2,Track Circuit,Track circuit fault,Low,3,2,1,2025-06-16,2025-07-15,0,150,4,Inspection,No,Open
SMMS004146,AST008517,Telecom Cable,C00051,16.1,Quad Cable,Cable fault,High,4,4,2,2025-06-27,2025-07-04,0,163,3,Preventive,No,Open
SMMS004147,AST005491,Relay,C00099,13.9,Relay Interlocking,Relay degradation,Low,3,2,1,2025-05-07,2025-06-07,24,152,4,Inspection,No,In Progress
SMMS004148,AST006395,Point Machine,C00049,95.2,Electric Point Machine,Point machine fault,Low,3,1,2,2025-05-19,2025-06-19,0,58,2,Preventive,Yes,Completed
SMMS004149,AST006323,Point Machine,C00047,27.8,Electric Point Machine,Point machine fault,Low,2,2,3,2025-06-11,2025-07-13,0,81,3,Preventive,Yes,In Progress
SMMS004150,AST007782,Telecom Cable,C00068,118.5,Quad Cable,Cable fault,High,4,4,2,2025-06-21,2025-06-30,1,189,3,Corrective,No,Open
SMMS004151,AST008374,Track Circuit,C00026,179.0,Track Circuit,Track circuit fault,High,4,3,2,2025-06-30,2025-07-07,0,172,3,Corrective,Yes,Completed
SMMS004152,AST005758,Level Crossing Signal,C00040,58.3,LC Gate Signal,Signal failure,Medium,1,3,3,2025-06-28,2025-07-19,0,133,3,Corrective,No,Open
SMMS004153,AST005432,Signal,C00065,62.4,Colour Light Signal,Signal lamp/equipment replacement,Low,2,1,1,2025-06-22,2025-08-02,0,85,3,Preventive,Yes,Completed
SMMS004154,AST007676,Optical Fiber,C00003,68.5,OFC Link,Cable fault,Low,3,2,2,2025-06-23,2025-07-28,0,106,2,Inspection,No,Deferred
SMMS004155,AST008308,Point Machine,C00074,8.3,Electric Point Machine,Point machine fault,Critical,1,4,3,2025-06-17,2025-06-19,12,138,2,Preventive,Yes,Scheduled
SMMS004156,AST007248,Relay,C00053,2.8,Relay Interlocking,Relay degradation,Medium,3,3,2,2025-03-14,2025-04-03,89,117,5,Preventive,No,Scheduled
SMMS004157,AST005998,Point Machine,C00076,128.6,Electric Point Machine,Point machine fault,Medium,2,2,3,2025-04-17,2025-05-01,61,128,2,Corrective,Yes,In Progress
SMMS004158,AST008325,Telecom Cable,C00046,5.7,Quad Cable,Cable fault,Low,3,2,2,2025-06-12,2025-07-05,0,169,4,Corrective,No,Open
SMMS004159,AST007483,Signal,C00032,23.4,Colour Light Signal,Signal lamp/equipment replacement,High,5,3,1,2025-05-25,2025-06-04,27,61,3,Corrective,Yes,Deferred
SMMS004160,AST006246,Level Crossing Signal,C00087,35.7,LC Gate Signal,Signal failure,Medium,3,3,1,2025-05-11,2025-05-31,31,126,3,Preventive,Yes,Open
SMMS004161,AST005334,Signal,C00099,0.8,Colour Light Signal,Signal failure,Medium,3,3,3,2025-03-12,2025-04-04,0,103,4,Preventive,Yes,Completed
SMMS004162,AST008159,Optical Fiber,C00033,24.7,OFC Link,Cable fault,Low,3,1,2,2025-06-19,2025-07-09,0,128,2,Preventive,Yes,Open
SMMS004163,AST006353,Point Machine,C00026,161.7,Electric Point Machine,Point machine fault,Medium,4,2,2,2025-05-21,2025-06-06,25,156,3,Corrective,No,Deferred
SMMS004164,AST007978,Track Circuit,C00090,58.9,Track Circuit,Track circuit fault,Medium,2,3,2,2025-06-11,2025-06-30,1,191,4,Preventive,No,Open
SMMS004165,AST007922,Track Circuit,C00083,41.9,Track Circuit,Track circuit fault,Medium,3,2,2,2025-06-16,2025-07-04,0,102,4,Corrective,No,Open
SMMS004166,AST006743,Optical Fiber,C00092,25.2,OFC Link,Cable fault,Low,3,2,1,2025-05-31,2025-07-09,0,174,2,Preventive,Yes,Open
SMMS004167,AST005723,Telecom Cable,C00022,103.7,Quad Cable,Cable fault,Low,2,2,1,2025-06-27,2025-07-24,0,145,3,Preventive,Yes,Open
SMMS004168,AST005743,Interlocking,C00088,94.8,Route Relay Interlocking,Interlocking inspection,High,4,4,3,2025-05-24,2025-05-31,31,273,4,Inspection,Yes,Open
SMMS004169,AST008237,Signal,C00052,170.2,Colour Light Signal,Signal lamp/equipment replacement,Low,2,3,1,2025-06-28,2025-08-04,0,38,2,Inspection,Yes,Open
SMMS004170,AST008144,Signal,C00091,183.0,Colour Light Signal,Signal failure,Medium,4,4,1,2025-06-14,2025-07-03,0,171,2,Preventive,No,Open
SMMS004171,AST007110,Level Crossing Signal,C00022,121.5,LC Gate Signal,Signal failure,Critical,4,5,4,2025-06-20,2025-06-23,8,161,3,Preventive,Yes,Open
SMMS004172,AST007491,Level Crossing Signal,C00074,2.7,LC Gate Signal,Signal failure,Low,1,1,2,2025-06-18,2025-07-28,0,122,3,Inspection,No,Completed
SMMS004173,AST006328,Point Machine,C00072,84.9,Electric Point Machine,Point machine fault,Critical,4,4,3,2025-03-29,2025-04-01,0,113,4,Corrective,Yes,Completed
SMMS004174,AST008348,Relay,C00085,222.2,Relay Interlocking,Relay degradation,Critical,4,4,3,2025-06-03,2025-06-07,24,141,4,Corrective,Yes,Open
SMMS004175,AST007284,Signal,C00079,38.5,Colour Light Signal,Signal failure,Low,2,2,2,2025-06-05,2025-07-17,0,213,3,Inspection,No,Open
SMMS004176,AST005312,Axle Counter,C00047,33.3,Axle Counter,Axle counter fault,Low,3,3,2,2025-04-26,2025-06-12,19,110,5,Inspection,Yes,Open
SMMS004177,AST008482,Track Circuit,C00010,13.0,Track Circuit,Track circuit fault,High,3,3,3,2025-06-22,2025-06-28,0,177,4,Corrective,No,Completed
SMMS004178,AST007261,Optical Fiber,C00013,33.0,OFC Link,Cable fault,High,2,4,3,2025-05-23,2025-06-03,28,203,4,Preventive,Yes,Open
SMMS004179,AST008246,Telecom Cable,C00097,12.1,Quad Cable,Cable fault,Low,2,2,2,2025-05-02,2025-06-09,22,221,3,Inspection,Yes,Scheduled
SMMS004180,AST007693,Axle Counter,C00086,224.0,Axle Counter,Axle counter fault,Low,2,2,1,2025-06-18,2025-07-23,0,44,2,Corrective,Yes,Completed
SMMS004181,AST006511,Point Machine,C00098,3.4,Electric Point Machine,Point machine fault,High,5,4,3,2025-06-16,2025-06-25,6,229,5,Preventive,No,Open
SMMS004182,AST007070,Track Circuit,C00090,66.6,Track Circuit,Track circuit fault,Low,3,2,3,2025-06-18,2025-08-02,0,110,3,Preventive,Yes,Deferred
SMMS004183,AST006824,Telecom Cable,C00063,154.5,Quad Cable,Cable fault,Medium,1,2,1,2025-05-24,2025-06-12,19,165,2,Corrective,Yes,Open
SMMS004184,AST007309,Axle Counter,C00029,62.6,Axle Counter,Axle counter fault,Medium,4,2,2,2025-06-15,2025-07-02,0,76,3,Preventive,No,In Progress
SMMS004185,AST006895,Telecom Cable,C00075,46.9,Quad Cable,Cable fault,High,3,4,3,2025-03-18,2025-03-24,99,191,2,Corrective,Yes,Scheduled
SMMS004186,AST005563,Axle Counter,C00062,49.3,Axle Counter,Axle counter fault,High,4,3,2,2025-04-15,2025-04-25,67,127,4,Preventive,No,Deferred
SMMS004187,AST007623,Telecom Cable,C00094,11.1,Quad Cable,Cable fault,Medium,3,4,2,2025-05-26,2025-06-16,15,152,3,Preventive,No,Scheduled
SMMS004188,AST007704,Signal,C00008,43.6,Colour Light Signal,Signal failure,Medium,4,2,2,2025-06-28,2025-07-14,0,135,4,Corrective,No,Completed
SMMS004189,AST006848,Telecom Cable,C00017,4.5,Quad Cable,Cable fault,Medium,3,4,2,2025-04-26,2025-05-17,45,138,4,Preventive,Yes,Open
SMMS004190,AST005558,Telecom Cable,C00057,38.4,Quad Cable,Cable fault,Critical,3,4,2,2025-06-01,2025-06-03,28,231,4,Corrective,No,Open
SMMS004191,AST006755,Point Machine,C00071,19.9,Electric Point Machine,Point machine fault,Low,1,2,1,2025-06-24,2025-08-04,0,79,2,Corrective,Yes,Scheduled
SMMS004192,AST008624,Optical Fiber,C00081,11.8,OFC Link,Cable fault,Low,3,2,2,2025-04-09,2025-05-08,54,211,6,Corrective,No,Open
SMMS004193,AST008621,Axle Counter,C00032,1.1,Axle Counter,Axle counter fault,Medium,3,2,2,2025-03-14,2025-03-29,0,68,1,Preventive,No,Completed
SMMS004194,AST006740,Track Circuit,C00063,118.1,Track Circuit,Track circuit fault,High,3,3,2,2025-03-29,2025-04-06,86,160,4,Preventive,Yes,Open
SMMS004195,AST006558,Telecom Cable,C00047,16.1,Quad Cable,Cable fault,Medium,3,1,2,2025-06-18,2025-07-03,0,202,3,Corrective,Yes,Open
SMMS004196,AST007938,Telecom Cable,C00081,59.5,Quad Cable,Cable fault,Medium,2,2,1,2025-05-21,2025-06-08,23,148,4,Corrective,Yes,Open
SMMS004197,AST007246,Relay,C00017,4.2,Relay Interlocking,Relay degradation,Low,3,1,1,2025-06-22,2025-07-29,0,123,3,Inspection,No,In Progress
SMMS004198,AST008037,Level Crossing Signal,C00010,75.6,LC Gate Signal,Signal failure,Medium,4,2,1,2025-06-19,2025-07-03,0,129,3,Preventive,Yes,In Progress
SMMS004199,AST008580,Level Crossing Signal,C00021,11.5,LC Gate Signal,Signal failure,High,3,4,3,2025-05-19,2025-05-27,35,74,4,Preventive,Yes,Deferred
SMMS004200,AST008074,Optical Fiber,C00070,7.3,OFC Link,Cable fault,Low,2,2,1,2025-06-29,2025-07-23,0,146,2,Preventive,Yes,Open
