task_id,asset_id,asset_type,corridor_id,location_km,defect_or_task,defect_category,severity,criticality_1_5,safety_risk_1_5,operational_impact_1_5,reported_date,due_date,overdue_days,estimated_duration_min,required_team_size,maintenance_type,weather_sensitive,possession_required,status
TMS000001,AST004613,Weld,C00069,127.8,Rail wear,Rail Defect,Medium,4,2,2,2025-05-18,2025-06-12,19,75,2,Preventive,No,Yes,Scheduled
TMS000002,AST005034,Ballast,C00033,0.3,Ballast deficiency,Ballast Defect,Low,2,1,2,2025-05-10,2025-06-26,0,43,3,Preventive,No,Yes,Completed
TMS000003,AST000826,Crossing,C00078,7.6,Drainage issue,Drainage,Medium,2,3,2,2025-04-16,2025-05-06,56,91,4,Preventive,Yes,No,Open
TMS000004,AST004620,Sleeper,C00002,30.1,Weld defect,Rail Defect,Medium,2,3,1,2025-02-16,2025-03-14,109,114,2,Preventive,No,Yes,Open
TMS000005,AST001012,Crossing,C00078,24.7,Preventive maintenance,Preventive,High,2,5,3,2025-05-06,2025-05-18,44,78,2,Preventive,Yes,Yes,Open
TMS000006,AST002759,Switch,C00041,23.5,Ballast deficiency,Ballast Defect,Medium,3,1,2,2025-06-10,2025-06-30,1,115,3,Preventive,Yes,Yes,Open
TMS000007,AST004893,Bridge,C00056,12.2,Corrective maintenance,Corrective,Low,3,2,1,2025-03-17,2025-05-05,57,252,6,Corrective,No,Yes,Scheduled
TMS000008,AST004121,Sleeper,C00094,86.2,Weld defect,Rail Defect,Medium,3,3,3,2025-06-14,2025-07-12,0,146,3,Preventive,No,Yes,Open
TMS000009,AST002203,Track,C00068,73.0,Turnout wear,Turnout/Switch Defect,High,4,4,2,2025-05-18,2025-05-26,36,229,4,Corrective,No,Yes,Scheduled
TMS000010,AST003417,Crossing,C00084,168.7,Rail crack,Rail Defect,High,3,4,3,2025-06-25,2025-07-08,0,119,2,Corrective,Yes,Yes,Scheduled
TMS000011,AST003665,Switch,C00033,70.0,Rail crack,Rail Defect,Low,3,3,1,2025-04-06,2025-05-17,45,182,4,Preventive,Yes,Yes,Scheduled
TMS000012,AST003054,Turnout,C00054,9.9,Sleeper damage,Sleeper Defect,Low,2,2,2,2025-06-29,2025-08-06,0,115,3,Preventive,No,Yes,Scheduled
TMS000013,AST000528,Weld,C00014,0.5,Preventive maintenance,Preventive,Medium,4,3,1,2025-06-25,2025-07-23,0,128,1,Preventive,Yes,Yes,Scheduled
TMS000014,AST002462,Rail,C00005,99.5,Corrective maintenance,Corrective,Medium,1,2,3,2025-05-02,2025-05-20,42,220,4,Corrective,No,Yes,Deferred
TMS000015,AST000114,Sleeper,C00002,48.8,Rail wear,Rail Defect,Low,1,1,1,2025-03-13,2025-04-24,68,150,2,Preventive,No,Yes,Open
TMS000016,AST000377,Switch,C00092,3.9,Corrective maintenance,Corrective,Medium,3,4,2,2025-06-22,2025-07-13,0,211,5,Corrective,No,Yes,Scheduled
TMS000017,AST000674,Track,C00081,36.4,Drainage issue,Drainage,Low,3,3,1,2025-06-08,2025-07-22,0,110,3,Preventive,No,Yes,Open
TMS000018,AST004261,Bridge,C00078,50.1,Corrective maintenance,Corrective,High,3,3,4,2025-05-14,2025-05-24,38,280,3,Corrective,No,Yes,Open
TMS000019,AST001757,Switch,C00063,155.8,Scheduled inspection,Inspection,Medium,2,3,1,2025-05-05,2025-05-20,0,85,2,Inspection,No,Yes,Completed
TMS000020,AST002104,Weld,C00036,25.5,Corrective maintenance,Corrective,Critical,4,4,3,2025-03-23,2025-03-28,95,308,4,Corrective,No,Yes,In Progress
TMS000021,AST003486,Bridge,C00003,49.0,Scheduled inspection,Inspection,Critical,3,5,3,2025-06-25,2025-06-29,2,43,2,Inspection,No,Yes,Open
TMS000022,AST002431,Ballast,C00094,102.3,Track geometry defect,Track Geometry,Medium,3,2,2,2025-06-13,2025-06-30,1,162,4,Preventive,No,Yes,In Progress
TMS000023,AST003204,Switch,C00037,62.8,Rail wear,Rail Defect,Low,3,2,1,2025-05-12,2025-06-17,14,132,3,Preventive,No,Yes,Open
TMS000024,AST001773,Bridge,C00065,54.5,Sleeper damage,Sleeper Defect,Low,2,2,2,2025-02-11,2025-03-18,0,136,4,Preventive,Yes,Yes,Completed
TMS000025,AST000233,Ballast,C00068,131.3,Alignment defect,Track Geometry,Medium,3,3,2,2025-02-13,2025-02-27,124,148,3,Preventive,No,Yes,Scheduled
TMS000026,AST002056,Sleeper,C00042,11.8,Alignment defect,Track Geometry,Critical,5,5,5,2025-05-21,2025-05-28,34,287,3,Corrective,No,Yes,Open
TMS000027,AST003894,Switch,C00093,68.9,Preventive maintenance,Preventive,Low,4,2,1,2025-02-07,2025-03-24,99,36,4,Preventive,No,Yes,Scheduled
TMS000028,AST001133,Switch,C00076,100.4,Rail wear,Rail Defect,Medium,3,3,2,2025-03-06,2025-03-26,97,110,3,Preventive,No,Yes,Open
TMS000029,AST000749,Ballast,C00052,158.0,Corrective maintenance,Corrective,Low,1,1,1,2025-06-09,2025-07-13,0,212,3,Corrective,No,Yes,Scheduled
TMS000030,AST001263,Sleeper,C00063,130.7,Corrective maintenance,Corrective,Medium,3,2,1,2025-03-27,2025-04-24,68,244,3,Corrective,No,Yes,Open
TMS000031,AST001568,Rail,C00041,30.5,Track geometry defect,Track Geometry,Medium,3,3,5,2025-05-23,2025-06-16,15,226,4,Preventive,No,Yes,Open
TMS000032,AST002076,Track,C00037,70.1,Gauge defect,Track Geometry,High,3,4,3,2025-05-04,2025-05-17,45,49,2,Corrective,No,Yes,Scheduled
TMS000033,AST001251,Turnout,C00022,63.0,Weld defect,Rail Defect,Low,2,2,2,2025-06-07,2025-07-19,0,73,3,Preventive,No,No,In Progress
TMS000034,AST001159,Bridge,C00056,34.6,Rail crack,Rail Defect,Low,2,3,2,2025-05-10,2025-06-24,7,156,4,Preventive,Yes,Yes,Scheduled
TMS000035,AST004022,Crossing,C00012,16.0,Rail crack,Rail Defect,Low,1,1,1,2025-06-21,2025-08-13,0,168,2,Preventive,Yes,Yes,Open
TMS000036,AST004868,Turnout,C00038,101.8,Turnout wear,Turnout/Switch Defect,Low,3,2,2,2025-06-07,2025-07-25,0,229,3,Preventive,No,No,Open
TMS000037,AST001130,Track,C00069,8.4,Scheduled inspection,Inspection,Medium,2,2,1,2025-02-22,2025-03-16,0,62,2,Inspection,No,No,Completed
TMS000038,AST001584,Weld,C00081,31.3,Rail crack,Rail Defect,Low,2,1,1,2025-05-30,2025-07-06,0,201,4,Preventive,Yes,Yes,Open
TMS000039,AST000711,Bridge,C00012,7.4,Alignment defect,Track Geometry,Medium,1,3,2,2025-06-22,2025-07-17,0,143,3,Preventive,Yes,Yes,Completed
TMS000040,AST003550,Sleeper,C00038,138.4,Drainage issue,Drainage,Medium,2,2,2,2025-02-25,2025-03-20,103,100,2,Preventive,Yes,No,Open
TMS000041,AST000131,Sleeper,C00094,165.2,Alignment defect,Track Geometry,Low,3,1,1,2025-06-12,2025-08-03,0,157,3,Preventive,Yes,Yes,Completed
TMS000042,AST000138,Crossing,C00028,3.5,Preventive maintenance,Preventive,Low,2,1,3,2025-05-22,2025-07-03,0,75,3,Preventive,No,Yes,Completed
TMS000043,AST003611,Track,C00029,90.1,Rail crack,Rail Defect,Low,2,1,2,2025-05-12,2025-06-11,20,164,4,Preventive,No,Yes,Open
TMS000044,AST001486,Crossing,C00083,105.5,Drainage issue,Drainage,Low,3,2,1,2025-06-16,2025-07-28,0,87,4,Preventive,Yes,Yes,In Progress
TMS000045,AST002355,Sleeper,C00034,33.6,Sleeper damage,Sleeper Defect,Medium,3,2,2,2025-04-07,2025-04-28,0,96,3,Preventive,No,Yes,Completed
TMS000046,AST002365,Rail,C00061,52.1,Alignment defect,Track Geometry,Medium,3,2,1,2025-04-28,2025-05-20,42,153,3,Preventive,Yes,No,Open
TMS000047,AST003602,Rail,C00079,11.2,Turnout wear,Turnout/Switch Defect,Medium,2,2,1,2025-03-11,2025-04-04,88,281,3,Preventive,No,Yes,Open
TMS000048,AST004781,Weld,C00074,18.3,Rail crack,Rail Defect,Low,2,1,1,2025-05-28,2025-07-06,0,194,5,Preventive,Yes,Yes,Completed
TMS000049,AST003212,Ballast,C00080,24.1,Gauge defect,Track Geometry,Medium,3,3,2,2025-05-23,2025-06-19,12,223,1,Preventive,No,Yes,Scheduled
TMS000050,AST000708,Sleeper,C00049,115.1,Rail crack,Rail Defect,High,2,4,1,2025-06-17,2025-06-27,4,163,2,Corrective,Yes,Yes,Open
TMS000051,AST003721,Switch,C00032,9.2,Drainage issue,Drainage,Medium,3,4,2,2025-06-21,2025-07-16,0,81,4,Preventive,No,Yes,Open
TMS000052,AST002996,Bridge,C00003,14.5,Track geometry defect,Track Geometry,Medium,2,3,2,2025-06-12,2025-07-07,0,262,5,Preventive,Yes,Yes,Completed
TMS000053,AST004534,Crossing,C00086,237.3,Alignment defect,Track Geometry,Low,2,1,2,2025-06-03,2025-07-09,0,129,1,Preventive,Yes,Yes,In Progress
TMS000054,AST002207,Bridge,C00064,44.7,Sleeper damage,Sleeper Defect,Medium,2,2,2,2025-06-17,2025-07-08,0,117,1,Preventive,No,Yes,Completed
TMS000055,AST004019,Rail,C00066,12.3,Sleeper damage,Sleeper Defect,Medium,3,2,1,2025-06-12,2025-07-04,0,33,3,Preventive,No,Yes,Deferred
TMS000056,AST005271,Ballast,C00028,79.2,Scheduled inspection,Inspection,Medium,3,2,2,2025-04-14,2025-05-10,0,49,4,Inspection,No,Yes,Completed
TMS000057,AST004744,Crossing,C00005,85.3,Ballast deficiency,Ballast Defect,High,3,3,3,2025-05-19,2025-05-28,34,142,5,Corrective,Yes,No,Scheduled
TMS000058,AST001983,Weld,C00072,57.0,Alignment defect,Track Geometry,Low,3,1,2,2025-04-10,2025-05-27,35,125,2,Preventive,Yes,Yes,Open
TMS000059,AST005022,Bridge,C00068,136.9,Turnout wear,Turnout/Switch Defect,Medium,5,3,3,2025-03-03,2025-04-01,91,192,3,Preventive,No,Yes,Open
TMS000060,AST005231,Weld,C00075,7.9,Weld defect,Rail Defect,Medium,1,3,2,2025-05-07,2025-05-27,0,208,5,Preventive,No,Yes,Completed
TMS000061,AST001018,Ballast,C00035,77.5,Corrective maintenance,Corrective,Medium,3,3,2,2025-03-17,2025-04-11,0,238,3,Corrective,Yes,Yes,Completed
TMS000062,AST003864,Switch,C00039,18.1,Corrective maintenance,Corrective,Critical,4,4,4,2025-06-11,2025-06-16,15,255,4,Corrective,No,Yes,Scheduled
TMS000063,AST004616,Track,C00017,2.8,Rail wear,Rail Defect,Medium,2,3,1,2025-03-02,2025-03-27,96,100,2,Preventive,No,No,Open
TMS000064,AST001321,Sleeper,C00038,163.0,Ballast deficiency,Ballast Defect,Critical,2,4,4,2025-05-24,2025-05-26,36,72,3,Corrective,No,No,Open
TMS000065,AST000013,Bridge,C00001,354.9,Ballast deficiency,Ballast Defect,Critical,4,4,3,2025-02-16,2025-02-20,131,63,4,Corrective,Yes,Yes,Open
TMS000066,AST003226,Bridge,C00011,196.0,Track geometry defect,Track Geometry,Low,3,1,1,2025-06-30,2025-08-19,0,169,2,Preventive,No,Yes,Open
TMS000067,AST004229,Weld,C00049,72.3,Scheduled inspection,Inspection,Medium,2,2,1,2025-06-22,2025-07-09,0,117,4,Inspection,No,Yes,Scheduled
TMS000068,AST001106,Switch,C00025,262.9,Ballast deficiency,Ballast Defect,Low,1,2,1,2025-03-18,2025-05-05,57,97,4,Preventive,Yes,Yes,In Progress
TMS000069,AST003049,Rail,C00052,113.0,Rail crack,Rail Defect,Medium,2,2,3,2025-06-23,2025-07-10,0,172,4,Preventive,Yes,Yes,Open
TMS000070,AST002612,Sleeper,C00016,38.0,Alignment defect,Track Geometry,Low,4,2,1,2025-06-25,2025-08-17,0,204,4,Preventive,Yes,Yes,In Progress
TMS000071,AST000208,Bridge,C00008,31.5,Preventive maintenance,Preventive,Critical,2,4,4,2025-05-22,2025-05-28,34,44,4,Preventive,No,Yes,In Progress
TMS000072,AST002687,Ballast,C00024,43.2,Ballast deficiency,Ballast Defect,Critical,4,4,2,2025-06-17,2025-06-23,8,274,3,Corrective,No,Yes,Open
TMS000073,AST001464,Weld,C00043,11.3,Sleeper damage,Sleeper Defect,Medium,3,2,3,2025-06-16,2025-07-06,0,101,1,Preventive,No,Yes,Scheduled
TMS000074,AST001213,Sleeper,C00041,2.2,Weld defect,Rail Defect,Medium,3,1,3,2025-05-07,2025-05-31,31,85,2,Preventive,No,No,Open
TMS000075,AST002223,Rail,C00056,13.6,Drainage issue,Drainage,High,3,3,3,2025-04-02,2025-04-09,83,74,1,Corrective,Yes,Yes,Open
TMS000076,AST002317,Ballast,C00046,18.1,Ballast deficiency,Ballast Defect,Medium,2,4,3,2025-05-16,2025-06-10,21,119,2,Preventive,Yes,Yes,Scheduled
TMS000077,AST000372,Turnout,C00065,24.3,Scheduled inspection,Inspection,Medium,2,3,2,2025-06-27,2025-07-22,0,75,4,Inspection,No,Yes,Open
TMS000078,AST000023,Rail,C00089,37.1,Track geometry defect,Track Geometry,High,4,3,3,2025-04-28,2025-05-12,50,189,4,Corrective,Yes,Yes,Scheduled
TMS000079,AST000542,Track,C00096,33.6,Ballast deficiency,Ballast Defect,Medium,1,2,3,2025-05-21,2025-06-10,21,118,5,Preventive,Yes,Yes,Open
TMS000080,AST000883,Weld,C00045,66.8,Ballast deficiency,Ballast Defect,Medium,2,4,3,2025-03-16,2025-04-01,0,159,4,Preventive,Yes,Yes,Completed
TMS000081,AST003907,Turnout,C00055,6.2,Drainage issue,Drainage,Medium,1,2,2,2025-05-02,2025-05-22,40,121,1,Preventive,Yes,Yes,Open
TMS000082,AST004612,Switch,C00008,44.0,Turnout wear,Turnout/Switch Defect,Low,4,2,1,2025-05-16,2025-07-07,0,156,4,Preventive,Yes,Yes,Open
TMS000083,AST002467,Turnout,C00048,33.7,Gauge defect,Track Geometry,High,3,2,4,2025-04-08,2025-04-19,73,192,2,Corrective,No,Yes,Open
TMS000084,AST000990,Weld,C00037,71.0,Gauge defect,Track Geometry,High,4,3,4,2025-06-01,2025-06-09,0,205,5,Corrective,No,Yes,Completed
TMS000085,AST002616,Sleeper,C00060,24.6,Rail crack,Rail Defect,Low,2,1,2,2025-06-20,2025-08-02,0,154,2,Preventive,Yes,Yes,Open
TMS000086,AST000036,Crossing,C00017,3.1,Scheduled inspection,Inspection,Critical,3,4,3,2025-02-07,2025-02-14,137,53,1,Inspection,No,No,Open
TMS000087,AST005195,Rail,C00098,2.3,Alignment defect,Track Geometry,Low,3,1,2,2025-06-29,2025-08-18,0,231,2,Preventive,No,Yes,Scheduled
TMS000088,AST004967,Weld,C00044,39.7,Weld defect,Rail Defect,Low,2,2,2,2025-06-18,2025-08-02,0,133,3,Preventive,No,No,Open
TMS000089,AST004343,Ballast,C00094,19.7,Preventive maintenance,Preventive,Medium,4,3,2,2025-06-25,2025-07-21,0,60,3,Preventive,No,Yes,In Progress
TMS000090,AST002572,Turnout,C00012,80.4,Corrective maintenance,Corrective,Medium,1,3,3,2025-06-13,2025-07-01,0,271,3,Corrective,Yes,Yes,Open
TMS000091,AST001264,Ballast,C00095,0.2,Gauge defect,Track Geometry,Critical,4,5,2,2025-06-16,2025-06-21,10,154,4,Corrective,No,Yes,Scheduled
TMS000092,AST002840,Track,C00071,3.8,Turnout wear,Turnout/Switch Defect,Low,4,1,2,2025-05-11,2025-06-29,2,189,5,Preventive,No,Yes,In Progress
TMS000093,AST004587,Crossing,C00011,27.2,Ballast deficiency,Ballast Defect,Medium,2,2,2,2025-06-13,2025-07-08,0,198,4,Preventive,Yes,Yes,Open
TMS000094,AST000655,Switch,C00095,62.8,Rail crack,Rail Defect,Low,2,1,2,2025-04-24,2025-06-19,12,90,4,Preventive,Yes,Yes,Deferred
TMS000095,AST001643,Bridge,C00036,44.5,Gauge defect,Track Geometry,Medium,3,3,2,2025-03-01,2025-03-17,106,113,2,Preventive,No,Yes,In Progress
TMS000096,AST000690,Weld,C00086,103.4,Ballast deficiency,Ballast Defect,Low,2,3,1,2025-06-21,2025-07-28,0,81,4,Preventive,Yes,Yes,Completed
TMS000097,AST001256,Track,C00045,102.3,Alignment defect,Track Geometry,Medium,4,2,2,2025-06-27,2025-07-20,0,190,4,Preventive,Yes,No,Open
TMS000098,AST003042,Weld,C00006,5.0,Scheduled inspection,Inspection,Low,3,2,2,2025-05-20,2025-06-18,13,34,2,Inspection,No,No,Scheduled
TMS000099,AST003507,Turnout,C00016,18.5,Preventive maintenance,Preventive,Low,3,2,3,2025-02-19,2025-04-10,82,77,3,Preventive,No,Yes,In Progress
TMS000100,AST001563,Turnout,C00036,2.4,Weld defect,Rail Defect,Medium,4,3,2,2025-05-15,2025-06-06,25,133,6,Preventive,Yes,Yes,Open
TMS000101,AST002480,Switch,C00067,118.4,Rail wear,Rail Defect,Critical,3,4,2,2025-06-15,2025-06-21,10,171,4,Corrective,No,Yes,Deferred
TMS000102,AST000194,Crossing,C00056,8.8,Drainage issue,Drainage,Critical,3,5,4,2025-04-09,2025-04-14,78,118,2,Corrective,No,Yes,In Progress
TMS000103,AST004028,Turnout,C00050,42.6,Drainage issue,Drainage,Low,1,2,1,2025-05-07,2025-06-18,13,47,2,Preventive,Yes,Yes,In Progress
TMS000104,AST002577,Bridge,C00024,10.0,Weld defect,Rail Defect,Low,2,2,2,2025-06-04,2025-07-08,0,138,3,Preventive,Yes,Yes,Scheduled
TMS000105,AST003453,Sleeper,C00023,15.9,Rail crack,Rail Defect,Low,3,2,1,2025-06-20,2025-07-21,0,179,3,Preventive,Yes,Yes,Scheduled
TMS000106,AST005053,Bridge,C00077,12.5,Gauge defect,Track Geometry,Low,1,1,1,2025-06-23,2025-08-08,0,128,3,Preventive,No,Yes,Open
TMS000107,AST003987,Sleeper,C00068,61.2,Weld defect,Rail Defect,Medium,3,3,2,2025-05-06,2025-05-29,33,199,4,Preventive,No,Yes,Scheduled
TMS000108,AST001610,Ballast,C00097,0.4,Gauge defect,Track Geometry,High,4,4,3,2025-06-08,2025-06-16,15,106,2,Corrective,No,Yes,In Progress
TMS000109,AST005051,Turnout,C00032,5.9,Weld defect,Rail Defect,High,2,3,3,2025-03-03,2025-03-13,110,105,3,Corrective,No,Yes,Open
TMS000110,AST000217,Rail,C00035,57.8,Weld defect,Rail Defect,Medium,3,2,2,2025-06-07,2025-06-29,0,154,3,Preventive,Yes,Yes,Completed
TMS000111,AST004979,Sleeper,C00010,56.9,Turnout wear,Turnout/Switch Defect,Medium,1,2,1,2025-05-19,2025-06-10,0,155,4,Preventive,No,Yes,Completed
TMS000112,AST004332,Turnout,C00079,17.9,Alignment defect,Track Geometry,Medium,3,4,2,2025-03-12,2025-04-04,88,217,5,Preventive,No,Yes,Open
TMS000113,AST004839,Switch,C00038,30.3,Rail wear,Rail Defect,Low,2,2,2,2025-03-20,2025-04-29,63,154,2,Preventive,Yes,Yes,Open
TMS000114,AST002122,Ballast,C00100,4.2,Ballast deficiency,Ballast Defect,Medium,4,3,3,2025-06-29,2025-07-25,0,113,3,Preventive,Yes,Yes,Scheduled
TMS000115,AST003502,Bridge,C00033,2.5,Corrective maintenance,Corrective,Critical,4,5,4,2025-03-31,2025-04-04,88,356,4,Corrective,Yes,Yes,Open
TMS000116,AST000689,Ballast,C00007,70.2,Sleeper damage,Sleeper Defect,Medium,3,3,2,2025-04-24,2025-05-08,54,115,2,Preventive,No,No,Scheduled
TMS000117,AST000764,Bridge,C00025,186.9,Turnout wear,Turnout/Switch Defect,High,4,3,2,2025-06-07,2025-06-14,0,209,3,Corrective,No,Yes,Completed
TMS000118,AST002531,Sleeper,C00042,35.5,Scheduled inspection,Inspection,Low,1,2,2,2025-02-28,2025-04-06,86,44,1,Inspection,No,No,Open
TMS000119,AST000395,Bridge,C00087,22.0,Gauge defect,Track Geometry,Medium,2,2,2,2025-06-12,2025-07-01,0,206,1,Preventive,No,Yes,Open
TMS000120,AST002718,Switch,C00092,22.4,Weld defect,Rail Defect,Critical,4,5,3,2025-06-16,2025-06-20,11,69,2,Corrective,No,Yes,Open
TMS000121,AST003606,Crossing,C00096,123.7,Rail wear,Rail Defect,High,4,4,4,2025-06-23,2025-07-03,0,110,4,Corrective,No,Yes,Scheduled
TMS000122,AST001790,Track,C00043,8.1,Turnout wear,Turnout/Switch Defect,Low,4,2,1,2025-06-21,2025-08-03,0,182,3,Preventive,No,Yes,Deferred
TMS000123,AST003131,Bridge,C00064,22.6,Corrective maintenance,Corrective,Medium,3,2,3,2025-05-25,2025-06-20,11,190,2,Corrective,No,Yes,Open
TMS000124,AST004899,Ballast,C00028,40.2,Weld defect,Rail Defect,Critical,4,4,5,2025-05-25,2025-05-30,32,107,2,Corrective,No,Yes,Open
TMS000125,AST004857,Rail,C00095,38.6,Drainage issue,Drainage,Low,3,2,1,2025-05-07,2025-06-16,15,54,3,Preventive,No,Yes,Open
TMS000126,AST002500,Crossing,C00049,62.4,Rail crack,Rail Defect,Critical,3,4,3,2025-06-30,2025-07-05,0,222,6,Corrective,No,Yes,Deferred
TMS000127,AST003651,Switch,C00053,90.4,Ballast deficiency,Ballast Defect,High,1,3,3,2025-06-23,2025-07-01,0,153,1,Corrective,Yes,Yes,Completed
TMS000128,AST000136,Rail,C00090,69.2,Corrective maintenance,Corrective,High,3,3,3,2025-03-15,2025-03-28,95,223,4,Corrective,No,Yes,Scheduled
TMS000129,AST002056,Sleeper,C00042,11.8,Gauge defect,Track Geometry,Medium,2,3,3,2025-02-05,2025-02-27,124,122,3,Preventive,No,Yes,Open
TMS000130,AST002555,Track,C00051,57.7,Corrective maintenance,Corrective,Low,2,2,1,2025-05-25,2025-06-29,2,289,4,Corrective,No,Yes,Open
TMS000131,AST000818,Rail,C00014,50.9,Scheduled inspection,Inspection,Medium,3,2,2,2025-05-03,2025-05-26,0,91,2,Inspection,No,No,Completed
TMS000132,AST003824,Sleeper,C00008,69.1,Rail wear,Rail Defect,Low,2,2,1,2025-06-16,2025-08-01,0,73,4,Preventive,No,Yes,Open
TMS000133,AST001652,Crossing,C00038,156.5,Turnout wear,Turnout/Switch Defect,High,3,3,3,2025-06-04,2025-06-15,0,293,3,Corrective,No,Yes,Completed
TMS000134,AST004716,Ballast,C00086,127.5,Turnout wear,Turnout/Switch Defect,Low,3,2,2,2025-05-17,2025-06-25,0,163,4,Preventive,No,Yes,Completed
TMS000135,AST004687,Bridge,C00036,46.6,Alignment defect,Track Geometry,Medium,3,2,2,2025-06-11,2025-07-05,0,247,2,Preventive,Yes,Yes,Scheduled
TMS000136,AST002210,Weld,C00082,87.1,Weld defect,Rail Defect,Low,2,2,1,2025-06-11,2025-07-18,0,140,2,Preventive,No,Yes,Open
TMS000137,AST002565,Bridge,C00040,54.7,Corrective maintenance,Corrective,Low,2,2,2,2025-06-15,2025-08-06,0,211,5,Corrective,No,Yes,In Progress
TMS000138,AST004015,Turnout,C00090,62.1,Scheduled inspection,Inspection,High,3,3,3,2025-06-08,2025-06-16,0,45,2,Inspection,No,Yes,Completed
TMS000139,AST001709,Crossing,C00047,9.6,Preventive maintenance,Preventive,Low,1,1,2,2025-06-19,2025-07-22,0,71,2,Preventive,No,Yes,In Progress
TMS000140,AST004417,Crossing,C00014,93.8,Drainage issue,Drainage,Medium,2,3,2,2025-05-04,2025-06-02,0,114,2,Preventive,No,Yes,Completed
TMS000141,AST001048,Turnout,C00093,25.3,Sleeper damage,Sleeper Defect,High,4,2,3,2025-06-15,2025-06-23,8,74,2,Corrective,No,Yes,In Progress
TMS000142,AST002923,Ballast,C00082,93.5,Rail crack,Rail Defect,Medium,3,2,3,2025-06-25,2025-07-17,0,189,5,Preventive,Yes,Yes,Open
TMS000143,AST003492,Rail,C00051,16.6,Alignment defect,Track Geometry,High,3,4,4,2025-06-28,2025-07-07,0,230,4,Corrective,Yes,Yes,Open
TMS000144,AST005171,Weld,C00083,29.0,Weld defect,Rail Defect,Low,2,1,1,2025-03-30,2025-05-15,0,81,4,Preventive,No,Yes,Completed
TMS000145,AST004611,Crossing,C00055,4.3,Turnout wear,Turnout/Switch Defect,Medium,1,2,2,2025-05-31,2025-06-17,14,201,3,Preventive,No,Yes,Open
TMS000146,AST002900,Turnout,C00010,44.7,Alignment defect,Track Geometry,Low,3,2,1,2025-06-25,2025-08-13,0,189,4,Preventive,No,Yes,Open
TMS000147,AST000570,Track,C00078,110.5,Scheduled inspection,Inspection,Low,1,2,2,2025-03-09,2025-04-30,62,90,3,Inspection,No,Yes,In Progress
TMS000148,AST003920,Bridge,C00012,101.9,Ballast deficiency,Ballast Defect,High,4,4,1,2025-06-09,2025-06-19,12,134,3,Corrective,Yes,Yes,Open
TMS000149,AST003119,Weld,C00020,76.4,Corrective maintenance,Corrective,Low,2,1,2,2025-04-24,2025-05-24,38,262,5,Corrective,No,Yes,Open
TMS000150,AST005059,Crossing,C00055,23.8,Alignment defect,Track Geometry,Medium,4,3,2,2025-06-16,2025-07-15,0,156,3,Preventive,Yes,No,Completed
TMS000151,AST000316,Switch,C00063,140.9,Rail crack,Rail Defect,Medium,3,3,2,2025-06-03,2025-06-25,6,168,4,Preventive,Yes,Yes,Open
TMS000152,AST000128,Switch,C00056,33.0,Gauge defect,Track Geometry,Medium,2,3,2,2025-06-01,2025-06-17,14,139,2,Preventive,No,Yes,In Progress
TMS000153,AST000769,Switch,C00085,216.8,Sleeper damage,Sleeper Defect,Low,2,1,1,2025-06-19,2025-07-29,0,121,2,Preventive,No,Yes,Scheduled
TMS000154,AST004799,Weld,C00032,6.7,Sleeper damage,Sleeper Defect,Critical,5,4,3,2025-05-24,2025-05-29,0,121,3,Corrective,No,Yes,Completed
TMS000155,AST004058,Bridge,C00030,15.6,Drainage issue,Drainage,Low,3,2,2,2025-06-17,2025-08-12,0,66,2,Preventive,No,Yes,Completed
TMS000156,AST000582,Switch,C00010,24.4,Ballast deficiency,Ballast Defect,High,4,3,3,2025-06-29,2025-07-07,0,112,2,Corrective,Yes,Yes,Scheduled
TMS000157,AST004404,Switch,C00087,55.3,Track geometry defect,Track Geometry,Low,4,1,1,2025-05-11,2025-07-05,0,171,3,Preventive,No,Yes,Open
TMS000158,AST000948,Weld,C00044,49.8,Corrective maintenance,Corrective,High,3,4,3,2025-06-10,2025-06-19,12,223,4,Corrective,No,Yes,Open
TMS000159,AST005133,Bridge,C00055,7.9,Preventive maintenance,Preventive,Medium,5,4,1,2025-06-21,2025-07-17,0,36,2,Preventive,No,Yes,Scheduled
TMS000160,AST005088,Crossing,C00006,10.9,Rail wear,Rail Defect,High,4,3,5,2025-05-19,2025-05-29,33,148,3,Corrective,No,Yes,Deferred
TMS000161,AST000706,Bridge,C00081,77.5,Rail wear,Rail Defect,High,2,4,3,2025-06-10,2025-06-21,10,133,2,Corrective,No,Yes,Open
TMS000162,AST001332,Crossing,C00013,114.6,Weld defect,Rail Defect,Low,1,2,1,2025-06-28,2025-08-16,0,122,4,Preventive,No,No,Scheduled
TMS000163,AST001035,Turnout,C00097,20.8,Weld defect,Rail Defect,Low,1,3,1,2025-06-01,2025-07-04,0,63,3,Preventive,No,Yes,Scheduled
TMS000164,AST001391,Bridge,C00092,38.6,Preventive maintenance,Preventive,Medium,2,2,2,2025-06-19,2025-07-04,0,52,3,Preventive,No,Yes,Open
TMS000165,AST000070,Track,C00046,11.9,Ballast deficiency,Ballast Defect,Low,3,2,2,2025-06-18,2025-08-01,0,205,4,Preventive,Yes,Yes,Open
TMS000166,AST004730,Turnout,C00043,16.8,Gauge defect,Track Geometry,High,2,4,3,2025-05-09,2025-05-23,0,179,1,Corrective,No,Yes,Completed
TMS000167,AST004586,Sleeper,C00008,10.1,Scheduled inspection,Inspection,Medium,3,3,1,2025-05-06,2025-05-24,38,103,3,Inspection,No,Yes,Open
TMS000168,AST001665,Crossing,C00034,18.3,Rail wear,Rail Defect,Medium,1,3,2,2025-05-29,2025-06-16,15,190,3,Preventive,No,Yes,Open
TMS000169,AST003293,Ballast,C00033,63.8,Rail crack,Rail Defect,Low,1,1,2,2025-06-26,2025-08-08,0,215,5,Preventive,No,Yes,Scheduled
TMS000170,AST004309,Sleeper,C00010,38.7,Turnout wear,Turnout/Switch Defect,Critical,5,4,3,2025-05-18,2025-05-21,41,242,2,Corrective,No,Yes,Open
TMS000171,AST003865,Rail,C00063,55.2,Scheduled inspection,Inspection,Critical,3,4,3,2025-05-11,2025-05-15,47,41,3,Inspection,No,No,Open
TMS000172,AST002249,Ballast,C00053,75.7,Sleeper damage,Sleeper Defect,Low,2,3,2,2025-04-12,2025-05-26,36,72,2,Preventive,Yes,Yes,Open
TMS000173,AST003789,Turnout,C00067,73.2,Track geometry defect,Track Geometry,Medium,3,3,1,2025-05-23,2025-06-18,13,236,3,Preventive,No,Yes,Open
TMS000174,AST002847,Crossing,C00013,56.9,Ballast deficiency,Ballast Defect,Critical,4,4,3,2025-06-26,2025-07-02,0,157,4,Corrective,Yes,No,Deferred
TMS000175,AST004849,Rail,C00033,10.9,Drainage issue,Drainage,Low,2,1,1,2025-05-28,2025-07-03,0,126,3,Preventive,Yes,Yes,Scheduled
TMS000176,AST004710,Track,C00053,123.5,Weld defect,Rail Defect,High,3,3,2,2025-06-14,2025-06-24,7,174,3,Corrective,No,Yes,Open
TMS000177,AST004621,Weld,C00026,316.4,Sleeper damage,Sleeper Defect,High,4,3,3,2025-05-20,2025-06-02,29,112,3,Corrective,No,Yes,Open
TMS000178,AST002061,Switch,C00057,54.0,Rail crack,Rail Defect,Critical,4,4,5,2025-03-10,2025-03-14,109,215,5,Corrective,Yes,Yes,In Progress
TMS000179,AST001550,Turnout,C00071,5.1,Weld defect,Rail Defect,Critical,5,5,3,2025-06-10,2025-06-15,16,79,3,Corrective,No,Yes,Scheduled
TMS000180,AST003378,Switch,C00051,12.4,Alignment defect,Track Geometry,Low,3,1,2,2025-05-21,2025-07-05,0,142,4,Preventive,Yes,Yes,Scheduled
TMS000181,AST000772,Sleeper,C00011,110.4,Rail wear,Rail Defect,Medium,3,2,2,2025-05-27,2025-06-23,0,171,4,Preventive,Yes,Yes,Completed
TMS000182,AST000467,Switch,C00030,122.9,Preventive maintenance,Preventive,Medium,3,2,1,2025-06-30,2025-07-23,0,73,3,Preventive,No,Yes,In Progress
TMS000183,AST001398,Track,C00004,115.9,Track geometry defect,Track Geometry,Low,5,1,2,2025-06-20,2025-08-09,0,219,5,Preventive,Yes,Yes,Completed
TMS000184,AST005205,Crossing,C00039,21.0,Gauge defect,Track Geometry,Low,3,2,1,2025-06-30,2025-08-23,0,115,4,Preventive,No,Yes,Completed
TMS000185,AST002877,Weld,C00024,74.3,Rail crack,Rail Defect,Low,1,1,1,2025-06-19,2025-08-15,0,105,2,Preventive,Yes,Yes,Completed
TMS000186,AST001117,Switch,C00046,27.5,Alignment defect,Track Geometry,Medium,3,2,3,2025-05-21,2025-06-15,16,250,3,Preventive,Yes,Yes,Scheduled
TMS000187,AST000445,Track,C00028,98.2,Alignment defect,Track Geometry,Low,1,2,2,2025-05-12,2025-06-21,0,144,5,Preventive,Yes,Yes,Completed
TMS000188,AST002916,Track,C00092,47.3,Preventive maintenance,Preventive,Low,3,2,1,2025-06-28,2025-08-19,0,73,4,Preventive,No,Yes,Open
TMS000189,AST004726,Bridge,C00023,23.1,Sleeper damage,Sleeper Defect,Medium,3,3,1,2025-05-03,2025-05-26,36,73,2,Preventive,No,Yes,Open
TMS000190,AST004855,Turnout,C00084,63.0,Weld defect,Rail Defect,Medium,3,2,2,2025-06-12,2025-07-02,0,200,5,Preventive,No,Yes,Open
TMS000191,AST000624,Bridge,C00050,29.3,Scheduled inspection,Inspection,Low,2,3,1,2025-03-27,2025-05-10,52,79,2,Inspection,No,Yes,Scheduled
TMS000192,AST003593,Sleeper,C00015,66.7,Rail crack,Rail Defect,Low,2,1,1,2025-05-07,2025-06-20,11,132,2,Preventive,No,Yes,Open
TMS000193,AST000974,Rail,C00098,1.5,Track geometry defect,Track Geometry,Medium,3,3,2,2025-06-27,2025-07-20,0,222,3,Preventive,Yes,Yes,Open
TMS000194,AST003855,Weld,C00045,96.4,Scheduled inspection,Inspection,Critical,2,5,4,2025-02-22,2025-02-27,124,126,4,Inspection,Yes,Yes,Scheduled
TMS000195,AST001568,Rail,C00041,30.5,Rail crack,Rail Defect,Medium,4,2,2,2025-06-30,2025-07-27,0,208,5,Preventive,Yes,Yes,In Progress
TMS000196,AST003153,Turnout,C00063,34.7,Rail crack,Rail Defect,High,3,4,1,2025-06-28,2025-07-08,0,193,3,Corrective,Yes,Yes,Completed
TMS000197,AST000140,Switch,C00081,34.7,Alignment defect,Track Geometry,Medium,3,2,2,2025-05-18,2025-06-04,27,190,3,Preventive,Yes,Yes,In Progress
TMS000198,AST003020,Turnout,C00006,14.4,Turnout wear,Turnout/Switch Defect,Low,3,2,2,2025-05-10,2025-06-11,20,277,3,Preventive,No,Yes,Scheduled
TMS000199,AST002669,Rail,C00047,54.1,Ballast deficiency,Ballast Defect,Medium,2,2,3,2025-06-30,2025-07-25,0,181,4,Preventive,No,Yes,Open
TMS000200,AST004518,Switch,C00092,2.2,Weld defect,Rail Defect,High,3,4,2,2025-06-06,2025-06-16,15,101,1,Corrective,Yes,Yes,Open
TMS000201,AST002047,Rail,C00050,33.3,Weld defect,Rail Defect,Low,1,2,2,2025-06-06,2025-07-30,0,175,5,Preventive,No,Yes,Open
TMS000202,AST001766,Turnout,C00094,156.1,Turnout wear,Turnout/Switch Defect,Low,2,2,2,2025-05-14,2025-06-20,11,213,3,Preventive,No,Yes,Open
TMS000203,AST001551,Bridge,C00014,19.5,Gauge defect,Track Geometry,Low,3,3,1,2025-02-20,2025-04-09,83,132,4,Preventive,No,Yes,In Progress
TMS000204,AST000772,Sleeper,C00011,110.4,Alignment defect,Track Geometry,Low,4,1,2,2025-03-06,2025-04-17,75,153,2,Preventive,Yes,Yes,Open
TMS000205,AST001760,Weld,C00062,24.3,Rail crack,Rail Defect,Medium,2,2,4,2025-05-04,2025-05-27,35,227,4,Preventive,No,Yes,Open
TMS000206,AST003727,Rail,C00036,48.7,Rail wear,Rail Defect,Medium,3,2,3,2025-05-20,2025-06-13,18,137,6,Preventive,Yes,Yes,Open
TMS000207,AST004720,Ballast,C00022,11.3,Alignment defect,Track Geometry,Low,1,1,1,2025-06-24,2025-07-29,0,178,4,Preventive,No,Yes,Open
TMS000208,AST001300,Ballast,C00073,65.8,Scheduled inspection,Inspection,Low,3,1,1,2025-06-24,2025-07-31,0,56,1,Inspection,No,No,Completed
TMS000209,AST003874,Weld,C00095,58.4,Sleeper damage,Sleeper Defect,Low,2,1,3,2025-06-21,2025-08-06,0,178,4,Preventive,No,Yes,Open
TMS000210,AST000269,Weld,C00003,65.3,Rail wear,Rail Defect,Medium,2,2,2,2025-04-20,2025-05-09,53,135,1,Preventive,No,Yes,Open
TMS000211,AST001490,Turnout,C00029,5.1,Track geometry defect,Track Geometry,High,2,4,3,2025-05-23,2025-06-04,27,228,2,Corrective,No,Yes,Open
TMS000212,AST000446,Weld,C00061,68.3,Weld defect,Rail Defect,High,3,3,2,2025-03-25,2025-04-05,87,123,4,Corrective,Yes,Yes,In Progress
TMS000213,AST002530,Sleeper,C00049,79.7,Corrective maintenance,Corrective,Medium,3,1,1,2025-06-21,2025-07-16,0,275,3,Corrective,No,Yes,Completed
TMS000214,AST005119,Rail,C00014,90.0,Preventive maintenance,Preventive,Low,2,1,2,2025-05-03,2025-06-13,0,43,2,Preventive,Yes,Yes,Completed
TMS000215,AST002578,Ballast,C00061,20.9,Turnout wear,Turnout/Switch Defect,Medium,3,3,1,2025-06-27,2025-07-16,0,220,3,Preventive,No,Yes,Open
TMS000216,AST003125,Crossing,C00023,2.9,Drainage issue,Drainage,Low,4,3,2,2025-06-19,2025-08-01,0,128,3,Preventive,No,Yes,Open
TMS000217,AST004853,Rail,C00007,187.3,Track geometry defect,Track Geometry,Medium,2,2,2,2025-06-28,2025-07-18,0,239,4,Preventive,Yes,Yes,Open
TMS000218,AST001316,Track,C00056,15.6,Drainage issue,Drainage,High,2,4,4,2025-06-29,2025-07-12,0,84,3,Corrective,Yes,Yes,Completed
TMS000219,AST004615,Ballast,C00039,10.6,Scheduled inspection,Inspection,Low,1,2,1,2025-06-21,2025-08-05,0,48,3,Inspection,No,Yes,Scheduled
TMS000220,AST000155,Crossing,C00048,45.7,Sleeper damage,Sleeper Defect,Low,4,1,2,2025-05-28,2025-07-14,0,160,3,Preventive,No,Yes,Open
TMS000221,AST003054,Turnout,C00054,9.9,Drainage issue,Drainage,Critical,3,4,4,2025-05-14,2025-05-19,43,196,4,Corrective,No,Yes,Open
TMS000222,AST003911,Sleeper,C00040,40.6,Rail wear,Rail Defect,Medium,3,3,2,2025-05-14,2025-06-05,26,187,4,Preventive,No,Yes,Scheduled
TMS000223,AST005017,Track,C00022,146.3,Rail wear,Rail Defect,Medium,2,2,2,2025-04-06,2025-04-27,0,103,4,Preventive,No,Yes,Completed
TMS000224,AST001854,Bridge,C00016,26.6,Alignment defect,Track Geometry,Low,5,3,2,2025-06-02,2025-07-31,0,160,4,Preventive,Yes,No,Open
TMS000225,AST005244,Sleeper,C00059,239.6,Drainage issue,Drainage,Critical,3,4,4,2025-05-11,2025-05-15,47,40,4,Corrective,Yes,Yes,Scheduled
TMS000226,AST004947,Track,C00059,182.5,Rail crack,Rail Defect,Medium,2,2,2,2025-06-09,2025-07-01,0,149,2,Preventive,Yes,Yes,Completed
TMS000227,AST003864,Switch,C00039,18.1,Track geometry defect,Track Geometry,Medium,2,4,2,2025-05-14,2025-06-04,27,127,4,Preventive,Yes,Yes,Scheduled
TMS000228,AST004448,Track,C00095,38.5,Drainage issue,Drainage,High,3,4,2,2025-06-11,2025-06-22,0,132,3,Corrective,No,Yes,Completed
TMS000229,AST001445,Turnout,C00066,12.7,Rail crack,Rail Defect,Low,2,1,2,2025-03-30,2025-05-25,37,266,2,Preventive,Yes,Yes,Deferred
TMS000230,AST003964,Bridge,C00011,142.2,Sleeper damage,Sleeper Defect,Critical,4,4,3,2025-05-20,2025-05-26,36,113,4,Corrective,Yes,No,In Progress
TMS000231,AST005154,Bridge,C00079,45.1,Track geometry defect,Track Geometry,Medium,3,3,1,2025-02-16,2025-03-05,0,214,4,Preventive,Yes,Yes,Completed
TMS000232,AST004621,Weld,C00026,316.4,Weld defect,Rail Defect,Medium,3,2,1,2025-05-09,2025-06-02,0,181,2,Preventive,No,Yes,Completed
TMS000233,AST002053,Ballast,C00024,4.2,Rail wear,Rail Defect,Medium,3,3,1,2025-04-25,2025-05-19,43,213,2,Preventive,No,Yes,Scheduled
TMS000234,AST000536,Sleeper,C00055,100.2,Gauge defect,Track Geometry,Low,4,2,1,2025-06-29,2025-08-12,0,136,1,Preventive,No,Yes,Open
TMS000235,AST003191,Turnout,C00016,23.7,Preventive maintenance,Preventive,Low,2,1,1,2025-04-15,2025-05-29,33,52,3,Preventive,No,Yes,Open
TMS000236,AST001675,Turnout,C00019,131.8,Alignment defect,Track Geometry,High,4,3,3,2025-05-22,2025-05-31,31,201,3,Corrective,Yes,Yes,In Progress
TMS000237,AST004898,Sleeper,C00019,44.8,Drainage issue,Drainage,High,4,3,3,2025-06-10,2025-06-18,0,69,3,Corrective,Yes,No,Completed
TMS000238,AST002140,Crossing,C00068,120.5,Sleeper damage,Sleeper Defect,Low,2,1,2,2025-06-24,2025-08-07,0,76,2,Preventive,No,Yes,Scheduled
TMS000239,AST001886,Track,C00017,2.1,Rail crack,Rail Defect,Medium,2,3,2,2025-06-09,2025-06-29,2,233,4,Preventive,No,Yes,Open
TMS000240,AST003020,Turnout,C00006,14.4,Ballast deficiency,Ballast Defect,Critical,4,5,3,2025-05-15,2025-05-20,42,169,6,Corrective,No,Yes,Open
TMS000241,AST003104,Bridge,C00086,190.0,Gauge defect,Track Geometry,Medium,3,3,2,2025-02-26,2025-03-17,0,167,3,Preventive,No,Yes,Completed
TMS000242,AST001537,Bridge,C00040,13.0,Ballast deficiency,Ballast Defect,Low,2,2,2,2025-03-21,2025-05-06,56,104,3,Preventive,Yes,Yes,Open
TMS000243,AST002380,Switch,C00004,134.0,Corrective maintenance,Corrective,Low,3,2,2,2025-05-07,2025-06-26,5,196,4,Corrective,No,Yes,Open
TMS000244,AST001947,Switch,C00034,18.9,Corrective maintenance,Corrective,Low,2,1,2,2025-05-16,2025-07-02,0,241,3,Corrective,Yes,Yes,Open
TMS000245,AST000951,Turnout,C00003,27.3,Drainage issue,Drainage,Low,3,3,2,2025-05-08,2025-06-17,14,73,3,Preventive,Yes,Yes,Deferred
TMS000246,AST002261,Sleeper,C00022,96.3,Sleeper damage,Sleeper Defect,Low,2,1,1,2025-06-03,2025-07-16,0,120,4,Preventive,Yes,No,Open
TMS000247,AST003796,Crossing,C00013,47.5,Gauge defect,Track Geometry,Low,2,2,2,2025-06-19,2025-07-23,0,100,3,Preventive,No,No,Open
TMS000248,AST003084,Weld,C00012,30.5,Track geometry defect,Track Geometry,Medium,2,3,2,2025-06-17,2025-07-07,0,259,4,Preventive,Yes,Yes,Open
TMS000249,AST002461,Bridge,C00009,90.0,Gauge defect,Track Geometry,High,2,3,1,2025-04-05,2025-04-16,0,197,6,Corrective,No,Yes,Completed
TMS000250,AST000688,Switch,C00049,9.3,Ballast deficiency,Ballast Defect,High,4,3,2,2025-05-15,2025-05-22,40,95,3,Corrective,Yes,Yes,Scheduled
TMS000251,AST004267,Rail,C00043,3.2,Preventive maintenance,Preventive,Medium,4,3,2,2025-05-01,2025-05-24,0,51,4,Preventive,No,Yes,Completed
TMS000252,AST003575,Track,C00074,8.1,Preventive maintenance,Preventive,Low,1,2,1,2025-05-19,2025-07-02,0,49,2,Preventive,No,Yes,Scheduled
TMS000253,AST000655,Switch,C00095,62.8,Corrective maintenance,Corrective,Medium,5,3,3,2025-03-12,2025-04-04,88,265,6,Corrective,No,Yes,Scheduled
TMS000254,AST002118,Sleeper,C00032,0.6,Rail crack,Rail Defect,Medium,3,2,2,2025-03-22,2025-04-11,81,180,3,Preventive,Yes,Yes,Open
TMS000255,AST003583,Switch,C00030,14.4,Gauge defect,Track Geometry,High,5,4,3,2025-06-30,2025-07-12,0,95,4,Corrective,No,Yes,Open
TMS000256,AST004932,Ballast,C00073,11.7,Corrective maintenance,Corrective,Medium,3,3,2,2025-03-01,2025-03-19,104,257,4,Corrective,No,Yes,In Progress
TMS000257,AST005137,Turnout,C00007,55.5,Preventive maintenance,Preventive,Medium,3,3,2,2025-06-26,2025-07-16,0,83,3,Preventive,No,Yes,Open
TMS000258,AST004386,Switch,C00077,66.7,Sleeper damage,Sleeper Defect,Low,2,2,3,2025-04-20,2025-06-06,25,121,2,Preventive,No,No,Scheduled
TMS000259,AST002306,Turnout,C00078,137.3,Corrective maintenance,Corrective,Low,3,2,2,2025-03-22,2025-05-11,51,291,4,Corrective,Yes,Yes,In Progress
TMS000260,AST001189,Switch,C00046,6.6,Ballast deficiency,Ballast Defect,Low,4,1,1,2025-06-26,2025-08-10,0,136,3,Preventive,No,Yes,Scheduled
TMS000261,AST001020,Turnout,C00051,28.9,Drainage issue,Drainage,Critical,4,3,3,2025-04-15,2025-04-21,0,77,4,Corrective,No,Yes,Completed
TMS000262,AST003585,Bridge,C00089,19.6,Corrective maintenance,Corrective,Medium,3,1,1,2025-05-05,2025-05-21,41,216,3,Corrective,No,Yes,Open
TMS000263,AST002819,Sleeper,C00068,149.1,Turnout wear,Turnout/Switch Defect,High,3,3,4,2025-04-30,2025-05-11,51,282,4,Corrective,No,Yes,Scheduled
TMS000264,AST001520,Ballast,C00023,26.1,Track geometry defect,Track Geometry,Low,2,2,2,2025-03-09,2025-05-01,61,184,3,Preventive,Yes,Yes,Open
TMS000265,AST000014,Track,C00094,40.1,Ballast deficiency,Ballast Defect,High,4,4,3,2025-03-28,2025-04-10,82,213,6,Corrective,No,Yes,Deferred
TMS000266,AST003236,Turnout,C00004,127.0,Alignment defect,Track Geometry,High,3,3,1,2025-06-12,2025-06-25,0,134,3,Corrective,Yes,Yes,Completed
TMS000267,AST004127,Weld,C00068,140.7,Weld defect,Rail Defect,Low,2,2,1,2025-04-19,2025-05-30,32,113,3,Preventive,No,No,Deferred
TMS000268,AST002904,Sleeper,C00063,38.0,Scheduled inspection,Inspection,Low,2,1,1,2025-06-26,2025-08-20,0,72,3,Inspection,No,Yes,Open
TMS000269,AST004729,Bridge,C00086,169.0,Ballast deficiency,Ballast Defect,Medium,2,2,2,2025-06-16,2025-07-10,0,167,2,Preventive,Yes,Yes,Open
TMS000270,AST002796,Weld,C00031,27.6,Rail wear,Rail Defect,Low,2,1,1,2025-05-05,2025-06-09,22,125,2,Preventive,No,Yes,Open
TMS000271,AST000944,Rail,C00063,70.7,Weld defect,Rail Defect,Medium,3,3,2,2025-05-09,2025-05-28,34,139,2,Preventive,No,Yes,Open
TMS000272,AST004763,Crossing,C00007,45.8,Ballast deficiency,Ballast Defect,Low,2,2,1,2025-05-26,2025-07-10,0,151,3,Preventive,No,Yes,Open
TMS000273,AST004477,Crossing,C00052,127.2,Drainage issue,Drainage,High,3,3,2,2025-02-19,2025-03-01,122,69,2,Corrective,Yes,Yes,Open
TMS000274,AST002443,Track,C00037,47.5,Sleeper damage,Sleeper Defect,High,2,4,4,2025-05-19,2025-05-29,33,183,4,Corrective,No,Yes,Scheduled
TMS000275,AST001732,Weld,C00049,8.3,Preventive maintenance,Preventive,Medium,3,2,1,2025-06-27,2025-07-25,0,34,2,Preventive,No,Yes,Deferred
TMS000276,AST000115,Sleeper,C00075,4.3,Ballast deficiency,Ballast Defect,High,2,3,2,2025-06-02,2025-06-15,16,132,2,Corrective,Yes,Yes,Scheduled
TMS000277,AST003848,Ballast,C00081,13.6,Sleeper damage,Sleeper Defect,Low,2,1,1,2025-06-13,2025-08-08,0,83,2,Preventive,No,Yes,Open
TMS000278,AST003051,Sleeper,C00033,52.0,Alignment defect,Track Geometry,Critical,4,5,4,2025-06-17,2025-06-23,8,154,3,Corrective,No,Yes,Scheduled
TMS000279,AST002253,Weld,C00034,33.4,Scheduled inspection,Inspection,Low,3,2,2,2025-06-14,2025-07-17,0,47,3,Inspection,No,Yes,Scheduled
TMS000280,AST000646,Sleeper,C00051,43.4,Preventive maintenance,Preventive,Medium,3,3,2,2025-03-04,2025-03-29,94,91,2,Preventive,Yes,Yes,Deferred
TMS000281,AST002473,Bridge,C00038,149.2,Weld defect,Rail Defect,Low,2,2,2,2025-06-21,2025-08-06,0,83,3,Preventive,No,Yes,Scheduled
TMS000282,AST001723,Crossing,C00020,88.0,Scheduled inspection,Inspection,Medium,2,3,3,2025-06-21,2025-07-12,0,71,2,Inspection,No,No,In Progress
TMS000283,AST001147,Switch,C00010,57.3,Rail crack,Rail Defect,Low,2,1,2,2025-03-23,2025-05-03,59,175,3,Preventive,No,Yes,Open
TMS000284,AST000580,Ballast,C00093,32.5,Track geometry defect,Track Geometry,Medium,3,3,2,2025-06-05,2025-06-29,2,218,5,Preventive,Yes,Yes,Open
TMS000285,AST004503,Track,C00095,5.8,Rail crack,Rail Defect,High,4,3,3,2025-06-18,2025-06-30,0,206,4,Corrective,Yes,Yes,Completed
TMS000286,AST003575,Track,C00074,8.1,Weld defect,Rail Defect,High,2,4,2,2025-06-18,2025-06-27,4,149,2,Corrective,No,Yes,Scheduled
TMS000287,AST001197,Turnout,C00098,2.7,Alignment defect,Track Geometry,Medium,3,2,2,2025-06-26,2025-07-15,0,211,3,Preventive,Yes,No,Deferred
TMS000288,AST001823,Turnout,C00052,107.3,Turnout wear,Turnout/Switch Defect,Medium,2,3,1,2025-02-03,2025-03-04,119,266,5,Preventive,No,Yes,Scheduled
TMS000289,AST002309,Rail,C00003,15.1,Corrective maintenance,Corrective,Medium,2,2,1,2025-06-12,2025-06-27,4,216,4,Corrective,No,Yes,Scheduled
TMS000290,AST000227,Bridge,C00067,45.0,Rail wear,Rail Defect,Low,2,2,2,2025-06-20,2025-08-06,0,173,4,Preventive,No,Yes,Scheduled
TMS000291,AST002194,Ballast,C00077,35.8,Weld defect,Rail Defect,Medium,5,3,2,2025-05-21,2025-06-12,0,98,4,Preventive,Yes,Yes,Completed
TMS000292,AST002224,Crossing,C00027,119.1,Alignment defect,Track Geometry,Low,2,2,1,2025-03-21,2025-04-27,65,175,3,Preventive,Yes,No,Open
TMS000293,AST001653,Ballast,C00039,21.5,Gauge defect,Track Geometry,Medium,2,3,2,2025-02-02,2025-02-28,123,153,3,Preventive,No,Yes,Scheduled
TMS000294,AST003547,Sleeper,C00052,190.8,Turnout wear,Turnout/Switch Defect,Medium,2,2,2,2025-06-23,2025-07-17,0,243,5,Preventive,No,No,Open
TMS000295,AST005025,Ballast,C00015,166.7,Turnout wear,Turnout/Switch Defect,Medium,4,2,3,2025-06-12,2025-07-02,0,295,5,Preventive,No,Yes,Open
TMS000296,AST003906,Turnout,C00053,40.5,Sleeper damage,Sleeper Defect,High,4,5,3,2025-03-26,2025-04-05,87,126,4,Corrective,No,Yes,Open
TMS000297,AST002170,Rail,C00028,43.1,Rail wear,Rail Defect,Low,2,2,2,2025-06-13,2025-07-16,0,163,4,Preventive,No,No,Open
TMS000298,AST001347,Bridge,C00066,3.8,Track geometry defect,Track Geometry,Low,1,2,1,2025-06-15,2025-07-20,0,176,2,Preventive,Yes,Yes,Completed
TMS000299,AST001208,Weld,C00054,34.5,Rail crack,Rail Defect,Medium,2,1,3,2025-06-15,2025-07-02,0,219,3,Preventive,No,Yes,Open
TMS000300,AST002680,Bridge,C00059,35.4,Corrective maintenance,Corrective,Medium,3,2,2,2025-06-21,2025-07-08,0,243,4,Corrective,Yes,No,In Progress
TMS000301,AST003282,Track,C00037,56.9,Corrective maintenance,Corrective,Medium,4,3,2,2025-05-03,2025-05-20,42,312,4,Corrective,No,Yes,Open
TMS000302,AST001105,Ballast,C00037,68.7,Gauge defect,Track Geometry,Low,3,1,1,2025-05-23,2025-06-27,0,241,5,Preventive,No,No,Completed
TMS000303,AST000106,Switch,C00010,58.1,Weld defect,Rail Defect,High,4,4,3,2025-02-09,2025-02-18,133,137,4,Corrective,No,Yes,Open
TMS000304,AST003340,Weld,C00037,49.3,Alignment defect,Track Geometry,High,3,3,4,2025-06-13,2025-06-25,0,152,3,Corrective,Yes,Yes,Completed
TMS000305,AST003359,Rail,C00094,166.3,Rail crack,Rail Defect,Low,2,4,1,2025-06-08,2025-07-18,0,191,3,Preventive,Yes,Yes,Scheduled
TMS000306,AST001532,Turnout,C00002,87.1,Sleeper damage,Sleeper Defect,Medium,4,2,2,2025-04-09,2025-05-01,61,48,3,Preventive,No,Yes,Scheduled
TMS000307,AST004144,Track,C00026,218.8,Ballast deficiency,Ballast Defect,Critical,3,4,3,2025-06-30,2025-07-03,0,55,1,Corrective,Yes,No,Open
TMS000308,AST002807,Turnout,C00059,24.9,Gauge defect,Track Geometry,Low,2,2,1,2025-06-07,2025-07-21,0,148,2,Preventive,Yes,Yes,Scheduled
TMS000309,AST000397,Switch,C00069,183.4,Turnout wear,Turnout/Switch Defect,High,4,5,3,2025-06-23,2025-07-03,0,251,3,Corrective,No,Yes,Scheduled
TMS000310,AST001765,Crossing,C00063,91.1,Turnout wear,Turnout/Switch Defect,Low,2,2,3,2025-02-01,2025-03-08,115,298,5,Preventive,No,Yes,Open
TMS000311,AST000479,Track,C00027,20.8,Rail crack,Rail Defect,Critical,2,4,4,2025-06-24,2025-06-30,1,131,1,Corrective,Yes,No,Open
TMS000312,AST004945,Switch,C00066,41.7,Scheduled inspection,Inspection,Critical,4,5,4,2025-05-19,2025-05-25,0,62,2,Inspection,No,Yes,Completed
TMS000313,AST004260,Ballast,C00033,12.9,Preventive maintenance,Preventive,High,3,4,3,2025-03-11,2025-03-21,102,84,1,Preventive,No,Yes,Open
TMS000314,AST002525,Track,C00058,37.9,Sleeper damage,Sleeper Defect,High,5,4,2,2025-06-12,2025-06-25,6,84,2,Corrective,No,Yes,Scheduled
TMS000315,AST004261,Bridge,C00078,50.1,Rail wear,Rail Defect,Low,3,1,2,2025-05-13,2025-06-18,0,143,3,Preventive,No,Yes,Completed
TMS000316,AST004577,Weld,C00027,90.5,Turnout wear,Turnout/Switch Defect,Low,2,1,2,2025-06-14,2025-08-05,0,216,3,Preventive,No,Yes,Completed
TMS000317,AST000158,Track,C00051,7.3,Scheduled inspection,Inspection,Low,2,2,1,2025-03-19,2025-04-21,71,79,3,Inspection,No,Yes,Open
TMS000318,AST000265,Sleeper,C00052,106.3,Alignment defect,Track Geometry,High,4,4,2,2025-03-03,2025-03-09,114,166,4,Corrective,Yes,Yes,Open
TMS000319,AST004348,Bridge,C00039,0.2,Weld defect,Rail Defect,Medium,3,2,2,2025-06-02,2025-06-27,4,104,5,Preventive,Yes,Yes,Open
TMS000320,AST003575,Track,C00074,8.1,Turnout wear,Turnout/Switch Defect,Medium,2,4,2,2025-06-13,2025-07-09,0,176,4,Preventive,No,Yes,Open
TMS000321,AST000351,Rail,C00088,31.9,Gauge defect,Track Geometry,Critical,3,5,4,2025-06-18,2025-06-23,8,254,6,Corrective,No,Yes,Scheduled
TMS000322,AST004967,Weld,C00044,39.7,Sleeper damage,Sleeper Defect,High,4,4,2,2025-02-28,2025-03-13,110,141,2,Corrective,No,No,In Progress
TMS000323,AST001334,Track,C00076,68.6,Track geometry defect,Track Geometry,Low,2,2,2,2025-06-11,2025-07-31,0,231,5,Preventive,Yes,Yes,Open
TMS000324,AST003695,Ballast,C00025,305.3,Turnout wear,Turnout/Switch Defect,Medium,4,1,2,2025-02-08,2025-03-02,0,189,4,Preventive,No,Yes,Completed
TMS000325,AST002478,Rail,C00032,10.6,Scheduled inspection,Inspection,Medium,4,3,1,2025-02-28,2025-03-20,103,65,2,Inspection,No,Yes,Scheduled
TMS000326,AST002562,Crossing,C00029,35.4,Rail wear,Rail Defect,Critical,4,5,2,2025-05-05,2025-05-10,52,178,4,Corrective,No,Yes,Deferred
TMS000327,AST001771,Switch,C00020,61.9,Drainage issue,Drainage,Medium,4,3,2,2025-02-12,2025-03-07,116,68,3,Preventive,Yes,Yes,Open
TMS000328,AST001506,Ballast,C00043,15.3,Track geometry defect,Track Geometry,Critical,4,4,3,2025-06-16,2025-06-20,11,265,5,Corrective,Yes,Yes,Open
TMS000329,AST004528,Switch,C00049,53.5,Sleeper damage,Sleeper Defect,High,3,4,2,2025-05-25,2025-06-05,0,145,3,Corrective,No,Yes,Completed
TMS000330,AST003064,Sleeper,C00067,41.6,Rail wear,Rail Defect,Low,3,1,1,2025-05-17,2025-06-20,11,216,4,Preventive,No,Yes,Scheduled
TMS000331,AST003237,Crossing,C00081,18.5,Track geometry defect,Track Geometry,Medium,3,3,1,2025-06-19,2025-07-08,0,200,4,Preventive,Yes,Yes,Open
TMS000332,AST001477,Weld,C00065,9.6,Rail crack,Rail Defect,Medium,2,3,2,2025-06-28,2025-07-17,0,235,4,Preventive,Yes,Yes,In Progress
TMS000333,AST003487,Switch,C00029,8.1,Rail crack,Rail Defect,Low,3,2,2,2025-02-18,2025-03-22,101,260,5,Preventive,Yes,Yes,Open
TMS000334,AST004742,Rail,C00090,32.6,Sleeper damage,Sleeper Defect,Low,2,2,2,2025-05-16,2025-07-03,0,79,1,Preventive,No,Yes,Open
TMS000335,AST001731,Ballast,C00004,120.9,Track geometry defect,Track Geometry,Medium,3,2,1,2025-05-09,2025-06-04,27,220,4,Preventive,Yes,Yes,In Progress
TMS000336,AST000853,Turnout,C00053,50.9,Weld defect,Rail Defect,Critical,5,4,3,2025-06-16,2025-06-21,10,105,4,Corrective,No,No,Open
TMS000337,AST003890,Bridge,C00034,29.0,Preventive maintenance,Preventive,Medium,3,2,2,2025-03-25,2025-04-18,74,95,2,Preventive,No,Yes,Open
TMS000338,AST001345,Ballast,C00024,93.9,Corrective maintenance,Corrective,Low,1,2,1,2025-04-08,2025-05-12,50,268,5,Corrective,No,Yes,Open
TMS000339,AST004686,Ballast,C00080,8.2,Rail wear,Rail Defect,Medium,3,3,2,2025-06-19,2025-07-07,0,142,4,Preventive,No,Yes,In Progress
TMS000340,AST003091,Weld,C00065,37.1,Track geometry defect,Track Geometry,Medium,3,3,3,2025-06-22,2025-07-11,0,181,4,Preventive,Yes,Yes,Completed
TMS000341,AST002606,Sleeper,C00018,92.3,Track geometry defect,Track Geometry,Medium,3,2,4,2025-05-21,2025-06-12,0,169,3,Preventive,Yes,Yes,Completed
TMS000342,AST004481,Switch,C00017,3.9,Rail wear,Rail Defect,Medium,5,2,2,2025-03-23,2025-04-16,76,154,3,Preventive,Yes,Yes,Open
TMS000343,AST001409,Track,C00046,13.2,Sleeper damage,Sleeper Defect,Low,3,2,2,2025-06-19,2025-08-10,0,132,3,Preventive,No,Yes,Completed
TMS000344,AST000706,Bridge,C00081,77.5,Scheduled inspection,Inspection,Low,2,2,1,2025-05-28,2025-07-10,0,40,2,Inspection,No,Yes,In Progress
TMS000345,AST000573,Turnout,C00021,14.4,Weld defect,Rail Defect,Medium,3,2,3,2025-06-17,2025-07-06,0,158,3,Preventive,No,Yes,Completed
TMS000346,AST001901,Switch,C00086,244.1,Drainage issue,Drainage,Medium,3,3,2,2025-05-07,2025-06-02,0,87,2,Preventive,Yes,Yes,Completed
TMS000347,AST000069,Crossing,C00099,10.2,Corrective maintenance,Corrective,Low,1,2,3,2025-03-02,2025-04-13,0,238,6,Corrective,No,Yes,Completed
TMS000348,AST003214,Bridge,C00027,83.6,Alignment defect,Track Geometry,Low,2,2,1,2025-03-05,2025-04-09,83,121,2,Preventive,Yes,Yes,Scheduled
TMS000349,AST005089,Rail,C00049,26.3,Rail crack,Rail Defect,Medium,4,2,2,2025-03-28,2025-04-20,72,180,3,Preventive,No,Yes,Open
TMS000350,AST002534,Crossing,C00024,21.0,Scheduled inspection,Inspection,Medium,3,4,2,2025-05-18,2025-06-12,19,101,2,Inspection,No,No,Scheduled
TMS000351,AST004771,Crossing,C00044,48.2,Track geometry defect,Track Geometry,High,2,4,2,2025-03-16,2025-03-26,97,264,4,Corrective,Yes,Yes,Open
TMS000352,AST004245,Turnout,C00100,6.4,Corrective maintenance,Corrective,Critical,4,5,2,2025-02-01,2025-02-05,0,360,5,Corrective,No,Yes,Completed
TMS000353,AST001118,Turnout,C00013,112.4,Rail wear,Rail Defect,High,4,5,2,2025-06-24,2025-07-04,0,109,3,Corrective,No,Yes,Scheduled
TMS000354,AST004767,Ballast,C00080,8.1,Corrective maintenance,Corrective,Low,2,2,1,2025-06-20,2025-07-30,0,304,3,Corrective,No,Yes,Scheduled
TMS000355,AST000080,Crossing,C00051,21.8,Alignment defect,Track Geometry,Low,1,1,2,2025-05-09,2025-06-18,13,206,3,Preventive,Yes,Yes,Open
TMS000356,AST000657,Weld,C00096,126.2,Gauge defect,Track Geometry,Medium,5,2,3,2025-06-27,2025-07-15,0,137,5,Preventive,No,Yes,In Progress
TMS000357,AST004419,Turnout,C00046,6.5,Track geometry defect,Track Geometry,High,4,3,3,2025-02-02,2025-02-11,0,188,4,Corrective,Yes,Yes,Completed
TMS000358,AST002478,Rail,C00032,10.6,Rail crack,Rail Defect,High,4,3,2,2025-05-16,2025-05-26,36,238,1,Corrective,Yes,Yes,Open
TMS000359,AST003215,Rail,C00044,26.0,Scheduled inspection,Inspection,High,4,4,3,2025-06-30,2025-07-10,0,63,2,Inspection,No,Yes,Completed
TMS000360,AST000112,Bridge,C00091,199.3,Drainage issue,Drainage,Low,3,2,1,2025-03-25,2025-05-06,56,74,3,Preventive,No,Yes,Open
TMS000361,AST003547,Sleeper,C00052,190.8,Corrective maintenance,Corrective,Critical,4,5,3,2025-03-17,2025-03-21,102,359,5,Corrective,No,No,Open
TMS000362,AST003029,Track,C00018,56.5,Turnout wear,Turnout/Switch Defect,Medium,4,3,1,2025-06-19,2025-07-14,0,259,4,Preventive,No,Yes,In Progress
TMS000363,AST002817,Weld,C00094,22.9,Rail crack,Rail Defect,High,3,4,3,2025-06-11,2025-06-21,10,161,3,Corrective,Yes,Yes,Open
TMS000364,AST004708,Turnout,C00026,92.9,Corrective maintenance,Corrective,Low,3,2,1,2025-05-25,2025-07-07,0,254,4,Corrective,No,Yes,Scheduled
TMS000365,AST001070,Weld,C00034,23.7,Preventive maintenance,Preventive,Low,3,1,1,2025-03-28,2025-05-17,45,68,4,Preventive,No,Yes,Open
TMS000366,AST004692,Rail,C00001,159.0,Ballast deficiency,Ballast Defect,High,4,4,3,2025-05-21,2025-06-01,30,160,4,Corrective,Yes,Yes,Open
TMS000367,AST000406,Switch,C00074,2.7,Gauge defect,Track Geometry,High,1,3,2,2025-05-25,2025-06-02,29,131,2,Corrective,No,Yes,Scheduled
TMS000368,AST005235,Sleeper,C00009,73.8,Sleeper damage,Sleeper Defect,High,3,3,3,2025-06-09,2025-06-18,13,107,2,Corrective,No,Yes,Open
TMS000369,AST001866,Rail,C00064,147.9,Drainage issue,Drainage,Medium,2,3,2,2025-04-16,2025-05-13,49,131,3,Preventive,No,Yes,Open
TMS000370,AST002645,Switch,C00077,2.3,Weld defect,Rail Defect,Medium,2,3,2,2025-06-07,2025-06-28,0,122,4,Preventive,No,Yes,Completed
TMS000371,AST000180,Weld,C00056,37.1,Track geometry defect,Track Geometry,Medium,3,1,2,2025-06-27,2025-07-16,0,101,3,Preventive,Yes,Yes,Open
TMS000372,AST000969,Switch,C00002,70.7,Preventive maintenance,Preventive,Medium,2,2,1,2025-05-18,2025-06-11,20,65,2,Preventive,No,Yes,Deferred
TMS000373,AST002135,Rail,C00055,5.0,Track geometry defect,Track Geometry,High,3,3,1,2025-02-13,2025-02-24,127,188,3,Corrective,Yes,Yes,Open
TMS000374,AST002497,Bridge,C00070,30.5,Weld defect,Rail Defect,High,4,4,3,2025-05-13,2025-05-25,37,92,2,Corrective,No,Yes,Scheduled
TMS000375,AST000710,Rail,C00016,14.5,Rail crack,Rail Defect,Medium,3,2,2,2025-02-07,2025-02-28,123,235,4,Preventive,No,Yes,Scheduled
TMS000376,AST003204,Switch,C00037,62.8,Drainage issue,Drainage,Low,2,3,2,2025-04-15,2025-06-02,29,56,4,Preventive,Yes,Yes,Scheduled
TMS000377,AST000298,Turnout,C00087,157.1,Alignment defect,Track Geometry,Medium,2,2,1,2025-06-12,2025-07-10,0,217,4,Preventive,Yes,Yes,Completed
TMS000378,AST002910,Turnout,C00027,125.2,Gauge defect,Track Geometry,Low,2,1,1,2025-05-03,2025-06-21,10,174,4,Preventive,No,Yes,Scheduled
TMS000379,AST003966,Bridge,C00044,46.9,Track geometry defect,Track Geometry,Low,2,2,2,2025-06-19,2025-08-03,0,181,2,Preventive,Yes,Yes,Scheduled
TMS000380,AST001052,Weld,C00092,25.8,Gauge defect,Track Geometry,Medium,3,3,1,2025-05-19,2025-06-13,0,117,1,Preventive,No,No,Completed
TMS000381,AST002720,Crossing,C00066,52.4,Rail crack,Rail Defect,Low,2,2,2,2025-02-07,2025-03-29,94,199,3,Preventive,Yes,Yes,Scheduled
TMS000382,AST003995,Switch,C00058,70.7,Sleeper damage,Sleeper Defect,Low,4,2,2,2025-06-16,2025-07-29,0,40,1,Preventive,No,Yes,Open
TMS000383,AST001580,Track,C00022,142.9,Rail wear,Rail Defect,High,2,4,2,2025-06-01,2025-06-09,0,109,3,Corrective,No,Yes,Completed
TMS000384,AST003660,Switch,C00046,18.7,Rail wear,Rail Defect,High,3,3,3,2025-06-13,2025-06-21,10,225,3,Corrective,No,Yes,Open
TMS000385,AST003578,Rail,C00066,40.9,Gauge defect,Track Geometry,High,2,4,2,2025-06-16,2025-06-27,4,220,6,Corrective,No,Yes,Open
TMS000386,AST001960,Ballast,C00037,40.6,Turnout wear,Turnout/Switch Defect,Medium,2,3,2,2025-06-25,2025-07-16,0,261,4,Preventive,No,Yes,Scheduled
TMS000387,AST003389,Crossing,C00044,33.4,Drainage issue,Drainage,Low,3,1,1,2025-05-10,2025-06-22,9,106,1,Preventive,Yes,Yes,Scheduled
TMS000388,AST002910,Turnout,C00027,125.2,Corrective maintenance,Corrective,Medium,3,4,2,2025-05-17,2025-06-05,0,207,4,Corrective,No,Yes,Completed
TMS000389,AST001954,Weld,C00038,122.1,Ballast deficiency,Ballast Defect,Critical,4,5,3,2025-05-22,2025-05-28,34,86,2,Corrective,Yes,Yes,Open
TMS000390,AST003247,Ballast,C00036,5.6,Ballast deficiency,Ballast Defect,Medium,1,2,1,2025-03-26,2025-04-24,0,92,4,Preventive,Yes,Yes,Completed
TMS000391,AST002397,Switch,C00066,57.8,Weld defect,Rail Defect,High,2,4,2,2025-05-07,2025-05-17,45,137,2,Corrective,No,Yes,Scheduled
TMS000392,AST002779,Crossing,C00017,0.1,Preventive maintenance,Preventive,Medium,4,2,3,2025-04-09,2025-05-02,60,86,2,Preventive,No,Yes,Scheduled
TMS000393,AST003854,Bridge,C00069,89.2,Alignment defect,Track Geometry,Low,4,2,1,2025-03-11,2025-05-02,0,222,4,Preventive,Yes,No,Completed
TMS000394,AST001495,Switch,C00065,27.0,Rail crack,Rail Defect,Low,4,2,2,2025-05-06,2025-06-26,5,239,4,Preventive,Yes,Yes,Open
TMS000395,AST001431,Track,C00037,22.3,Track geometry defect,Track Geometry,High,4,3,2,2025-06-29,2025-07-11,0,173,4,Corrective,Yes,Yes,Scheduled
TMS000396,AST003568,Rail,C00017,3.8,Alignment defect,Track Geometry,Medium,4,2,3,2025-06-27,2025-07-20,0,173,3,Preventive,Yes,Yes,Scheduled
TMS000397,AST005057,Switch,C00033,86.6,Rail crack,Rail Defect,Low,3,3,2,2025-06-29,2025-08-01,0,161,4,Preventive,Yes,Yes,Open
TMS000398,AST004129,Weld,C00060,1.9,Track geometry defect,Track Geometry,Medium,4,2,2,2025-06-16,2025-07-13,0,162,5,Preventive,Yes,Yes,Completed
TMS000399,AST004030,Turnout,C00057,9.7,Turnout wear,Turnout/Switch Defect,High,4,4,3,2025-05-14,2025-05-24,38,315,4,Corrective,No,Yes,Open
TMS000400,AST002929,Track,C00100,8.7,Drainage issue,Drainage,Low,2,1,1,2025-06-30,2025-08-05,0,100,3,Preventive,No,Yes,Open
TMS000401,AST002207,Bridge,C00064,44.7,Scheduled inspection,Inspection,Medium,2,2,2,2025-06-20,2025-07-11,0,132,3,Inspection,No,No,Open
TMS000402,AST000945,Bridge,C00068,3.4,Ballast deficiency,Ballast Defect,Critical,4,4,4,2025-02-14,2025-02-19,0,126,5,Corrective,Yes,No,Completed
TMS000403,AST001480,Ballast,C00074,18.5,Alignment defect,Track Geometry,Medium,3,3,1,2025-06-19,2025-07-05,0,212,3,Preventive,Yes,Yes,Open
TMS000404,AST001325,Sleeper,C00066,43.7,Ballast deficiency,Ballast Defect,Low,1,2,1,2025-05-18,2025-07-01,0,136,2,Preventive,Yes,Yes,Completed
TMS000405,AST004078,Crossing,C00097,8.4,Rail wear,Rail Defect,High,2,3,3,2025-06-01,2025-06-13,18,177,3,Corrective,Yes,Yes,Scheduled
TMS000406,AST004750,Ballast,C00070,1.6,Ballast deficiency,Ballast Defect,Low,2,1,1,2025-06-26,2025-08-06,0,75,3,Preventive,No,Yes,Completed
TMS000407,AST001839,Bridge,C00095,81.0,Alignment defect,Track Geometry,Medium,1,2,1,2025-06-02,2025-06-24,7,122,1,Preventive,Yes,Yes,In Progress
TMS000408,AST001466,Sleeper,C00023,0.1,Sleeper damage,Sleeper Defect,Medium,4,1,3,2025-05-28,2025-06-22,0,53,3,Preventive,No,Yes,Completed
TMS000409,AST002934,Ballast,C00045,166.5,Alignment defect,Track Geometry,Medium,3,3,3,2025-04-02,2025-04-26,0,134,3,Preventive,Yes,Yes,Completed
TMS000410,AST003371,Track,C00046,2.8,Preventive maintenance,Preventive,Medium,3,1,2,2025-05-24,2025-06-16,0,69,2,Preventive,No,No,Completed
TMS000411,AST000235,Ballast,C00084,140.9,Drainage issue,Drainage,Medium,3,1,1,2025-05-14,2025-06-02,29,49,4,Preventive,Yes,Yes,Open
TMS000412,AST002654,Turnout,C00039,24.4,Weld defect,Rail Defect,Medium,3,2,1,2025-04-15,2025-05-11,51,171,4,Preventive,No,Yes,Open
TMS000413,AST001400,Sleeper,C00005,49.0,Sleeper damage,Sleeper Defect,Medium,3,2,2,2025-06-28,2025-07-13,0,49,3,Preventive,No,Yes,Open
TMS000414,AST000352,Switch,C00075,26.2,Turnout wear,Turnout/Switch Defect,Medium,4,2,1,2025-06-09,2025-06-28,3,270,2,Preventive,No,Yes,Open
TMS000415,AST002061,Switch,C00057,54.0,Rail crack,Rail Defect,Medium,2,3,2,2025-06-24,2025-07-16,0,170,4,Preventive,Yes,Yes,Scheduled
TMS000416,AST001560,Weld,C00008,76.5,Rail wear,Rail Defect,Medium,3,4,2,2025-03-14,2025-04-09,0,213,5,Preventive,No,Yes,Completed
TMS000417,AST002234,Ballast,C00016,69.1,Scheduled inspection,Inspection,Low,4,1,1,2025-03-10,2025-04-28,64,33,2,Inspection,Yes,No,Open
TMS000418,AST005280,Turnout,C00004,22.9,Corrective maintenance,Corrective,Low,1,2,2,2025-03-01,2025-04-17,75,258,4,Corrective,No,Yes,Open
TMS000419,AST001899,Track,C00097,8.0,Turnout wear,Turnout/Switch Defect,High,2,3,3,2025-06-22,2025-06-29,2,297,5,Corrective,No,Yes,Open
TMS000420,AST001685,Switch,C00055,58.0,Corrective maintenance,Corrective,Medium,2,3,2,2025-04-22,2025-05-11,51,238,4,Corrective,No,Yes,Scheduled
TMS000421,AST002683,Turnout,C00089,12.1,Ballast deficiency,Ballast Defect,Medium,2,2,3,2025-05-30,2025-06-20,0,159,4,Preventive,No,Yes,Completed
TMS000422,AST004554,Rail,C00078,109.0,Preventive maintenance,Preventive,Low,2,2,2,2025-06-08,2025-08-06,0,76,2,Preventive,No,Yes,Open
TMS000423,AST003516,Rail,C00055,74.1,Scheduled inspection,Inspection,Medium,2,2,1,2025-05-15,2025-06-07,24,49,2,Inspection,No,Yes,Open
TMS000424,AST003157,Switch,C00029,4.9,Gauge defect,Track Geometry,Low,2,2,2,2025-06-26,2025-08-09,0,166,2,Preventive,No,No,Completed
TMS000425,AST003986,Weld,C00001,30.4,Turnout wear,Turnout/Switch Defect,High,4,4,3,2025-06-24,2025-07-04,0,247,3,Corrective,No,No,Open
TMS000426,AST004525,Turnout,C00017,4.5,Rail wear,Rail Defect,Low,4,1,2,2025-06-29,2025-08-10,0,163,3,Preventive,No,Yes,Open
TMS000427,AST002409,Turnout,C00080,12.0,Gauge defect,Track Geometry,High,3,3,1,2025-05-31,2025-06-10,21,161,2,Corrective,No,Yes,Open
TMS000428,AST003344,Track,C00037,14.3,Preventive maintenance,Preventive,Medium,4,3,3,2025-05-17,2025-06-14,0,59,3,Preventive,No,No,Completed
TMS000429,AST000382,Crossing,C00073,73.9,Rail crack,Rail Defect,High,2,3,2,2025-06-23,2025-07-03,0,171,3,Corrective,Yes,Yes,Open
TMS000430,AST002929,Track,C00100,8.7,Rail wear,Rail Defect,Low,2,2,1,2025-02-09,2025-03-26,97,65,1,Preventive,No,Yes,Deferred
TMS000431,AST001532,Turnout,C00002,87.1,Weld defect,Rail Defect,High,4,3,2,2025-05-21,2025-06-02,29,125,5,Corrective,No,Yes,Open
TMS000432,AST003301,Switch,C00086,240.7,Alignment defect,Track Geometry,Medium,3,2,3,2025-06-18,2025-07-09,0,211,6,Preventive,Yes,Yes,Scheduled
TMS000433,AST003343,Sleeper,C00052,166.5,Ballast deficiency,Ballast Defect,Medium,1,1,1,2025-06-14,2025-07-05,0,48,4,Preventive,Yes,Yes,Completed
TMS000434,AST000661,Weld,C00077,54.9,Weld defect,Rail Defect,Medium,3,3,2,2025-06-26,2025-07-21,0,100,3,Preventive,No,Yes,In Progress
TMS000435,AST001343,Switch,C00054,8.5,Ballast deficiency,Ballast Defect,Medium,3,3,2,2025-06-29,2025-07-15,0,166,6,Preventive,Yes,Yes,Scheduled
TMS000436,AST000217,Rail,C00035,57.8,Rail wear,Rail Defect,Low,2,2,2,2025-06-16,2025-08-01,0,194,4,Preventive,No,Yes,Open
TMS000437,AST002640,Sleeper,C00058,0.3,Scheduled inspection,Inspection,Low,3,1,1,2025-06-29,2025-08-15,0,60,3,Inspection,No,Yes,Open
TMS000438,AST003075,Weld,C00089,36.2,Drainage issue,Drainage,Critical,4,4,3,2025-02-26,2025-03-04,119,71,2,Corrective,Yes,No,Scheduled
TMS000439,AST002739,Ballast,C00048,0.2,Drainage issue,Drainage,Medium,2,3,1,2025-05-20,2025-06-15,0,117,4,Preventive,Yes,Yes,Completed
TMS000440,AST000342,Ballast,C00031,23.6,Rail wear,Rail Defect,Low,2,1,3,2025-05-26,2025-07-05,0,198,4,Preventive,No,Yes,Open
TMS000441,AST004818,Track,C00014,10.8,Turnout wear,Turnout/Switch Defect,Medium,3,3,3,2025-06-27,2025-07-22,0,278,4,Preventive,No,Yes,In Progress
TMS000442,AST002843,Turnout,C00015,77.1,Corrective maintenance,Corrective,Medium,4,2,1,2025-06-11,2025-07-08,0,189,4,Corrective,No,Yes,Scheduled
TMS000443,AST001122,Rail,C00029,71.6,Track geometry defect,Track Geometry,Medium,3,2,4,2025-03-18,2025-04-06,0,169,4,Preventive,No,Yes,Completed
TMS000444,AST004885,Switch,C00001,347.2,Gauge defect,Track Geometry,High,4,4,3,2025-05-15,2025-05-26,36,186,3,Corrective,No,No,Open
TMS000445,AST001894,Track,C00060,0.7,Corrective maintenance,Corrective,Low,1,1,1,2025-02-03,2025-03-21,102,175,2,Corrective,No,Yes,Scheduled
TMS000446,AST000662,Turnout,C00046,19.1,Corrective maintenance,Corrective,Low,3,3,2,2025-06-11,2025-07-21,0,248,4,Corrective,No,Yes,Completed
TMS000447,AST004627,Weld,C00096,75.2,Drainage issue,Drainage,High,3,4,3,2025-02-26,2025-03-11,112,65,2,Corrective,Yes,Yes,Scheduled
TMS000448,AST002664,Switch,C00072,28.0,Track geometry defect,Track Geometry,Medium,2,3,1,2025-05-17,2025-06-11,20,249,3,Preventive,No,Yes,Open
TMS000449,AST000567,Bridge,C00018,51.0,Rail crack,Rail Defect,Medium,4,2,2,2025-06-13,2025-07-06,0,158,3,Preventive,Yes,Yes,Scheduled
TMS000450,AST004131,Sleeper,C00026,69.4,Track geometry defect,Track Geometry,High,5,3,3,2025-06-07,2025-06-19,0,134,3,Corrective,No,Yes,Completed
TMS000451,AST004009,Rail,C00041,25.7,Sleeper damage,Sleeper Defect,High,4,4,3,2025-03-02,2025-03-12,111,210,5,Corrective,No,Yes,Open
TMS000452,AST001351,Ballast,C00020,70.3,Track geometry defect,Track Geometry,Low,1,2,2,2025-06-24,2025-07-29,0,211,4,Preventive,Yes,Yes,Scheduled
TMS000453,AST003469,Switch,C00071,6.3,Corrective maintenance,Corrective,Low,2,1,1,2025-06-24,2025-08-06,0,236,5,Corrective,No,Yes,Completed
TMS000454,AST004695,Weld,C00074,12.0,Weld defect,Rail Defect,Medium,3,3,1,2025-04-10,2025-04-29,63,172,3,Preventive,No,No,Open
TMS000455,AST003168,Rail,C00079,20.0,Corrective maintenance,Corrective,Medium,2,2,2,2025-06-13,2025-07-02,0,182,4,Corrective,No,Yes,Open
TMS000456,AST000546,Ballast,C00054,22.7,Rail crack,Rail Defect,High,2,3,2,2025-06-16,2025-06-24,7,172,2,Corrective,No,Yes,Open
TMS000457,AST000437,Turnout,C00006,7.0,Track geometry defect,Track Geometry,Low,3,2,2,2025-02-03,2025-03-28,0,190,5,Preventive,Yes,Yes,Completed
TMS000458,AST003279,Turnout,C00026,9.5,Rail crack,Rail Defect,Low,2,1,1,2025-06-29,2025-08-11,0,164,2,Preventive,Yes,No,Completed
TMS000459,AST003423,Weld,C00092,51.7,Weld defect,Rail Defect,Medium,4,3,2,2025-06-23,2025-07-15,0,203,4,Preventive,Yes,Yes,Open
TMS000460,AST002245,Turnout,C00043,4.8,Scheduled inspection,Inspection,High,2,4,2,2025-05-30,2025-06-08,23,133,2,Inspection,No,Yes,Scheduled
TMS000461,AST001092,Weld,C00044,24.9,Turnout wear,Turnout/Switch Defect,High,2,3,2,2025-05-15,2025-05-26,36,225,4,Corrective,No,No,In Progress
TMS000462,AST004508,Bridge,C00093,23.8,Rail wear,Rail Defect,Low,3,1,1,2025-04-07,2025-05-19,43,142,4,Preventive,No,Yes,In Progress
TMS000463,AST001053,Track,C00086,107.8,Track geometry defect,Track Geometry,Medium,2,2,1,2025-06-12,2025-07-04,0,195,4,Preventive,Yes,Yes,In Progress
TMS000464,AST002000,Weld,C00077,1.7,Drainage issue,Drainage,Medium,3,2,2,2025-04-21,2025-05-13,49,48,3,Preventive,Yes,Yes,Deferred
TMS000465,AST001251,Turnout,C00022,63.0,Gauge defect,Track Geometry,Low,2,1,1,2025-06-23,2025-08-09,0,90,4,Preventive,No,Yes,Open
TMS000466,AST000936,Switch,C00098,3.0,Track geometry defect,Track Geometry,Low,4,1,2,2025-04-16,2025-06-08,23,243,4,Preventive,Yes,Yes,Open
TMS000467,AST000789,Switch,C00059,31.4,Sleeper damage,Sleeper Defect,High,4,3,4,2025-05-30,2025-06-12,0,165,5,Corrective,No,Yes,Completed
TMS000468,AST001408,Track,C00033,31.1,Scheduled inspection,Inspection,High,4,3,5,2025-05-11,2025-05-21,41,55,3,Inspection,No,Yes,Open
TMS000469,AST000692,Turnout,C00050,10.0,Sleeper damage,Sleeper Defect,Low,2,2,1,2025-05-27,2025-07-04,0,112,3,Preventive,No,No,Scheduled
TMS000470,AST002160,Sleeper,C00018,4.2,Ballast deficiency,Ballast Defect,High,3,4,3,2025-06-13,2025-06-25,6,110,3,Corrective,Yes,Yes,Scheduled
TMS000471,AST004179,Sleeper,C00044,9.6,Drainage issue,Drainage,High,4,3,3,2025-02-13,2025-02-20,131,117,2,Corrective,Yes,Yes,Scheduled
TMS000472,AST001550,Turnout,C00071,5.1,Weld defect,Rail Defect,Medium,4,3,3,2025-06-17,2025-07-13,0,75,2,Preventive,No,Yes,In Progress
TMS000473,AST002871,Ballast,C00100,5.8,Alignment defect,Track Geometry,Critical,3,4,3,2025-06-02,2025-06-07,24,228,4,Corrective,Yes,Yes,Open
TMS000474,AST001833,Track,C00006,3.8,Gauge defect,Track Geometry,Medium,4,3,1,2025-06-30,2025-07-24,0,117,3,Preventive,No,Yes,Open
TMS000475,AST001918,Sleeper,C00084,50.2,Track geometry defect,Track Geometry,Medium,2,3,1,2025-05-17,2025-06-12,19,220,4,Preventive,No,Yes,Open
TMS000476,AST000294,Switch,C00099,0.5,Rail crack,Rail Defect,Low,3,2,3,2025-06-10,2025-07-24,0,189,4,Preventive,Yes,Yes,Open
TMS000477,AST003691,Switch,C00089,87.2,Scheduled inspection,Inspection,High,2,3,4,2025-05-03,2025-05-17,45,42,2,Inspection,No,No,Open
TMS000478,AST004383,Turnout,C00037,75.9,Preventive maintenance,Preventive,High,3,4,2,2025-06-25,2025-07-06,0,55,2,Preventive,No,Yes,Deferred
TMS000479,AST003374,Ballast,C00043,0.6,Track geometry defect,Track Geometry,Low,3,1,2,2025-05-14,2025-07-09,0,170,3,Preventive,No,Yes,Scheduled
TMS000480,AST003941,Ballast,C00001,246.5,Preventive maintenance,Preventive,Low,3,2,3,2025-06-15,2025-08-02,0,82,2,Preventive,No,Yes,Completed
TMS000481,AST002555,Track,C00051,57.7,Ballast deficiency,Ballast Defect,Critical,4,4,4,2025-03-13,2025-03-18,105,217,4,Corrective,Yes,Yes,Open
TMS000482,AST003168,Rail,C00079,20.0,Sleeper damage,Sleeper Defect,High,4,4,4,2025-06-13,2025-06-24,7,57,3,Corrective,No,Yes,Open
TMS000483,AST004240,Track,C00028,114.4,Drainage issue,Drainage,Medium,4,2,4,2025-06-21,2025-07-15,0,111,5,Preventive,Yes,Yes,Scheduled
TMS000484,AST000049,Track,C00075,12.1,Sleeper damage,Sleeper Defect,High,3,3,2,2025-05-24,2025-06-03,28,172,2,Corrective,No,Yes,Scheduled
TMS000485,AST001726,Crossing,C00042,42.8,Ballast deficiency,Ballast Defect,Critical,2,3,3,2025-04-05,2025-04-09,0,86,3,Corrective,No,Yes,Completed
TMS000486,AST005000,Rail,C00086,185.8,Turnout wear,Turnout/Switch Defect,Medium,2,3,2,2025-05-22,2025-06-10,0,259,5,Preventive,No,Yes,Completed
TMS000487,AST004814,Rail,C00083,27.3,Preventive maintenance,Preventive,High,3,3,2,2025-05-25,2025-06-07,24,65,2,Preventive,No,Yes,In Progress
TMS000488,AST003032,Crossing,C00093,66.4,Track geometry defect,Track Geometry,Medium,1,4,2,2025-06-14,2025-07-04,0,184,4,Preventive,Yes,No,Scheduled
TMS000489,AST004219,Turnout,C00005,54.4,Turnout wear,Turnout/Switch Defect,High,3,4,4,2025-05-18,2025-05-24,38,246,4,Corrective,No,Yes,In Progress
TMS000490,AST004796,Bridge,C00090,45.4,Alignment defect,Track Geometry,Low,2,3,3,2025-05-22,2025-07-09,0,171,2,Preventive,No,Yes,Completed
TMS000491,AST004443,Turnout,C00039,10.2,Gauge defect,Track Geometry,High,4,2,3,2025-02-28,2025-03-12,111,234,3,Corrective,No,Yes,Open
TMS000492,AST005278,Turnout,C00038,49.0,Turnout wear,Turnout/Switch Defect,High,3,3,4,2025-03-24,2025-04-02,0,203,4,Corrective,No,Yes,Completed
TMS000493,AST001615,Bridge,C00090,49.5,Scheduled inspection,Inspection,Critical,3,4,5,2025-06-19,2025-06-23,0,52,3,Inspection,No,Yes,Completed
TMS000494,AST002961,Track,C00067,43.7,Preventive maintenance,Preventive,Low,3,2,1,2025-02-03,2025-03-09,114,86,2,Preventive,No,Yes,In Progress
TMS000495,AST002749,Rail,C00007,76.7,Rail crack,Rail Defect,Critical,2,5,4,2025-06-22,2025-06-29,2,118,3,Corrective,Yes,Yes,Open
TMS000496,AST002399,Ballast,C00073,8.3,Corrective maintenance,Corrective,Low,2,1,1,2025-05-24,2025-06-28,3,137,3,Corrective,No,Yes,Open
TMS000497,AST005014,Turnout,C00007,103.0,Rail crack,Rail Defect,Low,1,2,2,2025-06-14,2025-08-05,0,136,2,Preventive,Yes,Yes,Completed
TMS000498,AST002390,Switch,C00070,8.9,Rail wear,Rail Defect,Critical,3,5,4,2025-05-21,2025-05-25,37,218,3,Corrective,No,Yes,Open
TMS000499,AST000766,Rail,C00031,9.1,Drainage issue,Drainage,High,4,5,2,2025-05-06,2025-05-18,44,127,3,Corrective,Yes,Yes,In Progress
TMS000500,AST004579,Switch,C00048,63.4,Drainage issue,Drainage,Low,2,2,2,2025-06-06,2025-07-21,0,134,2,Preventive,Yes,Yes,Open
TMS000501,AST002520,Weld,C00039,9.2,Drainage issue,Drainage,Medium,2,4,1,2025-04-07,2025-05-01,61,53,3,Preventive,Yes,No,Open
TMS000502,AST001721,Weld,C00071,9.1,Rail crack,Rail Defect,Low,2,2,1,2025-06-11,2025-07-18,0,143,3,Preventive,Yes,Yes,Open
TMS000503,AST003447,Ballast,C00095,74.8,Scheduled inspection,Inspection,Medium,5,2,3,2025-06-05,2025-06-29,2,84,2,Inspection,No,Yes,Open
TMS000504,AST001061,Weld,C00029,83.6,Drainage issue,Drainage,Low,5,1,1,2025-05-28,2025-07-22,0,188,5,Preventive,Yes,Yes,Open
TMS000505,AST003140,Track,C00099,3.8,Rail crack,Rail Defect,Low,3,1,2,2025-03-21,2025-04-27,0,271,4,Preventive,Yes,Yes,Completed
TMS000506,AST000840,Turnout,C00093,36.9,Corrective maintenance,Corrective,Low,3,2,2,2025-06-27,2025-08-11,0,245,4,Corrective,No,Yes,Scheduled
TMS000507,AST004892,Crossing,C00074,15.6,Scheduled inspection,Inspection,Medium,2,3,1,2025-05-12,2025-06-09,22,45,1,Inspection,No,No,Open
TMS000508,AST003715,Ballast,C00053,76.4,Corrective maintenance,Corrective,Medium,3,2,3,2025-06-22,2025-07-13,0,226,5,Corrective,No,Yes,Scheduled
TMS000509,AST001081,Rail,C00054,19.5,Ballast deficiency,Ballast Defect,Medium,4,3,2,2025-05-28,2025-06-26,5,151,3,Preventive,Yes,No,Scheduled
TMS000510,AST001118,Turnout,C00013,112.4,Drainage issue,Drainage,High,2,3,3,2025-06-01,2025-06-10,21,179,4,Corrective,Yes,No,In Progress
TMS000511,AST001311,Switch,C00047,45.0,Weld defect,Rail Defect,Low,3,1,1,2025-05-29,2025-07-18,0,106,3,Preventive,No,Yes,Open
TMS000512,AST000102,Turnout,C00039,30.8,Gauge defect,Track Geometry,Critical,3,4,2,2025-05-19,2025-05-22,40,256,5,Corrective,No,Yes,Open
TMS000513,AST000799,Sleeper,C00006,16.7,Sleeper damage,Sleeper Defect,Critical,4,4,4,2025-06-08,2025-06-13,18,83,2,Corrective,Yes,Yes,Open
TMS000514,AST001265,Weld,C00005,103.6,Corrective maintenance,Corrective,Medium,4,3,2,2025-06-13,2025-07-06,0,217,4,Corrective,No,Yes,Open
TMS000515,AST002435,Sleeper,C00022,115.5,Preventive maintenance,Preventive,Low,1,1,1,2025-04-04,2025-06-02,29,111,4,Preventive,No,Yes,Deferred
TMS000516,AST005236,Track,C00049,94.3,Gauge defect,Track Geometry,Low,3,1,1,2025-06-09,2025-07-21,0,245,7,Preventive,No,Yes,Open
TMS000517,AST001119,Switch,C00009,90.0,Gauge defect,Track Geometry,Low,2,2,1,2025-06-19,2025-08-05,0,247,5,Preventive,No,Yes,Completed
TMS000518,AST003552,Track,C00040,28.2,Weld defect,Rail Defect,Medium,3,2,2,2025-05-13,2025-05-31,31,120,3,Preventive,No,Yes,Open
TMS000519,AST002638,Switch,C00067,21.2,Alignment defect,Track Geometry,Low,2,1,1,2025-05-11,2025-06-11,0,126,3,Preventive,No,No,Completed
TMS000520,AST005188,Ballast,C00028,140.3,Scheduled inspection,Inspection,Low,3,2,2,2025-06-03,2025-07-11,0,94,4,Inspection,No,Yes,Scheduled
TMS000521,AST004753,Track,C00100,1.6,Drainage issue,Drainage,Low,2,2,2,2025-04-26,2025-05-30,32,73,2,Preventive,Yes,Yes,Open
TMS000522,AST000316,Switch,C00063,140.9,Rail wear,Rail Defect,Medium,2,2,2,2025-06-20,2025-07-05,0,188,4,Preventive,No,Yes,Open
TMS000523,AST005243,Crossing,C00020,9.1,Gauge defect,Track Geometry,Medium,3,3,3,2025-06-28,2025-07-19,0,238,4,Preventive,No,Yes,Completed
TMS000524,AST000752,Ballast,C00092,42.0,Rail wear,Rail Defect,Medium,4,3,2,2025-04-06,2025-04-27,65,243,4,Preventive,No,Yes,Open
TMS000525,AST001177,Ballast,C00057,3.7,Ballast deficiency,Ballast Defect,Critical,4,5,5,2025-06-18,2025-06-22,9,174,3,Corrective,Yes,Yes,Scheduled
TMS000526,AST000292,Weld,C00003,6.0,Sleeper damage,Sleeper Defect,Medium,2,1,1,2025-06-09,2025-07-01,0,122,4,Preventive,No,Yes,Scheduled
TMS000527,AST002682,Rail,C00052,27.1,Ballast deficiency,Ballast Defect,Low,2,2,1,2025-04-24,2025-06-13,18,140,5,Preventive,Yes,No,In Progress
TMS000528,AST003087,Track,C00020,27.7,Corrective maintenance,Corrective,Low,2,1,1,2025-02-23,2025-04-02,90,204,3,Corrective,No,Yes,Open
TMS000529,AST002582,Bridge,C00001,193.0,Weld defect,Rail Defect,Low,3,1,2,2025-05-24,2025-07-03,0,107,3,Preventive,No,Yes,Open
TMS000530,AST001648,Track,C00028,112.8,Alignment defect,Track Geometry,Medium,2,3,4,2025-02-17,2025-03-04,0,177,4,Preventive,Yes,Yes,Completed
TMS000531,AST003069,Weld,C00040,43.1,Gauge defect,Track Geometry,High,4,4,3,2025-06-11,2025-06-22,9,191,3,Corrective,Yes,Yes,Deferred
TMS000532,AST005157,Sleeper,C00031,61.3,Weld defect,Rail Defect,Low,4,2,3,2025-06-22,2025-08-04,0,61,3,Preventive,No,No,Open
TMS000533,AST000342,Ballast,C00031,23.6,Turnout wear,Turnout/Switch Defect,Medium,2,3,2,2025-02-05,2025-02-24,0,153,3,Preventive,Yes,Yes,Completed
TMS000534,AST002957,Ballast,C00058,35.5,Gauge defect,Track Geometry,Low,3,2,1,2025-05-25,2025-07-09,0,112,4,Preventive,No,Yes,Open
TMS000535,AST000663,Bridge,C00094,170.7,Corrective maintenance,Corrective,Low,2,2,2,2025-06-25,2025-08-19,0,202,2,Corrective,Yes,Yes,Open
TMS000536,AST004290,Sleeper,C00097,10.9,Preventive maintenance,Preventive,Critical,5,4,3,2025-05-13,2025-05-17,45,107,3,Preventive,No,Yes,Scheduled
TMS000537,AST001704,Ballast,C00016,29.7,Scheduled inspection,Inspection,High,3,4,2,2025-06-13,2025-06-22,9,139,3,Inspection,No,Yes,Open
TMS000538,AST003672,Sleeper,C00065,14.2,Gauge defect,Track Geometry,High,2,4,4,2025-05-20,2025-05-30,32,239,2,Corrective,No,Yes,Open
TMS000539,AST000645,Sleeper,C00092,72.6,Preventive maintenance,Preventive,Critical,4,3,3,2025-05-08,2025-05-12,0,73,1,Preventive,No,Yes,Completed
TMS000540,AST000866,Track,C00083,94.6,Rail crack,Rail Defect,Medium,3,3,1,2025-06-22,2025-07-12,0,106,2,Preventive,Yes,Yes,Completed
TMS000541,AST002006,Sleeper,C00093,46.1,Drainage issue,Drainage,Medium,3,3,3,2025-06-30,2025-07-25,0,40,2,Preventive,Yes,Yes,Scheduled
TMS000542,AST001285,Switch,C00093,2.2,Alignment defect,Track Geometry,Low,3,1,2,2025-03-07,2025-05-02,60,203,4,Preventive,No,Yes,Open
TMS000543,AST003339,Track,C00028,42.0,Alignment defect,Track Geometry,Medium,1,2,2,2025-05-09,2025-06-01,30,134,2,Preventive,Yes,Yes,In Progress
TMS000544,AST003714,Ballast,C00069,69.9,Rail wear,Rail Defect,Low,3,2,1,2025-05-17,2025-06-22,9,183,4,Preventive,No,Yes,Open
TMS000545,AST004360,Rail,C00056,18.8,Weld defect,Rail Defect,Medium,2,2,3,2025-05-09,2025-05-29,33,92,3,Preventive,No,Yes,In Progress
TMS000546,AST001163,Weld,C00028,44.4,Turnout wear,Turnout/Switch Defect,High,4,3,2,2025-05-27,2025-06-06,25,206,3,Corrective,No,Yes,Open
TMS000547,AST000783,Sleeper,C00095,30.2,Track geometry defect,Track Geometry,Medium,2,3,1,2025-02-23,2025-03-10,113,233,4,Preventive,No,Yes,Deferred
TMS000548,AST003816,Weld,C00088,28.6,Ballast deficiency,Ballast Defect,Medium,3,3,2,2025-06-30,2025-07-26,0,123,2,Preventive,No,Yes,Completed
TMS000549,AST000148,Sleeper,C00099,1.7,Alignment defect,Track Geometry,High,4,3,2,2025-06-20,2025-06-29,2,297,5,Corrective,Yes,No,In Progress
TMS000550,AST003306,Turnout,C00055,98.5,Corrective maintenance,Corrective,Medium,2,2,1,2025-06-12,2025-07-07,0,260,4,Corrective,No,Yes,Completed
TMS000551,AST000338,Crossing,C00066,0.2,Drainage issue,Drainage,Low,2,1,1,2025-06-29,2025-08-16,0,159,2,Preventive,Yes,Yes,Open
TMS000552,AST002835,Ballast,C00008,26.9,Weld defect,Rail Defect,Medium,2,3,2,2025-06-05,2025-06-23,8,134,4,Preventive,No,No,Scheduled
TMS000553,AST004407,Rail,C00012,61.2,Rail wear,Rail Defect,Low,3,2,2,2025-06-13,2025-07-18,0,117,3,Preventive,No,Yes,Completed
TMS000554,AST002155,Ballast,C00026,340.4,Turnout wear,Turnout/Switch Defect,Medium,4,2,1,2025-06-25,2025-07-18,0,191,4,Preventive,No,No,Open
TMS000555,AST004816,Sleeper,C00045,27.8,Scheduled inspection,Inspection,Medium,4,3,2,2025-06-22,2025-07-18,0,84,2,Inspection,No,Yes,Open
TMS000556,AST003412,Rail,C00068,124.0,Preventive maintenance,Preventive,Low,2,2,1,2025-06-08,2025-07-31,0,87,3,Preventive,No,Yes,Scheduled
TMS000557,AST001057,Switch,C00041,30.2,Gauge defect,Track Geometry,Medium,3,3,4,2025-05-02,2025-05-24,38,170,2,Preventive,No,Yes,Scheduled
TMS000558,AST002437,Rail,C00026,285.3,Rail wear,Rail Defect,Low,3,1,2,2025-06-15,2025-08-09,0,101,1,Preventive,No,No,Open
TMS000559,AST004606,Rail,C00004,55.9,Alignment defect,Track Geometry,Low,3,2,1,2025-05-31,2025-07-13,0,233,3,Preventive,No,Yes,Open
TMS000560,AST002222,Track,C00023,27.8,Corrective maintenance,Corrective,Medium,2,3,2,2025-05-27,2025-06-17,14,289,5,Corrective,No,No,Open
TMS000561,AST003457,Track,C00063,110.5,Track geometry defect,Track Geometry,Low,2,2,1,2025-05-14,2025-07-07,0,151,2,Preventive,No,Yes,Completed
TMS000562,AST003924,Ballast,C00030,22.6,Track geometry defect,Track Geometry,Critical,5,4,4,2025-02-19,2025-02-22,129,176,3,Corrective,No,Yes,Open
TMS000563,AST000852,Bridge,C00083,49.5,Scheduled inspection,Inspection,Medium,4,3,2,2025-06-23,2025-07-22,0,42,3,Inspection,No,No,Open
TMS000564,AST004053,Track,C00095,54.5,Track geometry defect,Track Geometry,Critical,4,4,3,2025-06-01,2025-06-05,0,179,4,Corrective,Yes,Yes,Completed
TMS000565,AST002257,Crossing,C00006,10.7,Alignment defect,Track Geometry,Medium,3,2,2,2025-06-21,2025-07-14,0,191,4,Preventive,Yes,Yes,In Progress
TMS000566,AST004848,Weld,C00031,42.4,Scheduled inspection,Inspection,Medium,2,3,2,2025-06-16,2025-07-06,0,31,3,Inspection,No,No,Open
TMS000567,AST003172,Weld,C00051,20.1,Track geometry defect,Track Geometry,Medium,4,1,1,2025-05-16,2025-06-12,19,198,2,Preventive,Yes,Yes,Deferred
TMS000568,AST002636,Ballast,C00084,175.0,Alignment defect,Track Geometry,Medium,3,3,2,2025-06-12,2025-07-06,0,240,4,Preventive,Yes,Yes,Deferred
TMS000569,AST003391,Rail,C00006,2.8,Gauge defect,Track Geometry,Low,4,2,2,2025-06-18,2025-08-10,0,179,3,Preventive,No,Yes,Scheduled
TMS000570,AST004389,Switch,C00075,72.8,Gauge defect,Track Geometry,Low,1,2,2,2025-06-20,2025-07-25,0,143,2,Preventive,No,Yes,Scheduled
TMS000571,AST003829,Switch,C00095,24.3,Corrective maintenance,Corrective,Medium,2,2,3,2025-06-26,2025-07-15,0,268,5,Corrective,Yes,Yes,Completed
TMS000572,AST000535,Rail,C00028,16.0,Rail crack,Rail Defect,Low,1,1,1,2025-06-14,2025-07-23,0,168,1,Preventive,Yes,Yes,Deferred
TMS000573,AST003125,Crossing,C00023,2.9,Track geometry defect,Track Geometry,High,5,4,4,2025-05-29,2025-06-08,23,230,4,Corrective,Yes,Yes,Open
TMS000574,AST000917,Track,C00013,24.5,Drainage issue,Drainage,Medium,2,3,2,2025-05-04,2025-05-22,40,130,3,Preventive,Yes,Yes,Scheduled
TMS000575,AST004666,Rail,C00025,370.1,Alignment defect,Track Geometry,Low,1,2,2,2025-06-18,2025-08-16,0,161,1,Preventive,Yes,Yes,In Progress
TMS000576,AST004336,Weld,C00020,53.2,Weld defect,Rail Defect,Critical,4,4,2,2025-06-18,2025-06-21,0,207,4,Corrective,No,No,Completed
TMS000577,AST001160,Switch,C00036,32.7,Track geometry defect,Track Geometry,Critical,2,4,4,2025-06-15,2025-06-19,0,285,3,Corrective,Yes,Yes,Completed
TMS000578,AST002587,Weld,C00037,17.1,Turnout wear,Turnout/Switch Defect,Low,1,1,2,2025-06-17,2025-08-05,0,241,5,Preventive,No,Yes,Completed
TMS000579,AST000153,Sleeper,C00051,9.9,Weld defect,Rail Defect,Medium,2,3,2,2025-02-06,2025-03-02,121,97,2,Preventive,No,Yes,Open
TMS000580,AST003277,Crossing,C00060,6.6,Gauge defect,Track Geometry,Low,2,2,1,2025-06-12,2025-07-16,0,145,4,Preventive,No,Yes,Completed
TMS000581,AST003082,Switch,C00043,0.6,Alignment defect,Track Geometry,Medium,1,2,3,2025-06-22,2025-07-18,0,124,3,Preventive,Yes,Yes,Open
TMS000582,AST000297,Track,C00050,6.2,Sleeper damage,Sleeper Defect,High,3,4,4,2025-06-17,2025-06-27,0,157,4,Corrective,No,Yes,Completed
TMS000583,AST000775,Rail,C00100,7.9,Track geometry defect,Track Geometry,High,3,4,3,2025-06-07,2025-06-14,17,197,4,Corrective,Yes,Yes,Scheduled
TMS000584,AST000251,Bridge,C00069,205.7,Sleeper damage,Sleeper Defect,Medium,4,4,1,2025-02-18,2025-03-07,116,107,3,Preventive,No,Yes,In Progress
TMS000585,AST005202,Sleeper,C00039,0.0,Turnout wear,Turnout/Switch Defect,Low,4,2,1,2025-06-24,2025-08-11,0,263,5,Preventive,No,Yes,Open
TMS000586,AST003806,Weld,C00041,0.6,Scheduled inspection,Inspection,Low,2,1,1,2025-05-07,2025-06-13,18,81,2,Inspection,No,Yes,In Progress
TMS000587,AST002109,Switch,C00041,11.2,Preventive maintenance,Preventive,Medium,1,2,2,2025-04-15,2025-05-11,51,63,2,Preventive,No,Yes,Open
TMS000588,AST000007,Turnout,C00084,174.3,Turnout wear,Turnout/Switch Defect,Medium,2,3,1,2025-05-14,2025-06-08,0,259,4,Preventive,No,Yes,Completed
TMS000589,AST001744,Crossing,C00071,14.3,Alignment defect,Track Geometry,Medium,3,2,2,2025-06-21,2025-07-15,0,152,3,Preventive,Yes,Yes,Open
TMS000590,AST001449,Rail,C00067,39.7,Sleeper damage,Sleeper Defect,Low,2,1,1,2025-06-26,2025-08-08,0,91,2,Preventive,No,Yes,Completed
TMS000591,AST003466,Crossing,C00079,52.3,Alignment defect,Track Geometry,High,4,4,2,2025-06-25,2025-07-06,0,210,3,Corrective,Yes,No,Scheduled
TMS000592,AST003306,Turnout,C00055,98.5,Weld defect,Rail Defect,Low,1,2,1,2025-03-02,2025-04-09,83,181,5,Preventive,No,No,Scheduled
TMS000593,AST004537,Bridge,C00042,30.0,Weld defect,Rail Defect,High,3,4,2,2025-06-25,2025-07-07,0,127,1,Corrective,No,Yes,Deferred
TMS000594,AST003144,Turnout,C00041,36.9,Drainage issue,Drainage,Medium,3,3,3,2025-06-12,2025-07-05,0,69,2,Preventive,Yes,Yes,Completed
TMS000595,AST003013,Turnout,C00038,170.8,Rail wear,Rail Defect,Medium,3,2,2,2025-06-18,2025-07-05,0,216,3,Preventive,No,Yes,Open
TMS000596,AST000513,Track,C00035,81.8,Track geometry defect,Track Geometry,Medium,2,3,2,2025-03-16,2025-04-04,88,135,4,Preventive,Yes,Yes,Scheduled
TMS000597,AST003719,Bridge,C00053,124.4,Scheduled inspection,Inspection,Low,3,2,2,2025-05-28,2025-06-30,1,89,3,Inspection,No,No,Open
TMS000598,AST004417,Crossing,C00014,93.8,Alignment defect,Track Geometry,High,3,4,2,2025-05-23,2025-06-03,28,228,3,Corrective,No,Yes,In Progress
TMS000599,AST001917,Switch,C00085,223.7,Drainage issue,Drainage,High,5,3,2,2025-04-18,2025-04-27,65,148,4,Corrective,Yes,Yes,Scheduled
TMS000600,AST000861,Track,C00041,23.3,Rail crack,Rail Defect,Low,2,1,1,2025-06-30,2025-08-26,0,171,5,Preventive,Yes,Yes,Open
TMS000601,AST002623,Bridge,C00031,60.4,Rail wear,Rail Defect,Low,3,2,2,2025-06-26,2025-07-31,0,123,3,Preventive,No,Yes,Scheduled
TMS000602,AST000786,Track,C00092,72.3,Preventive maintenance,Preventive,Medium,3,2,2,2025-06-15,2025-07-06,0,68,2,Preventive,No,Yes,Open
TMS000603,AST005134,Weld,C00024,90.8,Corrective maintenance,Corrective,Medium,2,2,3,2025-06-20,2025-07-08,0,280,5,Corrective,No,Yes,Completed
TMS000604,AST002901,Turnout,C00094,46.9,Scheduled inspection,Inspection,Medium,2,2,2,2025-06-24,2025-07-16,0,70,3,Inspection,No,No,Open
TMS000605,AST004277,Weld,C00024,53.1,Rail crack,Rail Defect,Medium,3,3,2,2025-05-26,2025-06-14,17,212,4,Preventive,Yes,Yes,Scheduled
TMS000606,AST000362,Sleeper,C00079,32.6,Weld defect,Rail Defect,Medium,2,3,1,2025-06-15,2025-07-05,0,110,4,Preventive,No,Yes,Completed
TMS000607,AST000294,Switch,C00099,0.5,Sleeper damage,Sleeper Defect,Medium,3,2,1,2025-04-08,2025-05-03,59,71,4,Preventive,No,Yes,In Progress
TMS000608,AST003576,Turnout,C00093,53.6,Turnout wear,Turnout/Switch Defect,Low,3,2,2,2025-06-20,2025-08-04,0,161,2,Preventive,No,Yes,In Progress
TMS000609,AST000876,Track,C00045,155.2,Rail crack,Rail Defect,High,3,3,2,2025-06-17,2025-06-27,4,246,4,Corrective,Yes,Yes,Deferred
TMS000610,AST004874,Turnout,C00084,201.7,Turnout wear,Turnout/Switch Defect,Medium,3,3,2,2025-05-06,2025-05-28,34,210,4,Preventive,No,Yes,In Progress
TMS000611,AST002693,Ballast,C00088,65.3,Sleeper damage,Sleeper Defect,Low,2,2,1,2025-06-27,2025-07-29,0,90,3,Preventive,No,Yes,Completed
TMS000612,AST003566,Track,C00062,18.6,Turnout wear,Turnout/Switch Defect,Medium,3,3,2,2025-03-20,2025-04-12,80,239,5,Preventive,No,Yes,Scheduled
TMS000613,AST001485,Crossing,C00042,53.6,Rail crack,Rail Defect,Critical,5,4,3,2025-04-24,2025-04-30,62,271,5,Corrective,Yes,Yes,Open
TMS000614,AST004164,Rail,C00049,108.1,Turnout wear,Turnout/Switch Defect,Low,4,2,3,2025-05-30,2025-07-13,0,295,4,Preventive,No,Yes,Scheduled
TMS000615,AST002166,Rail,C00071,12.8,Preventive maintenance,Preventive,Critical,3,4,2,2025-02-23,2025-02-27,124,45,2,Preventive,No,No,Open
TMS000616,AST001313,Turnout,C00038,4.9,Ballast deficiency,Ballast Defect,Low,3,2,2,2025-05-04,2025-06-13,18,157,3,Preventive,Yes,Yes,Open
TMS000617,AST004582,Weld,C00009,24.1,Gauge defect,Track Geometry,Low,3,1,2,2025-06-11,2025-07-22,0,201,4,Preventive,No,Yes,Completed
TMS000618,AST000848,Switch,C00002,29.9,Drainage issue,Drainage,Low,3,2,1,2025-05-02,2025-06-15,0,151,3,Preventive,Yes,Yes,Completed
TMS000619,AST004602,Bridge,C00068,128.1,Alignment defect,Track Geometry,Medium,3,2,2,2025-06-15,2025-07-08,0,216,4,Preventive,Yes,Yes,Open
TMS000620,AST001986,Track,C00009,22.7,Track geometry defect,Track Geometry,High,3,3,2,2025-04-06,2025-04-20,72,255,3,Corrective,Yes,Yes,In Progress
TMS000621,AST003571,Turnout,C00017,1.5,Rail wear,Rail Defect,High,4,3,2,2025-05-05,2025-05-16,46,138,3,Corrective,No,Yes,Open
TMS000622,AST005064,Switch,C00018,48.5,Scheduled inspection,Inspection,High,5,3,3,2025-06-28,2025-07-08,0,68,2,Inspection,No,No,Completed
TMS000623,AST004758,Turnout,C00091,118.2,Corrective maintenance,Corrective,Low,2,3,1,2025-04-18,2025-05-22,40,223,3,Corrective,No,No,Open
TMS000624,AST002613,Rail,C00048,5.7,Drainage issue,Drainage,Low,1,1,1,2025-06-12,2025-07-18,0,110,3,Preventive,No,Yes,Open
TMS000625,AST004898,Sleeper,C00019,44.8,Turnout wear,Turnout/Switch Defect,Low,3,3,2,2025-06-11,2025-07-28,0,173,3,Preventive,No,Yes,Completed
TMS000626,AST005231,Weld,C00075,7.9,Track geometry defect,Track Geometry,Low,3,2,1,2025-06-22,2025-08-10,0,170,4,Preventive,Yes,Yes,Deferred
TMS000627,AST001052,Weld,C00092,25.8,Alignment defect,Track Geometry,High,3,4,3,2025-05-22,2025-06-03,28,243,2,Corrective,No,No,Scheduled
TMS000628,AST004353,Switch,C00095,94.8,Track geometry defect,Track Geometry,Medium,2,1,2,2025-05-07,2025-05-26,36,225,4,Preventive,No,Yes,Scheduled
TMS000629,AST002639,Turnout,C00065,45.9,Scheduled inspection,Inspection,Low,1,2,1,2025-06-28,2025-08-22,0,50,2,Inspection,No,Yes,In Progress
TMS000630,AST004143,Turnout,C00048,64.7,Corrective maintenance,Corrective,Low,2,3,1,2025-06-11,2025-08-10,0,272,6,Corrective,Yes,Yes,In Progress
TMS000631,AST003037,Crossing,C00096,98.0,Ballast deficiency,Ballast Defect,High,4,3,3,2025-03-30,2025-04-09,83,153,4,Corrective,Yes,Yes,Scheduled
TMS000632,AST003399,Weld,C00043,11.5,Alignment defect,Track Geometry,Low,2,3,2,2025-04-19,2025-06-06,25,127,3,Preventive,Yes,Yes,Open
TMS000633,AST004909,Turnout,C00024,60.1,Gauge defect,Track Geometry,Medium,2,1,2,2025-06-25,2025-07-24,0,179,3,Preventive,No,Yes,Open
TMS000634,AST002402,Ballast,C00039,2.5,Rail crack,Rail Defect,High,4,3,2,2025-06-24,2025-07-05,0,233,3,Corrective,Yes,No,Open
TMS000635,AST001246,Rail,C00093,55.2,Alignment defect,Track Geometry,High,3,3,2,2025-05-30,2025-06-07,24,157,3,Corrective,Yes,Yes,Deferred
TMS000636,AST002227,Crossing,C00061,8.7,Rail wear,Rail Defect,Medium,4,2,2,2025-03-28,2025-04-17,75,161,3,Preventive,No,No,Scheduled
TMS000637,AST000381,Crossing,C00007,60.6,Turnout wear,Turnout/Switch Defect,Low,2,2,2,2025-06-14,2025-07-25,0,236,3,Preventive,No,Yes,Deferred
TMS000638,AST004645,Switch,C00061,41.8,Scheduled inspection,Inspection,Low,3,2,1,2025-06-14,2025-07-14,0,66,3,Inspection,No,Yes,Open
TMS000639,AST004295,Turnout,C00065,20.9,Sleeper damage,Sleeper Defect,High,4,3,3,2025-05-17,2025-05-27,35,42,2,Corrective,No,Yes,Open
TMS000640,AST003886,Crossing,C00065,38.9,Scheduled inspection,Inspection,Low,3,1,2,2025-05-03,2025-06-25,6,88,2,Inspection,No,Yes,Open
TMS000641,AST002965,Sleeper,C00073,45.6,Weld defect,Rail Defect,High,2,2,3,2025-05-08,2025-05-19,43,147,2,Corrective,No,Yes,Open
TMS000642,AST002267,Turnout,C00091,54.9,Preventive maintenance,Preventive,High,3,3,2,2025-03-05,2025-03-17,106,89,2,Preventive,No,Yes,In Progress
TMS000643,AST002507,Bridge,C00025,142.2,Ballast deficiency,Ballast Defect,High,2,4,4,2025-06-29,2025-07-08,0,207,5,Corrective,Yes,Yes,Completed
TMS000644,AST003461,Track,C00033,68.9,Preventive maintenance,Preventive,Low,2,1,2,2025-05-02,2025-06-09,22,49,3,Preventive,No,Yes,Scheduled
TMS000645,AST004037,Turnout,C00085,125.4,Weld defect,Rail Defect,High,3,4,1,2025-06-12,2025-06-21,10,178,4,Corrective,No,Yes,In Progress
TMS000646,AST000790,Ballast,C00011,282.4,Alignment defect,Track Geometry,Low,3,3,1,2025-06-02,2025-07-14,0,138,3,Preventive,Yes,Yes,Completed
TMS000647,AST003728,Ballast,C00100,4.5,Alignment defect,Track Geometry,Low,3,2,1,2025-06-18,2025-08-13,0,248,3,Preventive,Yes,Yes,Open
TMS000648,AST004818,Track,C00014,10.8,Rail wear,Rail Defect,High,3,4,1,2025-02-20,2025-03-02,121,138,3,Corrective,No,Yes,In Progress
TMS000649,AST002782,Bridge,C00094,81.8,Alignment defect,Track Geometry,High,2,4,3,2025-06-20,2025-06-28,0,187,3,Corrective,Yes,Yes,Completed
TMS000650,AST002312,Sleeper,C00067,89.8,Corrective maintenance,Corrective,Medium,3,3,2,2025-04-04,2025-04-30,62,252,6,Corrective,No,Yes,Open
TMS000651,AST000893,Track,C00006,0.4,Corrective maintenance,Corrective,Critical,4,3,5,2025-04-05,2025-04-09,83,351,7,Corrective,No,Yes,In Progress
TMS000652,AST003584,Rail,C00048,96.7,Track geometry defect,Track Geometry,Medium,4,3,3,2025-02-02,2025-02-19,0,241,3,Preventive,Yes,Yes,Completed
TMS000653,AST004128,Bridge,C00062,55.5,Turnout wear,Turnout/Switch Defect,Medium,4,3,2,2025-05-10,2025-06-05,26,207,2,Preventive,Yes,Yes,Open
TMS000654,AST003044,Crossing,C00005,123.6,Drainage issue,Drainage,Critical,5,4,4,2025-05-30,2025-06-03,28,98,4,Corrective,Yes,Yes,Open
TMS000655,AST003765,Rail,C00098,3.0,Drainage issue,Drainage,Medium,2,2,2,2025-03-16,2025-04-09,83,78,3,Preventive,Yes,No,Open
TMS000656,AST004509,Rail,C00012,96.2,Corrective maintenance,Corrective,Low,3,1,1,2025-06-14,2025-08-08,0,239,4,Corrective,No,Yes,Scheduled
TMS000657,AST004907,Switch,C00073,85.4,Alignment defect,Track Geometry,Low,2,3,2,2025-06-01,2025-07-26,0,165,5,Preventive,No,Yes,Open
TMS000658,AST003570,Ballast,C00011,105.1,Weld defect,Rail Defect,Medium,4,3,2,2025-06-18,2025-07-07,0,95,4,Preventive,No,Yes,Scheduled
TMS000659,AST000689,Ballast,C00007,70.2,Ballast deficiency,Ballast Defect,Medium,3,3,3,2025-06-19,2025-07-11,0,152,3,Preventive,Yes,Yes,Open
TMS000660,AST004180,Weld,C00006,10.4,Sleeper damage,Sleeper Defect,Critical,4,5,2,2025-05-09,2025-05-14,0,194,5,Corrective,No,Yes,Completed
TMS000661,AST003374,Ballast,C00043,0.6,Track geometry defect,Track Geometry,High,2,2,3,2025-06-23,2025-07-03,0,253,6,Corrective,Yes,Yes,Open
TMS000662,AST002824,Bridge,C00006,0.5,Gauge defect,Track Geometry,Critical,3,5,3,2025-03-21,2025-03-25,0,224,4,Corrective,No,Yes,Completed
TMS000663,AST001868,Ballast,C00049,45.1,Sleeper damage,Sleeper Defect,Medium,4,4,2,2025-03-20,2025-04-06,0,121,4,Preventive,Yes,Yes,Completed
TMS000664,AST001985,Weld,C00097,24.0,Alignment defect,Track Geometry,Medium,3,3,3,2025-06-28,2025-07-18,0,154,3,Preventive,Yes,Yes,Open
TMS000665,AST002966,Rail,C00048,58.0,Alignment defect,Track Geometry,Medium,3,2,1,2025-02-05,2025-02-28,123,134,3,Preventive,Yes,No,Deferred
TMS000666,AST002129,Track,C00063,151.1,Turnout wear,Turnout/Switch Defect,Medium,3,3,2,2025-06-07,2025-06-28,3,147,4,Preventive,No,Yes,Open
TMS000667,AST003907,Turnout,C00055,6.2,Sleeper damage,Sleeper Defect,Low,1,1,1,2025-06-26,2025-08-23,0,78,4,Preventive,No,Yes,Open
TMS000668,AST001456,Ballast,C00085,56.9,Rail wear,Rail Defect,Low,1,2,1,2025-06-20,2025-08-15,0,129,3,Preventive,No,Yes,Open
TMS000669,AST000968,Ballast,C00092,31.6,Corrective maintenance,Corrective,Medium,2,1,2,2025-05-26,2025-06-16,15,239,2,Corrective,Yes,Yes,In Progress
TMS000670,AST002094,Turnout,C00047,1.1,Ballast deficiency,Ballast Defect,High,2,4,2,2025-06-20,2025-06-30,0,65,2,Corrective,Yes,Yes,Completed
TMS000671,AST001884,Ballast,C00083,96.2,Alignment defect,Track Geometry,High,4,4,2,2025-06-14,2025-06-23,8,204,4,Corrective,Yes,Yes,In Progress
TMS000672,AST003791,Track,C00058,9.4,Scheduled inspection,Inspection,Critical,4,5,1,2025-06-21,2025-06-25,6,40,3,Inspection,Yes,No,Open
TMS000673,AST003211,Crossing,C00003,31.7,Turnout wear,Turnout/Switch Defect,High,3,4,2,2025-05-02,2025-05-11,51,155,2,Corrective,No,Yes,Scheduled
TMS000674,AST003336,Switch,C00032,3.3,Ballast deficiency,Ballast Defect,Low,1,1,1,2025-06-14,2025-08-03,0,171,2,Preventive,No,Yes,Completed
TMS000675,AST002002,Ballast,C00006,9.2,Sleeper damage,Sleeper Defect,Medium,2,3,2,2025-06-12,2025-07-12,0,134,1,Preventive,No,Yes,Open
TMS000676,AST004632,Track,C00063,122.2,Gauge defect,Track Geometry,Medium,3,2,2,2025-06-06,2025-06-24,7,162,5,Preventive,No,Yes,Scheduled
TMS000677,AST000487,Weld,C00068,16.4,Ballast deficiency,Ballast Defect,Low,3,1,1,2025-06-20,2025-07-26,0,182,4,Preventive,Yes,Yes,Open
TMS000678,AST003725,Crossing,C00049,68.3,Gauge defect,Track Geometry,Low,3,3,1,2025-02-19,2025-04-17,75,99,1,Preventive,No,Yes,Open
TMS000679,AST004908,Weld,C00019,23.6,Preventive maintenance,Preventive,Medium,4,2,2,2025-04-13,2025-05-03,59,34,3,Preventive,No,Yes,In Progress
TMS000680,AST003210,Weld,C00100,5.7,Turnout wear,Turnout/Switch Defect,Low,3,2,1,2025-02-15,2025-03-20,103,229,2,Preventive,No,Yes,Open
TMS000681,AST005183,Rail,C00011,264.6,Turnout wear,Turnout/Switch Defect,Medium,2,3,2,2025-06-24,2025-07-24,0,268,5,Preventive,No,Yes,In Progress
TMS000682,AST003931,Track,C00026,246.5,Turnout wear,Turnout/Switch Defect,Medium,4,2,2,2025-06-12,2025-07-11,0,265,4,Preventive,No,Yes,Open
TMS000683,AST003700,Turnout,C00097,1.6,Weld defect,Rail Defect,Medium,4,4,2,2025-04-24,2025-05-20,42,175,5,Preventive,No,Yes,Open
TMS000684,AST003555,Rail,C00068,89.8,Sleeper damage,Sleeper Defect,High,3,4,2,2025-06-28,2025-07-08,0,176,5,Corrective,Yes,Yes,Open
TMS000685,AST002306,Turnout,C00078,137.3,Rail crack,Rail Defect,High,4,5,3,2025-06-27,2025-07-08,0,322,5,Corrective,Yes,Yes,Scheduled
TMS000686,AST001238,Switch,C00020,48.8,Weld defect,Rail Defect,Low,3,2,1,2025-06-19,2025-08-06,0,144,3,Preventive,No,Yes,In Progress
TMS000687,AST004247,Switch,C00047,45.8,Rail wear,Rail Defect,Low,3,3,3,2025-05-27,2025-07-06,0,165,4,Preventive,No,Yes,Open
TMS000688,AST000987,Turnout,C00081,12.6,Drainage issue,Drainage,Low,4,1,2,2025-04-30,2025-06-16,0,128,1,Preventive,Yes,Yes,Completed
TMS000689,AST003374,Ballast,C00043,0.6,Scheduled inspection,Inspection,High,4,4,2,2025-06-08,2025-06-21,10,95,3,Inspection,No,Yes,In Progress
TMS000690,AST002162,Weld,C00048,89.6,Track geometry defect,Track Geometry,High,3,3,3,2025-06-23,2025-07-01,0,210,4,Corrective,Yes,Yes,Completed
TMS000691,AST000891,Weld,C00072,39.7,Track geometry defect,Track Geometry,High,2,5,1,2025-06-12,2025-06-25,6,244,5,Corrective,Yes,No,Scheduled
TMS000692,AST004712,Bridge,C00055,16.1,Turnout wear,Turnout/Switch Defect,Critical,3,4,2,2025-06-21,2025-06-27,4,276,4,Corrective,No,Yes,Scheduled
TMS000693,AST004282,Switch,C00098,0.2,Drainage issue,Drainage,High,2,4,4,2025-02-11,2025-02-18,133,65,3,Corrective,Yes,Yes,Open
TMS000694,AST000451,Switch,C00086,86.9,Gauge defect,Track Geometry,Low,3,2,1,2025-06-04,2025-07-20,0,148,3,Preventive,No,Yes,Completed
TMS000695,AST000571,Turnout,C00073,40.1,Track geometry defect,Track Geometry,Low,3,2,1,2025-06-03,2025-07-25,0,198,4,Preventive,Yes,Yes,Scheduled
TMS000696,AST002752,Sleeper,C00091,182.4,Corrective maintenance,Corrective,High,4,4,2,2025-04-29,2025-05-12,50,295,7,Corrective,No,Yes,Scheduled
TMS000697,AST003575,Track,C00074,8.1,Sleeper damage,Sleeper Defect,Critical,3,4,2,2025-04-20,2025-04-24,68,112,4,Corrective,No,Yes,Open
TMS000698,AST000382,Crossing,C00073,73.9,Scheduled inspection,Inspection,Medium,4,3,4,2025-06-26,2025-07-13,0,107,3,Inspection,No,No,Scheduled
TMS000699,AST000156,Crossing,C00053,0.7,Turnout wear,Turnout/Switch Defect,Low,1,2,1,2025-06-18,2025-08-09,0,227,4,Preventive,No,Yes,In Progress
TMS000700,AST001338,Weld,C00033,105.8,Sleeper damage,Sleeper Defect,Medium,4,3,2,2025-04-24,2025-05-11,0,100,2,Preventive,No,Yes,Completed
TMS000701,AST003623,Turnout,C00045,88.0,Rail wear,Rail Defect,High,2,4,3,2025-06-15,2025-06-26,5,124,2,Corrective,No,Yes,Open
TMS000702,AST002910,Turnout,C00027,125.2,Rail crack,Rail Defect,Medium,2,3,1,2025-05-24,2025-06-16,15,166,4,Preventive,Yes,No,Scheduled
TMS000703,AST001867,Track,C00054,14.2,Rail crack,Rail Defect,Medium,3,1,2,2025-06-19,2025-07-09,0,175,4,Preventive,Yes,Yes,Scheduled
TMS000704,AST003433,Crossing,C00028,87.0,Sleeper damage,Sleeper Defect,Critical,5,5,4,2025-04-06,2025-04-08,0,102,4,Corrective,No,Yes,Completed
TMS000705,AST004010,Switch,C00055,99.3,Drainage issue,Drainage,Low,4,2,1,2025-05-16,2025-07-05,0,98,3,Preventive,Yes,Yes,In Progress
TMS000706,AST003732,Sleeper,C00036,55.9,Gauge defect,Track Geometry,Medium,2,2,2,2025-06-09,2025-06-29,0,226,4,Preventive,Yes,Yes,Completed
TMS000707,AST000438,Turnout,C00095,50.7,Corrective maintenance,Corrective,Medium,3,3,3,2025-06-01,2025-06-22,9,213,3,Corrective,No,No,Open
TMS000708,AST001473,Turnout,C00047,52.8,Preventive maintenance,Preventive,Medium,2,3,2,2025-05-03,2025-05-27,35,82,3,Preventive,No,Yes,In Progress
TMS000709,AST005046,Turnout,C00096,76.9,Rail wear,Rail Defect,Low,2,2,3,2025-02-13,2025-03-20,0,100,4,Preventive,No,Yes,Completed
TMS000710,AST004164,Rail,C00049,108.1,Ballast deficiency,Ballast Defect,Critical,4,5,2,2025-06-12,2025-06-18,13,162,3,Corrective,Yes,No,Open
TMS000711,AST003993,Turnout,C00099,10.0,Weld defect,Rail Defect,Low,2,1,1,2025-06-19,2025-08-01,0,168,4,Preventive,Yes,Yes,Open
TMS000712,AST004205,Track,C00036,19.6,Rail wear,Rail Defect,Low,1,1,1,2025-06-09,2025-07-29,0,147,4,Preventive,No,Yes,Completed
TMS000713,AST002958,Track,C00044,55.9,Weld defect,Rail Defect,Medium,4,1,2,2025-04-16,2025-05-08,0,104,3,Preventive,No,Yes,Completed
TMS000714,AST002225,Ballast,C00068,143.4,Gauge defect,Track Geometry,High,4,3,3,2025-06-15,2025-06-24,7,163,5,Corrective,No,Yes,Scheduled
TMS000715,AST004323,Crossing,C00100,2.6,Preventive maintenance,Preventive,Medium,2,3,2,2025-06-23,2025-07-16,0,147,3,Preventive,No,Yes,Completed
TMS000716,AST000750,Rail,C00075,127.1,Track geometry defect,Track Geometry,Low,2,1,1,2025-06-14,2025-07-27,0,204,5,Preventive,No,No,Open
TMS000717,AST001097,Turnout,C00088,54.2,Drainage issue,Drainage,Low,5,2,1,2025-06-06,2025-07-20,0,83,2,Preventive,Yes,Yes,Open
TMS000718,AST000165,Crossing,C00026,196.8,Corrective maintenance,Corrective,Low,3,2,1,2025-03-07,2025-04-12,0,217,5,Corrective,No,Yes,Completed
TMS000719,AST004616,Track,C00017,2.8,Rail crack,Rail Defect,Medium,4,3,2,2025-06-13,2025-07-12,0,249,3,Preventive,Yes,Yes,Completed
TMS000720,AST001931,Switch,C00079,10.2,Rail wear,Rail Defect,High,3,4,1,2025-05-26,2025-06-06,25,210,4,Corrective,No,Yes,Open
TMS000721,AST001251,Turnout,C00022,63.0,Weld defect,Rail Defect,Medium,3,2,2,2025-06-24,2025-07-13,0,94,4,Preventive,No,Yes,Completed
TMS000722,AST003512,Bridge,C00048,78.8,Weld defect,Rail Defect,Medium,5,3,2,2025-06-18,2025-07-02,0,118,1,Preventive,No,No,Deferred
TMS000723,AST001002,Turnout,C00030,37.6,Gauge defect,Track Geometry,Medium,4,3,2,2025-06-14,2025-07-10,0,176,4,Preventive,No,Yes,In Progress
TMS000724,AST001827,Weld,C00072,4.0,Weld defect,Rail Defect,Low,5,1,3,2025-06-07,2025-07-22,0,130,3,Preventive,No,Yes,Open
TMS000725,AST002836,Weld,C00076,41.2,Scheduled inspection,Inspection,High,3,4,2,2025-06-10,2025-06-18,0,95,2,Inspection,No,No,Completed
TMS000726,AST002743,Ballast,C00076,114.6,Rail wear,Rail Defect,Medium,3,2,2,2025-05-12,2025-05-30,32,90,1,Preventive,Yes,Yes,Open
TMS000727,AST005003,Track,C00078,24.7,Gauge defect,Track Geometry,Critical,2,4,4,2025-05-03,2025-05-07,55,211,5,Corrective,No,Yes,Open
TMS000728,AST003229,Switch,C00054,11.9,Preventive maintenance,Preventive,High,3,5,2,2025-05-23,2025-06-04,27,55,2,Preventive,No,Yes,Scheduled
TMS000729,AST001600,Sleeper,C00056,13.4,Alignment defect,Track Geometry,Low,1,2,1,2025-05-25,2025-07-16,0,133,2,Preventive,Yes,Yes,Open
TMS000730,AST002451,Sleeper,C00052,4.0,Alignment defect,Track Geometry,Medium,2,2,1,2025-06-21,2025-07-14,0,174,3,Preventive,Yes,Yes,Scheduled
TMS000731,AST004119,Crossing,C00047,11.6,Ballast deficiency,Ballast Defect,Critical,3,5,4,2025-03-13,2025-03-18,105,220,4,Corrective,Yes,Yes,Scheduled
TMS000732,AST001353,Ballast,C00009,22.7,Drainage issue,Drainage,Low,2,1,2,2025-02-08,2025-03-25,98,95,2,Preventive,Yes,Yes,In Progress
TMS000733,AST001891,Track,C00064,39.3,Ballast deficiency,Ballast Defect,High,4,3,4,2025-04-30,2025-05-13,49,113,3,Corrective,Yes,Yes,Scheduled
TMS000734,AST002724,Ballast,C00074,16.2,Weld defect,Rail Defect,High,4,4,3,2025-06-11,2025-06-25,6,170,3,Corrective,No,Yes,Open
TMS000735,AST000142,Weld,C00008,98.0,Drainage issue,Drainage,Medium,2,3,2,2025-03-22,2025-04-09,0,94,4,Preventive,Yes,Yes,Completed
TMS000736,AST001642,Crossing,C00023,21.1,Track geometry defect,Track Geometry,High,5,2,2,2025-05-07,2025-05-17,45,252,6,Corrective,Yes,Yes,Open
TMS000737,AST001706,Track,C00068,133.9,Track geometry defect,Track Geometry,Low,3,3,3,2025-02-18,2025-04-14,78,218,1,Preventive,Yes,Yes,Scheduled
TMS000738,AST000253,Sleeper,C00018,26.9,Turnout wear,Turnout/Switch Defect,Low,3,2,2,2025-06-05,2025-07-10,0,186,3,Preventive,No,Yes,Scheduled
TMS000739,AST004734,Ballast,C00100,2.4,Scheduled inspection,Inspection,Medium,2,2,3,2025-04-28,2025-05-21,41,89,4,Inspection,No,Yes,Open
TMS000740,AST003286,Sleeper,C00055,67.0,Turnout wear,Turnout/Switch Defect,Low,2,1,1,2025-06-18,2025-08-06,0,215,4,Preventive,No,No,Scheduled
TMS000741,AST004590,Turnout,C00013,127.6,Rail crack,Rail Defect,Low,1,1,1,2025-06-26,2025-08-20,0,132,3,Preventive,No,Yes,Open
TMS000742,AST003836,Bridge,C00008,115.9,Gauge defect,Track Geometry,High,4,4,1,2025-05-16,2025-05-26,36,249,5,Corrective,No,Yes,Scheduled
TMS000743,AST004311,Rail,C00015,62.0,Sleeper damage,Sleeper Defect,Low,4,1,2,2025-02-17,2025-04-13,0,70,4,Preventive,No,Yes,Completed
TMS000744,AST002494,Turnout,C00093,57.5,Turnout wear,Turnout/Switch Defect,Low,4,3,2,2025-06-24,2025-08-03,0,232,4,Preventive,No,Yes,Open
TMS000745,AST003266,Sleeper,C00008,89.9,Rail wear,Rail Defect,Low,3,1,2,2025-05-25,2025-07-20,0,220,4,Preventive,Yes,Yes,Open
TMS000746,AST004541,Ballast,C00067,51.2,Rail crack,Rail Defect,Low,3,2,1,2025-05-21,2025-07-01,0,222,5,Preventive,Yes,Yes,Completed
TMS000747,AST001826,Switch,C00033,97.4,Rail wear,Rail Defect,Low,1,2,1,2025-03-13,2025-04-22,0,126,4,Preventive,No,Yes,Completed
TMS000748,AST004743,Weld,C00027,131.8,Sleeper damage,Sleeper Defect,High,4,3,1,2025-02-14,2025-02-23,128,132,4,Corrective,No,Yes,In Progress
TMS000749,AST004925,Weld,C00030,3.0,Turnout wear,Turnout/Switch Defect,Medium,3,3,2,2025-05-05,2025-05-30,0,245,5,Preventive,Yes,Yes,Completed
TMS000750,AST000562,Turnout,C00043,1.9,Ballast deficiency,Ballast Defect,High,4,4,2,2025-05-09,2025-05-21,41,87,2,Corrective,Yes,Yes,Open
TMS000751,AST002595,Switch,C00014,56.6,Preventive maintenance,Preventive,Low,4,2,1,2025-06-01,2025-07-17,0,91,2,Preventive,No,No,In Progress
TMS000752,AST003038,Bridge,C00097,6.4,Track geometry defect,Track Geometry,Medium,2,1,2,2025-03-25,2025-04-21,71,183,5,Preventive,Yes,Yes,In Progress
TMS000753,AST001666,Turnout,C00001,415.2,Rail wear,Rail Defect,Low,2,1,1,2025-05-05,2025-06-17,14,146,3,Preventive,No,No,Open
TMS000754,AST002091,Turnout,C00072,77.8,Rail wear,Rail Defect,Medium,3,3,2,2025-04-12,2025-05-08,0,157,4,Preventive,No,Yes,Completed
TMS000755,AST001483,Switch,C00074,3.5,Rail crack,Rail Defect,Medium,3,2,2,2025-06-11,2025-06-28,0,287,4,Preventive,No,Yes,Completed
TMS000756,AST004466,Ballast,C00085,110.2,Track geometry defect,Track Geometry,High,3,2,3,2025-06-09,2025-06-21,10,185,3,Corrective,No,Yes,Open
TMS000757,AST001503,Crossing,C00028,43.2,Track geometry defect,Track Geometry,Low,3,2,2,2025-03-10,2025-04-09,83,195,4,Preventive,Yes,Yes,In Progress
TMS000758,AST003649,Weld,C00019,141.1,Alignment defect,Track Geometry,High,1,5,3,2025-04-10,2025-04-23,69,185,4,Corrective,No,Yes,Open
TMS000759,AST001031,Turnout,C00048,37.3,Ballast deficiency,Ballast Defect,Critical,4,5,3,2025-03-10,2025-03-13,110,218,4,Corrective,Yes,Yes,In Progress
TMS000760,AST000072,Bridge,C00055,92.4,Ballast deficiency,Ballast Defect,Low,3,2,2,2025-06-24,2025-08-12,0,162,3,Preventive,Yes,Yes,Completed
TMS000761,AST004745,Weld,C00072,20.1,Turnout wear,Turnout/Switch Defect,Medium,4,2,2,2025-06-24,2025-07-18,0,288,5,Preventive,No,Yes,Open
TMS000762,AST003176,Ballast,C00015,173.4,Ballast deficiency,Ballast Defect,High,3,5,4,2025-05-06,2025-05-15,47,174,4,Corrective,No,Yes,Scheduled
TMS000763,AST002881,Bridge,C00013,131.3,Drainage issue,Drainage,Medium,3,3,2,2025-06-28,2025-07-27,0,133,2,Preventive,Yes,Yes,Completed
TMS000764,AST001535,Track,C00008,129.3,Gauge defect,Track Geometry,Low,3,1,2,2025-05-26,2025-07-20,0,216,4,Preventive,No,Yes,Completed
TMS000765,AST002500,Crossing,C00049,62.4,Rail wear,Rail Defect,High,3,5,3,2025-02-13,2025-02-26,125,161,4,Corrective,No,Yes,Scheduled
TMS000766,AST003185,Weld,C00061,12.9,Weld defect,Rail Defect,Low,3,2,1,2025-06-18,2025-07-26,0,176,4,Preventive,No,Yes,Scheduled
TMS000767,AST003897,Weld,C00098,0.0,Alignment defect,Track Geometry,Medium,4,2,3,2025-06-10,2025-06-28,3,209,5,Preventive,Yes,Yes,Open
TMS000768,AST000647,Turnout,C00060,9.5,Rail wear,Rail Defect,Medium,2,3,1,2025-05-21,2025-06-18,13,149,5,Preventive,No,Yes,Deferred
TMS000769,AST004396,Switch,C00011,156.8,Rail crack,Rail Defect,High,4,4,2,2025-05-30,2025-06-10,21,220,4,Corrective,No,Yes,Open
TMS000770,AST001445,Turnout,C00066,12.7,Corrective maintenance,Corrective,Medium,5,1,1,2025-02-27,2025-03-23,100,269,4,Corrective,No,Yes,Scheduled
TMS000771,AST002588,Bridge,C00091,109.9,Sleeper damage,Sleeper Defect,High,4,5,2,2025-05-23,2025-06-04,27,72,2,Corrective,No,Yes,Scheduled
TMS000772,AST001921,Turnout,C00034,30.6,Preventive maintenance,Preventive,Low,2,1,2,2025-05-20,2025-07-04,0,111,4,Preventive,No,Yes,Scheduled
TMS000773,AST005236,Track,C00049,94.3,Rail crack,Rail Defect,High,3,4,2,2025-06-19,2025-06-28,0,262,5,Corrective,Yes,Yes,Completed
TMS000774,AST001262,Weld,C00006,16.0,Corrective maintenance,Corrective,Medium,3,2,1,2025-06-13,2025-07-11,0,223,3,Corrective,No,Yes,Open
TMS000775,AST003647,Rail,C00086,132.8,Alignment defect,Track Geometry,High,3,2,2,2025-06-05,2025-06-16,15,242,2,Corrective,Yes,Yes,In Progress
TMS000776,AST003141,Sleeper,C00031,0.7,Alignment defect,Track Geometry,Low,3,2,1,2025-06-10,2025-07-24,0,134,2,Preventive,Yes,Yes,Open
TMS000777,AST004440,Ballast,C00062,39.9,Sleeper damage,Sleeper Defect,Medium,3,2,3,2025-06-13,2025-07-08,0,47,3,Preventive,No,Yes,Completed
TMS000778,AST001759,Weld,C00080,47.2,Alignment defect,Track Geometry,Medium,1,1,1,2025-06-20,2025-07-13,0,198,4,Preventive,No,Yes,Open
TMS000779,AST001943,Track,C00079,39.6,Rail crack,Rail Defect,Medium,3,2,1,2025-06-26,2025-07-18,0,162,4,Preventive,Yes,Yes,Open
TMS000780,AST000185,Track,C00029,32.3,Gauge defect,Track Geometry,Low,3,2,1,2025-05-01,2025-06-09,22,222,3,Preventive,No,Yes,Deferred
TMS000781,AST002627,Sleeper,C00009,19.3,Corrective maintenance,Corrective,Medium,1,2,1,2025-03-29,2025-04-22,0,275,4,Corrective,No,Yes,Completed
TMS000782,AST004799,Weld,C00032,6.7,Weld defect,Rail Defect,Low,2,1,1,2025-06-16,2025-07-29,0,166,2,Preventive,No,No,Completed
TMS000783,AST003553,Ballast,C00058,68.7,Corrective maintenance,Corrective,High,2,2,2,2025-04-27,2025-05-05,0,319,6,Corrective,No,Yes,Completed
TMS000784,AST005225,Ballast,C00061,45.5,Scheduled inspection,Inspection,Medium,3,3,2,2025-05-04,2025-05-28,34,84,3,Inspection,No,No,Open
TMS000785,AST004377,Switch,C00089,56.3,Track geometry defect,Track Geometry,Low,3,2,2,2025-03-29,2025-05-17,0,228,3,Preventive,Yes,Yes,Completed
TMS000786,AST001042,Turnout,C00066,30.6,Rail crack,Rail Defect,Low,1,1,1,2025-06-30,2025-07-31,0,173,5,Preventive,Yes,Yes,Completed
TMS000787,AST003252,Ballast,C00076,13.3,Sleeper damage,Sleeper Defect,Low,3,2,1,2025-06-30,2025-08-21,0,85,3,Preventive,No,Yes,Completed
TMS000788,AST003733,Bridge,C00049,58.0,Track geometry defect,Track Geometry,Low,3,1,1,2025-04-03,2025-05-02,60,201,3,Preventive,No,Yes,Deferred
TMS000789,AST001644,Ballast,C00034,10.5,Sleeper damage,Sleeper Defect,Low,3,1,2,2025-06-14,2025-07-14,0,126,3,Preventive,No,Yes,Completed
TMS000790,AST000599,Sleeper,C00028,39.7,Corrective maintenance,Corrective,High,2,2,4,2025-06-16,2025-06-26,0,211,5,Corrective,No,Yes,Completed
TMS000791,AST003034,Rail,C00043,10.0,Drainage issue,Drainage,Low,3,2,1,2025-05-17,2025-06-22,0,83,2,Preventive,Yes,Yes,Completed
TMS000792,AST000900,Track,C00060,24.9,Turnout wear,Turnout/Switch Defect,Medium,4,2,2,2025-06-07,2025-07-03,0,206,5,Preventive,No,Yes,In Progress
TMS000793,AST000888,Crossing,C00079,3.5,Ballast deficiency,Ballast Defect,Low,2,1,1,2025-06-24,2025-07-29,0,165,3,Preventive,Yes,Yes,Deferred
TMS000794,AST004338,Sleeper,C00069,23.6,Corrective maintenance,Corrective,Low,2,1,1,2025-06-03,2025-07-14,0,270,6,Corrective,No,No,In Progress
TMS000795,AST000296,Weld,C00042,70.5,Rail wear,Rail Defect,Critical,4,5,2,2025-06-15,2025-06-19,12,216,4,Corrective,No,Yes,Open
TMS000796,AST001447,Rail,C00029,62.2,Gauge defect,Track Geometry,Medium,5,3,4,2025-06-02,2025-06-21,10,165,2,Preventive,Yes,Yes,Scheduled
TMS000797,AST004551,Ballast,C00002,61.6,Scheduled inspection,Inspection,Medium,2,3,2,2025-06-21,2025-07-13,0,96,2,Inspection,No,Yes,Scheduled
TMS000798,AST002578,Ballast,C00061,20.9,Alignment defect,Track Geometry,Medium,3,1,1,2025-06-05,2025-06-26,5,216,4,Preventive,No,Yes,Open
TMS000799,AST003628,Turnout,C00003,16.1,Scheduled inspection,Inspection,Critical,4,4,2,2025-03-16,2025-03-23,0,96,2,Inspection,No,No,Completed
TMS000800,AST002506,Weld,C00014,11.9,Turnout wear,Turnout/Switch Defect,Medium,2,2,2,2025-06-10,2025-06-29,0,255,4,Preventive,No,Yes,Completed
TMS000801,AST003754,Ballast,C00065,1.8,Rail crack,Rail Defect,Critical,4,5,2,2025-05-11,2025-05-16,46,186,2,Corrective,Yes,Yes,Open
TMS000802,AST003650,Crossing,C00061,13.0,Corrective maintenance,Corrective,Medium,3,3,3,2025-06-28,2025-07-19,0,190,3,Corrective,No,Yes,In Progress
TMS000803,AST004990,Weld,C00053,58.4,Gauge defect,Track Geometry,Critical,3,3,4,2025-06-20,2025-06-26,5,178,4,Corrective,No,Yes,Deferred
TMS000804,AST004736,Bridge,C00002,96.5,Gauge defect,Track Geometry,High,2,4,2,2025-06-30,2025-07-12,0,165,3,Corrective,No,Yes,Scheduled
TMS000805,AST003358,Crossing,C00031,82.7,Drainage issue,Drainage,Low,3,1,2,2025-04-03,2025-05-17,0,103,4,Preventive,No,Yes,Completed
TMS000806,AST005250,Switch,C00024,79.5,Corrective maintenance,Corrective,High,4,3,2,2025-05-12,2025-05-23,39,232,4,Corrective,No,Yes,Deferred
TMS000807,AST003964,Bridge,C00011,142.2,Rail wear,Rail Defect,Critical,5,5,3,2025-06-25,2025-06-28,3,298,6,Corrective,No,Yes,Open
TMS000808,AST002073,Track,C00072,44.4,Turnout wear,Turnout/Switch Defect,Low,4,3,1,2025-06-07,2025-07-20,0,267,7,Preventive,No,Yes,Open
TMS000809,AST000950,Rail,C00006,17.7,Preventive maintenance,Preventive,Critical,4,5,4,2025-05-09,2025-05-12,50,127,5,Preventive,No,Yes,Open
TMS000810,AST000056,Switch,C00076,87.6,Preventive maintenance,Preventive,Medium,4,4,3,2025-06-13,2025-07-03,0,81,2,Preventive,No,Yes,Open
TMS000811,AST002645,Switch,C00077,2.3,Sleeper damage,Sleeper Defect,High,3,2,2,2025-03-04,2025-03-16,107,44,2,Corrective,Yes,Yes,Open
TMS000812,AST004592,Switch,C00043,18.7,Weld defect,Rail Defect,High,2,4,3,2025-06-09,2025-06-22,0,170,2,Corrective,No,Yes,Completed
TMS000813,AST004263,Crossing,C00011,86.8,Ballast deficiency,Ballast Defect,Low,2,3,1,2025-04-10,2025-05-26,36,98,4,Preventive,Yes,Yes,Open
TMS000814,AST004014,Weld,C00002,16.8,Turnout wear,Turnout/Switch Defect,High,3,3,2,2025-05-24,2025-06-07,24,244,4,Corrective,No,Yes,Deferred
TMS000815,AST000817,Sleeper,C00044,40.3,Turnout wear,Turnout/Switch Defect,Medium,4,3,1,2025-02-28,2025-03-20,0,283,5,Preventive,No,Yes,Completed
TMS000816,AST002227,Crossing,C00061,8.7,Drainage issue,Drainage,High,4,3,3,2025-02-04,2025-02-11,0,88,2,Corrective,Yes,Yes,Completed
TMS000817,AST001310,Bridge,C00010,10.4,Ballast deficiency,Ballast Defect,Medium,3,3,1,2025-06-02,2025-06-20,11,160,3,Preventive,No,Yes,Scheduled
TMS000818,AST000326,Crossing,C00069,156.7,Rail wear,Rail Defect,Critical,5,5,4,2025-03-11,2025-03-17,106,200,3,Corrective,No,Yes,Scheduled
TMS000819,AST002484,Track,C00052,12.7,Corrective maintenance,Corrective,High,2,3,2,2025-05-12,2025-05-23,39,231,3,Corrective,No,Yes,Scheduled
TMS000820,AST002763,Switch,C00081,54.2,Ballast deficiency,Ballast Defect,Low,3,1,1,2025-06-17,2025-08-02,0,135,1,Preventive,Yes,Yes,Open
TMS000821,AST004947,Track,C00059,182.5,Alignment defect,Track Geometry,Low,2,2,1,2025-04-25,2025-06-05,26,205,3,Preventive,Yes,No,Open
TMS000822,AST003654,Crossing,C00077,5.6,Scheduled inspection,Inspection,Low,3,2,1,2025-05-08,2025-06-22,0,73,3,Inspection,No,No,Completed
TMS000823,AST001210,Rail,C00066,1.0,Rail crack,Rail Defect,Medium,2,2,2,2025-05-12,2025-05-31,31,152,5,Preventive,Yes,Yes,Open
TMS000824,AST002230,Weld,C00099,8.9,Scheduled inspection,Inspection,Medium,2,2,3,2025-02-09,2025-03-03,120,72,3,Inspection,Yes,No,Open
TMS000825,AST003273,Rail,C00071,6.3,Weld defect,Rail Defect,High,4,4,2,2025-06-24,2025-07-06,0,35,2,Corrective,No,Yes,Completed
TMS000826,AST001230,Rail,C00021,71.5,Weld defect,Rail Defect,High,2,3,4,2025-05-21,2025-06-01,30,138,3,Corrective,Yes,Yes,Open
TMS000827,AST004564,Rail,C00064,68.1,Scheduled inspection,Inspection,Medium,3,3,2,2025-06-28,2025-07-20,0,58,2,Inspection,No,Yes,In Progress
TMS000828,AST004301,Bridge,C00017,0.7,Preventive maintenance,Preventive,Low,2,1,1,2025-03-18,2025-04-25,67,61,4,Preventive,No,Yes,Open
TMS000829,AST001938,Turnout,C00030,72.1,Rail wear,Rail Defect,Critical,4,4,3,2025-06-18,2025-06-21,0,224,4,Corrective,No,Yes,Completed
TMS000830,AST002783,Switch,C00043,19.1,Gauge defect,Track Geometry,Medium,2,3,3,2025-02-22,2025-03-19,104,104,5,Preventive,No,Yes,Scheduled
TMS000831,AST001407,Weld,C00014,43.2,Turnout wear,Turnout/Switch Defect,Low,2,1,1,2025-06-26,2025-08-11,0,236,6,Preventive,No,Yes,In Progress
TMS000832,AST002551,Ballast,C00057,8.7,Weld defect,Rail Defect,Low,3,3,1,2025-06-13,2025-07-22,0,84,3,Preventive,No,Yes,Scheduled
TMS000833,AST002926,Rail,C00079,42.6,Track geometry defect,Track Geometry,Medium,3,3,1,2025-02-15,2025-03-11,0,118,3,Preventive,Yes,Yes,Completed
TMS000834,AST001731,Ballast,C00004,120.9,Corrective maintenance,Corrective,Medium,3,4,2,2025-04-13,2025-04-28,64,245,3,Corrective,No,Yes,Scheduled
TMS000835,AST004288,Bridge,C00030,101.7,Rail wear,Rail Defect,Medium,3,2,1,2025-05-14,2025-06-04,27,175,3,Preventive,No,Yes,Open
TMS000836,AST002861,Rail,C00062,12.0,Drainage issue,Drainage,Low,4,2,3,2025-05-29,2025-07-19,0,127,5,Preventive,Yes,Yes,Scheduled
TMS000837,AST003891,Track,C00047,40.5,Scheduled inspection,Inspection,Low,3,1,1,2025-03-24,2025-05-16,46,69,4,Inspection,No,No,Open
TMS000838,AST002251,Crossing,C00033,1.7,Rail wear,Rail Defect,Low,2,1,1,2025-06-06,2025-07-21,0,130,4,Preventive,Yes,Yes,Open
TMS000839,AST004340,Track,C00029,21.0,Turnout wear,Turnout/Switch Defect,Low,4,2,2,2025-05-30,2025-07-16,0,196,5,Preventive,No,Yes,In Progress
TMS000840,AST002330,Weld,C00051,31.6,Weld defect,Rail Defect,Low,3,1,2,2025-06-27,2025-07-29,0,180,5,Preventive,No,Yes,Open
TMS000841,AST003738,Rail,C00057,129.2,Track geometry defect,Track Geometry,Medium,2,2,1,2025-06-08,2025-07-03,0,189,4,Preventive,Yes,Yes,In Progress
TMS000842,AST004539,Rail,C00046,22.3,Preventive maintenance,Preventive,Medium,2,2,2,2025-03-17,2025-04-05,87,38,3,Preventive,No,Yes,Open
TMS000843,AST004825,Weld,C00010,59.4,Corrective maintenance,Corrective,Low,2,2,1,2025-06-04,2025-07-02,0,280,5,Corrective,No,Yes,Open
TMS000844,AST001138,Ballast,C00013,94.2,Scheduled inspection,Inspection,Critical,3,4,2,2025-06-13,2025-06-17,14,95,3,Inspection,No,Yes,Scheduled
TMS000845,AST000902,Crossing,C00073,47.1,Corrective maintenance,Corrective,Low,2,1,1,2025-05-31,2025-07-09,0,261,3,Corrective,No,Yes,Open
TMS000846,AST000207,Switch,C00083,85.2,Drainage issue,Drainage,Low,2,2,2,2025-02-07,2025-03-28,95,111,4,Preventive,Yes,Yes,Scheduled
TMS000847,AST001421,Track,C00083,80.0,Weld defect,Rail Defect,Medium,3,2,2,2025-06-26,2025-07-16,0,34,4,Preventive,No,Yes,Scheduled
TMS000848,AST001830,Weld,C00009,43.7,Scheduled inspection,Inspection,Critical,4,4,1,2025-06-09,2025-06-13,18,108,3,Inspection,No,Yes,Open
TMS000849,AST004198,Sleeper,C00019,150.1,Preventive maintenance,Preventive,Medium,3,2,2,2025-05-16,2025-06-11,0,89,2,Preventive,No,Yes,Completed
TMS000850,AST000856,Crossing,C00007,160.4,Gauge defect,Track Geometry,Medium,2,3,1,2025-05-13,2025-06-02,29,88,2,Preventive,No,Yes,In Progress
TMS000851,AST003791,Track,C00058,9.4,Scheduled inspection,Inspection,Critical,4,4,2,2025-06-26,2025-06-30,1,62,4,Inspection,No,No,Scheduled
TMS000852,AST001052,Weld,C00092,25.8,Gauge defect,Track Geometry,Critical,5,3,3,2025-06-22,2025-06-27,4,250,3,Corrective,No,Yes,In Progress
TMS000853,AST000693,Bridge,C00086,24.5,Ballast deficiency,Ballast Defect,Low,2,2,1,2025-06-06,2025-07-22,0,159,4,Preventive,Yes,No,Scheduled
TMS000854,AST003482,Bridge,C00015,62.2,Corrective maintenance,Corrective,Medium,4,2,2,2025-06-03,2025-06-29,2,229,5,Corrective,Yes,Yes,Deferred
TMS000855,AST000678,Sleeper,C00082,4.6,Turnout wear,Turnout/Switch Defect,Medium,2,2,2,2025-06-18,2025-07-13,0,237,5,Preventive,No,Yes,Open
TMS000856,AST000044,Rail,C00099,4.8,Corrective maintenance,Corrective,Medium,3,3,3,2025-06-11,2025-07-02,0,158,2,Corrective,Yes,Yes,In Progress
TMS000857,AST003767,Sleeper,C00039,1.8,Track geometry defect,Track Geometry,Low,3,3,2,2025-06-02,2025-07-16,0,234,3,Preventive,Yes,Yes,Open
TMS000858,AST000049,Track,C00075,12.1,Alignment defect,Track Geometry,High,2,3,2,2025-05-13,2025-05-22,40,166,3,Corrective,No,Yes,Open
TMS000859,AST000284,Turnout,C00017,3.0,Drainage issue,Drainage,Medium,2,3,2,2025-04-10,2025-04-29,63,43,3,Preventive,Yes,Yes,Open
TMS000860,AST002520,Weld,C00039,9.2,Rail wear,Rail Defect,High,4,3,2,2025-06-16,2025-06-30,1,188,3,Corrective,Yes,Yes,Open
TMS000861,AST000643,Ballast,C00092,48.3,Corrective maintenance,Corrective,Low,3,2,2,2025-02-09,2025-03-13,110,243,5,Corrective,No,Yes,Scheduled
TMS000862,AST004121,Sleeper,C00094,86.2,Drainage issue,Drainage,Medium,4,2,2,2025-06-30,2025-07-22,0,38,3,Preventive,Yes,Yes,Open
TMS000863,AST004648,Bridge,C00088,68.0,Rail wear,Rail Defect,Medium,4,2,3,2025-06-18,2025-07-10,0,145,5,Preventive,No,Yes,Open
TMS000864,AST002433,Turnout,C00069,228.4,Ballast deficiency,Ballast Defect,Critical,4,5,2,2025-05-27,2025-05-31,31,260,4,Corrective,Yes,Yes,Open
TMS000865,AST002975,Switch,C00097,21.9,Ballast deficiency,Ballast Defect,Low,2,2,3,2025-05-19,2025-07-04,0,76,3,Preventive,Yes,Yes,In Progress
TMS000866,AST000678,Sleeper,C00082,4.6,Preventive maintenance,Preventive,Critical,4,5,2,2025-06-29,2025-07-05,0,45,2,Preventive,No,Yes,Scheduled
TMS000867,AST003608,Crossing,C00096,53.6,Track geometry defect,Track Geometry,Low,2,2,1,2025-06-01,2025-07-15,0,257,4,Preventive,No,Yes,Completed
TMS000868,AST001850,Track,C00048,51.8,Turnout wear,Turnout/Switch Defect,Medium,3,2,2,2025-05-25,2025-06-10,0,212,3,Preventive,No,Yes,Completed
TMS000869,AST004865,Switch,C00027,4.0,Weld defect,Rail Defect,Medium,3,2,2,2025-02-27,2025-03-21,0,87,3,Preventive,No,Yes,Completed
TMS000870,AST002512,Track,C00052,152.6,Alignment defect,Track Geometry,Critical,4,4,3,2025-04-28,2025-05-03,59,220,4,Corrective,Yes,Yes,Open
TMS000871,AST000283,Track,C00100,0.9,Turnout wear,Turnout/Switch Defect,Medium,4,2,2,2025-05-22,2025-06-08,23,163,4,Preventive,No,Yes,Open
TMS000872,AST004784,Track,C00019,122.8,Rail wear,Rail Defect,Medium,2,2,2,2025-06-10,2025-06-26,5,189,3,Preventive,No,No,Scheduled
TMS000873,AST001733,Bridge,C00009,27.1,Sleeper damage,Sleeper Defect,Medium,3,3,2,2025-05-24,2025-06-16,0,88,2,Preventive,No,Yes,Completed
TMS000874,AST000833,Switch,C00060,13.8,Ballast deficiency,Ballast Defect,Medium,3,3,3,2025-04-01,2025-04-19,73,134,2,Preventive,Yes,Yes,Open
TMS000875,AST000509,Bridge,C00055,62.7,Scheduled inspection,Inspection,High,3,3,2,2025-05-28,2025-06-10,21,51,3,Inspection,No,Yes,Scheduled
TMS000876,AST003172,Weld,C00051,20.1,Rail crack,Rail Defect,High,5,4,1,2025-05-03,2025-05-11,0,206,6,Corrective,Yes,Yes,Completed
TMS000877,AST002465,Crossing,C00071,13.1,Corrective maintenance,Corrective,Medium,2,3,1,2025-03-17,2025-04-13,79,245,6,Corrective,No,Yes,Open
TMS000878,AST002802,Track,C00059,180.2,Gauge defect,Track Geometry,Medium,2,4,1,2025-05-22,2025-06-14,0,229,3,Preventive,No,Yes,Completed
TMS000879,AST004966,Track,C00019,69.4,Gauge defect,Track Geometry,Low,3,2,2,2025-06-15,2025-07-27,0,183,5,Preventive,No,Yes,Open
TMS000880,AST000419,Ballast,C00032,6.5,Preventive maintenance,Preventive,Critical,3,4,2,2025-06-16,2025-06-23,8,54,3,Preventive,No,Yes,Open
TMS000881,AST000688,Switch,C00049,9.3,Track geometry defect,Track Geometry,High,3,3,2,2025-06-17,2025-06-25,6,171,2,Corrective,Yes,Yes,Open
TMS000882,AST005218,Track,C00097,0.7,Sleeper damage,Sleeper Defect,Critical,4,4,5,2025-06-06,2025-06-10,21,71,2,Corrective,No,Yes,Open
TMS000883,AST003616,Rail,C00023,9.5,Sleeper damage,Sleeper Defect,High,4,3,2,2025-02-06,2025-02-19,132,86,3,Corrective,No,Yes,Scheduled
TMS000884,AST000688,Switch,C00049,9.3,Corrective maintenance,Corrective,Medium,3,2,2,2025-05-19,2025-06-13,18,304,3,Corrective,Yes,Yes,Open
TMS000885,AST000183,Switch,C00007,100.6,Preventive maintenance,Preventive,Medium,2,1,2,2025-06-19,2025-07-16,0,115,4,Preventive,No,Yes,Scheduled
TMS000886,AST003195,Switch,C00050,51.6,Ballast deficiency,Ballast Defect,Medium,3,2,3,2025-05-16,2025-06-12,0,93,3,Preventive,Yes,No,Completed
TMS000887,AST003893,Sleeper,C00043,14.3,Track geometry defect,Track Geometry,Low,3,2,2,2025-04-05,2025-05-30,0,202,4,Preventive,Yes,Yes,Completed
TMS000888,AST000690,Weld,C00086,103.4,Weld defect,Rail Defect,High,4,4,2,2025-05-05,2025-05-16,46,116,5,Corrective,No,Yes,Scheduled
TMS000889,AST002055,Ballast,C00093,74.2,Alignment defect,Track Geometry,Medium,1,2,3,2025-05-02,2025-05-23,39,145,3,Preventive,No,No,In Progress
TMS000890,AST004910,Ballast,C00066,20.5,Drainage issue,Drainage,High,4,4,4,2025-04-17,2025-05-01,61,180,4,Corrective,Yes,Yes,Scheduled
TMS000891,AST002060,Turnout,C00027,23.7,Track geometry defect,Track Geometry,Low,2,1,1,2025-05-21,2025-06-25,0,190,4,Preventive,No,No,Completed
TMS000892,AST002060,Turnout,C00027,23.7,Turnout wear,Turnout/Switch Defect,Low,3,1,1,2025-03-19,2025-05-05,57,241,5,Preventive,No,Yes,In Progress
TMS000893,AST004240,Track,C00028,114.4,Scheduled inspection,Inspection,Low,2,3,2,2025-06-25,2025-08-07,0,78,2,Inspection,No,No,Open
TMS000894,AST003419,Crossing,C00074,4.5,Preventive maintenance,Preventive,Low,2,2,1,2025-06-20,2025-08-11,0,61,2,Preventive,No,Yes,Open
TMS000895,AST001510,Ballast,C00032,1.1,Scheduled inspection,Inspection,Medium,5,2,2,2025-05-13,2025-06-06,25,61,4,Inspection,No,Yes,Scheduled
TMS000896,AST004924,Rail,C00038,188.7,Rail wear,Rail Defect,High,2,4,2,2025-06-17,2025-06-27,4,150,3,Corrective,No,Yes,Scheduled
TMS000897,AST002486,Sleeper,C00086,107.8,Track geometry defect,Track Geometry,Medium,4,2,1,2025-06-18,2025-07-14,0,204,5,Preventive,No,Yes,Scheduled
TMS000898,AST000920,Sleeper,C00044,29.0,Ballast deficiency,Ballast Defect,Medium,2,2,2,2025-05-13,2025-06-07,24,180,3,Preventive,No,No,Scheduled
TMS000899,AST001865,Rail,C00022,14.1,Turnout wear,Turnout/Switch Defect,Low,1,1,1,2025-03-24,2025-05-10,0,162,4,Preventive,No,Yes,Completed
TMS000900,AST001430,Crossing,C00087,77.4,Rail wear,Rail Defect,Critical,5,5,3,2025-06-30,2025-07-03,0,75,2,Corrective,No,Yes,Open
TMS000901,AST000860,Weld,C00040,19.5,Drainage issue,Drainage,Low,3,2,2,2025-04-10,2025-05-17,45,104,4,Preventive,Yes,Yes,Open
TMS000902,AST000126,Track,C00058,65.1,Turnout wear,Turnout/Switch Defect,Medium,3,2,1,2025-06-12,2025-07-07,0,246,6,Preventive,Yes,Yes,Completed
TMS000903,AST005051,Turnout,C00032,5.9,Ballast deficiency,Ballast Defect,Medium,4,2,1,2025-02-06,2025-03-03,120,130,3,Preventive,No,Yes,In Progress
TMS000904,AST003415,Bridge,C00068,113.6,Ballast deficiency,Ballast Defect,Medium,2,3,2,2025-06-29,2025-07-25,0,138,2,Preventive,Yes,Yes,Scheduled
TMS000905,AST000742,Turnout,C00051,47.2,Weld defect,Rail Defect,Low,2,2,2,2025-06-19,2025-08-01,0,145,6,Preventive,No,Yes,Completed
TMS000906,AST002630,Switch,C00071,17.9,Scheduled inspection,Inspection,Medium,2,3,1,2025-03-10,2025-03-29,0,46,4,Inspection,No,No,Completed
TMS000907,AST000607,Turnout,C00066,48.4,Rail crack,Rail Defect,Low,2,2,1,2025-06-01,2025-07-18,0,208,3,Preventive,No,Yes,Completed
TMS000908,AST002637,Rail,C00057,17.6,Gauge defect,Track Geometry,Medium,2,4,2,2025-05-10,2025-05-30,32,190,4,Preventive,No,Yes,Open
TMS000909,AST003662,Bridge,C00068,90.9,Sleeper damage,Sleeper Defect,Low,4,3,2,2025-06-25,2025-07-31,0,102,3,Preventive,No,Yes,Completed
TMS000910,AST002550,Ballast,C00014,50.4,Rail crack,Rail Defect,Low,2,2,2,2025-06-13,2025-07-22,0,248,2,Preventive,Yes,Yes,Open
TMS000911,AST001083,Ballast,C00036,41.9,Gauge defect,Track Geometry,High,4,3,4,2025-04-03,2025-04-10,82,171,4,Corrective,No,Yes,Open
TMS000912,AST003814,Bridge,C00010,16.6,Alignment defect,Track Geometry,Low,1,3,1,2025-05-10,2025-06-21,10,228,4,Preventive,Yes,Yes,Open
TMS000913,AST003942,Bridge,C00033,109.5,Track geometry defect,Track Geometry,Medium,3,4,3,2025-06-27,2025-07-14,0,145,2,Preventive,Yes,Yes,Completed
TMS000914,AST001373,Track,C00041,22.1,Ballast deficiency,Ballast Defect,Medium,2,3,2,2025-03-01,2025-03-18,105,82,3,Preventive,Yes,Yes,Open
TMS000915,AST001904,Switch,C00044,30.0,Scheduled inspection,Inspection,Medium,2,3,2,2025-06-17,2025-07-06,0,53,4,Inspection,Yes,Yes,Open
TMS000916,AST001725,Bridge,C00091,145.6,Rail crack,Rail Defect,Medium,3,3,1,2025-06-20,2025-07-06,0,201,2,Preventive,Yes,Yes,Completed
TMS000917,AST004224,Rail,C00034,1.3,Turnout wear,Turnout/Switch Defect,Medium,1,4,2,2025-06-15,2025-07-07,0,271,3,Preventive,No,Yes,Completed
TMS000918,AST000071,Weld,C00078,88.2,Weld defect,Rail Defect,High,1,3,2,2025-06-21,2025-06-29,2,77,3,Corrective,No,Yes,Open
TMS000919,AST005197,Rail,C00022,109.7,Ballast deficiency,Ballast Defect,Medium,1,3,2,2025-05-04,2025-05-22,0,152,3,Preventive,No,Yes,Completed
TMS000920,AST001891,Track,C00064,39.3,Corrective maintenance,Corrective,Medium,3,3,2,2025-06-29,2025-07-28,0,292,2,Corrective,No,Yes,Open
TMS000921,AST001971,Sleeper,C00006,7.8,Weld defect,Rail Defect,Medium,4,1,2,2025-05-30,2025-06-20,11,132,3,Preventive,No,Yes,Scheduled
TMS000922,AST002406,Weld,C00036,23.3,Drainage issue,Drainage,Low,2,1,2,2025-06-30,2025-08-08,0,79,1,Preventive,Yes,Yes,Completed
TMS000923,AST004825,Weld,C00010,59.4,Sleeper damage,Sleeper Defect,Low,3,2,2,2025-06-04,2025-07-15,0,43,3,Preventive,No,Yes,Open
TMS000924,AST003897,Weld,C00098,0.0,Track geometry defect,Track Geometry,Low,1,2,2,2025-06-22,2025-08-02,0,182,3,Preventive,Yes,Yes,Scheduled
TMS000925,AST000301,Ballast,C00018,22.0,Ballast deficiency,Ballast Defect,Low,3,2,1,2025-06-23,2025-08-04,0,134,3,Preventive,Yes,Yes,Scheduled
TMS000926,AST000278,Crossing,C00055,6.1,Turnout wear,Turnout/Switch Defect,Medium,3,3,2,2025-05-22,2025-06-10,0,196,4,Preventive,No,Yes,Completed
TMS000927,AST004144,Track,C00026,218.8,Scheduled inspection,Inspection,High,4,4,2,2025-05-06,2025-05-18,44,117,2,Inspection,No,No,Open
TMS000928,AST002467,Turnout,C00048,33.7,Gauge defect,Track Geometry,Medium,3,3,2,2025-06-18,2025-07-10,0,106,4,Preventive,Yes,Yes,Deferred
TMS000929,AST002933,Turnout,C00023,7.8,Drainage issue,Drainage,High,2,3,3,2025-06-11,2025-06-23,8,117,4,Corrective,Yes,Yes,Deferred
TMS000930,AST002917,Turnout,C00027,56.2,Ballast deficiency,Ballast Defect,Critical,2,4,4,2025-06-03,2025-06-06,25,243,4,Corrective,No,Yes,Scheduled
TMS000931,AST001193,Rail,C00023,21.4,Alignment defect,Track Geometry,Medium,3,3,3,2025-05-29,2025-06-16,15,180,5,Preventive,No,Yes,In Progress
TMS000932,AST003383,Sleeper,C00077,3.6,Sleeper damage,Sleeper Defect,High,4,3,3,2025-04-03,2025-04-13,79,137,4,Corrective,No,Yes,In Progress
TMS000933,AST005161,Switch,C00024,31.7,Ballast deficiency,Ballast Defect,High,4,3,4,2025-06-24,2025-07-06,0,215,4,Corrective,No,Yes,Completed
TMS000934,AST000602,Track,C00040,56.7,Sleeper damage,Sleeper Defect,Medium,4,2,2,2025-06-02,2025-06-23,8,45,3,Preventive,No,Yes,Open
TMS000935,AST001902,Switch,C00052,44.9,Rail crack,Rail Defect,Low,2,1,1,2025-03-16,2025-05-04,58,161,4,Preventive,Yes,Yes,In Progress
TMS000936,AST003045,Bridge,C00035,70.4,Rail wear,Rail Defect,Medium,3,2,1,2025-06-29,2025-07-28,0,148,5,Preventive,No,Yes,Open
TMS000937,AST001311,Switch,C00047,45.0,Sleeper damage,Sleeper Defect,Medium,3,1,4,2025-04-12,2025-05-01,61,70,1,Preventive,No,Yes,In Progress
TMS000938,AST004018,Turnout,C00012,50.2,Ballast deficiency,Ballast Defect,Medium,1,2,2,2025-06-30,2025-07-26,0,106,4,Preventive,Yes,Yes,Scheduled
TMS000939,AST003733,Bridge,C00049,58.0,Sleeper damage,Sleeper Defect,Medium,3,2,2,2025-06-10,2025-07-07,0,92,1,Preventive,No,Yes,Open
TMS000940,AST003052,Ballast,C00019,39.9,Gauge defect,Track Geometry,Low,2,1,2,2025-06-17,2025-08-13,0,53,2,Preventive,No,Yes,Completed
TMS000941,AST002075,Track,C00017,2.7,Preventive maintenance,Preventive,High,2,4,2,2025-06-13,2025-06-21,0,105,3,Preventive,No,Yes,Completed
TMS000942,AST002018,Crossing,C00080,69.5,Gauge defect,Track Geometry,Medium,4,2,1,2025-06-07,2025-06-28,3,125,5,Preventive,No,Yes,Scheduled
TMS000943,AST001959,Crossing,C00002,51.5,Ballast deficiency,Ballast Defect,Low,2,1,2,2025-02-15,2025-03-16,107,114,6,Preventive,Yes,Yes,Scheduled
TMS000944,AST002283,Weld,C00040,7.5,Sleeper damage,Sleeper Defect,Low,3,3,2,2025-05-04,2025-07-01,0,122,2,Preventive,No,Yes,In Progress
TMS000945,AST003366,Switch,C00072,54.0,Scheduled inspection,Inspection,Low,2,2,1,2025-06-30,2025-08-28,0,62,1,Inspection,No,No,Scheduled
TMS000946,AST003622,Track,C00001,174.7,Alignment defect,Track Geometry,High,2,4,3,2025-02-01,2025-02-13,138,181,5,Corrective,No,Yes,Scheduled
TMS000947,AST002474,Crossing,C00003,62.4,Rail wear,Rail Defect,Medium,4,3,1,2025-04-24,2025-05-17,45,166,4,Preventive,No,Yes,Scheduled
TMS000948,AST002012,Weld,C00035,68.9,Rail wear,Rail Defect,Medium,1,3,1,2025-02-07,2025-02-28,0,139,3,Preventive,No,Yes,Completed
TMS000949,AST000992,Switch,C00052,166.3,Track geometry defect,Track Geometry,High,3,4,3,2025-06-24,2025-07-04,0,248,3,Corrective,Yes,Yes,Open
TMS000950,AST002637,Rail,C00057,17.6,Sleeper damage,Sleeper Defect,Low,2,1,1,2025-06-18,2025-08-07,0,100,1,Preventive,Yes,Yes,Completed
TMS000951,AST003382,Track,C00093,24.4,Alignment defect,Track Geometry,Critical,3,4,4,2025-06-20,2025-06-26,5,176,4,Corrective,Yes,Yes,Scheduled
TMS000952,AST004869,Bridge,C00004,58.7,Scheduled inspection,Inspection,High,3,4,3,2025-03-13,2025-03-22,101,58,3,Inspection,No,No,Scheduled
TMS000953,AST004528,Switch,C00049,53.5,Gauge defect,Track Geometry,Low,3,1,2,2025-04-24,2025-06-16,0,178,4,Preventive,No,Yes,Completed
TMS000954,AST002235,Ballast,C00095,14.7,Drainage issue,Drainage,Low,4,1,2,2025-06-11,2025-08-05,0,71,2,Preventive,Yes,Yes,In Progress
TMS000955,AST005250,Switch,C00024,79.5,Drainage issue,Drainage,High,3,3,2,2025-06-17,2025-06-25,6,101,1,Corrective,No,Yes,Open
TMS000956,AST003480,Bridge,C00091,229.8,Weld defect,Rail Defect,High,3,5,2,2025-03-08,2025-03-17,0,120,3,Corrective,No,Yes,Completed
TMS000957,AST000018,Switch,C00039,7.9,Corrective maintenance,Corrective,High,4,4,2,2025-06-16,2025-06-30,0,211,4,Corrective,No,Yes,Completed
TMS000958,AST003675,Sleeper,C00049,44.8,Weld defect,Rail Defect,Medium,4,2,2,2025-06-11,2025-07-03,0,196,5,Preventive,No,Yes,Open
TMS000959,AST002851,Weld,C00046,18.8,Preventive maintenance,Preventive,High,5,3,4,2025-02-11,2025-02-21,130,128,4,Preventive,No,Yes,Open
TMS000960,AST003906,Turnout,C00053,40.5,Rail crack,Rail Defect,Medium,3,3,4,2025-03-13,2025-04-06,86,160,4,Preventive,Yes,Yes,Open
TMS000961,AST000594,Sleeper,C00037,52.5,Rail wear,Rail Defect,Critical,4,5,4,2025-05-16,2025-05-22,0,109,4,Corrective,No,Yes,Completed
TMS000962,AST004180,Weld,C00006,10.4,Turnout wear,Turnout/Switch Defect,Low,3,2,2,2025-06-25,2025-08-06,0,253,4,Preventive,No,Yes,Open
TMS000963,AST004878,Switch,C00097,6.0,Gauge defect,Track Geometry,Medium,4,3,2,2025-05-26,2025-06-10,21,156,4,Preventive,No,Yes,Open
TMS000964,AST002020,Sleeper,C00072,16.6,Rail crack,Rail Defect,Medium,2,2,1,2025-05-09,2025-05-24,38,44,2,Preventive,Yes,Yes,Open
TMS000965,AST003840,Crossing,C00095,44.9,Gauge defect,Track Geometry,Medium,2,3,2,2025-06-27,2025-07-13,0,178,3,Preventive,No,Yes,Open
TMS000966,AST003188,Track,C00055,77.1,Sleeper damage,Sleeper Defect,Critical,3,4,4,2025-06-15,2025-06-20,11,132,3,Corrective,No,Yes,In Progress
TMS000967,AST002170,Rail,C00028,43.1,Rail crack,Rail Defect,Medium,2,2,3,2025-05-20,2025-06-11,0,145,6,Preventive,Yes,Yes,Completed
TMS000968,AST002370,Rail,C00041,32.0,Track geometry defect,Track Geometry,Critical,3,5,5,2025-06-19,2025-06-23,8,316,5,Corrective,Yes,No,Open
TMS000969,AST004730,Turnout,C00043,16.8,Rail wear,Rail Defect,High,3,4,3,2025-03-04,2025-03-13,110,254,5,Corrective,Yes,Yes,Open
TMS000970,AST004425,Sleeper,C00053,81.5,Weld defect,Rail Defect,Medium,4,3,3,2025-02-01,2025-02-25,0,130,2,Preventive,No,No,Completed
TMS000971,AST004462,Turnout,C00005,95.5,Turnout wear,Turnout/Switch Defect,Low,2,3,2,2025-05-19,2025-07-06,0,236,4,Preventive,No,Yes,Completed
TMS000972,AST002406,Weld,C00036,23.3,Scheduled inspection,Inspection,Medium,3,3,2,2025-05-22,2025-06-20,11,35,2,Inspection,No,No,Open
TMS000973,AST004354,Sleeper,C00085,24.6,Turnout wear,Turnout/Switch Defect,Critical,5,4,4,2025-06-27,2025-07-01,0,315,5,Corrective,No,Yes,Scheduled
TMS000974,AST003798,Ballast,C00026,57.5,Turnout wear,Turnout/Switch Defect,Medium,2,3,2,2025-06-01,2025-06-27,4,226,4,Preventive,No,Yes,Deferred
TMS000975,AST000968,Ballast,C00092,31.6,Track geometry defect,Track Geometry,Medium,4,2,2,2025-06-05,2025-06-30,1,192,3,Preventive,Yes,Yes,Open
TMS000976,AST002177,Crossing,C00025,347.7,Ballast deficiency,Ballast Defect,Low,2,2,1,2025-06-08,2025-07-21,0,137,3,Preventive,Yes,Yes,Completed
TMS000977,AST003129,Weld,C00045,104.9,Ballast deficiency,Ballast Defect,Medium,3,3,2,2025-05-04,2025-05-28,34,128,2,Preventive,Yes,Yes,Open
TMS000978,AST004055,Weld,C00057,13.6,Track geometry defect,Track Geometry,Medium,3,3,2,2025-05-23,2025-06-07,24,184,3,Preventive,Yes,No,Scheduled
TMS000979,AST002213,Bridge,C00070,14.5,Preventive maintenance,Preventive,Low,4,2,1,2025-06-04,2025-07-23,0,53,2,Preventive,No,Yes,Open
TMS000980,AST002262,Track,C00088,40.4,Track geometry defect,Track Geometry,Low,3,2,1,2025-02-28,2025-04-09,0,177,5,Preventive,Yes,Yes,Completed
TMS000981,AST004767,Ballast,C00080,8.1,Gauge defect,Track Geometry,Medium,3,2,1,2025-06-27,2025-07-21,0,165,3,Preventive,No,Yes,Completed
TMS000982,AST002818,Switch,C00025,225.9,Corrective maintenance,Corrective,Low,3,2,1,2025-05-31,2025-07-29,0,279,4,Corrective,No,Yes,Open
TMS000983,AST000506,Rail,C00002,99.2,Corrective maintenance,Corrective,Low,3,2,1,2025-03-20,2025-04-29,63,268,5,Corrective,Yes,Yes,Open
TMS000984,AST004465,Turnout,C00079,51.2,Turnout wear,Turnout/Switch Defect,Medium,3,3,2,2025-05-02,2025-05-24,38,170,3,Preventive,No,Yes,Scheduled
TMS000985,AST005239,Bridge,C00091,55.0,Rail wear,Rail Defect,Low,2,2,1,2025-06-12,2025-08-07,0,142,3,Preventive,No,Yes,Open
TMS000986,AST004484,Bridge,C00065,49.1,Rail wear,Rail Defect,Medium,2,4,1,2025-06-25,2025-07-16,0,132,2,Preventive,No,Yes,Scheduled
TMS000987,AST004704,Track,C00069,58.4,Scheduled inspection,Inspection,Medium,3,3,2,2025-03-09,2025-03-28,95,57,2,Inspection,No,No,Scheduled
TMS000988,AST004411,Turnout,C00077,13.2,Preventive maintenance,Preventive,High,3,3,1,2025-06-03,2025-06-11,0,33,3,Preventive,No,Yes,Completed
TMS000989,AST002036,Ballast,C00068,30.1,Corrective maintenance,Corrective,High,4,4,3,2025-03-24,2025-04-04,88,265,4,Corrective,No,Yes,Scheduled
TMS000990,AST004370,Weld,C00061,32.9,Corrective maintenance,Corrective,High,3,5,2,2025-06-05,2025-06-12,19,273,4,Corrective,No,Yes,Open
TMS000991,AST003240,Rail,C00044,9.9,Corrective maintenance,Corrective,High,3,5,3,2025-06-08,2025-06-21,10,263,4,Corrective,Yes,No,Open
TMS000992,AST005006,Weld,C00018,63.0,Gauge defect,Track Geometry,Low,2,3,2,2025-06-19,2025-08-12,0,116,4,Preventive,No,Yes,In Progress
TMS000993,AST004525,Turnout,C00017,4.5,Rail crack,Rail Defect,Critical,4,5,4,2025-06-07,2025-06-11,0,193,4,Corrective,Yes,Yes,Completed
TMS000994,AST001788,Ballast,C00066,15.3,Corrective maintenance,Corrective,High,2,4,2,2025-06-15,2025-06-27,0,276,3,Corrective,No,Yes,Completed
TMS000995,AST003624,Turnout,C00046,24.3,Track geometry defect,Track Geometry,Critical,2,4,3,2025-02-25,2025-03-01,122,253,3,Corrective,Yes,Yes,Open
TMS000996,AST002648,Crossing,C00090,7.7,Track geometry defect,Track Geometry,Critical,4,5,4,2025-04-29,2025-05-05,57,327,6,Corrective,Yes,Yes,In Progress
TMS000997,AST002499,Crossing,C00029,13.0,Drainage issue,Drainage,Medium,2,3,2,2025-06-21,2025-07-13,0,57,3,Preventive,No,Yes,Completed
TMS000998,AST001786,Sleeper,C00071,13.9,Alignment defect,Track Geometry,Medium,3,3,1,2025-05-16,2025-06-01,30,153,3,Preventive,Yes,Yes,Scheduled
TMS000999,AST001142,Switch,C00028,135.6,Sleeper damage,Sleeper Defect,Low,2,2,2,2025-05-15,2025-06-15,16,97,3,Preventive,No,Yes,Open
TMS001000,AST002413,Rail,C00085,81.1,Drainage issue,Drainage,Medium,2,3,1,2025-03-28,2025-04-23,69,106,4,Preventive,Yes,Yes,Scheduled
TMS001001,AST003804,Switch,C00050,25.2,Ballast deficiency,Ballast Defect,Medium,3,3,3,2025-06-07,2025-06-30,1,108,2,Preventive,Yes,Yes,Open
TMS001002,AST003864,Switch,C00039,18.1,Weld defect,Rail Defect,High,3,4,2,2025-03-10,2025-03-19,104,108,5,Corrective,No,No,Scheduled
TMS001003,AST000568,Ballast,C00030,98.0,Preventive maintenance,Preventive,Critical,4,5,3,2025-06-22,2025-06-26,0,227,3,Preventive,No,Yes,Completed
TMS001004,AST005116,Ballast,C00077,27.4,Scheduled inspection,Inspection,Low,2,1,3,2025-05-31,2025-07-13,0,33,3,Inspection,No,Yes,Open
TMS001005,AST004087,Weld,C00068,66.8,Track geometry defect,Track Geometry,Medium,4,2,2,2025-06-28,2025-07-16,0,158,3,Preventive,Yes,Yes,Open
TMS001006,AST000036,Crossing,C00017,3.1,Sleeper damage,Sleeper Defect,Low,1,1,1,2025-06-18,2025-08-16,0,109,5,Preventive,No,Yes,Scheduled
TMS001007,AST002671,Bridge,C00013,25.5,Preventive maintenance,Preventive,Low,3,2,1,2025-05-12,2025-07-01,0,55,3,Preventive,No,Yes,Open
TMS001008,AST004102,Switch,C00034,34.5,Track geometry defect,Track Geometry,Critical,3,4,4,2025-05-02,2025-05-06,56,264,2,Corrective,Yes,Yes,Open
TMS001009,AST000535,Rail,C00028,16.0,Scheduled inspection,Inspection,Medium,3,2,2,2025-06-12,2025-06-28,3,131,4,Inspection,Yes,Yes,Deferred
TMS001010,AST002021,Ballast,C00086,196.8,Rail wear,Rail Defect,Medium,3,3,3,2025-06-16,2025-07-10,0,184,4,Preventive,No,Yes,Completed
TMS001011,AST004439,Weld,C00071,15.1,Rail crack,Rail Defect,High,3,3,3,2025-04-13,2025-04-27,65,171,4,Corrective,Yes,Yes,Open
TMS001012,AST003591,Ballast,C00080,69.4,Track geometry defect,Track Geometry,Critical,4,4,3,2025-05-05,2025-05-09,53,309,4,Corrective,No,Yes,Open
TMS001013,AST002809,Bridge,C00087,71.6,Rail wear,Rail Defect,Low,2,2,1,2025-06-25,2025-07-25,0,202,4,Preventive,No,No,Open
TMS001014,AST003683,Crossing,C00068,106.0,Scheduled inspection,Inspection,High,2,4,2,2025-06-06,2025-06-20,11,72,2,Inspection,No,No,Open
TMS001015,AST001794,Bridge,C00040,82.5,Alignment defect,Track Geometry,High,3,3,3,2025-05-03,2025-05-13,49,125,2,Corrective,Yes,Yes,In Progress
TMS001016,AST004892,Crossing,C00074,15.6,Gauge defect,Track Geometry,Low,2,1,2,2025-06-27,2025-08-23,0,143,3,Preventive,No,Yes,Completed
TMS001017,AST004063,Ballast,C00002,65.1,Gauge defect,Track Geometry,High,2,2,2,2025-04-23,2025-05-03,0,220,3,Corrective,No,Yes,Completed
TMS001018,AST005126,Sleeper,C00047,41.5,Rail crack,Rail Defect,High,3,4,4,2025-06-12,2025-06-26,5,233,4,Corrective,Yes,Yes,Scheduled
TMS001019,AST001342,Ballast,C00064,50.4,Ballast deficiency,Ballast Defect,Low,2,2,1,2025-03-14,2025-04-20,72,140,2,Preventive,No,Yes,Open
TMS001020,AST000348,Weld,C00018,45.3,Ballast deficiency,Ballast Defect,Medium,2,3,3,2025-06-11,2025-07-02,0,114,3,Preventive,Yes,Yes,Scheduled
TMS001021,AST004078,Crossing,C00097,8.4,Weld defect,Rail Defect,Low,3,2,2,2025-06-12,2025-08-03,0,136,3,Preventive,No,Yes,Completed
TMS001022,AST002075,Track,C00017,2.7,Sleeper damage,Sleeper Defect,Low,2,1,2,2025-05-16,2025-06-17,14,87,3,Preventive,No,Yes,Open
TMS001023,AST000696,Bridge,C00070,18.1,Scheduled inspection,Inspection,Low,2,2,1,2025-04-30,2025-06-04,27,99,2,Inspection,No,No,Open
TMS001024,AST004255,Sleeper,C00059,33.7,Track geometry defect,Track Geometry,High,4,3,4,2025-05-19,2025-05-28,34,208,5,Corrective,Yes,Yes,Open
TMS001025,AST001001,Ballast,C00052,89.1,Corrective maintenance,Corrective,Medium,3,3,2,2025-06-26,2025-07-23,0,184,3,Corrective,No,Yes,Completed
TMS001026,AST001393,Sleeper,C00100,6.5,Track geometry defect,Track Geometry,Medium,1,1,1,2025-06-09,2025-06-27,4,191,4,Preventive,Yes,No,Scheduled
TMS001027,AST005222,Switch,C00032,17.1,Turnout wear,Turnout/Switch Defect,High,3,4,2,2025-02-17,2025-02-24,127,221,4,Corrective,Yes,Yes,In Progress
TMS001028,AST004876,Ballast,C00080,31.7,Rail crack,Rail Defect,Medium,2,3,2,2025-05-22,2025-06-11,20,267,3,Preventive,Yes,Yes,Scheduled
TMS001029,AST000765,Crossing,C00067,15.9,Rail crack,Rail Defect,High,3,5,3,2025-06-06,2025-06-18,13,194,3,Corrective,Yes,Yes,Open
TMS001030,AST000129,Crossing,C00053,113.4,Rail wear,Rail Defect,Medium,1,3,3,2025-05-05,2025-05-28,34,136,3,Preventive,No,Yes,Open
TMS001031,AST003455,Rail,C00057,115.0,Rail wear,Rail Defect,Low,2,2,1,2025-06-01,2025-07-21,0,87,2,Preventive,No,Yes,Completed
TMS001032,AST000966,Bridge,C00087,177.7,Rail wear,Rail Defect,Low,3,2,1,2025-06-07,2025-07-25,0,131,4,Preventive,No,Yes,Open
TMS001033,AST000050,Track,C00075,30.3,Weld defect,Rail Defect,Low,2,1,1,2025-06-15,2025-08-12,0,129,2,Preventive,No,Yes,Completed
TMS001034,AST002476,Turnout,C00098,1.2,Rail wear,Rail Defect,Medium,3,3,4,2025-05-17,2025-06-05,26,188,3,Preventive,No,Yes,Scheduled
TMS001035,AST003853,Rail,C00078,7.7,Turnout wear,Turnout/Switch Defect,Medium,3,2,2,2025-03-24,2025-04-19,73,210,4,Preventive,Yes,Yes,Scheduled
TMS001036,AST001049,Sleeper,C00098,3.8,Rail wear,Rail Defect,Medium,2,2,2,2025-06-14,2025-07-04,0,126,2,Preventive,No,Yes,Open
TMS001037,AST005270,Switch,C00052,165.2,Scheduled inspection,Inspection,High,4,4,3,2025-05-24,2025-06-03,28,43,4,Inspection,No,No,Open
TMS001038,AST003264,Weld,C00003,38.5,Gauge defect,Track Geometry,Low,4,2,1,2025-06-14,2025-07-17,0,162,2,Preventive,No,Yes,Completed
TMS001039,AST002445,Turnout,C00020,70.5,Preventive maintenance,Preventive,Low,2,2,2,2025-05-11,2025-06-18,13,82,4,Preventive,Yes,Yes,Scheduled
TMS001040,AST001953,Turnout,C00039,18.5,Weld defect,Rail Defect,Low,2,1,3,2025-05-13,2025-06-27,0,153,5,Preventive,No,Yes,Completed
TMS001041,AST002406,Weld,C00036,23.3,Ballast deficiency,Ballast Defect,Medium,3,2,1,2025-06-19,2025-07-12,0,168,3,Preventive,Yes,No,Open
TMS001042,AST004234,Turnout,C00065,20.1,Preventive maintenance,Preventive,High,4,3,2,2025-03-15,2025-03-25,98,66,2,Preventive,No,Yes,Scheduled
TMS001043,AST003413,Bridge,C00004,2.2,Weld defect,Rail Defect,High,5,3,2,2025-06-05,2025-06-16,15,149,4,Corrective,No,Yes,Scheduled
TMS001044,AST003133,Switch,C00089,86.2,Rail crack,Rail Defect,Critical,4,4,3,2025-06-19,2025-06-22,9,322,3,Corrective,Yes,Yes,Scheduled
TMS001045,AST002182,Sleeper,C00006,18.1,Gauge defect,Track Geometry,Low,2,1,3,2025-02-23,2025-04-10,0,142,3,Preventive,No,Yes,Completed
TMS001046,AST002436,Bridge,C00018,65.7,Scheduled inspection,Inspection,Low,3,2,3,2025-06-23,2025-08-20,0,42,1,Inspection,No,No,Open
TMS001047,AST000257,Track,C00041,7.0,Ballast deficiency,Ballast Defect,Medium,4,3,1,2025-05-03,2025-05-26,36,155,4,Preventive,Yes,Yes,Scheduled
TMS001048,AST004923,Crossing,C00067,59.3,Gauge defect,Track Geometry,Medium,2,2,2,2025-02-25,2025-03-25,0,224,3,Preventive,No,Yes,Completed
TMS001049,AST002673,Ballast,C00048,113.9,Drainage issue,Drainage,Medium,4,3,3,2025-06-08,2025-07-02,0,47,3,Preventive,No,Yes,Open
TMS001050,AST003607,Bridge,C00067,48.0,Rail crack,Rail Defect,Medium,4,2,1,2025-05-01,2025-05-23,39,178,4,Preventive,Yes,Yes,Open
TMS001051,AST002293,Switch,C00012,55.0,Preventive maintenance,Preventive,Medium,3,2,4,2025-03-17,2025-04-09,83,81,2,Preventive,No,No,Scheduled
TMS001052,AST000521,Bridge,C00056,26.9,Ballast deficiency,Ballast Defect,High,3,3,2,2025-03-29,2025-04-05,0,137,2,Corrective,No,Yes,Completed
TMS001053,AST003627,Weld,C00070,15.6,Rail crack,Rail Defect,Low,3,3,2,2025-06-23,2025-08-20,0,140,3,Preventive,Yes,No,Completed
TMS001054,AST000381,Crossing,C00007,60.6,Rail crack,Rail Defect,Low,2,2,2,2025-06-27,2025-08-18,0,183,4,Preventive,Yes,Yes,In Progress
TMS001055,AST004280,Ballast,C00013,38.7,Track geometry defect,Track Geometry,Low,3,2,1,2025-05-29,2025-07-18,0,139,5,Preventive,Yes,Yes,Completed
TMS001056,AST003575,Track,C00074,8.1,Alignment defect,Track Geometry,Low,2,1,1,2025-06-29,2025-07-30,0,168,3,Preventive,Yes,Yes,Open
TMS001057,AST001464,Weld,C00043,11.3,Track geometry defect,Track Geometry,Low,3,1,2,2025-05-06,2025-06-07,0,171,3,Preventive,Yes,Yes,Completed
TMS001058,AST001729,Turnout,C00090,71.2,Corrective maintenance,Corrective,Low,5,2,3,2025-06-27,2025-07-30,0,222,3,Corrective,No,Yes,Deferred
TMS001059,AST005247,Rail,C00077,38.4,Scheduled inspection,Inspection,High,3,4,2,2025-02-14,2025-02-21,130,55,2,Inspection,Yes,Yes,Scheduled
TMS001060,AST001397,Rail,C00056,15.1,Ballast deficiency,Ballast Defect,High,4,3,2,2025-03-01,2025-03-10,113,106,3,Corrective,Yes,Yes,Open
TMS001061,AST001717,Track,C00026,371.8,Preventive maintenance,Preventive,High,5,4,1,2025-02-09,2025-02-19,132,95,3,Preventive,No,Yes,In Progress
TMS001062,AST001365,Crossing,C00069,105.3,Ballast deficiency,Ballast Defect,Medium,4,3,1,2025-06-07,2025-07-03,0,232,5,Preventive,Yes,Yes,Scheduled
TMS001063,AST002441,Bridge,C00030,94.6,Sleeper damage,Sleeper Defect,Low,1,2,2,2025-05-24,2025-07-05,0,61,1,Preventive,No,Yes,In Progress
TMS001064,AST004889,Track,C00050,1.0,Rail wear,Rail Defect,Medium,4,3,2,2025-05-26,2025-06-14,17,190,3,Preventive,No,Yes,In Progress
TMS001065,AST000299,Ballast,C00065,3.2,Scheduled inspection,Inspection,Critical,4,4,5,2025-04-01,2025-04-05,87,73,2,Inspection,No,Yes,Scheduled
TMS001066,AST000813,Switch,C00071,14.1,Track geometry defect,Track Geometry,Low,1,2,1,2025-06-23,2025-08-14,0,154,5,Preventive,Yes,Yes,Scheduled
TMS001067,AST002025,Sleeper,C00040,98.1,Alignment defect,Track Geometry,Critical,4,4,3,2025-06-05,2025-06-11,20,300,5,Corrective,Yes,Yes,In Progress
TMS001068,AST004118,Switch,C00070,9.8,Weld defect,Rail Defect,Medium,3,3,1,2025-05-31,2025-06-19,0,142,3,Preventive,No,Yes,Completed
TMS001069,AST004968,Switch,C00095,87.1,Alignment defect,Track Geometry,Medium,2,1,3,2025-02-22,2025-03-10,113,191,5,Preventive,Yes,Yes,Open
TMS001070,AST002548,Crossing,C00063,18.6,Track geometry defect,Track Geometry,Medium,2,4,2,2025-05-06,2025-05-31,31,192,2,Preventive,No,Yes,Open
TMS001071,AST001548,Crossing,C00089,71.9,Preventive maintenance,Preventive,Medium,2,2,2,2025-04-05,2025-05-04,58,66,3,Preventive,No,No,Open
TMS001072,AST002488,Weld,C00047,9.8,Sleeper damage,Sleeper Defect,Medium,1,2,4,2025-05-26,2025-06-12,19,127,3,Preventive,No,Yes,Open
TMS001073,AST000189,Track,C00001,414.5,Gauge defect,Track Geometry,Critical,4,4,4,2025-06-16,2025-06-22,9,212,2,Corrective,No,Yes,Scheduled
TMS001074,AST004033,Switch,C00002,112.9,Weld defect,Rail Defect,Low,3,2,2,2025-06-24,2025-07-31,0,110,3,Preventive,No,Yes,In Progress
TMS001075,AST000638,Sleeper,C00015,115.0,Sleeper damage,Sleeper Defect,Low,2,3,2,2025-05-11,2025-06-24,7,71,4,Preventive,No,Yes,Scheduled
TMS001076,AST002215,Rail,C00025,140.9,Corrective maintenance,Corrective,Critical,3,4,3,2025-05-14,2025-05-18,44,336,5,Corrective,No,Yes,Scheduled
TMS001077,AST004103,Track,C00047,25.9,Scheduled inspection,Inspection,Medium,4,2,1,2025-03-21,2025-04-06,0,73,3,Inspection,No,Yes,Completed
TMS001078,AST004949,Track,C00028,12.7,Rail wear,Rail Defect,High,4,3,3,2025-04-15,2025-04-24,0,238,1,Corrective,No,Yes,Completed
TMS001079,AST001347,Bridge,C00066,3.8,Corrective maintenance,Corrective,High,4,5,4,2025-06-19,2025-06-27,4,177,3,Corrective,No,Yes,Open
TMS001080,AST003105,Track,C00022,120.3,Gauge defect,Track Geometry,Low,2,2,2,2025-03-18,2025-05-08,54,104,3,Preventive,No,Yes,Open
TMS001081,AST003069,Weld,C00040,43.1,Track geometry defect,Track Geometry,Medium,3,3,2,2025-06-11,2025-07-02,0,189,2,Preventive,Yes,Yes,Completed
TMS001082,AST003250,Switch,C00046,15.5,Sleeper damage,Sleeper Defect,Medium,3,4,2,2025-03-08,2025-03-30,93,151,4,Preventive,No,Yes,Deferred
TMS001083,AST002500,Crossing,C00049,62.4,Gauge defect,Track Geometry,Low,3,3,2,2025-06-03,2025-07-02,0,93,3,Preventive,No,Yes,Completed
TMS001084,AST002993,Sleeper,C00064,79.7,Gauge defect,Track Geometry,Low,2,1,1,2025-05-14,2025-06-27,4,166,2,Preventive,No,Yes,In Progress
TMS001085,AST004511,Switch,C00046,4.2,Sleeper damage,Sleeper Defect,High,4,3,3,2025-06-11,2025-06-23,8,101,2,Corrective,No,Yes,In Progress
TMS001086,AST004377,Switch,C00089,56.3,Weld defect,Rail Defect,Medium,1,3,3,2025-06-12,2025-07-02,0,110,2,Preventive,No,Yes,Open
TMS001087,AST000902,Crossing,C00073,47.1,Ballast deficiency,Ballast Defect,High,4,3,2,2025-03-05,2025-03-13,110,210,2,Corrective,Yes,Yes,Scheduled
TMS001088,AST003504,Weld,C00063,95.6,Turnout wear,Turnout/Switch Defect,Low,3,1,1,2025-06-20,2025-07-31,0,227,4,Preventive,Yes,Yes,Open
TMS001089,AST001025,Turnout,C00080,6.6,Alignment defect,Track Geometry,Low,3,1,2,2025-06-29,2025-08-20,0,171,4,Preventive,No,Yes,Scheduled
TMS001090,AST002919,Rail,C00050,52.4,Rail crack,Rail Defect,Medium,3,3,2,2025-06-13,2025-07-07,0,146,5,Preventive,No,Yes,Open
TMS001091,AST001816,Rail,C00018,67.3,Track geometry defect,Track Geometry,High,3,4,4,2025-04-02,2025-04-10,82,215,3,Corrective,No,Yes,In Progress
TMS001092,AST001170,Rail,C00092,27.8,Gauge defect,Track Geometry,High,3,3,2,2025-04-14,2025-04-24,68,167,4,Corrective,No,Yes,In Progress
TMS001093,AST003175,Ballast,C00040,62.4,Preventive maintenance,Preventive,High,3,2,3,2025-02-14,2025-02-21,130,50,4,Preventive,No,Yes,In Progress
TMS001094,AST003619,Weld,C00069,241.4,Alignment defect,Track Geometry,Critical,4,4,3,2025-05-30,2025-06-05,26,226,2,Corrective,Yes,No,Open
TMS001095,AST004702,Track,C00003,72.7,Rail crack,Rail Defect,Medium,3,2,2,2025-04-30,2025-05-28,34,137,3,Preventive,Yes,Yes,Open
TMS001096,AST000977,Bridge,C00086,13.5,Sleeper damage,Sleeper Defect,Medium,3,2,2,2025-06-28,2025-07-18,0,53,2,Preventive,No,Yes,Scheduled
TMS001097,AST002366,Turnout,C00041,0.3,Drainage issue,Drainage,Low,2,2,2,2025-03-05,2025-04-05,87,135,4,Preventive,Yes,Yes,Open
TMS001098,AST004883,Track,C00030,123.1,Preventive maintenance,Preventive,Low,2,2,1,2025-02-12,2025-03-28,95,58,3,Preventive,No,Yes,In Progress
TMS001099,AST004403,Switch,C00043,11.4,Preventive maintenance,Preventive,Low,2,2,1,2025-06-03,2025-07-22,0,138,3,Preventive,No,No,Scheduled
TMS001100,AST001537,Bridge,C00040,13.0,Ballast deficiency,Ballast Defect,Low,2,3,2,2025-06-26,2025-08-11,0,105,2,Preventive,Yes,Yes,Scheduled
TMS001101,AST003562,Ballast,C00052,54.4,Scheduled inspection,Inspection,Medium,2,2,1,2025-05-16,2025-06-05,26,43,3,Inspection,No,Yes,Open
TMS001102,AST001099,Sleeper,C00086,72.6,Weld defect,Rail Defect,Medium,2,2,2,2025-06-30,2025-07-26,0,190,3,Preventive,No,Yes,Completed
TMS001103,AST004791,Switch,C00081,30.7,Ballast deficiency,Ballast Defect,Medium,3,2,1,2025-05-14,2025-06-01,30,153,5,Preventive,Yes,Yes,Scheduled
TMS001104,AST002841,Bridge,C00030,55.1,Ballast deficiency,Ballast Defect,Low,4,1,2,2025-06-12,2025-07-28,0,142,3,Preventive,Yes,Yes,Scheduled
TMS001105,AST001695,Sleeper,C00002,32.1,Gauge defect,Track Geometry,Critical,4,5,2,2025-05-26,2025-05-30,0,117,2,Corrective,No,Yes,Completed
TMS001106,AST004303,Weld,C00086,195.2,Gauge defect,Track Geometry,Medium,4,3,1,2025-06-28,2025-07-22,0,137,3,Preventive,No,No,Scheduled
TMS001107,AST000914,Rail,C00035,30.6,Track geometry defect,Track Geometry,Medium,2,1,2,2025-05-07,2025-05-27,35,165,2,Preventive,Yes,Yes,Open
TMS001108,AST005246,Rail,C00096,2.9,Rail wear,Rail Defect,Low,3,1,2,2025-06-04,2025-07-15,0,182,3,Preventive,No,Yes,Completed
TMS001109,AST005255,Ballast,C00014,65.6,Preventive maintenance,Preventive,Low,2,3,2,2025-06-29,2025-08-12,0,132,4,Preventive,No,Yes,Scheduled
TMS001110,AST003886,Crossing,C00065,38.9,Sleeper damage,Sleeper Defect,High,2,4,2,2025-05-26,2025-06-06,25,74,1,Corrective,No,Yes,In Progress
TMS001111,AST003418,Ballast,C00090,8.8,Preventive maintenance,Preventive,High,4,4,2,2025-06-18,2025-06-25,6,66,4,Preventive,No,Yes,Deferred
TMS001112,AST001096,Sleeper,C00068,131.1,Weld defect,Rail Defect,Medium,4,2,1,2025-06-28,2025-07-28,0,183,5,Preventive,No,Yes,In Progress
TMS001113,AST000802,Rail,C00097,7.7,Scheduled inspection,Inspection,Low,3,2,1,2025-06-11,2025-07-13,0,86,4,Inspection,No,No,Scheduled
TMS001114,AST005129,Weld,C00027,146.6,Rail crack,Rail Defect,Medium,2,2,2,2025-05-12,2025-06-03,28,187,2,Preventive,Yes,Yes,In Progress
TMS001115,AST000934,Weld,C00082,133.4,Drainage issue,Drainage,High,3,3,3,2025-05-30,2025-06-09,22,60,4,Corrective,Yes,Yes,Scheduled
TMS001116,AST000590,Track,C00095,85.7,Ballast deficiency,Ballast Defect,High,3,3,3,2025-06-22,2025-07-06,0,210,3,Corrective,Yes,Yes,In Progress
TMS001117,AST004261,Bridge,C00078,50.1,Drainage issue,Drainage,Critical,3,4,4,2025-05-16,2025-05-19,0,107,2,Corrective,Yes,Yes,Completed
TMS001118,AST000340,Weld,C00042,62.4,Track geometry defect,Track Geometry,Medium,3,1,2,2025-06-22,2025-07-13,0,175,5,Preventive,Yes,Yes,Scheduled
TMS001119,AST002094,Turnout,C00047,1.1,Rail crack,Rail Defect,Medium,2,3,2,2025-06-15,2025-07-04,0,153,4,Preventive,Yes,Yes,Open
TMS001120,AST003564,Switch,C00006,0.0,Gauge defect,Track Geometry,Low,2,1,1,2025-05-17,2025-06-15,16,182,4,Preventive,No,Yes,Scheduled
TMS001121,AST002847,Crossing,C00013,56.9,Gauge defect,Track Geometry,Critical,3,5,4,2025-04-13,2025-04-19,0,232,6,Corrective,No,Yes,Completed
TMS001122,AST001762,Switch,C00022,60.8,Turnout wear,Turnout/Switch Defect,Medium,2,3,1,2025-06-18,2025-07-05,0,201,3,Preventive,No,Yes,Scheduled
TMS001123,AST004872,Rail,C00018,98.2,Gauge defect,Track Geometry,Low,3,2,2,2025-05-25,2025-07-01,0,192,2,Preventive,No,Yes,Deferred
TMS001124,AST005116,Ballast,C00077,27.4,Drainage issue,Drainage,Medium,4,3,2,2025-05-13,2025-06-09,22,164,3,Preventive,Yes,Yes,In Progress
TMS001125,AST004803,Ballast,C00020,39.5,Alignment defect,Track Geometry,Low,3,2,1,2025-06-11,2025-07-14,0,225,2,Preventive,No,Yes,Open
TMS001126,AST003237,Crossing,C00081,18.5,Ballast deficiency,Ballast Defect,High,2,4,2,2025-06-23,2025-07-04,0,143,2,Corrective,Yes,Yes,Open
TMS001127,AST004880,Ballast,C00081,59.3,Corrective maintenance,Corrective,Critical,3,5,3,2025-05-23,2025-05-28,34,282,3,Corrective,No,Yes,Open
TMS001128,AST001982,Bridge,C00073,47.8,Sleeper damage,Sleeper Defect,Low,1,2,2,2025-04-30,2025-06-20,11,68,3,Preventive,No,Yes,Open
TMS001129,AST001522,Rail,C00076,4.6,Ballast deficiency,Ballast Defect,Medium,3,1,3,2025-06-15,2025-07-07,0,87,3,Preventive,No,Yes,Open
TMS001130,AST000703,Switch,C00007,47.1,Corrective maintenance,Corrective,Medium,3,2,3,2025-05-26,2025-06-16,15,214,5,Corrective,No,Yes,Open
TMS001131,AST001773,Bridge,C00065,54.5,Weld defect,Rail Defect,Medium,2,3,3,2025-06-17,2025-07-13,0,128,4,Preventive,No,Yes,Completed
TMS001132,AST003386,Crossing,C00095,66.9,Track geometry defect,Track Geometry,High,4,3,3,2025-06-19,2025-07-01,0,125,3,Corrective,Yes,Yes,Deferred
TMS001133,AST001908,Sleeper,C00059,166.9,Rail crack,Rail Defect,Medium,4,3,2,2025-06-12,2025-06-28,0,201,3,Preventive,No,Yes,Completed
TMS001134,AST001788,Ballast,C00066,15.3,Track geometry defect,Track Geometry,Low,3,3,2,2025-03-03,2025-04-28,64,168,4,Preventive,Yes,Yes,Open
TMS001135,AST001244,Turnout,C00043,9.0,Gauge defect,Track Geometry,Critical,3,5,4,2025-06-25,2025-07-01,0,330,6,Corrective,No,Yes,In Progress
TMS001136,AST003210,Weld,C00100,5.7,Alignment defect,Track Geometry,Critical,4,4,3,2025-05-31,2025-06-05,26,250,3,Corrective,Yes,Yes,Open
TMS001137,AST003725,Crossing,C00049,68.3,Sleeper damage,Sleeper Defect,Low,4,1,2,2025-04-28,2025-06-13,18,70,2,Preventive,No,Yes,Scheduled
TMS001138,AST003425,Switch,C00063,23.6,Rail wear,Rail Defect,Medium,3,3,1,2025-06-18,2025-07-15,0,168,5,Preventive,No,Yes,In Progress
TMS001139,AST003671,Switch,C00085,35.0,Corrective maintenance,Corrective,Low,3,1,1,2025-06-15,2025-07-31,0,203,3,Corrective,Yes,Yes,Completed
TMS001140,AST000011,Switch,C00023,36.6,Track geometry defect,Track Geometry,High,4,3,3,2025-05-17,2025-05-27,35,189,2,Corrective,Yes,Yes,Scheduled
TMS001141,AST002738,Weld,C00052,177.2,Gauge defect,Track Geometry,Medium,4,3,2,2025-03-24,2025-04-16,76,131,2,Preventive,No,Yes,Open
TMS001142,AST002232,Weld,C00045,150.6,Rail wear,Rail Defect,Low,2,3,1,2025-02-01,2025-03-16,107,162,3,Preventive,No,Yes,In Progress
TMS001143,AST004345,Weld,C00096,1.1,Turnout wear,Turnout/Switch Defect,Medium,3,2,3,2025-06-13,2025-06-29,2,219,3,Preventive,No,Yes,Scheduled
TMS001144,AST000723,Bridge,C00020,70.9,Ballast deficiency,Ballast Defect,Medium,2,2,2,2025-06-14,2025-07-02,0,134,3,Preventive,Yes,Yes,Scheduled
TMS001145,AST003815,Turnout,C00008,11.3,Alignment defect,Track Geometry,High,1,4,3,2025-06-30,2025-07-13,0,143,2,Corrective,Yes,Yes,Open
TMS001146,AST002738,Weld,C00052,177.2,Turnout wear,Turnout/Switch Defect,Medium,3,3,4,2025-05-24,2025-06-16,15,254,5,Preventive,No,Yes,Open
TMS001147,AST003112,Switch,C00068,23.0,Preventive maintenance,Preventive,High,4,5,2,2025-02-23,2025-03-07,116,40,4,Preventive,No,Yes,In Progress
TMS001148,AST003224,Track,C00044,48.0,Drainage issue,Drainage,High,2,4,2,2025-06-19,2025-06-29,2,70,3,Corrective,Yes,Yes,Deferred
TMS001149,AST003794,Bridge,C00041,29.4,Preventive maintenance,Preventive,High,1,3,3,2025-05-14,2025-05-23,39,102,5,Preventive,No,Yes,Open
TMS001150,AST002406,Weld,C00036,23.3,Rail crack,Rail Defect,Low,3,2,1,2025-05-10,2025-06-28,3,168,2,Preventive,Yes,Yes,Scheduled
TMS001151,AST002893,Crossing,C00047,58.5,Corrective maintenance,Corrective,Critical,3,5,3,2025-05-01,2025-05-07,55,327,4,Corrective,No,Yes,Open
TMS001152,AST000095,Ballast,C00057,56.4,Preventive maintenance,Preventive,Medium,2,3,1,2025-06-20,2025-07-07,0,99,4,Preventive,No,No,Completed
TMS001153,AST000752,Ballast,C00092,42.0,Sleeper damage,Sleeper Defect,Medium,3,2,1,2025-06-19,2025-07-10,0,83,4,Preventive,No,No,Completed
TMS001154,AST004265,Bridge,C00025,48.2,Track geometry defect,Track Geometry,Medium,2,2,2,2025-03-28,2025-04-20,72,225,6,Preventive,Yes,Yes,In Progress
TMS001155,AST003273,Rail,C00071,6.3,Drainage issue,Drainage,High,3,4,4,2025-04-13,2025-04-23,0,107,3,Corrective,Yes,Yes,Completed
TMS001156,AST004650,Switch,C00008,13.8,Ballast deficiency,Ballast Defect,Low,4,1,2,2025-02-02,2025-03-08,115,94,1,Preventive,Yes,Yes,Open
TMS001157,AST000190,Ballast,C00087,72.3,Track geometry defect,Track Geometry,High,5,3,2,2025-05-22,2025-05-31,0,150,4,Corrective,Yes,Yes,Completed
TMS001158,AST005224,Sleeper,C00051,47.9,Drainage issue,Drainage,Medium,2,1,1,2025-05-07,2025-06-02,29,110,4,Preventive,No,Yes,Scheduled
TMS001159,AST002831,Bridge,C00018,87.0,Track geometry defect,Track Geometry,Low,2,1,1,2025-05-22,2025-07-06,0,178,2,Preventive,Yes,Yes,Completed
TMS001160,AST002535,Switch,C00085,136.8,Ballast deficiency,Ballast Defect,Medium,2,3,1,2025-06-12,2025-07-07,0,124,2,Preventive,Yes,Yes,In Progress
TMS001161,AST000014,Track,C00094,40.1,Rail wear,Rail Defect,Low,2,1,1,2025-06-13,2025-07-30,0,128,4,Preventive,No,Yes,In Progress
TMS001162,AST000983,Bridge,C00002,85.1,Corrective maintenance,Corrective,Low,3,1,1,2025-05-07,2025-06-06,0,298,4,Corrective,No,Yes,Completed
TMS001163,AST004511,Switch,C00046,4.2,Weld defect,Rail Defect,Low,2,1,2,2025-04-08,2025-06-01,30,141,5,Preventive,No,Yes,Open
TMS001164,AST000414,Weld,C00077,7.6,Preventive maintenance,Preventive,High,3,3,4,2025-06-16,2025-06-25,0,58,4,Preventive,No,Yes,Completed
TMS001165,AST000162,Ballast,C00044,49.1,Scheduled inspection,Inspection,Medium,4,2,2,2025-03-19,2025-04-11,0,47,3,Inspection,No,Yes,Completed
TMS001166,AST003227,Sleeper,C00098,1.6,Sleeper damage,Sleeper Defect,Medium,3,3,3,2025-06-07,2025-06-26,0,124,5,Preventive,No,Yes,Completed
TMS001167,AST001239,Turnout,C00045,172.6,Sleeper damage,Sleeper Defect,Low,3,3,2,2025-06-06,2025-08-01,0,33,3,Preventive,No,Yes,Open
TMS001168,AST002314,Track,C00027,77.6,Preventive maintenance,Preventive,Low,3,2,2,2025-04-24,2025-06-02,0,127,4,Preventive,No,Yes,Completed
TMS001169,AST004699,Switch,C00063,59.6,Weld defect,Rail Defect,Medium,2,3,2,2025-02-13,2025-03-05,118,189,3,Preventive,No,Yes,In Progress
TMS001170,AST002817,Weld,C00094,22.9,Preventive maintenance,Preventive,Low,2,2,2,2025-06-25,2025-08-02,0,56,1,Preventive,No,Yes,Open
TMS001171,AST004696,Turnout,C00072,63.1,Gauge defect,Track Geometry,Medium,4,3,1,2025-06-14,2025-07-10,0,168,4,Preventive,No,Yes,Completed
TMS001172,AST000134,Ballast,C00062,26.7,Gauge defect,Track Geometry,Medium,3,2,2,2025-04-08,2025-05-02,60,127,2,Preventive,No,Yes,Open
TMS001173,AST003015,Turnout,C00091,98.5,Scheduled inspection,Inspection,Low,2,2,1,2025-06-01,2025-07-13,0,45,2,Inspection,No,No,Completed
TMS001174,AST003971,Turnout,C00085,103.8,Ballast deficiency,Ballast Defect,Medium,3,2,2,2025-06-12,2025-07-10,0,162,2,Preventive,Yes,Yes,Completed
TMS001175,AST002219,Ballast,C00004,55.5,Gauge defect,Track Geometry,High,3,4,3,2025-06-23,2025-07-03,0,109,2,Corrective,Yes,Yes,Completed
TMS001176,AST004178,Sleeper,C00011,136.0,Turnout wear,Turnout/Switch Defect,Critical,5,4,3,2025-02-23,2025-02-27,124,203,2,Corrective,No,Yes,Open
TMS001177,AST003777,Turnout,C00023,3.1,Rail crack,Rail Defect,Low,4,1,1,2025-04-26,2025-06-04,0,231,4,Preventive,Yes,Yes,Completed
TMS001178,AST001633,Turnout,C00061,21.9,Turnout wear,Turnout/Switch Defect,Medium,3,3,2,2025-06-29,2025-07-26,0,186,5,Preventive,No,Yes,Open
TMS001179,AST003396,Ballast,C00019,110.5,Scheduled inspection,Inspection,Medium,3,3,2,2025-06-17,2025-07-07,0,102,1,Inspection,No,Yes,Scheduled
TMS001180,AST002953,Rail,C00011,22.8,Track geometry defect,Track Geometry,Low,2,2,2,2025-03-09,2025-04-28,64,207,4,Preventive,Yes,Yes,Scheduled
TMS001181,AST001302,Crossing,C00047,51.4,Gauge defect,Track Geometry,Low,2,1,1,2025-06-26,2025-08-11,0,148,2,Preventive,No,Yes,Open
TMS001182,AST000218,Crossing,C00056,26.6,Rail crack,Rail Defect,Medium,1,4,2,2025-06-17,2025-07-13,0,158,4,Preventive,Yes,Yes,Open
TMS001183,AST002405,Track,C00001,365.9,Alignment defect,Track Geometry,Low,3,2,1,2025-06-11,2025-07-29,0,226,4,Preventive,No,No,Completed
TMS001184,AST004129,Weld,C00060,1.9,Track geometry defect,Track Geometry,Critical,4,3,4,2025-05-28,2025-05-31,31,231,4,Corrective,Yes,Yes,In Progress
TMS001185,AST003195,Switch,C00050,51.6,Drainage issue,Drainage,Low,4,2,1,2025-06-11,2025-07-27,0,46,2,Preventive,No,Yes,Open
TMS001186,AST002459,Switch,C00020,30.0,Gauge defect,Track Geometry,High,4,4,2,2025-06-12,2025-06-23,0,161,2,Corrective,Yes,Yes,Completed
TMS001187,AST000019,Rail,C00100,0.7,Preventive maintenance,Preventive,High,4,4,2,2025-06-12,2025-06-20,11,78,4,Preventive,No,Yes,Open
TMS001188,AST002472,Switch,C00055,82.6,Sleeper damage,Sleeper Defect,Medium,1,4,1,2025-03-24,2025-04-08,84,68,5,Preventive,No,Yes,Scheduled
TMS001189,AST003703,Ballast,C00033,85.6,Alignment defect,Track Geometry,Critical,4,5,4,2025-06-01,2025-06-06,0,152,5,Corrective,Yes,Yes,Completed
TMS001190,AST001231,Ballast,C00001,246.3,Preventive maintenance,Preventive,High,3,3,2,2025-05-22,2025-05-31,31,76,3,Preventive,No,Yes,In Progress
TMS001191,AST000272,Switch,C00001,154.0,Weld defect,Rail Defect,High,3,2,2,2025-05-20,2025-06-04,27,155,2,Corrective,Yes,Yes,Open
TMS001192,AST004453,Crossing,C00065,57.9,Corrective maintenance,Corrective,Low,1,2,2,2025-06-20,2025-07-26,0,301,4,Corrective,No,Yes,In Progress
TMS001193,AST003882,Crossing,C00042,24.9,Drainage issue,Drainage,Low,3,1,1,2025-06-19,2025-07-31,0,95,2,Preventive,Yes,Yes,In Progress
TMS001194,AST001913,Rail,C00028,40.8,Rail wear,Rail Defect,Low,4,1,2,2025-06-23,2025-08-02,0,138,3,Preventive,No,Yes,Completed
TMS001195,AST001388,Bridge,C00016,41.2,Gauge defect,Track Geometry,Low,4,2,2,2025-06-27,2025-08-11,0,221,4,Preventive,No,Yes,Completed
TMS001196,AST004218,Turnout,C00039,11.4,Track geometry defect,Track Geometry,Low,3,2,1,2025-05-08,2025-06-20,0,204,3,Preventive,Yes,Yes,Completed
TMS001197,AST003765,Rail,C00098,3.0,Track geometry defect,Track Geometry,Critical,4,4,4,2025-05-11,2025-05-16,46,200,4,Corrective,No,Yes,Scheduled
TMS001198,AST003274,Switch,C00008,44.1,Preventive maintenance,Preventive,High,3,4,3,2025-05-24,2025-06-03,28,64,3,Preventive,No,Yes,Open
TMS001199,AST004767,Ballast,C00080,8.1,Ballast deficiency,Ballast Defect,Low,2,3,1,2025-05-10,2025-07-09,0,149,3,Preventive,Yes,Yes,Scheduled
TMS001200,AST002218,Weld,C00045,148.1,Rail crack,Rail Defect,Medium,4,2,3,2025-05-07,2025-05-30,32,121,3,Preventive,Yes,Yes,Open
TMS001201,AST002914,Ballast,C00035,63.6,Rail crack,Rail Defect,High,2,4,3,2025-03-14,2025-03-28,0,259,4,Corrective,No,Yes,Completed
TMS001202,AST003400,Weld,C00024,40.7,Drainage issue,Drainage,High,2,3,2,2025-05-25,2025-06-03,28,97,2,Corrective,Yes,Yes,Scheduled
TMS001203,AST000956,Crossing,C00072,89.6,Rail wear,Rail Defect,High,3,3,2,2025-05-06,2025-05-16,46,149,2,Corrective,No,Yes,Open
TMS001204,AST001111,Bridge,C00082,56.8,Preventive maintenance,Preventive,Low,2,2,1,2025-05-02,2025-06-12,19,49,2,Preventive,No,Yes,Deferred
TMS001205,AST002828,Rail,C00078,1.0,Drainage issue,Drainage,Low,3,3,1,2025-06-14,2025-07-25,0,151,3,Preventive,Yes,Yes,Scheduled
TMS001206,AST003774,Sleeper,C00042,76.2,Weld defect,Rail Defect,Medium,1,3,1,2025-06-30,2025-07-25,0,145,2,Preventive,No,Yes,In Progress
TMS001207,AST005185,Turnout,C00100,8.6,Alignment defect,Track Geometry,Low,3,2,1,2025-04-08,2025-05-24,38,140,3,Preventive,Yes,Yes,Open
TMS001208,AST000381,Crossing,C00007,60.6,Drainage issue,Drainage,Low,2,2,1,2025-06-20,2025-08-16,0,105,3,Preventive,Yes,Yes,Scheduled
TMS001209,AST002508,Track,C00032,10.8,Ballast deficiency,Ballast Defect,High,3,3,2,2025-02-13,2025-02-23,128,141,2,Corrective,Yes,Yes,Open
TMS001210,AST003430,Bridge,C00016,46.0,Track geometry defect,Track Geometry,Low,1,1,1,2025-04-10,2025-05-20,42,196,5,Preventive,Yes,Yes,Open
TMS001211,AST002864,Sleeper,C00049,24.4,Weld defect,Rail Defect,Medium,4,3,2,2025-03-14,2025-04-07,85,143,2,Preventive,Yes,Yes,Open
TMS001212,AST003249,Sleeper,C00084,5.8,Track geometry defect,Track Geometry,High,3,3,3,2025-04-23,2025-05-05,57,216,5,Corrective,No,Yes,Open
TMS001213,AST001039,Crossing,C00012,111.7,Sleeper damage,Sleeper Defect,High,4,3,3,2025-05-25,2025-06-06,25,47,3,Corrective,No,Yes,Scheduled
TMS001214,AST002120,Sleeper,C00051,21.1,Corrective maintenance,Corrective,Low,2,2,1,2025-06-27,2025-08-07,0,235,4,Corrective,No,Yes,Open
TMS001215,AST000341,Weld,C00009,77.0,Scheduled inspection,Inspection,High,2,4,2,2025-02-04,2025-02-12,139,47,3,Inspection,No,No,Deferred
TMS001216,AST003601,Crossing,C00007,157.2,Gauge defect,Track Geometry,Medium,3,2,2,2025-02-09,2025-03-04,119,162,4,Preventive,No,Yes,Scheduled
TMS001217,AST001574,Rail,C00100,0.9,Ballast deficiency,Ballast Defect,High,2,2,3,2025-06-14,2025-06-27,4,147,5,Corrective,Yes,Yes,Open
TMS001218,AST000443,Rail,C00064,54.9,Sleeper damage,Sleeper Defect,Medium,3,2,2,2025-06-30,2025-07-18,0,122,4,Preventive,No,Yes,Completed
TMS001219,AST003062,Crossing,C00032,15.2,Scheduled inspection,Inspection,Low,3,1,1,2025-05-04,2025-06-24,0,80,3,Inspection,No,Yes,Completed
TMS001220,AST002085,Ballast,C00060,29.1,Turnout wear,Turnout/Switch Defect,Low,4,2,2,2025-05-27,2025-07-04,0,223,5,Preventive,No,Yes,Completed
TMS001221,AST004674,Sleeper,C00063,153.3,Corrective maintenance,Corrective,Low,1,3,1,2025-06-25,2025-08-11,0,265,4,Corrective,No,Yes,Open
TMS001222,AST003018,Switch,C00037,51.9,Sleeper damage,Sleeper Defect,Medium,3,3,2,2025-03-12,2025-04-02,0,117,4,Preventive,No,Yes,Completed
TMS001223,AST000874,Weld,C00039,28.2,Drainage issue,Drainage,Low,2,3,1,2025-06-30,2025-07-30,0,39,2,Preventive,Yes,Yes,Completed
TMS001224,AST000342,Ballast,C00031,23.6,Rail crack,Rail Defect,Medium,2,2,3,2025-06-11,2025-07-01,0,156,2,Preventive,Yes,Yes,Scheduled
TMS001225,AST001960,Ballast,C00037,40.6,Rail crack,Rail Defect,Low,3,1,1,2025-05-04,2025-06-24,7,161,2,Preventive,No,Yes,Open
TMS001226,AST003398,Ballast,C00075,112.3,Ballast deficiency,Ballast Defect,Critical,3,5,3,2025-06-20,2025-06-24,7,240,4,Corrective,Yes,Yes,Open
TMS001227,AST003660,Switch,C00046,18.7,Alignment defect,Track Geometry,Low,4,2,2,2025-06-14,2025-07-26,0,152,4,Preventive,Yes,Yes,Open
TMS001228,AST004592,Switch,C00043,18.7,Track geometry defect,Track Geometry,Medium,2,1,1,2025-02-13,2025-03-05,118,142,4,Preventive,Yes,Yes,Open
TMS001229,AST004593,Weld,C00086,141.3,Ballast deficiency,Ballast Defect,Low,3,2,1,2025-05-02,2025-06-08,23,155,4,Preventive,Yes,Yes,Scheduled
TMS001230,AST003078,Ballast,C00076,112.6,Weld defect,Rail Defect,High,5,3,2,2025-06-05,2025-06-14,17,84,3,Corrective,No,Yes,Open
TMS001231,AST003267,Turnout,C00014,95.3,Rail wear,Rail Defect,High,3,4,3,2025-06-19,2025-06-28,3,250,3,Corrective,No,Yes,Deferred
TMS001232,AST001108,Track,C00044,1.9,Ballast deficiency,Ballast Defect,High,4,5,3,2025-04-10,2025-04-18,0,226,5,Corrective,Yes,Yes,Completed
TMS001233,AST001497,Bridge,C00056,37.2,Corrective maintenance,Corrective,Medium,4,2,1,2025-05-14,2025-06-07,24,171,5,Corrective,No,Yes,In Progress
TMS001234,AST002711,Turnout,C00036,7.3,Drainage issue,Drainage,Medium,3,2,3,2025-05-25,2025-06-18,0,109,2,Preventive,No,Yes,Completed
TMS001235,AST003263,Rail,C00050,10.3,Corrective maintenance,Corrective,Low,2,2,2,2025-06-29,2025-08-14,0,317,6,Corrective,No,Yes,Completed
TMS001236,AST004159,Rail,C00062,18.8,Sleeper damage,Sleeper Defect,High,3,4,2,2025-06-18,2025-07-01,0,116,5,Corrective,Yes,Yes,Open
TMS001237,AST000915,Ballast,C00009,56.1,Corrective maintenance,Corrective,Low,3,2,1,2025-03-15,2025-04-29,63,171,3,Corrective,Yes,No,Open
TMS001238,AST002337,Ballast,C00057,106.8,Scheduled inspection,Inspection,Low,2,2,1,2025-06-19,2025-08-02,0,67,2,Inspection,Yes,No,In Progress
TMS001239,AST000621,Rail,C00029,91.2,Gauge defect,Track Geometry,Low,3,1,1,2025-06-23,2025-08-06,0,156,4,Preventive,No,Yes,Completed
TMS001240,AST000270,Ballast,C00008,110.2,Weld defect,Rail Defect,Low,2,2,1,2025-06-01,2025-07-27,0,105,3,Preventive,No,Yes,Scheduled
TMS001241,AST002732,Bridge,C00036,18.3,Drainage issue,Drainage,Medium,2,2,2,2025-06-08,2025-06-29,2,212,4,Preventive,Yes,Yes,Open
TMS001242,AST002766,Crossing,C00067,44.1,Weld defect,Rail Defect,Low,3,1,2,2025-05-03,2025-06-24,7,91,4,Preventive,No,Yes,Scheduled
TMS001243,AST003495,Crossing,C00039,5.8,Rail crack,Rail Defect,Medium,3,3,1,2025-05-16,2025-06-09,0,155,1,Preventive,Yes,Yes,Completed
TMS001244,AST003549,Weld,C00019,38.6,Gauge defect,Track Geometry,Medium,3,2,2,2025-03-25,2025-04-14,78,237,4,Preventive,No,Yes,Open
TMS001245,AST003111,Ballast,C00076,5.7,Preventive maintenance,Preventive,Low,2,2,1,2025-06-20,2025-08-05,0,46,3,Preventive,No,Yes,Open
TMS001246,AST000542,Track,C00096,33.6,Track geometry defect,Track Geometry,Low,2,1,2,2025-04-17,2025-05-29,33,170,3,Preventive,Yes,Yes,Open
TMS001247,AST001657,Sleeper,C00040,100.5,Weld defect,Rail Defect,Low,4,3,3,2025-02-10,2025-03-15,108,81,3,Preventive,No,Yes,Open
TMS001248,AST002930,Track,C00017,2.7,Track geometry defect,Track Geometry,Medium,3,1,1,2025-02-22,2025-03-13,110,162,4,Preventive,Yes,Yes,Scheduled
TMS001249,AST005121,Track,C00061,14.4,Preventive maintenance,Preventive,Low,2,1,2,2025-06-13,2025-07-30,0,83,3,Preventive,No,Yes,Scheduled
TMS001250,AST001421,Track,C00083,80.0,Turnout wear,Turnout/Switch Defect,Low,3,2,1,2025-05-16,2025-07-09,0,293,6,Preventive,No,Yes,Completed
TMS001251,AST004052,Ballast,C00029,84.9,Ballast deficiency,Ballast Defect,Medium,3,3,2,2025-03-24,2025-04-16,76,152,2,Preventive,Yes,Yes,Scheduled
TMS001252,AST005110,Crossing,C00093,58.0,Rail wear,Rail Defect,Medium,3,3,1,2025-05-21,2025-06-11,0,180,3,Preventive,No,Yes,Completed
TMS001253,AST003051,Sleeper,C00033,52.0,Gauge defect,Track Geometry,Medium,2,3,2,2025-03-30,2025-04-21,71,146,3,Preventive,No,Yes,Open
TMS001254,AST000939,Weld,C00035,71.3,Rail crack,Rail Defect,High,3,5,2,2025-06-04,2025-06-11,20,222,4,Corrective,Yes,Yes,Open
TMS001255,AST001312,Weld,C00008,127.3,Rail wear,Rail Defect,Low,1,2,2,2025-05-20,2025-07-08,0,37,3,Preventive,No,No,Scheduled
TMS001256,AST001097,Turnout,C00088,54.2,Turnout wear,Turnout/Switch Defect,High,5,3,3,2025-02-18,2025-02-28,123,261,4,Corrective,No,Yes,In Progress
TMS001257,AST002862,Switch,C00033,45.6,Gauge defect,Track Geometry,Critical,1,4,3,2025-06-18,2025-06-24,7,264,4,Corrective,No,Yes,Scheduled
TMS001258,AST002895,Track,C00093,61.3,Gauge defect,Track Geometry,Low,2,1,2,2025-06-25,2025-08-11,0,231,5,Preventive,No,Yes,Open
TMS001259,AST004847,Crossing,C00055,84.7,Ballast deficiency,Ballast Defect,Medium,2,1,2,2025-06-01,2025-06-24,7,72,2,Preventive,Yes,Yes,Open
TMS001260,AST000276,Turnout,C00050,2.6,Rail wear,Rail Defect,High,1,4,3,2025-06-19,2025-06-26,5,169,5,Corrective,No,Yes,Open
TMS001261,AST001923,Turnout,C00067,78.6,Alignment defect,Track Geometry,Low,2,2,1,2025-06-26,2025-08-23,0,161,5,Preventive,Yes,Yes,Scheduled
TMS001262,AST000173,Sleeper,C00092,36.4,Corrective maintenance,Corrective,High,3,3,1,2025-06-20,2025-07-02,0,258,4,Corrective,Yes,Yes,Scheduled
TMS001263,AST003484,Track,C00040,84.2,Preventive maintenance,Preventive,Low,3,2,3,2025-03-27,2025-05-21,41,59,2,Preventive,No,Yes,Open
TMS001264,AST004000,Switch,C00009,96.5,Gauge defect,Track Geometry,Medium,4,3,2,2025-05-09,2025-05-30,32,170,2,Preventive,No,Yes,Open
TMS001265,AST004880,Ballast,C00081,59.3,Ballast deficiency,Ballast Defect,Low,3,2,1,2025-06-14,2025-07-17,0,123,4,Preventive,Yes,Yes,Open
TMS001266,AST001971,Sleeper,C00006,7.8,Scheduled inspection,Inspection,High,4,4,4,2025-06-15,2025-06-23,8,37,1,Inspection,No,No,Scheduled
TMS001267,AST002583,Track,C00032,2.5,Drainage issue,Drainage,Low,3,1,1,2025-05-15,2025-07-05,0,44,2,Preventive,No,Yes,Open
TMS001268,AST000237,Crossing,C00046,13.9,Turnout wear,Turnout/Switch Defect,High,4,4,3,2025-04-09,2025-04-19,73,180,3,Corrective,No,No,In Progress
TMS001269,AST005164,Crossing,C00064,135.1,Corrective maintenance,Corrective,Low,2,2,2,2025-05-31,2025-07-16,0,201,3,Corrective,No,Yes,Completed
TMS001270,AST003914,Rail,C00085,25.9,Corrective maintenance,Corrective,Critical,4,4,3,2025-06-25,2025-06-30,0,288,3,Corrective,Yes,No,Completed
TMS001271,AST001527,Sleeper,C00085,114.7,Turnout wear,Turnout/Switch Defect,Critical,4,5,3,2025-06-03,2025-06-06,25,264,5,Corrective,No,Yes,Scheduled
TMS001272,AST001259,Sleeper,C00021,71.1,Turnout wear,Turnout/Switch Defect,Low,2,1,2,2025-04-17,2025-05-30,0,288,6,Preventive,No,Yes,Completed
TMS001273,AST002566,Ballast,C00082,89.9,Drainage issue,Drainage,Low,2,2,2,2025-03-15,2025-04-12,80,31,3,Preventive,Yes,Yes,Open
TMS001274,AST004597,Ballast,C00044,17.3,Gauge defect,Track Geometry,Low,3,2,1,2025-06-20,2025-07-30,0,193,5,Preventive,No,Yes,Completed
TMS001275,AST002836,Weld,C00076,41.2,Weld defect,Rail Defect,Low,2,2,1,2025-06-04,2025-07-10,0,141,2,Preventive,No,Yes,Completed
TMS001276,AST003249,Sleeper,C00084,5.8,Weld defect,Rail Defect,Low,3,2,1,2025-06-11,2025-07-30,0,98,4,Preventive,No,Yes,Open
TMS001277,AST002168,Ballast,C00052,55.1,Gauge defect,Track Geometry,High,4,4,2,2025-06-19,2025-07-01,0,202,4,Corrective,No,No,Open
TMS001278,AST004229,Weld,C00049,72.3,Turnout wear,Turnout/Switch Defect,Low,4,2,1,2025-05-22,2025-07-02,0,184,5,Preventive,No,Yes,In Progress
TMS001279,AST000541,Turnout,C00051,18.8,Track geometry defect,Track Geometry,Critical,4,4,4,2025-06-29,2025-07-04,0,320,4,Corrective,Yes,Yes,Completed
TMS001280,AST001630,Rail,C00007,121.6,Drainage issue,Drainage,Low,2,1,1,2025-05-28,2025-07-14,0,145,2,Preventive,Yes,No,Scheduled
TMS001281,AST002351,Crossing,C00062,26.9,Rail crack,Rail Defect,Low,2,1,2,2025-06-25,2025-08-11,0,216,4,Preventive,Yes,Yes,Scheduled
TMS001282,AST004502,Sleeper,C00060,37.2,Preventive maintenance,Preventive,High,4,5,2,2025-04-10,2025-04-20,72,98,2,Preventive,No,Yes,Scheduled
TMS001283,AST000281,Track,C00091,165.5,Sleeper damage,Sleeper Defect,High,4,2,1,2025-05-15,2025-05-23,39,119,4,Corrective,No,Yes,In Progress
TMS001284,AST003061,Turnout,C00045,0.2,Ballast deficiency,Ballast Defect,Low,3,2,2,2025-03-21,2025-04-27,0,145,2,Preventive,Yes,Yes,Completed
TMS001285,AST002665,Rail,C00045,180.5,Turnout wear,Turnout/Switch Defect,High,4,3,3,2025-06-27,2025-07-05,0,216,3,Corrective,No,Yes,Open
TMS001286,AST002109,Switch,C00041,11.2,Rail wear,Rail Defect,Medium,3,3,1,2025-02-28,2025-03-27,96,122,2,Preventive,No,Yes,Scheduled
TMS001287,AST001123,Crossing,C00029,74.3,Track geometry defect,Track Geometry,Medium,3,2,1,2025-04-23,2025-05-19,43,87,3,Preventive,Yes,Yes,Open
TMS001288,AST001160,Switch,C00036,32.7,Scheduled inspection,Inspection,Low,3,2,2,2025-06-09,2025-07-20,0,63,2,Inspection,No,Yes,In Progress
TMS001289,AST001800,Switch,C00063,45.0,Rail crack,Rail Defect,High,2,3,2,2025-05-27,2025-06-05,26,272,4,Corrective,Yes,Yes,Open
TMS001290,AST003900,Turnout,C00030,7.3,Weld defect,Rail Defect,Low,2,1,1,2025-05-02,2025-06-25,6,128,3,Preventive,No,No,Scheduled
TMS001291,AST004759,Rail,C00056,18.5,Gauge defect,Track Geometry,Low,2,1,2,2025-05-29,2025-07-06,0,111,3,Preventive,No,Yes,In Progress
TMS001292,AST003171,Bridge,C00073,10.6,Scheduled inspection,Inspection,High,4,4,3,2025-06-24,2025-07-05,0,102,3,Inspection,No,Yes,Open
TMS001293,AST001820,Ballast,C00013,10.1,Rail wear,Rail Defect,High,2,3,3,2025-06-06,2025-06-14,17,191,3,Corrective,No,Yes,Open
TMS001294,AST002878,Weld,C00063,35.7,Weld defect,Rail Defect,Low,2,2,1,2025-05-02,2025-06-06,25,116,2,Preventive,No,Yes,Open
TMS001295,AST000229,Track,C00063,82.4,Corrective maintenance,Corrective,Medium,3,3,1,2025-02-14,2025-03-07,116,224,4,Corrective,No,No,Open
TMS001296,AST000703,Switch,C00007,47.1,Gauge defect,Track Geometry,High,4,3,2,2025-06-17,2025-06-29,2,234,5,Corrective,No,Yes,Scheduled
TMS001297,AST000771,Crossing,C00065,32.2,Ballast deficiency,Ballast Defect,Low,3,2,1,2025-05-29,2025-07-09,0,161,4,Preventive,No,Yes,Completed
TMS001298,AST002149,Sleeper,C00088,63.5,Sleeper damage,Sleeper Defect,Medium,4,2,2,2025-03-11,2025-04-07,85,146,4,Preventive,No,Yes,Scheduled
TMS001299,AST000317,Track,C00002,102.1,Rail crack,Rail Defect,Critical,4,5,2,2025-06-02,2025-06-07,24,220,3,Corrective,No,Yes,In Progress
TMS001300,AST003090,Turnout,C00071,4.9,Alignment defect,Track Geometry,Medium,3,2,2,2025-06-24,2025-07-23,0,134,3,Preventive,Yes,Yes,Open
TMS001301,AST000015,Ballast,C00014,9.3,Weld defect,Rail Defect,Medium,1,2,1,2025-04-16,2025-05-05,57,111,4,Preventive,No,Yes,In Progress
TMS001302,AST004299,Turnout,C00079,0.3,Drainage issue,Drainage,Low,2,2,2,2025-06-06,2025-07-24,0,77,3,Preventive,Yes,Yes,Scheduled
TMS001303,AST001236,Sleeper,C00005,115.0,Drainage issue,Drainage,Medium,2,1,3,2025-04-13,2025-05-11,51,173,3,Preventive,Yes,Yes,Scheduled
TMS001304,AST003468,Track,C00019,15.0,Preventive maintenance,Preventive,Critical,4,5,4,2025-06-26,2025-06-29,2,149,2,Preventive,No,Yes,Deferred
TMS001305,AST005239,Bridge,C00091,55.0,Track geometry defect,Track Geometry,Low,2,1,1,2025-06-11,2025-07-24,0,210,3,Preventive,Yes,Yes,Open
TMS001306,AST000938,Turnout,C00094,81.8,Preventive maintenance,Preventive,Critical,5,5,3,2025-03-23,2025-03-27,96,56,2,Preventive,No,Yes,Scheduled
TMS001307,AST004599,Track,C00044,44.4,Rail wear,Rail Defect,Low,2,2,2,2025-05-11,2025-06-14,17,190,4,Preventive,No,Yes,Open
TMS001308,AST003295,Track,C00069,263.9,Track geometry defect,Track Geometry,Medium,2,2,2,2025-03-18,2025-04-11,81,210,3,Preventive,Yes,Yes,Open
TMS001309,AST002147,Rail,C00061,19.9,Gauge defect,Track Geometry,High,1,3,2,2025-02-16,2025-02-23,128,167,3,Corrective,No,Yes,Open
TMS001310,AST004253,Crossing,C00085,241.9,Sleeper damage,Sleeper Defect,Critical,3,4,3,2025-06-24,2025-06-27,4,152,3,Corrective,No,Yes,Scheduled
TMS001311,AST001909,Turnout,C00029,54.9,Sleeper damage,Sleeper Defect,Low,2,2,1,2025-05-29,2025-07-15,0,67,2,Preventive,Yes,Yes,Completed
TMS001312,AST003251,Rail,C00096,85.7,Weld defect,Rail Defect,Low,2,1,3,2025-03-10,2025-04-23,69,126,3,Preventive,No,Yes,Open
TMS001313,AST001250,Weld,C00088,69.2,Rail wear,Rail Defect,Critical,4,5,4,2025-05-10,2025-05-14,48,134,2,Corrective,No,Yes,Open
TMS001314,AST002601,Turnout,C00072,21.6,Preventive maintenance,Preventive,Critical,4,5,4,2025-06-28,2025-07-03,0,82,1,Preventive,No,Yes,Completed
TMS001315,AST001741,Switch,C00087,11.8,Sleeper damage,Sleeper Defect,Medium,2,3,2,2025-06-24,2025-07-15,0,114,4,Preventive,No,Yes,Open
TMS001316,AST004626,Switch,C00003,87.0,Weld defect,Rail Defect,Low,2,2,1,2025-06-22,2025-08-09,0,83,1,Preventive,No,Yes,Scheduled
TMS001317,AST002365,Rail,C00061,52.1,Rail wear,Rail Defect,Low,2,2,3,2025-05-08,2025-06-24,7,190,3,Preventive,No,Yes,In Progress
TMS001318,AST004704,Track,C00069,58.4,Corrective maintenance,Corrective,Medium,3,2,3,2025-05-10,2025-06-04,27,282,4,Corrective,No,Yes,Open
TMS001319,AST000351,Rail,C00088,31.9,Rail wear,Rail Defect,Medium,4,2,2,2025-05-20,2025-06-08,23,163,3,Preventive,No,No,In Progress
TMS001320,AST001662,Crossing,C00016,10.4,Sleeper damage,Sleeper Defect,Medium,4,2,3,2025-05-12,2025-06-07,24,80,2,Preventive,No,No,Open
TMS001321,AST004442,Weld,C00097,7.2,Preventive maintenance,Preventive,High,3,4,2,2025-06-26,2025-07-10,0,85,3,Preventive,No,Yes,Open
TMS001322,AST004963,Rail,C00062,18.8,Alignment defect,Track Geometry,Low,4,3,2,2025-06-05,2025-07-25,0,182,3,Preventive,Yes,Yes,Completed
TMS001323,AST004078,Crossing,C00097,8.4,Gauge defect,Track Geometry,Low,2,2,2,2025-05-12,2025-07-04,0,155,3,Preventive,No,Yes,Open
TMS001324,AST002811,Sleeper,C00083,24.3,Alignment defect,Track Geometry,High,4,4,3,2025-04-02,2025-04-08,84,202,6,Corrective,Yes,Yes,In Progress
TMS001325,AST001061,Weld,C00029,83.6,Turnout wear,Turnout/Switch Defect,Low,3,1,1,2025-06-18,2025-08-07,0,248,3,Preventive,No,Yes,Scheduled
TMS001326,AST001763,Ballast,C00023,20.3,Drainage issue,Drainage,Medium,3,3,1,2025-05-19,2025-06-14,17,97,4,Preventive,Yes,Yes,In Progress
TMS001327,AST000705,Weld,C00047,36.5,Ballast deficiency,Ballast Defect,Medium,3,2,3,2025-02-13,2025-03-04,119,66,3,Preventive,Yes,Yes,Open
TMS001328,AST002394,Crossing,C00013,19.1,Rail crack,Rail Defect,Critical,2,4,3,2025-06-18,2025-06-22,9,239,7,Corrective,Yes,Yes,Open
TMS001329,AST001253,Crossing,C00053,27.6,Scheduled inspection,Inspection,Low,2,2,2,2025-05-08,2025-06-28,0,53,2,Inspection,No,No,Completed
TMS001330,AST005187,Track,C00088,78.8,Turnout wear,Turnout/Switch Defect,Critical,4,4,3,2025-04-22,2025-04-26,66,253,4,Corrective,No,Yes,In Progress
TMS001331,AST002242,Ballast,C00001,37.5,Rail wear,Rail Defect,High,4,4,3,2025-06-17,2025-06-30,0,263,5,Corrective,Yes,Yes,Completed
TMS001332,AST000832,Weld,C00068,70.7,Alignment defect,Track Geometry,Low,4,2,1,2025-05-27,2025-07-12,0,199,5,Preventive,Yes,Yes,Completed
TMS001333,AST000210,Bridge,C00039,28.2,Alignment defect,Track Geometry,Low,2,2,1,2025-05-08,2025-06-29,2,219,4,Preventive,Yes,Yes,Scheduled
TMS001334,AST001632,Weld,C00092,38.3,Turnout wear,Turnout/Switch Defect,Medium,3,1,2,2025-06-18,2025-07-09,0,186,5,Preventive,No,Yes,Completed
TMS001335,AST002399,Ballast,C00073,8.3,Sleeper damage,Sleeper Defect,Low,2,2,1,2025-06-26,2025-08-01,0,50,2,Preventive,No,No,Open
TMS001336,AST003038,Bridge,C00097,6.4,Alignment defect,Track Geometry,Medium,3,2,2,2025-06-25,2025-07-13,0,202,5,Preventive,Yes,Yes,Scheduled
TMS001337,AST000367,Ballast,C00013,118.7,Track geometry defect,Track Geometry,Low,2,1,1,2025-05-08,2025-06-27,4,215,3,Preventive,Yes,No,Open
TMS001338,AST005103,Rail,C00014,93.8,Rail wear,Rail Defect,Low,4,2,2,2025-06-19,2025-08-06,0,76,2,Preventive,No,No,Open
TMS001339,AST004469,Crossing,C00094,20.2,Preventive maintenance,Preventive,Medium,2,3,2,2025-05-16,2025-06-14,17,144,3,Preventive,No,Yes,Deferred
TMS001340,AST001943,Track,C00079,39.6,Gauge defect,Track Geometry,High,4,3,3,2025-05-27,2025-06-05,0,210,3,Corrective,No,No,Completed
TMS001341,AST001124,Sleeper,C00036,53.4,Track geometry defect,Track Geometry,Medium,3,2,2,2025-04-15,2025-05-08,54,171,1,Preventive,Yes,Yes,Open
TMS001342,AST003170,Ballast,C00087,27.3,Drainage issue,Drainage,Medium,2,2,1,2025-06-14,2025-07-05,0,93,3,Preventive,Yes,Yes,Open
TMS001343,AST002417,Rail,C00041,17.9,Gauge defect,Track Geometry,Medium,3,2,4,2025-06-24,2025-07-21,0,144,3,Preventive,No,Yes,Open
TMS001344,AST004773,Bridge,C00047,21.6,Preventive maintenance,Preventive,High,3,4,3,2025-05-18,2025-05-27,0,95,2,Preventive,No,Yes,Completed
TMS001345,AST000132,Weld,C00095,8.9,Sleeper damage,Sleeper Defect,High,4,4,2,2025-05-31,2025-06-15,16,96,2,Corrective,Yes,Yes,In Progress
TMS001346,AST002655,Track,C00056,20.0,Rail crack,Rail Defect,Medium,2,2,2,2025-06-17,2025-07-05,0,163,1,Preventive,Yes,Yes,Open
TMS001347,AST001255,Rail,C00082,27.8,Corrective maintenance,Corrective,Medium,3,3,2,2025-05-12,2025-06-01,0,319,4,Corrective,Yes,Yes,Completed
TMS001348,AST004951,Sleeper,C00025,291.1,Gauge defect,Track Geometry,Medium,4,3,1,2025-06-23,2025-07-15,0,177,3,Preventive,No,Yes,Open
TMS001349,AST002732,Bridge,C00036,18.3,Gauge defect,Track Geometry,Low,3,1,1,2025-05-07,2025-06-23,8,131,3,Preventive,No,Yes,Scheduled
TMS001350,AST004777,Track,C00057,81.8,Drainage issue,Drainage,Low,1,2,1,2025-06-22,2025-08-10,0,67,4,Preventive,Yes,Yes,Open
TMS001351,AST002117,Weld,C00075,145.0,Weld defect,Rail Defect,Medium,2,2,2,2025-05-19,2025-06-15,16,198,5,Preventive,No,No,Open
TMS001352,AST000111,Ballast,C00098,3.6,Rail wear,Rail Defect,Medium,3,3,2,2025-06-29,2025-07-17,0,101,5,Preventive,No,Yes,Completed
TMS001353,AST003788,Rail,C00065,60.9,Rail crack,Rail Defect,Medium,2,2,2,2025-06-10,2025-07-03,0,113,4,Preventive,Yes,Yes,Open
TMS001354,AST003520,Bridge,C00046,19.9,Drainage issue,Drainage,High,4,3,2,2025-06-16,2025-06-29,2,89,2,Corrective,Yes,Yes,Open
TMS001355,AST003480,Bridge,C00091,229.8,Turnout wear,Turnout/Switch Defect,Low,3,2,1,2025-06-16,2025-07-18,0,238,5,Preventive,No,Yes,Open
TMS001356,AST003440,Weld,C00065,20.7,Scheduled inspection,Inspection,Critical,3,5,3,2025-06-01,2025-06-06,25,70,1,Inspection,No,Yes,Scheduled
TMS001357,AST003553,Ballast,C00058,68.7,Gauge defect,Track Geometry,Medium,3,2,1,2025-06-23,2025-07-22,0,163,4,Preventive,No,Yes,Completed
TMS001358,AST004342,Crossing,C00002,43.0,Drainage issue,Drainage,Low,3,1,2,2025-06-12,2025-07-20,0,36,2,Preventive,Yes,Yes,Open
TMS001359,AST002881,Bridge,C00013,131.3,Drainage issue,Drainage,Medium,2,2,1,2025-06-25,2025-07-15,0,123,4,Preventive,Yes,Yes,In Progress
TMS001360,AST004080,Ballast,C00010,19.2,Track geometry defect,Track Geometry,Medium,2,2,3,2025-06-21,2025-07-14,0,202,2,Preventive,Yes,Yes,Scheduled
TMS001361,AST002841,Bridge,C00030,55.1,Ballast deficiency,Ballast Defect,Medium,4,3,1,2025-05-07,2025-05-27,35,111,4,Preventive,Yes,Yes,Open
TMS001362,AST002465,Crossing,C00071,13.1,Ballast deficiency,Ballast Defect,Medium,3,3,2,2025-03-29,2025-04-16,76,151,4,Preventive,Yes,Yes,Scheduled
TMS001363,AST000183,Switch,C00007,100.6,Ballast deficiency,Ballast Defect,High,4,4,3,2025-06-13,2025-06-23,8,136,5,Corrective,Yes,Yes,Open
TMS001364,AST001332,Crossing,C00013,114.6,Gauge defect,Track Geometry,Low,4,3,2,2025-03-23,2025-05-10,52,188,3,Preventive,No,Yes,Scheduled
TMS001365,AST001413,Bridge,C00031,46.3,Corrective maintenance,Corrective,Critical,4,4,3,2025-06-29,2025-07-04,0,352,5,Corrective,No,Yes,Open
TMS001366,AST000363,Rail,C00058,32.2,Sleeper damage,Sleeper Defect,Low,2,2,1,2025-06-18,2025-07-29,0,169,3,Preventive,No,Yes,Scheduled
TMS001367,AST001536,Sleeper,C00077,17.9,Alignment defect,Track Geometry,Medium,4,3,3,2025-06-22,2025-07-17,0,170,5,Preventive,Yes,Yes,Open
TMS001368,AST003936,Switch,C00061,13.6,Rail crack,Rail Defect,Low,3,1,1,2025-06-14,2025-07-25,0,142,4,Preventive,Yes,Yes,In Progress
TMS001369,AST002944,Ballast,C00032,23.9,Scheduled inspection,Inspection,Low,4,2,1,2025-06-09,2025-07-27,0,103,4,Inspection,No,Yes,Open
TMS001370,AST004711,Bridge,C00080,32.6,Rail wear,Rail Defect,Medium,3,2,2,2025-02-26,2025-03-18,105,157,4,Preventive,No,Yes,Scheduled
TMS001371,AST005130,Bridge,C00014,68.3,Preventive maintenance,Preventive,Low,2,1,2,2025-05-02,2025-06-08,23,80,4,Preventive,No,Yes,Scheduled
TMS001372,AST000225,Track,C00048,44.7,Rail crack,Rail Defect,Medium,4,1,2,2025-02-04,2025-02-25,126,176,2,Preventive,Yes,Yes,Open
TMS001373,AST001973,Weld,C00010,84.3,Sleeper damage,Sleeper Defect,Low,2,2,1,2025-06-17,2025-07-29,0,75,1,Preventive,No,Yes,Scheduled
TMS001374,AST001289,Weld,C00048,69.4,Track geometry defect,Track Geometry,Critical,4,5,3,2025-06-15,2025-06-19,12,279,4,Corrective,Yes,Yes,Scheduled
TMS001375,AST003112,Switch,C00068,23.0,Track geometry defect,Track Geometry,High,3,3,4,2025-05-07,2025-05-19,43,250,6,Corrective,Yes,Yes,Scheduled
TMS001376,AST001467,Track,C00086,224.3,Sleeper damage,Sleeper Defect,Medium,2,3,2,2025-06-30,2025-07-27,0,87,3,Preventive,No,Yes,Open
TMS001377,AST004994,Weld,C00011,206.9,Scheduled inspection,Inspection,Low,2,1,1,2025-02-03,2025-03-11,112,80,3,Inspection,No,Yes,Open
TMS001378,AST000136,Rail,C00090,69.2,Ballast deficiency,Ballast Defect,Medium,4,2,3,2025-06-28,2025-07-21,0,128,4,Preventive,Yes,No,Open
TMS001379,AST003791,Track,C00058,9.4,Preventive maintenance,Preventive,Medium,2,2,1,2025-06-22,2025-07-15,0,70,3,Preventive,No,Yes,Scheduled
TMS001380,AST005001,Weld,C00042,21.0,Gauge defect,Track Geometry,Low,2,2,1,2025-06-12,2025-07-30,0,200,4,Preventive,No,Yes,Completed
TMS001381,AST000086,Turnout,C00042,10.1,Preventive maintenance,Preventive,High,3,4,4,2025-06-18,2025-06-30,1,121,3,Preventive,No,Yes,Scheduled
TMS001382,AST004821,Bridge,C00027,93.5,Alignment defect,Track Geometry,High,2,4,1,2025-06-12,2025-06-25,6,225,3,Corrective,Yes,Yes,Open
TMS001383,AST004216,Ballast,C00017,0.6,Preventive maintenance,Preventive,Low,3,2,2,2025-06-07,2025-07-15,0,140,3,Preventive,No,Yes,Completed
TMS001384,AST002995,Bridge,C00051,58.2,Scheduled inspection,Inspection,Medium,3,2,2,2025-06-14,2025-07-03,0,58,3,Inspection,No,No,In Progress
TMS001385,AST001505,Switch,C00052,5.4,Alignment defect,Track Geometry,Medium,1,2,1,2025-06-17,2025-07-03,0,237,4,Preventive,Yes,No,In Progress
TMS001386,AST002942,Sleeper,C00075,2.4,Drainage issue,Drainage,Medium,3,3,1,2025-03-29,2025-04-19,73,116,5,Preventive,Yes,Yes,Open
TMS001387,AST001413,Bridge,C00031,46.3,Weld defect,Rail Defect,Medium,1,2,1,2025-05-21,2025-06-05,0,111,3,Preventive,No,Yes,Completed
TMS001388,AST005278,Turnout,C00038,49.0,Rail wear,Rail Defect,Medium,3,2,2,2025-06-28,2025-07-15,0,106,1,Preventive,No,Yes,Completed
TMS001389,AST003517,Turnout,C00010,32.6,Ballast deficiency,Ballast Defect,Low,4,2,1,2025-04-19,2025-05-31,31,114,4,Preventive,Yes,Yes,Open
TMS001390,AST000787,Switch,C00059,234.6,Rail wear,Rail Defect,Medium,3,2,2,2025-05-18,2025-06-11,20,194,4,Preventive,No,Yes,Deferred
TMS001391,AST004203,Track,C00064,75.2,Alignment defect,Track Geometry,Medium,3,1,4,2025-03-06,2025-03-30,93,169,3,Preventive,No,Yes,Open
TMS001392,AST001285,Switch,C00093,2.2,Turnout wear,Turnout/Switch Defect,Critical,4,4,3,2025-06-27,2025-06-30,1,221,4,Corrective,No,Yes,In Progress
TMS001393,AST003583,Switch,C00030,14.4,Drainage issue,Drainage,High,4,2,2,2025-05-29,2025-06-07,24,122,4,Corrective,Yes,Yes,Open
TMS001394,AST003393,Sleeper,C00010,34.4,Rail crack,Rail Defect,High,3,3,2,2025-06-16,2025-06-24,7,217,3,Corrective,Yes,Yes,Deferred
TMS001395,AST003445,Weld,C00085,80.7,Weld defect,Rail Defect,High,4,4,3,2025-04-20,2025-04-26,66,168,4,Corrective,No,Yes,Scheduled
TMS001396,AST001188,Track,C00093,22.4,Corrective maintenance,Corrective,Medium,3,3,2,2025-06-20,2025-07-16,0,263,5,Corrective,No,Yes,In Progress
TMS001397,AST002740,Switch,C00051,18.5,Weld defect,Rail Defect,Critical,4,4,3,2025-06-30,2025-07-04,0,152,3,Corrective,No,Yes,Scheduled
TMS001398,AST000237,Crossing,C00046,13.9,Weld defect,Rail Defect,Medium,4,2,2,2025-05-25,2025-06-13,18,193,4,Preventive,No,Yes,Scheduled
TMS001399,AST001781,Rail,C00068,128.0,Ballast deficiency,Ballast Defect,Low,2,1,2,2025-06-24,2025-08-07,0,136,5,Preventive,Yes,Yes,Scheduled
TMS001400,AST004430,Track,C00096,110.7,Track geometry defect,Track Geometry,Medium,2,3,3,2025-06-16,2025-07-15,0,181,3,Preventive,Yes,Yes,Completed
TMS001401,AST003834,Track,C00011,19.6,Sleeper damage,Sleeper Defect,High,4,5,3,2025-06-14,2025-06-25,6,161,4,Corrective,No,Yes,Open
TMS001402,AST004452,Bridge,C00039,8.6,Corrective maintenance,Corrective,Medium,3,2,3,2025-05-09,2025-05-29,33,233,3,Corrective,No,Yes,Open
TMS001403,AST003057,Crossing,C00070,17.0,Drainage issue,Drainage,Medium,2,3,2,2025-05-14,2025-06-07,0,80,4,Preventive,Yes,Yes,Completed
TMS001404,AST000897,Weld,C00032,22.0,Drainage issue,Drainage,High,5,4,1,2025-06-10,2025-06-19,0,146,2,Corrective,Yes,Yes,Completed
TMS001405,AST001324,Crossing,C00032,17.6,Alignment defect,Track Geometry,Critical,5,4,4,2025-05-08,2025-05-12,0,223,5,Corrective,Yes,Yes,Completed
TMS001406,AST000119,Weld,C00001,276.9,Rail wear,Rail Defect,Critical,4,4,4,2025-05-24,2025-05-30,32,271,4,Corrective,No,Yes,Open
TMS001407,AST003075,Weld,C00089,36.2,Turnout wear,Turnout/Switch Defect,Low,3,1,2,2025-05-13,2025-06-23,8,151,3,Preventive,No,Yes,Open
TMS001408,AST001262,Weld,C00006,16.0,Track geometry defect,Track Geometry,Low,3,1,1,2025-05-26,2025-07-10,0,201,3,Preventive,Yes,Yes,Completed
TMS001409,AST002249,Ballast,C00053,75.7,Scheduled inspection,Inspection,High,4,3,3,2025-05-22,2025-05-31,0,42,2,Inspection,No,Yes,Completed
TMS001410,AST002430,Rail,C00062,38.0,Ballast deficiency,Ballast Defect,High,4,2,5,2025-05-23,2025-06-05,26,214,4,Corrective,Yes,Yes,Open
TMS001411,AST002048,Sleeper,C00005,115.6,Gauge defect,Track Geometry,Medium,2,2,2,2025-02-14,2025-03-12,0,139,3,Preventive,No,Yes,Completed
TMS001412,AST003900,Turnout,C00030,7.3,Scheduled inspection,Inspection,Medium,3,2,2,2025-06-19,2025-07-10,0,42,2,Inspection,No,Yes,Open
TMS001413,AST001333,Bridge,C00019,124.9,Corrective maintenance,Corrective,High,4,3,3,2025-04-26,2025-05-07,55,271,3,Corrective,No,Yes,Open
TMS001414,AST002297,Sleeper,C00066,5.2,Ballast deficiency,Ballast Defect,Medium,2,3,3,2025-06-09,2025-06-24,7,175,5,Preventive,Yes,Yes,Open
TMS001415,AST001020,Turnout,C00051,28.9,Scheduled inspection,Inspection,Medium,3,4,3,2025-03-21,2025-04-10,82,81,3,Inspection,No,No,Open
TMS001416,AST002522,Track,C00100,4.2,Turnout wear,Turnout/Switch Defect,Medium,3,2,1,2025-03-27,2025-04-23,69,182,5,Preventive,No,Yes,Open
TMS001417,AST000473,Bridge,C00076,4.7,Rail crack,Rail Defect,Low,1,3,1,2025-05-22,2025-07-07,0,237,4,Preventive,No,Yes,Completed
TMS001418,AST002641,Bridge,C00005,118.2,Weld defect,Rail Defect,High,3,4,3,2025-03-15,2025-03-25,98,124,3,Corrective,No,Yes,Scheduled
TMS001419,AST004053,Track,C00095,54.5,Alignment defect,Track Geometry,Critical,5,3,4,2025-06-16,2025-06-18,0,198,3,Corrective,Yes,No,Completed
TMS001420,AST003643,Weld,C00025,395.0,Alignment defect,Track Geometry,Critical,3,4,4,2025-06-09,2025-06-13,18,244,3,Corrective,Yes,Yes,Scheduled
TMS001421,AST003627,Weld,C00070,15.6,Turnout wear,Turnout/Switch Defect,Medium,4,2,2,2025-05-26,2025-06-17,14,267,5,Preventive,No,Yes,In Progress
TMS001422,AST001237,Turnout,C00005,57.8,Sleeper damage,Sleeper Defect,Medium,4,3,3,2025-06-02,2025-06-24,7,88,3,Preventive,No,Yes,In Progress
TMS001423,AST004767,Ballast,C00080,8.1,Alignment defect,Track Geometry,Critical,3,5,3,2025-04-29,2025-05-02,60,275,5,Corrective,Yes,Yes,Open
TMS001424,AST004376,Turnout,C00098,3.9,Drainage issue,Drainage,Low,1,1,2,2025-06-20,2025-08-16,0,98,4,Preventive,Yes,Yes,Open
TMS001425,AST003321,Ballast,C00070,10.3,Rail wear,Rail Defect,Medium,3,1,1,2025-05-08,2025-05-31,0,172,4,Preventive,No,Yes,Completed
TMS001426,AST004072,Ballast,C00005,100.6,Alignment defect,Track Geometry,Critical,4,4,5,2025-04-01,2025-04-06,0,230,4,Corrective,Yes,Yes,Completed
TMS001427,AST004765,Sleeper,C00011,252.9,Turnout wear,Turnout/Switch Defect,Low,4,2,2,2025-06-15,2025-07-25,0,219,4,Preventive,No,Yes,Open
TMS001428,AST001198,Rail,C00062,20.8,Sleeper damage,Sleeper Defect,Medium,2,2,3,2025-06-05,2025-06-25,0,68,2,Preventive,No,Yes,Completed
TMS001429,AST001087,Sleeper,C00060,28.2,Ballast deficiency,Ballast Defect,High,3,4,4,2025-06-14,2025-06-27,4,257,5,Corrective,Yes,Yes,Open
TMS001430,AST001586,Weld,C00090,48.5,Track geometry defect,Track Geometry,Medium,3,3,2,2025-05-09,2025-05-30,0,151,2,Preventive,Yes,Yes,Completed
TMS001431,AST001555,Ballast,C00035,95.2,Turnout wear,Turnout/Switch Defect,Low,3,2,1,2025-05-02,2025-06-10,21,148,1,Preventive,No,Yes,Scheduled
TMS001432,AST004591,Switch,C00093,82.3,Rail wear,Rail Defect,Medium,3,3,2,2025-06-18,2025-07-08,0,92,3,Preventive,No,Yes,Scheduled
TMS001433,AST001808,Track,C00073,44.0,Alignment defect,Track Geometry,High,3,4,2,2025-06-24,2025-07-02,0,116,3,Corrective,Yes,Yes,In Progress
TMS001434,AST000696,Bridge,C00070,18.1,Preventive maintenance,Preventive,Medium,3,2,3,2025-04-21,2025-05-16,46,67,3,Preventive,No,Yes,Scheduled
TMS001435,AST002453,Rail,C00071,11.3,Drainage issue,Drainage,Low,2,1,2,2025-04-29,2025-06-05,26,30,2,Preventive,No,Yes,Scheduled
TMS001436,AST002569,Switch,C00041,27.4,Preventive maintenance,Preventive,Medium,2,2,2,2025-06-20,2025-07-09,0,45,4,Preventive,No,Yes,Scheduled
TMS001437,AST002848,Crossing,C00071,22.4,Rail wear,Rail Defect,Medium,1,3,3,2025-06-06,2025-06-24,7,84,2,Preventive,No,Yes,In Progress
TMS001438,AST003194,Track,C00073,135.9,Rail crack,Rail Defect,High,4,4,3,2025-06-13,2025-06-24,7,189,3,Corrective,Yes,Yes,Scheduled
TMS001439,AST005000,Rail,C00086,185.8,Weld defect,Rail Defect,Low,1,1,2,2025-03-06,2025-04-12,0,144,4,Preventive,No,Yes,Completed
TMS001440,AST000395,Bridge,C00087,22.0,Preventive maintenance,Preventive,Critical,2,4,2,2025-05-14,2025-05-17,45,61,3,Preventive,No,Yes,In Progress
TMS001441,AST002531,Sleeper,C00042,35.5,Turnout wear,Turnout/Switch Defect,Critical,4,5,3,2025-04-02,2025-04-06,86,281,4,Corrective,Yes,Yes,Open
TMS001442,AST005211,Bridge,C00045,31.2,Drainage issue,Drainage,Low,2,1,2,2025-06-05,2025-07-24,0,71,2,Preventive,Yes,Yes,Scheduled
TMS001443,AST000406,Switch,C00074,2.7,Drainage issue,Drainage,Medium,2,3,3,2025-06-20,2025-07-09,0,42,5,Preventive,Yes,Yes,Completed
TMS001444,AST000705,Weld,C00047,36.5,Track geometry defect,Track Geometry,High,4,3,2,2025-06-12,2025-06-22,9,265,5,Corrective,Yes,Yes,Open
TMS001445,AST004867,Rail,C00002,103.0,Track geometry defect,Track Geometry,Medium,2,2,1,2025-05-16,2025-05-30,32,206,3,Preventive,Yes,Yes,Open
TMS001446,AST002318,Crossing,C00031,56.0,Turnout wear,Turnout/Switch Defect,Medium,2,2,2,2025-03-07,2025-03-27,96,213,6,Preventive,No,Yes,Open
TMS001447,AST001480,Ballast,C00074,18.5,Weld defect,Rail Defect,Low,3,2,1,2025-06-23,2025-07-30,0,93,3,Preventive,No,Yes,Completed
TMS001448,AST003177,Switch,C00073,70.4,Track geometry defect,Track Geometry,Medium,3,2,2,2025-06-25,2025-07-20,0,131,3,Preventive,Yes,Yes,Open
TMS001449,AST004290,Sleeper,C00097,10.9,Scheduled inspection,Inspection,High,4,3,2,2025-06-12,2025-06-21,0,62,2,Inspection,No,No,Completed
TMS001450,AST000949,Weld,C00074,5.5,Gauge defect,Track Geometry,Low,1,2,2,2025-06-06,2025-07-24,0,183,4,Preventive,Yes,Yes,Open
TMS001451,AST002962,Track,C00081,50.4,Turnout wear,Turnout/Switch Defect,Medium,4,1,2,2025-05-23,2025-06-13,18,187,4,Preventive,Yes,No,Scheduled
TMS001452,AST002127,Rail,C00090,26.9,Corrective maintenance,Corrective,Low,3,2,2,2025-06-23,2025-08-04,0,282,6,Corrective,No,Yes,Completed
TMS001453,AST004041,Weld,C00060,37.1,Turnout wear,Turnout/Switch Defect,Low,1,2,2,2025-06-25,2025-08-09,0,235,5,Preventive,No,Yes,Scheduled
TMS001454,AST000161,Track,C00081,38.3,Turnout wear,Turnout/Switch Defect,Low,2,3,1,2025-06-15,2025-07-24,0,231,5,Preventive,No,Yes,Open
TMS001455,AST004414,Ballast,C00072,43.2,Weld defect,Rail Defect,Critical,4,4,3,2025-06-07,2025-06-10,0,145,1,Corrective,No,Yes,Completed
TMS001456,AST000443,Rail,C00064,54.9,Preventive maintenance,Preventive,Low,4,2,2,2025-02-02,2025-03-21,102,79,2,Preventive,No,Yes,Open
TMS001457,AST003635,Turnout,C00086,50.0,Alignment defect,Track Geometry,High,4,4,3,2025-06-03,2025-06-10,0,149,5,Corrective,Yes,Yes,Completed
TMS001458,AST001300,Ballast,C00073,65.8,Rail wear,Rail Defect,Medium,2,3,1,2025-05-25,2025-06-17,14,149,3,Preventive,No,Yes,Open
TMS001459,AST000285,Switch,C00027,47.4,Preventive maintenance,Preventive,High,3,3,3,2025-06-21,2025-07-04,0,133,3,Preventive,No,Yes,Open
TMS001460,AST004890,Switch,C00031,23.9,Turnout wear,Turnout/Switch Defect,Low,2,1,1,2025-03-03,2025-04-08,84,200,3,Preventive,No,Yes,Open
TMS001461,AST001053,Track,C00086,107.8,Drainage issue,Drainage,Critical,2,4,4,2025-06-02,2025-06-06,25,196,4,Corrective,Yes,Yes,Open
TMS001462,AST003430,Bridge,C00016,46.0,Scheduled inspection,Inspection,Low,3,2,2,2025-06-26,2025-08-11,0,46,3,Inspection,No,No,In Progress
TMS001463,AST003892,Ballast,C00041,33.1,Corrective maintenance,Corrective,Low,2,2,2,2025-06-22,2025-08-12,0,213,4,Corrective,No,Yes,Completed
TMS001464,AST004606,Rail,C00004,55.9,Alignment defect,Track Geometry,Low,3,3,1,2025-04-29,2025-06-13,18,100,4,Preventive,No,Yes,In Progress
TMS001465,AST002722,Bridge,C00017,4.0,Weld defect,Rail Defect,High,4,4,2,2025-04-23,2025-05-02,60,142,4,Corrective,No,Yes,Open
TMS001466,AST002473,Bridge,C00038,149.2,Gauge defect,Track Geometry,Medium,4,3,3,2025-02-22,2025-03-20,0,181,3,Preventive,No,Yes,Completed
TMS001467,AST003605,Switch,C00002,12.1,Track geometry defect,Track Geometry,Low,2,3,1,2025-06-30,2025-08-15,0,301,5,Preventive,Yes,Yes,Completed
TMS001468,AST001172,Track,C00026,94.2,Rail crack,Rail Defect,Critical,3,5,3,2025-06-06,2025-06-12,19,116,2,Corrective,No,Yes,Open
TMS001469,AST001659,Track,C00021,137.3,Gauge defect,Track Geometry,Medium,2,3,2,2025-03-28,2025-04-26,0,176,3,Preventive,No,Yes,Completed
TMS001470,AST005075,Track,C00009,48.9,Weld defect,Rail Defect,Low,2,2,1,2025-04-17,2025-05-25,37,135,3,Preventive,No,Yes,Open
TMS001471,AST002748,Switch,C00067,5.5,Corrective maintenance,Corrective,Medium,1,3,1,2025-06-14,2025-07-04,0,186,4,Corrective,No,Yes,Open
TMS001472,AST004387,Sleeper,C00014,87.7,Alignment defect,Track Geometry,Medium,3,2,1,2025-03-03,2025-03-25,98,147,3,Preventive,Yes,Yes,Scheduled
TMS001473,AST000357,Sleeper,C00032,21.3,Preventive maintenance,Preventive,Medium,4,3,2,2025-06-12,2025-07-03,0,72,4,Preventive,No,Yes,Scheduled
TMS001474,AST003539,Turnout,C00072,2.9,Corrective maintenance,Corrective,Low,3,1,2,2025-06-05,2025-07-19,0,237,6,Corrective,No,Yes,Open
TMS001475,AST001040,Weld,C00081,78.8,Rail wear,Rail Defect,Medium,2,2,1,2025-05-27,2025-06-19,12,218,2,Preventive,No,Yes,Scheduled
TMS001476,AST002558,Bridge,C00036,15.5,Gauge defect,Track Geometry,Medium,3,2,2,2025-02-22,2025-03-12,111,167,1,Preventive,No,No,Scheduled
TMS001477,AST000991,Weld,C00076,7.3,Rail wear,Rail Defect,Critical,5,5,4,2025-04-12,2025-04-17,0,132,3,Corrective,No,Yes,Completed
TMS001478,AST002008,Switch,C00018,74.7,Corrective maintenance,Corrective,Medium,3,4,2,2025-06-13,2025-06-30,1,166,3,Corrective,No,Yes,Open
TMS001479,AST002852,Switch,C00011,195.2,Rail wear,Rail Defect,Low,3,2,1,2025-04-12,2025-06-04,27,147,5,Preventive,No,Yes,Open
TMS001480,AST001349,Turnout,C00018,25.6,Rail crack,Rail Defect,Critical,5,4,4,2025-06-17,2025-06-23,0,144,3,Corrective,Yes,Yes,Completed
TMS001481,AST000055,Crossing,C00027,12.5,Track geometry defect,Track Geometry,Medium,3,1,2,2025-06-25,2025-07-14,0,265,4,Preventive,Yes,Yes,Completed
TMS001482,AST002758,Ballast,C00071,11.8,Turnout wear,Turnout/Switch Defect,Medium,3,3,1,2025-06-23,2025-07-17,0,199,3,Preventive,Yes,Yes,Deferred
TMS001483,AST003148,Turnout,C00049,48.6,Gauge defect,Track Geometry,High,3,4,2,2025-03-24,2025-04-02,90,141,3,Corrective,No,Yes,Open
TMS001484,AST000620,Switch,C00016,71.4,Weld defect,Rail Defect,Low,3,2,3,2025-06-19,2025-07-24,0,114,4,Preventive,No,Yes,Open
TMS001485,AST004472,Track,C00054,11.0,Drainage issue,Drainage,High,3,4,2,2025-06-29,2025-07-09,0,57,3,Corrective,Yes,Yes,Open
TMS001486,AST001146,Bridge,C00090,40.2,Corrective maintenance,Corrective,Medium,3,2,3,2025-03-18,2025-04-07,0,312,4,Corrective,No,Yes,Completed
TMS001487,AST002364,Track,C00059,107.7,Weld defect,Rail Defect,Low,1,2,1,2025-06-11,2025-07-14,0,168,3,Preventive,No,Yes,Scheduled
TMS001488,AST004545,Crossing,C00078,53.5,Corrective maintenance,Corrective,Medium,4,3,3,2025-06-05,2025-06-29,0,294,5,Corrective,No,Yes,Completed
TMS001489,AST004676,Turnout,C00010,29.5,Alignment defect,Track Geometry,High,2,4,2,2025-02-08,2025-02-21,0,291,6,Corrective,Yes,Yes,Completed
TMS001490,AST004625,Rail,C00023,12.3,Sleeper damage,Sleeper Defect,High,3,4,3,2025-05-30,2025-06-11,0,102,4,Corrective,No,Yes,Completed
TMS001491,AST001466,Sleeper,C00023,0.1,Track geometry defect,Track Geometry,High,4,3,1,2025-06-09,2025-06-23,8,293,6,Corrective,Yes,Yes,Open
TMS001492,AST003829,Switch,C00095,24.3,Ballast deficiency,Ballast Defect,Critical,2,5,3,2025-02-26,2025-03-04,119,95,4,Corrective,Yes,Yes,Open
TMS001493,AST003483,Crossing,C00047,61.8,Weld defect,Rail Defect,Low,2,1,1,2025-02-06,2025-03-26,97,183,6,Preventive,No,Yes,Open
TMS001494,AST000469,Track,C00015,143.6,Weld defect,Rail Defect,Low,3,2,1,2025-06-29,2025-08-03,0,106,3,Preventive,Yes,Yes,Completed
TMS001495,AST000662,Turnout,C00046,19.1,Rail crack,Rail Defect,Medium,2,2,2,2025-05-05,2025-05-29,33,253,5,Preventive,No,Yes,Open
TMS001496,AST000828,Sleeper,C00082,100.7,Drainage issue,Drainage,Low,4,3,2,2025-03-28,2025-04-25,67,98,5,Preventive,No,Yes,Scheduled
TMS001497,AST004265,Bridge,C00025,48.2,Preventive maintenance,Preventive,Critical,3,5,4,2025-05-12,2025-05-16,46,72,3,Preventive,No,Yes,Scheduled
TMS001498,AST000478,Turnout,C00080,28.9,Turnout wear,Turnout/Switch Defect,High,3,4,1,2025-04-12,2025-04-20,72,166,3,Corrective,No,Yes,In Progress
TMS001499,AST004987,Switch,C00067,66.9,Ballast deficiency,Ballast Defect,High,3,2,1,2025-05-28,2025-06-06,25,159,4,Corrective,Yes,Yes,Scheduled
TMS001500,AST003872,Crossing,C00062,29.2,Corrective maintenance,Corrective,Low,2,1,2,2025-06-28,2025-08-19,0,292,3,Corrective,No,Yes,Scheduled
TMS001501,AST001941,Rail,C00037,39.1,Corrective maintenance,Corrective,High,3,4,3,2025-06-21,2025-06-29,2,290,4,Corrective,No,No,Open
TMS001502,AST003600,Switch,C00042,76.6,Gauge defect,Track Geometry,Low,2,1,2,2025-02-24,2025-04-14,78,132,5,Preventive,No,No,Open
TMS001503,AST002800,Ballast,C00089,30.8,Rail crack,Rail Defect,Medium,2,3,3,2025-06-23,2025-07-14,0,181,4,Preventive,Yes,Yes,Completed
TMS001504,AST002178,Bridge,C00081,49.0,Ballast deficiency,Ballast Defect,Medium,2,3,2,2025-02-03,2025-03-01,122,139,3,Preventive,Yes,Yes,Open
TMS001505,AST003051,Sleeper,C00033,52.0,Scheduled inspection,Inspection,Medium,2,2,3,2025-06-23,2025-07-19,0,87,2,Inspection,No,No,Completed
TMS001506,AST002173,Ballast,C00094,149.6,Scheduled inspection,Inspection,Critical,3,3,4,2025-05-19,2025-05-23,0,81,3,Inspection,No,Yes,Completed
TMS001507,AST000233,Ballast,C00068,131.3,Track geometry defect,Track Geometry,Medium,3,3,1,2025-06-23,2025-07-16,0,241,4,Preventive,Yes,Yes,In Progress
TMS001508,AST003711,Rail,C00058,11.0,Corrective maintenance,Corrective,Medium,4,2,2,2025-06-18,2025-07-06,0,167,3,Corrective,No,Yes,Deferred
TMS001509,AST002885,Ballast,C00017,2.5,Preventive maintenance,Preventive,Critical,3,4,3,2025-06-30,2025-07-04,0,129,4,Preventive,No,No,Completed
TMS001510,AST001530,Crossing,C00020,58.2,Alignment defect,Track Geometry,Medium,2,3,1,2025-06-15,2025-07-10,0,194,4,Preventive,Yes,Yes,In Progress
TMS001511,AST000576,Weld,C00010,65.1,Gauge defect,Track Geometry,Low,2,2,2,2025-06-16,2025-08-05,0,138,3,Preventive,No,Yes,Scheduled
TMS001512,AST004258,Bridge,C00021,125.4,Rail wear,Rail Defect,Low,2,2,1,2025-06-03,2025-07-19,0,179,4,Preventive,No,Yes,Completed
TMS001513,AST000694,Rail,C00063,49.7,Sleeper damage,Sleeper Defect,Medium,2,3,1,2025-05-17,2025-06-06,25,173,3,Preventive,No,Yes,Open
TMS001514,AST000243,Track,C00005,24.7,Rail wear,Rail Defect,High,4,3,4,2025-06-30,2025-07-12,0,214,4,Corrective,No,Yes,Scheduled
TMS001515,AST003066,Turnout,C00021,27.7,Track geometry defect,Track Geometry,Critical,3,5,4,2025-06-29,2025-07-02,0,194,2,Corrective,No,Yes,Completed
TMS001516,AST000694,Rail,C00063,49.7,Track geometry defect,Track Geometry,High,3,4,2,2025-06-20,2025-06-30,1,171,4,Corrective,Yes,Yes,Open
TMS001517,AST002994,Bridge,C00008,73.7,Alignment defect,Track Geometry,Medium,2,3,2,2025-05-04,2025-05-22,0,135,3,Preventive,Yes,Yes,Completed
TMS001518,AST002726,Bridge,C00089,8.9,Drainage issue,Drainage,Critical,4,4,4,2025-05-25,2025-05-31,31,115,3,Corrective,Yes,Yes,Open
TMS001519,AST004700,Track,C00015,4.3,Drainage issue,Drainage,Low,2,2,2,2025-03-15,2025-05-08,54,79,2,Preventive,Yes,No,Deferred
TMS001520,AST001041,Bridge,C00070,28.7,Sleeper damage,Sleeper Defect,Medium,2,2,2,2025-06-26,2025-07-25,0,131,4,Preventive,No,Yes,Scheduled
TMS001521,AST000381,Crossing,C00007,60.6,Drainage issue,Drainage,High,4,3,2,2025-02-23,2025-03-08,115,107,2,Corrective,Yes,Yes,Scheduled
TMS001522,AST003869,Crossing,C00008,66.1,Turnout wear,Turnout/Switch Defect,Critical,2,3,4,2025-06-27,2025-06-30,1,255,3,Corrective,No,Yes,Open
TMS001523,AST002690,Switch,C00001,211.2,Sleeper damage,Sleeper Defect,Low,3,2,1,2025-03-13,2025-04-25,0,130,4,Preventive,No,Yes,Completed
TMS001524,AST001009,Switch,C00077,56.4,Scheduled inspection,Inspection,Low,3,1,1,2025-02-21,2025-03-30,93,66,2,Inspection,No,No,Open
TMS001525,AST004998,Turnout,C00051,21.0,Track geometry defect,Track Geometry,Medium,3,3,1,2025-06-22,2025-07-17,0,190,3,Preventive,Yes,Yes,Open
TMS001526,AST001723,Crossing,C00020,88.0,Drainage issue,Drainage,Medium,4,3,2,2025-03-05,2025-03-28,95,139,3,Preventive,Yes,Yes,Open
TMS001527,AST001105,Ballast,C00037,68.7,Rail wear,Rail Defect,High,4,2,2,2025-02-11,2025-02-20,131,77,3,Corrective,No,Yes,Open
TMS001528,AST002590,Ballast,C00056,33.8,Gauge defect,Track Geometry,Low,2,1,2,2025-04-07,2025-05-15,47,156,4,Preventive,No,Yes,Open
TMS001529,AST002095,Crossing,C00045,13.3,Track geometry defect,Track Geometry,Critical,4,3,4,2025-04-30,2025-05-07,55,192,4,Corrective,Yes,Yes,In Progress
TMS001530,AST002703,Ballast,C00088,107.6,Alignment defect,Track Geometry,Low,3,1,1,2025-06-30,2025-08-18,0,221,4,Preventive,Yes,Yes,In Progress
TMS001531,AST003275,Crossing,C00085,85.6,Sleeper damage,Sleeper Defect,Medium,3,1,1,2025-05-02,2025-05-21,41,46,2,Preventive,No,Yes,Scheduled
TMS001532,AST004161,Weld,C00012,51.7,Sleeper damage,Sleeper Defect,High,2,3,3,2025-05-26,2025-06-06,25,80,2,Corrective,No,Yes,Scheduled
TMS001533,AST004014,Weld,C00002,16.8,Weld defect,Rail Defect,High,4,4,2,2025-05-08,2025-05-16,46,139,2,Corrective,No,Yes,Open
TMS001534,AST002262,Track,C00088,40.4,Track geometry defect,Track Geometry,Low,3,1,2,2025-05-09,2025-06-27,4,289,3,Preventive,Yes,Yes,Open
TMS001535,AST004983,Weld,C00024,67.6,Alignment defect,Track Geometry,Medium,4,3,2,2025-05-08,2025-05-27,35,210,4,Preventive,Yes,No,In Progress
TMS001536,AST004260,Ballast,C00033,12.9,Corrective maintenance,Corrective,Low,4,3,2,2025-06-19,2025-07-28,0,308,4,Corrective,No,Yes,Scheduled
TMS001537,AST001830,Weld,C00009,43.7,Rail wear,Rail Defect,Critical,2,4,3,2025-06-17,2025-06-23,8,312,4,Corrective,No,Yes,Open
TMS001538,AST001390,Rail,C00008,77.6,Alignment defect,Track Geometry,Low,4,2,2,2025-05-28,2025-07-14,0,223,4,Preventive,Yes,Yes,Open
TMS001539,AST000183,Switch,C00007,100.6,Gauge defect,Track Geometry,Critical,4,4,3,2025-06-15,2025-06-20,11,186,4,Corrective,No,Yes,Open
TMS001540,AST004445,Sleeper,C00031,55.7,Ballast deficiency,Ballast Defect,Medium,2,2,3,2025-06-18,2025-07-06,0,104,2,Preventive,Yes,Yes,Scheduled
TMS001541,AST000721,Sleeper,C00080,73.1,Ballast deficiency,Ballast Defect,Low,3,2,1,2025-04-11,2025-05-23,0,128,3,Preventive,Yes,Yes,Completed
TMS001542,AST003424,Bridge,C00041,23.7,Turnout wear,Turnout/Switch Defect,High,4,5,4,2025-06-10,2025-06-21,10,264,5,Corrective,No,Yes,Open
TMS001543,AST001433,Sleeper,C00093,72.9,Track geometry defect,Track Geometry,Critical,4,4,3,2025-05-21,2025-05-27,35,196,4,Corrective,No,Yes,Scheduled
TMS001544,AST005102,Bridge,C00027,34.8,Ballast deficiency,Ballast Defect,Low,3,2,2,2025-06-28,2025-08-23,0,140,3,Preventive,Yes,Yes,Scheduled
TMS001545,AST000480,Rail,C00074,16.9,Track geometry defect,Track Geometry,Medium,4,3,2,2025-06-19,2025-07-14,0,250,4,Preventive,No,Yes,Completed
TMS001546,AST004161,Weld,C00012,51.7,Turnout wear,Turnout/Switch Defect,Low,2,2,2,2025-06-23,2025-08-18,0,202,3,Preventive,No,Yes,Completed
TMS001547,AST000918,Turnout,C00045,179.3,Gauge defect,Track Geometry,Medium,3,3,1,2025-05-08,2025-06-02,0,170,4,Preventive,No,Yes,Completed
TMS001548,AST000010,Bridge,C00087,108.3,Track geometry defect,Track Geometry,Low,1,2,2,2025-06-09,2025-07-25,0,219,2,Preventive,Yes,Yes,In Progress
TMS001549,AST000600,Track,C00072,47.1,Scheduled inspection,Inspection,Medium,4,3,1,2025-06-11,2025-06-27,4,52,2,Inspection,No,Yes,In Progress
TMS001550,AST002319,Sleeper,C00004,70.7,Alignment defect,Track Geometry,Low,2,3,2,2025-04-02,2025-05-07,55,152,3,Preventive,Yes,No,Deferred
TMS001551,AST004760,Switch,C00064,43.3,Rail wear,Rail Defect,Low,2,3,1,2025-03-01,2025-04-11,81,125,4,Preventive,Yes,Yes,Scheduled
TMS001552,AST001631,Bridge,C00045,46.0,Weld defect,Rail Defect,Low,1,2,1,2025-06-27,2025-08-21,0,60,3,Preventive,No,Yes,In Progress
TMS001553,AST000942,Turnout,C00049,40.9,Scheduled inspection,Inspection,Low,4,3,3,2025-03-10,2025-04-18,74,31,2,Inspection,No,Yes,Open
TMS001554,AST004091,Turnout,C00059,209.4,Rail wear,Rail Defect,Medium,4,2,1,2025-02-13,2025-03-02,121,102,3,Preventive,No,Yes,Scheduled
TMS001555,AST003349,Switch,C00012,33.6,Scheduled inspection,Inspection,Medium,3,2,3,2025-06-11,2025-06-28,0,109,2,Inspection,No,No,Completed
TMS001556,AST001631,Bridge,C00045,46.0,Ballast deficiency,Ballast Defect,Critical,4,4,4,2025-05-13,2025-05-18,44,153,3,Corrective,Yes,Yes,Open
TMS001557,AST004644,Crossing,C00085,122.6,Gauge defect,Track Geometry,Medium,1,3,2,2025-05-23,2025-06-15,16,178,4,Preventive,Yes,Yes,Open
TMS001558,AST001089,Ballast,C00022,159.5,Ballast deficiency,Ballast Defect,Medium,2,3,1,2025-03-08,2025-04-02,90,114,1,Preventive,Yes,Yes,Open
TMS001559,AST002828,Rail,C00078,1.0,Track geometry defect,Track Geometry,Critical,3,5,5,2025-05-19,2025-05-25,37,343,6,Corrective,Yes,Yes,In Progress
TMS001560,AST004250,Track,C00051,45.6,Corrective maintenance,Corrective,Medium,3,3,4,2025-03-28,2025-04-18,74,231,6,Corrective,No,Yes,Scheduled
TMS001561,AST003271,Track,C00028,97.3,Sleeper damage,Sleeper Defect,High,3,4,4,2025-02-11,2025-02-20,131,101,3,Corrective,No,Yes,Scheduled
TMS001562,AST004730,Turnout,C00043,16.8,Rail crack,Rail Defect,Medium,2,3,2,2025-06-26,2025-07-18,0,168,5,Preventive,No,Yes,In Progress
TMS001563,AST003729,Crossing,C00092,10.0,Preventive maintenance,Preventive,Medium,2,4,3,2025-05-14,2025-06-10,21,54,3,Preventive,Yes,Yes,Open
TMS001564,AST001222,Crossing,C00083,57.7,Track geometry defect,Track Geometry,Medium,3,1,2,2025-06-19,2025-07-17,0,149,5,Preventive,Yes,Yes,Open
TMS001565,AST002609,Bridge,C00016,66.3,Rail crack,Rail Defect,High,3,4,2,2025-04-19,2025-04-30,62,222,2,Corrective,Yes,Yes,Scheduled
TMS001566,AST002141,Track,C00020,30.1,Turnout wear,Turnout/Switch Defect,High,3,2,3,2025-06-02,2025-06-16,0,220,2,Corrective,Yes,Yes,Completed
TMS001567,AST003139,Crossing,C00093,8.3,Corrective maintenance,Corrective,High,3,4,2,2025-06-25,2025-07-03,0,245,4,Corrective,No,Yes,Scheduled
TMS001568,AST004369,Sleeper,C00065,8.1,Scheduled inspection,Inspection,Low,2,1,1,2025-02-20,2025-04-08,84,64,1,Inspection,No,No,Deferred
TMS001569,AST004444,Rail,C00074,6.6,Ballast deficiency,Ballast Defect,Critical,3,4,3,2025-04-21,2025-04-27,65,185,3,Corrective,Yes,Yes,Open
TMS001570,AST001187,Turnout,C00034,11.2,Track geometry defect,Track Geometry,Low,2,2,3,2025-02-25,2025-04-03,0,218,5,Preventive,Yes,Yes,Completed
TMS001571,AST003911,Sleeper,C00040,40.6,Turnout wear,Turnout/Switch Defect,Medium,2,2,2,2025-04-20,2025-05-11,51,228,5,Preventive,No,Yes,Open
TMS001572,AST004622,Crossing,C00033,73.1,Track geometry defect,Track Geometry,Medium,1,2,3,2025-06-12,2025-06-26,5,192,2,Preventive,Yes,Yes,Open
TMS001573,AST000625,Crossing,C00020,36.9,Rail crack,Rail Defect,Medium,1,2,2,2025-04-06,2025-04-29,63,126,2,Preventive,Yes,Yes,Open
TMS001574,AST002518,Track,C00097,0.7,Preventive maintenance,Preventive,High,3,4,2,2025-02-08,2025-02-15,136,92,3,Preventive,No,Yes,Deferred
TMS001575,AST001794,Bridge,C00040,82.5,Gauge defect,Track Geometry,Low,1,2,3,2025-03-19,2025-04-17,75,163,3,Preventive,No,Yes,Open
TMS001576,AST004635,Bridge,C00050,8.3,Sleeper damage,Sleeper Defect,Medium,4,3,1,2025-06-21,2025-07-20,0,158,2,Preventive,No,Yes,Open
TMS001577,AST003996,Switch,C00088,52.6,Weld defect,Rail Defect,Low,3,2,2,2025-06-07,2025-07-14,0,101,3,Preventive,No,No,Deferred
TMS001578,AST000969,Switch,C00002,70.7,Drainage issue,Drainage,High,3,4,1,2025-02-02,2025-02-11,140,100,4,Corrective,Yes,No,In Progress
TMS001579,AST004665,Ballast,C00016,41.4,Track geometry defect,Track Geometry,Medium,2,3,2,2025-06-12,2025-07-08,0,179,4,Preventive,Yes,Yes,In Progress
TMS001580,AST001744,Crossing,C00071,14.3,Weld defect,Rail Defect,Low,3,1,1,2025-06-29,2025-08-16,0,125,4,Preventive,No,Yes,Open
TMS001581,AST001734,Ballast,C00026,202.4,Sleeper damage,Sleeper Defect,Low,4,2,1,2025-06-27,2025-08-07,0,79,4,Preventive,No,Yes,In Progress
TMS001582,AST003285,Sleeper,C00073,64.5,Weld defect,Rail Defect,High,3,5,1,2025-05-05,2025-05-15,47,45,4,Corrective,No,Yes,In Progress
TMS001583,AST004169,Sleeper,C00054,30.1,Preventive maintenance,Preventive,High,3,4,1,2025-05-09,2025-05-21,0,39,2,Preventive,No,Yes,Completed
TMS001584,AST003215,Rail,C00044,26.0,Sleeper damage,Sleeper Defect,Low,4,2,2,2025-05-22,2025-07-04,0,160,4,Preventive,No,Yes,Open
TMS001585,AST003387,Track,C00090,68.8,Track geometry defect,Track Geometry,Critical,2,4,4,2025-05-01,2025-05-04,58,356,5,Corrective,Yes,Yes,Deferred
TMS001586,AST001806,Crossing,C00082,107.4,Weld defect,Rail Defect,High,4,4,3,2025-06-26,2025-07-03,0,161,2,Corrective,No,Yes,Completed
TMS001587,AST002219,Ballast,C00004,55.5,Scheduled inspection,Inspection,Medium,4,2,3,2025-05-11,2025-05-29,33,32,4,Inspection,Yes,No,Scheduled
TMS001588,AST004517,Track,C00051,21.1,Rail crack,Rail Defect,Low,2,2,3,2025-06-12,2025-07-20,0,232,2,Preventive,Yes,Yes,Open
TMS001589,AST005248,Turnout,C00060,22.4,Corrective maintenance,Corrective,Low,2,1,1,2025-05-27,2025-07-16,0,225,3,Corrective,No,Yes,Scheduled
TMS001590,AST002935,Rail,C00046,24.7,Drainage issue,Drainage,Low,1,1,1,2025-06-21,2025-07-31,0,50,3,Preventive,Yes,Yes,Scheduled
TMS001591,AST001903,Ballast,C00088,60.4,Weld defect,Rail Defect,Medium,3,2,2,2025-05-15,2025-06-08,0,165,3,Preventive,Yes,Yes,Completed
TMS001592,AST003888,Rail,C00007,101.5,Scheduled inspection,Inspection,Low,2,2,2,2025-06-24,2025-08-08,0,41,2,Inspection,No,Yes,Open
TMS001593,AST002848,Crossing,C00071,22.4,Alignment defect,Track Geometry,Low,1,2,2,2025-03-14,2025-05-02,0,175,4,Preventive,Yes,No,Completed
TMS001594,AST003978,Ballast,C00038,156.6,Corrective maintenance,Corrective,Low,2,2,2,2025-06-17,2025-07-19,0,314,4,Corrective,No,Yes,In Progress
TMS001595,AST001602,Switch,C00038,172.7,Scheduled inspection,Inspection,Low,3,3,2,2025-04-23,2025-06-13,18,43,3,Inspection,No,Yes,Open
TMS001596,AST001883,Ballast,C00050,12.3,Preventive maintenance,Preventive,Medium,3,2,1,2025-06-16,2025-07-12,0,57,2,Preventive,No,No,Open
TMS001597,AST004883,Track,C00030,123.1,Track geometry defect,Track Geometry,Medium,3,3,1,2025-06-15,2025-06-30,1,226,2,Preventive,Yes,Yes,Open
TMS001598,AST001212,Turnout,C00028,19.0,Rail wear,Rail Defect,Medium,2,2,4,2025-06-23,2025-07-11,0,138,3,Preventive,No,Yes,Completed
TMS001599,AST003393,Sleeper,C00010,34.4,Ballast deficiency,Ballast Defect,Low,2,1,1,2025-06-14,2025-07-26,0,167,4,Preventive,Yes,Yes,Scheduled
TMS001600,AST002438,Rail,C00095,3.2,Ballast deficiency,Ballast Defect,Low,4,2,2,2025-06-26,2025-08-20,0,110,3,Preventive,Yes,Yes,Deferred
TMS001601,AST003086,Turnout,C00081,6.2,Rail crack,Rail Defect,Medium,3,2,2,2025-04-22,2025-05-17,0,234,4,Preventive,No,Yes,Completed
TMS001602,AST003374,Ballast,C00043,0.6,Drainage issue,Drainage,High,5,3,2,2025-06-12,2025-06-23,0,181,3,Corrective,Yes,Yes,Completed
TMS001603,AST002338,Crossing,C00013,6.7,Alignment defect,Track Geometry,Medium,2,4,2,2025-02-06,2025-03-01,122,183,3,Preventive,No,Yes,Scheduled
TMS001604,AST002096,Track,C00014,78.0,Rail crack,Rail Defect,Critical,5,5,4,2025-05-03,2025-05-08,0,213,5,Corrective,Yes,Yes,Completed
TMS001605,AST001538,Turnout,C00044,50.8,Rail crack,Rail Defect,High,4,4,4,2025-06-23,2025-07-04,0,297,4,Corrective,Yes,Yes,Completed
TMS001606,AST004551,Ballast,C00002,61.6,Rail wear,Rail Defect,High,2,4,2,2025-05-15,2025-05-25,37,187,6,Corrective,No,Yes,Scheduled
TMS001607,AST003136,Track,C00078,90.6,Gauge defect,Track Geometry,Low,2,1,1,2025-06-21,2025-08-03,0,153,5,Preventive,No,Yes,Completed
TMS001608,AST000035,Track,C00019,12.8,Preventive maintenance,Preventive,Medium,3,2,2,2025-05-02,2025-05-29,33,112,2,Preventive,No,Yes,Scheduled
TMS001609,AST004075,Rail,C00056,0.2,Drainage issue,Drainage,Low,2,1,2,2025-06-13,2025-08-04,0,191,2,Preventive,No,Yes,Scheduled
TMS001610,AST001475,Crossing,C00068,89.9,Gauge defect,Track Geometry,Critical,3,5,4,2025-06-17,2025-06-22,9,185,3,Corrective,No,Yes,Open
TMS001611,AST001787,Track,C00037,42.3,Rail wear,Rail Defect,Medium,3,2,3,2025-06-27,2025-07-23,0,177,3,Preventive,No,Yes,Completed
TMS001612,AST003344,Track,C00037,14.3,Ballast deficiency,Ballast Defect,Low,3,2,2,2025-06-18,2025-08-10,0,167,3,Preventive,No,Yes,Scheduled
TMS001613,AST000864,Bridge,C00025,368.0,Track geometry defect,Track Geometry,Low,4,1,1,2025-05-15,2025-07-06,0,202,4,Preventive,No,Yes,Completed
TMS001614,AST000473,Bridge,C00076,4.7,Rail crack,Rail Defect,Low,1,1,2,2025-06-02,2025-07-23,0,176,2,Preventive,No,Yes,Scheduled
TMS001615,AST002153,Bridge,C00016,21.1,Scheduled inspection,Inspection,Medium,3,3,2,2025-06-20,2025-07-10,0,86,4,Inspection,No,Yes,Scheduled
TMS001616,AST001109,Ballast,C00046,16.9,Weld defect,Rail Defect,Medium,3,1,2,2025-06-03,2025-06-28,3,61,3,Preventive,No,Yes,In Progress
TMS001617,AST004186,Weld,C00042,3.5,Track geometry defect,Track Geometry,Medium,1,3,2,2025-02-20,2025-03-17,106,233,5,Preventive,Yes,Yes,Open
TMS001618,AST000465,Crossing,C00070,28.4,Track geometry defect,Track Geometry,Low,2,2,2,2025-05-16,2025-06-20,11,124,3,Preventive,Yes,Yes,Open
TMS001619,AST000892,Switch,C00046,17.9,Drainage issue,Drainage,High,4,3,4,2025-05-24,2025-06-03,0,185,3,Corrective,Yes,Yes,Completed
TMS001620,AST002754,Bridge,C00041,34.1,Preventive maintenance,Preventive,Medium,4,2,3,2025-05-25,2025-06-17,14,103,2,Preventive,Yes,Yes,Open
TMS001621,AST002565,Bridge,C00040,54.7,Drainage issue,Drainage,Medium,3,2,3,2025-05-08,2025-05-31,0,56,4,Preventive,Yes,Yes,Completed
TMS001622,AST001350,Weld,C00039,1.7,Weld defect,Rail Defect,Critical,4,4,3,2025-06-25,2025-06-29,2,86,5,Corrective,No,Yes,Open
TMS001623,AST003068,Turnout,C00033,80.7,Scheduled inspection,Inspection,Medium,2,2,3,2025-02-25,2025-03-21,102,69,3,Inspection,No,No,Scheduled
TMS001624,AST002817,Weld,C00094,22.9,Preventive maintenance,Preventive,High,4,4,2,2025-02-23,2025-03-05,0,83,3,Preventive,No,Yes,Completed
TMS001625,AST000354,Ballast,C00017,3.4,Turnout wear,Turnout/Switch Defect,High,3,2,1,2025-06-22,2025-07-04,0,193,2,Corrective,No,Yes,Open
TMS001626,AST003707,Switch,C00061,40.2,Gauge defect,Track Geometry,Low,4,1,1,2025-05-21,2025-07-14,0,205,4,Preventive,No,Yes,In Progress
TMS001627,AST001555,Ballast,C00035,95.2,Scheduled inspection,Inspection,Low,3,1,1,2025-04-10,2025-05-27,35,113,3,Inspection,No,Yes,Scheduled
TMS001628,AST004247,Switch,C00047,45.8,Turnout wear,Turnout/Switch Defect,Medium,3,2,2,2025-06-15,2025-07-01,0,214,4,Preventive,Yes,No,Open
TMS001629,AST000109,Switch,C00008,56.3,Sleeper damage,Sleeper Defect,Medium,2,2,1,2025-06-21,2025-07-09,0,144,2,Preventive,No,Yes,Scheduled
TMS001630,AST005013,Rail,C00020,65.9,Weld defect,Rail Defect,Medium,3,3,2,2025-06-28,2025-07-20,0,174,4,Preventive,Yes,Yes,Scheduled
TMS001631,AST000919,Rail,C00048,57.8,Rail crack,Rail Defect,High,3,4,3,2025-02-09,2025-02-19,132,175,6,Corrective,Yes,Yes,Open
TMS001632,AST004808,Weld,C00018,28.0,Weld defect,Rail Defect,High,3,3,4,2025-06-28,2025-07-06,0,184,4,Corrective,No,Yes,Open
TMS001633,AST003204,Switch,C00037,62.8,Weld defect,Rail Defect,Medium,2,2,2,2025-05-27,2025-06-11,20,158,2,Preventive,No,Yes,Deferred
TMS001634,AST000502,Weld,C00042,62.0,Drainage issue,Drainage,Low,2,2,1,2025-04-08,2025-05-17,45,159,5,Preventive,No,Yes,Scheduled
TMS001635,AST001723,Crossing,C00020,88.0,Sleeper damage,Sleeper Defect,Medium,3,3,1,2025-06-03,2025-06-26,0,139,3,Preventive,No,Yes,Completed
TMS001636,AST000241,Weld,C00023,21.2,Alignment defect,Track Geometry,High,4,3,2,2025-06-15,2025-06-25,6,239,4,Corrective,Yes,Yes,In Progress
TMS001637,AST000448,Crossing,C00003,5.3,Weld defect,Rail Defect,Low,3,2,1,2025-06-15,2025-07-30,0,40,2,Preventive,Yes,Yes,Scheduled
TMS001638,AST003838,Crossing,C00098,0.5,Alignment defect,Track Geometry,Low,2,3,2,2025-06-19,2025-07-30,0,202,2,Preventive,No,Yes,Scheduled
TMS001639,AST004399,Ballast,C00085,172.2,Scheduled inspection,Inspection,Medium,2,2,3,2025-06-01,2025-06-26,5,37,2,Inspection,No,Yes,Open
TMS001640,AST001296,Crossing,C00070,24.9,Sleeper damage,Sleeper Defect,Medium,2,2,2,2025-05-31,2025-06-19,12,161,4,Preventive,No,No,In Progress
TMS001641,AST004954,Crossing,C00066,37.7,Gauge defect,Track Geometry,Medium,2,3,1,2025-05-19,2025-06-10,21,213,6,Preventive,No,Yes,Scheduled
TMS001642,AST000505,Turnout,C00024,44.2,Corrective maintenance,Corrective,High,4,3,4,2025-02-05,2025-02-17,0,293,4,Corrective,No,Yes,Completed
TMS001643,AST001776,Sleeper,C00094,159.1,Rail wear,Rail Defect,Low,3,2,1,2025-02-02,2025-03-17,0,128,3,Preventive,No,Yes,Completed
TMS001644,AST000378,Sleeper,C00014,8.7,Ballast deficiency,Ballast Defect,Medium,3,2,2,2025-06-17,2025-07-16,0,74,2,Preventive,Yes,Yes,Open
TMS001645,AST005108,Sleeper,C00006,1.0,Preventive maintenance,Preventive,High,3,4,4,2025-06-28,2025-07-08,0,72,5,Preventive,No,Yes,Open
TMS001646,AST003105,Track,C00022,120.3,Turnout wear,Turnout/Switch Defect,Low,3,2,1,2025-02-20,2025-04-13,79,291,5,Preventive,No,Yes,Open
TMS001647,AST001486,Crossing,C00083,105.5,Corrective maintenance,Corrective,Low,3,3,2,2025-05-10,2025-06-26,5,225,3,Corrective,Yes,No,In Progress
TMS001648,AST001278,Track,C00034,34.1,Drainage issue,Drainage,Medium,2,3,4,2025-05-29,2025-06-21,10,149,5,Preventive,Yes,Yes,In Progress
TMS001649,AST005004,Sleeper,C00061,60.2,Drainage issue,Drainage,High,3,4,2,2025-05-07,2025-05-18,44,97,4,Corrective,Yes,Yes,Open
TMS001650,AST003333,Sleeper,C00091,208.1,Rail crack,Rail Defect,Low,3,1,2,2025-06-15,2025-08-03,0,202,3,Preventive,Yes,Yes,In Progress
TMS001651,AST000041,Rail,C00036,50.9,Sleeper damage,Sleeper Defect,Low,4,2,2,2025-06-08,2025-07-24,0,58,1,Preventive,No,Yes,Open
TMS001652,AST001611,Bridge,C00067,74.3,Ballast deficiency,Ballast Defect,High,3,3,2,2025-06-30,2025-07-10,0,156,3,Corrective,No,Yes,Scheduled
TMS001653,AST000948,Weld,C00044,49.8,Gauge defect,Track Geometry,High,4,3,3,2025-05-26,2025-06-05,26,84,3,Corrective,No,Yes,Open
TMS001654,AST001673,Track,C00095,29.6,Ballast deficiency,Ballast Defect,Low,1,1,3,2025-03-31,2025-05-14,48,183,4,Preventive,Yes,Yes,Scheduled
TMS001655,AST003546,Switch,C00066,37.4,Ballast deficiency,Ballast Defect,Low,1,1,1,2025-06-30,2025-08-21,0,89,2,Preventive,Yes,Yes,Scheduled
TMS001656,AST000192,Sleeper,C00050,46.3,Drainage issue,Drainage,Medium,2,2,1,2025-03-13,2025-04-04,88,119,2,Preventive,No,Yes,Open
TMS001657,AST002786,Bridge,C00048,34.8,Gauge defect,Track Geometry,High,3,4,2,2025-05-19,2025-05-30,32,151,3,Corrective,No,Yes,Scheduled
TMS001658,AST004009,Rail,C00041,25.7,Preventive maintenance,Preventive,Medium,4,3,2,2025-06-16,2025-07-04,0,32,3,Preventive,No,No,Completed
TMS001659,AST001080,Track,C00050,13.1,Sleeper damage,Sleeper Defect,Critical,3,5,3,2025-06-30,2025-07-05,0,137,2,Corrective,No,Yes,Deferred
TMS001660,AST003996,Switch,C00088,52.6,Alignment defect,Track Geometry,Critical,4,5,4,2025-05-06,2025-05-12,0,163,4,Corrective,Yes,Yes,Completed
TMS001661,AST004652,Switch,C00067,5.7,Scheduled inspection,Inspection,Low,3,2,1,2025-06-13,2025-08-02,0,85,3,Inspection,No,Yes,Open
TMS001662,AST003444,Rail,C00088,99.0,Corrective maintenance,Corrective,Critical,4,4,4,2025-06-18,2025-06-21,10,282,4,Corrective,No,Yes,Scheduled
TMS001663,AST001736,Ballast,C00031,23.0,Preventive maintenance,Preventive,Medium,3,2,2,2025-04-17,2025-05-08,54,56,2,Preventive,Yes,Yes,Open
TMS001664,AST000868,Ballast,C00024,45.0,Track geometry defect,Track Geometry,Low,3,2,1,2025-02-21,2025-04-02,90,237,6,Preventive,Yes,Yes,Deferred
TMS001665,AST001876,Ballast,C00090,19.9,Weld defect,Rail Defect,Medium,2,2,2,2025-06-01,2025-06-24,7,145,4,Preventive,No,Yes,Scheduled
TMS001666,AST002467,Turnout,C00048,33.7,Ballast deficiency,Ballast Defect,Low,3,3,1,2025-05-31,2025-07-17,0,157,2,Preventive,Yes,Yes,Open
TMS001667,AST000981,Switch,C00002,84.2,Turnout wear,Turnout/Switch Defect,Medium,2,3,2,2025-06-16,2025-07-06,0,150,4,Preventive,No,No,Open
TMS001668,AST001447,Rail,C00029,62.2,Preventive maintenance,Preventive,Critical,4,4,4,2025-06-25,2025-06-30,0,73,2,Preventive,No,Yes,Completed
TMS001669,AST000885,Rail,C00035,1.3,Drainage issue,Drainage,Medium,3,2,1,2025-05-16,2025-06-09,22,54,3,Preventive,Yes,Yes,Open
TMS001670,AST003263,Rail,C00050,10.3,Rail wear,Rail Defect,Medium,5,2,2,2025-06-23,2025-07-16,0,177,3,Preventive,No,Yes,Open
TMS001671,AST002300,Weld,C00009,87.7,Sleeper damage,Sleeper Defect,Critical,2,4,2,2025-05-07,2025-05-13,49,122,2,Corrective,Yes,Yes,In Progress
TMS001672,AST004117,Track,C00023,24.3,Weld defect,Rail Defect,Low,2,2,1,2025-05-27,2025-07-13,0,152,4,Preventive,No,Yes,In Progress
TMS001673,AST003850,Weld,C00085,14.5,Scheduled inspection,Inspection,Medium,2,2,2,2025-05-06,2025-05-29,33,65,2,Inspection,Yes,Yes,Open
TMS001674,AST002689,Rail,C00088,46.1,Turnout wear,Turnout/Switch Defect,Medium,3,2,2,2025-06-21,2025-07-12,0,181,4,Preventive,No,Yes,Scheduled
TMS001675,AST004721,Sleeper,C00070,17.2,Rail wear,Rail Defect,Medium,3,2,2,2025-06-26,2025-07-18,0,178,4,Preventive,No,Yes,Scheduled
TMS001676,AST002238,Turnout,C00056,37.1,Ballast deficiency,Ballast Defect,Critical,3,4,4,2025-06-28,2025-07-02,0,152,3,Corrective,Yes,Yes,In Progress
TMS001677,AST004293,Weld,C00049,25.7,Rail wear,Rail Defect,Medium,4,2,2,2025-05-21,2025-06-11,20,103,3,Preventive,No,Yes,Open
TMS001678,AST001448,Switch,C00096,28.7,Weld defect,Rail Defect,Medium,4,3,2,2025-06-24,2025-07-17,0,135,4,Preventive,No,Yes,Completed
TMS001679,AST002490,Turnout,C00062,48.9,Corrective maintenance,Corrective,Medium,4,3,3,2025-06-11,2025-07-07,0,357,5,Corrective,No,Yes,Completed
TMS001680,AST000131,Sleeper,C00094,165.2,Turnout wear,Turnout/Switch Defect,High,3,3,2,2025-06-23,2025-07-05,0,274,4,Corrective,No,Yes,Open
TMS001681,AST004285,Track,C00043,4.7,Gauge defect,Track Geometry,High,5,3,2,2025-06-24,2025-07-03,0,143,4,Corrective,No,Yes,Scheduled
TMS001682,AST000919,Rail,C00048,57.8,Ballast deficiency,Ballast Defect,High,3,4,3,2025-03-25,2025-04-02,90,130,3,Corrective,Yes,Yes,Open
TMS001683,AST000500,Bridge,C00027,120.5,Gauge defect,Track Geometry,High,4,5,1,2025-05-22,2025-06-01,30,151,3,Corrective,No,Yes,Deferred
TMS001684,AST002997,Crossing,C00072,16.6,Alignment defect,Track Geometry,Low,4,2,2,2025-06-23,2025-07-27,0,182,4,Preventive,Yes,No,Scheduled
TMS001685,AST002951,Bridge,C00034,16.2,Alignment defect,Track Geometry,Low,1,1,1,2025-06-26,2025-07-28,0,161,2,Preventive,Yes,Yes,Scheduled
TMS001686,AST001652,Crossing,C00038,156.5,Alignment defect,Track Geometry,Low,2,1,2,2025-05-02,2025-06-09,0,173,3,Preventive,Yes,Yes,Completed
TMS001687,AST002439,Bridge,C00014,32.0,Corrective maintenance,Corrective,Low,3,2,2,2025-06-23,2025-08-09,0,165,4,Corrective,No,Yes,Scheduled
TMS001688,AST004378,Switch,C00047,61.3,Sleeper damage,Sleeper Defect,Low,1,3,1,2025-06-19,2025-07-30,0,112,3,Preventive,No,Yes,Open
TMS001689,AST001481,Bridge,C00037,30.5,Alignment defect,Track Geometry,Medium,4,1,3,2025-06-29,2025-07-23,0,179,4,Preventive,No,Yes,Completed
TMS001690,AST004095,Ballast,C00014,81.6,Rail wear,Rail Defect,Medium,4,4,2,2025-06-22,2025-07-17,0,96,4,Preventive,No,No,Open
TMS001691,AST001347,Bridge,C00066,3.8,Alignment defect,Track Geometry,High,2,5,1,2025-06-23,2025-07-02,0,167,4,Corrective,No,Yes,Open
TMS001692,AST001943,Track,C00079,39.6,Sleeper damage,Sleeper Defect,Low,2,3,1,2025-06-12,2025-08-10,0,95,4,Preventive,No,Yes,In Progress
TMS001693,AST003482,Bridge,C00015,62.2,Gauge defect,Track Geometry,Medium,4,2,2,2025-05-24,2025-06-16,15,165,2,Preventive,No,Yes,Open
TMS001694,AST001705,Switch,C00011,184.5,Track geometry defect,Track Geometry,Critical,5,5,3,2025-06-19,2025-06-23,0,240,5,Corrective,Yes,Yes,Completed
TMS001695,AST004472,Track,C00054,11.0,Corrective maintenance,Corrective,Low,2,2,1,2025-03-12,2025-04-15,0,198,3,Corrective,No,Yes,Completed
TMS001696,AST001120,Track,C00009,14.8,Drainage issue,Drainage,High,5,5,4,2025-05-26,2025-06-07,24,146,3,Corrective,Yes,Yes,Scheduled
TMS001697,AST003087,Track,C00020,27.7,Weld defect,Rail Defect,Medium,2,2,1,2025-05-31,2025-06-22,9,100,3,Preventive,No,Yes,Open
TMS001698,AST000217,Rail,C00035,57.8,Track geometry defect,Track Geometry,Low,4,2,1,2025-06-30,2025-08-09,0,255,6,Preventive,Yes,Yes,Scheduled
TMS001699,AST002169,Crossing,C00021,57.7,Weld defect,Rail Defect,High,2,4,3,2025-04-05,2025-04-17,75,76,4,Corrective,Yes,Yes,Scheduled
TMS001700,AST000830,Weld,C00029,81.4,Ballast deficiency,Ballast Defect,High,3,5,2,2025-06-30,2025-07-11,0,85,2,Corrective,Yes,Yes,In Progress
TMS001701,AST001467,Track,C00086,224.3,Track geometry defect,Track Geometry,Medium,2,2,1,2025-06-03,2025-07-03,0,180,2,Preventive,Yes,Yes,Open
TMS001702,AST001170,Rail,C00092,27.8,Drainage issue,Drainage,High,4,4,4,2025-05-04,2025-05-10,0,100,2,Corrective,Yes,Yes,Completed
TMS001703,AST002525,Track,C00058,37.9,Weld defect,Rail Defect,Low,3,1,1,2025-03-19,2025-05-04,58,151,2,Preventive,No,Yes,Scheduled
TMS001704,AST003019,Rail,C00037,21.1,Alignment defect,Track Geometry,Medium,4,4,2,2025-04-28,2025-05-19,43,183,3,Preventive,No,Yes,Open
TMS001705,AST003932,Switch,C00080,18.4,Corrective maintenance,Corrective,Medium,3,3,3,2025-06-30,2025-07-23,0,200,3,Corrective,Yes,Yes,In Progress
TMS001706,AST002922,Bridge,C00089,72.5,Weld defect,Rail Defect,Low,2,2,1,2025-06-06,2025-07-22,0,88,3,Preventive,No,Yes,Open
TMS001707,AST000539,Turnout,C00058,5.1,Sleeper damage,Sleeper Defect,Low,2,1,2,2025-05-07,2025-06-17,14,115,4,Preventive,No,Yes,Open
TMS001708,AST003722,Sleeper,C00024,91.2,Weld defect,Rail Defect,Medium,3,3,1,2025-06-28,2025-07-19,0,147,4,Preventive,Yes,Yes,In Progress
TMS001709,AST000005,Turnout,C00063,115.4,Rail crack,Rail Defect,High,2,3,2,2025-04-07,2025-04-19,0,227,3,Corrective,Yes,Yes,Completed
TMS001710,AST002809,Bridge,C00087,71.6,Track geometry defect,Track Geometry,High,2,3,3,2025-06-12,2025-06-24,7,273,2,Corrective,Yes,Yes,Scheduled
TMS001711,AST000657,Weld,C00096,126.2,Scheduled inspection,Inspection,Medium,2,3,4,2025-06-02,2025-06-27,0,49,1,Inspection,No,No,Completed
TMS001712,AST001971,Sleeper,C00006,7.8,Alignment defect,Track Geometry,Low,2,2,2,2025-06-22,2025-08-01,0,196,3,Preventive,Yes,Yes,Scheduled
TMS001713,AST000097,Ballast,C00041,27.8,Turnout wear,Turnout/Switch Defect,Low,3,2,1,2025-06-16,2025-08-07,0,217,1,Preventive,No,Yes,Scheduled
TMS001714,AST000007,Turnout,C00084,174.3,Sleeper damage,Sleeper Defect,Low,2,3,2,2025-06-26,2025-08-04,0,110,3,Preventive,Yes,Yes,In Progress
TMS001715,AST001873,Bridge,C00042,32.9,Rail wear,Rail Defect,High,2,3,3,2025-05-31,2025-06-12,19,196,2,Corrective,No,Yes,Scheduled
TMS001716,AST001354,Ballast,C00039,6.3,Rail crack,Rail Defect,Medium,4,2,2,2025-04-13,2025-05-03,0,201,3,Preventive,Yes,Yes,Completed
TMS001717,AST001803,Crossing,C00072,5.5,Sleeper damage,Sleeper Defect,Medium,4,2,2,2025-06-29,2025-07-20,0,134,3,Preventive,No,Yes,In Progress
TMS001718,AST003823,Crossing,C00038,118.8,Scheduled inspection,Inspection,Medium,3,3,2,2025-06-28,2025-07-20,0,84,3,Inspection,No,No,Open
TMS001719,AST003991,Switch,C00050,52.5,Preventive maintenance,Preventive,Medium,2,3,2,2025-06-18,2025-07-10,0,37,2,Preventive,No,Yes,Scheduled
TMS001720,AST001633,Turnout,C00061,21.9,Track geometry defect,Track Geometry,Critical,3,5,2,2025-02-25,2025-02-28,0,176,5,Corrective,Yes,Yes,Completed
TMS001721,AST000934,Weld,C00082,133.4,Track geometry defect,Track Geometry,Medium,3,4,2,2025-05-11,2025-05-25,37,213,2,Preventive,Yes,No,Deferred
TMS001722,AST003913,Weld,C00011,270.4,Scheduled inspection,Inspection,Low,3,1,2,2025-02-20,2025-04-11,0,60,2,Inspection,No,Yes,Completed
TMS001723,AST000715,Rail,C00012,65.3,Rail crack,Rail Defect,Critical,4,4,3,2025-06-29,2025-07-04,0,135,4,Corrective,Yes,Yes,Deferred
TMS001724,AST002050,Turnout,C00096,24.2,Track geometry defect,Track Geometry,Medium,2,2,2,2025-05-07,2025-05-29,33,202,4,Preventive,Yes,Yes,Scheduled
TMS001725,AST000760,Rail,C00025,282.7,Track geometry defect,Track Geometry,Critical,3,4,5,2025-04-04,2025-04-10,82,241,5,Corrective,Yes,Yes,Deferred
TMS001726,AST002019,Switch,C00003,9.8,Rail wear,Rail Defect,Low,3,2,2,2025-06-24,2025-08-04,0,130,4,Preventive,No,Yes,Scheduled
TMS001727,AST002833,Weld,C00011,46.4,Preventive maintenance,Preventive,High,5,2,3,2025-05-14,2025-05-23,39,78,3,Preventive,No,Yes,In Progress
TMS001728,AST001917,Switch,C00085,223.7,Sleeper damage,Sleeper Defect,Low,2,2,2,2025-03-15,2025-04-21,71,143,4,Preventive,No,Yes,Open
TMS001729,AST000696,Bridge,C00070,18.1,Rail crack,Rail Defect,Medium,2,2,3,2025-05-10,2025-06-07,24,235,4,Preventive,Yes,Yes,Open
TMS001730,AST002771,Sleeper,C00065,6.9,Sleeper damage,Sleeper Defect,High,4,3,1,2025-02-13,2025-02-23,128,37,2,Corrective,No,Yes,Open
TMS001731,AST000770,Weld,C00067,130.8,Rail wear,Rail Defect,Low,3,2,2,2025-06-20,2025-08-04,0,175,1,Preventive,No,Yes,Open
TMS001732,AST004488,Ballast,C00026,375.0,Preventive maintenance,Preventive,Low,2,1,1,2025-06-17,2025-07-23,0,99,4,Preventive,No,Yes,Open
TMS001733,AST002359,Track,C00054,11.2,Rail crack,Rail Defect,Low,1,1,1,2025-06-03,2025-07-22,0,234,4,Preventive,Yes,Yes,Open
TMS001734,AST005042,Bridge,C00019,104.5,Alignment defect,Track Geometry,High,4,3,3,2025-05-11,2025-05-25,37,166,3,Corrective,Yes,Yes,Open
TMS001735,AST001316,Track,C00056,15.6,Drainage issue,Drainage,Medium,3,2,2,2025-05-25,2025-06-15,16,126,3,Preventive,Yes,Yes,Open
TMS001736,AST003625,Rail,C00085,77.9,Turnout wear,Turnout/Switch Defect,Low,3,2,1,2025-02-27,2025-04-20,72,311,5,Preventive,Yes,Yes,In Progress
TMS001737,AST002127,Rail,C00090,26.9,Turnout wear,Turnout/Switch Defect,Medium,2,2,2,2025-06-28,2025-07-17,0,247,3,Preventive,No,Yes,Open
TMS001738,AST001874,Bridge,C00006,15.0,Alignment defect,Track Geometry,High,4,4,4,2025-05-15,2025-05-24,38,208,5,Corrective,Yes,No,Open
TMS001739,AST004223,Rail,C00031,85.3,Corrective maintenance,Corrective,Critical,4,5,4,2025-03-18,2025-03-21,102,320,6,Corrective,No,Yes,Open
TMS001740,AST003973,Ballast,C00020,60.3,Ballast deficiency,Ballast Defect,Low,1,1,2,2025-04-02,2025-05-23,0,112,4,Preventive,No,Yes,Completed
TMS001741,AST002334,Crossing,C00024,43.7,Track geometry defect,Track Geometry,Low,2,2,2,2025-03-29,2025-05-01,61,132,3,Preventive,Yes,Yes,Open
TMS001742,AST000346,Crossing,C00048,30.3,Rail wear,Rail Defect,Medium,3,2,1,2025-06-24,2025-07-15,0,213,2,Preventive,No,Yes,Open
TMS001743,AST002548,Crossing,C00063,18.6,Rail wear,Rail Defect,Medium,3,2,2,2025-04-16,2025-05-15,47,140,4,Preventive,No,Yes,Scheduled
TMS001744,AST003986,Weld,C00001,30.4,Sleeper damage,Sleeper Defect,Low,3,2,2,2025-06-17,2025-07-30,0,127,4,Preventive,No,Yes,Scheduled
TMS001745,AST000460,Bridge,C00012,22.7,Scheduled inspection,Inspection,Critical,4,5,3,2025-03-29,2025-04-03,89,62,4,Inspection,No,Yes,Open
TMS001746,AST001040,Weld,C00081,78.8,Rail wear,Rail Defect,Critical,4,5,3,2025-06-28,2025-07-02,0,146,2,Corrective,Yes,Yes,Completed
TMS001747,AST003768,Rail,C00081,73.4,Scheduled inspection,Inspection,Medium,2,2,1,2025-06-26,2025-07-18,0,44,2,Inspection,No,Yes,Open
TMS001748,AST005115,Sleeper,C00015,81.9,Drainage issue,Drainage,Medium,5,3,2,2025-02-18,2025-03-16,107,107,2,Preventive,Yes,Yes,Open
TMS001749,AST002307,Weld,C00045,111.1,Track geometry defect,Track Geometry,High,1,4,3,2025-06-23,2025-07-06,0,253,5,Corrective,Yes,Yes,Open
TMS001750,AST004973,Rail,C00097,2.9,Track geometry defect,Track Geometry,Low,2,2,2,2025-06-20,2025-08-15,0,277,4,Preventive,Yes,Yes,In Progress
TMS001751,AST003616,Rail,C00023,9.5,Preventive maintenance,Preventive,Medium,3,3,1,2025-05-19,2025-06-13,0,50,3,Preventive,No,Yes,Completed
TMS001752,AST002533,Ballast,C00020,40.6,Corrective maintenance,Corrective,Low,4,2,2,2025-06-05,2025-07-07,0,240,5,Corrective,Yes,Yes,Open
TMS001753,AST004962,Bridge,C00073,116.4,Gauge defect,Track Geometry,High,3,3,5,2025-05-06,2025-05-13,49,230,3,Corrective,No,Yes,Open
TMS001754,AST003633,Sleeper,C00018,17.0,Weld defect,Rail Defect,Low,3,1,3,2025-06-11,2025-07-22,0,132,2,Preventive,No,Yes,Completed
TMS001755,AST003210,Weld,C00100,5.7,Ballast deficiency,Ballast Defect,Low,3,2,2,2025-03-10,2025-04-14,78,120,4,Preventive,Yes,Yes,Open
TMS001756,AST003110,Rail,C00070,8.3,Drainage issue,Drainage,Low,3,2,2,2025-05-25,2025-06-23,0,89,2,Preventive,Yes,Yes,Completed
TMS001757,AST001554,Rail,C00092,55.2,Rail crack,Rail Defect,Critical,4,5,4,2025-06-22,2025-06-28,3,190,3,Corrective,Yes,Yes,Scheduled
TMS001758,AST004638,Sleeper,C00025,368.4,Alignment defect,Track Geometry,Low,2,1,2,2025-06-10,2025-07-10,0,190,3,Preventive,Yes,Yes,Completed
TMS001759,AST000462,Track,C00059,141.1,Rail crack,Rail Defect,Medium,1,2,2,2025-06-17,2025-07-12,0,171,5,Preventive,No,Yes,Scheduled
TMS001760,AST002521,Bridge,C00078,81.2,Corrective maintenance,Corrective,Medium,2,3,3,2025-05-28,2025-06-14,17,275,5,Corrective,No,Yes,Open
TMS001761,AST004056,Ballast,C00009,94.4,Weld defect,Rail Defect,High,3,4,2,2025-06-16,2025-06-24,7,162,4,Corrective,Yes,Yes,Open
TMS001762,AST003634,Weld,C00077,15.3,Rail wear,Rail Defect,Medium,3,3,2,2025-06-19,2025-07-10,0,228,3,Preventive,No,Yes,Scheduled
TMS001763,AST004034,Turnout,C00019,94.5,Alignment defect,Track Geometry,Low,3,2,3,2025-06-27,2025-08-03,0,205,4,Preventive,Yes,Yes,Open
TMS001764,AST001646,Crossing,C00065,12.2,Turnout wear,Turnout/Switch Defect,Medium,5,2,1,2025-05-15,2025-06-09,22,219,3,Preventive,No,Yes,In Progress
TMS001765,AST000652,Turnout,C00074,12.1,Gauge defect,Track Geometry,Low,1,3,1,2025-06-06,2025-07-15,0,161,4,Preventive,No,Yes,Open
TMS001766,AST001618,Crossing,C00034,7.4,Scheduled inspection,Inspection,Medium,3,3,3,2025-06-04,2025-06-27,0,34,2,Inspection,Yes,Yes,Completed
TMS001767,AST000781,Rail,C00003,15.8,Sleeper damage,Sleeper Defect,Low,2,2,1,2025-05-06,2025-06-27,4,108,4,Preventive,No,Yes,In Progress
TMS001768,AST001656,Switch,C00027,11.0,Corrective maintenance,Corrective,Critical,3,4,3,2025-05-02,2025-05-05,57,355,4,Corrective,No,Yes,Open
TMS001769,AST001883,Ballast,C00050,12.3,Track geometry defect,Track Geometry,Medium,2,2,2,2025-05-24,2025-06-14,17,245,4,Preventive,No,Yes,Scheduled
TMS001770,AST001749,Switch,C00077,2.9,Rail crack,Rail Defect,High,4,3,2,2025-05-27,2025-06-08,0,102,3,Corrective,Yes,Yes,Completed
TMS001771,AST004421,Crossing,C00043,3.9,Preventive maintenance,Preventive,Medium,2,2,2,2025-06-18,2025-07-13,0,53,2,Preventive,Yes,Yes,Open
TMS001772,AST002728,Turnout,C00075,83.0,Track geometry defect,Track Geometry,Medium,2,1,1,2025-05-24,2025-06-12,19,219,3,Preventive,Yes,Yes,Open
TMS001773,AST003646,Track,C00026,140.7,Corrective maintenance,Corrective,Medium,2,2,3,2025-06-25,2025-07-18,0,197,5,Corrective,No,Yes,Completed
TMS001774,AST002365,Rail,C00061,52.1,Alignment defect,Track Geometry,Low,1,3,1,2025-05-26,2025-07-13,0,82,2,Preventive,Yes,Yes,In Progress
TMS001775,AST002222,Track,C00023,27.8,Track geometry defect,Track Geometry,High,4,4,3,2025-06-29,2025-07-06,0,264,5,Corrective,Yes,Yes,Scheduled
TMS001776,AST000715,Rail,C00012,65.3,Drainage issue,Drainage,Low,1,2,3,2025-06-29,2025-08-13,0,45,2,Preventive,Yes,Yes,Open
TMS001777,AST000122,Turnout,C00040,79.9,Scheduled inspection,Inspection,Medium,2,2,2,2025-02-08,2025-02-23,128,78,3,Inspection,No,No,Open
TMS001778,AST002861,Rail,C00062,12.0,Drainage issue,Drainage,Low,2,1,2,2025-06-18,2025-07-18,0,98,1,Preventive,Yes,Yes,Open
TMS001779,AST000458,Weld,C00080,6.2,Ballast deficiency,Ballast Defect,Critical,4,3,3,2025-06-30,2025-07-04,0,115,3,Corrective,Yes,Yes,Completed
TMS001780,AST003638,Sleeper,C00069,201.1,Track geometry defect,Track Geometry,Low,2,2,2,2025-06-06,2025-07-15,0,287,3,Preventive,Yes,Yes,Deferred
TMS001781,AST001010,Crossing,C00092,31.5,Track geometry defect,Track Geometry,Medium,4,3,1,2025-06-18,2025-07-12,0,216,5,Preventive,Yes,Yes,In Progress
TMS001782,AST004901,Weld,C00030,106.8,Sleeper damage,Sleeper Defect,Low,3,1,2,2025-06-30,2025-08-12,0,63,1,Preventive,No,Yes,Open
TMS001783,AST002922,Bridge,C00089,72.5,Turnout wear,Turnout/Switch Defect,Low,2,1,1,2025-05-30,2025-07-17,0,203,4,Preventive,No,Yes,Scheduled
TMS001784,AST005177,Rail,C00030,55.5,Rail crack,Rail Defect,Low,3,2,1,2025-03-11,2025-04-28,64,212,4,Preventive,Yes,Yes,Scheduled
TMS001785,AST004722,Turnout,C00021,36.9,Scheduled inspection,Inspection,Low,2,1,2,2025-06-12,2025-08-07,0,106,3,Inspection,No,No,Open
TMS001786,AST001265,Weld,C00005,103.6,Track geometry defect,Track Geometry,High,4,3,3,2025-06-11,2025-06-24,0,190,3,Corrective,Yes,No,Completed
TMS001787,AST004381,Weld,C00094,136.9,Alignment defect,Track Geometry,Low,2,2,2,2025-06-02,2025-07-05,0,226,5,Preventive,Yes,No,Open
TMS001788,AST002715,Rail,C00071,2.7,Sleeper damage,Sleeper Defect,Low,2,1,1,2025-06-19,2025-07-28,0,110,3,Preventive,No,Yes,Open
TMS001789,AST004048,Weld,C00045,125.2,Weld defect,Rail Defect,Low,2,3,2,2025-06-30,2025-08-15,0,68,1,Preventive,No,Yes,Open
TMS001790,AST004509,Rail,C00012,96.2,Track geometry defect,Track Geometry,Low,1,2,2,2025-06-29,2025-08-02,0,182,4,Preventive,No,Yes,Completed
TMS001791,AST001946,Ballast,C00059,123.8,Rail crack,Rail Defect,High,3,3,3,2025-06-27,2025-07-06,0,220,4,Corrective,No,Yes,Open
TMS001792,AST003488,Weld,C00068,5.7,Rail wear,Rail Defect,Low,3,2,2,2025-06-07,2025-07-28,0,146,3,Preventive,Yes,No,Open
TMS001793,AST003085,Crossing,C00043,15.9,Gauge defect,Track Geometry,High,3,4,2,2025-05-31,2025-06-10,21,244,2,Corrective,No,Yes,Scheduled
TMS001794,AST004835,Turnout,C00094,19.6,Preventive maintenance,Preventive,Critical,4,5,3,2025-06-28,2025-07-01,0,50,4,Preventive,No,Yes,Completed
TMS001795,AST004921,Turnout,C00047,27.7,Ballast deficiency,Ballast Defect,Medium,2,2,3,2025-03-09,2025-04-04,88,127,3,Preventive,Yes,Yes,Open
TMS001796,AST003660,Switch,C00046,18.7,Rail crack,Rail Defect,Low,4,3,3,2025-06-15,2025-07-29,0,194,3,Preventive,Yes,Yes,Scheduled
TMS001797,AST003800,Ballast,C00006,14.0,Ballast deficiency,Ballast Defect,High,4,4,2,2025-06-12,2025-06-19,0,199,3,Corrective,Yes,Yes,Completed
TMS001798,AST004683,Ballast,C00003,10.5,Rail wear,Rail Defect,Medium,4,1,2,2025-05-15,2025-06-01,30,201,5,Preventive,No,Yes,Open
TMS001799,AST000034,Track,C00082,23.0,Preventive maintenance,Preventive,High,4,4,2,2025-02-10,2025-02-20,131,41,4,Preventive,No,No,Open
TMS001800,AST000764,Bridge,C00025,186.9,Rail wear,Rail Defect,Medium,3,2,2,2025-05-09,2025-05-31,31,185,3,Preventive,No,Yes,Open
TMS001801,AST005232,Switch,C00004,35.4,Corrective maintenance,Corrective,Medium,2,3,3,2025-06-12,2025-06-29,0,270,5,Corrective,No,Yes,Completed
TMS001802,AST000755,Rail,C00070,20.1,Rail wear,Rail Defect,High,4,3,2,2025-05-18,2025-05-29,0,197,3,Corrective,No,Yes,Completed
TMS001803,AST000948,Weld,C00044,49.8,Track geometry defect,Track Geometry,Medium,3,3,2,2025-06-24,2025-07-23,0,234,5,Preventive,Yes,Yes,Open
TMS001804,AST004561,Rail,C00030,41.0,Weld defect,Rail Defect,Medium,3,3,2,2025-06-23,2025-07-16,0,118,3,Preventive,No,No,Open
TMS001805,AST003368,Ballast,C00057,105.9,Rail wear,Rail Defect,Medium,2,3,3,2025-03-17,2025-04-05,0,116,1,Preventive,No,Yes,Completed
TMS001806,AST002012,Weld,C00035,68.9,Rail crack,Rail Defect,Medium,3,3,1,2025-06-17,2025-07-14,0,224,4,Preventive,Yes,Yes,Open
TMS001807,AST003712,Ballast,C00084,99.8,Sleeper damage,Sleeper Defect,Medium,3,2,1,2025-04-13,2025-05-05,57,64,2,Preventive,No,Yes,Open
TMS001808,AST005134,Weld,C00024,90.8,Preventive maintenance,Preventive,Low,2,2,2,2025-05-30,2025-07-03,0,66,2,Preventive,Yes,Yes,In Progress
TMS001809,AST004723,Weld,C00067,26.9,Scheduled inspection,Inspection,Low,2,1,1,2025-06-13,2025-07-19,0,83,2,Inspection,No,No,Scheduled
TMS001810,AST004741,Rail,C00005,78.6,Drainage issue,Drainage,Low,3,1,1,2025-06-24,2025-08-14,0,131,3,Preventive,Yes,Yes,Completed
TMS001811,AST005016,Track,C00029,97.3,Preventive maintenance,Preventive,High,4,3,2,2025-06-23,2025-07-05,0,84,4,Preventive,No,Yes,In Progress
TMS001812,AST004816,Sleeper,C00045,27.8,Rail wear,Rail Defect,Medium,3,2,1,2025-06-09,2025-06-29,2,204,1,Preventive,Yes,Yes,Scheduled
TMS001813,AST005168,Ballast,C00081,7.4,Rail crack,Rail Defect,Low,2,2,1,2025-06-25,2025-08-12,0,149,5,Preventive,No,Yes,Open
TMS001814,AST003980,Switch,C00045,160.3,Alignment defect,Track Geometry,Low,1,2,2,2025-06-21,2025-08-17,0,181,5,Preventive,Yes,Yes,Scheduled
TMS001815,AST003751,Track,C00085,40.4,Alignment defect,Track Geometry,Medium,1,3,3,2025-05-03,2025-06-01,30,230,2,Preventive,Yes,Yes,Open
TMS001816,AST004909,Turnout,C00024,60.1,Track geometry defect,Track Geometry,High,4,4,2,2025-06-26,2025-07-06,0,249,4,Corrective,Yes,Yes,Open
TMS001817,AST001748,Turnout,C00058,18.8,Rail wear,Rail Defect,High,3,4,2,2025-05-17,2025-05-29,33,212,4,Corrective,No,Yes,In Progress
TMS001818,AST003961,Weld,C00037,27.5,Sleeper damage,Sleeper Defect,Medium,2,3,1,2025-03-29,2025-04-21,0,137,4,Preventive,No,Yes,Completed
TMS001819,AST003447,Ballast,C00095,74.8,Rail wear,Rail Defect,High,5,5,3,2025-05-24,2025-06-08,23,148,4,Corrective,No,Yes,Scheduled
TMS001820,AST002366,Turnout,C00041,0.3,Corrective maintenance,Corrective,Low,1,1,2,2025-05-07,2025-06-11,20,204,2,Corrective,No,Yes,Open
TMS001821,AST005180,Track,C00046,21.3,Drainage issue,Drainage,Medium,3,3,2,2025-06-21,2025-07-16,0,137,3,Preventive,Yes,Yes,Completed
TMS001822,AST002297,Sleeper,C00066,5.2,Drainage issue,Drainage,Critical,3,4,3,2025-06-07,2025-06-10,21,139,4,Corrective,No,Yes,Open
TMS001823,AST001969,Switch,C00013,8.6,Corrective maintenance,Corrective,Low,2,1,2,2025-06-07,2025-07-17,0,262,4,Corrective,No,Yes,Open
TMS001824,AST005168,Ballast,C00081,7.4,Alignment defect,Track Geometry,Medium,3,3,2,2025-06-26,2025-07-17,0,186,3,Preventive,No,Yes,Open
TMS001825,AST004861,Rail,C00057,129.6,Rail crack,Rail Defect,High,3,4,3,2025-06-20,2025-07-03,0,187,4,Corrective,No,Yes,Open
TMS001826,AST002519,Bridge,C00065,36.9,Alignment defect,Track Geometry,Low,2,2,1,2025-06-08,2025-07-30,0,101,4,Preventive,Yes,Yes,Completed
TMS001827,AST004821,Bridge,C00027,93.5,Preventive maintenance,Preventive,Critical,3,3,3,2025-03-24,2025-03-27,96,113,3,Preventive,No,Yes,Open
TMS001828,AST001069,Turnout,C00007,62.4,Scheduled inspection,Inspection,High,3,4,2,2025-04-22,2025-05-04,0,81,2,Inspection,No,No,Completed
TMS001829,AST000863,Switch,C00020,13.1,Ballast deficiency,Ballast Defect,Medium,3,2,1,2025-06-30,2025-07-19,0,114,2,Preventive,Yes,Yes,Completed
TMS001830,AST000645,Sleeper,C00092,72.6,Gauge defect,Track Geometry,Critical,5,4,4,2025-06-13,2025-06-17,14,277,5,Corrective,No,Yes,Open
TMS001831,AST005111,Turnout,C00073,104.3,Alignment defect,Track Geometry,Medium,3,2,3,2025-05-07,2025-05-26,36,153,3,Preventive,Yes,Yes,Open
TMS001832,AST000583,Switch,C00090,12.9,Turnout wear,Turnout/Switch Defect,High,4,4,4,2025-05-05,2025-05-15,47,251,4,Corrective,No,Yes,Open
TMS001833,AST001516,Track,C00013,89.2,Alignment defect,Track Geometry,Low,2,1,2,2025-03-02,2025-04-26,66,154,4,Preventive,Yes,Yes,Open
TMS001834,AST003108,Turnout,C00016,43.2,Drainage issue,Drainage,Medium,4,3,2,2025-05-31,2025-06-22,0,125,3,Preventive,No,Yes,Completed
TMS001835,AST004140,Sleeper,C00058,48.8,Drainage issue,Drainage,Medium,3,2,1,2025-02-24,2025-03-21,0,108,3,Preventive,No,Yes,Completed
TMS001836,AST000104,Ballast,C00078,11.0,Turnout wear,Turnout/Switch Defect,Medium,3,3,2,2025-05-16,2025-06-11,20,251,3,Preventive,No,Yes,Open
TMS001837,AST003928,Switch,C00047,28.3,Weld defect,Rail Defect,High,3,4,2,2025-06-03,2025-06-17,14,129,3,Corrective,No,Yes,Open
TMS001838,AST000167,Sleeper,C00034,5.3,Gauge defect,Track Geometry,Low,2,2,3,2025-05-04,2025-06-09,22,254,4,Preventive,No,No,Open
TMS001839,AST004154,Rail,C00059,124.7,Gauge defect,Track Geometry,High,3,3,2,2025-06-08,2025-06-21,10,129,5,Corrective,No,Yes,Open
TMS001840,AST001105,Ballast,C00037,68.7,Turnout wear,Turnout/Switch Defect,Critical,5,4,3,2025-06-11,2025-06-16,15,325,3,Corrective,No,Yes,Open
TMS001841,AST002245,Turnout,C00043,4.8,Alignment defect,Track Geometry,Low,2,3,1,2025-06-16,2025-07-29,0,153,4,Preventive,Yes,No,Open
TMS001842,AST003376,Track,C00063,154.4,Rail wear,Rail Defect,Medium,3,2,2,2025-04-05,2025-04-23,69,205,4,Preventive,No,Yes,Open
TMS001843,AST005229,Bridge,C00028,108.3,Weld defect,Rail Defect,Low,2,2,2,2025-03-15,2025-04-22,70,172,2,Preventive,No,Yes,Open
TMS001844,AST003191,Turnout,C00016,23.7,Alignment defect,Track Geometry,Medium,3,2,1,2025-06-27,2025-07-16,0,237,4,Preventive,No,Yes,In Progress
TMS001845,AST001535,Track,C00008,129.3,Corrective maintenance,Corrective,High,2,3,2,2025-06-12,2025-06-20,11,312,5,Corrective,No,Yes,In Progress
TMS001846,AST001727,Switch,C00096,114.2,Sleeper damage,Sleeper Defect,Medium,3,3,2,2025-02-08,2025-03-05,118,166,5,Preventive,No,Yes,In Progress
TMS001847,AST004912,Turnout,C00038,88.8,Scheduled inspection,Inspection,Low,2,2,1,2025-04-13,2025-05-22,40,65,3,Inspection,No,No,In Progress
TMS001848,AST003869,Crossing,C00008,66.1,Drainage issue,Drainage,Medium,1,3,1,2025-04-14,2025-05-09,53,122,5,Preventive,No,Yes,Open
TMS001849,AST000181,Sleeper,C00078,19.9,Rail wear,Rail Defect,High,3,4,3,2025-02-14,2025-02-26,125,198,4,Corrective,Yes,No,In Progress
TMS001850,AST003566,Track,C00062,18.6,Rail wear,Rail Defect,Medium,2,3,3,2025-06-02,2025-06-27,0,193,4,Preventive,No,Yes,Completed
TMS001851,AST004544,Ballast,C00028,70.7,Track geometry defect,Track Geometry,Low,2,1,2,2025-06-30,2025-08-09,0,250,3,Preventive,Yes,Yes,Open
TMS001852,AST000391,Crossing,C00010,5.2,Rail wear,Rail Defect,High,2,4,2,2025-06-11,2025-06-24,0,123,1,Corrective,Yes,Yes,Completed
TMS001853,AST001052,Weld,C00092,25.8,Preventive maintenance,Preventive,Critical,5,4,3,2025-02-19,2025-02-23,128,133,3,Preventive,No,Yes,Deferred
TMS001854,AST000524,Bridge,C00091,100.8,Weld defect,Rail Defect,High,4,4,1,2025-06-16,2025-06-26,5,121,1,Corrective,No,Yes,Open
TMS001855,AST003109,Crossing,C00014,10.1,Ballast deficiency,Ballast Defect,Critical,5,4,4,2025-04-07,2025-04-10,82,110,3,Corrective,Yes,Yes,Scheduled
TMS001856,AST002648,Crossing,C00090,7.7,Rail wear,Rail Defect,Critical,4,4,4,2025-06-28,2025-07-01,0,176,5,Corrective,No,Yes,In Progress
TMS001857,AST003233,Bridge,C00028,52.9,Drainage issue,Drainage,High,1,4,3,2025-02-22,2025-03-04,119,123,4,Corrective,Yes,No,Open
TMS001858,AST005042,Bridge,C00019,104.5,Corrective maintenance,Corrective,Medium,2,2,2,2025-06-06,2025-06-27,4,249,4,Corrective,No,No,In Progress
TMS001859,AST000077,Bridge,C00068,72.8,Corrective maintenance,Corrective,Medium,4,2,3,2025-06-20,2025-07-08,0,300,3,Corrective,No,Yes,Deferred
TMS001860,AST005252,Crossing,C00089,78.3,Alignment defect,Track Geometry,Critical,3,4,3,2025-06-24,2025-06-28,3,221,5,Corrective,No,Yes,Open
TMS001861,AST001732,Weld,C00049,8.3,Corrective maintenance,Corrective,High,5,4,2,2025-06-27,2025-07-05,0,162,4,Corrective,No,Yes,Open
TMS001862,AST003570,Ballast,C00011,105.1,Sleeper damage,Sleeper Defect,Low,2,1,1,2025-06-18,2025-08-10,0,77,2,Preventive,No,Yes,Open
TMS001863,AST004638,Sleeper,C00025,368.4,Weld defect,Rail Defect,High,3,3,3,2025-02-22,2025-03-06,117,132,5,Corrective,No,Yes,In Progress
TMS001864,AST004682,Weld,C00097,20.0,Alignment defect,Track Geometry,High,3,4,2,2025-06-20,2025-07-01,0,217,3,Corrective,Yes,Yes,In Progress
TMS001865,AST000512,Rail,C00060,44.9,Alignment defect,Track Geometry,Low,2,3,2,2025-05-02,2025-06-19,12,159,4,Preventive,Yes,Yes,Open
TMS001866,AST001856,Crossing,C00047,28.3,Rail crack,Rail Defect,Critical,4,4,3,2025-05-06,2025-05-09,53,157,3,Corrective,Yes,Yes,Open
TMS001867,AST000582,Switch,C00010,24.4,Sleeper damage,Sleeper Defect,Low,2,1,1,2025-05-09,2025-06-24,7,90,4,Preventive,No,Yes,In Progress
TMS001868,AST002590,Ballast,C00056,33.8,Rail wear,Rail Defect,High,3,4,2,2025-06-18,2025-07-02,0,170,4,Corrective,No,Yes,Scheduled
TMS001869,AST004168,Bridge,C00080,28.2,Drainage issue,Drainage,High,5,3,3,2025-06-14,2025-06-22,9,64,2,Corrective,No,Yes,Open
TMS001870,AST004687,Bridge,C00036,46.6,Alignment defect,Track Geometry,High,4,3,2,2025-06-04,2025-06-15,16,111,4,Corrective,Yes,Yes,Open
TMS001871,AST003299,Switch,C00083,98.4,Ballast deficiency,Ballast Defect,Critical,2,4,3,2025-04-20,2025-04-22,70,142,4,Corrective,No,Yes,Open
TMS001872,AST004164,Rail,C00049,108.1,Preventive maintenance,Preventive,Medium,3,2,1,2025-04-06,2025-04-21,71,86,4,Preventive,No,Yes,In Progress
TMS001873,AST004648,Bridge,C00088,68.0,Rail wear,Rail Defect,Medium,4,3,3,2025-05-12,2025-06-02,29,145,4,Preventive,No,Yes,Open
TMS001874,AST000566,Switch,C00055,45.6,Sleeper damage,Sleeper Defect,Medium,1,2,1,2025-06-15,2025-07-05,0,169,3,Preventive,Yes,Yes,Open
TMS001875,AST003128,Crossing,C00089,23.8,Preventive maintenance,Preventive,High,4,3,4,2025-06-19,2025-06-28,3,104,1,Preventive,No,Yes,Open
TMS001876,AST001760,Weld,C00062,24.3,Track geometry defect,Track Geometry,Low,3,3,2,2025-06-18,2025-08-02,0,208,2,Preventive,Yes,Yes,Open
TMS001877,AST004507,Switch,C00070,30.1,Ballast deficiency,Ballast Defect,Low,2,2,2,2025-03-17,2025-05-07,0,175,5,Preventive,Yes,Yes,Completed
TMS001878,AST004734,Ballast,C00100,2.4,Rail crack,Rail Defect,High,3,4,3,2025-05-18,2025-05-28,34,171,4,Corrective,Yes,Yes,Scheduled
TMS001879,AST002226,Crossing,C00031,33.1,Preventive maintenance,Preventive,Low,2,2,2,2025-06-26,2025-08-16,0,40,4,Preventive,No,Yes,In Progress
TMS001880,AST003709,Bridge,C00090,37.9,Turnout wear,Turnout/Switch Defect,Medium,3,3,3,2025-06-15,2025-07-09,0,292,4,Preventive,No,Yes,In Progress
TMS001881,AST004312,Ballast,C00038,38.6,Scheduled inspection,Inspection,Low,4,2,2,2025-06-13,2025-07-16,0,40,1,Inspection,No,No,Completed
TMS001882,AST001996,Turnout,C00079,24.1,Turnout wear,Turnout/Switch Defect,High,5,4,2,2025-06-07,2025-06-17,14,225,6,Corrective,No,Yes,Open
TMS001883,AST001173,Switch,C00061,12.4,Sleeper damage,Sleeper Defect,Low,2,2,1,2025-06-26,2025-08-15,0,106,2,Preventive,No,Yes,Completed
TMS001884,AST004075,Rail,C00056,0.2,Track geometry defect,Track Geometry,Low,1,2,1,2025-03-02,2025-04-24,68,156,4,Preventive,No,Yes,In Progress
TMS001885,AST003364,Switch,C00020,45.3,Gauge defect,Track Geometry,High,4,3,2,2025-06-12,2025-06-22,9,144,2,Corrective,No,Yes,In Progress
TMS001886,AST002669,Rail,C00047,54.1,Weld defect,Rail Defect,Low,3,3,1,2025-02-24,2025-04-21,71,175,3,Preventive,No,Yes,Open
TMS001887,AST001877,Track,C00065,23.5,Gauge defect,Track Geometry,Medium,1,3,1,2025-05-14,2025-06-07,24,134,5,Preventive,No,Yes,Scheduled
TMS001888,AST001527,Sleeper,C00085,114.7,Corrective maintenance,Corrective,Medium,4,3,2,2025-06-01,2025-06-25,0,226,4,Corrective,No,Yes,Completed
TMS001889,AST002817,Weld,C00094,22.9,Gauge defect,Track Geometry,Critical,3,5,3,2025-02-08,2025-02-15,136,200,5,Corrective,No,Yes,Scheduled
TMS001890,AST003408,Ballast,C00069,16.5,Corrective maintenance,Corrective,Medium,4,2,2,2025-06-29,2025-07-17,0,241,4,Corrective,No,Yes,Open
TMS001891,AST001123,Crossing,C00029,74.3,Preventive maintenance,Preventive,Medium,2,3,3,2025-04-21,2025-05-17,45,116,3,Preventive,No,Yes,Open
TMS001892,AST004517,Track,C00051,21.1,Alignment defect,Track Geometry,Low,2,3,2,2025-05-10,2025-06-13,18,164,3,Preventive,Yes,Yes,In Progress
TMS001893,AST004154,Rail,C00059,124.7,Rail wear,Rail Defect,Low,2,2,1,2025-06-24,2025-07-28,0,140,3,Preventive,No,Yes,Open
TMS001894,AST000625,Crossing,C00020,36.9,Weld defect,Rail Defect,Medium,2,2,1,2025-06-28,2025-07-24,0,109,3,Preventive,Yes,Yes,Open
TMS001895,AST001454,Crossing,C00071,9.0,Corrective maintenance,Corrective,High,4,4,2,2025-05-17,2025-05-26,36,238,4,Corrective,No,Yes,Deferred
TMS001896,AST000982,Switch,C00043,17.9,Weld defect,Rail Defect,Medium,4,2,2,2025-05-17,2025-06-14,17,101,3,Preventive,Yes,Yes,Scheduled
TMS001897,AST003383,Sleeper,C00077,3.6,Gauge defect,Track Geometry,Medium,1,3,3,2025-06-18,2025-07-12,0,141,1,Preventive,No,Yes,In Progress
TMS001898,AST002610,Track,C00014,69.4,Rail wear,Rail Defect,Critical,4,5,3,2025-05-03,2025-05-07,55,270,3,Corrective,Yes,No,Open
TMS001899,AST002374,Rail,C00089,90.9,Corrective maintenance,Corrective,Low,2,1,1,2025-06-08,2025-07-15,0,248,5,Corrective,No,Yes,Completed
TMS001900,AST001541,Bridge,C00002,6.2,Scheduled inspection,Inspection,Critical,3,4,3,2025-02-28,2025-03-04,119,135,2,Inspection,No,Yes,Open
TMS001901,AST003642,Bridge,C00051,47.6,Track geometry defect,Track Geometry,High,2,4,2,2025-05-17,2025-05-27,35,247,4,Corrective,Yes,Yes,Open
TMS001902,AST002441,Bridge,C00030,94.6,Corrective maintenance,Corrective,Low,3,2,1,2025-06-22,2025-07-24,0,227,5,Corrective,No,Yes,Completed
TMS001903,AST003268,Crossing,C00040,34.4,Drainage issue,Drainage,High,3,4,4,2025-05-11,2025-05-20,42,85,4,Corrective,Yes,Yes,In Progress
TMS001904,AST000027,Switch,C00020,38.9,Drainage issue,Drainage,High,2,2,1,2025-06-15,2025-06-28,3,119,1,Corrective,Yes,Yes,Scheduled
TMS001905,AST003537,Switch,C00068,27.7,Scheduled inspection,Inspection,High,5,3,3,2025-03-05,2025-03-11,112,90,1,Inspection,No,No,Open
TMS001906,AST003941,Ballast,C00001,246.5,Preventive maintenance,Preventive,Medium,3,2,2,2025-03-04,2025-03-27,96,86,2,Preventive,Yes,Yes,Scheduled
TMS001907,AST001444,Turnout,C00046,22.6,Rail crack,Rail Defect,Low,4,2,2,2025-06-24,2025-08-10,0,216,4,Preventive,No,Yes,Open
TMS001908,AST004534,Crossing,C00086,237.3,Drainage issue,Drainage,Medium,2,3,2,2025-06-11,2025-07-05,0,109,3,Preventive,Yes,Yes,Open
TMS001909,AST000745,Switch,C00031,17.5,Track geometry defect,Track Geometry,Medium,4,1,3,2025-05-09,2025-05-30,32,184,5,Preventive,Yes,Yes,Deferred
TMS001910,AST002570,Ballast,C00049,111.0,Turnout wear,Turnout/Switch Defect,Medium,3,2,2,2025-02-04,2025-02-21,130,313,5,Preventive,Yes,Yes,Scheduled
TMS001911,AST004675,Crossing,C00068,65.5,Alignment defect,Track Geometry,High,4,4,2,2025-06-01,2025-06-16,15,222,4,Corrective,Yes,Yes,Open
TMS001912,AST001424,Ballast,C00027,65.4,Gauge defect,Track Geometry,Medium,4,3,1,2025-02-21,2025-03-18,105,99,2,Preventive,No,Yes,Open
TMS001913,AST003341,Weld,C00057,118.4,Turnout wear,Turnout/Switch Defect,High,2,4,1,2025-06-16,2025-06-24,7,273,3,Corrective,No,Yes,Open
TMS001914,AST004298,Crossing,C00037,34.2,Ballast deficiency,Ballast Defect,High,4,3,1,2025-06-24,2025-07-03,0,161,5,Corrective,Yes,Yes,Completed
TMS001915,AST000231,Sleeper,C00025,254.1,Rail wear,Rail Defect,Low,3,1,2,2025-06-27,2025-08-23,0,107,3,Preventive,No,Yes,Deferred
TMS001916,AST003713,Weld,C00036,24.0,Drainage issue,Drainage,Low,3,1,1,2025-06-19,2025-08-04,0,91,3,Preventive,Yes,Yes,Open
TMS001917,AST004689,Switch,C00050,44.1,Gauge defect,Track Geometry,Critical,4,4,3,2025-06-01,2025-06-05,0,238,3,Corrective,No,Yes,Completed
TMS001918,AST000364,Track,C00084,1.3,Weld defect,Rail Defect,Medium,4,2,2,2025-02-26,2025-03-18,0,115,3,Preventive,No,Yes,Completed
TMS001919,AST000972,Rail,C00017,1.7,Rail crack,Rail Defect,Critical,5,4,3,2025-03-15,2025-03-20,103,260,4,Corrective,Yes,Yes,Open
TMS001920,AST001816,Rail,C00018,67.3,Ballast deficiency,Ballast Defect,Medium,3,2,1,2025-06-15,2025-07-05,0,95,4,Preventive,Yes,Yes,Open
TMS001921,AST004346,Rail,C00053,55.3,Turnout wear,Turnout/Switch Defect,Low,2,2,2,2025-06-26,2025-08-02,0,211,3,Preventive,Yes,Yes,Completed
TMS001922,AST003171,Bridge,C00073,10.6,Rail crack,Rail Defect,Low,2,2,1,2025-05-16,2025-06-29,2,157,3,Preventive,Yes,Yes,Deferred
TMS001923,AST002844,Rail,C00082,112.7,Ballast deficiency,Ballast Defect,Medium,4,3,3,2025-06-24,2025-07-22,0,192,1,Preventive,Yes,Yes,In Progress
TMS001924,AST002800,Ballast,C00089,30.8,Scheduled inspection,Inspection,Medium,3,2,2,2025-06-10,2025-07-01,0,57,4,Inspection,No,No,Open
TMS001925,AST003189,Crossing,C00087,108.4,Weld defect,Rail Defect,Low,2,3,1,2025-04-28,2025-06-21,10,96,4,Preventive,No,Yes,Open
TMS001926,AST003623,Turnout,C00045,88.0,Corrective maintenance,Corrective,Low,2,2,1,2025-03-24,2025-04-27,65,242,2,Corrective,No,Yes,Open
TMS001927,AST002471,Track,C00076,44.3,Alignment defect,Track Geometry,Low,3,2,2,2025-06-30,2025-08-01,0,124,1,Preventive,No,Yes,Open
TMS001928,AST004716,Ballast,C00086,127.5,Preventive maintenance,Preventive,Medium,1,2,3,2025-06-03,2025-06-21,10,72,3,Preventive,No,Yes,Scheduled
TMS001929,AST002455,Weld,C00081,9.6,Corrective maintenance,Corrective,Medium,1,4,2,2025-02-25,2025-03-16,0,209,3,Corrective,No,Yes,Completed
TMS001930,AST000633,Weld,C00063,11.0,Scheduled inspection,Inspection,Low,2,2,2,2025-02-16,2025-04-03,89,63,4,Inspection,No,Yes,Open
TMS001931,AST004559,Bridge,C00045,6.8,Turnout wear,Turnout/Switch Defect,Low,3,1,2,2025-04-08,2025-05-24,0,175,5,Preventive,No,Yes,Completed
TMS001932,AST004547,Switch,C00099,2.0,Sleeper damage,Sleeper Defect,Low,2,2,1,2025-06-30,2025-08-15,0,87,3,Preventive,Yes,Yes,Deferred
TMS001933,AST002466,Turnout,C00077,9.1,Turnout wear,Turnout/Switch Defect,Low,3,2,1,2025-06-28,2025-08-22,0,166,5,Preventive,No,Yes,Open
TMS001934,AST003107,Turnout,C00092,63.2,Rail wear,Rail Defect,Medium,3,2,1,2025-06-09,2025-06-26,5,117,4,Preventive,No,Yes,Scheduled
TMS001935,AST002082,Rail,C00038,115.4,Rail wear,Rail Defect,Low,2,2,2,2025-03-03,2025-04-20,72,135,5,Preventive,No,Yes,Open
TMS001936,AST002235,Ballast,C00095,14.7,Track geometry defect,Track Geometry,Low,3,2,1,2025-03-04,2025-04-16,76,241,4,Preventive,Yes,Yes,Open
TMS001937,AST004944,Turnout,C00039,29.8,Rail crack,Rail Defect,Low,1,2,1,2025-02-02,2025-03-20,0,202,3,Preventive,Yes,Yes,Completed
TMS001938,AST003570,Ballast,C00011,105.1,Track geometry defect,Track Geometry,Low,3,2,1,2025-06-14,2025-07-23,0,246,3,Preventive,No,Yes,Completed
TMS001939,AST001990,Weld,C00040,37.9,Gauge defect,Track Geometry,High,3,3,4,2025-06-21,2025-06-29,0,191,2,Corrective,No,Yes,Completed
TMS001940,AST001949,Bridge,C00025,47.9,Weld defect,Rail Defect,Low,1,2,1,2025-06-01,2025-07-17,0,137,5,Preventive,No,Yes,In Progress
TMS001941,AST002541,Crossing,C00022,201.6,Drainage issue,Drainage,Low,2,3,1,2025-02-14,2025-03-24,0,67,2,Preventive,Yes,Yes,Completed
TMS001942,AST001906,Crossing,C00043,16.3,Corrective maintenance,Corrective,Low,2,1,1,2025-06-21,2025-07-29,0,241,3,Corrective,No,Yes,Open
TMS001943,AST000389,Track,C00077,54.8,Scheduled inspection,Inspection,Medium,3,3,1,2025-03-12,2025-03-31,0,52,2,Inspection,No,Yes,Completed
TMS001944,AST001176,Rail,C00069,16.5,Scheduled inspection,Inspection,High,4,2,3,2025-06-23,2025-07-03,0,69,3,Inspection,No,Yes,Open
TMS001945,AST004124,Switch,C00013,87.5,Gauge defect,Track Geometry,Low,1,2,1,2025-06-24,2025-08-20,0,111,2,Preventive,No,Yes,Scheduled
TMS001946,AST000864,Bridge,C00025,368.0,Drainage issue,Drainage,Low,2,2,1,2025-05-03,2025-06-14,17,99,3,Preventive,Yes,Yes,In Progress
TMS001947,AST001099,Sleeper,C00086,72.6,Track geometry defect,Track Geometry,Low,2,2,1,2025-06-18,2025-08-04,0,185,5,Preventive,Yes,No,Completed
TMS001948,AST003868,Rail,C00017,1.3,Alignment defect,Track Geometry,Medium,2,2,1,2025-05-04,2025-05-21,41,213,2,Preventive,Yes,Yes,Open
TMS001949,AST001010,Crossing,C00092,31.5,Drainage issue,Drainage,Low,4,3,2,2025-06-20,2025-07-26,0,68,1,Preventive,Yes,Yes,Open
TMS001950,AST001581,Rail,C00026,93.1,Rail wear,Rail Defect,Medium,3,2,1,2025-03-30,2025-04-24,68,122,3,Preventive,No,Yes,Scheduled
TMS001951,AST001562,Track,C00017,4.6,Alignment defect,Track Geometry,High,3,4,3,2025-05-14,2025-05-22,40,180,2,Corrective,Yes,Yes,Open
TMS001952,AST002626,Sleeper,C00076,53.9,Sleeper damage,Sleeper Defect,Low,1,1,2,2025-05-10,2025-06-18,13,99,2,Preventive,No,Yes,Scheduled
TMS001953,AST000808,Ballast,C00011,29.9,Sleeper damage,Sleeper Defect,Low,2,2,1,2025-02-19,2025-03-29,94,89,3,Preventive,No,Yes,Open
TMS001954,AST003447,Ballast,C00095,74.8,Turnout wear,Turnout/Switch Defect,Low,3,3,2,2025-06-19,2025-07-30,0,171,4,Preventive,No,Yes,In Progress
TMS001955,AST000437,Turnout,C00006,7.0,Rail wear,Rail Defect,Medium,2,2,2,2025-02-11,2025-03-02,121,128,2,Preventive,No,Yes,Open
TMS001956,AST001300,Ballast,C00073,65.8,Drainage issue,Drainage,Low,2,2,1,2025-06-20,2025-08-04,0,110,1,Preventive,Yes,No,Open
TMS001957,AST000343,Crossing,C00042,38.2,Preventive maintenance,Preventive,Low,2,2,2,2025-06-03,2025-07-10,0,73,1,Preventive,Yes,Yes,In Progress
TMS001958,AST003323,Track,C00023,36.4,Gauge defect,Track Geometry,Low,3,2,1,2025-05-08,2025-06-10,21,164,3,Preventive,No,Yes,Scheduled
TMS001959,AST005176,Rail,C00075,47.0,Track geometry defect,Track Geometry,Low,2,1,1,2025-04-03,2025-05-26,36,146,2,Preventive,Yes,Yes,In Progress
TMS001960,AST001983,Weld,C00072,57.0,Track geometry defect,Track Geometry,Low,2,2,1,2025-04-08,2025-05-22,40,227,3,Preventive,Yes,Yes,Scheduled
TMS001961,AST001432,Switch,C00034,30.6,Alignment defect,Track Geometry,Low,2,2,2,2025-04-15,2025-06-12,19,198,5,Preventive,Yes,Yes,Scheduled
TMS001962,AST003230,Track,C00041,19.0,Rail wear,Rail Defect,Critical,4,5,4,2025-06-21,2025-06-26,0,112,3,Corrective,Yes,Yes,Completed
TMS001963,AST003614,Track,C00033,54.7,Turnout wear,Turnout/Switch Defect,Low,2,3,1,2025-05-13,2025-06-26,5,241,5,Preventive,No,Yes,Scheduled
TMS001964,AST001452,Sleeper,C00052,161.1,Corrective maintenance,Corrective,Low,2,1,2,2025-06-23,2025-08-04,0,179,3,Corrective,No,Yes,Open
TMS001965,AST002879,Crossing,C00082,23.9,Scheduled inspection,Inspection,Medium,3,2,1,2025-03-04,2025-03-20,103,112,3,Inspection,Yes,Yes,Open
TMS001966,AST001249,Switch,C00027,8.5,Track geometry defect,Track Geometry,Medium,3,3,2,2025-02-17,2025-03-14,109,192,4,Preventive,Yes,Yes,In Progress
TMS001967,AST000023,Rail,C00089,37.1,Rail wear,Rail Defect,Medium,1,2,3,2025-06-11,2025-07-03,0,226,3,Preventive,Yes,Yes,Completed
TMS001968,AST000508,Sleeper,C00041,3.5,Sleeper damage,Sleeper Defect,Medium,2,3,3,2025-05-17,2025-06-06,25,126,4,Preventive,No,Yes,Deferred
TMS001969,AST000430,Bridge,C00020,66.4,Sleeper damage,Sleeper Defect,Low,1,3,2,2025-02-23,2025-04-09,83,119,2,Preventive,No,Yes,Deferred
TMS001970,AST004952,Track,C00003,88.3,Weld defect,Rail Defect,Critical,4,4,2,2025-05-04,2025-05-08,54,218,5,Corrective,No,No,Open
TMS001971,AST003444,Rail,C00088,99.0,Rail crack,Rail Defect,Critical,5,4,3,2025-05-20,2025-05-24,38,294,4,Corrective,Yes,No,Deferred
TMS001972,AST001615,Bridge,C00090,49.5,Scheduled inspection,Inspection,High,2,4,3,2025-06-13,2025-06-24,7,100,2,Inspection,No,Yes,Open
TMS001973,AST002399,Ballast,C00073,8.3,Turnout wear,Turnout/Switch Defect,High,3,4,3,2025-06-26,2025-07-07,0,253,4,Corrective,No,Yes,Open
TMS001974,AST000241,Weld,C00023,21.2,Preventive maintenance,Preventive,Low,3,1,2,2025-03-18,2025-04-22,0,41,2,Preventive,Yes,Yes,Completed
TMS001975,AST003045,Bridge,C00035,70.4,Drainage issue,Drainage,Low,2,2,1,2025-02-23,2025-04-13,79,147,1,Preventive,No,Yes,Open
TMS001976,AST003799,Ballast,C00080,63.0,Sleeper damage,Sleeper Defect,High,2,5,3,2025-06-27,2025-07-07,0,80,4,Corrective,No,Yes,Scheduled
TMS001977,AST004455,Ballast,C00096,77.7,Scheduled inspection,Inspection,Medium,1,2,2,2025-04-27,2025-05-22,40,67,2,Inspection,No,Yes,Open
TMS001978,AST002306,Turnout,C00078,137.3,Drainage issue,Drainage,Low,5,1,1,2025-05-07,2025-06-24,7,64,4,Preventive,Yes,Yes,In Progress
TMS001979,AST000679,Switch,C00094,135.0,Drainage issue,Drainage,Medium,5,2,2,2025-06-18,2025-07-10,0,42,3,Preventive,Yes,Yes,Deferred
TMS001980,AST002152,Turnout,C00099,0.1,Scheduled inspection,Inspection,Low,2,2,2,2025-06-23,2025-08-13,0,83,4,Inspection,No,Yes,Scheduled
TMS001981,AST004778,Turnout,C00014,66.5,Drainage issue,Drainage,Low,4,1,1,2025-05-02,2025-06-17,14,162,3,Preventive,Yes,Yes,Open
TMS001982,AST005259,Turnout,C00033,96.9,Rail crack,Rail Defect,High,3,4,3,2025-06-13,2025-06-23,8,201,3,Corrective,Yes,Yes,Scheduled
TMS001983,AST003873,Crossing,C00039,11.2,Weld defect,Rail Defect,Medium,3,2,1,2025-03-27,2025-04-20,72,138,2,Preventive,No,Yes,Open
TMS001984,AST001808,Track,C00073,44.0,Corrective maintenance,Corrective,Low,3,1,1,2025-06-27,2025-08-10,0,234,2,Corrective,No,Yes,Completed
TMS001985,AST004048,Weld,C00045,125.2,Turnout wear,Turnout/Switch Defect,Medium,3,3,2,2025-05-29,2025-06-20,11,239,3,Preventive,No,Yes,Open
TMS001986,AST003269,Track,C00085,118.2,Rail crack,Rail Defect,Low,3,2,1,2025-05-09,2025-06-09,22,131,3,Preventive,Yes,Yes,Open
TMS001987,AST002090,Sleeper,C00063,106.7,Sleeper damage,Sleeper Defect,Medium,2,2,1,2025-05-21,2025-06-12,19,100,4,Preventive,No,Yes,Scheduled
TMS001988,AST000146,Rail,C00058,17.8,Ballast deficiency,Ballast Defect,Medium,3,2,2,2025-06-24,2025-07-20,0,85,4,Preventive,No,No,Scheduled
TMS001989,AST004108,Crossing,C00037,42.8,Sleeper damage,Sleeper Defect,Medium,3,2,2,2025-05-03,2025-05-21,41,54,2,Preventive,No,Yes,Scheduled
TMS001990,AST005166,Sleeper,C00068,13.8,Preventive maintenance,Preventive,Low,3,2,2,2025-06-22,2025-08-06,0,148,5,Preventive,No,Yes,Completed
TMS001991,AST002095,Crossing,C00045,13.3,Track geometry defect,Track Geometry,High,5,3,3,2025-06-28,2025-07-07,0,284,4,Corrective,Yes,Yes,Scheduled
TMS001992,AST003324,Weld,C00070,1.8,Scheduled inspection,Inspection,Medium,3,2,2,2025-05-26,2025-06-18,0,54,2,Inspection,No,No,Completed
TMS001993,AST002792,Crossing,C00096,71.3,Sleeper damage,Sleeper Defect,Low,4,2,1,2025-06-12,2025-07-16,0,132,3,Preventive,No,Yes,Completed
TMS001994,AST001052,Weld,C00092,25.8,Preventive maintenance,Preventive,High,2,4,2,2025-04-25,2025-05-04,58,59,2,Preventive,No,Yes,Open
TMS001995,AST003432,Turnout,C00008,93.3,Rail crack,Rail Defect,Low,2,1,2,2025-03-16,2025-04-25,0,104,2,Preventive,Yes,Yes,Completed
TMS001996,AST002064,Switch,C00046,2.4,Ballast deficiency,Ballast Defect,Low,3,2,2,2025-06-27,2025-08-05,0,250,2,Preventive,Yes,No,Open
TMS001997,AST002990,Crossing,C00083,85.1,Drainage issue,Drainage,Medium,1,3,1,2025-06-20,2025-07-09,0,125,2,Preventive,Yes,Yes,Completed
TMS001998,AST003409,Crossing,C00044,20.6,Gauge defect,Track Geometry,Medium,2,2,1,2025-02-28,2025-03-22,0,175,4,Preventive,No,Yes,Completed
TMS001999,AST004424,Switch,C00068,111.7,Sleeper damage,Sleeper Defect,High,2,5,2,2025-03-25,2025-04-02,90,117,2,Corrective,No,Yes,Open
TMS002000,AST002895,Track,C00093,61.3,Alignment defect,Track Geometry,Medium,4,3,2,2025-06-21,2025-07-08,0,142,3,Preventive,No,No,Scheduled
TMS002001,AST001309,Crossing,C00041,33.4,Gauge defect,Track Geometry,Medium,2,2,2,2025-06-25,2025-07-12,0,145,2,Preventive,No,No,Completed
TMS002002,AST002580,Sleeper,C00009,58.5,Rail crack,Rail Defect,Medium,2,3,1,2025-03-19,2025-04-03,0,87,3,Preventive,Yes,Yes,Completed
TMS002003,AST001147,Switch,C00010,57.3,Corrective maintenance,Corrective,Critical,4,4,3,2025-06-13,2025-06-18,0,322,3,Corrective,Yes,Yes,Completed
TMS002004,AST000499,Sleeper,C00100,7.8,Preventive maintenance,Preventive,High,3,2,3,2025-05-15,2025-05-24,38,159,2,Preventive,No,Yes,Open
TMS002005,AST002718,Switch,C00092,22.4,Ballast deficiency,Ballast Defect,High,4,3,2,2025-06-22,2025-06-30,1,157,2,Corrective,Yes,Yes,Open
TMS002006,AST004165,Sleeper,C00034,22.8,Drainage issue,Drainage,High,3,3,3,2025-04-07,2025-04-19,0,91,4,Corrective,No,Yes,Completed
TMS002007,AST002162,Weld,C00048,89.6,Rail wear,Rail Defect,Low,3,2,1,2025-06-18,2025-08-03,0,142,5,Preventive,No,Yes,Open
TMS002008,AST003440,Weld,C00065,20.7,Alignment defect,Track Geometry,Medium,3,3,1,2025-06-16,2025-07-08,0,230,4,Preventive,Yes,Yes,In Progress
TMS002009,AST002481,Ballast,C00047,36.1,Gauge defect,Track Geometry,High,3,4,3,2025-03-25,2025-04-09,83,124,3,Corrective,No,Yes,Scheduled
TMS002010,AST003961,Weld,C00037,27.5,Track geometry defect,Track Geometry,Low,2,2,1,2025-06-24,2025-07-28,0,158,2,Preventive,Yes,Yes,Completed
TMS002011,AST004969,Crossing,C00094,119.8,Alignment defect,Track Geometry,Low,3,2,1,2025-02-20,2025-04-11,81,197,1,Preventive,Yes,Yes,Scheduled
TMS002012,AST002200,Weld,C00095,50.2,Rail crack,Rail Defect,Low,2,1,2,2025-06-26,2025-08-13,0,147,3,Preventive,Yes,Yes,Open
TMS002013,AST002415,Crossing,C00034,0.1,Ballast deficiency,Ballast Defect,Medium,2,3,2,2025-05-16,2025-06-10,21,112,1,Preventive,Yes,No,In Progress
TMS002014,AST003495,Crossing,C00039,5.8,Ballast deficiency,Ballast Defect,Medium,4,2,3,2025-06-19,2025-07-15,0,164,2,Preventive,Yes,Yes,In Progress
TMS002015,AST005062,Ballast,C00059,156.3,Gauge defect,Track Geometry,Low,2,1,2,2025-06-07,2025-07-13,0,175,4,Preventive,No,No,Open
TMS002016,AST003725,Crossing,C00049,68.3,Rail crack,Rail Defect,Medium,4,2,2,2025-06-22,2025-07-13,0,158,3,Preventive,Yes,Yes,Open
TMS002017,AST005270,Switch,C00052,165.2,Drainage issue,Drainage,Medium,3,2,2,2025-06-22,2025-07-09,0,76,3,Preventive,No,Yes,Completed
TMS002018,AST001835,Sleeper,C00079,5.9,Scheduled inspection,Inspection,Medium,5,2,2,2025-05-10,2025-05-30,0,69,3,Inspection,No,Yes,Completed
TMS002019,AST002482,Weld,C00052,72.7,Ballast deficiency,Ballast Defect,Medium,3,3,1,2025-05-06,2025-05-26,0,139,4,Preventive,Yes,Yes,Completed
TMS002020,AST001772,Turnout,C00058,24.8,Rail wear,Rail Defect,Low,2,1,1,2025-06-12,2025-07-23,0,151,4,Preventive,No,No,Completed
TMS002021,AST001083,Ballast,C00036,41.9,Ballast deficiency,Ballast Defect,Medium,1,2,3,2025-06-15,2025-07-05,0,129,3,Preventive,Yes,Yes,Open
TMS002022,AST001264,Ballast,C00095,0.2,Alignment defect,Track Geometry,Critical,3,5,2,2025-06-07,2025-06-12,19,270,4,Corrective,Yes,Yes,Scheduled
TMS002023,AST001914,Switch,C00032,3.5,Ballast deficiency,Ballast Defect,Low,2,2,2,2025-05-31,2025-07-18,0,89,4,Preventive,No,No,Completed
TMS002024,AST000733,Sleeper,C00062,41.8,Corrective maintenance,Corrective,High,5,4,4,2025-03-13,2025-03-22,101,312,4,Corrective,No,Yes,Scheduled
TMS002025,AST001818,Rail,C00097,27.2,Drainage issue,Drainage,Medium,3,3,2,2025-02-07,2025-02-28,123,135,2,Preventive,No,Yes,Open
TMS002026,AST001129,Bridge,C00072,34.2,Preventive maintenance,Preventive,Low,3,2,1,2025-06-21,2025-08-09,0,47,2,Preventive,No,Yes,Deferred
TMS002027,AST004920,Switch,C00060,28.8,Ballast deficiency,Ballast Defect,Low,4,2,2,2025-05-07,2025-06-21,10,173,3,Preventive,Yes,Yes,Open
TMS002028,AST000075,Turnout,C00044,23.4,Track geometry defect,Track Geometry,High,4,4,2,2025-02-12,2025-02-23,128,184,3,Corrective,Yes,Yes,Open
TMS002029,AST004625,Rail,C00023,12.3,Alignment defect,Track Geometry,Medium,2,3,3,2025-06-19,2025-07-15,0,102,5,Preventive,No,No,Scheduled
TMS002030,AST000624,Bridge,C00050,29.3,Weld defect,Rail Defect,Low,2,2,1,2025-06-19,2025-08-11,0,60,4,Preventive,No,Yes,In Progress
TMS002031,AST000997,Rail,C00023,8.7,Scheduled inspection,Inspection,Medium,5,1,2,2025-06-09,2025-06-27,4,34,3,Inspection,No,No,Open
TMS002032,AST001182,Track,C00032,9.0,Ballast deficiency,Ballast Defect,Medium,4,3,2,2025-06-21,2025-07-11,0,138,3,Preventive,No,Yes,In Progress
TMS002033,AST001424,Ballast,C00027,65.4,Corrective maintenance,Corrective,Medium,4,3,2,2025-06-30,2025-07-18,0,210,4,Corrective,Yes,Yes,Open
TMS002034,AST003468,Track,C00019,15.0,Drainage issue,Drainage,Low,1,2,2,2025-05-22,2025-06-29,0,135,4,Preventive,Yes,Yes,Completed
TMS002035,AST004914,Turnout,C00033,92.5,Turnout wear,Turnout/Switch Defect,Low,2,3,2,2025-06-17,2025-08-01,0,204,4,Preventive,No,Yes,In Progress
TMS002036,AST003311,Rail,C00002,104.5,Weld defect,Rail Defect,Low,2,2,1,2025-05-11,2025-06-25,6,130,6,Preventive,No,Yes,Open
TMS002037,AST000783,Sleeper,C00095,30.2,Alignment defect,Track Geometry,Critical,3,4,4,2025-04-18,2025-04-23,69,190,4,Corrective,Yes,Yes,Open
TMS002038,AST003241,Crossing,C00032,15.2,Turnout wear,Turnout/Switch Defect,Medium,4,2,2,2025-06-10,2025-06-28,3,234,5,Preventive,No,Yes,Open
TMS002039,AST002727,Sleeper,C00057,122.0,Sleeper damage,Sleeper Defect,Medium,4,2,2,2025-06-29,2025-07-18,0,70,3,Preventive,No,Yes,In Progress
TMS002040,AST002445,Turnout,C00020,70.5,Alignment defect,Track Geometry,Low,3,2,1,2025-06-22,2025-08-06,0,197,3,Preventive,Yes,Yes,Scheduled
TMS002041,AST002007,Crossing,C00010,24.0,Drainage issue,Drainage,Medium,3,4,1,2025-04-01,2025-04-20,72,43,3,Preventive,Yes,Yes,Open
TMS002042,AST004231,Weld,C00027,133.4,Ballast deficiency,Ballast Defect,Low,2,2,2,2025-02-08,2025-03-21,0,181,3,Preventive,No,No,Completed
TMS002043,AST003230,Track,C00041,19.0,Rail wear,Rail Defect,Low,2,2,2,2025-02-01,2025-03-27,96,135,2,Preventive,Yes,Yes,Scheduled
TMS002044,AST002162,Weld,C00048,89.6,Preventive maintenance,Preventive,High,3,5,2,2025-05-19,2025-06-01,0,80,2,Preventive,No,Yes,Completed
TMS002045,AST000299,Ballast,C00065,3.2,Corrective maintenance,Corrective,High,2,4,2,2025-02-02,2025-02-12,139,252,3,Corrective,Yes,Yes,Scheduled
TMS002046,AST002316,Ballast,C00062,29.9,Rail crack,Rail Defect,Low,2,2,4,2025-04-04,2025-05-11,51,169,3,Preventive,Yes,Yes,Open
TMS002047,AST004295,Turnout,C00065,20.9,Weld defect,Rail Defect,Low,2,2,1,2025-06-17,2025-07-27,0,111,3,Preventive,No,Yes,Open
TMS002048,AST001900,Turnout,C00063,86.9,Gauge defect,Track Geometry,Medium,2,2,1,2025-06-16,2025-07-10,0,106,2,Preventive,Yes,Yes,Completed
TMS002049,AST000929,Rail,C00006,4.9,Track geometry defect,Track Geometry,Medium,3,2,2,2025-02-28,2025-03-20,103,161,4,Preventive,No,Yes,Open
TMS002050,AST004748,Ballast,C00048,97.9,Scheduled inspection,Inspection,Critical,4,5,2,2025-03-16,2025-03-21,102,41,3,Inspection,No,No,Scheduled
TMS002051,AST001351,Ballast,C00020,70.3,Corrective maintenance,Corrective,High,3,4,2,2025-06-12,2025-06-23,8,335,4,Corrective,No,No,Scheduled
TMS002052,AST003998,Switch,C00069,65.2,Rail crack,Rail Defect,Low,3,2,2,2025-04-05,2025-05-15,47,197,4,Preventive,Yes,Yes,Open
TMS002053,AST005113,Track,C00035,45.3,Weld defect,Rail Defect,Medium,2,2,1,2025-06-22,2025-07-12,0,42,2,Preventive,No,Yes,Scheduled
TMS002054,AST000518,Ballast,C00078,30.7,Track geometry defect,Track Geometry,Low,2,1,2,2025-05-02,2025-05-31,31,206,5,Preventive,Yes,Yes,In Progress
TMS002055,AST001759,Weld,C00080,47.2,Gauge defect,Track Geometry,Low,2,3,1,2025-06-13,2025-07-31,0,172,3,Preventive,No,Yes,Open
TMS002056,AST004863,Sleeper,C00077,32.6,Preventive maintenance,Preventive,Medium,3,2,3,2025-06-22,2025-07-09,0,68,3,Preventive,No,Yes,In Progress
TMS002057,AST002494,Turnout,C00093,57.5,Rail wear,Rail Defect,Critical,4,4,3,2025-05-26,2025-05-30,0,249,3,Corrective,No,Yes,Completed
TMS002058,AST002507,Bridge,C00025,142.2,Ballast deficiency,Ballast Defect,Low,2,2,2,2025-06-12,2025-07-29,0,72,2,Preventive,Yes,Yes,Open
TMS002059,AST000401,Ballast,C00026,223.7,Rail crack,Rail Defect,Medium,2,1,1,2025-02-15,2025-03-14,109,160,3,Preventive,Yes,Yes,Open
TMS002060,AST001610,Ballast,C00097,0.4,Sleeper damage,Sleeper Defect,Medium,4,3,1,2025-06-17,2025-07-13,0,101,3,Preventive,No,Yes,Completed
TMS002061,AST003366,Switch,C00072,54.0,Drainage issue,Drainage,Medium,2,2,1,2025-05-17,2025-06-10,21,82,4,Preventive,No,Yes,Open
TMS002062,AST000632,Track,C00081,70.5,Sleeper damage,Sleeper Defect,High,4,2,2,2025-06-15,2025-06-26,5,105,3,Corrective,No,Yes,Open
TMS002063,AST000895,Rail,C00042,73.6,Rail crack,Rail Defect,High,4,3,2,2025-05-11,2025-05-21,41,246,3,Corrective,Yes,Yes,In Progress
TMS002064,AST005238,Track,C00087,16.0,Corrective maintenance,Corrective,Low,2,2,1,2025-04-20,2025-05-27,35,221,4,Corrective,No,Yes,Open
TMS002065,AST004557,Crossing,C00080,42.9,Preventive maintenance,Preventive,Low,2,2,1,2025-03-14,2025-04-19,0,93,3,Preventive,No,Yes,Completed
TMS002066,AST004718,Ballast,C00028,19.9,Weld defect,Rail Defect,Medium,2,3,3,2025-05-15,2025-06-07,24,138,4,Preventive,No,Yes,In Progress
TMS002067,AST000022,Bridge,C00013,71.1,Scheduled inspection,Inspection,High,2,4,1,2025-04-18,2025-04-26,66,55,1,Inspection,No,No,Scheduled
TMS002068,AST001199,Crossing,C00079,10.4,Rail crack,Rail Defect,Low,2,1,1,2025-02-08,2025-03-26,0,193,3,Preventive,Yes,Yes,Completed
TMS002069,AST004774,Weld,C00086,119.5,Sleeper damage,Sleeper Defect,Critical,5,5,3,2025-06-13,2025-06-18,13,125,2,Corrective,No,Yes,Open
TMS002070,AST002294,Weld,C00054,39.1,Track geometry defect,Track Geometry,Low,2,2,1,2025-06-28,2025-08-17,0,223,2,Preventive,Yes,Yes,Scheduled
TMS002071,AST000099,Rail,C00017,2.1,Rail wear,Rail Defect,High,3,3,2,2025-05-25,2025-06-02,29,90,2,Corrective,No,Yes,Open
TMS002072,AST002748,Switch,C00067,5.5,Track geometry defect,Track Geometry,High,4,3,3,2025-05-02,2025-05-12,50,120,3,Corrective,Yes,Yes,Deferred
TMS002073,AST004217,Crossing,C00026,118.7,Sleeper damage,Sleeper Defect,High,3,4,2,2025-06-17,2025-06-25,6,68,2,Corrective,Yes,Yes,Scheduled
TMS002074,AST000162,Ballast,C00044,49.1,Track geometry defect,Track Geometry,Medium,4,5,3,2025-05-24,2025-06-16,15,210,6,Preventive,Yes,Yes,In Progress
TMS002075,AST003601,Crossing,C00007,157.2,Ballast deficiency,Ballast Defect,High,4,4,2,2025-06-22,2025-06-30,1,137,3,Corrective,Yes,Yes,Open
TMS002076,AST000105,Ballast,C00045,67.5,Sleeper damage,Sleeper Defect,Medium,2,3,2,2025-06-04,2025-06-27,4,71,2,Preventive,No,Yes,Open
TMS002077,AST001106,Switch,C00025,262.9,Scheduled inspection,Inspection,Low,2,3,2,2025-06-14,2025-08-05,0,67,3,Inspection,No,Yes,Completed
TMS002078,AST005080,Crossing,C00003,49.5,Ballast deficiency,Ballast Defect,Medium,2,2,1,2025-06-17,2025-07-13,0,157,3,Preventive,Yes,Yes,Open
TMS002079,AST003866,Track,C00031,3.8,Turnout wear,Turnout/Switch Defect,Medium,2,2,2,2025-05-15,2025-06-07,0,221,4,Preventive,No,Yes,Completed
TMS002080,AST003798,Ballast,C00026,57.5,Rail wear,Rail Defect,Medium,3,4,3,2025-06-18,2025-07-08,0,132,4,Preventive,No,Yes,Scheduled
TMS002081,AST002589,Crossing,C00018,87.5,Rail crack,Rail Defect,Medium,3,4,2,2025-02-01,2025-02-26,0,177,1,Preventive,Yes,Yes,Completed
TMS002082,AST001473,Turnout,C00047,52.8,Drainage issue,Drainage,High,3,3,3,2025-05-05,2025-05-18,44,88,4,Corrective,No,Yes,In Progress
TMS002083,AST005189,Crossing,C00016,42.3,Drainage issue,Drainage,High,5,4,3,2025-02-01,2025-02-12,139,92,4,Corrective,No,Yes,Open
TMS002084,AST001133,Switch,C00076,100.4,Weld defect,Rail Defect,Medium,3,3,2,2025-06-07,2025-06-27,4,236,5,Preventive,No,Yes,Scheduled
TMS002085,AST001127,Rail,C00078,27.2,Preventive maintenance,Preventive,Critical,3,5,3,2025-05-03,2025-05-09,53,108,2,Preventive,No,Yes,Scheduled
TMS002086,AST004188,Track,C00082,62.6,Rail crack,Rail Defect,Medium,4,3,1,2025-06-11,2025-07-07,0,188,4,Preventive,No,Yes,Scheduled
TMS002087,AST001409,Track,C00046,13.2,Gauge defect,Track Geometry,Low,5,1,3,2025-02-09,2025-03-29,94,159,4,Preventive,No,Yes,Open
TMS002088,AST000665,Switch,C00089,9.5,Ballast deficiency,Ballast Defect,Critical,4,4,3,2025-06-27,2025-07-01,0,192,3,Corrective,No,Yes,Scheduled
TMS002089,AST001277,Sleeper,C00010,15.1,Rail wear,Rail Defect,Low,3,1,1,2025-05-05,2025-06-13,0,183,4,Preventive,No,Yes,Completed
TMS002090,AST003434,Rail,C00038,134.4,Drainage issue,Drainage,Low,2,2,2,2025-06-19,2025-08-09,0,121,4,Preventive,Yes,Yes,Completed
TMS002091,AST004760,Switch,C00064,43.3,Rail crack,Rail Defect,Critical,5,4,5,2025-02-18,2025-02-22,129,256,4,Corrective,Yes,Yes,In Progress
TMS002092,AST000375,Switch,C00069,171.0,Rail wear,Rail Defect,Low,1,1,3,2025-02-10,2025-03-20,0,91,4,Preventive,Yes,Yes,Completed
TMS002093,AST004925,Weld,C00030,3.0,Sleeper damage,Sleeper Defect,High,4,3,2,2025-05-19,2025-05-28,34,126,2,Corrective,No,Yes,Scheduled
TMS002094,AST003157,Switch,C00029,4.9,Rail crack,Rail Defect,Critical,4,5,2,2025-04-20,2025-04-23,0,233,3,Corrective,Yes,Yes,Completed
TMS002095,AST002268,Bridge,C00071,12.4,Turnout wear,Turnout/Switch Defect,Critical,4,5,3,2025-06-19,2025-06-24,7,186,3,Corrective,No,Yes,Open
TMS002096,AST001059,Weld,C00018,14.4,Rail wear,Rail Defect,Medium,3,1,2,2025-06-12,2025-07-11,0,120,3,Preventive,Yes,No,Open
TMS002097,AST003570,Ballast,C00011,105.1,Track geometry defect,Track Geometry,Medium,2,3,3,2025-03-10,2025-04-03,89,210,5,Preventive,Yes,No,Open
TMS002098,AST000093,Bridge,C00007,39.1,Drainage issue,Drainage,Medium,1,1,2,2025-05-13,2025-06-01,30,145,4,Preventive,Yes,Yes,In Progress
TMS002099,AST001436,Weld,C00081,28.1,Corrective maintenance,Corrective,Medium,1,3,1,2025-03-17,2025-04-05,87,179,4,Corrective,No,Yes,Open
TMS002100,AST002433,Turnout,C00069,228.4,Drainage issue,Drainage,Medium,3,2,1,2025-06-16,2025-07-10,0,38,4,Preventive,No,Yes,Scheduled
TMS002101,AST000500,Bridge,C00027,120.5,Rail wear,Rail Defect,Low,3,2,1,2025-06-24,2025-08-03,0,189,5,Preventive,No,Yes,Open
TMS002102,AST002843,Turnout,C00015,77.1,Turnout wear,Turnout/Switch Defect,Medium,5,2,2,2025-02-08,2025-03-02,121,275,3,Preventive,No,Yes,Open
TMS002103,AST002901,Turnout,C00094,46.9,Turnout wear,Turnout/Switch Defect,Medium,3,2,3,2025-06-14,2025-07-09,0,229,3,Preventive,Yes,Yes,Open
TMS002104,AST002966,Rail,C00048,58.0,Sleeper damage,Sleeper Defect,Low,3,2,1,2025-04-24,2025-06-03,28,119,4,Preventive,No,Yes,Scheduled
TMS002105,AST005028,Turnout,C00038,155.3,Rail crack,Rail Defect,Low,2,2,2,2025-03-24,2025-05-08,54,214,4,Preventive,No,Yes,Open
TMS002106,AST000220,Ballast,C00025,300.3,Track geometry defect,Track Geometry,Medium,2,2,2,2025-05-26,2025-06-16,15,175,4,Preventive,No,Yes,Scheduled
TMS002107,AST000716,Track,C00084,177.6,Rail crack,Rail Defect,High,2,3,1,2025-06-29,2025-07-07,0,174,5,Corrective,Yes,Yes,Scheduled
TMS002108,AST002484,Track,C00052,12.7,Track geometry defect,Track Geometry,Critical,4,4,3,2025-03-04,2025-03-09,114,215,3,Corrective,Yes,Yes,Open
TMS002109,AST002825,Rail,C00065,47.5,Rail crack,Rail Defect,High,2,3,3,2025-03-20,2025-03-31,92,210,3,Corrective,Yes,Yes,In Progress
TMS002110,AST003372,Track,C00045,127.9,Turnout wear,Turnout/Switch Defect,High,5,3,2,2025-06-26,2025-07-04,0,243,5,Corrective,No,Yes,Scheduled
TMS002111,AST002522,Track,C00100,4.2,Track geometry defect,Track Geometry,High,5,3,2,2025-05-09,2025-05-24,38,220,3,Corrective,Yes,Yes,Scheduled
TMS002112,AST000819,Track,C00086,99.2,Track geometry defect,Track Geometry,High,3,3,3,2025-05-12,2025-05-19,43,194,4,Corrective,Yes,Yes,Open
TMS002113,AST004701,Turnout,C00093,77.7,Preventive maintenance,Preventive,Low,3,2,2,2025-05-31,2025-07-18,0,69,3,Preventive,Yes,No,Completed
TMS002114,AST004370,Weld,C00061,32.9,Alignment defect,Track Geometry,Low,3,2,1,2025-06-18,2025-07-29,0,132,5,Preventive,Yes,No,Scheduled
TMS002115,AST000802,Rail,C00097,7.7,Preventive maintenance,Preventive,Medium,3,2,2,2025-06-17,2025-07-11,0,63,2,Preventive,No,Yes,Scheduled
TMS002116,AST004503,Track,C00095,5.8,Preventive maintenance,Preventive,Medium,3,3,3,2025-05-18,2025-06-07,0,65,2,Preventive,No,Yes,Completed
TMS002117,AST004158,Rail,C00067,64.5,Drainage issue,Drainage,Medium,2,2,2,2025-04-28,2025-05-21,41,96,3,Preventive,Yes,Yes,Open
TMS002118,AST004528,Switch,C00049,53.5,Preventive maintenance,Preventive,Low,2,3,1,2025-06-24,2025-08-01,0,127,4,Preventive,No,Yes,Scheduled
TMS002119,AST002239,Rail,C00051,41.7,Gauge defect,Track Geometry,Low,3,2,2,2025-05-15,2025-06-16,15,133,3,Preventive,No,Yes,Scheduled
TMS002120,AST001274,Ballast,C00094,145.0,Drainage issue,Drainage,Medium,4,3,2,2025-06-06,2025-07-01,0,82,4,Preventive,Yes,Yes,Completed
TMS002121,AST004811,Weld,C00095,8.0,Corrective maintenance,Corrective,Medium,2,3,3,2025-04-12,2025-05-02,0,232,4,Corrective,No,Yes,Completed
TMS002122,AST000924,Sleeper,C00048,88.9,Corrective maintenance,Corrective,Medium,2,2,1,2025-06-10,2025-07-03,0,319,6,Corrective,No,Yes,Scheduled
TMS002123,AST000339,Ballast,C00047,38.7,Scheduled inspection,Inspection,Medium,1,1,3,2025-04-02,2025-04-25,67,43,3,Inspection,No,Yes,Open
TMS002124,AST005233,Track,C00026,311.6,Ballast deficiency,Ballast Defect,Medium,4,2,2,2025-05-30,2025-06-28,3,71,3,Preventive,Yes,Yes,Open
TMS002125,AST000212,Sleeper,C00052,9.8,Preventive maintenance,Preventive,Low,3,3,2,2025-06-16,2025-08-07,0,67,2,Preventive,No,Yes,Open
TMS002126,AST001377,Weld,C00004,114.7,Drainage issue,Drainage,Low,1,2,1,2025-05-04,2025-06-12,19,140,3,Preventive,Yes,Yes,Open
TMS002127,AST002310,Rail,C00092,4.0,Track geometry defect,Track Geometry,Critical,4,5,2,2025-03-11,2025-03-16,107,253,3,Corrective,Yes,Yes,Open
TMS002128,AST004282,Switch,C00098,0.2,Track geometry defect,Track Geometry,Medium,4,3,3,2025-06-23,2025-07-15,0,204,4,Preventive,No,Yes,Completed
TMS002129,AST001147,Switch,C00010,57.3,Weld defect,Rail Defect,Low,3,2,2,2025-04-20,2025-05-30,32,100,4,Preventive,No,Yes,Open
TMS002130,AST000524,Bridge,C00091,100.8,Drainage issue,Drainage,High,3,3,3,2025-06-16,2025-06-26,5,117,2,Corrective,Yes,Yes,Open
TMS002131,AST004077,Turnout,C00068,127.7,Weld defect,Rail Defect,High,4,3,3,2025-05-06,2025-05-19,43,161,3,Corrective,No,Yes,Open
TMS002132,AST001012,Crossing,C00078,24.7,Rail crack,Rail Defect,Critical,4,3,3,2025-06-26,2025-07-01,0,202,3,Corrective,Yes,Yes,Scheduled
TMS002133,AST000687,Rail,C00011,251.5,Corrective maintenance,Corrective,Medium,3,3,3,2025-06-28,2025-07-23,0,240,4,Corrective,No,Yes,Scheduled
TMS002134,AST001015,Turnout,C00066,52.4,Turnout wear,Turnout/Switch Defect,Medium,3,2,3,2025-06-23,2025-07-12,0,234,5,Preventive,No,Yes,Open
TMS002135,AST001634,Crossing,C00018,84.3,Weld defect,Rail Defect,Low,2,1,2,2025-06-15,2025-08-06,0,99,3,Preventive,No,No,Open
TMS002136,AST000367,Ballast,C00013,118.7,Drainage issue,Drainage,Critical,3,5,3,2025-04-01,2025-04-04,0,159,5,Corrective,Yes,Yes,Completed
TMS002137,AST001163,Weld,C00028,44.4,Rail crack,Rail Defect,Low,3,2,2,2025-05-22,2025-06-26,5,189,3,Preventive,Yes,Yes,Deferred
TMS002138,AST003967,Track,C00052,58.3,Weld defect,Rail Defect,Medium,3,2,2,2025-05-11,2025-06-02,29,148,3,Preventive,No,Yes,Open
TMS002139,AST001481,Bridge,C00037,30.5,Gauge defect,Track Geometry,High,4,4,2,2025-06-17,2025-06-29,2,118,1,Corrective,No,Yes,Open
TMS002140,AST003387,Track,C00090,68.8,Preventive maintenance,Preventive,Low,2,2,2,2025-06-12,2025-08-10,0,32,4,Preventive,No,Yes,Completed
TMS002141,AST001351,Ballast,C00020,70.3,Track geometry defect,Track Geometry,Critical,4,5,2,2025-02-12,2025-02-17,0,209,4,Corrective,Yes,Yes,Completed
TMS002142,AST003907,Turnout,C00055,6.2,Track geometry defect,Track Geometry,Low,3,3,2,2025-04-04,2025-05-16,46,168,4,Preventive,Yes,Yes,Open
TMS002143,AST004949,Track,C00028,12.7,Scheduled inspection,Inspection,Low,1,1,2,2025-06-15,2025-08-02,0,44,2,Inspection,Yes,Yes,Open
TMS002144,AST000414,Weld,C00077,7.6,Sleeper damage,Sleeper Defect,Critical,4,5,3,2025-05-02,2025-05-08,54,93,3,Corrective,No,Yes,Open
TMS002145,AST000078,Rail,C00090,84.1,Rail wear,Rail Defect,Low,3,3,2,2025-06-14,2025-07-24,0,192,6,Preventive,No,Yes,Open
TMS002146,AST004331,Crossing,C00053,82.0,Gauge defect,Track Geometry,Medium,4,3,2,2025-06-18,2025-07-11,0,104,3,Preventive,No,Yes,Open
TMS002147,AST000643,Ballast,C00092,48.3,Weld defect,Rail Defect,Low,1,2,2,2025-06-10,2025-08-02,0,145,4,Preventive,Yes,Yes,Open
TMS002148,AST002528,Bridge,C00064,139.1,Sleeper damage,Sleeper Defect,Medium,4,3,2,2025-06-11,2025-07-02,0,127,4,Preventive,No,Yes,In Progress
TMS002149,AST001221,Weld,C00032,22.8,Track geometry defect,Track Geometry,Medium,2,2,1,2025-05-31,2025-06-23,8,169,3,Preventive,Yes,Yes,Open
TMS002150,AST001658,Crossing,C00093,49.1,Rail crack,Rail Defect,Medium,5,3,2,2025-06-18,2025-07-14,0,194,4,Preventive,Yes,Yes,In Progress
TMS002151,AST000245,Ballast,C00052,6.7,Drainage issue,Drainage,High,4,4,3,2025-02-23,2025-03-06,117,143,4,Corrective,Yes,Yes,In Progress
TMS002152,AST005055,Track,C00063,84.1,Drainage issue,Drainage,Low,3,1,1,2025-03-18,2025-04-27,65,127,2,Preventive,Yes,Yes,In Progress
TMS002153,AST004313,Rail,C00091,189.0,Rail wear,Rail Defect,Low,4,2,1,2025-02-16,2025-04-16,76,116,2,Preventive,No,Yes,Open
TMS002154,AST002167,Weld,C00031,73.4,Scheduled inspection,Inspection,Low,2,3,2,2025-03-31,2025-05-05,57,100,2,Inspection,No,No,Open
TMS002155,AST002215,Rail,C00025,140.9,Ballast deficiency,Ballast Defect,Critical,4,5,3,2025-05-27,2025-06-01,30,181,2,Corrective,Yes,Yes,Open
TMS002156,AST000848,Switch,C00002,29.9,Gauge defect,Track Geometry,High,3,3,2,2025-06-27,2025-07-06,0,249,6,Corrective,No,Yes,Deferred
TMS002157,AST003405,Rail,C00093,32.6,Turnout wear,Turnout/Switch Defect,Low,3,1,2,2025-06-24,2025-08-02,0,188,3,Preventive,No,Yes,Open
TMS002158,AST000388,Weld,C00013,29.8,Rail wear,Rail Defect,Low,1,2,1,2025-06-07,2025-07-14,0,152,4,Preventive,No,Yes,Deferred
TMS002159,AST004678,Switch,C00079,20.8,Rail wear,Rail Defect,Medium,2,3,2,2025-05-19,2025-06-08,23,175,3,Preventive,No,Yes,Scheduled
TMS002160,AST004423,Switch,C00053,60.6,Weld defect,Rail Defect,Medium,3,2,3,2025-05-26,2025-06-20,11,91,3,Preventive,No,Yes,In Progress
TMS002161,AST002004,Rail,C00058,71.2,Turnout wear,Turnout/Switch Defect,Critical,4,5,1,2025-05-09,2025-05-14,0,313,5,Corrective,No,Yes,Completed
TMS002162,AST004394,Track,C00016,45.0,Preventive maintenance,Preventive,Low,3,3,1,2025-06-29,2025-08-05,0,65,3,Preventive,No,Yes,Scheduled
TMS002163,AST003344,Track,C00037,14.3,Drainage issue,Drainage,Low,2,2,2,2025-05-08,2025-06-07,24,59,3,Preventive,Yes,Yes,Open
TMS002164,AST000486,Crossing,C00060,16.5,Preventive maintenance,Preventive,Low,2,2,1,2025-03-13,2025-04-18,74,68,3,Preventive,No,Yes,Scheduled
TMS002165,AST002563,Bridge,C00040,6.6,Scheduled inspection,Inspection,Medium,3,2,3,2025-05-27,2025-06-13,18,79,3,Inspection,No,No,Open
TMS002166,AST003937,Switch,C00033,38.2,Preventive maintenance,Preventive,Critical,5,3,3,2025-06-11,2025-06-16,15,81,2,Preventive,No,Yes,In Progress
TMS002167,AST004687,Bridge,C00036,46.6,Gauge defect,Track Geometry,High,4,4,2,2025-06-27,2025-07-08,0,254,5,Corrective,No,Yes,Completed
TMS002168,AST004330,Ballast,C00095,63.6,Rail crack,Rail Defect,High,4,4,2,2025-02-01,2025-02-10,141,144,2,Corrective,Yes,Yes,Open
TMS002169,AST005030,Switch,C00011,160.6,Ballast deficiency,Ballast Defect,Low,4,2,2,2025-06-28,2025-08-11,0,125,3,Preventive,Yes,Yes,Open
TMS002170,AST005003,Track,C00078,24.7,Scheduled inspection,Inspection,High,2,4,4,2025-02-14,2025-02-25,126,50,3,Inspection,No,Yes,Open
TMS002171,AST002833,Weld,C00011,46.4,Scheduled inspection,Inspection,Low,4,1,1,2025-05-08,2025-06-23,8,90,3,Inspection,No,Yes,In Progress
TMS002172,AST000011,Switch,C00023,36.6,Gauge defect,Track Geometry,Low,1,1,1,2025-06-28,2025-08-13,0,161,3,Preventive,No,Yes,Scheduled
TMS002173,AST000740,Ballast,C00066,35.9,Gauge defect,Track Geometry,High,3,3,2,2025-06-03,2025-06-14,0,237,4,Corrective,No,Yes,Completed
TMS002174,AST001092,Weld,C00044,24.9,Drainage issue,Drainage,Medium,2,2,2,2025-06-29,2025-07-24,0,37,2,Preventive,Yes,Yes,Open
TMS002175,AST004438,Crossing,C00010,78.0,Drainage issue,Drainage,High,3,4,2,2025-06-24,2025-07-06,0,74,3,Corrective,No,Yes,Completed
TMS002176,AST000593,Sleeper,C00084,51.1,Track geometry defect,Track Geometry,Low,2,2,1,2025-06-25,2025-07-31,0,137,3,Preventive,No,Yes,Open
TMS002177,AST003894,Switch,C00093,68.9,Turnout wear,Turnout/Switch Defect,Low,3,2,1,2025-05-11,2025-06-22,9,211,3,Preventive,No,Yes,In Progress
TMS002178,AST002538,Sleeper,C00032,0.1,Rail crack,Rail Defect,Medium,4,3,1,2025-06-02,2025-06-24,7,171,4,Preventive,Yes,Yes,In Progress
TMS002179,AST003268,Crossing,C00040,34.4,Rail crack,Rail Defect,High,3,3,3,2025-05-05,2025-05-12,0,230,3,Corrective,Yes,Yes,Completed
TMS002180,AST004571,Track,C00057,93.4,Scheduled inspection,Inspection,Low,1,1,1,2025-03-05,2025-04-21,71,105,4,Inspection,No,Yes,In Progress
TMS002181,AST004921,Turnout,C00047,27.7,Gauge defect,Track Geometry,High,4,3,3,2025-03-21,2025-04-03,89,109,3,Corrective,No,Yes,Scheduled
TMS002182,AST002084,Rail,C00021,3.7,Track geometry defect,Track Geometry,High,3,4,3,2025-05-27,2025-06-06,0,232,3,Corrective,Yes,Yes,Completed
TMS002183,AST001956,Rail,C00050,14.3,Turnout wear,Turnout/Switch Defect,Critical,3,5,4,2025-06-17,2025-06-21,10,310,6,Corrective,No,Yes,Open
TMS002184,AST005095,Bridge,C00096,83.3,Gauge defect,Track Geometry,High,4,4,2,2025-06-12,2025-06-21,10,337,6,Corrective,No,Yes,Open
TMS002185,AST002737,Switch,C00079,29.6,Rail wear,Rail Defect,Low,1,1,1,2025-06-15,2025-07-25,0,166,7,Preventive,No,Yes,Open
TMS002186,AST001719,Track,C00073,69.9,Scheduled inspection,Inspection,Critical,4,3,4,2025-02-11,2025-02-14,137,61,2,Inspection,No,No,In Progress
TMS002187,AST000163,Track,C00033,61.0,Weld defect,Rail Defect,Medium,3,2,2,2025-05-30,2025-06-22,9,90,3,Preventive,No,Yes,Open
TMS002188,AST003496,Track,C00025,110.1,Drainage issue,Drainage,Critical,3,5,3,2025-02-21,2025-02-27,124,89,2,Corrective,Yes,Yes,In Progress
TMS002189,AST000149,Rail,C00090,56.6,Ballast deficiency,Ballast Defect,Critical,5,4,2,2025-06-18,2025-06-22,9,227,4,Corrective,Yes,Yes,Open
TMS002190,AST001555,Ballast,C00035,95.2,Weld defect,Rail Defect,High,5,4,2,2025-05-13,2025-05-20,42,124,3,Corrective,Yes,Yes,Open
TMS002191,AST000772,Sleeper,C00011,110.4,Preventive maintenance,Preventive,Medium,2,3,2,2025-06-14,2025-07-02,0,54,3,Preventive,No,Yes,Completed
TMS002192,AST001104,Bridge,C00055,109.5,Sleeper damage,Sleeper Defect,High,3,3,2,2025-06-18,2025-06-24,7,102,3,Corrective,No,Yes,Scheduled
TMS002193,AST001264,Ballast,C00095,0.2,Preventive maintenance,Preventive,Medium,3,4,2,2025-04-06,2025-04-26,0,140,4,Preventive,No,Yes,Completed
TMS002194,AST004997,Rail,C00042,43.5,Gauge defect,Track Geometry,Low,1,2,1,2025-06-13,2025-07-30,0,151,3,Preventive,No,Yes,Deferred
TMS002195,AST003189,Crossing,C00087,108.4,Drainage issue,Drainage,Low,2,2,1,2025-06-01,2025-07-03,0,41,3,Preventive,Yes,Yes,Scheduled
TMS002196,AST000977,Bridge,C00086,13.5,Weld defect,Rail Defect,High,4,3,3,2025-02-25,2025-03-04,119,93,3,Corrective,No,Yes,Open
TMS002197,AST000091,Turnout,C00012,12.1,Corrective maintenance,Corrective,Low,2,2,2,2025-02-03,2025-03-25,0,280,4,Corrective,No,Yes,Completed
TMS002198,AST004617,Turnout,C00039,30.7,Rail crack,Rail Defect,Medium,4,3,2,2025-06-17,2025-07-07,0,168,6,Preventive,Yes,Yes,Scheduled
TMS002199,AST000809,Rail,C00060,4.1,Rail wear,Rail Defect,Low,2,2,2,2025-05-25,2025-07-14,0,164,2,Preventive,No,Yes,Scheduled
TMS002200,AST003507,Turnout,C00016,18.5,Corrective maintenance,Corrective,Low,2,1,2,2025-04-07,2025-06-02,0,270,5,Corrective,No,No,Completed
TMS002201,AST003648,Turnout,C00040,11.0,Rail crack,Rail Defect,Critical,4,4,3,2025-06-24,2025-06-27,4,244,4,Corrective,Yes,Yes,Scheduled
TMS002202,AST001486,Crossing,C00083,105.5,Corrective maintenance,Corrective,Low,2,2,2,2025-06-15,2025-07-29,0,253,3,Corrective,No,Yes,Scheduled
TMS002203,AST003515,Rail,C00045,133.4,Rail wear,Rail Defect,High,3,3,3,2025-05-08,2025-05-20,42,163,4,Corrective,No,Yes,Open
TMS002204,AST004479,Track,C00049,18.8,Preventive maintenance,Preventive,High,5,3,3,2025-06-23,2025-07-02,0,95,3,Preventive,No,Yes,Scheduled
TMS002205,AST004758,Turnout,C00091,118.2,Alignment defect,Track Geometry,Low,3,1,2,2025-06-19,2025-08-11,0,170,5,Preventive,Yes,Yes,Scheduled
TMS002206,AST001272,Bridge,C00074,11.6,Alignment defect,Track Geometry,Medium,2,2,2,2025-06-10,2025-07-07,0,109,5,Preventive,Yes,Yes,Scheduled
TMS002207,AST000058,Crossing,C00018,76.7,Alignment defect,Track Geometry,Low,3,2,1,2025-06-23,2025-08-09,0,225,5,Preventive,Yes,Yes,Open
TMS002208,AST002527,Rail,C00078,49.5,Alignment defect,Track Geometry,High,3,4,4,2025-05-25,2025-06-04,0,234,5,Corrective,No,Yes,Completed
TMS002209,AST003293,Ballast,C00033,63.8,Turnout wear,Turnout/Switch Defect,Low,2,2,3,2025-06-19,2025-08-01,0,191,4,Preventive,No,Yes,Open
TMS002210,AST000670,Turnout,C00062,34.3,Weld defect,Rail Defect,Low,4,2,2,2025-02-08,2025-04-05,87,107,3,Preventive,No,Yes,Open
TMS002211,AST002078,Ballast,C00038,55.2,Corrective maintenance,Corrective,Low,2,3,2,2025-06-17,2025-08-02,0,231,6,Corrective,No,Yes,Completed
TMS002212,AST000168,Turnout,C00012,58.3,Gauge defect,Track Geometry,High,2,4,2,2025-05-08,2025-05-19,43,150,2,Corrective,No,Yes,Scheduled
TMS002213,AST002315,Track,C00064,120.3,Corrective maintenance,Corrective,Low,3,3,1,2025-06-15,2025-07-29,0,241,4,Corrective,No,Yes,Completed
TMS002214,AST005147,Weld,C00023,2.7,Rail wear,Rail Defect,Low,2,1,2,2025-06-24,2025-07-23,0,116,2,Preventive,Yes,Yes,Completed
TMS002215,AST000940,Turnout,C00047,24.4,Turnout wear,Turnout/Switch Defect,Medium,3,2,3,2025-06-10,2025-07-03,0,113,3,Preventive,No,Yes,Scheduled
TMS002216,AST002047,Rail,C00050,33.3,Turnout wear,Turnout/Switch Defect,Medium,2,2,2,2025-05-22,2025-06-19,12,212,5,Preventive,No,Yes,Open
TMS002217,AST004503,Track,C00095,5.8,Sleeper damage,Sleeper Defect,Medium,3,3,1,2025-02-03,2025-02-23,128,87,2,Preventive,No,Yes,Scheduled
TMS002218,AST001715,Rail,C00083,89.6,Preventive maintenance,Preventive,Low,2,2,1,2025-06-29,2025-08-13,0,63,2,Preventive,No,Yes,Scheduled
TMS002219,AST005151,Bridge,C00021,132.0,Track geometry defect,Track Geometry,Medium,3,4,2,2025-03-06,2025-04-04,88,195,4,Preventive,Yes,Yes,Scheduled
TMS002220,AST003241,Crossing,C00032,15.2,Ballast deficiency,Ballast Defect,High,3,3,2,2025-06-30,2025-07-11,0,222,3,Corrective,Yes,Yes,Completed
TMS002221,AST004732,Bridge,C00027,66.1,Gauge defect,Track Geometry,High,3,2,3,2025-05-20,2025-05-31,31,121,2,Corrective,Yes,Yes,Scheduled
TMS002222,AST000953,Track,C00032,10.3,Ballast deficiency,Ballast Defect,Medium,3,3,3,2025-05-16,2025-06-06,0,110,3,Preventive,No,Yes,Completed
TMS002223,AST005242,Sleeper,C00070,16.3,Rail crack,Rail Defect,Medium,3,3,3,2025-06-23,2025-07-10,0,199,5,Preventive,Yes,No,Open
TMS002224,AST000365,Rail,C00017,0.7,Alignment defect,Track Geometry,Medium,3,3,2,2025-05-24,2025-06-18,0,195,4,Preventive,Yes,Yes,Completed
TMS002225,AST000612,Bridge,C00058,3.5,Alignment defect,Track Geometry,High,3,5,2,2025-06-26,2025-07-09,0,210,5,Corrective,Yes,Yes,Scheduled
TMS002226,AST005251,Weld,C00043,18.4,Rail wear,Rail Defect,Low,3,1,1,2025-03-27,2025-05-05,57,147,2,Preventive,No,Yes,In Progress
TMS002227,AST000820,Sleeper,C00015,92.6,Scheduled inspection,Inspection,Low,2,1,1,2025-06-28,2025-08-27,0,44,2,Inspection,No,No,In Progress
TMS002228,AST005228,Track,C00030,14.8,Sleeper damage,Sleeper Defect,Medium,4,3,2,2025-06-20,2025-07-12,0,148,2,Preventive,Yes,Yes,In Progress
TMS002229,AST001866,Rail,C00064,147.9,Corrective maintenance,Corrective,Medium,4,2,3,2025-06-28,2025-07-18,0,186,2,Corrective,Yes,Yes,In Progress
TMS002230,AST003743,Turnout,C00043,19.3,Ballast deficiency,Ballast Defect,Low,2,1,2,2025-06-26,2025-07-26,0,136,3,Preventive,Yes,Yes,Open
TMS002231,AST002560,Rail,C00061,10.2,Ballast deficiency,Ballast Defect,Critical,2,3,4,2025-04-15,2025-04-21,71,176,3,Corrective,Yes,Yes,Open
TMS002232,AST001342,Ballast,C00064,50.4,Scheduled inspection,Inspection,Low,3,2,3,2025-06-14,2025-07-16,0,38,3,Inspection,Yes,Yes,Completed
TMS002233,AST000703,Switch,C00007,47.1,Weld defect,Rail Defect,Low,2,2,1,2025-06-19,2025-07-27,0,117,2,Preventive,No,Yes,Scheduled
TMS002234,AST002953,Rail,C00011,22.8,Track geometry defect,Track Geometry,High,5,4,2,2025-06-07,2025-06-13,18,254,5,Corrective,Yes,Yes,In Progress
TMS002235,AST000109,Switch,C00008,56.3,Sleeper damage,Sleeper Defect,Medium,2,3,2,2025-02-07,2025-03-06,0,65,1,Preventive,Yes,Yes,Completed
TMS002236,AST001463,Weld,C00097,0.8,Weld defect,Rail Defect,High,2,3,4,2025-03-02,2025-03-10,113,204,3,Corrective,No,Yes,Open
TMS002237,AST002286,Crossing,C00015,115.9,Scheduled inspection,Inspection,Medium,3,3,3,2025-06-30,2025-07-18,0,83,2,Inspection,No,No,Completed
TMS002238,AST001410,Turnout,C00081,43.2,Weld defect,Rail Defect,Medium,2,2,2,2025-05-16,2025-06-09,22,178,2,Preventive,Yes,Yes,In Progress
TMS002239,AST003953,Weld,C00037,74.7,Drainage issue,Drainage,High,3,3,2,2025-06-06,2025-06-15,16,106,1,Corrective,Yes,Yes,Open
TMS002240,AST001273,Weld,C00010,35.4,Sleeper damage,Sleeper Defect,High,2,4,2,2025-06-05,2025-06-16,15,142,3,Corrective,No,Yes,Open
TMS002241,AST001899,Track,C00097,8.0,Gauge defect,Track Geometry,Low,3,2,1,2025-06-25,2025-08-07,0,81,3,Preventive,No,Yes,Scheduled
TMS002242,AST001046,Track,C00024,80.2,Scheduled inspection,Inspection,Medium,4,3,2,2025-03-02,2025-04-01,91,38,3,Inspection,No,Yes,Open
TMS002243,AST005108,Sleeper,C00006,1.0,Rail wear,Rail Defect,Low,2,2,1,2025-04-10,2025-05-13,49,166,4,Preventive,No,Yes,Scheduled
TMS002244,AST004641,Ballast,C00007,111.4,Rail crack,Rail Defect,High,3,4,3,2025-05-17,2025-05-29,33,220,3,Corrective,Yes,Yes,Open
TMS002245,AST002408,Track,C00013,8.5,Weld defect,Rail Defect,Medium,2,3,1,2025-06-23,2025-07-18,0,152,4,Preventive,No,Yes,Open
TMS002246,AST000354,Ballast,C00017,3.4,Drainage issue,Drainage,Medium,2,2,1,2025-05-25,2025-06-23,8,146,3,Preventive,Yes,Yes,Open
TMS002247,AST002717,Ballast,C00098,2.4,Ballast deficiency,Ballast Defect,Critical,4,5,3,2025-06-04,2025-06-10,21,126,3,Corrective,No,Yes,In Progress
TMS002248,AST001933,Switch,C00054,15.9,Ballast deficiency,Ballast Defect,Low,2,2,2,2025-03-10,2025-04-28,64,174,1,Preventive,Yes,Yes,Open
TMS002249,AST001712,Weld,C00043,13.3,Turnout wear,Turnout/Switch Defect,Critical,3,5,3,2025-05-17,2025-05-23,39,284,4,Corrective,No,Yes,Open
TMS002250,AST004392,Ballast,C00022,129.7,Preventive maintenance,Preventive,High,3,4,2,2025-05-12,2025-05-23,39,102,3,Preventive,No,Yes,Open
TMS002251,AST002263,Turnout,C00096,56.3,Corrective maintenance,Corrective,Low,4,1,2,2025-03-26,2025-05-16,46,235,4,Corrective,No,Yes,Scheduled
TMS002252,AST000220,Ballast,C00025,300.3,Preventive maintenance,Preventive,Medium,3,2,2,2025-03-01,2025-03-24,0,37,4,Preventive,No,Yes,Completed
TMS002253,AST000448,Crossing,C00003,5.3,Track geometry defect,Track Geometry,High,3,4,2,2025-03-02,2025-03-14,109,182,3,Corrective,No,Yes,Scheduled
TMS002254,AST003051,Sleeper,C00033,52.0,Track geometry defect,Track Geometry,High,4,5,4,2025-05-05,2025-05-12,0,243,4,Corrective,Yes,Yes,Completed
TMS002255,AST002459,Switch,C00020,30.0,Weld defect,Rail Defect,Critical,5,5,3,2025-06-26,2025-06-29,0,173,3,Corrective,No,Yes,Completed
TMS002256,AST000637,Bridge,C00075,28.2,Corrective maintenance,Corrective,Low,2,1,1,2025-06-16,2025-08-02,0,273,5,Corrective,Yes,Yes,Scheduled
TMS002257,AST004471,Rail,C00092,69.4,Alignment defect,Track Geometry,Low,1,2,1,2025-04-10,2025-05-30,0,168,3,Preventive,No,Yes,Completed
TMS002258,AST001497,Bridge,C00056,37.2,Gauge defect,Track Geometry,High,3,4,3,2025-03-09,2025-03-19,0,253,5,Corrective,No,Yes,Completed
TMS002259,AST000229,Track,C00063,82.4,Rail wear,Rail Defect,High,3,3,3,2025-06-22,2025-07-03,0,117,2,Corrective,No,Yes,Completed
TMS002260,AST005200,Weld,C00007,124.7,Rail crack,Rail Defect,Medium,2,2,2,2025-06-26,2025-07-13,0,65,3,Preventive,No,Yes,Open
TMS002261,AST000249,Turnout,C00096,70.9,Drainage issue,Drainage,Low,3,3,2,2025-05-11,2025-06-23,8,67,3,Preventive,Yes,Yes,Scheduled
TMS002262,AST000679,Switch,C00094,135.0,Drainage issue,Drainage,Low,3,1,2,2025-02-16,2025-03-27,0,126,3,Preventive,Yes,Yes,Completed
TMS002263,AST002971,Rail,C00003,7.1,Track geometry defect,Track Geometry,Low,3,2,1,2025-02-27,2025-04-14,78,233,2,Preventive,Yes,No,Scheduled
TMS002264,AST004168,Bridge,C00080,28.2,Turnout wear,Turnout/Switch Defect,Low,2,2,1,2025-03-14,2025-04-18,74,215,3,Preventive,No,Yes,Scheduled
TMS002265,AST001320,Rail,C00079,7.5,Sleeper damage,Sleeper Defect,Low,1,1,1,2025-03-28,2025-05-06,56,132,4,Preventive,No,Yes,In Progress
TMS002266,AST000836,Rail,C00059,85.3,Track geometry defect,Track Geometry,Medium,2,3,1,2025-05-16,2025-06-05,26,214,5,Preventive,Yes,Yes,Open
TMS002267,AST003761,Sleeper,C00008,61.3,Rail crack,Rail Defect,Medium,1,2,1,2025-05-23,2025-06-12,19,216,3,Preventive,Yes,Yes,Open
TMS002268,AST002818,Switch,C00025,225.9,Drainage issue,Drainage,Medium,3,2,2,2025-06-17,2025-07-05,0,126,4,Preventive,Yes,Yes,Completed
TMS002269,AST002529,Ballast,C00099,2.4,Alignment defect,Track Geometry,Low,2,2,1,2025-06-23,2025-08-15,0,204,5,Preventive,Yes,Yes,Open
TMS002270,AST004577,Weld,C00027,90.5,Turnout wear,Turnout/Switch Defect,Low,2,2,2,2025-06-04,2025-07-22,0,220,5,Preventive,No,Yes,Scheduled
TMS002271,AST000390,Track,C00079,47.7,Corrective maintenance,Corrective,Low,2,1,1,2025-03-07,2025-04-19,73,259,6,Corrective,No,Yes,In Progress
TMS002272,AST004663,Ballast,C00034,22.0,Drainage issue,Drainage,Low,3,2,2,2025-06-27,2025-08-12,0,105,5,Preventive,Yes,Yes,Open
TMS002273,AST001330,Crossing,C00081,29.2,Turnout wear,Turnout/Switch Defect,Low,1,2,1,2025-04-12,2025-05-20,42,218,3,Preventive,No,Yes,Scheduled
TMS002274,AST003623,Turnout,C00045,88.0,Preventive maintenance,Preventive,Medium,4,2,1,2025-06-16,2025-07-09,0,53,3,Preventive,No,Yes,Completed
TMS002275,AST002538,Sleeper,C00032,0.1,Scheduled inspection,Inspection,High,4,2,1,2025-06-12,2025-06-20,0,48,2,Inspection,No,No,Completed
TMS002276,AST001819,Turnout,C00091,93.0,Sleeper damage,Sleeper Defect,High,2,3,2,2025-05-14,2025-05-27,35,124,3,Corrective,No,Yes,Open
TMS002277,AST002007,Crossing,C00010,24.0,Rail crack,Rail Defect,Medium,3,1,1,2025-04-10,2025-05-01,61,179,2,Preventive,Yes,Yes,Open
TMS002278,AST002062,Ballast,C00089,90.4,Corrective maintenance,Corrective,Low,1,2,1,2025-05-17,2025-06-24,7,189,3,Corrective,No,Yes,Open
TMS002279,AST002097,Weld,C00076,112.4,Rail wear,Rail Defect,Low,2,1,2,2025-06-23,2025-08-07,0,196,4,Preventive,No,Yes,Open
TMS002280,AST002085,Ballast,C00060,29.1,Track geometry defect,Track Geometry,Low,3,2,3,2025-06-30,2025-08-17,0,181,6,Preventive,Yes,Yes,Open
TMS002281,AST001561,Ballast,C00061,43.8,Corrective maintenance,Corrective,Critical,2,5,3,2025-04-12,2025-04-14,78,317,4,Corrective,No,Yes,Open
TMS002282,AST001638,Crossing,C00005,71.9,Rail crack,Rail Defect,Low,2,2,2,2025-06-20,2025-08-04,0,158,2,Preventive,Yes,Yes,Open
TMS002283,AST000497,Turnout,C00083,43.5,Gauge defect,Track Geometry,High,4,3,4,2025-06-14,2025-06-24,7,97,2,Corrective,No,Yes,Scheduled
TMS002284,AST003464,Switch,C00088,73.1,Turnout wear,Turnout/Switch Defect,Critical,5,4,2,2025-03-18,2025-03-23,100,313,5,Corrective,No,Yes,In Progress
TMS002285,AST002785,Sleeper,C00031,10.0,Sleeper damage,Sleeper Defect,Low,2,2,2,2025-02-17,2025-03-26,97,119,3,Preventive,No,Yes,Deferred
TMS002286,AST003796,Crossing,C00013,47.5,Ballast deficiency,Ballast Defect,Critical,3,4,4,2025-06-24,2025-06-30,1,239,5,Corrective,No,Yes,Open
TMS002287,AST000539,Turnout,C00058,5.1,Sleeper damage,Sleeper Defect,Medium,2,1,1,2025-06-20,2025-07-12,0,57,4,Preventive,No,Yes,Open
TMS002288,AST000429,Rail,C00074,2.8,Ballast deficiency,Ballast Defect,Medium,3,2,2,2025-05-18,2025-06-05,26,114,2,Preventive,Yes,Yes,In Progress
TMS002289,AST002171,Turnout,C00085,161.7,Turnout wear,Turnout/Switch Defect,High,2,2,2,2025-06-30,2025-07-10,0,194,4,Corrective,No,Yes,Scheduled
TMS002290,AST004243,Switch,C00007,36.6,Turnout wear,Turnout/Switch Defect,Medium,3,3,1,2025-05-21,2025-06-16,15,143,3,Preventive,Yes,Yes,In Progress
TMS002291,AST001779,Crossing,C00005,0.4,Preventive maintenance,Preventive,Low,3,2,3,2025-06-22,2025-08-07,0,58,2,Preventive,No,No,Open
TMS002292,AST001009,Switch,C00077,56.4,Track geometry defect,Track Geometry,Medium,2,3,2,2025-06-22,2025-07-13,0,275,5,Preventive,No,Yes,In Progress
TMS002293,AST004928,Turnout,C00099,9.1,Drainage issue,Drainage,Low,2,2,1,2025-03-04,2025-04-19,0,133,2,Preventive,Yes,Yes,Completed
TMS002294,AST001113,Track,C00066,50.5,Turnout wear,Turnout/Switch Defect,Low,2,2,2,2025-03-01,2025-04-08,84,262,5,Preventive,No,Yes,Open
TMS002295,AST004304,Rail,C00047,34.4,Gauge defect,Track Geometry,Medium,3,2,3,2025-06-26,2025-07-19,0,224,4,Preventive,No,No,Completed
TMS002296,AST002022,Rail,C00096,114.3,Rail wear,Rail Defect,Low,3,2,2,2025-03-14,2025-05-03,59,77,3,Preventive,Yes,Yes,Open
TMS002297,AST001492,Switch,C00053,10.7,Rail wear,Rail Defect,Low,2,2,2,2025-06-04,2025-07-14,0,121,3,Preventive,Yes,No,Open
TMS002298,AST000853,Turnout,C00053,50.9,Preventive maintenance,Preventive,Low,3,2,1,2025-04-09,2025-05-25,37,92,2,Preventive,No,Yes,In Progress
TMS002299,AST002399,Ballast,C00073,8.3,Ballast deficiency,Ballast Defect,High,4,3,2,2025-05-10,2025-05-20,0,116,4,Corrective,Yes,Yes,Completed
TMS002300,AST000935,Weld,C00029,28.4,Track geometry defect,Track Geometry,Low,2,1,1,2025-05-04,2025-06-02,29,232,3,Preventive,Yes,Yes,Open
TMS002301,AST000452,Turnout,C00013,68.8,Weld defect,Rail Defect,High,4,4,3,2025-03-29,2025-04-12,80,139,2,Corrective,No,Yes,Deferred
TMS002302,AST001722,Track,C00020,76.2,Rail crack,Rail Defect,Medium,2,2,2,2025-03-31,2025-04-20,72,154,3,Preventive,Yes,Yes,Open
TMS002303,AST005269,Weld,C00041,13.6,Preventive maintenance,Preventive,High,3,5,4,2025-05-06,2025-05-15,47,100,3,Preventive,No,Yes,Open
TMS002304,AST000953,Track,C00032,10.3,Drainage issue,Drainage,Medium,4,4,2,2025-06-08,2025-07-02,0,121,4,Preventive,Yes,Yes,Completed
TMS002305,AST002573,Weld,C00056,31.8,Drainage issue,Drainage,High,3,3,3,2025-06-29,2025-07-11,0,150,3,Corrective,No,Yes,Scheduled
TMS002306,AST003812,Weld,C00059,98.3,Weld defect,Rail Defect,Medium,2,3,2,2025-02-06,2025-03-01,122,72,1,Preventive,No,Yes,Deferred
TMS002307,AST001464,Weld,C00043,11.3,Track geometry defect,Track Geometry,Low,4,1,2,2025-06-26,2025-08-19,0,205,3,Preventive,Yes,No,Open
TMS002308,AST003023,Rail,C00080,5.2,Preventive maintenance,Preventive,Low,1,1,2,2025-02-13,2025-03-23,0,131,2,Preventive,Yes,Yes,Completed
TMS002309,AST004634,Bridge,C00002,35.0,Drainage issue,Drainage,Medium,2,2,2,2025-02-07,2025-03-03,120,103,4,Preventive,No,Yes,In Progress
TMS002310,AST001416,Weld,C00047,36.6,Drainage issue,Drainage,High,4,4,2,2025-06-28,2025-07-09,0,97,1,Corrective,Yes,Yes,Open
TMS002311,AST002925,Rail,C00027,72.9,Weld defect,Rail Defect,Low,4,3,2,2025-05-02,2025-06-21,10,78,3,Preventive,No,No,Scheduled
TMS002312,AST003376,Track,C00063,154.4,Sleeper damage,Sleeper Defect,High,4,5,1,2025-05-14,2025-05-25,37,84,2,Corrective,Yes,Yes,In Progress
TMS002313,AST000812,Track,C00087,45.9,Weld defect,Rail Defect,Low,2,1,2,2025-06-17,2025-08-03,0,98,4,Preventive,No,No,Open
TMS002314,AST004227,Sleeper,C00013,89.8,Sleeper damage,Sleeper Defect,High,4,3,2,2025-03-13,2025-03-25,98,71,3,Corrective,No,Yes,Open
TMS002315,AST002545,Switch,C00024,1.1,Track geometry defect,Track Geometry,Low,2,3,1,2025-05-17,2025-07-02,0,191,4,Preventive,Yes,Yes,Deferred
TMS002316,AST004586,Sleeper,C00008,10.1,Sleeper damage,Sleeper Defect,Medium,1,3,1,2025-06-19,2025-07-13,0,138,3,Preventive,No,Yes,Scheduled
TMS002317,AST004010,Switch,C00055,99.3,Corrective maintenance,Corrective,Medium,3,3,1,2025-06-13,2025-07-04,0,290,3,Corrective,No,Yes,Open
TMS002318,AST005167,Switch,C00049,30.2,Drainage issue,Drainage,Medium,2,2,1,2025-06-15,2025-07-09,0,108,3,Preventive,Yes,Yes,Open
TMS002319,AST001041,Bridge,C00070,28.7,Corrective maintenance,Corrective,Low,2,1,2,2025-06-28,2025-08-12,0,285,4,Corrective,No,Yes,Scheduled
TMS002320,AST003169,Sleeper,C00042,77.2,Rail crack,Rail Defect,Medium,2,3,2,2025-06-17,2025-07-08,0,99,5,Preventive,Yes,Yes,Scheduled
TMS002321,AST002250,Crossing,C00001,174.7,Track geometry defect,Track Geometry,High,3,5,2,2025-05-28,2025-06-07,24,245,5,Corrective,Yes,Yes,Deferred
TMS002322,AST004531,Rail,C00066,46.3,Turnout wear,Turnout/Switch Defect,Low,2,1,2,2025-02-27,2025-04-07,85,243,3,Preventive,Yes,Yes,Scheduled
TMS002323,AST000547,Sleeper,C00020,28.2,Preventive maintenance,Preventive,Critical,3,4,3,2025-06-30,2025-07-04,0,39,1,Preventive,No,Yes,Completed
TMS002324,AST004439,Weld,C00071,15.1,Rail crack,Rail Defect,Medium,3,1,1,2025-03-18,2025-04-08,0,160,4,Preventive,Yes,Yes,Completed
TMS002325,AST004247,Switch,C00047,45.8,Gauge defect,Track Geometry,High,3,3,2,2025-06-01,2025-06-12,19,165,3,Corrective,No,Yes,Open
TMS002326,AST004483,Crossing,C00084,25.5,Turnout wear,Turnout/Switch Defect,Medium,1,3,2,2025-06-24,2025-07-17,0,243,2,Preventive,No,Yes,In Progress
TMS002327,AST004767,Ballast,C00080,8.1,Gauge defect,Track Geometry,High,3,4,2,2025-02-12,2025-02-20,0,240,5,Corrective,No,Yes,Completed
TMS002328,AST003853,Rail,C00078,7.7,Drainage issue,Drainage,Low,2,2,3,2025-06-13,2025-07-20,0,90,2,Preventive,Yes,Yes,Completed
TMS002329,AST002737,Switch,C00079,29.6,Ballast deficiency,Ballast Defect,High,3,3,3,2025-03-19,2025-04-02,90,140,5,Corrective,Yes,Yes,Scheduled
TMS002330,AST000221,Weld,C00036,36.1,Weld defect,Rail Defect,High,2,4,2,2025-06-22,2025-07-03,0,88,4,Corrective,No,Yes,Scheduled
TMS002331,AST002212,Ballast,C00092,17.7,Sleeper damage,Sleeper Defect,High,4,3,3,2025-05-17,2025-05-24,38,135,4,Corrective,No,Yes,Open
TMS002332,AST003993,Turnout,C00099,10.0,Rail crack,Rail Defect,Critical,3,4,4,2025-05-25,2025-05-29,33,215,2,Corrective,Yes,Yes,Scheduled
TMS002333,AST001796,Rail,C00041,11.8,Sleeper damage,Sleeper Defect,Low,2,2,3,2025-02-28,2025-04-10,82,113,4,Preventive,No,Yes,Open
TMS002334,AST004056,Ballast,C00009,94.4,Scheduled inspection,Inspection,Low,2,1,2,2025-05-07,2025-06-09,22,61,3,Inspection,No,Yes,Open
TMS002335,AST002432,Track,C00070,8.0,Corrective maintenance,Corrective,Low,2,2,2,2025-06-21,2025-08-04,0,266,4,Corrective,No,Yes,Open
TMS002336,AST003605,Switch,C00002,12.1,Track geometry defect,Track Geometry,Medium,2,2,2,2025-04-25,2025-05-19,43,250,2,Preventive,Yes,Yes,Open
TMS002337,AST001427,Crossing,C00063,135.6,Sleeper damage,Sleeper Defect,Low,3,2,2,2025-06-15,2025-07-23,0,47,3,Preventive,Yes,Yes,Scheduled
TMS002338,AST004336,Weld,C00020,53.2,Alignment defect,Track Geometry,Low,3,2,1,2025-06-14,2025-07-23,0,120,1,Preventive,Yes,Yes,Open
TMS002339,AST005108,Sleeper,C00006,1.0,Scheduled inspection,Inspection,Low,3,2,3,2025-03-13,2025-05-02,0,52,3,Inspection,No,Yes,Completed
TMS002340,AST001568,Rail,C00041,30.5,Gauge defect,Track Geometry,Medium,3,2,1,2025-02-21,2025-03-19,0,146,2,Preventive,No,Yes,Completed
TMS002341,AST001269,Switch,C00018,27.0,Drainage issue,Drainage,High,4,3,4,2025-06-21,2025-07-01,0,116,3,Corrective,Yes,Yes,Completed
TMS002342,AST000373,Weld,C00004,135.0,Gauge defect,Track Geometry,Low,2,1,2,2025-05-17,2025-06-26,5,119,4,Preventive,Yes,Yes,Open
TMS002343,AST005051,Turnout,C00032,5.9,Gauge defect,Track Geometry,Medium,3,3,1,2025-06-11,2025-06-28,3,231,5,Preventive,No,Yes,In Progress
TMS002344,AST004034,Turnout,C00019,94.5,Rail wear,Rail Defect,Low,5,2,2,2025-05-24,2025-07-15,0,152,2,Preventive,No,Yes,Completed
TMS002345,AST001160,Switch,C00036,32.7,Scheduled inspection,Inspection,Medium,2,2,3,2025-03-03,2025-03-24,99,75,3,Inspection,No,No,Open
TMS002346,AST001240,Sleeper,C00046,2.9,Rail crack,Rail Defect,Medium,4,3,2,2025-05-15,2025-06-12,0,166,5,Preventive,Yes,Yes,Completed
TMS002347,AST004072,Ballast,C00005,100.6,Rail crack,Rail Defect,High,4,4,3,2025-02-28,2025-03-10,113,208,3,Corrective,Yes,Yes,In Progress
TMS002348,AST000984,Bridge,C00057,100.9,Gauge defect,Track Geometry,Medium,2,1,2,2025-06-11,2025-07-06,0,127,2,Preventive,No,Yes,Open
TMS002349,AST002293,Switch,C00012,55.0,Weld defect,Rail Defect,Low,3,1,2,2025-03-01,2025-04-19,73,81,3,Preventive,No,Yes,Scheduled
TMS002350,AST000405,Turnout,C00012,100.8,Scheduled inspection,Inspection,Medium,3,3,2,2025-06-23,2025-07-21,0,120,3,Inspection,No,Yes,Scheduled
TMS002351,AST003329,Rail,C00074,7.7,Corrective maintenance,Corrective,Low,3,1,1,2025-05-19,2025-06-24,7,212,3,Corrective,No,Yes,Scheduled
TMS002352,AST001935,Rail,C00080,51.4,Gauge defect,Track Geometry,Critical,4,4,4,2025-06-26,2025-07-01,0,228,4,Corrective,No,Yes,Scheduled
TMS002353,AST002711,Turnout,C00036,7.3,Ballast deficiency,Ballast Defect,Medium,2,2,2,2025-03-10,2025-03-29,0,172,4,Preventive,Yes,Yes,Completed
TMS002354,AST001952,Turnout,C00081,43.3,Gauge defect,Track Geometry,Low,2,2,1,2025-06-28,2025-08-05,0,186,4,Preventive,No,Yes,Open
TMS002355,AST001337,Ballast,C00061,15.1,Weld defect,Rail Defect,Critical,3,4,3,2025-05-02,2025-05-05,57,193,3,Corrective,No,Yes,Open
TMS002356,AST000143,Turnout,C00098,3.7,Scheduled inspection,Inspection,High,4,3,2,2025-06-01,2025-06-10,0,99,4,Inspection,No,Yes,Completed
TMS002357,AST000495,Weld,C00073,62.4,Scheduled inspection,Inspection,Low,2,1,1,2025-06-01,2025-07-16,0,61,4,Inspection,No,No,Scheduled
TMS002358,AST002186,Track,C00059,170.1,Drainage issue,Drainage,High,3,3,1,2025-06-25,2025-07-09,0,165,4,Corrective,Yes,Yes,Open
TMS002359,AST004998,Turnout,C00051,21.0,Track geometry defect,Track Geometry,Critical,3,4,4,2025-04-03,2025-04-07,85,265,5,Corrective,No,Yes,In Progress
TMS002360,AST002273,Switch,C00053,92.6,Turnout wear,Turnout/Switch Defect,Low,3,2,2,2025-05-24,2025-07-04,0,186,4,Preventive,No,Yes,Completed
TMS002361,AST001617,Crossing,C00005,97.0,Track geometry defect,Track Geometry,Critical,3,4,3,2025-03-15,2025-03-18,0,243,4,Corrective,Yes,Yes,Completed
TMS002362,AST001602,Switch,C00038,172.7,Weld defect,Rail Defect,Critical,4,5,5,2025-05-29,2025-06-03,28,221,2,Corrective,No,Yes,In Progress
TMS002363,AST003061,Turnout,C00045,0.2,Rail crack,Rail Defect,Medium,4,1,2,2025-05-18,2025-06-01,30,142,2,Preventive,Yes,Yes,Open
TMS002364,AST004884,Switch,C00080,52.1,Sleeper damage,Sleeper Defect,Low,1,2,1,2025-06-29,2025-07-29,0,98,4,Preventive,No,Yes,Open
TMS002365,AST003345,Switch,C00006,2.9,Alignment defect,Track Geometry,Medium,3,2,1,2025-02-12,2025-03-08,0,235,6,Preventive,No,Yes,Completed
TMS002366,AST001267,Crossing,C00071,12.6,Corrective maintenance,Corrective,Low,3,2,2,2025-05-20,2025-06-28,3,239,4,Corrective,No,Yes,Open
TMS002367,AST003678,Weld,C00079,39.3,Rail crack,Rail Defect,Low,3,1,1,2025-06-17,2025-07-21,0,202,3,Preventive,Yes,Yes,Completed
TMS002368,AST000560,Track,C00089,50.3,Turnout wear,Turnout/Switch Defect,Low,2,2,1,2025-04-13,2025-05-19,43,218,4,Preventive,No,Yes,Open
TMS002369,AST001569,Weld,C00057,86.0,Rail wear,Rail Defect,Medium,3,2,1,2025-06-18,2025-07-09,0,166,4,Preventive,No,Yes,Scheduled
TMS002370,AST001877,Track,C00065,23.5,Rail crack,Rail Defect,High,2,3,2,2025-06-20,2025-06-29,2,189,5,Corrective,No,Yes,Open
TMS002371,AST000261,Switch,C00069,284.6,Ballast deficiency,Ballast Defect,Medium,2,2,2,2025-06-17,2025-07-10,0,109,3,Preventive,Yes,Yes,Open
TMS002372,AST001753,Track,C00093,36.6,Rail wear,Rail Defect,High,3,3,2,2025-06-09,2025-06-19,12,157,4,Corrective,No,Yes,Deferred
TMS002373,AST000740,Ballast,C00066,35.9,Drainage issue,Drainage,Low,2,2,1,2025-05-27,2025-07-15,0,128,3,Preventive,No,No,Open
TMS002374,AST003843,Switch,C00033,107.5,Ballast deficiency,Ballast Defect,Medium,3,3,2,2025-05-29,2025-06-19,12,195,2,Preventive,Yes,Yes,Open
TMS002375,AST005006,Weld,C00018,63.0,Rail wear,Rail Defect,High,3,5,2,2025-05-17,2025-05-28,34,130,2,Corrective,No,Yes,Scheduled
TMS002376,AST003250,Switch,C00046,15.5,Alignment defect,Track Geometry,Low,4,2,1,2025-05-25,2025-07-03,0,165,4,Preventive,No,Yes,Open
TMS002377,AST002871,Ballast,C00100,5.8,Corrective maintenance,Corrective,Low,2,3,2,2025-04-27,2025-06-02,29,262,4,Corrective,No,Yes,Open
TMS002378,AST000054,Crossing,C00087,161.2,Ballast deficiency,Ballast Defect,Low,4,2,2,2025-06-25,2025-08-04,0,166,3,Preventive,No,Yes,Open
TMS002379,AST002991,Switch,C00063,26.6,Alignment defect,Track Geometry,Low,2,2,1,2025-05-04,2025-06-14,0,139,6,Preventive,Yes,Yes,Completed
TMS002380,AST004512,Sleeper,C00025,162.4,Preventive maintenance,Preventive,Low,3,2,2,2025-05-10,2025-06-28,3,71,3,Preventive,No,Yes,In Progress
TMS002381,AST001207,Rail,C00090,15.1,Ballast deficiency,Ballast Defect,Low,3,3,2,2025-06-16,2025-08-06,0,200,6,Preventive,Yes,Yes,Scheduled
TMS002382,AST001755,Bridge,C00097,31.1,Preventive maintenance,Preventive,Low,4,1,2,2025-05-25,2025-07-19,0,66,2,Preventive,No,Yes,Open
TMS002383,AST005270,Switch,C00052,165.2,Scheduled inspection,Inspection,Medium,4,3,2,2025-06-20,2025-07-14,0,32,3,Inspection,No,Yes,Open
TMS002384,AST002797,Ballast,C00100,0.3,Alignment defect,Track Geometry,Critical,4,5,4,2025-03-05,2025-03-08,0,236,5,Corrective,Yes,Yes,Completed
TMS002385,AST000512,Rail,C00060,44.9,Track geometry defect,Track Geometry,Low,4,1,2,2025-06-12,2025-07-20,0,243,3,Preventive,No,Yes,Completed
TMS002386,AST001952,Turnout,C00081,43.3,Rail wear,Rail Defect,High,4,3,3,2025-02-15,2025-02-26,125,209,6,Corrective,No,Yes,Scheduled
TMS002387,AST001418,Ballast,C00019,5.8,Turnout wear,Turnout/Switch Defect,Medium,3,3,3,2025-06-20,2025-07-16,0,242,2,Preventive,No,Yes,Open
TMS002388,AST003048,Weld,C00017,2.5,Rail wear,Rail Defect,Low,4,3,2,2025-05-03,2025-06-25,6,116,2,Preventive,Yes,Yes,Open
TMS002389,AST000802,Rail,C00097,7.7,Track geometry defect,Track Geometry,Low,2,1,2,2025-05-23,2025-07-01,0,264,5,Preventive,Yes,Yes,Open
TMS002390,AST005005,Track,C00085,82.7,Drainage issue,Drainage,Medium,4,2,1,2025-05-07,2025-05-24,38,129,5,Preventive,Yes,Yes,Scheduled
TMS002391,AST000901,Switch,C00080,62.8,Drainage issue,Drainage,Critical,4,5,2,2025-05-09,2025-05-12,0,131,3,Corrective,Yes,Yes,Completed
TMS002392,AST001301,Bridge,C00075,55.4,Rail wear,Rail Defect,Critical,2,5,3,2025-06-28,2025-07-01,0,211,3,Corrective,No,Yes,Completed
TMS002393,AST000248,Turnout,C00040,95.0,Turnout wear,Turnout/Switch Defect,Medium,2,3,2,2025-06-13,2025-07-04,0,184,4,Preventive,No,Yes,Open
TMS002394,AST002210,Weld,C00082,87.1,Gauge defect,Track Geometry,Critical,4,4,4,2025-05-19,2025-05-25,0,206,6,Corrective,No,Yes,Completed
TMS002395,AST004745,Weld,C00072,20.1,Weld defect,Rail Defect,Low,3,2,1,2025-06-14,2025-07-23,0,129,4,Preventive,No,Yes,In Progress
TMS002396,AST001855,Switch,C00044,27.5,Drainage issue,Drainage,Critical,4,4,4,2025-06-26,2025-06-30,1,192,3,Corrective,Yes,Yes,Scheduled
TMS002397,AST003969,Bridge,C00088,62.9,Gauge defect,Track Geometry,Critical,3,4,3,2025-05-05,2025-05-10,52,226,2,Corrective,No,Yes,In Progress
TMS002398,AST002205,Crossing,C00047,53.0,Rail crack,Rail Defect,Critical,2,3,3,2025-06-15,2025-06-19,12,186,2,Corrective,Yes,No,In Progress
TMS002399,AST001206,Sleeper,C00032,1.0,Alignment defect,Track Geometry,Low,3,2,2,2025-05-10,2025-06-08,23,147,4,Preventive,Yes,Yes,Open
TMS002400,AST003179,Track,C00044,58.9,Scheduled inspection,Inspection,Low,2,1,2,2025-02-27,2025-04-28,64,48,3,Inspection,No,No,Scheduled
TMS002401,AST001852,Bridge,C00094,128.0,Drainage issue,Drainage,Medium,3,2,1,2025-06-30,2025-07-21,0,119,3,Preventive,Yes,Yes,In Progress
TMS002402,AST001972,Bridge,C00017,3.1,Gauge defect,Track Geometry,Medium,1,3,1,2025-05-14,2025-06-08,0,185,4,Preventive,No,Yes,Completed
TMS002403,AST001356,Weld,C00089,90.7,Weld defect,Rail Defect,Medium,3,2,3,2025-06-16,2025-07-08,0,150,4,Preventive,Yes,Yes,Scheduled
TMS002404,AST003214,Bridge,C00027,83.6,Turnout wear,Turnout/Switch Defect,Medium,2,2,1,2025-03-09,2025-04-03,0,248,4,Preventive,No,Yes,Completed
TMS002405,AST002375,Weld,C00057,30.8,Track geometry defect,Track Geometry,Medium,2,2,2,2025-06-25,2025-07-12,0,212,4,Preventive,Yes,Yes,Scheduled
TMS002406,AST002727,Sleeper,C00057,122.0,Alignment defect,Track Geometry,Medium,4,2,1,2025-06-28,2025-07-20,0,204,3,Preventive,No,Yes,Open
TMS002407,AST003338,Sleeper,C00095,54.4,Alignment defect,Track Geometry,High,3,4,4,2025-05-30,2025-06-07,24,184,2,Corrective,Yes,Yes,Open
TMS002408,AST001451,Crossing,C00052,77.6,Rail crack,Rail Defect,Medium,2,2,2,2025-03-24,2025-04-17,75,225,3,Preventive,Yes,Yes,Open
TMS002409,AST004690,Switch,C00048,52.7,Scheduled inspection,Inspection,Medium,3,2,2,2025-05-10,2025-06-01,30,56,3,Inspection,No,No,Open
TMS002410,AST003424,Bridge,C00041,23.7,Sleeper damage,Sleeper Defect,Medium,3,3,2,2025-02-20,2025-03-11,112,115,3,Preventive,No,Yes,In Progress
TMS002411,AST001636,Crossing,C00027,16.2,Turnout wear,Turnout/Switch Defect,Low,3,2,1,2025-05-18,2025-06-29,2,198,4,Preventive,No,Yes,Open
TMS002412,AST003695,Ballast,C00025,305.3,Scheduled inspection,Inspection,Medium,3,3,2,2025-02-13,2025-03-03,0,60,2,Inspection,No,Yes,Completed
TMS002413,AST004162,Switch,C00077,57.4,Rail crack,Rail Defect,High,3,4,1,2025-04-16,2025-04-27,0,72,2,Corrective,No,Yes,Completed
TMS002414,AST002237,Track,C00030,118.6,Ballast deficiency,Ballast Defect,Low,2,2,1,2025-06-13,2025-08-09,0,169,5,Preventive,No,Yes,Scheduled
TMS002415,AST001597,Turnout,C00061,14.5,Scheduled inspection,Inspection,High,3,3,1,2025-04-27,2025-05-08,54,48,2,Inspection,No,Yes,Open
TMS002416,AST003268,Crossing,C00040,34.4,Weld defect,Rail Defect,High,3,4,4,2025-06-30,2025-07-09,0,93,2,Corrective,No,Yes,Open
TMS002417,AST003936,Switch,C00061,13.6,Corrective maintenance,Corrective,Medium,3,3,1,2025-02-10,2025-03-02,0,221,3,Corrective,No,Yes,Completed
TMS002418,AST004132,Rail,C00010,29.7,Corrective maintenance,Corrective,High,4,4,3,2025-02-08,2025-02-16,135,250,5,Corrective,No,Yes,Scheduled
TMS002419,AST001642,Crossing,C00023,21.1,Gauge defect,Track Geometry,High,3,4,3,2025-06-10,2025-06-23,8,182,3,Corrective,No,Yes,Open
TMS002420,AST004267,Rail,C00043,3.2,Sleeper damage,Sleeper Defect,Medium,2,3,1,2025-06-25,2025-07-17,0,149,3,Preventive,No,Yes,Open
TMS002421,AST000007,Turnout,C00084,174.3,Weld defect,Rail Defect,Low,3,2,2,2025-05-25,2025-07-22,0,137,4,Preventive,No,Yes,In Progress
TMS002422,AST000368,Ballast,C00023,21.9,Track geometry defect,Track Geometry,High,4,2,2,2025-02-20,2025-03-05,118,203,4,Corrective,No,Yes,Open
TMS002423,AST004842,Crossing,C00077,0.4,Turnout wear,Turnout/Switch Defect,Medium,4,3,2,2025-05-06,2025-05-25,37,229,4,Preventive,No,Yes,Scheduled
TMS002424,AST002968,Rail,C00079,50.1,Turnout wear,Turnout/Switch Defect,High,4,4,3,2025-06-15,2025-06-24,7,227,4,Corrective,No,Yes,Open
TMS002425,AST003105,Track,C00022,120.3,Turnout wear,Turnout/Switch Defect,Critical,5,5,4,2025-06-21,2025-06-27,4,321,5,Corrective,No,Yes,Open
TMS002426,AST001677,Bridge,C00075,45.6,Alignment defect,Track Geometry,High,3,3,4,2025-06-23,2025-07-03,0,258,4,Corrective,No,Yes,Open
TMS002427,AST000534,Turnout,C00037,32.8,Track geometry defect,Track Geometry,Low,3,2,1,2025-05-16,2025-06-30,1,205,3,Preventive,Yes,Yes,Scheduled
TMS002428,AST004214,Sleeper,C00048,20.2,Turnout wear,Turnout/Switch Defect,Critical,5,4,4,2025-03-18,2025-03-24,99,308,5,Corrective,Yes,No,Open
TMS002429,AST001251,Turnout,C00022,63.0,Rail wear,Rail Defect,Low,3,1,2,2025-06-18,2025-08-09,0,178,3,Preventive,No,Yes,Completed
TMS002430,AST004396,Switch,C00011,156.8,Ballast deficiency,Ballast Defect,Medium,4,3,1,2025-03-03,2025-03-23,0,96,4,Preventive,Yes,Yes,Completed
TMS002431,AST000486,Crossing,C00060,16.5,Gauge defect,Track Geometry,Low,2,1,2,2025-06-27,2025-08-04,0,211,4,Preventive,No,Yes,Completed
TMS002432,AST001570,Crossing,C00091,203.9,Preventive maintenance,Preventive,Critical,4,4,3,2025-06-15,2025-06-21,10,67,5,Preventive,No,Yes,Open
TMS002433,AST002914,Ballast,C00035,63.6,Turnout wear,Turnout/Switch Defect,Medium,3,3,1,2025-06-27,2025-07-20,0,218,5,Preventive,No,Yes,Scheduled
TMS002434,AST000633,Weld,C00063,11.0,Drainage issue,Drainage,Low,2,2,1,2025-06-28,2025-08-04,0,103,3,Preventive,Yes,No,Deferred
TMS002435,AST002789,Sleeper,C00047,14.8,Turnout wear,Turnout/Switch Defect,High,2,4,4,2025-05-12,2025-05-20,42,213,3,Corrective,No,Yes,Scheduled
TMS002436,AST001957,Sleeper,C00035,10.9,Preventive maintenance,Preventive,Low,3,2,2,2025-06-24,2025-08-12,0,42,2,Preventive,No,Yes,Completed
TMS002437,AST002822,Ballast,C00059,129.7,Corrective maintenance,Corrective,Low,2,1,1,2025-06-14,2025-07-14,0,204,4,Corrective,No,Yes,Scheduled
TMS002438,AST004761,Weld,C00095,51.7,Rail crack,Rail Defect,Low,1,3,3,2025-06-28,2025-08-01,0,124,4,Preventive,Yes,No,Open
TMS002439,AST000425,Crossing,C00095,51.7,Gauge defect,Track Geometry,Medium,3,2,1,2025-05-23,2025-06-12,19,158,3,Preventive,No,Yes,Open
TMS002440,AST000773,Ballast,C00021,38.9,Rail wear,Rail Defect,Low,3,2,1,2025-06-17,2025-07-28,0,133,5,Preventive,No,Yes,Open
TMS002441,AST002165,Rail,C00072,48.6,Drainage issue,Drainage,Low,3,2,1,2025-02-24,2025-04-19,73,101,3,Preventive,Yes,Yes,Open
TMS002442,AST002277,Switch,C00092,27.4,Ballast deficiency,Ballast Defect,Low,2,2,3,2025-06-26,2025-07-31,0,165,3,Preventive,Yes,Yes,Completed
TMS002443,AST003544,Weld,C00094,30.7,Alignment defect,Track Geometry,Medium,4,3,2,2025-06-16,2025-07-06,0,176,5,Preventive,No,Yes,Completed
TMS002444,AST001159,Bridge,C00056,34.6,Preventive maintenance,Preventive,Medium,3,1,2,2025-05-27,2025-06-16,15,73,3,Preventive,No,Yes,In Progress
TMS002445,AST001152,Weld,C00085,61.5,Drainage issue,Drainage,Medium,2,3,2,2025-05-21,2025-06-13,0,73,3,Preventive,Yes,Yes,Completed
TMS002446,AST001803,Crossing,C00072,5.5,Alignment defect,Track Geometry,Medium,2,2,1,2025-03-28,2025-04-12,0,150,3,Preventive,Yes,Yes,Completed
TMS002447,AST005029,Switch,C00084,274.9,Scheduled inspection,Inspection,High,4,3,3,2025-03-14,2025-03-23,0,40,2,Inspection,No,No,Completed
TMS002448,AST005275,Bridge,C00035,88.1,Gauge defect,Track Geometry,Low,2,2,2,2025-06-23,2025-08-05,0,140,2,Preventive,No,Yes,Open
TMS002449,AST004370,Weld,C00061,32.9,Scheduled inspection,Inspection,Low,2,1,2,2025-02-14,2025-04-01,91,107,5,Inspection,No,No,Open
TMS002450,AST002319,Sleeper,C00004,70.7,Rail wear,Rail Defect,Low,4,2,1,2025-06-20,2025-08-08,0,145,6,Preventive,No,Yes,Scheduled
TMS002451,AST001193,Rail,C00023,21.4,Alignment defect,Track Geometry,Critical,5,4,3,2025-06-15,2025-06-21,10,172,2,Corrective,Yes,Yes,Open
TMS002452,AST000757,Switch,C00045,12.2,Turnout wear,Turnout/Switch Defect,Critical,4,4,3,2025-05-27,2025-06-01,30,307,6,Corrective,No,Yes,Scheduled
TMS002453,AST002435,Sleeper,C00022,115.5,Rail crack,Rail Defect,Critical,5,3,3,2025-05-16,2025-05-19,43,318,4,Corrective,Yes,Yes,In Progress
TMS002454,AST002949,Weld,C00056,17.1,Turnout wear,Turnout/Switch Defect,Medium,3,2,2,2025-06-30,2025-07-22,0,226,3,Preventive,No,Yes,Scheduled
TMS002455,AST004975,Turnout,C00089,79.6,Rail wear,Rail Defect,Medium,2,3,3,2025-05-09,2025-06-06,25,113,2,Preventive,No,Yes,In Progress
TMS002456,AST001369,Rail,C00046,19.5,Sleeper damage,Sleeper Defect,Low,3,2,2,2025-06-12,2025-07-15,0,147,3,Preventive,No,Yes,Open
TMS002457,AST002774,Ballast,C00001,195.2,Turnout wear,Turnout/Switch Defect,Low,2,2,1,2025-06-24,2025-08-05,0,161,4,Preventive,No,No,Scheduled
TMS002458,AST001214,Turnout,C00010,37.4,Gauge defect,Track Geometry,Low,2,1,2,2025-06-26,2025-08-04,0,204,4,Preventive,No,Yes,Scheduled
TMS002459,AST004822,Crossing,C00034,5.5,Turnout wear,Turnout/Switch Defect,Critical,4,5,4,2025-04-15,2025-04-19,73,240,6,Corrective,No,Yes,Open
TMS002460,AST005085,Track,C00008,67.9,Drainage issue,Drainage,Medium,4,2,2,2025-05-20,2025-06-13,18,55,3,Preventive,Yes,Yes,Open
TMS002461,AST001573,Crossing,C00002,82.0,Track geometry defect,Track Geometry,High,2,4,1,2025-06-26,2025-07-10,0,239,4,Corrective,Yes,Yes,Scheduled
TMS002462,AST000054,Crossing,C00087,161.2,Preventive maintenance,Preventive,High,2,4,2,2025-04-06,2025-04-15,77,137,4,Preventive,No,Yes,Open
TMS002463,AST001111,Bridge,C00082,56.8,Rail wear,Rail Defect,High,3,3,3,2025-06-20,2025-07-04,0,161,4,Corrective,No,Yes,Scheduled
TMS002464,AST004663,Ballast,C00034,22.0,Rail crack,Rail Defect,Low,3,1,2,2025-06-11,2025-07-15,0,162,6,Preventive,Yes,Yes,Scheduled
TMS002465,AST003025,Bridge,C00050,2.9,Rail wear,Rail Defect,Low,2,1,2,2025-06-11,2025-07-18,0,187,3,Preventive,No,Yes,Deferred
TMS002466,AST003527,Switch,C00012,116.7,Ballast deficiency,Ballast Defect,Medium,2,2,2,2025-06-19,2025-07-07,0,180,2,Preventive,Yes,Yes,Scheduled
TMS002467,AST001419,Rail,C00008,111.9,Weld defect,Rail Defect,Low,2,1,1,2025-06-01,2025-07-10,0,110,2,Preventive,No,Yes,Deferred
TMS002468,AST005263,Crossing,C00060,45.2,Rail wear,Rail Defect,Low,3,3,1,2025-06-27,2025-08-05,0,102,2,Preventive,No,Yes,Scheduled
TMS002469,AST001223,Track,C00099,7.5,Drainage issue,Drainage,High,3,3,2,2025-06-21,2025-06-30,1,124,3,Corrective,Yes,Yes,Open
TMS002470,AST000261,Switch,C00069,284.6,Turnout wear,Turnout/Switch Defect,Low,2,2,1,2025-06-27,2025-08-16,0,211,5,Preventive,No,Yes,Completed
TMS002471,AST001662,Crossing,C00016,10.4,Rail wear,Rail Defect,High,3,4,3,2025-06-16,2025-06-26,5,138,2,Corrective,No,Yes,Open
TMS002472,AST003066,Turnout,C00021,27.7,Track geometry defect,Track Geometry,Medium,2,2,3,2025-04-03,2025-04-23,69,173,3,Preventive,Yes,Yes,Scheduled
TMS002473,AST005044,Switch,C00055,45.3,Alignment defect,Track Geometry,High,3,3,2,2025-06-29,2025-07-11,0,113,3,Corrective,No,Yes,Open
TMS002474,AST003583,Switch,C00030,14.4,Gauge defect,Track Geometry,Low,3,2,1,2025-05-02,2025-06-08,0,194,3,Preventive,No,Yes,Completed
TMS002475,AST003682,Crossing,C00023,29.7,Scheduled inspection,Inspection,Low,2,2,1,2025-05-22,2025-07-12,0,72,1,Inspection,No,No,Open
TMS002476,AST003372,Track,C00045,127.9,Ballast deficiency,Ballast Defect,Medium,3,3,1,2025-06-17,2025-07-15,0,177,2,Preventive,Yes,Yes,Open
TMS002477,AST002045,Crossing,C00043,15.7,Ballast deficiency,Ballast Defect,Low,4,3,1,2025-06-18,2025-07-21,0,135,2,Preventive,Yes,Yes,Open
TMS002478,AST002631,Weld,C00032,18.8,Corrective maintenance,Corrective,Medium,3,3,1,2025-06-17,2025-07-04,0,204,4,Corrective,No,Yes,Completed
TMS002479,AST001837,Weld,C00002,5.9,Scheduled inspection,Inspection,Critical,1,5,2,2025-06-03,2025-06-08,23,55,3,Inspection,No,No,Scheduled
TMS002480,AST001227,Ballast,C00022,100.0,Scheduled inspection,Inspection,High,3,4,3,2025-06-07,2025-06-17,14,73,4,Inspection,Yes,No,Open
TMS002481,AST003057,Crossing,C00070,17.0,Gauge defect,Track Geometry,Medium,2,3,3,2025-05-07,2025-05-31,31,213,3,Preventive,No,Yes,Open
TMS002482,AST002945,Sleeper,C00099,4.9,Alignment defect,Track Geometry,Medium,2,2,2,2025-02-20,2025-03-15,108,133,3,Preventive,Yes,Yes,Scheduled
TMS002483,AST003458,Switch,C00065,44.2,Weld defect,Rail Defect,Low,2,2,1,2025-05-29,2025-07-07,0,93,4,Preventive,No,Yes,Completed
TMS002484,AST003232,Crossing,C00038,7.8,Scheduled inspection,Inspection,Medium,3,2,4,2025-05-17,2025-06-10,21,33,3,Inspection,No,Yes,Open
TMS002485,AST001120,Track,C00009,14.8,Weld defect,Rail Defect,High,4,3,3,2025-06-13,2025-06-24,7,84,4,Corrective,No,Yes,Scheduled
TMS002486,AST000912,Ballast,C00051,20.9,Preventive maintenance,Preventive,Medium,2,2,3,2025-06-01,2025-06-20,11,61,3,Preventive,No,Yes,Scheduled
TMS002487,AST004416,Weld,C00030,92.8,Track geometry defect,Track Geometry,Low,3,1,1,2025-06-24,2025-08-10,0,115,3,Preventive,Yes,Yes,Scheduled
TMS002488,AST002298,Turnout,C00088,100.3,Weld defect,Rail Defect,Low,3,2,2,2025-05-12,2025-06-21,10,91,4,Preventive,No,No,Open
TMS002489,AST003582,Sleeper,C00083,36.7,Track geometry defect,Track Geometry,Low,3,2,2,2025-05-01,2025-06-18,13,208,5,Preventive,Yes,Yes,Open
TMS002490,AST001964,Rail,C00006,5.1,Drainage issue,Drainage,Medium,4,2,3,2025-04-15,2025-05-10,52,94,2,Preventive,Yes,Yes,Open
TMS002491,AST004763,Crossing,C00007,45.8,Alignment defect,Track Geometry,High,5,4,2,2025-06-22,2025-07-01,0,130,2,Corrective,Yes,Yes,Open
TMS002492,AST000648,Weld,C00033,78.2,Drainage issue,Drainage,Medium,4,2,2,2025-06-28,2025-07-22,0,82,3,Preventive,No,Yes,Open
TMS002493,AST003092,Sleeper,C00040,97.3,Rail crack,Rail Defect,Critical,3,5,3,2025-03-18,2025-03-23,100,264,5,Corrective,Yes,Yes,Scheduled
TMS002494,AST001770,Ballast,C00014,47.0,Rail wear,Rail Defect,Low,3,2,1,2025-02-27,2025-04-14,0,84,3,Preventive,Yes,Yes,Completed
TMS002495,AST000479,Track,C00027,20.8,Rail wear,Rail Defect,Critical,4,4,4,2025-06-24,2025-06-29,2,241,4,Corrective,No,Yes,Open
TMS002496,AST001217,Weld,C00050,50.0,Turnout wear,Turnout/Switch Defect,Medium,3,2,1,2025-06-14,2025-07-06,0,201,4,Preventive,No,Yes,Open
TMS002497,AST004251,Weld,C00058,47.6,Turnout wear,Turnout/Switch Defect,Medium,5,2,3,2025-05-05,2025-05-27,0,308,3,Preventive,No,Yes,Completed
TMS002498,AST004708,Turnout,C00026,92.9,Ballast deficiency,Ballast Defect,Medium,4,3,2,2025-06-09,2025-06-27,4,114,3,Preventive,Yes,Yes,In Progress
TMS002499,AST004853,Rail,C00007,187.3,Ballast deficiency,Ballast Defect,Medium,3,2,2,2025-06-13,2025-07-07,0,140,3,Preventive,Yes,Yes,Completed
TMS002500,AST000509,Bridge,C00055,62.7,Rail wear,Rail Defect,Medium,2,2,2,2025-05-19,2025-06-15,16,87,1,Preventive,Yes,Yes,Open
TMS002501,AST000557,Ballast,C00074,1.2,Preventive maintenance,Preventive,Low,2,3,1,2025-03-28,2025-05-06,56,57,1,Preventive,No,Yes,Open
TMS002502,AST002149,Sleeper,C00088,63.5,Drainage issue,Drainage,Low,2,1,2,2025-03-25,2025-05-14,48,31,1,Preventive,Yes,Yes,Open
TMS002503,AST004744,Crossing,C00005,85.3,Turnout wear,Turnout/Switch Defect,Low,3,2,1,2025-03-25,2025-05-10,52,175,5,Preventive,No,Yes,Open
TMS002504,AST001025,Turnout,C00080,6.6,Gauge defect,Track Geometry,Medium,3,3,1,2025-06-02,2025-06-22,9,150,3,Preventive,Yes,Yes,Open
TMS002505,AST002522,Track,C00100,4.2,Track geometry defect,Track Geometry,Critical,3,5,3,2025-04-02,2025-04-06,86,265,4,Corrective,Yes,Yes,Open
TMS002506,AST005042,Bridge,C00019,104.5,Weld defect,Rail Defect,Critical,4,4,4,2025-06-25,2025-06-30,1,160,2,Corrective,No,Yes,In Progress
TMS002507,AST000698,Ballast,C00026,329.5,Corrective maintenance,Corrective,Low,3,1,1,2025-05-06,2025-06-26,0,300,5,Corrective,Yes,Yes,Completed
TMS002508,AST004908,Weld,C00019,23.6,Preventive maintenance,Preventive,Low,3,1,2,2025-04-11,2025-06-07,0,84,3,Preventive,No,Yes,Completed
TMS002509,AST000105,Ballast,C00045,67.5,Rail crack,Rail Defect,Low,3,2,1,2025-05-03,2025-06-03,28,156,3,Preventive,Yes,Yes,In Progress
TMS002510,AST003977,Switch,C00045,16.1,Preventive maintenance,Preventive,Medium,4,3,2,2025-06-06,2025-06-25,6,72,2,Preventive,No,Yes,Deferred
TMS002511,AST004821,Bridge,C00027,93.5,Gauge defect,Track Geometry,High,2,3,2,2025-05-02,2025-05-13,49,186,3,Corrective,No,Yes,Deferred
TMS002512,AST000567,Bridge,C00018,51.0,Turnout wear,Turnout/Switch Defect,Medium,3,2,2,2025-06-27,2025-07-14,0,214,2,Preventive,Yes,Yes,Deferred
TMS002513,AST005075,Track,C00009,48.9,Weld defect,Rail Defect,Medium,2,2,1,2025-06-11,2025-07-01,0,128,3,Preventive,No,Yes,Open
TMS002514,AST000385,Ballast,C00093,37.5,Turnout wear,Turnout/Switch Defect,Medium,4,3,2,2025-06-24,2025-07-15,0,197,4,Preventive,No,Yes,Completed
TMS002515,AST002007,Crossing,C00010,24.0,Preventive maintenance,Preventive,Medium,3,4,2,2025-02-27,2025-03-28,95,42,3,Preventive,No,Yes,In Progress
TMS002516,AST003528,Track,C00001,375.3,Preventive maintenance,Preventive,Low,3,2,2,2025-03-07,2025-04-15,77,67,3,Preventive,No,Yes,Open
TMS002517,AST002774,Ballast,C00001,195.2,Corrective maintenance,Corrective,Low,2,2,2,2025-06-30,2025-08-10,0,226,4,Corrective,No,Yes,Open
TMS002518,AST001897,Track,C00028,57.4,Scheduled inspection,Inspection,Low,2,1,1,2025-05-21,2025-07-05,0,50,2,Inspection,No,No,Open
TMS002519,AST000804,Track,C00048,50.9,Gauge defect,Track Geometry,Low,1,1,1,2025-03-14,2025-04-23,69,166,1,Preventive,No,Yes,Open
TMS002520,AST000191,Weld,C00097,13.7,Preventive maintenance,Preventive,High,5,5,2,2025-02-23,2025-03-06,117,50,2,Preventive,Yes,Yes,Open
TMS002521,AST003250,Switch,C00046,15.5,Gauge defect,Track Geometry,Medium,3,2,1,2025-02-28,2025-03-26,97,201,4,Preventive,No,No,Scheduled
TMS002522,AST003989,Track,C00093,13.3,Ballast deficiency,Ballast Defect,Medium,2,3,3,2025-06-26,2025-07-18,0,140,3,Preventive,Yes,Yes,Open
TMS002523,AST001704,Ballast,C00016,29.7,Rail crack,Rail Defect,Medium,4,2,2,2025-05-11,2025-05-31,31,217,4,Preventive,Yes,No,Scheduled
TMS002524,AST003564,Switch,C00006,0.0,Rail wear,Rail Defect,Medium,4,2,1,2025-05-19,2025-06-05,26,159,4,Preventive,No,No,Open
TMS002525,AST004307,Crossing,C00079,13.4,Turnout wear,Turnout/Switch Defect,Low,3,1,1,2025-06-18,2025-07-30,0,262,3,Preventive,No,Yes,Completed
TMS002526,AST003038,Bridge,C00097,6.4,Scheduled inspection,Inspection,High,2,4,2,2025-05-29,2025-06-09,0,43,2,Inspection,No,Yes,Completed
TMS002527,AST001964,Rail,C00006,5.1,Alignment defect,Track Geometry,Low,3,2,2,2025-02-05,2025-03-19,104,187,3,Preventive,Yes,No,Scheduled
TMS002528,AST002430,Rail,C00062,38.0,Sleeper damage,Sleeper Defect,Low,2,2,2,2025-06-08,2025-07-24,0,86,1,Preventive,Yes,Yes,Open
TMS002529,AST004193,Switch,C00076,121.9,Track geometry defect,Track Geometry,High,4,3,2,2025-06-14,2025-06-24,7,228,4,Corrective,No,Yes,In Progress
TMS002530,AST004324,Rail,C00082,86.0,Turnout wear,Turnout/Switch Defect,Medium,3,3,2,2025-02-22,2025-03-18,105,211,2,Preventive,No,Yes,Open
TMS002531,AST001977,Sleeper,C00043,6.8,Rail wear,Rail Defect,Low,2,1,1,2025-04-01,2025-05-24,38,101,2,Preventive,No,Yes,Open
TMS002532,AST004219,Turnout,C00005,54.4,Turnout wear,Turnout/Switch Defect,Medium,4,3,2,2025-06-26,2025-07-19,0,89,1,Preventive,No,Yes,Completed
TMS002533,AST001114,Bridge,C00093,76.4,Weld defect,Rail Defect,Low,2,2,1,2025-02-06,2025-03-27,96,157,1,Preventive,No,Yes,Open
TMS002534,AST002087,Crossing,C00031,54.0,Track geometry defect,Track Geometry,High,3,4,4,2025-04-22,2025-05-03,59,241,3,Corrective,No,No,Open
TMS002535,AST000940,Turnout,C00047,24.4,Corrective maintenance,Corrective,Medium,3,2,3,2025-06-06,2025-06-23,8,295,5,Corrective,No,Yes,Scheduled
TMS002536,AST002230,Weld,C00099,8.9,Weld defect,Rail Defect,Low,2,2,3,2025-05-25,2025-07-11,0,128,3,Preventive,Yes,Yes,In Progress
TMS002537,AST000202,Sleeper,C00023,2.4,Sleeper damage,Sleeper Defect,Medium,1,3,2,2025-06-22,2025-07-13,0,62,3,Preventive,No,No,Open
TMS002538,AST002989,Weld,C00087,170.4,Drainage issue,Drainage,Low,2,1,2,2025-05-09,2025-07-02,0,125,2,Preventive,Yes,Yes,Open
TMS002539,AST002390,Switch,C00070,8.9,Preventive maintenance,Preventive,High,3,4,3,2025-06-12,2025-06-23,0,105,1,Preventive,No,Yes,Completed
TMS002540,AST003916,Track,C00036,40.5,Scheduled inspection,Inspection,Low,3,2,1,2025-05-14,2025-06-25,6,44,3,Inspection,No,Yes,In Progress
TMS002541,AST001700,Ballast,C00051,55.8,Corrective maintenance,Corrective,Medium,3,4,2,2025-05-04,2025-05-28,34,212,4,Corrective,No,Yes,Scheduled
TMS002542,AST002696,Bridge,C00089,21.6,Preventive maintenance,Preventive,Medium,1,2,2,2025-06-02,2025-06-24,7,80,4,Preventive,No,Yes,Open
TMS002543,AST004315,Track,C00080,23.8,Weld defect,Rail Defect,Critical,5,4,3,2025-05-08,2025-05-14,48,98,1,Corrective,No,Yes,Open
TMS002544,AST003180,Ballast,C00045,111.3,Sleeper damage,Sleeper Defect,Low,3,1,1,2025-06-13,2025-07-17,0,164,2,Preventive,No,Yes,Completed
TMS002545,AST001057,Switch,C00041,30.2,Rail wear,Rail Defect,High,4,3,3,2025-02-15,2025-02-27,124,192,6,Corrective,No,Yes,Scheduled
TMS002546,AST000374,Bridge,C00054,37.1,Weld defect,Rail Defect,Low,2,2,1,2025-04-02,2025-05-14,0,176,4,Preventive,No,Yes,Completed
TMS002547,AST003077,Ballast,C00083,41.7,Turnout wear,Turnout/Switch Defect,Low,3,2,2,2025-05-07,2025-06-23,8,333,4,Preventive,No,Yes,In Progress
TMS002548,AST001067,Weld,C00080,33.2,Rail crack,Rail Defect,Low,3,1,2,2025-03-20,2025-05-05,57,282,3,Preventive,Yes,Yes,Open
TMS002549,AST002998,Weld,C00058,63.5,Drainage issue,Drainage,Low,4,1,1,2025-04-02,2025-05-24,38,42,5,Preventive,Yes,No,Scheduled
TMS002550,AST003622,Track,C00001,174.7,Track geometry defect,Track Geometry,Critical,5,5,3,2025-06-27,2025-07-02,0,271,4,Corrective,Yes,Yes,In Progress
TMS002551,AST000745,Switch,C00031,17.5,Gauge defect,Track Geometry,High,4,3,3,2025-06-20,2025-07-02,0,137,3,Corrective,No,No,Scheduled
TMS002552,AST000753,Sleeper,C00036,20.4,Ballast deficiency,Ballast Defect,High,3,3,3,2025-06-27,2025-07-09,0,119,3,Corrective,Yes,Yes,Open
TMS002553,AST002994,Bridge,C00008,73.7,Preventive maintenance,Preventive,Low,3,2,2,2025-06-23,2025-08-04,0,43,5,Preventive,No,Yes,Open
TMS002554,AST003669,Bridge,C00042,26.0,Weld defect,Rail Defect,High,2,3,2,2025-05-04,2025-05-12,50,139,2,Corrective,No,No,Open
TMS002555,AST000013,Bridge,C00001,354.9,Preventive maintenance,Preventive,Medium,3,2,2,2025-05-20,2025-06-06,25,86,2,Preventive,No,Yes,Deferred
TMS002556,AST004642,Weld,C00093,27.8,Ballast deficiency,Ballast Defect,Low,2,1,1,2025-05-12,2025-06-23,8,162,4,Preventive,No,Yes,In Progress
TMS002557,AST003523,Bridge,C00030,118.6,Preventive maintenance,Preventive,Low,2,2,1,2025-06-25,2025-08-13,0,101,2,Preventive,No,Yes,Completed
TMS002558,AST002589,Crossing,C00018,87.5,Drainage issue,Drainage,Medium,3,2,3,2025-05-30,2025-06-19,12,48,3,Preventive,Yes,Yes,Scheduled
TMS002559,AST003367,Crossing,C00054,7.1,Corrective maintenance,Corrective,Medium,2,4,3,2025-06-14,2025-07-04,0,267,4,Corrective,No,Yes,Completed
TMS002560,AST003291,Ballast,C00038,101.8,Preventive maintenance,Preventive,Critical,2,5,5,2025-06-23,2025-06-29,2,76,2,Preventive,No,Yes,Scheduled
TMS002561,AST000849,Ballast,C00067,7.0,Rail wear,Rail Defect,Low,2,1,2,2025-06-18,2025-07-28,0,89,3,Preventive,No,Yes,Open
TMS002562,AST000353,Track,C00083,87.3,Turnout wear,Turnout/Switch Defect,Medium,4,3,3,2025-03-30,2025-04-19,73,213,3,Preventive,No,Yes,Open
TMS002563,AST004304,Rail,C00047,34.4,Gauge defect,Track Geometry,Medium,3,2,1,2025-06-04,2025-06-27,0,177,2,Preventive,No,Yes,Completed
TMS002564,AST000477,Crossing,C00011,110.6,Weld defect,Rail Defect,High,4,4,2,2025-06-06,2025-06-13,18,93,3,Corrective,No,Yes,Open
TMS002565,AST002165,Rail,C00072,48.6,Scheduled inspection,Inspection,Low,1,3,2,2025-03-06,2025-04-18,74,31,2,Inspection,No,Yes,Scheduled
TMS002566,AST001749,Switch,C00077,2.9,Ballast deficiency,Ballast Defect,Low,2,2,2,2025-03-31,2025-05-10,52,156,3,Preventive,Yes,Yes,Scheduled
TMS002567,AST002570,Ballast,C00049,111.0,Alignment defect,Track Geometry,High,4,4,3,2025-06-15,2025-06-26,5,142,3,Corrective,Yes,Yes,Open
TMS002568,AST003525,Rail,C00041,34.1,Gauge defect,Track Geometry,Low,3,2,2,2025-03-13,2025-05-01,61,148,2,Preventive,No,Yes,Open
TMS002569,AST004556,Sleeper,C00051,30.4,Sleeper damage,Sleeper Defect,Low,3,2,1,2025-06-30,2025-08-19,0,90,2,Preventive,No,Yes,Open
TMS002570,AST001224,Crossing,C00008,127.8,Track geometry defect,Track Geometry,Low,2,2,2,2025-05-15,2025-06-28,3,131,4,Preventive,Yes,Yes,Open
TMS002571,AST001151,Turnout,C00008,45.1,Track geometry defect,Track Geometry,Low,2,2,1,2025-05-06,2025-06-18,13,194,3,Preventive,No,No,Open
TMS002572,AST002825,Rail,C00065,47.5,Gauge defect,Track Geometry,Low,3,2,2,2025-06-06,2025-07-28,0,206,6,Preventive,No,Yes,Open
TMS002573,AST002677,Track,C00058,23.0,Track geometry defect,Track Geometry,Medium,2,2,1,2025-05-06,2025-06-01,30,165,3,Preventive,Yes,Yes,Scheduled
TMS002574,AST002893,Crossing,C00047,58.5,Rail crack,Rail Defect,Medium,2,2,1,2025-06-30,2025-07-24,0,160,4,Preventive,Yes,Yes,Open
TMS002575,AST002931,Rail,C00070,6.5,Preventive maintenance,Preventive,Medium,4,3,3,2025-06-12,2025-07-02,0,64,3,Preventive,No,Yes,Scheduled
TMS002576,AST002801,Bridge,C00063,28.0,Turnout wear,Turnout/Switch Defect,Low,1,2,1,2025-06-30,2025-08-09,0,224,4,Preventive,No,Yes,Deferred
TMS002577,AST000024,Crossing,C00041,17.4,Sleeper damage,Sleeper Defect,High,2,3,3,2025-05-16,2025-05-26,0,69,4,Corrective,No,Yes,Completed
TMS002578,AST000297,Track,C00050,6.2,Rail wear,Rail Defect,Medium,4,2,2,2025-06-15,2025-07-14,0,145,3,Preventive,Yes,Yes,Open
TMS002579,AST001364,Bridge,C00081,60.4,Gauge defect,Track Geometry,Medium,3,3,1,2025-06-16,2025-07-12,0,146,3,Preventive,No,Yes,Completed
TMS002580,AST000427,Track,C00086,201.2,Ballast deficiency,Ballast Defect,Low,2,2,2,2025-06-09,2025-07-27,0,80,2,Preventive,Yes,Yes,Completed
TMS002581,AST001133,Switch,C00076,100.4,Rail wear,Rail Defect,Low,2,2,2,2025-04-13,2025-05-28,34,114,3,Preventive,Yes,Yes,Scheduled
TMS002582,AST003737,Track,C00091,135.6,Preventive maintenance,Preventive,Low,3,2,1,2025-06-28,2025-08-08,0,71,4,Preventive,No,Yes,Scheduled
TMS002583,AST004114,Crossing,C00032,18.8,Gauge defect,Track Geometry,High,4,4,2,2025-06-16,2025-06-29,2,106,5,Corrective,No,Yes,Open
TMS002584,AST004076,Switch,C00043,14.5,Ballast deficiency,Ballast Defect,Medium,3,4,2,2025-06-25,2025-07-16,0,102,4,Preventive,No,Yes,Open
TMS002585,AST002853,Switch,C00053,19.2,Alignment defect,Track Geometry,Low,3,2,3,2025-06-30,2025-08-11,0,140,4,Preventive,Yes,Yes,Open
TMS002586,AST003242,Switch,C00100,5.3,Corrective maintenance,Corrective,Critical,3,5,3,2025-06-24,2025-06-29,0,261,6,Corrective,No,Yes,Completed
TMS002587,AST003917,Sleeper,C00019,135.3,Alignment defect,Track Geometry,Medium,4,2,2,2025-06-07,2025-06-27,4,234,5,Preventive,No,Yes,Open
TMS002588,AST000168,Turnout,C00012,58.3,Alignment defect,Track Geometry,Medium,2,2,4,2025-04-29,2025-05-22,0,166,5,Preventive,No,Yes,Completed
TMS002589,AST004311,Rail,C00015,62.0,Sleeper damage,Sleeper Defect,Low,3,2,1,2025-05-11,2025-06-15,16,87,5,Preventive,No,No,Open
TMS002590,AST004726,Bridge,C00023,23.1,Scheduled inspection,Inspection,Critical,4,5,2,2025-06-27,2025-07-02,0,51,2,Inspection,No,Yes,Scheduled
TMS002591,AST003564,Switch,C00006,0.0,Preventive maintenance,Preventive,Medium,3,2,3,2025-06-21,2025-07-11,0,91,3,Preventive,No,Yes,Open
TMS002592,AST002313,Crossing,C00052,35.6,Rail crack,Rail Defect,Medium,3,2,2,2025-06-16,2025-07-09,0,198,2,Preventive,Yes,Yes,Open
TMS002593,AST001576,Switch,C00028,1.5,Track geometry defect,Track Geometry,Low,3,1,2,2025-06-30,2025-08-08,0,206,2,Preventive,Yes,Yes,Completed
TMS002594,AST000877,Ballast,C00038,61.0,Track geometry defect,Track Geometry,Low,3,2,2,2025-05-18,2025-06-29,0,222,3,Preventive,Yes,Yes,Completed
TMS002595,AST001141,Weld,C00088,35.4,Rail wear,Rail Defect,Critical,5,5,4,2025-06-11,2025-06-16,0,200,5,Corrective,No,Yes,Completed
TMS002596,AST005218,Track,C00097,0.7,Drainage issue,Drainage,Low,1,2,2,2025-03-03,2025-04-24,68,141,4,Preventive,Yes,Yes,Open
TMS002597,AST000848,Switch,C00002,29.9,Ballast deficiency,Ballast Defect,Low,1,2,1,2025-03-08,2025-04-16,76,141,4,Preventive,No,Yes,Scheduled
TMS002598,AST000885,Rail,C00035,1.3,Gauge defect,Track Geometry,Low,1,2,1,2025-06-04,2025-07-19,0,165,2,Preventive,No,No,Open
TMS002599,AST002259,Rail,C00054,22.4,Rail crack,Rail Defect,Medium,3,2,2,2025-04-03,2025-04-20,0,197,3,Preventive,Yes,Yes,Completed
TMS002600,AST003570,Ballast,C00011,105.1,Turnout wear,Turnout/Switch Defect,Critical,4,4,3,2025-06-29,2025-07-05,0,264,6,Corrective,No,Yes,Deferred
TMS002601,AST000537,Ballast,C00059,218.8,Turnout wear,Turnout/Switch Defect,Low,3,1,1,2025-05-17,2025-06-30,1,261,3,Preventive,No,Yes,Deferred
TMS002602,AST004679,Sleeper,C00050,54.6,Alignment defect,Track Geometry,Low,2,2,3,2025-06-06,2025-07-19,0,180,4,Preventive,Yes,Yes,Completed
TMS002603,AST002049,Turnout,C00005,20.2,Weld defect,Rail Defect,Low,1,1,2,2025-06-20,2025-07-25,0,180,3,Preventive,No,Yes,Open
TMS002604,AST000409,Weld,C00049,0.2,Preventive maintenance,Preventive,High,4,3,3,2025-02-16,2025-02-23,128,48,2,Preventive,Yes,Yes,Scheduled
TMS002605,AST001839,Bridge,C00095,81.0,Preventive maintenance,Preventive,Critical,2,4,3,2025-06-13,2025-06-17,14,118,3,Preventive,Yes,Yes,Open
TMS002606,AST000829,Turnout,C00070,29.9,Scheduled inspection,Inspection,Low,1,3,2,2025-04-10,2025-05-19,43,93,2,Inspection,No,Yes,Scheduled
TMS002607,AST001969,Switch,C00013,8.6,Alignment defect,Track Geometry,High,3,4,3,2025-06-19,2025-06-28,0,212,4,Corrective,Yes,Yes,Completed
TMS002608,AST003702,Crossing,C00063,104.3,Corrective maintenance,Corrective,Medium,3,3,1,2025-04-21,2025-05-16,46,232,4,Corrective,No,No,Scheduled
TMS002609,AST002780,Weld,C00027,62.1,Scheduled inspection,Inspection,Medium,4,3,2,2025-06-09,2025-07-04,0,40,3,Inspection,No,No,Scheduled
TMS002610,AST002580,Sleeper,C00009,58.5,Drainage issue,Drainage,High,3,2,1,2025-02-26,2025-03-06,0,116,4,Corrective,Yes,Yes,Completed
TMS002611,AST004012,Rail,C00040,18.3,Turnout wear,Turnout/Switch Defect,Low,3,3,1,2025-05-31,2025-07-02,0,296,4,Preventive,Yes,Yes,Scheduled
TMS002612,AST001375,Rail,C00032,22.9,Gauge defect,Track Geometry,High,4,4,2,2025-03-18,2025-03-27,96,147,3,Corrective,No,Yes,Scheduled
TMS002613,AST000877,Ballast,C00038,61.0,Corrective maintenance,Corrective,Critical,3,4,3,2025-05-11,2025-05-17,0,351,4,Corrective,No,Yes,Completed
TMS002614,AST002925,Rail,C00027,72.9,Scheduled inspection,Inspection,Critical,4,4,4,2025-06-08,2025-06-12,19,50,2,Inspection,No,No,Open
TMS002615,AST000096,Bridge,C00072,50.3,Track geometry defect,Track Geometry,Low,3,3,2,2025-06-14,2025-07-14,0,191,3,Preventive,Yes,Yes,Completed
TMS002616,AST000432,Bridge,C00071,14.7,Rail crack,Rail Defect,High,4,4,3,2025-04-05,2025-04-15,77,185,3,Corrective,Yes,Yes,Open
TMS002617,AST000891,Weld,C00072,39.7,Track geometry defect,Track Geometry,Medium,2,3,2,2025-05-28,2025-06-20,0,220,4,Preventive,Yes,Yes,Completed
TMS002618,AST001069,Turnout,C00007,62.4,Ballast deficiency,Ballast Defect,Medium,3,2,2,2025-06-29,2025-07-28,0,124,4,Preventive,No,Yes,Scheduled
TMS002619,AST001894,Track,C00060,0.7,Alignment defect,Track Geometry,Critical,3,5,3,2025-05-18,2025-05-23,39,251,4,Corrective,Yes,Yes,Open
TMS002620,AST003793,Turnout,C00067,86.2,Track geometry defect,Track Geometry,High,3,4,3,2025-06-16,2025-06-26,5,163,4,Corrective,Yes,Yes,Open
TMS002621,AST005102,Bridge,C00027,34.8,Alignment defect,Track Geometry,Low,3,3,1,2025-05-02,2025-06-17,14,139,3,Preventive,Yes,Yes,Scheduled
TMS002622,AST004179,Sleeper,C00044,9.6,Alignment defect,Track Geometry,Low,3,2,2,2025-06-01,2025-07-12,0,192,5,Preventive,No,Yes,Completed
TMS002623,AST002139,Sleeper,C00016,27.8,Turnout wear,Turnout/Switch Defect,Medium,1,3,3,2025-06-05,2025-06-25,6,262,5,Preventive,No,Yes,Scheduled
TMS002624,AST003718,Bridge,C00067,121.7,Weld defect,Rail Defect,High,4,4,1,2025-02-04,2025-02-14,0,178,6,Corrective,No,Yes,Completed
TMS002625,AST003098,Rail,C00064,114.5,Preventive maintenance,Preventive,Medium,4,2,3,2025-05-13,2025-06-03,28,101,1,Preventive,No,Yes,In Progress
TMS002626,AST004794,Sleeper,C00018,76.2,Rail crack,Rail Defect,Medium,3,4,2,2025-06-09,2025-07-02,0,195,5,Preventive,Yes,Yes,Completed
TMS002627,AST000452,Turnout,C00013,68.8,Preventive maintenance,Preventive,Medium,4,3,1,2025-06-13,2025-07-02,0,31,4,Preventive,No,Yes,In Progress
TMS002628,AST002815,Switch,C00084,34.7,Scheduled inspection,Inspection,Low,3,2,1,2025-04-02,2025-05-25,0,83,3,Inspection,Yes,No,Completed
TMS002629,AST004954,Crossing,C00066,37.7,Weld defect,Rail Defect,Low,2,1,2,2025-06-25,2025-07-31,0,109,4,Preventive,No,Yes,Scheduled
TMS002630,AST001943,Track,C00079,39.6,Preventive maintenance,Preventive,Low,1,1,1,2025-06-28,2025-08-16,0,60,3,Preventive,No,Yes,Deferred
TMS002631,AST001920,Bridge,C00094,78.5,Corrective maintenance,Corrective,Low,2,3,1,2025-04-07,2025-06-02,29,237,3,Corrective,No,Yes,Open
TMS002632,AST000661,Weld,C00077,54.9,Weld defect,Rail Defect,Low,3,2,1,2025-05-25,2025-07-18,0,69,3,Preventive,No,Yes,Open
TMS002633,AST002481,Ballast,C00047,36.1,Weld defect,Rail Defect,Low,2,2,2,2025-05-02,2025-06-22,9,143,3,Preventive,No,Yes,In Progress
TMS002634,AST005083,Sleeper,C00095,44.6,Track geometry defect,Track Geometry,Critical,3,4,3,2025-02-13,2025-02-19,132,238,6,Corrective,Yes,Yes,Scheduled
TMS002635,AST003611,Track,C00029,90.1,Alignment defect,Track Geometry,Critical,1,4,3,2025-06-18,2025-06-23,8,244,5,Corrective,Yes,Yes,In Progress
TMS002636,AST001518,Ballast,C00064,79.2,Weld defect,Rail Defect,High,3,4,3,2025-05-06,2025-05-16,46,115,3,Corrective,No,Yes,In Progress
TMS002637,AST000849,Ballast,C00067,7.0,Sleeper damage,Sleeper Defect,Critical,4,4,2,2025-06-05,2025-06-11,20,229,5,Corrective,No,Yes,Open
TMS002638,AST002431,Ballast,C00094,102.3,Ballast deficiency,Ballast Defect,Medium,4,2,2,2025-02-11,2025-03-08,115,182,3,Preventive,No,Yes,Open
TMS002639,AST000975,Sleeper,C00092,4.4,Preventive maintenance,Preventive,High,4,4,2,2025-05-28,2025-06-09,22,65,2,Preventive,No,Yes,In Progress
TMS002640,AST003403,Weld,C00084,61.0,Drainage issue,Drainage,Medium,4,3,1,2025-05-23,2025-06-07,24,64,2,Preventive,No,Yes,Open
TMS002641,AST004908,Weld,C00019,23.6,Track geometry defect,Track Geometry,Low,4,2,1,2025-03-17,2025-04-28,0,168,2,Preventive,Yes,Yes,Completed
TMS002642,AST000833,Switch,C00060,13.8,Drainage issue,Drainage,Low,2,2,1,2025-05-17,2025-07-11,0,108,2,Preventive,No,Yes,Open
TMS002643,AST002040,Switch,C00043,16.4,Rail wear,Rail Defect,Medium,4,3,1,2025-06-17,2025-07-05,0,155,3,Preventive,No,Yes,Completed
TMS002644,AST002770,Bridge,C00088,97.3,Turnout wear,Turnout/Switch Defect,Low,2,1,3,2025-05-11,2025-06-23,8,222,4,Preventive,Yes,Yes,Deferred
TMS002645,AST005143,Sleeper,C00084,287.0,Rail wear,Rail Defect,Medium,3,3,1,2025-05-22,2025-06-09,0,142,2,Preventive,No,Yes,Completed
TMS002646,AST000652,Turnout,C00074,12.1,Alignment defect,Track Geometry,Medium,2,2,2,2025-06-13,2025-07-13,0,210,4,Preventive,Yes,Yes,Scheduled
TMS002647,AST002986,Weld,C00005,5.0,Preventive maintenance,Preventive,High,3,3,1,2025-06-13,2025-06-27,4,40,4,Preventive,No,Yes,Open
TMS002648,AST003395,Crossing,C00023,18.9,Alignment defect,Track Geometry,High,2,3,3,2025-06-22,2025-07-03,0,221,4,Corrective,No,Yes,Deferred
TMS002649,AST005256,Weld,C00078,26.2,Drainage issue,Drainage,High,3,4,2,2025-03-30,2025-04-10,82,49,3,Corrective,Yes,Yes,Open
TMS002650,AST002957,Ballast,C00058,35.5,Corrective maintenance,Corrective,High,5,4,2,2025-05-21,2025-06-04,27,196,4,Corrective,Yes,Yes,Open
TMS002651,AST001848,Track,C00008,29.8,Sleeper damage,Sleeper Defect,Low,1,1,2,2025-06-16,2025-08-02,0,45,3,Preventive,No,Yes,Completed
TMS002652,AST004266,Bridge,C00009,12.6,Scheduled inspection,Inspection,Medium,4,4,2,2025-03-27,2025-04-17,75,49,3,Inspection,No,No,Scheduled
TMS002653,AST001202,Turnout,C00082,54.2,Track geometry defect,Track Geometry,Low,3,1,3,2025-06-20,2025-08-08,0,214,4,Preventive,Yes,Yes,Deferred
TMS002654,AST002304,Bridge,C00006,19.4,Drainage issue,Drainage,Low,2,1,2,2025-05-23,2025-06-29,2,90,3,Preventive,Yes,Yes,Scheduled
TMS002655,AST001846,Track,C00018,54.3,Ballast deficiency,Ballast Defect,Critical,4,4,3,2025-06-24,2025-06-30,1,139,2,Corrective,Yes,Yes,Scheduled
TMS002656,AST003086,Turnout,C00081,6.2,Drainage issue,Drainage,High,3,3,2,2025-06-14,2025-06-26,5,121,3,Corrective,Yes,Yes,Open
TMS002657,AST003565,Track,C00068,132.1,Alignment defect,Track Geometry,Low,4,1,2,2025-06-17,2025-07-26,0,107,2,Preventive,Yes,Yes,Open
TMS002658,AST001083,Ballast,C00036,41.9,Ballast deficiency,Ballast Defect,Medium,3,3,3,2025-03-17,2025-04-04,0,142,4,Preventive,No,Yes,Completed
TMS002659,AST003362,Turnout,C00030,23.9,Drainage issue,Drainage,Medium,3,2,2,2025-06-03,2025-06-23,8,95,1,Preventive,No,No,Open
TMS002660,AST002614,Turnout,C00033,36.3,Ballast deficiency,Ballast Defect,High,3,4,2,2025-05-23,2025-06-03,28,151,3,Corrective,Yes,Yes,Deferred
TMS002661,AST004792,Sleeper,C00050,53.3,Ballast deficiency,Ballast Defect,High,2,4,2,2025-02-17,2025-03-02,121,165,3,Corrective,Yes,Yes,Open
TMS002662,AST004005,Turnout,C00035,65.5,Gauge defect,Track Geometry,Low,2,2,2,2025-02-06,2025-03-22,101,139,4,Preventive,Yes,Yes,Open
TMS002663,AST002651,Sleeper,C00073,108.3,Weld defect,Rail Defect,Medium,5,2,2,2025-02-24,2025-03-16,107,110,3,Preventive,No,Yes,Open
TMS002664,AST002421,Bridge,C00084,212.8,Rail crack,Rail Defect,High,3,3,1,2025-04-03,2025-04-17,75,185,3,Corrective,No,Yes,Open
TMS002665,AST000121,Crossing,C00091,140.3,Sleeper damage,Sleeper Defect,Critical,5,4,2,2025-06-12,2025-06-15,0,145,3,Corrective,No,Yes,Completed
TMS002666,AST000462,Track,C00059,141.1,Scheduled inspection,Inspection,Low,2,1,1,2025-06-11,2025-07-27,0,89,4,Inspection,No,No,Scheduled
TMS002667,AST002248,Track,C00087,47.6,Alignment defect,Track Geometry,Medium,3,3,1,2025-04-01,2025-04-24,0,121,3,Preventive,Yes,Yes,Completed
TMS002668,AST004042,Switch,C00004,55.2,Ballast deficiency,Ballast Defect,Medium,2,2,2,2025-05-09,2025-06-02,29,134,1,Preventive,Yes,Yes,Open
TMS002669,AST005028,Turnout,C00038,155.3,Scheduled inspection,Inspection,Low,2,2,2,2025-06-22,2025-08-16,0,35,2,Inspection,No,Yes,Open
TMS002670,AST000948,Weld,C00044,49.8,Scheduled inspection,Inspection,Medium,3,3,1,2025-06-23,2025-07-16,0,53,2,Inspection,No,Yes,Open
TMS002671,AST001058,Bridge,C00022,165.0,Drainage issue,Drainage,Low,4,2,1,2025-04-04,2025-05-16,46,132,3,Preventive,Yes,Yes,In Progress
TMS002672,AST000179,Track,C00063,115.0,Rail crack,Rail Defect,Low,1,2,1,2025-04-12,2025-05-15,47,213,4,Preventive,Yes,Yes,Open
TMS002673,AST003334,Sleeper,C00008,50.5,Turnout wear,Turnout/Switch Defect,Medium,3,2,3,2025-06-19,2025-07-12,0,247,3,Preventive,No,Yes,Open
TMS002674,AST002648,Crossing,C00090,7.7,Gauge defect,Track Geometry,Medium,2,3,2,2025-05-07,2025-05-24,0,123,2,Preventive,No,Yes,Completed
TMS002675,AST001123,Crossing,C00029,74.3,Track geometry defect,Track Geometry,Medium,3,2,2,2025-06-08,2025-07-03,0,170,2,Preventive,No,Yes,Completed
TMS002676,AST002363,Ballast,C00014,20.6,Scheduled inspection,Inspection,Medium,3,3,1,2025-06-22,2025-07-11,0,66,2,Inspection,No,Yes,Open
TMS002677,AST000225,Track,C00048,44.7,Preventive maintenance,Preventive,Low,3,1,2,2025-05-30,2025-07-02,0,49,4,Preventive,No,Yes,In Progress
TMS002678,AST003748,Track,C00056,8.8,Gauge defect,Track Geometry,Medium,2,2,1,2025-03-28,2025-04-17,75,187,4,Preventive,No,Yes,Scheduled
TMS002679,AST000825,Switch,C00026,252.4,Weld defect,Rail Defect,High,3,2,1,2025-06-30,2025-07-11,0,103,2,Corrective,No,Yes,Scheduled
TMS002680,AST004025,Track,C00092,62.4,Rail wear,Rail Defect,High,4,5,2,2025-05-23,2025-05-31,31,163,3,Corrective,No,No,Open
TMS002681,AST000377,Switch,C00092,3.9,Sleeper damage,Sleeper Defect,High,4,3,1,2025-05-23,2025-06-01,30,140,3,Corrective,No,Yes,Open
TMS002682,AST004791,Switch,C00081,30.7,Sleeper damage,Sleeper Defect,Medium,3,2,2,2025-05-18,2025-06-12,19,74,3,Preventive,Yes,Yes,In Progress
TMS002683,AST003168,Rail,C00079,20.0,Preventive maintenance,Preventive,Medium,4,3,2,2025-04-12,2025-05-05,0,72,3,Preventive,No,Yes,Completed
TMS002684,AST002933,Turnout,C00023,7.8,Sleeper damage,Sleeper Defect,Low,1,1,1,2025-02-09,2025-03-18,105,97,3,Preventive,No,Yes,Open
TMS002685,AST003746,Bridge,C00062,7.8,Drainage issue,Drainage,Medium,1,4,2,2025-03-30,2025-04-22,0,112,3,Preventive,Yes,No,Completed
TMS002686,AST001465,Switch,C00046,11.3,Drainage issue,Drainage,Critical,3,5,4,2025-06-23,2025-06-27,0,136,3,Corrective,Yes,Yes,Completed
TMS002687,AST004565,Crossing,C00035,64.6,Weld defect,Rail Defect,Low,4,1,1,2025-06-29,2025-08-26,0,118,3,Preventive,No,Yes,Open
TMS002688,AST000835,Crossing,C00070,5.9,Track geometry defect,Track Geometry,Medium,3,2,2,2025-05-10,2025-06-05,26,187,4,Preventive,Yes,No,Open
TMS002689,AST003446,Sleeper,C00083,66.7,Drainage issue,Drainage,Medium,2,2,3,2025-02-15,2025-03-12,111,51,2,Preventive,No,Yes,Scheduled
TMS002690,AST004544,Ballast,C00028,70.7,Alignment defect,Track Geometry,Medium,2,3,3,2025-05-21,2025-06-10,21,213,4,Preventive,Yes,Yes,Open
TMS002691,AST004980,Crossing,C00010,27.0,Turnout wear,Turnout/Switch Defect,Low,1,2,1,2025-05-17,2025-06-16,15,267,4,Preventive,No,Yes,Deferred
TMS002692,AST004260,Ballast,C00033,12.9,Weld defect,Rail Defect,High,4,4,2,2025-02-01,2025-02-15,136,135,3,Corrective,No,No,Open
TMS002693,AST002106,Weld,C00062,2.3,Weld defect,Rail Defect,High,2,5,3,2025-05-05,2025-05-17,45,138,1,Corrective,Yes,Yes,Open
TMS002694,AST004198,Sleeper,C00019,150.1,Drainage issue,Drainage,Medium,3,2,2,2025-06-29,2025-07-26,0,74,3,Preventive,Yes,Yes,Scheduled
TMS002695,AST001548,Crossing,C00089,71.9,Preventive maintenance,Preventive,Critical,1,5,3,2025-06-25,2025-06-30,1,115,3,Preventive,No,Yes,Deferred
TMS002696,AST004926,Bridge,C00089,8.5,Rail crack,Rail Defect,Medium,1,2,2,2025-05-29,2025-06-23,8,248,3,Preventive,Yes,Yes,Open
TMS002697,AST004578,Ballast,C00021,28.6,Alignment defect,Track Geometry,Low,1,1,1,2025-05-02,2025-06-18,0,208,4,Preventive,Yes,Yes,Completed
TMS002698,AST002554,Bridge,C00001,249.5,Alignment defect,Track Geometry,Medium,2,1,2,2025-03-12,2025-04-06,86,119,3,Preventive,Yes,Yes,Open
TMS002699,AST000351,Rail,C00088,31.9,Rail wear,Rail Defect,Medium,4,2,1,2025-03-30,2025-04-20,0,164,2,Preventive,No,Yes,Completed
TMS002700,AST004267,Rail,C00043,3.2,Sleeper damage,Sleeper Defect,Critical,4,4,2,2025-05-23,2025-05-29,33,90,3,Corrective,No,Yes,Open
TMS002701,AST004591,Switch,C00093,82.3,Rail wear,Rail Defect,High,4,3,2,2025-06-17,2025-06-28,3,144,4,Corrective,No,Yes,Scheduled
TMS002702,AST003799,Ballast,C00080,63.0,Weld defect,Rail Defect,Medium,2,3,2,2025-06-27,2025-07-17,0,115,3,Preventive,No,Yes,Scheduled
TMS002703,AST001077,Turnout,C00032,20.6,Drainage issue,Drainage,Medium,5,2,1,2025-06-15,2025-07-10,0,139,3,Preventive,Yes,Yes,Open
TMS002704,AST001957,Sleeper,C00035,10.9,Sleeper damage,Sleeper Defect,Medium,2,3,2,2025-03-08,2025-04-04,88,126,4,Preventive,No,Yes,Open
TMS002705,AST002803,Bridge,C00013,58.9,Preventive maintenance,Preventive,Critical,4,5,3,2025-05-03,2025-05-09,53,78,1,Preventive,No,Yes,In Progress
TMS002706,AST004938,Weld,C00046,12.5,Ballast deficiency,Ballast Defect,High,5,4,3,2025-06-01,2025-06-15,16,177,4,Corrective,No,Yes,Scheduled
TMS002707,AST000864,Bridge,C00025,368.0,Weld defect,Rail Defect,Medium,3,2,2,2025-05-06,2025-05-25,37,169,5,Preventive,Yes,Yes,Open
TMS002708,AST003449,Rail,C00093,80.9,Weld defect,Rail Defect,Medium,4,2,2,2025-05-27,2025-06-20,0,142,3,Preventive,Yes,Yes,Completed
TMS002709,AST002318,Crossing,C00031,56.0,Corrective maintenance,Corrective,High,3,4,4,2025-03-15,2025-03-26,97,256,3,Corrective,No,Yes,Scheduled
TMS002710,AST001588,Bridge,C00079,3.2,Gauge defect,Track Geometry,Medium,2,3,2,2025-05-26,2025-06-22,9,109,3,Preventive,No,No,Open
TMS002711,AST003220,Sleeper,C00059,215.2,Alignment defect,Track Geometry,Low,1,4,1,2025-05-03,2025-06-19,0,231,3,Preventive,Yes,Yes,Completed
TMS002712,AST001160,Switch,C00036,32.7,Weld defect,Rail Defect,Low,2,2,2,2025-03-02,2025-04-12,80,151,2,Preventive,No,Yes,Scheduled
TMS002713,AST003450,Crossing,C00066,35.5,Alignment defect,Track Geometry,Medium,3,2,2,2025-06-01,2025-06-25,6,220,4,Preventive,Yes,Yes,Open
TMS002714,AST003041,Weld,C00053,5.0,Ballast deficiency,Ballast Defect,Medium,3,3,2,2025-05-12,2025-06-08,0,146,5,Preventive,No,Yes,Completed
TMS002715,AST004137,Sleeper,C00077,42.7,Rail crack,Rail Defect,Medium,1,3,1,2025-06-14,2025-07-09,0,189,5,Preventive,Yes,Yes,Open
TMS002716,AST001123,Crossing,C00029,74.3,Gauge defect,Track Geometry,Low,1,3,2,2025-04-03,2025-05-05,0,161,5,Preventive,No,Yes,Completed
TMS002717,AST003571,Turnout,C00017,1.5,Track geometry defect,Track Geometry,High,3,3,2,2025-06-28,2025-07-05,0,223,2,Corrective,Yes,Yes,Open
TMS002718,AST001506,Ballast,C00043,15.3,Rail crack,Rail Defect,Low,2,2,2,2025-06-13,2025-08-06,0,170,2,Preventive,Yes,Yes,In Progress
TMS002719,AST004215,Ballast,C00098,1.8,Turnout wear,Turnout/Switch Defect,Medium,3,3,2,2025-03-09,2025-03-26,97,194,4,Preventive,No,Yes,Scheduled
TMS002720,AST004323,Crossing,C00100,2.6,Turnout wear,Turnout/Switch Defect,High,3,3,2,2025-03-21,2025-03-31,92,242,4,Corrective,No,Yes,Open
TMS002721,AST002520,Weld,C00039,9.2,Sleeper damage,Sleeper Defect,Medium,3,4,1,2025-06-06,2025-06-27,4,165,3,Preventive,No,Yes,In Progress
TMS002722,AST003440,Weld,C00065,20.7,Scheduled inspection,Inspection,Medium,3,2,2,2025-06-17,2025-07-14,0,91,2,Inspection,No,Yes,Scheduled
TMS002723,AST003397,Weld,C00067,51.3,Preventive maintenance,Preventive,Medium,2,3,2,2025-06-10,2025-07-03,0,61,1,Preventive,No,Yes,Scheduled
TMS002724,AST001461,Switch,C00077,7.0,Rail crack,Rail Defect,Low,4,2,1,2025-05-09,2025-06-18,0,262,5,Preventive,Yes,Yes,Completed
TMS002725,AST003678,Weld,C00079,39.3,Track geometry defect,Track Geometry,Low,2,1,1,2025-05-09,2025-06-26,0,144,2,Preventive,Yes,Yes,Completed
TMS002726,AST003681,Weld,C00079,0.8,Ballast deficiency,Ballast Defect,High,2,4,1,2025-03-18,2025-03-28,95,159,2,Corrective,Yes,Yes,Open
TMS002727,AST004821,Bridge,C00027,93.5,Preventive maintenance,Preventive,Medium,1,2,1,2025-02-17,2025-03-08,0,91,2,Preventive,Yes,Yes,Completed
TMS002728,AST003885,Bridge,C00006,6.8,Alignment defect,Track Geometry,Medium,3,3,2,2025-06-16,2025-07-02,0,145,3,Preventive,Yes,Yes,Scheduled
TMS002729,AST002541,Crossing,C00022,201.6,Track geometry defect,Track Geometry,High,2,4,3,2025-06-25,2025-07-05,0,214,4,Corrective,Yes,Yes,In Progress
TMS002730,AST004589,Weld,C00035,19.0,Rail crack,Rail Defect,High,5,5,3,2025-06-25,2025-07-08,0,188,3,Corrective,Yes,Yes,Completed
TMS002731,AST000663,Bridge,C00094,170.7,Turnout wear,Turnout/Switch Defect,Medium,3,3,2,2025-03-02,2025-03-19,104,245,4,Preventive,Yes,Yes,Open
TMS002732,AST003046,Track,C00011,140.5,Alignment defect,Track Geometry,Medium,5,3,1,2025-06-30,2025-07-29,0,215,4,Preventive,Yes,Yes,Completed
TMS002733,AST002820,Track,C00027,47.6,Alignment defect,Track Geometry,Medium,3,2,1,2025-05-29,2025-06-22,0,169,2,Preventive,Yes,Yes,Completed
TMS002734,AST004696,Turnout,C00072,63.1,Scheduled inspection,Inspection,Low,1,1,2,2025-06-27,2025-08-18,0,76,4,Inspection,No,Yes,Deferred
TMS002735,AST004255,Sleeper,C00059,33.7,Scheduled inspection,Inspection,Medium,3,3,1,2025-03-31,2025-04-29,63,46,3,Inspection,No,Yes,Open
TMS002736,AST005105,Crossing,C00036,4.7,Alignment defect,Track Geometry,Medium,2,3,2,2025-05-31,2025-06-28,3,168,5,Preventive,Yes,Yes,Scheduled
TMS002737,AST000540,Crossing,C00051,58.8,Gauge defect,Track Geometry,Medium,1,2,2,2025-02-09,2025-03-06,0,150,3,Preventive,No,Yes,Completed
TMS002738,AST003716,Ballast,C00057,103.2,Scheduled inspection,Inspection,High,3,3,2,2025-06-19,2025-06-29,2,104,4,Inspection,No,No,Open
TMS002739,AST004037,Turnout,C00085,125.4,Alignment defect,Track Geometry,Medium,4,2,2,2025-03-08,2025-03-24,0,183,3,Preventive,Yes,Yes,Completed
TMS002740,AST004886,Crossing,C00031,36.2,Scheduled inspection,Inspection,High,4,4,4,2025-05-22,2025-05-31,0,115,2,Inspection,No,No,Completed
TMS002741,AST003453,Sleeper,C00023,15.9,Drainage issue,Drainage,Critical,5,4,3,2025-05-31,2025-06-05,0,108,3,Corrective,Yes,Yes,Completed
TMS002742,AST003502,Bridge,C00033,2.5,Drainage issue,Drainage,Critical,4,4,4,2025-06-29,2025-07-04,0,136,2,Corrective,Yes,Yes,Completed
TMS002743,AST000511,Sleeper,C00042,47.1,Gauge defect,Track Geometry,Medium,4,3,1,2025-06-20,2025-07-09,0,154,3,Preventive,No,Yes,In Progress
TMS002744,AST002391,Rail,C00046,0.5,Scheduled inspection,Inspection,Low,1,1,2,2025-06-20,2025-08-14,0,50,2,Inspection,Yes,No,In Progress
TMS002745,AST000798,Weld,C00006,9.5,Turnout wear,Turnout/Switch Defect,Low,1,1,2,2025-05-03,2025-06-04,27,271,4,Preventive,No,Yes,Open
TMS002746,AST003924,Ballast,C00030,22.6,Gauge defect,Track Geometry,Low,2,2,1,2025-05-02,2025-06-14,17,167,3,Preventive,No,Yes,Open
TMS002747,AST001456,Ballast,C00085,56.9,Rail wear,Rail Defect,Medium,3,3,1,2025-03-02,2025-03-23,100,129,2,Preventive,No,Yes,Scheduled
TMS002748,AST000152,Sleeper,C00080,13.1,Weld defect,Rail Defect,Medium,2,3,2,2025-06-06,2025-06-29,0,94,2,Preventive,No,Yes,Completed
TMS002749,AST000708,Sleeper,C00049,115.1,Track geometry defect,Track Geometry,Critical,3,3,5,2025-06-11,2025-06-16,15,169,2,Corrective,No,Yes,Deferred
TMS002750,AST001949,Bridge,C00025,47.9,Ballast deficiency,Ballast Defect,Low,3,2,2,2025-06-21,2025-08-04,0,103,3,Preventive,Yes,Yes,Scheduled
TMS002751,AST000771,Crossing,C00065,32.2,Track geometry defect,Track Geometry,Critical,4,5,4,2025-06-05,2025-06-08,0,203,3,Corrective,Yes,Yes,Completed
TMS002752,AST000803,Switch,C00008,53.9,Corrective maintenance,Corrective,High,3,3,1,2025-03-05,2025-03-19,0,273,2,Corrective,No,No,Completed
TMS002753,AST001694,Rail,C00009,43.4,Rail wear,Rail Defect,Medium,2,2,1,2025-05-11,2025-05-26,36,120,4,Preventive,No,Yes,Open
TMS002754,AST000284,Turnout,C00017,3.0,Turnout wear,Turnout/Switch Defect,Low,2,1,1,2025-04-07,2025-05-22,40,198,6,Preventive,Yes,Yes,Open
TMS002755,AST002207,Bridge,C00064,44.7,Weld defect,Rail Defect,Medium,3,2,2,2025-06-14,2025-07-10,0,146,2,Preventive,No,Yes,Open
TMS002756,AST000823,Sleeper,C00069,192.2,Rail wear,Rail Defect,Low,2,2,1,2025-03-10,2025-04-11,81,130,3,Preventive,Yes,Yes,Scheduled
TMS002757,AST003571,Turnout,C00017,1.5,Rail crack,Rail Defect,Low,2,2,1,2025-06-23,2025-07-31,0,287,5,Preventive,No,Yes,Open
TMS002758,AST002946,Rail,C00032,7.7,Preventive maintenance,Preventive,Low,1,2,1,2025-06-11,2025-07-31,0,88,2,Preventive,No,Yes,In Progress
TMS002759,AST002725,Crossing,C00089,88.5,Weld defect,Rail Defect,Low,1,2,2,2025-06-08,2025-07-23,0,139,4,Preventive,No,Yes,Open
TMS002760,AST001251,Turnout,C00022,63.0,Gauge defect,Track Geometry,High,3,4,3,2025-06-08,2025-06-22,9,180,3,Corrective,No,Yes,In Progress
TMS002761,AST001071,Rail,C00058,39.2,Preventive maintenance,Preventive,High,3,3,2,2025-05-06,2025-05-20,42,53,2,Preventive,No,Yes,Open
TMS002762,AST000859,Bridge,C00023,31.6,Drainage issue,Drainage,Low,4,2,2,2025-06-11,2025-07-29,0,60,3,Preventive,Yes,Yes,Open
TMS002763,AST005091,Turnout,C00096,83.1,Rail crack,Rail Defect,Medium,2,3,3,2025-06-15,2025-07-08,0,179,4,Preventive,Yes,Yes,Scheduled
TMS002764,AST002522,Track,C00100,4.2,Scheduled inspection,Inspection,Medium,3,3,2,2025-06-15,2025-07-11,0,48,1,Inspection,No,No,In Progress
TMS002765,AST003848,Ballast,C00081,13.6,Ballast deficiency,Ballast Defect,High,2,3,2,2025-06-30,2025-07-11,0,144,3,Corrective,Yes,Yes,Scheduled
TMS002766,AST001246,Rail,C00093,55.2,Gauge defect,Track Geometry,Low,3,1,2,2025-06-11,2025-08-04,0,182,5,Preventive,No,Yes,Open
TMS002767,AST001618,Crossing,C00034,7.4,Scheduled inspection,Inspection,Medium,3,3,2,2025-03-03,2025-03-27,96,87,2,Inspection,No,No,Open
TMS002768,AST003946,Sleeper,C00010,51.8,Rail wear,Rail Defect,Medium,2,2,2,2025-06-04,2025-06-25,6,171,4,Preventive,No,Yes,Scheduled
TMS002769,AST001040,Weld,C00081,78.8,Drainage issue,Drainage,Medium,3,3,2,2025-06-11,2025-06-30,1,126,4,Preventive,Yes,No,In Progress
TMS002770,AST004868,Turnout,C00038,101.8,Gauge defect,Track Geometry,Low,2,2,2,2025-06-14,2025-07-14,0,190,5,Preventive,No,Yes,Scheduled
TMS002771,AST004242,Ballast,C00054,12.1,Rail crack,Rail Defect,Medium,3,2,1,2025-03-05,2025-03-28,0,126,2,Preventive,No,Yes,Completed
TMS002772,AST000662,Turnout,C00046,19.1,Scheduled inspection,Inspection,Low,3,2,1,2025-06-01,2025-07-16,0,63,3,Inspection,No,Yes,Completed
TMS002773,AST001118,Turnout,C00013,112.4,Weld defect,Rail Defect,Low,2,2,2,2025-06-12,2025-07-29,0,139,3,Preventive,No,Yes,Scheduled
TMS002774,AST001815,Weld,C00098,2.6,Alignment defect,Track Geometry,Low,2,2,1,2025-05-08,2025-07-05,0,194,5,Preventive,Yes,Yes,Open
TMS002775,AST002663,Turnout,C00007,40.0,Corrective maintenance,Corrective,Low,2,1,1,2025-06-12,2025-07-26,0,248,4,Corrective,No,Yes,Scheduled
TMS002776,AST004981,Sleeper,C00079,13.9,Alignment defect,Track Geometry,Critical,5,5,1,2025-05-03,2025-05-07,55,253,6,Corrective,Yes,Yes,Open
TMS002777,AST001405,Ballast,C00003,17.5,Scheduled inspection,Inspection,Low,3,2,1,2025-06-07,2025-07-17,0,108,5,Inspection,Yes,No,Scheduled
TMS002778,AST005135,Turnout,C00036,26.4,Scheduled inspection,Inspection,Low,2,1,1,2025-05-16,2025-07-10,0,88,3,Inspection,No,No,Scheduled
TMS002779,AST000325,Rail,C00057,120.4,Sleeper damage,Sleeper Defect,Low,2,1,1,2025-05-26,2025-06-29,2,157,4,Preventive,No,Yes,Open
TMS002780,AST005171,Weld,C00083,29.0,Gauge defect,Track Geometry,High,4,3,3,2025-02-01,2025-02-12,139,189,3,Corrective,No,Yes,Open
TMS002781,AST000091,Turnout,C00012,12.1,Preventive maintenance,Preventive,Low,2,2,1,2025-06-11,2025-07-25,0,44,3,Preventive,No,Yes,Open
TMS002782,AST003103,Sleeper,C00003,32.1,Rail crack,Rail Defect,Medium,5,2,2,2025-05-26,2025-06-25,6,142,3,Preventive,Yes,No,Open
TMS002783,AST001235,Sleeper,C00006,3.1,Ballast deficiency,Ballast Defect,Medium,4,3,3,2025-06-22,2025-07-07,0,80,2,Preventive,Yes,Yes,Open
TMS002784,AST003259,Track,C00025,82.5,Rail crack,Rail Defect,Low,2,2,2,2025-05-28,2025-07-12,0,106,2,Preventive,Yes,Yes,Completed
TMS002785,AST005032,Track,C00051,20.5,Gauge defect,Track Geometry,Medium,4,3,2,2025-05-24,2025-06-15,0,153,3,Preventive,No,Yes,Completed
TMS002786,AST000078,Rail,C00090,84.1,Weld defect,Rail Defect,Low,2,3,3,2025-06-11,2025-07-31,0,112,4,Preventive,No,Yes,Deferred
TMS002787,AST004732,Bridge,C00027,66.1,Alignment defect,Track Geometry,Critical,3,4,2,2025-06-11,2025-06-15,16,240,4,Corrective,Yes,No,Deferred
TMS002788,AST000874,Weld,C00039,28.2,Scheduled inspection,Inspection,Medium,2,2,1,2025-06-17,2025-07-11,0,63,2,Inspection,No,Yes,Scheduled
TMS002789,AST005114,Rail,C00052,143.8,Corrective maintenance,Corrective,High,5,4,2,2025-06-20,2025-07-03,0,360,6,Corrective,No,Yes,Open
TMS002790,AST002854,Bridge,C00094,108.2,Rail wear,Rail Defect,Medium,4,2,2,2025-06-17,2025-07-09,0,166,3,Preventive,No,Yes,Open
TMS002791,AST004787,Rail,C00038,97.9,Drainage issue,Drainage,Low,3,2,1,2025-06-30,2025-08-14,0,34,4,Preventive,Yes,Yes,Completed
TMS002792,AST004920,Switch,C00060,28.8,Ballast deficiency,Ballast Defect,Medium,4,3,3,2025-06-12,2025-07-04,0,116,4,Preventive,Yes,Yes,Completed
TMS002793,AST002533,Ballast,C00020,40.6,Corrective maintenance,Corrective,Medium,2,4,1,2025-06-11,2025-07-03,0,285,4,Corrective,No,Yes,Open
TMS002794,AST003507,Turnout,C00016,18.5,Gauge defect,Track Geometry,Low,2,2,1,2025-06-17,2025-08-05,0,183,4,Preventive,No,No,In Progress
TMS002795,AST002162,Weld,C00048,89.6,Sleeper damage,Sleeper Defect,Low,4,2,1,2025-04-22,2025-05-30,32,63,2,Preventive,No,Yes,Open
TMS002796,AST003438,Bridge,C00002,19.6,Scheduled inspection,Inspection,Low,3,1,1,2025-05-19,2025-07-05,0,59,1,Inspection,Yes,Yes,Open
TMS002797,AST002465,Crossing,C00071,13.1,Ballast deficiency,Ballast Defect,Medium,4,1,1,2025-04-16,2025-05-07,55,142,4,Preventive,No,No,Open
TMS002798,AST001501,Turnout,C00100,9.2,Sleeper damage,Sleeper Defect,Low,2,1,2,2025-05-23,2025-07-08,0,68,3,Preventive,No,Yes,In Progress
TMS002799,AST003044,Crossing,C00005,123.6,Ballast deficiency,Ballast Defect,Medium,2,4,2,2025-06-23,2025-07-22,0,119,4,Preventive,Yes,Yes,Completed
TMS002800,AST000115,Sleeper,C00075,4.3,Ballast deficiency,Ballast Defect,Low,2,2,2,2025-06-23,2025-08-04,0,167,3,Preventive,Yes,Yes,Open
TMS002801,AST003996,Switch,C00088,52.6,Alignment defect,Track Geometry,Medium,3,3,1,2025-05-16,2025-06-06,25,174,4,Preventive,Yes,Yes,Scheduled
TMS002802,AST002155,Ballast,C00026,340.4,Drainage issue,Drainage,High,4,3,1,2025-06-15,2025-06-26,5,183,4,Corrective,Yes,Yes,Scheduled
TMS002803,AST003534,Sleeper,C00001,262.0,Corrective maintenance,Corrective,Critical,3,5,3,2025-05-10,2025-05-14,48,338,4,Corrective,No,Yes,In Progress
TMS002804,AST001324,Crossing,C00032,17.6,Rail crack,Rail Defect,Low,2,2,1,2025-02-11,2025-03-30,93,117,4,Preventive,Yes,Yes,Open
TMS002805,AST001050,Crossing,C00049,21.9,Sleeper damage,Sleeper Defect,High,4,4,3,2025-05-12,2025-05-22,40,82,1,Corrective,No,Yes,Open
TMS002806,AST001898,Sleeper,C00027,106.5,Ballast deficiency,Ballast Defect,Low,2,1,1,2025-05-05,2025-06-06,25,148,3,Preventive,Yes,No,Scheduled
TMS002807,AST002202,Switch,C00098,2.0,Ballast deficiency,Ballast Defect,Low,2,3,1,2025-02-16,2025-03-30,93,167,4,Preventive,No,Yes,Open
TMS002808,AST000789,Switch,C00059,31.4,Rail wear,Rail Defect,Low,1,2,2,2025-03-12,2025-04-22,70,148,5,Preventive,No,Yes,In Progress
TMS002809,AST005009,Bridge,C00068,62.5,Track geometry defect,Track Geometry,Medium,3,1,3,2025-05-17,2025-06-06,25,175,3,Preventive,Yes,Yes,Open
TMS002810,AST001305,Track,C00003,15.2,Preventive maintenance,Preventive,Low,3,1,2,2025-05-13,2025-07-01,0,77,2,Preventive,No,Yes,Completed
TMS002811,AST002962,Track,C00081,50.4,Drainage issue,Drainage,Medium,3,2,2,2025-06-04,2025-06-28,3,104,4,Preventive,Yes,Yes,Open
TMS002812,AST001349,Turnout,C00018,25.6,Turnout wear,Turnout/Switch Defect,Medium,3,3,3,2025-04-09,2025-05-07,55,236,5,Preventive,No,Yes,Open
TMS002813,AST002800,Ballast,C00089,30.8,Rail wear,Rail Defect,Critical,4,5,4,2025-03-29,2025-04-04,88,195,3,Corrective,No,Yes,Scheduled
TMS002814,AST003896,Bridge,C00066,53.0,Alignment defect,Track Geometry,Low,2,2,2,2025-05-28,2025-07-06,0,156,2,Preventive,No,Yes,Open
TMS002815,AST000646,Sleeper,C00051,43.4,Track geometry defect,Track Geometry,High,2,2,3,2025-05-11,2025-05-25,37,174,4,Corrective,Yes,Yes,Open
TMS002816,AST003057,Crossing,C00070,17.0,Rail crack,Rail Defect,Medium,3,3,2,2025-03-20,2025-04-12,80,203,4,Preventive,Yes,Yes,Scheduled
TMS002817,AST001343,Switch,C00054,8.5,Alignment defect,Track Geometry,High,5,4,3,2025-06-05,2025-06-18,13,199,3,Corrective,Yes,No,In Progress
TMS002818,AST004772,Sleeper,C00091,190.3,Weld defect,Rail Defect,Low,3,1,1,2025-03-31,2025-05-09,0,178,4,Preventive,No,Yes,Completed
TMS002819,AST002625,Crossing,C00063,141.7,Gauge defect,Track Geometry,High,4,5,2,2025-06-03,2025-06-12,19,123,4,Corrective,No,Yes,Open
TMS002820,AST002650,Switch,C00070,1.5,Turnout wear,Turnout/Switch Defect,High,3,4,2,2025-06-05,2025-06-16,0,173,1,Corrective,No,Yes,Completed
TMS002821,AST004417,Crossing,C00014,93.8,Gauge defect,Track Geometry,Medium,2,2,2,2025-05-31,2025-06-15,16,166,3,Preventive,No,Yes,Open
TMS002822,AST000619,Crossing,C00073,115.0,Ballast deficiency,Ballast Defect,Medium,3,3,1,2025-06-28,2025-07-17,0,141,3,Preventive,No,Yes,In Progress
TMS002823,AST005269,Weld,C00041,13.6,Alignment defect,Track Geometry,Low,2,2,4,2025-06-18,2025-07-24,0,200,3,Preventive,Yes,Yes,Scheduled
TMS002824,AST001231,Ballast,C00001,246.3,Gauge defect,Track Geometry,Medium,3,3,2,2025-06-16,2025-07-07,0,135,3,Preventive,No,Yes,Open
TMS002825,AST003892,Ballast,C00041,33.1,Gauge defect,Track Geometry,Medium,3,2,2,2025-05-06,2025-05-28,34,184,4,Preventive,No,Yes,Scheduled
TMS002826,AST003510,Bridge,C00060,12.3,Preventive maintenance,Preventive,High,2,4,3,2025-06-05,2025-06-14,17,52,3,Preventive,No,Yes,Open
TMS002827,AST003900,Turnout,C00030,7.3,Turnout wear,Turnout/Switch Defect,Critical,3,5,4,2025-06-02,2025-06-07,0,158,4,Corrective,No,Yes,Completed
TMS002828,AST002608,Track,C00087,91.7,Turnout wear,Turnout/Switch Defect,High,4,4,3,2025-06-24,2025-07-08,0,199,4,Corrective,No,Yes,Scheduled
TMS002829,AST004177,Bridge,C00092,42.0,Turnout wear,Turnout/Switch Defect,High,4,3,2,2025-06-24,2025-07-06,0,258,5,Corrective,No,Yes,Open
TMS002830,AST004532,Bridge,C00090,34.3,Scheduled inspection,Inspection,Low,2,2,2,2025-05-11,2025-06-28,3,49,1,Inspection,No,No,In Progress
TMS002831,AST003068,Turnout,C00033,80.7,Scheduled inspection,Inspection,High,2,3,4,2025-06-22,2025-06-30,1,40,3,Inspection,No,No,In Progress
TMS002832,AST003077,Ballast,C00083,41.7,Weld defect,Rail Defect,High,4,3,2,2025-05-21,2025-05-29,33,186,2,Corrective,No,No,Open
TMS002833,AST003753,Track,C00073,77.8,Corrective maintenance,Corrective,Critical,4,4,3,2025-05-26,2025-06-01,30,278,3,Corrective,No,No,Open
TMS002834,AST002018,Crossing,C00080,69.5,Rail wear,Rail Defect,High,3,3,2,2025-06-18,2025-06-27,0,156,3,Corrective,No,Yes,Completed
TMS002835,AST002421,Bridge,C00084,212.8,Preventive maintenance,Preventive,High,3,4,2,2025-06-13,2025-06-20,11,113,5,Preventive,No,Yes,In Progress
TMS002836,AST000015,Ballast,C00014,9.3,Drainage issue,Drainage,Critical,4,4,3,2025-06-11,2025-06-15,16,208,5,Corrective,Yes,Yes,In Progress
TMS002837,AST002392,Sleeper,C00038,10.7,Preventive maintenance,Preventive,Medium,2,2,2,2025-06-20,2025-07-13,0,52,2,Preventive,No,Yes,In Progress
TMS002838,AST005217,Rail,C00041,18.3,Corrective maintenance,Corrective,High,3,4,4,2025-06-13,2025-06-23,8,266,3,Corrective,No,Yes,Scheduled
TMS002839,AST001692,Switch,C00063,132.7,Sleeper damage,Sleeper Defect,Low,1,1,1,2025-06-21,2025-08-15,0,113,5,Preventive,No,Yes,In Progress
TMS002840,AST000760,Rail,C00025,282.7,Turnout wear,Turnout/Switch Defect,Low,2,2,2,2025-06-16,2025-07-31,0,266,4,Preventive,No,Yes,In Progress
TMS002841,AST001289,Weld,C00048,69.4,Track geometry defect,Track Geometry,Medium,3,4,1,2025-06-19,2025-07-13,0,211,4,Preventive,Yes,Yes,Scheduled
TMS002842,AST003020,Turnout,C00006,14.4,Sleeper damage,Sleeper Defect,Low,3,1,1,2025-05-12,2025-07-05,0,115,3,Preventive,No,Yes,In Progress
TMS002843,AST000205,Rail,C00050,27.4,Alignment defect,Track Geometry,Critical,4,4,3,2025-06-29,2025-07-05,0,242,6,Corrective,Yes,Yes,Open
TMS002844,AST000619,Crossing,C00073,115.0,Ballast deficiency,Ballast Defect,Low,2,3,1,2025-05-28,2025-07-23,0,79,3,Preventive,Yes,Yes,Completed
TMS002845,AST003741,Sleeper,C00020,65.4,Corrective maintenance,Corrective,Medium,1,3,1,2025-06-14,2025-07-07,0,286,4,Corrective,No,Yes,Completed
TMS002846,AST003056,Weld,C00009,58.5,Scheduled inspection,Inspection,Low,2,1,1,2025-03-10,2025-04-29,0,31,2,Inspection,No,Yes,Completed
TMS002847,AST000844,Ballast,C00017,2.2,Gauge defect,Track Geometry,Low,3,2,2,2025-02-28,2025-04-23,69,111,3,Preventive,No,Yes,Scheduled
TMS002848,AST004968,Switch,C00095,87.1,Track geometry defect,Track Geometry,Low,3,2,1,2025-06-24,2025-08-13,0,200,3,Preventive,Yes,Yes,Open
TMS002849,AST000950,Rail,C00006,17.7,Gauge defect,Track Geometry,Medium,5,2,3,2025-05-30,2025-06-17,14,189,4,Preventive,No,Yes,Scheduled
TMS002850,AST000379,Bridge,C00088,98.2,Drainage issue,Drainage,Low,3,2,1,2025-06-27,2025-08-12,0,66,2,Preventive,Yes,No,Scheduled
TMS002851,AST000652,Turnout,C00074,12.1,Weld defect,Rail Defect,High,3,4,3,2025-06-07,2025-06-17,14,177,4,Corrective,No,Yes,Open
TMS002852,AST002622,Ballast,C00063,55.2,Scheduled inspection,Inspection,Medium,2,2,1,2025-05-30,2025-06-19,12,39,3,Inspection,No,No,Scheduled
TMS002853,AST004218,Turnout,C00039,11.4,Turnout wear,Turnout/Switch Defect,Low,2,1,1,2025-05-19,2025-07-02,0,243,4,Preventive,No,Yes,Deferred
TMS002854,AST000757,Switch,C00045,12.2,Ballast deficiency,Ballast Defect,Medium,3,1,2,2025-05-13,2025-06-02,29,141,3,Preventive,Yes,Yes,In Progress
TMS002855,AST000058,Crossing,C00018,76.7,Track geometry defect,Track Geometry,High,4,4,2,2025-06-30,2025-07-12,0,219,5,Corrective,Yes,Yes,Completed
TMS002856,AST000326,Crossing,C00069,156.7,Drainage issue,Drainage,Critical,4,5,4,2025-05-21,2025-05-25,0,140,3,Corrective,No,Yes,Completed
TMS002857,AST002984,Track,C00008,37.7,Scheduled inspection,Inspection,High,4,3,2,2025-06-04,2025-06-15,16,49,2,Inspection,No,No,Scheduled
TMS002858,AST000604,Rail,C00059,143.6,Sleeper damage,Sleeper Defect,Medium,2,4,2,2025-06-23,2025-07-14,0,62,3,Preventive,Yes,Yes,Scheduled
TMS002859,AST001797,Turnout,C00069,273.6,Track geometry defect,Track Geometry,Critical,3,5,3,2025-05-12,2025-05-17,0,329,5,Corrective,Yes,Yes,Completed
TMS002860,AST004138,Ballast,C00096,13.4,Sleeper damage,Sleeper Defect,Medium,3,2,4,2025-05-15,2025-06-02,29,81,4,Preventive,No,Yes,Scheduled
TMS002861,AST002783,Switch,C00043,19.1,Alignment defect,Track Geometry,Low,2,2,1,2025-06-30,2025-08-12,0,233,5,Preventive,No,Yes,Open
TMS002862,AST000778,Weld,C00044,60.1,Rail crack,Rail Defect,Medium,2,2,2,2025-06-20,2025-07-10,0,221,4,Preventive,Yes,Yes,Open
TMS002863,AST003629,Weld,C00043,2.1,Rail wear,Rail Defect,Medium,2,1,1,2025-02-13,2025-03-06,117,157,3,Preventive,Yes,Yes,Scheduled
TMS002864,AST003920,Bridge,C00012,101.9,Track geometry defect,Track Geometry,Medium,4,2,2,2025-06-23,2025-07-17,0,253,5,Preventive,Yes,Yes,Open
TMS002865,AST003275,Crossing,C00085,85.6,Scheduled inspection,Inspection,Medium,3,2,3,2025-06-27,2025-07-22,0,30,3,Inspection,No,Yes,Scheduled
TMS002866,AST000087,Bridge,C00097,20.6,Preventive maintenance,Preventive,Low,2,2,2,2025-06-15,2025-07-26,0,47,4,Preventive,No,Yes,Open
TMS002867,AST002929,Track,C00100,8.7,Ballast deficiency,Ballast Defect,Low,4,1,1,2025-02-23,2025-04-06,0,116,2,Preventive,No,Yes,Completed
TMS002868,AST002667,Track,C00036,3.2,Preventive maintenance,Preventive,Low,3,1,2,2025-06-18,2025-08-05,0,43,2,Preventive,No,Yes,Scheduled
TMS002869,AST000479,Track,C00027,20.8,Drainage issue,Drainage,Low,2,1,1,2025-05-16,2025-07-09,0,60,3,Preventive,Yes,Yes,Scheduled
TMS002870,AST004309,Sleeper,C00010,38.7,Corrective maintenance,Corrective,High,4,3,3,2025-06-03,2025-06-12,19,237,4,Corrective,No,Yes,In Progress
TMS002871,AST003827,Rail,C00078,48.5,Corrective maintenance,Corrective,Low,2,2,1,2025-03-01,2025-04-17,75,225,2,Corrective,Yes,Yes,Open
TMS002872,AST004688,Ballast,C00052,203.5,Turnout wear,Turnout/Switch Defect,Medium,4,2,2,2025-02-24,2025-03-17,106,246,3,Preventive,No,Yes,In Progress
TMS002873,AST003881,Weld,C00080,15.9,Drainage issue,Drainage,Medium,3,3,2,2025-05-09,2025-05-28,34,100,5,Preventive,No,Yes,Open
TMS002874,AST001079,Rail,C00097,20.8,Track geometry defect,Track Geometry,Medium,4,2,2,2025-05-28,2025-06-21,10,119,3,Preventive,No,Yes,Deferred
TMS002875,AST003091,Weld,C00065,37.1,Ballast deficiency,Ballast Defect,High,3,3,1,2025-06-14,2025-06-25,0,106,3,Corrective,Yes,Yes,Completed
TMS002876,AST003054,Turnout,C00054,9.9,Sleeper damage,Sleeper Defect,Critical,3,4,2,2025-03-30,2025-04-02,90,78,3,Corrective,No,Yes,Open
TMS002877,AST000992,Switch,C00052,166.3,Rail wear,Rail Defect,Critical,2,5,2,2025-03-16,2025-03-19,0,200,4,Corrective,No,Yes,Completed
TMS002878,AST002396,Sleeper,C00050,17.3,Preventive maintenance,Preventive,Critical,4,4,2,2025-06-25,2025-06-29,2,78,3,Preventive,No,Yes,Open
TMS002879,AST002893,Crossing,C00047,58.5,Gauge defect,Track Geometry,Low,1,2,2,2025-05-08,2025-06-23,8,257,4,Preventive,No,Yes,In Progress
TMS002880,AST000827,Sleeper,C00006,10.9,Weld defect,Rail Defect,Low,3,1,1,2025-05-17,2025-07-02,0,224,4,Preventive,No,Yes,In Progress
TMS002881,AST001679,Turnout,C00091,96.9,Drainage issue,Drainage,Critical,4,4,3,2025-06-17,2025-06-23,8,92,2,Corrective,Yes,Yes,Deferred
TMS002882,AST004060,Crossing,C00034,1.7,Weld defect,Rail Defect,Low,2,2,2,2025-05-21,2025-07-08,0,163,3,Preventive,No,Yes,Open
TMS002883,AST002558,Bridge,C00036,15.5,Drainage issue,Drainage,Critical,4,4,3,2025-05-22,2025-05-25,0,114,3,Corrective,Yes,Yes,Completed
TMS002884,AST004192,Turnout,C00099,5.0,Drainage issue,Drainage,Critical,4,4,5,2025-04-08,2025-04-12,0,54,2,Corrective,Yes,Yes,Completed
TMS002885,AST004669,Bridge,C00025,343.2,Rail wear,Rail Defect,Medium,3,2,1,2025-02-25,2025-03-25,98,95,2,Preventive,No,Yes,Scheduled
TMS002886,AST004304,Rail,C00047,34.4,Preventive maintenance,Preventive,Low,2,2,2,2025-06-22,2025-08-08,0,46,3,Preventive,No,Yes,Completed
TMS002887,AST005055,Track,C00063,84.1,Weld defect,Rail Defect,High,2,3,3,2025-05-05,2025-05-13,49,101,3,Corrective,No,Yes,Deferred
TMS002888,AST003166,Crossing,C00083,95.4,Drainage issue,Drainage,Medium,2,2,2,2025-04-19,2025-05-10,52,83,1,Preventive,Yes,Yes,In Progress
TMS002889,AST003770,Sleeper,C00083,11.3,Alignment defect,Track Geometry,High,3,2,3,2025-03-10,2025-03-19,104,132,3,Corrective,Yes,Yes,Scheduled
TMS002890,AST000776,Weld,C00053,75.6,Ballast deficiency,Ballast Defect,Low,3,2,3,2025-06-22,2025-08-04,0,114,3,Preventive,Yes,Yes,Scheduled
TMS002891,AST003915,Bridge,C00013,12.3,Rail wear,Rail Defect,High,2,3,2,2025-02-17,2025-02-28,123,199,3,Corrective,No,Yes,In Progress
TMS002892,AST000430,Bridge,C00020,66.4,Track geometry defect,Track Geometry,Medium,2,4,2,2025-06-21,2025-07-14,0,158,4,Preventive,Yes,Yes,Completed
TMS002893,AST003405,Rail,C00093,32.6,Preventive maintenance,Preventive,High,4,4,5,2025-03-11,2025-03-22,101,48,3,Preventive,No,Yes,Open
TMS002894,AST004891,Bridge,C00036,41.8,Gauge defect,Track Geometry,Low,3,2,3,2025-06-16,2025-07-30,0,189,3,Preventive,No,No,Open
TMS002895,AST003037,Crossing,C00096,98.0,Track geometry defect,Track Geometry,Low,1,2,2,2025-06-05,2025-07-29,0,153,5,Preventive,Yes,Yes,In Progress
TMS002896,AST003676,Track,C00081,47.0,Scheduled inspection,Inspection,Medium,3,3,2,2025-05-25,2025-06-14,17,69,2,Inspection,No,No,In Progress
TMS002897,AST003062,Crossing,C00032,15.2,Ballast deficiency,Ballast Defect,Medium,3,3,2,2025-06-21,2025-07-07,0,162,2,Preventive,Yes,Yes,Scheduled
TMS002898,AST004731,Crossing,C00024,76.4,Turnout wear,Turnout/Switch Defect,Low,3,2,1,2025-06-17,2025-07-30,0,235,5,Preventive,No,Yes,Scheduled
TMS002899,AST001535,Track,C00008,129.3,Sleeper damage,Sleeper Defect,Low,3,1,1,2025-05-09,2025-06-16,15,73,3,Preventive,No,No,Open
TMS002900,AST002733,Turnout,C00057,113.2,Corrective maintenance,Corrective,Medium,3,2,1,2025-06-19,2025-07-08,0,215,4,Corrective,No,Yes,Completed
TMS002901,AST002864,Sleeper,C00049,24.4,Ballast deficiency,Ballast Defect,Medium,3,2,1,2025-05-10,2025-05-29,33,139,2,Preventive,No,Yes,In Progress
TMS002902,AST004878,Switch,C00097,6.0,Drainage issue,Drainage,Medium,2,3,3,2025-06-11,2025-07-04,0,101,3,Preventive,Yes,Yes,Scheduled
TMS002903,AST002058,Crossing,C00001,275.3,Rail crack,Rail Defect,Low,2,2,1,2025-05-19,2025-07-01,0,207,5,Preventive,Yes,No,Completed
TMS002904,AST001679,Turnout,C00091,96.9,Preventive maintenance,Preventive,Low,2,2,2,2025-06-17,2025-08-07,0,84,3,Preventive,No,Yes,Scheduled
TMS002905,AST001643,Bridge,C00036,44.5,Gauge defect,Track Geometry,Low,2,2,1,2025-06-13,2025-07-13,0,145,3,Preventive,No,Yes,In Progress
TMS002906,AST004107,Sleeper,C00079,6.4,Rail crack,Rail Defect,Low,2,2,1,2025-06-14,2025-08-02,0,189,4,Preventive,Yes,Yes,Completed
TMS002907,AST004129,Weld,C00060,1.9,Sleeper damage,Sleeper Defect,High,4,4,2,2025-05-09,2025-05-17,45,134,3,Corrective,No,Yes,Open
TMS002908,AST003165,Switch,C00004,100.9,Rail wear,Rail Defect,Low,3,2,1,2025-03-17,2025-04-19,73,140,3,Preventive,No,Yes,Scheduled
TMS002909,AST005060,Sleeper,C00073,53.9,Corrective maintenance,Corrective,Medium,4,1,3,2025-06-23,2025-07-09,0,234,4,Corrective,Yes,Yes,Scheduled
TMS002910,AST002097,Weld,C00076,112.4,Preventive maintenance,Preventive,Medium,4,2,2,2025-05-27,2025-06-20,0,82,4,Preventive,No,Yes,Completed
TMS002911,AST002571,Ballast,C00060,19.2,Sleeper damage,Sleeper Defect,Low,4,2,2,2025-06-04,2025-07-18,0,94,3,Preventive,No,Yes,Completed
TMS002912,AST000974,Rail,C00098,1.5,Weld defect,Rail Defect,Low,2,3,2,2025-06-19,2025-08-01,0,172,2,Preventive,Yes,Yes,In Progress
TMS002913,AST001243,Switch,C00006,6.7,Weld defect,Rail Defect,Low,2,2,2,2025-06-09,2025-07-15,0,95,4,Preventive,No,Yes,Open
TMS002914,AST003828,Turnout,C00049,7.9,Sleeper damage,Sleeper Defect,High,2,4,2,2025-06-09,2025-06-17,14,96,2,Corrective,No,Yes,Scheduled
TMS002915,AST005269,Weld,C00041,13.6,Drainage issue,Drainage,Low,3,2,2,2025-05-19,2025-07-16,0,173,3,Preventive,Yes,Yes,In Progress
TMS002916,AST001659,Track,C00021,137.3,Alignment defect,Track Geometry,Low,2,1,2,2025-02-26,2025-04-23,69,143,3,Preventive,No,Yes,Scheduled
TMS002917,AST005185,Turnout,C00100,8.6,Alignment defect,Track Geometry,Medium,4,2,2,2025-06-28,2025-07-20,0,191,3,Preventive,Yes,No,Scheduled
TMS002918,AST004144,Track,C00026,218.8,Alignment defect,Track Geometry,Low,3,2,1,2025-06-03,2025-07-13,0,221,3,Preventive,Yes,Yes,In Progress
TMS002919,AST000507,Bridge,C00050,47.9,Alignment defect,Track Geometry,High,4,3,2,2025-06-25,2025-07-05,0,223,3,Corrective,No,Yes,Open
TMS002920,AST003816,Weld,C00088,28.6,Sleeper damage,Sleeper Defect,Medium,4,3,3,2025-05-27,2025-06-20,11,61,2,Preventive,No,Yes,Open
TMS002921,AST000306,Weld,C00017,0.7,Track geometry defect,Track Geometry,Medium,1,3,2,2025-02-22,2025-03-18,0,200,5,Preventive,No,Yes,Completed
TMS002922,AST002536,Crossing,C00059,155.0,Weld defect,Rail Defect,Critical,2,4,3,2025-02-02,2025-02-05,146,165,3,Corrective,No,Yes,Scheduled
TMS002923,AST000813,Switch,C00071,14.1,Ballast deficiency,Ballast Defect,Critical,3,4,3,2025-06-05,2025-06-09,0,129,3,Corrective,Yes,Yes,Completed
TMS002924,AST000398,Crossing,C00069,149.9,Rail wear,Rail Defect,Medium,3,1,1,2025-06-25,2025-07-20,0,202,4,Preventive,No,Yes,Completed
TMS002925,AST000615,Sleeper,C00074,17.1,Gauge defect,Track Geometry,Medium,5,2,1,2025-06-29,2025-07-22,0,121,4,Preventive,No,Yes,Completed
TMS002926,AST001602,Switch,C00038,172.7,Track geometry defect,Track Geometry,Low,2,2,2,2025-02-27,2025-04-12,0,207,5,Preventive,Yes,Yes,Completed
TMS002927,AST003510,Bridge,C00060,12.3,Turnout wear,Turnout/Switch Defect,Medium,2,3,2,2025-04-08,2025-04-29,63,206,3,Preventive,No,Yes,Open
TMS002928,AST001651,Crossing,C00086,88.7,Scheduled inspection,Inspection,Medium,4,2,2,2025-06-21,2025-07-19,0,37,2,Inspection,No,Yes,Completed
TMS002929,AST002568,Bridge,C00058,56.2,Gauge defect,Track Geometry,Medium,4,2,2,2025-03-04,2025-03-31,92,187,3,Preventive,No,Yes,Scheduled
TMS002930,AST000784,Bridge,C00091,200.6,Sleeper damage,Sleeper Defect,Low,1,2,1,2025-06-27,2025-08-07,0,142,2,Preventive,No,Yes,Scheduled
TMS002931,AST002669,Rail,C00047,54.1,Drainage issue,Drainage,Critical,2,4,4,2025-06-20,2025-06-24,7,119,3,Corrective,Yes,Yes,Deferred
TMS002932,AST000407,Bridge,C00003,60.8,Preventive maintenance,Preventive,Critical,5,4,2,2025-02-23,2025-02-27,124,41,2,Preventive,No,Yes,Scheduled
TMS002933,AST000792,Weld,C00097,13.3,Weld defect,Rail Defect,Low,2,2,1,2025-06-21,2025-08-01,0,181,5,Preventive,No,Yes,In Progress
TMS002934,AST001116,Sleeper,C00008,66.2,Rail crack,Rail Defect,Low,4,1,1,2025-02-20,2025-04-15,77,161,4,Preventive,Yes,Yes,Open
TMS002935,AST001885,Rail,C00097,5.9,Drainage issue,Drainage,Medium,3,2,1,2025-06-15,2025-07-06,0,130,5,Preventive,No,Yes,Open
TMS002936,AST001353,Ballast,C00009,22.7,Corrective maintenance,Corrective,Critical,3,4,3,2025-06-17,2025-06-23,0,360,6,Corrective,No,Yes,Completed
TMS002937,AST002120,Sleeper,C00051,21.1,Alignment defect,Track Geometry,Low,2,2,2,2025-02-04,2025-03-25,98,80,2,Preventive,Yes,No,Scheduled
TMS002938,AST002764,Turnout,C00019,116.8,Sleeper damage,Sleeper Defect,High,4,4,2,2025-06-06,2025-06-17,14,100,3,Corrective,No,Yes,Scheduled
TMS002939,AST001524,Sleeper,C00025,323.8,Scheduled inspection,Inspection,High,3,3,2,2025-04-14,2025-04-26,66,43,3,Inspection,No,No,Open
TMS002940,AST001411,Track,C00076,133.7,Preventive maintenance,Preventive,Critical,4,5,3,2025-05-31,2025-06-03,28,110,3,Preventive,No,Yes,In Progress
TMS002941,AST001724,Track,C00062,37.8,Rail crack,Rail Defect,Low,4,2,2,2025-06-14,2025-07-28,0,144,4,Preventive,Yes,Yes,Completed
TMS002942,AST000471,Sleeper,C00033,103.2,Gauge defect,Track Geometry,High,3,4,3,2025-06-22,2025-07-02,0,208,4,Corrective,No,Yes,Open
TMS002943,AST003856,Crossing,C00025,140.6,Gauge defect,Track Geometry,Critical,5,5,3,2025-03-09,2025-03-11,112,289,5,Corrective,No,Yes,Scheduled
TMS002944,AST000326,Crossing,C00069,156.7,Ballast deficiency,Ballast Defect,Low,2,2,1,2025-06-14,2025-08-06,0,151,2,Preventive,Yes,Yes,Scheduled
TMS002945,AST000248,Turnout,C00040,95.0,Drainage issue,Drainage,Low,2,2,2,2025-05-07,2025-06-25,0,96,3,Preventive,No,Yes,Completed
TMS002946,AST000316,Switch,C00063,140.9,Alignment defect,Track Geometry,High,3,4,2,2025-06-18,2025-06-29,0,175,3,Corrective,Yes,Yes,Completed
TMS002947,AST003666,Track,C00061,38.8,Turnout wear,Turnout/Switch Defect,Low,3,2,1,2025-06-23,2025-08-22,0,213,4,Preventive,No,No,Open
TMS002948,AST002138,Rail,C00023,31.5,Weld defect,Rail Defect,Medium,3,2,3,2025-05-23,2025-06-15,16,129,3,Preventive,No,Yes,In Progress
TMS002949,AST000772,Sleeper,C00011,110.4,Rail wear,Rail Defect,Medium,4,1,3,2025-06-23,2025-07-15,0,146,2,Preventive,Yes,Yes,Scheduled
TMS002950,AST005098,Track,C00091,179.8,Sleeper damage,Sleeper Defect,Low,5,1,1,2025-05-05,2025-06-07,24,112,2,Preventive,No,Yes,Open
TMS002951,AST003423,Weld,C00092,51.7,Rail wear,Rail Defect,Low,2,2,1,2025-04-29,2025-06-02,29,167,5,Preventive,No,Yes,Deferred
TMS002952,AST001913,Rail,C00028,40.8,Gauge defect,Track Geometry,Medium,2,2,3,2025-03-12,2025-04-04,88,196,4,Preventive,No,Yes,Open
TMS002953,AST002314,Track,C00027,77.6,Alignment defect,Track Geometry,High,3,3,5,2025-05-06,2025-05-19,43,192,5,Corrective,Yes,Yes,Scheduled
TMS002954,AST000809,Rail,C00060,4.1,Alignment defect,Track Geometry,Critical,2,5,4,2025-02-22,2025-02-26,125,287,4,Corrective,Yes,Yes,Open
TMS002955,AST004056,Ballast,C00009,94.4,Rail wear,Rail Defect,Critical,3,4,3,2025-06-20,2025-06-25,6,301,4,Corrective,No,Yes,Scheduled
TMS002956,AST001255,Rail,C00082,27.8,Rail crack,Rail Defect,High,5,4,3,2025-06-26,2025-07-05,0,215,6,Corrective,Yes,Yes,Open
TMS002957,AST000291,Rail,C00085,240.2,Sleeper damage,Sleeper Defect,Medium,2,3,1,2025-03-17,2025-04-12,80,89,3,Preventive,No,Yes,Open
TMS002958,AST000772,Sleeper,C00011,110.4,Rail wear,Rail Defect,Low,3,3,1,2025-05-30,2025-07-09,0,190,5,Preventive,No,Yes,In Progress
TMS002959,AST004958,Switch,C00096,11.8,Drainage issue,Drainage,Low,3,1,2,2025-06-21,2025-08-04,0,90,2,Preventive,Yes,Yes,In Progress
TMS002960,AST005260,Weld,C00057,78.8,Rail crack,Rail Defect,Critical,2,3,4,2025-05-02,2025-05-06,56,222,3,Corrective,Yes,Yes,Scheduled
TMS002961,AST003111,Ballast,C00076,5.7,Alignment defect,Track Geometry,Low,1,1,1,2025-06-21,2025-08-17,0,171,2,Preventive,Yes,Yes,In Progress
TMS002962,AST004208,Track,C00035,102.0,Track geometry defect,Track Geometry,Low,1,2,1,2025-04-12,2025-06-02,29,132,2,Preventive,Yes,Yes,Deferred
TMS002963,AST003470,Rail,C00060,14.5,Drainage issue,Drainage,Medium,2,2,3,2025-05-10,2025-05-31,31,84,4,Preventive,Yes,No,Open
TMS002964,AST004301,Bridge,C00017,0.7,Alignment defect,Track Geometry,Low,1,2,1,2025-06-23,2025-08-07,0,191,5,Preventive,Yes,Yes,In Progress
TMS002965,AST002655,Track,C00056,20.0,Sleeper damage,Sleeper Defect,Medium,2,3,2,2025-03-26,2025-04-14,0,162,3,Preventive,No,Yes,Completed
TMS002966,AST005056,Bridge,C00055,71.0,Corrective maintenance,Corrective,Medium,2,2,2,2025-05-02,2025-05-18,44,238,6,Corrective,No,Yes,Open
TMS002967,AST000093,Bridge,C00007,39.1,Gauge defect,Track Geometry,Low,3,3,1,2025-06-18,2025-08-01,0,121,4,Preventive,No,Yes,Completed
TMS002968,AST000345,Turnout,C00046,18.9,Preventive maintenance,Preventive,Medium,2,3,2,2025-06-16,2025-07-05,0,45,4,Preventive,No,Yes,Scheduled
TMS002969,AST003532,Weld,C00015,83.3,Scheduled inspection,Inspection,Medium,5,1,2,2025-06-29,2025-07-18,0,39,2,Inspection,No,Yes,Open
TMS002970,AST002574,Switch,C00021,116.0,Turnout wear,Turnout/Switch Defect,Medium,2,2,2,2025-05-13,2025-06-09,22,203,3,Preventive,No,Yes,Open
TMS002971,AST002670,Ballast,C00010,52.3,Turnout wear,Turnout/Switch Defect,Medium,3,3,1,2025-04-21,2025-05-20,42,238,2,Preventive,No,Yes,Open
TMS002972,AST004681,Crossing,C00082,47.7,Weld defect,Rail Defect,Low,4,2,2,2025-06-18,2025-08-02,0,114,2,Preventive,Yes,Yes,Open
TMS002973,AST003212,Ballast,C00080,24.1,Track geometry defect,Track Geometry,Critical,4,5,3,2025-03-02,2025-03-07,116,248,5,Corrective,Yes,Yes,Open
TMS002974,AST001830,Weld,C00009,43.7,Scheduled inspection,Inspection,Medium,3,3,2,2025-06-12,2025-07-03,0,41,2,Inspection,No,Yes,Deferred
TMS002975,AST000647,Turnout,C00060,9.5,Rail crack,Rail Defect,Medium,2,2,3,2025-06-05,2025-06-29,2,126,2,Preventive,Yes,Yes,Open
TMS002976,AST002034,Sleeper,C00055,42.8,Sleeper damage,Sleeper Defect,Low,3,3,1,2025-05-24,2025-07-16,0,128,5,Preventive,No,Yes,Open
TMS002977,AST001772,Turnout,C00058,24.8,Rail wear,Rail Defect,Low,3,1,1,2025-04-30,2025-06-09,22,156,3,Preventive,No,No,Open
TMS002978,AST005247,Rail,C00077,38.4,Track geometry defect,Track Geometry,Low,3,2,1,2025-05-18,2025-06-22,9,200,5,Preventive,Yes,Yes,Open
TMS002979,AST005022,Bridge,C00068,136.9,Gauge defect,Track Geometry,High,5,3,2,2025-05-24,2025-06-04,27,170,2,Corrective,No,Yes,Open
TMS002980,AST004127,Weld,C00068,140.7,Track geometry defect,Track Geometry,Low,3,2,1,2025-05-12,2025-06-14,17,224,3,Preventive,Yes,Yes,Scheduled
TMS002981,AST004029,Rail,C00038,147.7,Turnout wear,Turnout/Switch Defect,Critical,4,5,3,2025-05-08,2025-05-13,49,263,4,Corrective,No,Yes,Scheduled
TMS002982,AST003050,Switch,C00024,71.6,Turnout wear,Turnout/Switch Defect,Low,2,2,2,2025-03-13,2025-05-03,59,174,3,Preventive,No,No,Open
TMS002983,AST001403,Crossing,C00017,1.4,Corrective maintenance,Corrective,Low,2,1,1,2025-05-21,2025-07-13,0,254,4,Corrective,No,Yes,Scheduled
TMS002984,AST000942,Turnout,C00049,40.9,Turnout wear,Turnout/Switch Defect,Low,4,1,2,2025-04-02,2025-05-18,0,175,5,Preventive,No,Yes,Completed
TMS002985,AST000806,Track,C00066,30.3,Drainage issue,Drainage,Critical,2,3,3,2025-05-28,2025-06-01,30,89,3,Corrective,Yes,Yes,Open
TMS002986,AST004484,Bridge,C00065,49.1,Ballast deficiency,Ballast Defect,Low,2,1,1,2025-06-27,2025-08-22,0,141,2,Preventive,Yes,Yes,Open
TMS002987,AST002317,Ballast,C00046,18.1,Ballast deficiency,Ballast Defect,Medium,3,3,1,2025-06-04,2025-06-29,0,187,4,Preventive,No,Yes,Completed
TMS002988,AST004911,Bridge,C00076,122.3,Sleeper damage,Sleeper Defect,Medium,3,2,2,2025-06-15,2025-07-03,0,76,2,Preventive,No,Yes,Deferred
TMS002989,AST002010,Switch,C00038,129.0,Rail wear,Rail Defect,High,2,3,1,2025-05-27,2025-06-05,26,152,4,Corrective,No,Yes,Open
TMS002990,AST002455,Weld,C00081,9.6,Corrective maintenance,Corrective,Medium,2,2,1,2025-06-22,2025-07-16,0,229,3,Corrective,No,Yes,Scheduled
TMS002991,AST001146,Bridge,C00090,40.2,Preventive maintenance,Preventive,High,3,2,2,2025-06-14,2025-06-26,5,116,3,Preventive,No,Yes,Open
TMS002992,AST001506,Ballast,C00043,15.3,Track geometry defect,Track Geometry,Medium,5,1,2,2025-06-16,2025-07-02,0,145,3,Preventive,Yes,Yes,Scheduled
TMS002993,AST003102,Rail,C00062,12.8,Rail crack,Rail Defect,Medium,3,2,3,2025-05-05,2025-05-26,36,205,4,Preventive,No,Yes,Open
TMS002994,AST002146,Ballast,C00027,4.2,Sleeper damage,Sleeper Defect,Low,4,1,1,2025-04-15,2025-06-11,20,152,3,Preventive,No,Yes,Open
TMS002995,AST001619,Weld,C00009,52.6,Rail crack,Rail Defect,High,5,4,3,2025-06-22,2025-07-01,0,254,6,Corrective,Yes,Yes,In Progress
TMS002996,AST004826,Turnout,C00023,19.0,Gauge defect,Track Geometry,Medium,3,1,1,2025-04-10,2025-04-26,66,142,4,Preventive,No,Yes,Scheduled
TMS002997,AST001253,Crossing,C00053,27.6,Weld defect,Rail Defect,Medium,3,3,3,2025-06-07,2025-06-29,0,129,3,Preventive,No,Yes,Completed
TMS002998,AST001726,Crossing,C00042,42.8,Weld defect,Rail Defect,Medium,2,2,4,2025-03-23,2025-04-14,78,161,4,Preventive,No,Yes,Scheduled
TMS002999,AST000308,Switch,C00063,106.0,Drainage issue,Drainage,Medium,2,2,2,2025-06-26,2025-07-17,0,112,2,Preventive,Yes,Yes,Completed
TMS003000,AST000827,Sleeper,C00006,10.9,Turnout wear,Turnout/Switch Defect,High,4,3,4,2025-05-23,2025-06-05,26,229,4,Corrective,No,Yes,Open
TMS003001,AST000669,Turnout,C00042,59.8,Rail crack,Rail Defect,Medium,1,2,2,2025-05-02,2025-05-26,0,221,5,Preventive,No,Yes,Completed
TMS003002,AST002915,Ballast,C00022,109.9,Sleeper damage,Sleeper Defect,Medium,3,2,1,2025-05-29,2025-06-17,14,72,2,Preventive,No,Yes,Open
TMS003003,AST001719,Track,C00073,69.9,Rail wear,Rail Defect,Low,4,3,1,2025-06-26,2025-08-01,0,177,3,Preventive,No,No,Scheduled
TMS003004,AST000162,Ballast,C00044,49.1,Sleeper damage,Sleeper Defect,Critical,5,4,2,2025-05-04,2025-05-08,54,97,2,Corrective,No,Yes,Open
TMS003005,AST003821,Switch,C00030,72.1,Rail wear,Rail Defect,Medium,1,2,2,2025-06-16,2025-07-07,0,148,3,Preventive,No,Yes,Completed
TMS003006,AST004624,Sleeper,C00088,45.9,Sleeper damage,Sleeper Defect,Low,3,2,2,2025-06-12,2025-07-28,0,146,4,Preventive,No,Yes,Open
TMS003007,AST002144,Rail,C00059,113.0,Rail wear,Rail Defect,Medium,2,3,2,2025-02-06,2025-03-01,122,147,3,Preventive,No,Yes,Open
TMS003008,AST003590,Switch,C00032,3.5,Track geometry defect,Track Geometry,Medium,5,3,2,2025-02-19,2025-03-16,107,209,4,Preventive,Yes,Yes,Deferred
TMS003009,AST000926,Bridge,C00012,118.5,Preventive maintenance,Preventive,Low,1,2,2,2025-02-16,2025-03-26,97,66,1,Preventive,No,Yes,Scheduled
TMS003010,AST005085,Track,C00008,67.9,Track geometry defect,Track Geometry,Medium,3,3,2,2025-05-18,2025-06-14,17,160,2,Preventive,No,Yes,In Progress
TMS003011,AST000422,Crossing,C00078,57.4,Rail crack,Rail Defect,Medium,3,3,2,2025-02-08,2025-03-08,115,145,3,Preventive,Yes,Yes,Scheduled
TMS003012,AST002367,Bridge,C00070,6.8,Gauge defect,Track Geometry,Medium,2,2,2,2025-05-07,2025-05-28,0,141,2,Preventive,No,Yes,Completed
TMS003013,AST001798,Crossing,C00074,18.2,Weld defect,Rail Defect,Medium,2,3,1,2025-06-09,2025-07-03,0,165,4,Preventive,No,Yes,Completed
TMS003014,AST001862,Ballast,C00092,93.2,Rail crack,Rail Defect,Critical,4,5,1,2025-03-26,2025-03-29,0,175,4,Corrective,Yes,No,Completed
TMS003015,AST001847,Rail,C00025,287.9,Sleeper damage,Sleeper Defect,Low,2,2,1,2025-05-21,2025-06-26,0,150,4,Preventive,No,Yes,Completed
TMS003016,AST001818,Rail,C00097,27.2,Ballast deficiency,Ballast Defect,Low,1,1,1,2025-04-11,2025-05-27,35,178,4,Preventive,Yes,Yes,In Progress
TMS003017,AST000342,Ballast,C00031,23.6,Drainage issue,Drainage,High,2,2,4,2025-06-03,2025-06-16,15,90,5,Corrective,Yes,Yes,Deferred
TMS003018,AST004635,Bridge,C00050,8.3,Rail wear,Rail Defect,Low,3,1,3,2025-05-15,2025-06-24,0,164,1,Preventive,Yes,Yes,Completed
TMS003019,AST004900,Sleeper,C00088,91.9,Scheduled inspection,Inspection,High,4,4,3,2025-06-15,2025-06-26,5,144,1,Inspection,No,Yes,Open
TMS003020,AST002620,Sleeper,C00020,57.9,Turnout wear,Turnout/Switch Defect,Medium,3,2,1,2025-04-19,2025-05-07,0,221,4,Preventive,No,Yes,Completed
TMS003021,AST001656,Switch,C00027,11.0,Ballast deficiency,Ballast Defect,Medium,2,3,1,2025-02-14,2025-03-10,113,141,3,Preventive,Yes,Yes,Open
TMS003022,AST003379,Sleeper,C00061,22.5,Sleeper damage,Sleeper Defect,Medium,2,2,2,2025-05-04,2025-05-22,40,143,4,Preventive,No,Yes,In Progress
TMS003023,AST001449,Rail,C00067,39.7,Ballast deficiency,Ballast Defect,Medium,2,3,2,2025-05-22,2025-06-12,0,202,5,Preventive,Yes,Yes,Completed
TMS003024,AST004040,Track,C00085,42.1,Gauge defect,Track Geometry,Low,3,1,2,2025-03-08,2025-04-23,69,112,1,Preventive,No,Yes,Scheduled
TMS003025,AST003834,Track,C00011,19.6,Track geometry defect,Track Geometry,Low,3,1,2,2025-05-19,2025-06-30,1,175,3,Preventive,Yes,No,Open
TMS003026,AST004826,Turnout,C00023,19.0,Rail crack,Rail Defect,Medium,1,3,1,2025-06-18,2025-07-05,0,138,3,Preventive,Yes,Yes,Open
TMS003027,AST000870,Weld,C00059,33.0,Weld defect,Rail Defect,Low,2,2,2,2025-06-16,2025-08-02,0,120,2,Preventive,No,Yes,Open
TMS003028,AST000004,Switch,C00008,27.8,Preventive maintenance,Preventive,Low,2,2,2,2025-06-28,2025-08-10,0,152,4,Preventive,No,Yes,Scheduled
TMS003029,AST003915,Bridge,C00013,12.3,Track geometry defect,Track Geometry,Low,2,3,1,2025-05-23,2025-07-14,0,256,5,Preventive,No,Yes,Open
TMS003030,AST003377,Crossing,C00068,145.2,Alignment defect,Track Geometry,Low,2,2,2,2025-06-04,2025-07-18,0,163,4,Preventive,Yes,Yes,In Progress
TMS003031,AST000038,Turnout,C00065,38.6,Sleeper damage,Sleeper Defect,Critical,2,3,4,2025-06-25,2025-06-30,1,132,5,Corrective,No,Yes,Open
TMS003032,AST000378,Sleeper,C00014,8.7,Ballast deficiency,Ballast Defect,Low,3,2,2,2025-05-28,2025-07-23,0,170,3,Preventive,Yes,Yes,Open
TMS003033,AST003166,Crossing,C00083,95.4,Ballast deficiency,Ballast Defect,Medium,2,2,2,2025-06-13,2025-07-06,0,106,3,Preventive,Yes,Yes,Open
TMS003034,AST001042,Turnout,C00066,30.6,Track geometry defect,Track Geometry,Medium,3,2,2,2025-04-29,2025-05-19,43,197,5,Preventive,Yes,Yes,Deferred
TMS003035,AST004214,Sleeper,C00048,20.2,Sleeper damage,Sleeper Defect,Low,3,2,1,2025-04-05,2025-05-14,48,126,1,Preventive,No,No,Scheduled
TMS003036,AST003877,Turnout,C00067,84.1,Sleeper damage,Sleeper Defect,Medium,3,2,1,2025-03-07,2025-03-26,0,97,2,Preventive,No,Yes,Completed
TMS003037,AST001014,Turnout,C00046,5.2,Sleeper damage,Sleeper Defect,Medium,3,3,2,2025-02-06,2025-02-26,125,74,2,Preventive,No,Yes,In Progress
TMS003038,AST002586,Ballast,C00034,19.7,Scheduled inspection,Inspection,Medium,3,3,2,2025-05-10,2025-06-03,28,48,3,Inspection,No,No,Open
TMS003039,AST001073,Crossing,C00085,118.1,Sleeper damage,Sleeper Defect,Low,2,2,1,2025-06-26,2025-08-19,0,68,2,Preventive,No,Yes,Scheduled
TMS003040,AST002643,Rail,C00070,21.5,Rail crack,Rail Defect,Critical,3,4,3,2025-05-12,2025-05-18,0,151,3,Corrective,Yes,Yes,Completed
TMS003041,AST004608,Sleeper,C00062,46.0,Drainage issue,Drainage,Medium,2,3,2,2025-05-13,2025-06-05,26,69,3,Preventive,Yes,No,Open
TMS003042,AST001040,Weld,C00081,78.8,Ballast deficiency,Ballast Defect,High,3,4,4,2025-05-08,2025-05-23,39,178,5,Corrective,No,No,Scheduled
TMS003043,AST004922,Ballast,C00061,31.7,Corrective maintenance,Corrective,High,3,3,2,2025-05-03,2025-05-11,51,315,5,Corrective,No,Yes,Open
TMS003044,AST002653,Rail,C00082,68.7,Sleeper damage,Sleeper Defect,Low,3,1,2,2025-05-06,2025-06-26,5,123,2,Preventive,No,Yes,Open
TMS003045,AST001906,Crossing,C00043,16.3,Rail crack,Rail Defect,Medium,2,2,2,2025-06-26,2025-07-13,0,149,3,Preventive,No,Yes,Completed
TMS003046,AST004967,Weld,C00044,39.7,Weld defect,Rail Defect,Medium,2,3,1,2025-06-24,2025-07-15,0,187,5,Preventive,No,Yes,Scheduled
TMS003047,AST004759,Rail,C00056,18.5,Weld defect,Rail Defect,High,3,3,3,2025-06-27,2025-07-03,0,224,4,Corrective,No,Yes,Scheduled
TMS003048,AST005112,Sleeper,C00041,12.7,Rail crack,Rail Defect,Low,4,2,1,2025-04-28,2025-06-18,13,186,4,Preventive,Yes,Yes,Scheduled
TMS003049,AST000345,Turnout,C00046,18.9,Scheduled inspection,Inspection,Low,2,2,1,2025-04-30,2025-06-17,14,56,2,Inspection,No,Yes,Scheduled
TMS003050,AST004790,Crossing,C00023,23.5,Drainage issue,Drainage,Medium,4,3,2,2025-06-04,2025-06-19,12,105,2,Preventive,Yes,No,Open
TMS003051,AST005117,Weld,C00042,64.2,Preventive maintenance,Preventive,Medium,2,2,2,2025-05-05,2025-05-29,33,126,4,Preventive,No,Yes,Open
TMS003052,AST004422,Rail,C00075,45.0,Rail wear,Rail Defect,High,3,3,3,2025-05-21,2025-05-31,0,226,3,Corrective,No,Yes,Completed
TMS003053,AST002026,Ballast,C00009,20.5,Gauge defect,Track Geometry,Low,1,1,1,2025-02-22,2025-04-08,84,201,3,Preventive,No,Yes,Open
TMS003054,AST000398,Crossing,C00069,149.9,Track geometry defect,Track Geometry,Low,2,1,1,2025-04-27,2025-06-20,11,244,4,Preventive,Yes,No,Scheduled
TMS003055,AST002908,Ballast,C00035,51.3,Weld defect,Rail Defect,Low,2,2,1,2025-04-13,2025-05-22,40,166,3,Preventive,No,Yes,Open
TMS003056,AST001618,Crossing,C00034,7.4,Scheduled inspection,Inspection,Medium,5,2,2,2025-05-25,2025-06-21,10,36,2,Inspection,No,No,Open
TMS003057,AST004947,Track,C00059,182.5,Sleeper damage,Sleeper Defect,Low,1,1,1,2025-06-25,2025-07-28,0,132,4,Preventive,Yes,Yes,Open
TMS003058,AST000108,Ballast,C00084,181.2,Weld defect,Rail Defect,Medium,4,1,1,2025-05-10,2025-05-29,33,111,3,Preventive,No,Yes,Open
TMS003059,AST004512,Sleeper,C00025,162.4,Rail wear,Rail Defect,Low,1,2,2,2025-06-07,2025-07-11,0,150,3,Preventive,No,Yes,In Progress
TMS003060,AST000767,Bridge,C00048,9.8,Alignment defect,Track Geometry,Medium,2,2,3,2025-03-19,2025-04-09,83,130,4,Preventive,Yes,No,Open
TMS003061,AST004188,Track,C00082,62.6,Ballast deficiency,Ballast Defect,Low,3,2,2,2025-05-19,2025-06-19,12,30,3,Preventive,Yes,Yes,Open
TMS003062,AST000187,Crossing,C00031,7.4,Weld defect,Rail Defect,Low,1,2,1,2025-06-28,2025-07-30,0,195,4,Preventive,No,No,In Progress
TMS003063,AST003798,Ballast,C00026,57.5,Gauge defect,Track Geometry,High,3,5,2,2025-04-19,2025-04-29,63,151,2,Corrective,No,Yes,Scheduled
TMS003064,AST005100,Turnout,C00035,43.0,Weld defect,Rail Defect,High,3,4,2,2025-05-02,2025-05-14,0,155,3,Corrective,No,Yes,Completed
TMS003065,AST001140,Track,C00002,75.2,Turnout wear,Turnout/Switch Defect,Medium,2,1,1,2025-06-12,2025-07-10,0,139,2,Preventive,No,Yes,Open
TMS003066,AST000343,Crossing,C00042,38.2,Alignment defect,Track Geometry,High,4,3,2,2025-05-25,2025-06-08,23,220,3,Corrective,No,Yes,Scheduled
TMS003067,AST000857,Track,C00092,66.3,Turnout wear,Turnout/Switch Defect,Critical,4,4,3,2025-06-27,2025-07-01,0,226,3,Corrective,Yes,Yes,Open
TMS003068,AST001088,Crossing,C00005,4.3,Gauge defect,Track Geometry,Medium,2,2,2,2025-03-04,2025-03-24,99,173,3,Preventive,No,Yes,In Progress
TMS003069,AST000437,Turnout,C00006,7.0,Weld defect,Rail Defect,Medium,2,3,1,2025-06-13,2025-06-28,3,83,2,Preventive,No,Yes,Scheduled
TMS003070,AST001007,Weld,C00077,28.3,Rail wear,Rail Defect,Low,3,2,1,2025-05-06,2025-06-12,19,131,2,Preventive,No,Yes,Open
TMS003071,AST001910,Crossing,C00011,161.1,Corrective maintenance,Corrective,Medium,3,2,1,2025-06-04,2025-06-30,1,303,4,Corrective,No,No,Scheduled
TMS003072,AST000809,Rail,C00060,4.1,Alignment defect,Track Geometry,Low,2,2,1,2025-02-18,2025-03-23,100,131,3,Preventive,No,Yes,In Progress
TMS003073,AST000975,Sleeper,C00092,4.4,Preventive maintenance,Preventive,Low,5,2,2,2025-04-25,2025-06-04,27,105,3,Preventive,No,Yes,Open
TMS003074,AST004581,Ballast,C00050,27.1,Scheduled inspection,Inspection,Medium,4,2,2,2025-05-22,2025-06-09,22,76,2,Inspection,No,Yes,Scheduled
TMS003075,AST001487,Sleeper,C00095,14.6,Alignment defect,Track Geometry,High,2,4,2,2025-05-28,2025-06-05,26,177,2,Corrective,No,Yes,Open
TMS003076,AST003046,Track,C00011,140.5,Track geometry defect,Track Geometry,Medium,4,2,2,2025-05-20,2025-06-07,24,228,2,Preventive,No,Yes,Open
TMS003077,AST002116,Ballast,C00061,48.3,Weld defect,Rail Defect,Medium,1,2,1,2025-04-02,2025-04-24,0,151,5,Preventive,No,Yes,Completed
TMS003078,AST004214,Sleeper,C00048,20.2,Rail wear,Rail Defect,Low,2,2,2,2025-02-27,2025-04-17,75,178,2,Preventive,No,Yes,Deferred
TMS003079,AST000792,Weld,C00097,13.3,Weld defect,Rail Defect,Medium,3,2,3,2025-05-24,2025-06-16,15,60,3,Preventive,No,Yes,Open
TMS003080,AST003303,Sleeper,C00091,68.3,Rail crack,Rail Defect,Low,3,3,1,2025-06-11,2025-08-03,0,242,4,Preventive,Yes,Yes,In Progress
TMS003081,AST000721,Sleeper,C00080,73.1,Rail crack,Rail Defect,Low,2,2,1,2025-06-24,2025-08-06,0,211,4,Preventive,Yes,Yes,Open
TMS003082,AST001229,Rail,C00018,59.2,Drainage issue,Drainage,Medium,3,2,2,2025-03-24,2025-04-18,74,89,3,Preventive,Yes,Yes,In Progress
TMS003083,AST002748,Switch,C00067,5.5,Preventive maintenance,Preventive,High,3,3,2,2025-04-27,2025-05-05,0,138,2,Preventive,No,Yes,Completed
TMS003084,AST001953,Turnout,C00039,18.5,Turnout wear,Turnout/Switch Defect,Medium,3,2,1,2025-05-02,2025-05-21,0,188,4,Preventive,Yes,Yes,Completed
TMS003085,AST001044,Rail,C00074,18.7,Rail crack,Rail Defect,Low,2,2,1,2025-06-01,2025-07-25,0,168,3,Preventive,Yes,Yes,Scheduled
TMS003086,AST004474,Track,C00091,134.5,Alignment defect,Track Geometry,Medium,4,3,3,2025-05-22,2025-06-18,13,147,3,Preventive,Yes,Yes,Scheduled
TMS003087,AST000012,Crossing,C00100,8.0,Preventive maintenance,Preventive,High,3,4,5,2025-05-28,2025-06-06,0,94,2,Preventive,Yes,Yes,Completed
TMS003088,AST002901,Turnout,C00094,46.9,Gauge defect,Track Geometry,Critical,3,4,3,2025-05-19,2025-05-23,39,317,6,Corrective,No,No,Scheduled
TMS003089,AST001007,Weld,C00077,28.3,Corrective maintenance,Corrective,Medium,3,2,3,2025-06-19,2025-07-12,0,309,4,Corrective,No,Yes,Open
TMS003090,AST002060,Turnout,C00027,23.7,Ballast deficiency,Ballast Defect,Critical,4,4,3,2025-06-16,2025-06-22,9,132,4,Corrective,Yes,Yes,Scheduled
TMS003091,AST003941,Ballast,C00001,246.5,Weld defect,Rail Defect,Medium,4,2,1,2025-04-24,2025-05-15,47,67,2,Preventive,Yes,Yes,In Progress
TMS003092,AST000895,Rail,C00042,73.6,Alignment defect,Track Geometry,Medium,3,2,2,2025-05-31,2025-06-21,10,167,5,Preventive,No,Yes,In Progress
TMS003093,AST005227,Crossing,C00066,2.7,Weld defect,Rail Defect,Low,2,2,2,2025-06-08,2025-07-23,0,105,4,Preventive,No,Yes,Open
TMS003094,AST002018,Crossing,C00080,69.5,Alignment defect,Track Geometry,Medium,3,4,2,2025-03-30,2025-04-20,72,171,4,Preventive,Yes,Yes,Open
TMS003095,AST001210,Rail,C00066,1.0,Drainage issue,Drainage,Low,1,2,1,2025-05-14,2025-06-29,2,101,3,Preventive,Yes,No,Scheduled
TMS003096,AST004255,Sleeper,C00059,33.7,Corrective maintenance,Corrective,Critical,3,4,3,2025-05-17,2025-05-21,41,324,3,Corrective,No,Yes,Scheduled
TMS003097,AST001788,Ballast,C00066,15.3,Scheduled inspection,Inspection,Medium,2,3,2,2025-05-31,2025-06-23,8,46,5,Inspection,No,No,Open
TMS003098,AST004338,Sleeper,C00069,23.6,Track geometry defect,Track Geometry,Medium,3,3,3,2025-05-12,2025-05-30,32,158,5,Preventive,Yes,Yes,Scheduled
TMS003099,AST004448,Track,C00095,38.5,Turnout wear,Turnout/Switch Defect,High,3,4,4,2025-06-15,2025-06-25,6,215,6,Corrective,No,Yes,Open
TMS003100,AST001236,Sleeper,C00005,115.0,Corrective maintenance,Corrective,High,2,4,3,2025-06-10,2025-06-23,0,285,5,Corrective,No,Yes,Completed
TMS003101,AST004526,Switch,C00003,16.5,Alignment defect,Track Geometry,Low,2,2,2,2025-06-23,2025-08-05,0,198,3,Preventive,Yes,Yes,Open
TMS003102,AST001434,Crossing,C00027,81.4,Alignment defect,Track Geometry,Low,2,1,1,2025-06-17,2025-07-25,0,199,3,Preventive,No,Yes,Scheduled
TMS003103,AST003098,Rail,C00064,114.5,Scheduled inspection,Inspection,Medium,5,5,3,2025-05-11,2025-06-08,23,52,4,Inspection,No,No,Open
TMS003104,AST000409,Weld,C00049,0.2,Rail crack,Rail Defect,Critical,5,5,3,2025-06-12,2025-06-15,0,182,4,Corrective,Yes,Yes,Completed
TMS003105,AST005164,Crossing,C00064,135.1,Gauge defect,Track Geometry,Low,1,2,1,2025-05-20,2025-07-05,0,155,5,Preventive,No,No,Open
TMS003106,AST001267,Crossing,C00071,12.6,Rail wear,Rail Defect,Medium,3,3,2,2025-06-20,2025-07-09,0,227,4,Preventive,No,Yes,In Progress
TMS003107,AST002345,Track,C00057,75.7,Drainage issue,Drainage,Low,2,1,1,2025-06-28,2025-08-11,0,70,2,Preventive,Yes,Yes,Scheduled
TMS003108,AST001788,Ballast,C00066,15.3,Turnout wear,Turnout/Switch Defect,Medium,2,3,1,2025-06-30,2025-07-21,0,120,3,Preventive,No,Yes,Scheduled
TMS003109,AST004940,Track,C00076,95.8,Sleeper damage,Sleeper Defect,Critical,4,4,4,2025-06-24,2025-06-28,3,137,3,Corrective,No,Yes,In Progress
TMS003110,AST002826,Sleeper,C00069,256.8,Rail crack,Rail Defect,Medium,4,2,1,2025-02-08,2025-02-24,127,227,5,Preventive,Yes,Yes,In Progress
TMS003111,AST000894,Turnout,C00048,13.6,Weld defect,Rail Defect,Medium,3,3,2,2025-06-27,2025-07-12,0,110,2,Preventive,No,Yes,Open
TMS003112,AST002182,Sleeper,C00006,18.1,Rail crack,Rail Defect,Medium,2,3,2,2025-06-28,2025-07-19,0,129,2,Preventive,Yes,Yes,Scheduled
TMS003113,AST003856,Crossing,C00025,140.6,Corrective maintenance,Corrective,Medium,5,2,3,2025-06-12,2025-07-05,0,333,6,Corrective,No,Yes,Scheduled
TMS003114,AST003588,Bridge,C00092,31.3,Scheduled inspection,Inspection,Medium,4,2,2,2025-05-16,2025-06-08,0,37,3,Inspection,No,Yes,Completed
TMS003115,AST005109,Crossing,C00045,177.3,Sleeper damage,Sleeper Defect,Medium,3,2,1,2025-06-21,2025-07-09,0,164,3,Preventive,Yes,Yes,Scheduled
TMS003116,AST004827,Rail,C00029,54.6,Gauge defect,Track Geometry,High,3,4,3,2025-04-14,2025-04-24,68,78,4,Corrective,Yes,Yes,Scheduled
TMS003117,AST001706,Track,C00068,133.9,Drainage issue,Drainage,High,2,3,3,2025-05-02,2025-05-14,48,85,1,Corrective,Yes,Yes,Open
TMS003118,AST004809,Switch,C00041,26.4,Turnout wear,Turnout/Switch Defect,Low,1,2,2,2025-06-07,2025-07-23,0,199,4,Preventive,No,No,Scheduled
TMS003119,AST005097,Bridge,C00081,63.5,Track geometry defect,Track Geometry,Medium,4,5,2,2025-05-29,2025-06-18,0,176,4,Preventive,Yes,Yes,Completed
TMS003120,AST001615,Bridge,C00090,49.5,Weld defect,Rail Defect,Low,3,2,2,2025-06-01,2025-07-26,0,187,4,Preventive,No,Yes,Scheduled
TMS003121,AST003729,Crossing,C00092,10.0,Weld defect,Rail Defect,Medium,3,3,2,2025-06-24,2025-07-21,0,122,4,Preventive,No,Yes,Scheduled
TMS003122,AST003013,Turnout,C00038,170.8,Ballast deficiency,Ballast Defect,High,4,3,2,2025-05-17,2025-05-26,36,125,2,Corrective,Yes,Yes,Deferred
TMS003123,AST003641,Crossing,C00001,221.9,Drainage issue,Drainage,Critical,3,4,3,2025-03-28,2025-03-30,93,180,4,Corrective,Yes,Yes,In Progress
TMS003124,AST003792,Track,C00078,85.9,Drainage issue,Drainage,Low,2,2,1,2025-06-22,2025-08-07,0,121,3,Preventive,Yes,Yes,Open
TMS003125,AST001463,Weld,C00097,0.8,Alignment defect,Track Geometry,Medium,3,3,2,2025-06-11,2025-07-01,0,166,3,Preventive,Yes,Yes,In Progress
TMS003126,AST004503,Track,C00095,5.8,Preventive maintenance,Preventive,High,4,5,2,2025-06-20,2025-06-29,2,134,2,Preventive,No,Yes,Deferred
TMS003127,AST002055,Ballast,C00093,74.2,Turnout wear,Turnout/Switch Defect,Low,2,1,2,2025-06-21,2025-08-01,0,181,2,Preventive,Yes,Yes,Completed
TMS003128,AST001179,Weld,C00097,31.1,Gauge defect,Track Geometry,High,4,3,2,2025-05-16,2025-05-26,36,133,3,Corrective,No,Yes,Deferred
TMS003129,AST002544,Sleeper,C00014,33.7,Corrective maintenance,Corrective,High,4,4,3,2025-03-15,2025-03-26,0,207,5,Corrective,No,Yes,Completed
TMS003130,AST001872,Switch,C00068,96.4,Gauge defect,Track Geometry,Medium,3,2,1,2025-06-12,2025-07-05,0,126,3,Preventive,No,Yes,Scheduled
TMS003131,AST001552,Switch,C00060,7.1,Scheduled inspection,Inspection,Medium,4,2,2,2025-06-12,2025-07-02,0,36,4,Inspection,No,Yes,Completed
TMS003132,AST003537,Switch,C00068,27.7,Sleeper damage,Sleeper Defect,Low,3,2,1,2025-06-16,2025-08-11,0,106,3,Preventive,No,Yes,In Progress
TMS003133,AST004957,Crossing,C00068,94.9,Alignment defect,Track Geometry,Medium,4,2,1,2025-04-11,2025-05-02,60,141,2,Preventive,No,Yes,Open
TMS003134,AST000316,Switch,C00063,140.9,Rail wear,Rail Defect,Medium,3,3,1,2025-06-17,2025-07-05,0,171,5,Preventive,No,Yes,Open
TMS003135,AST002910,Turnout,C00027,125.2,Weld defect,Rail Defect,Low,3,2,2,2025-06-15,2025-08-08,0,109,4,Preventive,No,Yes,Scheduled
TMS003136,AST003853,Rail,C00078,7.7,Drainage issue,Drainage,High,4,3,3,2025-04-07,2025-04-15,77,117,2,Corrective,Yes,Yes,In Progress
TMS003137,AST000456,Turnout,C00005,73.9,Drainage issue,Drainage,High,2,3,3,2025-06-12,2025-06-25,6,92,2,Corrective,Yes,Yes,Open
TMS003138,AST000774,Ballast,C00051,13.4,Alignment defect,Track Geometry,High,4,4,4,2025-06-24,2025-07-05,0,236,3,Corrective,Yes,Yes,Open
TMS003139,AST002965,Sleeper,C00073,45.6,Preventive maintenance,Preventive,Medium,3,4,2,2025-06-30,2025-07-18,0,98,1,Preventive,No,Yes,Open
TMS003140,AST003489,Track,C00047,0.9,Rail crack,Rail Defect,Medium,3,2,4,2025-03-26,2025-04-21,71,223,3,Preventive,Yes,Yes,Open
TMS003141,AST002394,Crossing,C00013,19.1,Rail wear,Rail Defect,Critical,4,5,2,2025-06-09,2025-06-15,16,217,5,Corrective,No,Yes,In Progress
TMS003142,AST001285,Switch,C00093,2.2,Rail wear,Rail Defect,Medium,2,2,1,2025-06-28,2025-07-18,0,146,3,Preventive,Yes,Yes,Open
TMS003143,AST004366,Bridge,C00011,292.8,Preventive maintenance,Preventive,Medium,3,2,1,2025-06-03,2025-06-24,7,81,2,Preventive,No,Yes,In Progress
TMS003144,AST004603,Rail,C00051,27.8,Rail crack,Rail Defect,Medium,1,2,1,2025-03-31,2025-04-28,64,109,3,Preventive,Yes,Yes,Open
TMS003145,AST005174,Crossing,C00035,91.2,Scheduled inspection,Inspection,Medium,2,3,2,2025-05-18,2025-06-01,30,41,4,Inspection,No,No,Open
TMS003146,AST004977,Ballast,C00075,55.7,Scheduled inspection,Inspection,High,2,3,1,2025-06-17,2025-06-25,6,46,2,Inspection,No,Yes,Open
TMS003147,AST005161,Switch,C00024,31.7,Corrective maintenance,Corrective,Low,3,1,1,2025-06-29,2025-08-20,0,258,3,Corrective,No,Yes,Open
TMS003148,AST002470,Rail,C00099,6.5,Scheduled inspection,Inspection,Medium,3,3,2,2025-03-25,2025-04-15,0,67,3,Inspection,No,Yes,Completed
TMS003149,AST001970,Weld,C00036,6.6,Gauge defect,Track Geometry,Medium,3,3,2,2025-05-02,2025-05-22,40,203,4,Preventive,No,Yes,Deferred
TMS003150,AST001315,Bridge,C00036,58.3,Ballast deficiency,Ballast Defect,Low,1,2,2,2025-05-03,2025-06-16,0,146,3,Preventive,Yes,Yes,Completed
TMS003151,AST002355,Sleeper,C00034,33.6,Drainage issue,Drainage,Low,2,2,2,2025-03-30,2025-05-10,52,77,4,Preventive,Yes,Yes,Open
TMS003152,AST000920,Sleeper,C00044,29.0,Rail crack,Rail Defect,Medium,5,3,2,2025-06-25,2025-07-19,0,188,4,Preventive,Yes,No,Open
TMS003153,AST001190,Track,C00099,12.3,Gauge defect,Track Geometry,Medium,2,1,2,2025-06-12,2025-07-04,0,54,2,Preventive,No,Yes,Scheduled
TMS003154,AST001855,Switch,C00044,27.5,Preventive maintenance,Preventive,High,4,4,2,2025-04-14,2025-04-26,0,145,3,Preventive,No,Yes,Completed
TMS003155,AST000294,Switch,C00099,0.5,Ballast deficiency,Ballast Defect,Low,2,1,2,2025-06-19,2025-08-03,0,127,4,Preventive,Yes,Yes,Scheduled
TMS003156,AST000941,Weld,C00088,30.2,Weld defect,Rail Defect,Critical,3,4,4,2025-03-03,2025-03-09,114,206,3,Corrective,No,Yes,Open
TMS003157,AST003326,Bridge,C00084,280.9,Alignment defect,Track Geometry,High,3,3,1,2025-06-15,2025-06-24,7,202,6,Corrective,No,Yes,Open
TMS003158,AST004917,Weld,C00045,166.9,Scheduled inspection,Inspection,High,5,3,2,2025-05-10,2025-05-20,0,67,2,Inspection,No,No,Completed
TMS003159,AST004467,Switch,C00053,79.2,Ballast deficiency,Ballast Defect,High,3,3,3,2025-02-01,2025-02-11,140,165,5,Corrective,Yes,Yes,Open
TMS003160,AST001734,Ballast,C00026,202.4,Corrective maintenance,Corrective,Medium,4,1,3,2025-05-13,2025-06-03,28,265,4,Corrective,No,Yes,Open
TMS003161,AST000235,Ballast,C00084,140.9,Sleeper damage,Sleeper Defect,Low,2,2,2,2025-05-01,2025-06-07,24,79,2,Preventive,No,Yes,Deferred
TMS003162,AST002983,Turnout,C00050,14.6,Scheduled inspection,Inspection,Medium,3,3,3,2025-02-25,2025-03-17,0,66,4,Inspection,Yes,No,Completed
TMS003163,AST005173,Bridge,C00071,16.3,Rail crack,Rail Defect,Medium,2,3,2,2025-06-27,2025-07-18,0,205,5,Preventive,Yes,Yes,Scheduled
TMS003164,AST001394,Switch,C00009,63.8,Scheduled inspection,Inspection,Low,3,2,1,2025-04-11,2025-05-23,39,88,2,Inspection,No,Yes,Open
TMS003165,AST004445,Sleeper,C00031,55.7,Turnout wear,Turnout/Switch Defect,High,2,3,4,2025-05-07,2025-05-17,45,262,4,Corrective,No,Yes,In Progress
TMS003166,AST000781,Rail,C00003,15.8,Drainage issue,Drainage,Medium,3,3,1,2025-06-14,2025-07-04,0,92,3,Preventive,No,Yes,In Progress
TMS003167,AST001753,Track,C00093,36.6,Scheduled inspection,Inspection,High,4,3,3,2025-06-20,2025-07-02,0,69,3,Inspection,No,No,Scheduled
TMS003168,AST000195,Crossing,C00013,83.7,Sleeper damage,Sleeper Defect,Low,2,2,1,2025-02-15,2025-03-28,95,105,3,Preventive,No,Yes,In Progress
TMS003169,AST002172,Ballast,C00068,90.1,Preventive maintenance,Preventive,Medium,1,1,1,2025-06-17,2025-07-07,0,90,2,Preventive,No,Yes,Open
TMS003170,AST000113,Sleeper,C00086,88.0,Weld defect,Rail Defect,High,2,3,2,2025-05-28,2025-06-08,23,112,3,Corrective,Yes,Yes,Deferred
TMS003171,AST000439,Track,C00013,70.4,Drainage issue,Drainage,High,1,4,2,2025-05-06,2025-05-19,43,98,1,Corrective,Yes,Yes,In Progress
TMS003172,AST004248,Crossing,C00054,34.8,Scheduled inspection,Inspection,Medium,3,3,2,2025-05-12,2025-06-02,29,93,3,Inspection,No,Yes,Open
TMS003173,AST000622,Crossing,C00019,117.1,Weld defect,Rail Defect,Medium,2,2,1,2025-05-05,2025-05-29,33,75,3,Preventive,No,Yes,Open
TMS003174,AST002159,Crossing,C00041,3.7,Corrective maintenance,Corrective,Medium,2,2,2,2025-05-21,2025-06-09,22,237,6,Corrective,No,Yes,Open
TMS003175,AST003098,Rail,C00064,114.5,Scheduled inspection,Inspection,Medium,3,3,2,2025-06-16,2025-07-11,0,40,1,Inspection,No,No,Scheduled
TMS003176,AST004395,Bridge,C00076,60.7,Turnout wear,Turnout/Switch Defect,Medium,4,2,2,2025-06-02,2025-06-26,5,183,3,Preventive,No,No,Open
TMS003177,AST001962,Ballast,C00015,136.1,Turnout wear,Turnout/Switch Defect,Low,4,3,1,2025-06-23,2025-08-04,0,219,4,Preventive,No,Yes,Open
TMS003178,AST000460,Bridge,C00012,22.7,Preventive maintenance,Preventive,Low,3,3,2,2025-06-11,2025-07-27,0,81,1,Preventive,No,Yes,Open
TMS003179,AST004266,Bridge,C00009,12.6,Rail wear,Rail Defect,High,4,3,3,2025-06-26,2025-07-05,0,94,3,Corrective,No,No,In Progress
TMS003180,AST001116,Sleeper,C00008,66.2,Preventive maintenance,Preventive,Low,2,1,1,2025-05-06,2025-06-14,17,54,2,Preventive,No,Yes,Open
TMS003181,AST000345,Turnout,C00046,18.9,Corrective maintenance,Corrective,Low,3,2,2,2025-06-04,2025-07-21,0,253,5,Corrective,No,Yes,Open
TMS003182,AST000460,Bridge,C00012,22.7,Track geometry defect,Track Geometry,Medium,3,2,2,2025-05-13,2025-06-02,29,270,4,Preventive,Yes,Yes,Open
TMS003183,AST002367,Bridge,C00070,6.8,Gauge defect,Track Geometry,Critical,4,5,3,2025-06-25,2025-06-29,2,208,5,Corrective,No,Yes,Open
TMS003184,AST003976,Bridge,C00083,58.1,Rail wear,Rail Defect,Low,2,2,3,2025-06-14,2025-08-08,0,151,3,Preventive,No,Yes,Open
TMS003185,AST004729,Bridge,C00086,169.0,Ballast deficiency,Ballast Defect,Medium,2,2,1,2025-06-28,2025-07-16,0,73,3,Preventive,Yes,Yes,Deferred
TMS003186,AST002074,Turnout,C00072,65.1,Rail crack,Rail Defect,Medium,3,2,2,2025-03-12,2025-04-08,84,191,3,Preventive,No,No,Open
TMS003187,AST002094,Turnout,C00047,1.1,Alignment defect,Track Geometry,Low,3,2,1,2025-06-28,2025-08-12,0,166,4,Preventive,No,Yes,Open
TMS003188,AST004445,Sleeper,C00031,55.7,Preventive maintenance,Preventive,Medium,3,3,3,2025-06-25,2025-07-16,0,46,2,Preventive,No,Yes,Open
TMS003189,AST003456,Bridge,C00080,65.1,Rail wear,Rail Defect,High,2,3,3,2025-06-22,2025-07-05,0,129,4,Corrective,No,Yes,Completed
TMS003190,AST002464,Rail,C00051,0.1,Sleeper damage,Sleeper Defect,Critical,3,4,4,2025-06-26,2025-06-30,1,110,3,Corrective,No,Yes,In Progress
TMS003191,AST001777,Crossing,C00068,3.0,Sleeper damage,Sleeper Defect,Medium,3,2,1,2025-06-26,2025-07-25,0,143,3,Preventive,No,Yes,In Progress
TMS003192,AST004396,Switch,C00011,156.8,Weld defect,Rail Defect,Low,5,1,1,2025-05-12,2025-06-23,8,65,3,Preventive,No,Yes,Scheduled
TMS003193,AST003907,Turnout,C00055,6.2,Gauge defect,Track Geometry,Low,2,2,1,2025-05-09,2025-06-16,15,164,3,Preventive,No,Yes,In Progress
TMS003194,AST005015,Turnout,C00050,13.5,Rail wear,Rail Defect,Low,2,2,1,2025-05-03,2025-06-30,1,203,4,Preventive,No,Yes,In Progress
TMS003195,AST001412,Weld,C00050,21.3,Preventive maintenance,Preventive,High,4,5,2,2025-03-01,2025-03-12,0,45,2,Preventive,No,Yes,Completed
TMS003196,AST000878,Ballast,C00025,301.1,Sleeper damage,Sleeper Defect,Medium,4,2,2,2025-04-24,2025-05-20,0,106,4,Preventive,No,Yes,Completed
TMS003197,AST003600,Switch,C00042,76.6,Sleeper damage,Sleeper Defect,High,3,3,2,2025-05-08,2025-05-15,47,175,3,Corrective,No,No,Scheduled
TMS003198,AST004065,Rail,C00075,113.3,Rail crack,Rail Defect,Low,2,2,2,2025-02-01,2025-03-23,100,195,3,Preventive,Yes,Yes,Open
TMS003199,AST002324,Turnout,C00054,5.4,Scheduled inspection,Inspection,High,3,3,2,2025-06-19,2025-06-29,2,50,3,Inspection,No,Yes,Scheduled
TMS003200,AST002985,Track,C00018,53.7,Drainage issue,Drainage,Low,2,2,2,2025-06-06,2025-07-18,0,55,3,Preventive,Yes,Yes,Open
TMS003201,AST004724,Switch,C00080,17.2,Weld defect,Rail Defect,High,2,4,3,2025-06-09,2025-06-23,8,161,5,Corrective,No,Yes,Open
TMS003202,AST000235,Ballast,C00084,140.9,Track geometry defect,Track Geometry,Low,1,2,1,2025-05-21,2025-07-07,0,129,6,Preventive,Yes,Yes,Completed
TMS003203,AST000100,Sleeper,C00029,94.8,Turnout wear,Turnout/Switch Defect,Critical,3,4,4,2025-06-24,2025-06-29,2,268,5,Corrective,No,Yes,In Progress
TMS003204,AST003227,Sleeper,C00098,1.6,Rail wear,Rail Defect,High,2,3,4,2025-06-24,2025-07-04,0,173,3,Corrective,No,Yes,Scheduled
TMS003205,AST002250,Crossing,C00001,174.7,Ballast deficiency,Ballast Defect,Critical,3,5,4,2025-06-17,2025-06-21,0,87,2,Corrective,Yes,Yes,Completed
TMS003206,AST004974,Track,C00048,82.1,Drainage issue,Drainage,High,4,2,2,2025-06-16,2025-06-25,6,68,2,Corrective,Yes,Yes,Open
TMS003207,AST004161,Weld,C00012,51.7,Turnout wear,Turnout/Switch Defect,High,3,4,3,2025-05-07,2025-05-22,40,216,4,Corrective,No,Yes,Scheduled
TMS003208,AST004784,Track,C00019,122.8,Rail crack,Rail Defect,Medium,2,3,2,2025-05-24,2025-06-12,19,154,1,Preventive,Yes,Yes,Open
TMS003209,AST002424,Bridge,C00045,92.4,Drainage issue,Drainage,Critical,5,4,4,2025-06-27,2025-07-03,0,108,4,Corrective,No,Yes,Open
TMS003210,AST001420,Ballast,C00014,25.6,Preventive maintenance,Preventive,Medium,3,3,2,2025-06-28,2025-07-21,0,69,1,Preventive,No,No,Scheduled
TMS003211,AST000508,Sleeper,C00041,3.5,Corrective maintenance,Corrective,High,3,3,4,2025-05-09,2025-05-19,43,277,6,Corrective,No,Yes,Open
TMS003212,AST000241,Weld,C00023,21.2,Corrective maintenance,Corrective,Low,2,3,2,2025-05-22,2025-07-13,0,162,2,Corrective,No,Yes,Scheduled
TMS003213,AST002295,Track,C00065,39.6,Alignment defect,Track Geometry,Medium,3,2,2,2025-06-11,2025-07-01,0,197,2,Preventive,No,Yes,Completed
TMS003214,AST002380,Switch,C00004,134.0,Alignment defect,Track Geometry,Medium,4,2,1,2025-06-23,2025-07-18,0,213,4,Preventive,Yes,Yes,Scheduled
TMS003215,AST000031,Weld,C00067,2.3,Weld defect,Rail Defect,Low,2,1,1,2025-03-28,2025-05-08,0,183,3,Preventive,No,Yes,Completed
TMS003216,AST000235,Ballast,C00084,140.9,Track geometry defect,Track Geometry,Low,1,1,1,2025-05-08,2025-07-03,0,164,5,Preventive,No,Yes,Scheduled
TMS003217,AST004155,Track,C00052,86.8,Ballast deficiency,Ballast Defect,Low,2,2,1,2025-06-26,2025-08-11,0,161,4,Preventive,Yes,Yes,Completed
TMS003218,AST001970,Weld,C00036,6.6,Ballast deficiency,Ballast Defect,Critical,3,5,5,2025-02-07,2025-02-12,139,196,4,Corrective,Yes,Yes,Scheduled
TMS003219,AST002043,Turnout,C00084,217.9,Weld defect,Rail Defect,Low,1,2,1,2025-03-02,2025-04-17,0,120,3,Preventive,No,Yes,Completed
TMS003220,AST003508,Crossing,C00045,166.0,Drainage issue,Drainage,Low,2,2,2,2025-05-12,2025-06-26,5,37,3,Preventive,No,Yes,Open
TMS003221,AST003584,Rail,C00048,96.7,Sleeper damage,Sleeper Defect,High,2,4,3,2025-06-29,2025-07-08,0,130,3,Corrective,No,Yes,Open
TMS003222,AST000446,Weld,C00061,68.3,Gauge defect,Track Geometry,Low,1,1,1,2025-05-09,2025-06-09,0,142,3,Preventive,No,Yes,Completed
TMS003223,AST002085,Ballast,C00060,29.1,Corrective maintenance,Corrective,Medium,3,3,2,2025-03-29,2025-04-18,74,299,6,Corrective,No,Yes,In Progress
TMS003224,AST003697,Weld,C00068,139.5,Alignment defect,Track Geometry,High,4,3,2,2025-03-17,2025-03-25,98,269,4,Corrective,Yes,Yes,Open
TMS003225,AST000122,Turnout,C00040,79.9,Rail crack,Rail Defect,Medium,2,2,2,2025-06-06,2025-06-21,10,227,5,Preventive,Yes,Yes,Open
TMS003226,AST003351,Weld,C00027,83.1,Corrective maintenance,Corrective,Medium,1,1,1,2025-06-11,2025-07-02,0,268,5,Corrective,Yes,Yes,Open
TMS003227,AST000079,Switch,C00076,26.4,Gauge defect,Track Geometry,Medium,4,2,3,2025-04-21,2025-05-12,50,154,4,Preventive,No,Yes,Open
TMS003228,AST000919,Rail,C00048,57.8,Corrective maintenance,Corrective,Low,2,2,2,2025-06-28,2025-08-10,0,264,4,Corrective,No,Yes,Scheduled
TMS003229,AST000330,Rail,C00030,37.9,Rail crack,Rail Defect,Critical,3,4,2,2025-06-18,2025-06-23,0,197,4,Corrective,Yes,Yes,Completed
TMS003230,AST000071,Weld,C00078,88.2,Gauge defect,Track Geometry,Low,2,1,2,2025-06-25,2025-07-24,0,170,2,Preventive,No,Yes,Completed
TMS003231,AST000637,Bridge,C00075,28.2,Turnout wear,Turnout/Switch Defect,Low,1,2,2,2025-05-02,2025-06-07,24,219,4,Preventive,Yes,Yes,In Progress
TMS003232,AST003235,Crossing,C00013,110.3,Track geometry defect,Track Geometry,Low,2,2,2,2025-06-12,2025-07-21,0,159,5,Preventive,Yes,Yes,Completed
TMS003233,AST000867,Turnout,C00024,20.4,Corrective maintenance,Corrective,High,3,3,3,2025-05-05,2025-05-14,48,272,3,Corrective,No,Yes,Open
TMS003234,AST002988,Turnout,C00083,0.2,Ballast deficiency,Ballast Defect,Critical,5,5,3,2025-06-30,2025-07-05,0,257,4,Corrective,Yes,Yes,Open
TMS003235,AST003864,Switch,C00039,18.1,Preventive maintenance,Preventive,Low,3,2,2,2025-05-30,2025-07-08,0,52,2,Preventive,No,Yes,Scheduled
TMS003236,AST002215,Rail,C00025,140.9,Drainage issue,Drainage,Medium,4,2,2,2025-04-25,2025-05-12,50,116,2,Preventive,No,Yes,Scheduled
TMS003237,AST000137,Bridge,C00063,75.5,Corrective maintenance,Corrective,Medium,3,3,1,2025-06-01,2025-06-24,7,312,4,Corrective,Yes,Yes,Scheduled
TMS003238,AST003744,Switch,C00062,19.6,Track geometry defect,Track Geometry,Low,3,2,3,2025-02-05,2025-03-30,93,190,3,Preventive,Yes,Yes,Open
TMS003239,AST000641,Weld,C00021,133.9,Weld defect,Rail Defect,Medium,2,3,2,2025-06-22,2025-07-09,0,86,4,Preventive,No,Yes,In Progress
TMS003240,AST000895,Rail,C00042,73.6,Ballast deficiency,Ballast Defect,High,2,3,1,2025-05-27,2025-06-04,27,177,4,Corrective,No,Yes,Open
TMS003241,AST002141,Track,C00020,30.1,Turnout wear,Turnout/Switch Defect,Low,3,2,1,2025-04-09,2025-05-27,35,137,3,Preventive,No,Yes,Open
TMS003242,AST002671,Bridge,C00013,25.5,Rail wear,Rail Defect,High,3,3,3,2025-02-22,2025-03-04,119,197,3,Corrective,No,Yes,Scheduled
TMS003243,AST004218,Turnout,C00039,11.4,Drainage issue,Drainage,Medium,2,3,2,2025-04-25,2025-05-18,0,50,2,Preventive,No,Yes,Completed
TMS003244,AST000987,Turnout,C00081,12.6,Gauge defect,Track Geometry,Low,3,2,1,2025-06-20,2025-08-09,0,152,4,Preventive,No,Yes,Completed
TMS003245,AST001527,Sleeper,C00085,114.7,Alignment defect,Track Geometry,Critical,4,5,2,2025-05-03,2025-05-08,54,228,5,Corrective,Yes,No,Open
TMS003246,AST001204,Crossing,C00009,71.8,Alignment defect,Track Geometry,Medium,3,2,1,2025-06-29,2025-07-17,0,206,2,Preventive,No,Yes,Open
TMS003247,AST004865,Switch,C00027,4.0,Scheduled inspection,Inspection,Medium,2,2,2,2025-05-17,2025-06-09,22,57,2,Inspection,No,No,In Progress
TMS003248,AST002277,Switch,C00092,27.4,Sleeper damage,Sleeper Defect,Low,3,1,3,2025-06-27,2025-08-10,0,116,4,Preventive,No,Yes,In Progress
TMS003249,AST002827,Track,C00072,53.8,Track geometry defect,Track Geometry,Critical,4,4,3,2025-06-23,2025-06-29,2,265,4,Corrective,Yes,Yes,Open
TMS003250,AST000473,Bridge,C00076,4.7,Rail crack,Rail Defect,Medium,2,1,1,2025-06-14,2025-07-10,0,174,4,Preventive,Yes,Yes,Open
TMS003251,AST003813,Bridge,C00005,97.5,Corrective maintenance,Corrective,Medium,3,2,3,2025-03-07,2025-04-02,90,243,3,Corrective,No,Yes,Scheduled
TMS003252,AST002480,Switch,C00067,118.4,Rail wear,Rail Defect,Medium,1,2,2,2025-06-26,2025-07-17,0,169,3,Preventive,No,Yes,Open
TMS003253,AST002463,Crossing,C00100,8.6,Weld defect,Rail Defect,Critical,4,4,4,2025-06-11,2025-06-17,14,137,3,Corrective,No,Yes,Open
TMS003254,AST004979,Sleeper,C00010,56.9,Rail crack,Rail Defect,High,2,4,2,2025-06-10,2025-06-16,15,306,4,Corrective,Yes,Yes,Scheduled
TMS003255,AST000634,Weld,C00036,21.8,Rail crack,Rail Defect,Medium,5,2,1,2025-05-04,2025-06-01,30,189,2,Preventive,Yes,Yes,In Progress
TMS003256,AST003751,Track,C00085,40.4,Ballast deficiency,Ballast Defect,High,3,3,2,2025-05-19,2025-05-30,32,94,3,Corrective,Yes,Yes,Open
TMS003257,AST004221,Bridge,C00029,92.4,Corrective maintenance,Corrective,Medium,3,2,2,2025-06-30,2025-07-23,0,280,2,Corrective,Yes,Yes,Open
TMS003258,AST004881,Turnout,C00007,149.2,Rail wear,Rail Defect,Low,3,1,1,2025-04-24,2025-05-25,37,144,4,Preventive,Yes,Yes,Open
TMS003259,AST002230,Weld,C00099,8.9,Rail wear,Rail Defect,Medium,3,3,2,2025-05-14,2025-06-03,28,145,3,Preventive,No,Yes,Scheduled
TMS003260,AST002259,Rail,C00054,22.4,Rail crack,Rail Defect,Low,2,1,1,2025-06-22,2025-08-08,0,240,3,Preventive,No,Yes,Scheduled
TMS003261,AST003230,Track,C00041,19.0,Sleeper damage,Sleeper Defect,Medium,3,3,2,2025-03-02,2025-03-21,102,114,3,Preventive,No,Yes,Open
TMS003262,AST001039,Crossing,C00012,111.7,Sleeper damage,Sleeper Defect,Low,2,2,2,2025-06-09,2025-08-02,0,120,2,Preventive,No,Yes,Open
TMS003263,AST001781,Rail,C00068,128.0,Turnout wear,Turnout/Switch Defect,Low,2,2,1,2025-05-28,2025-07-20,0,282,4,Preventive,No,Yes,Open
TMS003264,AST004207,Track,C00038,51.8,Gauge defect,Track Geometry,Medium,3,3,2,2025-05-08,2025-05-30,32,161,4,Preventive,No,Yes,Open
TMS003265,AST004570,Switch,C00035,90.7,Weld defect,Rail Defect,Low,4,1,2,2025-06-11,2025-08-06,0,158,4,Preventive,Yes,Yes,In Progress
TMS003266,AST003327,Weld,C00030,73.8,Track geometry defect,Track Geometry,Medium,2,3,2,2025-05-27,2025-06-16,15,113,2,Preventive,Yes,No,Open
TMS003267,AST000801,Switch,C00029,44.0,Ballast deficiency,Ballast Defect,Low,3,2,2,2025-06-12,2025-07-20,0,221,7,Preventive,Yes,Yes,Open
TMS003268,AST000122,Turnout,C00040,79.9,Alignment defect,Track Geometry,High,2,4,5,2025-03-13,2025-03-21,102,104,2,Corrective,Yes,Yes,Open
TMS003269,AST004092,Rail,C00078,77.9,Preventive maintenance,Preventive,High,3,4,3,2025-06-29,2025-07-12,0,119,3,Preventive,No,Yes,Scheduled
TMS003270,AST000489,Switch,C00084,263.7,Track geometry defect,Track Geometry,Medium,3,4,2,2025-06-04,2025-07-01,0,205,4,Preventive,Yes,No,Open
TMS003271,AST003713,Weld,C00036,24.0,Gauge defect,Track Geometry,Low,4,1,2,2025-05-22,2025-06-30,0,107,3,Preventive,No,Yes,Completed
TMS003272,AST004890,Switch,C00031,23.9,Rail wear,Rail Defect,Low,3,1,2,2025-02-09,2025-04-01,0,129,4,Preventive,No,No,Completed
TMS003273,AST005139,Turnout,C00081,17.2,Gauge defect,Track Geometry,Critical,4,4,1,2025-05-05,2025-05-10,52,236,4,Corrective,No,Yes,Open
TMS003274,AST001517,Track,C00076,77.8,Turnout wear,Turnout/Switch Defect,Low,3,1,1,2025-04-03,2025-05-09,0,200,4,Preventive,Yes,Yes,Completed
TMS003275,AST000635,Switch,C00068,125.3,Rail wear,Rail Defect,Low,4,1,2,2025-06-16,2025-07-27,0,169,2,Preventive,No,Yes,Completed
TMS003276,AST000619,Crossing,C00073,115.0,Drainage issue,Drainage,Medium,3,3,1,2025-05-22,2025-06-17,0,121,4,Preventive,Yes,Yes,Completed
TMS003277,AST001730,Turnout,C00088,12.1,Sleeper damage,Sleeper Defect,Medium,3,3,2,2025-06-16,2025-07-14,0,93,2,Preventive,No,No,Scheduled
TMS003278,AST005194,Crossing,C00033,35.6,Weld defect,Rail Defect,Critical,3,5,4,2025-05-05,2025-05-10,52,86,4,Corrective,No,Yes,Open
TMS003279,AST001899,Track,C00097,8.0,Drainage issue,Drainage,Low,3,1,1,2025-05-09,2025-06-14,17,183,4,Preventive,Yes,Yes,In Progress
TMS003280,AST004282,Switch,C00098,0.2,Preventive maintenance,Preventive,Low,3,1,3,2025-06-15,2025-08-03,0,100,2,Preventive,No,Yes,Completed
TMS003281,AST003980,Switch,C00045,160.3,Weld defect,Rail Defect,Medium,2,3,2,2025-05-24,2025-06-21,0,187,3,Preventive,No,Yes,Completed
TMS003282,AST001021,Bridge,C00025,147.0,Rail wear,Rail Defect,Critical,4,5,4,2025-04-06,2025-04-11,81,225,6,Corrective,No,Yes,In Progress
TMS003283,AST001873,Bridge,C00042,32.9,Drainage issue,Drainage,Medium,1,2,1,2025-06-17,2025-07-12,0,123,4,Preventive,Yes,Yes,Completed
TMS003284,AST003554,Rail,C00088,96.5,Alignment defect,Track Geometry,High,3,3,4,2025-05-07,2025-05-20,42,87,5,Corrective,Yes,Yes,Open
TMS003285,AST004097,Crossing,C00072,6.2,Corrective maintenance,Corrective,High,3,4,2,2025-06-30,2025-07-09,0,301,6,Corrective,No,Yes,Scheduled
TMS003286,AST004834,Sleeper,C00001,77.6,Gauge defect,Track Geometry,Medium,3,2,2,2025-05-19,2025-06-09,22,122,3,Preventive,No,Yes,In Progress
TMS003287,AST001595,Weld,C00070,2.6,Preventive maintenance,Preventive,Medium,2,3,1,2025-05-13,2025-06-07,24,87,4,Preventive,Yes,Yes,Deferred
TMS003288,AST000594,Sleeper,C00037,52.5,Rail crack,Rail Defect,Low,2,2,1,2025-02-26,2025-04-15,0,126,4,Preventive,Yes,Yes,Completed
TMS003289,AST000208,Bridge,C00008,31.5,Weld defect,Rail Defect,Medium,4,2,1,2025-05-13,2025-06-05,26,155,3,Preventive,No,Yes,Open
TMS003290,AST002511,Turnout,C00032,4.8,Track geometry defect,Track Geometry,Medium,4,2,3,2025-06-16,2025-07-12,0,118,4,Preventive,No,Yes,In Progress
TMS003291,AST003345,Switch,C00006,2.9,Turnout wear,Turnout/Switch Defect,Medium,3,2,1,2025-05-14,2025-06-06,0,205,1,Preventive,No,Yes,Completed
TMS003292,AST001292,Weld,C00061,32.3,Track geometry defect,Track Geometry,Medium,3,2,1,2025-05-06,2025-05-28,34,185,3,Preventive,Yes,Yes,Open
TMS003293,AST003588,Bridge,C00092,31.3,Preventive maintenance,Preventive,Medium,2,2,3,2025-03-30,2025-04-20,0,146,3,Preventive,No,Yes,Completed
TMS003294,AST004748,Ballast,C00048,97.9,Sleeper damage,Sleeper Defect,Critical,4,2,4,2025-06-18,2025-06-23,8,146,4,Corrective,No,Yes,Open
TMS003295,AST002689,Rail,C00088,46.1,Turnout wear,Turnout/Switch Defect,Medium,3,2,1,2025-06-27,2025-07-26,0,187,3,Preventive,No,Yes,In Progress
TMS003296,AST000700,Crossing,C00082,76.0,Track geometry defect,Track Geometry,Low,3,1,2,2025-06-20,2025-08-13,0,220,2,Preventive,Yes,Yes,Open
TMS003297,AST001178,Turnout,C00019,30.8,Scheduled inspection,Inspection,Medium,3,3,2,2025-05-31,2025-06-26,5,90,4,Inspection,Yes,Yes,Scheduled
TMS003298,AST002214,Turnout,C00075,69.6,Turnout wear,Turnout/Switch Defect,Medium,2,2,1,2025-05-18,2025-06-09,22,226,4,Preventive,No,Yes,Open
TMS003299,AST000485,Weld,C00041,15.8,Drainage issue,Drainage,Medium,2,2,2,2025-05-12,2025-06-04,0,107,3,Preventive,Yes,Yes,Completed
TMS003300,AST002692,Rail,C00029,60.7,Scheduled inspection,Inspection,Low,1,2,1,2025-06-26,2025-08-12,0,70,1,Inspection,No,No,In Progress
TMS003301,AST000073,Bridge,C00021,65.7,Drainage issue,Drainage,Low,2,2,2,2025-06-30,2025-08-16,0,128,2,Preventive,Yes,No,Open
TMS003302,AST005156,Crossing,C00093,35.9,Sleeper damage,Sleeper Defect,High,4,3,2,2025-02-16,2025-02-25,126,97,3,Corrective,No,No,Scheduled
TMS003303,AST000443,Rail,C00064,54.9,Preventive maintenance,Preventive,Medium,3,3,2,2025-06-11,2025-06-27,4,69,4,Preventive,Yes,Yes,Open
TMS003304,AST000952,Rail,C00085,194.6,Ballast deficiency,Ballast Defect,Medium,4,3,2,2025-05-06,2025-06-04,27,104,3,Preventive,Yes,Yes,Scheduled
TMS003305,AST001471,Track,C00048,33.6,Rail crack,Rail Defect,Low,3,1,1,2025-06-05,2025-07-10,0,223,5,Preventive,Yes,No,Scheduled
TMS003306,AST004484,Bridge,C00065,49.1,Turnout wear,Turnout/Switch Defect,Medium,4,2,2,2025-05-30,2025-06-24,7,296,6,Preventive,No,Yes,Scheduled
TMS003307,AST002791,Rail,C00010,29.0,Preventive maintenance,Preventive,High,3,4,1,2025-04-14,2025-04-27,65,143,4,Preventive,No,Yes,In Progress
TMS003308,AST003467,Crossing,C00022,181.9,Gauge defect,Track Geometry,Medium,2,3,1,2025-06-17,2025-07-11,0,224,3,Preventive,No,Yes,Open
TMS003309,AST003619,Weld,C00069,241.4,Rail wear,Rail Defect,Medium,3,3,1,2025-04-17,2025-05-08,54,135,4,Preventive,No,Yes,In Progress
TMS003310,AST003798,Ballast,C00026,57.5,Gauge defect,Track Geometry,Medium,3,3,2,2025-06-15,2025-07-06,0,94,4,Preventive,No,Yes,Scheduled
TMS003311,AST003722,Sleeper,C00024,91.2,Turnout wear,Turnout/Switch Defect,High,3,4,2,2025-02-05,2025-02-18,133,249,7,Corrective,No,Yes,Open
TMS003312,AST000377,Switch,C00092,3.9,Preventive maintenance,Preventive,Low,3,1,1,2025-05-30,2025-06-30,0,103,3,Preventive,No,Yes,Completed
TMS003313,AST004022,Crossing,C00012,16.0,Turnout wear,Turnout/Switch Defect,Low,2,1,2,2025-05-31,2025-07-18,0,198,2,Preventive,No,Yes,Completed
TMS003314,AST001349,Turnout,C00018,25.6,Alignment defect,Track Geometry,Low,4,1,1,2025-03-21,2025-04-24,68,202,2,Preventive,Yes,Yes,Open
TMS003315,AST002191,Sleeper,C00085,167.1,Alignment defect,Track Geometry,Low,2,3,1,2025-06-27,2025-08-13,0,159,2,Preventive,Yes,Yes,Completed
TMS003316,AST002641,Bridge,C00005,118.2,Scheduled inspection,Inspection,Critical,5,4,4,2025-02-02,2025-02-08,143,126,2,Inspection,No,Yes,Scheduled
TMS003317,AST004505,Sleeper,C00020,87.9,Rail wear,Rail Defect,Medium,3,2,2,2025-06-30,2025-07-19,0,173,3,Preventive,No,No,Completed
TMS003318,AST000386,Track,C00072,23.0,Weld defect,Rail Defect,Low,2,2,1,2025-06-10,2025-07-25,0,108,4,Preventive,No,Yes,In Progress
TMS003319,AST004752,Bridge,C00039,30.9,Sleeper damage,Sleeper Defect,High,4,4,2,2025-05-22,2025-06-01,30,174,2,Corrective,No,Yes,Open
TMS003320,AST000920,Sleeper,C00044,29.0,Alignment defect,Track Geometry,High,4,3,3,2025-02-04,2025-02-12,139,161,4,Corrective,Yes,No,Open
TMS003321,AST004938,Weld,C00046,12.5,Sleeper damage,Sleeper Defect,Medium,3,3,2,2025-06-24,2025-07-17,0,73,2,Preventive,No,Yes,Open
TMS003322,AST005150,Crossing,C00074,4.3,Ballast deficiency,Ballast Defect,Low,2,2,2,2025-03-27,2025-05-13,49,217,5,Preventive,No,No,Open
TMS003323,AST000364,Track,C00084,1.3,Rail crack,Rail Defect,Critical,4,5,1,2025-05-13,2025-05-16,0,259,4,Corrective,Yes,Yes,Completed
TMS003324,AST001050,Crossing,C00049,21.9,Rail wear,Rail Defect,High,3,4,2,2025-06-08,2025-06-19,12,156,4,Corrective,No,Yes,Open
TMS003325,AST001386,Rail,C00077,33.3,Rail crack,Rail Defect,Medium,3,4,1,2025-03-31,2025-04-19,73,187,4,Preventive,Yes,Yes,Scheduled
TMS003326,AST004549,Weld,C00059,34.0,Scheduled inspection,Inspection,Medium,2,2,2,2025-05-28,2025-06-21,10,79,4,Inspection,No,No,Scheduled
TMS003327,AST002405,Track,C00001,365.9,Ballast deficiency,Ballast Defect,High,4,2,3,2025-02-20,2025-03-04,119,216,4,Corrective,Yes,No,Scheduled
TMS003328,AST003405,Rail,C00093,32.6,Ballast deficiency,Ballast Defect,Critical,4,4,3,2025-06-26,2025-06-29,2,162,2,Corrective,No,Yes,Scheduled
TMS003329,AST003097,Switch,C00027,18.3,Drainage issue,Drainage,Low,3,3,1,2025-03-22,2025-05-05,57,160,4,Preventive,No,Yes,Open
TMS003330,AST002502,Bridge,C00008,90.8,Track geometry defect,Track Geometry,Low,1,2,1,2025-05-27,2025-07-05,0,151,3,Preventive,Yes,No,Scheduled
TMS003331,AST002807,Turnout,C00059,24.9,Preventive maintenance,Preventive,Medium,2,2,2,2025-05-24,2025-06-17,14,71,3,Preventive,No,Yes,Open
TMS003332,AST001563,Turnout,C00036,2.4,Ballast deficiency,Ballast Defect,Medium,3,3,2,2025-03-31,2025-04-26,66,134,4,Preventive,Yes,No,Open
TMS003333,AST000979,Turnout,C00082,113.5,Weld defect,Rail Defect,Low,2,1,1,2025-06-27,2025-08-25,0,120,5,Preventive,No,Yes,Completed
TMS003334,AST000014,Track,C00094,40.1,Drainage issue,Drainage,Critical,3,5,5,2025-03-13,2025-03-16,107,156,1,Corrective,No,No,Scheduled
TMS003335,AST004729,Bridge,C00086,169.0,Track geometry defect,Track Geometry,Medium,2,4,2,2025-05-24,2025-06-11,20,218,3,Preventive,Yes,Yes,Open
TMS003336,AST003454,Switch,C00079,21.3,Scheduled inspection,Inspection,Medium,2,3,2,2025-06-17,2025-07-10,0,108,4,Inspection,No,Yes,Open
TMS003337,AST005011,Bridge,C00088,24.7,Drainage issue,Drainage,Medium,4,2,3,2025-05-08,2025-06-06,25,152,2,Preventive,No,Yes,Open
TMS003338,AST004309,Sleeper,C00010,38.7,Corrective maintenance,Corrective,Low,3,1,2,2025-05-18,2025-06-28,3,272,4,Corrective,No,Yes,Open
TMS003339,AST003195,Switch,C00050,51.6,Rail wear,Rail Defect,Medium,3,3,3,2025-06-17,2025-07-15,0,151,2,Preventive,No,No,Scheduled
TMS003340,AST004348,Bridge,C00039,0.2,Scheduled inspection,Inspection,Medium,3,3,2,2025-05-31,2025-06-19,0,47,4,Inspection,No,No,Completed
TMS003341,AST005147,Weld,C00023,2.7,Gauge defect,Track Geometry,Medium,4,3,2,2025-06-28,2025-07-14,0,179,5,Preventive,No,Yes,Scheduled
TMS003342,AST004184,Turnout,C00013,54.1,Rail wear,Rail Defect,High,3,3,2,2025-06-26,2025-07-04,0,119,2,Corrective,No,Yes,Open
TMS003343,AST002609,Bridge,C00016,66.3,Sleeper damage,Sleeper Defect,Critical,4,5,2,2025-03-18,2025-03-24,99,140,2,Corrective,No,Yes,Open
TMS003344,AST000630,Turnout,C00078,51.1,Sleeper damage,Sleeper Defect,Critical,4,5,4,2025-06-16,2025-06-20,0,149,3,Corrective,No,Yes,Completed
TMS003345,AST001338,Weld,C00033,105.8,Gauge defect,Track Geometry,High,4,4,4,2025-06-01,2025-06-12,0,173,3,Corrective,No,Yes,Completed
TMS003346,AST003244,Crossing,C00064,70.4,Gauge defect,Track Geometry,Medium,2,4,2,2025-06-28,2025-07-25,0,216,4,Preventive,No,Yes,Open
TMS003347,AST004770,Turnout,C00064,155.7,Ballast deficiency,Ballast Defect,Low,4,2,1,2025-02-23,2025-04-04,88,96,2,Preventive,Yes,Yes,Open
TMS003348,AST004577,Weld,C00027,90.5,Rail crack,Rail Defect,Medium,3,3,1,2025-06-29,2025-07-20,0,150,4,Preventive,Yes,Yes,Completed
TMS003349,AST004018,Turnout,C00012,50.2,Drainage issue,Drainage,Medium,2,2,2,2025-03-26,2025-04-13,0,41,2,Preventive,Yes,Yes,Completed
TMS003350,AST004797,Track,C00043,3.7,Sleeper damage,Sleeper Defect,Medium,2,2,1,2025-06-17,2025-07-14,0,110,2,Preventive,No,Yes,Open
TMS003351,AST000181,Sleeper,C00078,19.9,Sleeper damage,Sleeper Defect,High,1,3,2,2025-05-02,2025-05-14,48,145,2,Corrective,No,Yes,Open
TMS003352,AST002409,Turnout,C00080,12.0,Preventive maintenance,Preventive,Critical,4,5,4,2025-06-01,2025-06-06,25,106,3,Preventive,No,Yes,In Progress
TMS003353,AST002542,Crossing,C00100,5.1,Gauge defect,Track Geometry,Low,2,3,2,2025-06-04,2025-07-08,0,149,4,Preventive,No,Yes,Open
TMS003354,AST004384,Track,C00069,64.2,Drainage issue,Drainage,Medium,1,2,2,2025-05-29,2025-06-22,9,102,4,Preventive,Yes,Yes,Open
TMS003355,AST003384,Crossing,C00006,9.3,Track geometry defect,Track Geometry,Low,2,1,2,2025-06-17,2025-07-29,0,263,4,Preventive,Yes,Yes,Open
TMS003356,AST005162,Weld,C00050,37.5,Corrective maintenance,Corrective,High,4,3,3,2025-02-07,2025-02-16,0,278,4,Corrective,No,Yes,Completed
TMS003357,AST004285,Track,C00043,4.7,Rail wear,Rail Defect,Low,3,1,3,2025-06-16,2025-08-03,0,113,3,Preventive,Yes,Yes,Open
TMS003358,AST004773,Bridge,C00047,21.6,Rail wear,Rail Defect,High,3,3,3,2025-05-12,2025-05-23,39,119,5,Corrective,No,Yes,Scheduled
TMS003359,AST002895,Track,C00093,61.3,Rail wear,Rail Defect,Medium,3,2,2,2025-04-14,2025-05-05,57,169,3,Preventive,No,Yes,Open
TMS003360,AST003453,Sleeper,C00023,15.9,Sleeper damage,Sleeper Defect,Low,3,1,3,2025-05-16,2025-06-16,15,117,3,Preventive,No,Yes,In Progress
TMS003361,AST004513,Turnout,C00016,33.4,Scheduled inspection,Inspection,Low,4,2,3,2025-06-13,2025-07-25,0,50,2,Inspection,No,No,Completed
TMS003362,AST003794,Bridge,C00041,29.4,Rail wear,Rail Defect,High,3,4,3,2025-06-16,2025-06-26,5,239,3,Corrective,Yes,No,In Progress
TMS003363,AST005081,Switch,C00045,113.6,Turnout wear,Turnout/Switch Defect,Medium,3,2,1,2025-06-13,2025-07-03,0,250,5,Preventive,No,Yes,In Progress
TMS003364,AST002897,Turnout,C00058,70.0,Scheduled inspection,Inspection,Critical,4,4,3,2025-06-16,2025-06-21,10,125,3,Inspection,No,No,Deferred
TMS003365,AST003372,Track,C00045,127.9,Sleeper damage,Sleeper Defect,Medium,3,4,2,2025-05-22,2025-06-07,24,124,5,Preventive,No,Yes,Open
TMS003366,AST002929,Track,C00100,8.7,Sleeper damage,Sleeper Defect,Medium,3,2,1,2025-06-17,2025-07-10,0,72,3,Preventive,No,Yes,Completed
TMS003367,AST004932,Ballast,C00073,11.7,Ballast deficiency,Ballast Defect,Medium,2,2,3,2025-06-16,2025-07-04,0,106,2,Preventive,No,Yes,Completed
TMS003368,AST002581,Track,C00037,29.0,Rail crack,Rail Defect,Low,3,3,1,2025-04-12,2025-05-18,0,95,3,Preventive,No,Yes,Completed
TMS003369,AST001109,Ballast,C00046,16.9,Ballast deficiency,Ballast Defect,High,3,4,3,2025-06-14,2025-06-22,0,173,4,Corrective,No,Yes,Completed
TMS003370,AST005167,Switch,C00049,30.2,Scheduled inspection,Inspection,Low,2,2,2,2025-06-18,2025-07-28,0,64,3,Inspection,Yes,Yes,Open
TMS003371,AST002949,Weld,C00056,17.1,Rail crack,Rail Defect,Low,3,1,1,2025-06-29,2025-08-02,0,253,6,Preventive,No,No,Scheduled
TMS003372,AST002351,Crossing,C00062,26.9,Rail crack,Rail Defect,Medium,1,1,2,2025-05-10,2025-05-29,33,226,4,Preventive,Yes,Yes,Open
TMS003373,AST000092,Ballast,C00097,3.1,Drainage issue,Drainage,Medium,4,2,2,2025-06-10,2025-07-02,0,88,3,Preventive,No,No,Scheduled
TMS003374,AST003047,Ballast,C00053,43.9,Corrective maintenance,Corrective,Low,3,1,2,2025-06-15,2025-08-12,0,237,3,Corrective,No,Yes,Open
TMS003375,AST000565,Turnout,C00028,30.5,Turnout wear,Turnout/Switch Defect,High,2,4,2,2025-05-13,2025-05-26,36,225,3,Corrective,No,Yes,Open
TMS003376,AST003675,Sleeper,C00049,44.8,Scheduled inspection,Inspection,Critical,4,4,2,2025-04-25,2025-04-27,65,109,2,Inspection,No,Yes,Open
TMS003377,AST002341,Track,C00036,30.4,Corrective maintenance,Corrective,Low,2,2,1,2025-06-25,2025-07-23,0,186,5,Corrective,No,Yes,Completed
TMS003378,AST001612,Switch,C00071,20.3,Weld defect,Rail Defect,Low,2,2,1,2025-05-08,2025-06-17,0,145,4,Preventive,No,Yes,Completed
TMS003379,AST004849,Rail,C00033,10.9,Track geometry defect,Track Geometry,Low,1,3,2,2025-02-18,2025-04-02,90,169,4,Preventive,Yes,Yes,Open
TMS003380,AST001020,Turnout,C00051,28.9,Rail wear,Rail Defect,Medium,3,3,2,2025-06-27,2025-07-23,0,183,4,Preventive,No,Yes,Completed
TMS003381,AST001791,Track,C00005,19.6,Ballast deficiency,Ballast Defect,Medium,3,3,1,2025-06-12,2025-07-01,0,90,2,Preventive,Yes,Yes,Scheduled
TMS003382,AST003235,Crossing,C00013,110.3,Ballast deficiency,Ballast Defect,Medium,4,2,3,2025-06-19,2025-07-09,0,67,4,Preventive,Yes,Yes,Completed
TMS003383,AST000567,Bridge,C00018,51.0,Corrective maintenance,Corrective,Low,3,2,2,2025-06-19,2025-07-21,0,251,3,Corrective,No,No,Completed
TMS003384,AST001572,Weld,C00006,19.2,Track geometry defect,Track Geometry,Medium,3,3,2,2025-06-22,2025-07-17,0,170,2,Preventive,Yes,Yes,Open
TMS003385,AST004978,Crossing,C00060,28.8,Alignment defect,Track Geometry,High,3,4,2,2025-04-07,2025-04-19,73,171,2,Corrective,No,Yes,Scheduled
TMS003386,AST005014,Turnout,C00007,103.0,Rail wear,Rail Defect,Medium,2,3,1,2025-06-21,2025-07-07,0,47,3,Preventive,No,Yes,Deferred
TMS003387,AST003519,Track,C00072,89.6,Preventive maintenance,Preventive,High,1,3,3,2025-06-29,2025-07-09,0,77,3,Preventive,No,Yes,Deferred
TMS003388,AST003395,Crossing,C00023,18.9,Scheduled inspection,Inspection,Low,3,2,2,2025-06-23,2025-08-01,0,53,2,Inspection,No,Yes,In Progress
TMS003389,AST004117,Track,C00023,24.3,Sleeper damage,Sleeper Defect,Low,2,2,1,2025-06-15,2025-07-21,0,85,2,Preventive,Yes,Yes,Open
TMS003390,AST004205,Track,C00036,19.6,Track geometry defect,Track Geometry,High,3,3,4,2025-06-19,2025-06-28,3,205,3,Corrective,No,Yes,Scheduled
TMS003391,AST002839,Rail,C00014,24.8,Sleeper damage,Sleeper Defect,Medium,3,2,2,2025-05-27,2025-06-15,16,128,4,Preventive,No,Yes,In Progress
TMS003392,AST003153,Turnout,C00063,34.7,Ballast deficiency,Ballast Defect,High,3,3,2,2025-06-18,2025-06-30,1,204,4,Corrective,Yes,No,Open
TMS003393,AST003658,Weld,C00046,21.8,Gauge defect,Track Geometry,Low,4,2,1,2025-06-03,2025-07-10,0,159,5,Preventive,No,Yes,Open
TMS003394,AST001200,Bridge,C00052,128.7,Turnout wear,Turnout/Switch Defect,High,2,4,2,2025-05-04,2025-05-16,0,262,4,Corrective,No,No,Completed
TMS003395,AST001998,Rail,C00025,7.2,Scheduled inspection,Inspection,Critical,4,4,3,2025-04-20,2025-04-23,69,98,3,Inspection,No,No,Open
TMS003396,AST001640,Turnout,C00019,129.7,Weld defect,Rail Defect,Low,3,3,1,2025-06-18,2025-07-29,0,117,2,Preventive,Yes,Yes,Completed
TMS003397,AST004282,Switch,C00098,0.2,Preventive maintenance,Preventive,Low,4,2,3,2025-06-18,2025-08-10,0,99,3,Preventive,No,Yes,Open
TMS003398,AST002744,Bridge,C00025,96.2,Drainage issue,Drainage,Medium,2,3,2,2025-05-09,2025-05-29,33,82,2,Preventive,No,Yes,Open
TMS003399,AST002548,Crossing,C00063,18.6,Corrective maintenance,Corrective,Low,1,1,1,2025-06-05,2025-07-14,0,236,4,Corrective,No,Yes,Open
TMS003400,AST003096,Switch,C00037,64.5,Ballast deficiency,Ballast Defect,Low,2,1,2,2025-05-16,2025-07-11,0,203,3,Preventive,Yes,Yes,Scheduled
TMS003401,AST003783,Crossing,C00078,1.2,Alignment defect,Track Geometry,Medium,3,2,3,2025-05-06,2025-05-22,40,93,3,Preventive,Yes,Yes,Scheduled
TMS003402,AST003540,Ballast,C00027,27.8,Preventive maintenance,Preventive,High,4,4,3,2025-05-02,2025-05-13,49,126,3,Preventive,No,Yes,Scheduled
TMS003403,AST002575,Switch,C00025,3.2,Rail wear,Rail Defect,Low,2,1,1,2025-06-13,2025-08-02,0,176,4,Preventive,Yes,Yes,Completed
TMS003404,AST001543,Track,C00022,166.2,Rail crack,Rail Defect,Medium,3,3,2,2025-06-14,2025-07-05,0,249,4,Preventive,Yes,Yes,Completed
TMS003405,AST003330,Ballast,C00025,58.8,Track geometry defect,Track Geometry,Low,4,2,2,2025-06-23,2025-07-24,0,187,3,Preventive,Yes,Yes,Completed
TMS003406,AST002488,Weld,C00047,9.8,Drainage issue,Drainage,Critical,2,4,3,2025-05-12,2025-05-17,0,77,3,Corrective,Yes,Yes,Completed
TMS003407,AST004054,Ballast,C00048,79.8,Drainage issue,Drainage,Low,1,2,1,2025-05-19,2025-07-02,0,103,2,Preventive,No,Yes,Open
TMS003408,AST004239,Ballast,C00035,113.2,Rail wear,Rail Defect,Low,3,2,1,2025-06-26,2025-08-15,0,88,2,Preventive,No,Yes,Deferred
TMS003409,AST003963,Sleeper,C00093,81.4,Ballast deficiency,Ballast Defect,Low,3,1,3,2025-05-08,2025-06-24,7,103,2,Preventive,Yes,Yes,In Progress
TMS003410,AST004535,Rail,C00047,49.4,Gauge defect,Track Geometry,Low,4,2,1,2025-06-30,2025-08-24,0,185,2,Preventive,No,No,In Progress
TMS003411,AST002921,Rail,C00088,23.4,Rail crack,Rail Defect,High,4,3,3,2025-06-09,2025-06-19,12,166,3,Corrective,Yes,No,Open
TMS003412,AST001419,Rail,C00008,111.9,Scheduled inspection,Inspection,High,3,4,3,2025-06-18,2025-06-27,4,34,2,Inspection,No,No,Open
TMS003413,AST004989,Crossing,C00077,6.0,Preventive maintenance,Preventive,Medium,3,4,2,2025-05-06,2025-05-30,32,44,2,Preventive,No,Yes,In Progress
TMS003414,AST002330,Weld,C00051,31.6,Gauge defect,Track Geometry,Critical,4,5,3,2025-06-29,2025-07-02,0,92,3,Corrective,No,Yes,Open
TMS003415,AST001016,Crossing,C00061,16.4,Rail wear,Rail Defect,Medium,3,3,2,2025-06-22,2025-07-08,0,126,4,Preventive,No,Yes,In Progress
TMS003416,AST003309,Rail,C00019,83.2,Alignment defect,Track Geometry,High,3,3,2,2025-06-06,2025-06-20,11,150,2,Corrective,No,Yes,Scheduled
TMS003417,AST001432,Switch,C00034,30.6,Ballast deficiency,Ballast Defect,High,2,4,3,2025-06-29,2025-07-08,0,141,3,Corrective,Yes,Yes,Completed
TMS003418,AST001713,Sleeper,C00042,22.1,Ballast deficiency,Ballast Defect,Low,2,2,1,2025-05-26,2025-07-18,0,143,4,Preventive,Yes,No,In Progress
TMS003419,AST001392,Sleeper,C00097,6.1,Scheduled inspection,Inspection,Medium,1,3,2,2025-06-25,2025-07-14,0,131,3,Inspection,No,Yes,Open
TMS003420,AST001158,Weld,C00038,98.2,Gauge defect,Track Geometry,Medium,2,2,3,2025-05-27,2025-06-13,0,194,5,Preventive,Yes,Yes,Completed
TMS003421,AST000626,Turnout,C00025,40.8,Alignment defect,Track Geometry,Low,1,1,2,2025-05-03,2025-06-16,15,206,3,Preventive,Yes,No,Deferred
TMS003422,AST001431,Track,C00037,22.3,Rail crack,Rail Defect,Medium,3,2,2,2025-06-06,2025-06-28,3,137,3,Preventive,Yes,Yes,Scheduled
TMS003423,AST001413,Bridge,C00031,46.3,Corrective maintenance,Corrective,Low,2,2,2,2025-02-01,2025-03-09,0,235,4,Corrective,No,Yes,Completed
TMS003424,AST002373,Weld,C00028,21.7,Preventive maintenance,Preventive,High,3,3,3,2025-06-22,2025-07-02,0,42,2,Preventive,No,No,Open
TMS003425,AST001206,Sleeper,C00032,1.0,Drainage issue,Drainage,Low,3,1,1,2025-06-17,2025-08-10,0,145,2,Preventive,Yes,Yes,Deferred
TMS003426,AST002038,Switch,C00071,7.3,Rail wear,Rail Defect,High,3,4,2,2025-06-24,2025-07-05,0,126,3,Corrective,No,Yes,Completed
TMS003427,AST001901,Switch,C00086,244.1,Rail crack,Rail Defect,Low,2,2,1,2025-06-16,2025-08-11,0,182,3,Preventive,Yes,Yes,Completed
TMS003428,AST005036,Bridge,C00090,35.5,Rail crack,Rail Defect,Low,3,2,2,2025-04-07,2025-05-22,40,171,1,Preventive,Yes,No,In Progress
TMS003429,AST001163,Weld,C00028,44.4,Corrective maintenance,Corrective,Medium,4,2,3,2025-06-26,2025-07-21,0,277,4,Corrective,No,No,Completed
TMS003430,AST000002,Crossing,C00027,63.2,Rail crack,Rail Defect,Low,1,3,1,2025-06-14,2025-07-15,0,166,5,Preventive,Yes,Yes,In Progress
TMS003431,AST003135,Sleeper,C00031,85.8,Alignment defect,Track Geometry,Low,2,2,2,2025-06-12,2025-07-18,0,227,5,Preventive,Yes,Yes,Completed
TMS003432,AST001450,Rail,C00085,224.5,Track geometry defect,Track Geometry,Low,2,2,2,2025-06-24,2025-08-14,0,165,3,Preventive,Yes,Yes,Open
TMS003433,AST004217,Crossing,C00026,118.7,Scheduled inspection,Inspection,Low,2,1,1,2025-04-16,2025-06-03,28,58,4,Inspection,No,No,Open
TMS003434,AST002031,Turnout,C00007,32.3,Ballast deficiency,Ballast Defect,Medium,3,1,2,2025-04-29,2025-05-19,43,98,3,Preventive,Yes,Yes,Deferred
TMS003435,AST004265,Bridge,C00025,48.2,Rail crack,Rail Defect,Medium,3,1,2,2025-06-28,2025-07-20,0,199,4,Preventive,Yes,Yes,Deferred
TMS003436,AST002355,Sleeper,C00034,33.6,Track geometry defect,Track Geometry,Medium,3,3,2,2025-05-17,2025-06-13,18,239,4,Preventive,Yes,Yes,Open
TMS003437,AST005187,Track,C00088,78.8,Rail crack,Rail Defect,Critical,3,4,3,2025-03-07,2025-03-11,112,193,5,Corrective,Yes,Yes,Open
TMS003438,AST004131,Sleeper,C00026,69.4,Alignment defect,Track Geometry,Medium,2,3,2,2025-06-13,2025-07-11,0,215,4,Preventive,Yes,Yes,In Progress
TMS003439,AST003149,Switch,C00056,15.2,Corrective maintenance,Corrective,Medium,2,3,3,2025-06-05,2025-06-23,8,221,3,Corrective,No,Yes,Open
TMS003440,AST004491,Track,C00011,280.6,Scheduled inspection,Inspection,Critical,4,5,2,2025-05-14,2025-05-19,43,62,4,Inspection,No,No,Scheduled
TMS003441,AST001147,Switch,C00010,57.3,Corrective maintenance,Corrective,High,4,3,2,2025-06-23,2025-07-04,0,263,4,Corrective,No,Yes,In Progress
TMS003442,AST001006,Track,C00012,101.1,Corrective maintenance,Corrective,Critical,4,4,3,2025-04-09,2025-04-12,80,339,3,Corrective,No,Yes,Scheduled
TMS003443,AST001285,Switch,C00093,2.2,Turnout wear,Turnout/Switch Defect,Medium,3,3,2,2025-06-23,2025-07-16,0,210,3,Preventive,No,Yes,Open
TMS003444,AST002675,Switch,C00067,126.7,Preventive maintenance,Preventive,Critical,4,4,2,2025-05-12,2025-05-16,46,196,2,Preventive,No,Yes,In Progress
TMS003445,AST000655,Switch,C00095,62.8,Turnout wear,Turnout/Switch Defect,Low,3,3,2,2025-03-13,2025-05-02,60,219,3,Preventive,No,Yes,In Progress
TMS003446,AST004597,Ballast,C00044,17.3,Scheduled inspection,Inspection,High,3,3,4,2025-06-03,2025-06-14,17,50,1,Inspection,Yes,Yes,Scheduled
TMS003447,AST001908,Sleeper,C00059,166.9,Alignment defect,Track Geometry,Low,3,1,3,2025-04-04,2025-05-10,0,121,3,Preventive,Yes,Yes,Completed
TMS003448,AST000602,Track,C00040,56.7,Gauge defect,Track Geometry,High,2,4,4,2025-06-15,2025-06-27,4,156,5,Corrective,No,Yes,In Progress
TMS003449,AST002835,Ballast,C00008,26.9,Preventive maintenance,Preventive,Medium,2,4,2,2025-05-10,2025-05-30,32,65,4,Preventive,Yes,Yes,Open
TMS003450,AST003274,Switch,C00008,44.1,Scheduled inspection,Inspection,Low,2,1,1,2025-06-28,2025-08-03,0,36,3,Inspection,No,Yes,Open
TMS003451,AST004442,Weld,C00097,7.2,Gauge defect,Track Geometry,Low,2,1,1,2025-03-02,2025-04-23,69,119,5,Preventive,No,Yes,Open
TMS003452,AST004354,Sleeper,C00085,24.6,Drainage issue,Drainage,Medium,3,3,1,2025-02-11,2025-03-07,116,93,4,Preventive,Yes,Yes,In Progress
TMS003453,AST000507,Bridge,C00050,47.9,Preventive maintenance,Preventive,High,4,4,2,2025-03-20,2025-03-29,0,92,2,Preventive,No,Yes,Completed
TMS003454,AST004060,Crossing,C00034,1.7,Scheduled inspection,Inspection,Low,1,2,3,2025-06-18,2025-08-04,0,87,5,Inspection,No,No,Open
TMS003455,AST000256,Sleeper,C00088,43.3,Drainage issue,Drainage,Medium,4,2,2,2025-06-21,2025-07-14,0,72,2,Preventive,Yes,Yes,In Progress
TMS003456,AST004634,Bridge,C00002,35.0,Corrective maintenance,Corrective,Low,2,1,1,2025-05-16,2025-06-23,8,237,3,Corrective,No,Yes,Deferred
TMS003457,AST004917,Weld,C00045,166.9,Scheduled inspection,Inspection,Medium,2,3,2,2025-05-10,2025-05-30,32,38,3,Inspection,No,Yes,Scheduled
TMS003458,AST002461,Bridge,C00009,90.0,Rail wear,Rail Defect,High,3,3,3,2025-06-29,2025-07-10,0,203,4,Corrective,No,Yes,Completed
TMS003459,AST004416,Weld,C00030,92.8,Rail crack,Rail Defect,Critical,4,5,3,2025-05-12,2025-05-19,0,257,5,Corrective,No,Yes,Completed
TMS003460,AST004675,Crossing,C00068,65.5,Scheduled inspection,Inspection,Critical,5,4,3,2025-05-19,2025-05-25,37,122,5,Inspection,No,No,In Progress
TMS003461,AST000593,Sleeper,C00084,51.1,Rail crack,Rail Defect,High,4,3,3,2025-05-21,2025-06-02,29,205,3,Corrective,No,Yes,In Progress
TMS003462,AST000759,Switch,C00034,25.7,Track geometry defect,Track Geometry,Low,4,2,1,2025-05-03,2025-06-04,27,234,3,Preventive,Yes,Yes,Scheduled
TMS003463,AST005023,Turnout,C00016,52.5,Preventive maintenance,Preventive,Medium,3,3,1,2025-06-11,2025-07-07,0,48,2,Preventive,No,Yes,Completed
TMS003464,AST002685,Track,C00021,106.3,Sleeper damage,Sleeper Defect,Low,2,1,2,2025-06-15,2025-08-06,0,150,3,Preventive,No,Yes,In Progress
TMS003465,AST000742,Turnout,C00051,47.2,Sleeper damage,Sleeper Defect,Medium,3,4,3,2025-05-14,2025-06-04,27,76,4,Preventive,No,Yes,Open
TMS003466,AST004020,Weld,C00073,18.8,Turnout wear,Turnout/Switch Defect,Medium,3,2,2,2025-03-08,2025-04-06,86,181,3,Preventive,No,No,Open
TMS003467,AST001587,Crossing,C00023,34.8,Track geometry defect,Track Geometry,Critical,4,5,4,2025-06-29,2025-07-02,0,252,3,Corrective,Yes,Yes,Scheduled
TMS003468,AST001729,Turnout,C00090,71.2,Drainage issue,Drainage,Medium,4,2,2,2025-05-15,2025-06-12,19,117,2,Preventive,Yes,Yes,Scheduled
TMS003469,AST004874,Turnout,C00084,201.7,Drainage issue,Drainage,Medium,3,2,1,2025-06-19,2025-07-17,0,103,1,Preventive,Yes,Yes,Completed
TMS003470,AST002352,Switch,C00092,88.1,Ballast deficiency,Ballast Defect,High,4,4,2,2025-05-03,2025-05-18,0,124,3,Corrective,Yes,Yes,Completed
TMS003471,AST001364,Bridge,C00081,60.4,Rail crack,Rail Defect,High,5,4,3,2025-02-02,2025-02-14,137,125,2,Corrective,No,Yes,In Progress
TMS003472,AST003872,Crossing,C00062,29.2,Scheduled inspection,Inspection,High,2,3,4,2025-05-21,2025-06-01,30,39,1,Inspection,No,Yes,In Progress
TMS003473,AST004102,Switch,C00034,34.5,Scheduled inspection,Inspection,High,4,4,4,2025-06-29,2025-07-09,0,39,2,Inspection,No,No,In Progress
TMS003474,AST002509,Switch,C00098,2.0,Preventive maintenance,Preventive,High,4,4,4,2025-06-21,2025-06-30,1,161,1,Preventive,No,Yes,Open
TMS003475,AST001126,Sleeper,C00002,11.2,Drainage issue,Drainage,Low,2,3,1,2025-04-18,2025-05-30,32,64,3,Preventive,No,Yes,Open
TMS003476,AST004881,Turnout,C00007,149.2,Corrective maintenance,Corrective,Critical,3,5,2,2025-06-13,2025-06-16,15,348,5,Corrective,No,Yes,Scheduled
TMS003477,AST003640,Ballast,C00036,14.7,Preventive maintenance,Preventive,Medium,2,4,2,2025-05-27,2025-06-19,12,90,4,Preventive,Yes,Yes,In Progress
TMS003478,AST001087,Sleeper,C00060,28.2,Turnout wear,Turnout/Switch Defect,Medium,3,3,3,2025-06-20,2025-07-12,0,224,5,Preventive,No,Yes,Open
TMS003479,AST001343,Switch,C00054,8.5,Scheduled inspection,Inspection,High,3,3,2,2025-06-14,2025-06-25,6,92,3,Inspection,No,Yes,Open
TMS003480,AST000732,Turnout,C00034,19.6,Weld defect,Rail Defect,Low,2,2,3,2025-04-01,2025-05-18,44,114,4,Preventive,No,Yes,Scheduled
TMS003481,AST000041,Rail,C00036,50.9,Sleeper damage,Sleeper Defect,Medium,4,3,3,2025-06-09,2025-07-04,0,95,3,Preventive,Yes,Yes,In Progress
TMS003482,AST002558,Bridge,C00036,15.5,Rail wear,Rail Defect,Low,1,3,2,2025-06-08,2025-07-24,0,158,3,Preventive,Yes,No,Completed
TMS003483,AST000240,Turnout,C00095,90.7,Rail crack,Rail Defect,Medium,4,3,2,2025-06-21,2025-07-12,0,186,3,Preventive,Yes,Yes,Completed
TMS003484,AST002582,Bridge,C00001,193.0,Ballast deficiency,Ballast Defect,Medium,3,2,2,2025-05-17,2025-06-02,29,162,5,Preventive,Yes,No,In Progress
TMS003485,AST002411,Track,C00084,246.7,Drainage issue,Drainage,Low,2,2,1,2025-06-14,2025-07-28,0,70,2,Preventive,No,Yes,Completed
TMS003486,AST004776,Ballast,C00008,19.8,Track geometry defect,Track Geometry,Low,1,1,2,2025-06-12,2025-07-24,0,168,2,Preventive,No,Yes,Scheduled
TMS003487,AST003531,Track,C00024,56.8,Alignment defect,Track Geometry,Medium,3,3,2,2025-05-17,2025-06-10,21,281,5,Preventive,No,Yes,Scheduled
TMS003488,AST001297,Weld,C00008,106.2,Alignment defect,Track Geometry,Low,3,1,1,2025-05-18,2025-07-01,0,202,4,Preventive,Yes,Yes,Deferred
TMS003489,AST002343,Rail,C00084,176.2,Rail wear,Rail Defect,Medium,3,2,2,2025-06-06,2025-06-29,0,141,1,Preventive,No,Yes,Completed
TMS003490,AST004560,Weld,C00072,20.1,Preventive maintenance,Preventive,Low,2,3,1,2025-05-04,2025-06-11,0,141,3,Preventive,No,No,Completed
TMS003491,AST005235,Sleeper,C00009,73.8,Preventive maintenance,Preventive,Medium,3,2,2,2025-06-13,2025-07-06,0,70,1,Preventive,No,Yes,Open
TMS003492,AST004364,Ballast,C00072,57.4,Sleeper damage,Sleeper Defect,Low,2,1,1,2025-06-12,2025-07-28,0,118,3,Preventive,Yes,Yes,Completed
TMS003493,AST001732,Weld,C00049,8.3,Rail wear,Rail Defect,Medium,4,3,2,2025-05-12,2025-05-27,35,188,4,Preventive,No,Yes,Scheduled
TMS003494,AST001066,Crossing,C00030,93.5,Track geometry defect,Track Geometry,Medium,3,2,1,2025-06-13,2025-07-06,0,194,4,Preventive,Yes,Yes,Completed
TMS003495,AST003080,Track,C00092,57.7,Scheduled inspection,Inspection,High,5,3,2,2025-06-24,2025-07-07,0,126,4,Inspection,No,Yes,Deferred
TMS003496,AST000644,Turnout,C00007,59.1,Corrective maintenance,Corrective,Medium,3,3,2,2025-06-25,2025-07-16,0,254,4,Corrective,No,Yes,Open
TMS003497,AST003634,Weld,C00077,15.3,Rail crack,Rail Defect,Low,4,1,1,2025-06-17,2025-07-21,0,193,2,Preventive,Yes,Yes,Open
TMS003498,AST000088,Crossing,C00052,86.4,Turnout wear,Turnout/Switch Defect,Medium,2,4,3,2025-05-26,2025-06-18,0,225,4,Preventive,No,Yes,Completed
TMS003499,AST000275,Sleeper,C00019,58.7,Preventive maintenance,Preventive,High,4,4,4,2025-05-06,2025-05-19,43,117,4,Preventive,Yes,Yes,Scheduled
TMS003500,AST001752,Switch,C00024,33.8,Rail wear,Rail Defect,High,2,4,2,2025-03-11,2025-03-21,102,175,3,Corrective,No,Yes,Open
TMS003501,AST000460,Bridge,C00012,22.7,Drainage issue,Drainage,Low,3,2,1,2025-02-24,2025-03-26,97,160,3,Preventive,No,Yes,In Progress
TMS003502,AST000964,Weld,C00066,7.7,Gauge defect,Track Geometry,Medium,2,2,2,2025-06-17,2025-07-05,0,149,2,Preventive,No,Yes,Open
TMS003503,AST000874,Weld,C00039,28.2,Gauge defect,Track Geometry,Medium,3,2,1,2025-06-17,2025-07-09,0,130,2,Preventive,No,Yes,Open
TMS003504,AST002592,Turnout,C00056,29.8,Alignment defect,Track Geometry,Critical,3,4,3,2025-06-23,2025-06-28,0,137,2,Corrective,Yes,No,Completed
TMS003505,AST004171,Track,C00084,31.0,Rail crack,Rail Defect,Medium,4,2,2,2025-06-23,2025-07-13,0,63,4,Preventive,Yes,Yes,Completed
TMS003506,AST005182,Weld,C00064,51.3,Turnout wear,Turnout/Switch Defect,High,3,4,2,2025-06-14,2025-06-22,9,257,4,Corrective,Yes,Yes,In Progress
TMS003507,AST004746,Rail,C00018,56.6,Drainage issue,Drainage,Critical,3,4,4,2025-06-27,2025-06-30,1,79,2,Corrective,No,Yes,Open
TMS003508,AST000369,Weld,C00016,55.5,Ballast deficiency,Ballast Defect,Medium,2,1,2,2025-06-23,2025-07-15,0,83,2,Preventive,Yes,Yes,Open
TMS003509,AST004511,Switch,C00046,4.2,Sleeper damage,Sleeper Defect,Medium,4,1,2,2025-05-14,2025-06-03,28,129,2,Preventive,No,Yes,Open
TMS003510,AST004718,Ballast,C00028,19.9,Weld defect,Rail Defect,High,3,3,3,2025-06-25,2025-07-08,0,85,4,Corrective,No,Yes,Open
TMS003511,AST001602,Switch,C00038,172.7,Drainage issue,Drainage,Low,2,1,1,2025-05-29,2025-07-12,0,68,4,Preventive,Yes,Yes,Open
TMS003512,AST004816,Sleeper,C00045,27.8,Gauge defect,Track Geometry,Medium,2,3,3,2025-02-05,2025-02-28,123,205,4,Preventive,No,Yes,Open
TMS003513,AST000581,Sleeper,C00026,65.9,Ballast deficiency,Ballast Defect,High,4,4,2,2025-06-03,2025-06-12,19,180,4,Corrective,Yes,Yes,Scheduled
TMS003514,AST004927,Crossing,C00018,31.0,Weld defect,Rail Defect,Low,4,2,2,2025-06-06,2025-07-20,0,172,4,Preventive,No,Yes,Open
TMS003515,AST002214,Turnout,C00075,69.6,Sleeper damage,Sleeper Defect,Medium,2,3,2,2025-06-11,2025-06-27,4,111,3,Preventive,No,Yes,Open
TMS003516,AST004560,Weld,C00072,20.1,Gauge defect,Track Geometry,Medium,2,3,2,2025-03-27,2025-04-22,70,123,2,Preventive,No,Yes,Open
TMS003517,AST001936,Weld,C00018,36.9,Alignment defect,Track Geometry,Low,3,3,3,2025-06-24,2025-08-18,0,171,4,Preventive,Yes,Yes,Open
TMS003518,AST004564,Rail,C00064,68.1,Gauge defect,Track Geometry,Medium,4,2,2,2025-05-04,2025-05-31,0,233,4,Preventive,No,Yes,Completed
TMS003519,AST000071,Weld,C00078,88.2,Rail wear,Rail Defect,Medium,3,3,2,2025-02-02,2025-02-21,130,86,3,Preventive,Yes,Yes,Open
TMS003520,AST002249,Ballast,C00053,75.7,Alignment defect,Track Geometry,High,3,3,4,2025-03-07,2025-03-19,0,212,4,Corrective,No,Yes,Completed
TMS003521,AST002896,Crossing,C00037,14.5,Rail crack,Rail Defect,Low,3,2,2,2025-06-25,2025-07-26,0,236,4,Preventive,Yes,Yes,Scheduled
TMS003522,AST004964,Ballast,C00051,49.9,Alignment defect,Track Geometry,Medium,4,3,2,2025-02-13,2025-03-08,0,157,5,Preventive,Yes,No,Completed
TMS003523,AST002213,Bridge,C00070,14.5,Rail crack,Rail Defect,High,4,4,4,2025-06-18,2025-06-28,0,232,4,Corrective,Yes,Yes,Completed
TMS003524,AST004676,Turnout,C00010,29.5,Rail wear,Rail Defect,Medium,1,2,2,2025-06-13,2025-07-12,0,191,3,Preventive,No,Yes,In Progress
TMS003525,AST005047,Crossing,C00005,77.0,Turnout wear,Turnout/Switch Defect,Critical,4,4,3,2025-06-01,2025-06-06,25,209,4,Corrective,Yes,Yes,Scheduled
TMS003526,AST001783,Sleeper,C00009,7.2,Rail crack,Rail Defect,Low,3,3,2,2025-04-22,2025-05-27,35,160,4,Preventive,No,Yes,Deferred
TMS003527,AST001332,Crossing,C00013,114.6,Gauge defect,Track Geometry,Critical,3,4,3,2025-06-28,2025-07-02,0,266,4,Corrective,No,No,Open
TMS003528,AST003778,Crossing,C00055,94.7,Weld defect,Rail Defect,High,3,3,2,2025-06-22,2025-06-30,0,134,2,Corrective,No,Yes,Completed
TMS003529,AST001325,Sleeper,C00066,43.7,Gauge defect,Track Geometry,Low,2,2,1,2025-06-25,2025-08-16,0,208,3,Preventive,No,No,Completed
TMS003530,AST003778,Crossing,C00055,94.7,Track geometry defect,Track Geometry,Low,1,2,1,2025-06-17,2025-07-26,0,199,4,Preventive,Yes,Yes,Open
TMS003531,AST001789,Weld,C00023,10.4,Rail wear,Rail Defect,High,3,4,2,2025-06-24,2025-07-02,0,99,1,Corrective,No,Yes,Open
TMS003532,AST001589,Rail,C00069,212.2,Corrective maintenance,Corrective,Low,3,1,1,2025-06-05,2025-07-20,0,200,4,Corrective,No,Yes,Scheduled
TMS003533,AST003048,Weld,C00017,2.5,Sleeper damage,Sleeper Defect,Low,2,2,2,2025-06-13,2025-07-28,0,91,2,Preventive,No,Yes,Open
TMS003534,AST002389,Switch,C00005,74.7,Drainage issue,Drainage,Medium,2,2,2,2025-05-21,2025-06-15,0,70,3,Preventive,Yes,Yes,Completed
TMS003535,AST003702,Crossing,C00063,104.3,Scheduled inspection,Inspection,High,4,4,3,2025-05-29,2025-06-05,26,93,4,Inspection,No,No,Open
TMS003536,AST003375,Track,C00038,41.6,Sleeper damage,Sleeper Defect,Medium,2,4,2,2025-05-23,2025-06-15,16,53,2,Preventive,No,Yes,Open
TMS003537,AST003978,Ballast,C00038,156.6,Turnout wear,Turnout/Switch Defect,High,3,3,3,2025-06-09,2025-06-22,9,176,5,Corrective,No,Yes,Scheduled
TMS003538,AST000363,Rail,C00058,32.2,Rail wear,Rail Defect,Low,3,3,1,2025-05-06,2025-06-30,0,141,5,Preventive,No,Yes,Completed
TMS003539,AST000402,Switch,C00070,17.0,Weld defect,Rail Defect,High,4,4,3,2025-05-28,2025-06-07,24,127,3,Corrective,No,Yes,In Progress
TMS003540,AST003483,Crossing,C00047,61.8,Weld defect,Rail Defect,Medium,3,2,1,2025-02-08,2025-02-28,123,228,6,Preventive,No,Yes,Open
TMS003541,AST002007,Crossing,C00010,24.0,Corrective maintenance,Corrective,Low,2,2,1,2025-06-16,2025-07-25,0,245,4,Corrective,No,Yes,Completed
TMS003542,AST001837,Weld,C00002,5.9,Gauge defect,Track Geometry,Low,2,1,1,2025-06-30,2025-08-22,0,229,3,Preventive,No,Yes,Scheduled
TMS003543,AST003774,Sleeper,C00042,76.2,Alignment defect,Track Geometry,Low,2,1,2,2025-04-06,2025-05-17,0,155,3,Preventive,Yes,Yes,Completed
TMS003544,AST004959,Weld,C00088,104.3,Rail crack,Rail Defect,Medium,4,4,3,2025-06-13,2025-07-08,0,192,3,Preventive,Yes,Yes,Open
TMS003545,AST000899,Bridge,C00098,0.6,Gauge defect,Track Geometry,High,3,4,3,2025-06-16,2025-06-25,6,122,2,Corrective,No,Yes,Open
TMS003546,AST000638,Sleeper,C00015,115.0,Weld defect,Rail Defect,High,4,3,4,2025-04-08,2025-04-17,75,154,4,Corrective,No,No,Scheduled
TMS003547,AST004880,Ballast,C00081,59.3,Rail wear,Rail Defect,Medium,2,2,2,2025-03-26,2025-04-23,69,186,3,Preventive,No,Yes,Scheduled
TMS003548,AST001564,Turnout,C00008,11.3,Gauge defect,Track Geometry,Medium,2,3,2,2025-03-10,2025-04-01,91,119,3,Preventive,No,No,Open
TMS003549,AST003062,Crossing,C00032,15.2,Ballast deficiency,Ballast Defect,Low,2,1,2,2025-06-12,2025-07-29,0,148,4,Preventive,Yes,No,Open
TMS003550,AST003366,Switch,C00072,54.0,Rail wear,Rail Defect,High,4,4,3,2025-06-06,2025-06-17,14,145,3,Corrective,No,Yes,Open
TMS003551,AST000093,Bridge,C00007,39.1,Rail wear,Rail Defect,Low,2,1,1,2025-05-16,2025-06-17,14,189,3,Preventive,No,Yes,Open
TMS003552,AST005041,Bridge,C00014,67.7,Rail wear,Rail Defect,Low,2,2,2,2025-05-01,2025-06-06,25,152,3,Preventive,No,Yes,Deferred
TMS003553,AST003790,Crossing,C00055,14.5,Track geometry defect,Track Geometry,Low,2,2,1,2025-06-01,2025-07-24,0,218,5,Preventive,No,Yes,Completed
TMS003554,AST004030,Turnout,C00057,9.7,Rail crack,Rail Defect,Critical,4,5,3,2025-05-29,2025-06-03,0,280,4,Corrective,Yes,Yes,Completed
TMS003555,AST002246,Switch,C00019,117.5,Sleeper damage,Sleeper Defect,Medium,4,2,3,2025-03-26,2025-04-14,78,114,2,Preventive,No,Yes,In Progress
TMS003556,AST002146,Ballast,C00027,4.2,Rail crack,Rail Defect,Low,4,3,1,2025-05-03,2025-06-11,20,184,4,Preventive,Yes,Yes,Deferred
TMS003557,AST003702,Crossing,C00063,104.3,Scheduled inspection,Inspection,High,5,3,2,2025-06-12,2025-06-26,5,43,3,Inspection,No,Yes,Open
TMS003558,AST001981,Track,C00033,105.5,Preventive maintenance,Preventive,Medium,3,3,2,2025-06-29,2025-07-13,0,32,2,Preventive,No,No,Open
TMS003559,AST004648,Bridge,C00088,68.0,Scheduled inspection,Inspection,Critical,5,4,3,2025-05-24,2025-05-28,34,82,2,Inspection,No,Yes,Open
TMS003560,AST003637,Rail,C00001,43.4,Corrective maintenance,Corrective,Medium,5,3,2,2025-05-07,2025-05-30,32,249,5,Corrective,No,Yes,Deferred
TMS003561,AST000721,Sleeper,C00080,73.1,Sleeper damage,Sleeper Defect,Low,1,2,2,2025-06-18,2025-07-29,0,217,5,Preventive,Yes,Yes,Completed
TMS003562,AST004754,Track,C00009,56.3,Turnout wear,Turnout/Switch Defect,Low,2,1,2,2025-06-19,2025-07-26,0,187,4,Preventive,No,No,Completed
TMS003563,AST001391,Bridge,C00092,38.6,Rail wear,Rail Defect,Medium,1,2,2,2025-06-04,2025-06-24,7,96,3,Preventive,No,Yes,Open
TMS003564,AST002459,Switch,C00020,30.0,Gauge defect,Track Geometry,Medium,4,3,2,2025-06-09,2025-07-01,0,120,4,Preventive,No,Yes,In Progress
TMS003565,AST003682,Crossing,C00023,29.7,Preventive maintenance,Preventive,High,4,4,3,2025-04-23,2025-05-07,55,36,1,Preventive,No,Yes,Open
TMS003566,AST001608,Weld,C00079,9.0,Corrective maintenance,Corrective,Medium,1,2,2,2025-06-02,2025-06-25,6,287,5,Corrective,No,No,Deferred
TMS003567,AST002243,Ballast,C00039,23.3,Drainage issue,Drainage,Medium,5,5,2,2025-05-06,2025-05-31,31,111,4,Preventive,Yes,Yes,Scheduled
TMS003568,AST003571,Turnout,C00017,1.5,Scheduled inspection,Inspection,Low,2,2,1,2025-06-27,2025-08-05,0,122,1,Inspection,No,Yes,Open
TMS003569,AST001360,Switch,C00006,15.7,Scheduled inspection,Inspection,Low,2,1,3,2025-05-30,2025-07-03,0,92,4,Inspection,No,Yes,Completed
TMS003570,AST000290,Sleeper,C00005,110.4,Ballast deficiency,Ballast Defect,Critical,4,5,3,2025-06-27,2025-07-02,0,225,4,Corrective,Yes,Yes,In Progress
TMS003571,AST005134,Weld,C00024,90.8,Gauge defect,Track Geometry,Low,2,2,2,2025-06-23,2025-08-02,0,136,5,Preventive,No,Yes,Open
TMS003572,AST002294,Weld,C00054,39.1,Corrective maintenance,Corrective,Medium,2,3,1,2025-06-17,2025-07-15,0,306,3,Corrective,No,No,Open
TMS003573,AST002474,Crossing,C00003,62.4,Preventive maintenance,Preventive,Low,5,1,2,2025-06-07,2025-08-02,0,65,4,Preventive,No,Yes,In Progress
TMS003574,AST004221,Bridge,C00029,92.4,Gauge defect,Track Geometry,Medium,4,3,1,2025-05-21,2025-06-11,0,134,4,Preventive,No,Yes,Completed
TMS003575,AST001233,Rail,C00049,73.6,Ballast deficiency,Ballast Defect,Medium,2,3,2,2025-04-12,2025-04-28,64,118,4,Preventive,Yes,Yes,Open
TMS003576,AST000318,Turnout,C00043,3.5,Alignment defect,Track Geometry,Low,2,2,1,2025-06-03,2025-07-17,0,209,5,Preventive,Yes,No,Scheduled
TMS003577,AST000029,Rail,C00020,50.3,Gauge defect,Track Geometry,Medium,3,3,2,2025-04-07,2025-04-30,62,135,2,Preventive,No,Yes,In Progress
TMS003578,AST000677,Crossing,C00092,36.5,Scheduled inspection,Inspection,Medium,3,3,1,2025-06-23,2025-07-22,0,79,4,Inspection,No,No,Open
TMS003579,AST000162,Ballast,C00044,49.1,Rail crack,Rail Defect,Medium,4,2,1,2025-06-25,2025-07-22,0,192,3,Preventive,Yes,Yes,Completed
TMS003580,AST004695,Weld,C00074,12.0,Preventive maintenance,Preventive,High,3,4,2,2025-06-11,2025-06-22,9,107,2,Preventive,No,Yes,In Progress
TMS003581,AST002622,Ballast,C00063,55.2,Sleeper damage,Sleeper Defect,Medium,2,2,2,2025-05-27,2025-06-18,13,72,2,Preventive,No,No,Open
TMS003582,AST002802,Track,C00059,180.2,Weld defect,Rail Defect,Critical,2,5,3,2025-02-22,2025-02-26,125,134,2,Corrective,No,Yes,Open
TMS003583,AST003131,Bridge,C00064,22.6,Preventive maintenance,Preventive,Low,3,2,2,2025-05-11,2025-06-20,0,90,2,Preventive,No,Yes,Completed
TMS003584,AST002526,Turnout,C00099,9.5,Weld defect,Rail Defect,Medium,4,3,1,2025-06-30,2025-07-21,0,127,4,Preventive,No,Yes,Open
TMS003585,AST004680,Crossing,C00096,75.8,Rail crack,Rail Defect,Low,2,2,3,2025-04-16,2025-05-18,44,109,3,Preventive,Yes,Yes,Open
TMS003586,AST004572,Switch,C00024,87.4,Gauge defect,Track Geometry,Medium,2,3,2,2025-05-19,2025-06-14,17,129,3,Preventive,No,Yes,Open
TMS003587,AST000473,Bridge,C00076,4.7,Alignment defect,Track Geometry,High,3,4,3,2025-02-18,2025-03-01,122,273,4,Corrective,Yes,Yes,Open
TMS003588,AST003543,Crossing,C00098,3.4,Ballast deficiency,Ballast Defect,Medium,4,2,1,2025-02-01,2025-02-24,0,129,2,Preventive,Yes,Yes,Completed
TMS003589,AST004398,Bridge,C00060,43.7,Rail wear,Rail Defect,High,2,3,3,2025-04-23,2025-05-03,0,204,4,Corrective,No,Yes,Completed
TMS003590,AST000998,Sleeper,C00076,5.7,Ballast deficiency,Ballast Defect,Medium,2,2,2,2025-06-07,2025-07-06,0,152,3,Preventive,Yes,Yes,Completed
TMS003591,AST005188,Ballast,C00028,140.3,Rail wear,Rail Defect,Low,3,2,2,2025-06-14,2025-07-28,0,72,2,Preventive,No,Yes,Open
TMS003592,AST003262,Bridge,C00069,190.3,Ballast deficiency,Ballast Defect,High,4,4,2,2025-05-16,2025-05-27,35,127,2,Corrective,Yes,Yes,Scheduled
TMS003593,AST003388,Sleeper,C00096,95.3,Sleeper damage,Sleeper Defect,Medium,3,3,2,2025-02-25,2025-03-19,104,90,3,Preventive,No,Yes,Deferred
TMS003594,AST003523,Bridge,C00030,118.6,Track geometry defect,Track Geometry,Medium,1,1,2,2025-06-09,2025-07-01,0,202,2,Preventive,Yes,Yes,Open
TMS003595,AST004526,Switch,C00003,16.5,Ballast deficiency,Ballast Defect,Low,1,2,1,2025-05-05,2025-06-26,0,135,4,Preventive,Yes,Yes,Completed
TMS003596,AST004016,Switch,C00075,126.5,Ballast deficiency,Ballast Defect,Medium,2,3,2,2025-03-06,2025-04-02,90,32,2,Preventive,Yes,Yes,In Progress
TMS003597,AST000624,Bridge,C00050,29.3,Turnout wear,Turnout/Switch Defect,High,2,3,2,2025-05-10,2025-05-22,40,250,4,Corrective,No,Yes,Scheduled
TMS003598,AST001530,Crossing,C00020,58.2,Scheduled inspection,Inspection,Low,2,2,1,2025-04-04,2025-05-10,52,47,2,Inspection,No,No,In Progress
TMS003599,AST003117,Rail,C00094,22.2,Ballast deficiency,Ballast Defect,Low,3,2,1,2025-05-26,2025-07-11,0,81,3,Preventive,No,Yes,Open
TMS003600,AST003603,Rail,C00058,48.3,Corrective maintenance,Corrective,High,2,3,2,2025-06-10,2025-06-23,0,320,4,Corrective,No,Yes,Completed
TMS003601,AST000601,Rail,C00014,102.3,Corrective maintenance,Corrective,Medium,5,2,2,2025-06-21,2025-07-12,0,249,5,Corrective,No,Yes,Open
TMS003602,AST001830,Weld,C00009,43.7,Sleeper damage,Sleeper Defect,Low,3,1,2,2025-02-03,2025-03-14,109,144,2,Preventive,No,Yes,Scheduled
TMS003603,AST003756,Rail,C00060,30.0,Corrective maintenance,Corrective,High,3,3,4,2025-03-20,2025-04-01,0,186,4,Corrective,Yes,Yes,Completed
TMS003604,AST001103,Rail,C00033,68.7,Sleeper damage,Sleeper Defect,Medium,3,2,1,2025-06-07,2025-07-01,0,102,2,Preventive,No,Yes,Scheduled
TMS003605,AST003960,Ballast,C00034,32.8,Corrective maintenance,Corrective,Low,2,2,2,2025-05-12,2025-06-24,7,128,2,Corrective,No,Yes,In Progress
TMS003606,AST000303,Switch,C00065,33.6,Scheduled inspection,Inspection,Medium,2,2,2,2025-05-07,2025-05-27,35,57,4,Inspection,No,No,Open
TMS003607,AST000862,Weld,C00081,68.7,Weld defect,Rail Defect,Medium,2,3,1,2025-06-30,2025-07-26,0,141,3,Preventive,Yes,Yes,Completed
TMS003608,AST005009,Bridge,C00068,62.5,Ballast deficiency,Ballast Defect,Medium,3,2,3,2025-05-09,2025-05-31,31,131,3,Preventive,Yes,Yes,In Progress
TMS003609,AST001404,Ballast,C00091,203.0,Scheduled inspection,Inspection,High,4,3,3,2025-06-16,2025-06-28,3,59,2,Inspection,No,No,Open
TMS003610,AST004715,Weld,C00008,7.4,Drainage issue,Drainage,Low,3,2,1,2025-05-08,2025-06-28,3,59,3,Preventive,Yes,Yes,Scheduled
TMS003611,AST004102,Switch,C00034,34.5,Rail crack,Rail Defect,High,4,3,4,2025-05-12,2025-05-24,38,249,4,Corrective,Yes,Yes,Open
TMS003612,AST003417,Crossing,C00084,168.7,Turnout wear,Turnout/Switch Defect,Medium,2,3,1,2025-06-19,2025-07-08,0,140,3,Preventive,No,Yes,Open
TMS003613,AST003882,Crossing,C00042,24.9,Sleeper damage,Sleeper Defect,Medium,4,2,1,2025-03-17,2025-04-01,91,170,2,Preventive,No,Yes,Open
TMS003614,AST000410,Turnout,C00047,11.7,Drainage issue,Drainage,Critical,4,4,3,2025-04-18,2025-04-22,70,194,3,Corrective,Yes,Yes,Open
TMS003615,AST001244,Turnout,C00043,9.0,Turnout wear,Turnout/Switch Defect,High,4,3,1,2025-06-25,2025-07-08,0,243,3,Corrective,Yes,Yes,Scheduled
TMS003616,AST002999,Turnout,C00022,200.0,Ballast deficiency,Ballast Defect,High,1,3,1,2025-06-29,2025-07-06,0,137,4,Corrective,Yes,Yes,Open
TMS003617,AST002383,Weld,C00015,154.2,Alignment defect,Track Geometry,Low,3,3,2,2025-05-28,2025-06-30,0,208,4,Preventive,Yes,Yes,Completed
TMS003618,AST003924,Ballast,C00030,22.6,Rail crack,Rail Defect,Low,2,1,1,2025-05-08,2025-06-14,17,145,3,Preventive,Yes,Yes,Open
TMS003619,AST002765,Switch,C00029,92.8,Corrective maintenance,Corrective,Medium,4,4,4,2025-06-06,2025-07-02,0,231,3,Corrective,Yes,Yes,Completed
TMS003620,AST001867,Track,C00054,14.2,Turnout wear,Turnout/Switch Defect,Low,1,1,1,2025-06-13,2025-08-03,0,176,3,Preventive,No,Yes,Completed
TMS003621,AST003077,Ballast,C00083,41.7,Rail crack,Rail Defect,Low,1,2,2,2025-06-26,2025-08-06,0,161,4,Preventive,Yes,Yes,Deferred
TMS003622,AST003507,Turnout,C00016,18.5,Gauge defect,Track Geometry,High,3,3,2,2025-02-27,2025-03-11,112,216,4,Corrective,No,Yes,Deferred
TMS003623,AST004071,Bridge,C00098,3.1,Track geometry defect,Track Geometry,Medium,3,3,2,2025-05-21,2025-06-08,23,215,4,Preventive,No,Yes,Scheduled
TMS003624,AST000880,Crossing,C00014,99.8,Gauge defect,Track Geometry,Low,2,3,2,2025-06-18,2025-08-05,0,124,5,Preventive,Yes,Yes,In Progress
TMS003625,AST004270,Crossing,C00094,38.3,Rail wear,Rail Defect,Medium,1,3,3,2025-06-01,2025-06-24,0,163,4,Preventive,No,Yes,Completed
TMS003626,AST002179,Crossing,C00026,140.0,Rail wear,Rail Defect,Medium,2,4,1,2025-06-10,2025-07-02,0,132,3,Preventive,No,Yes,Deferred
TMS003627,AST004684,Track,C00066,18.4,Gauge defect,Track Geometry,Medium,2,3,2,2025-06-11,2025-07-05,0,165,4,Preventive,No,Yes,Scheduled
TMS003628,AST000624,Bridge,C00050,29.3,Scheduled inspection,Inspection,Low,2,2,1,2025-06-24,2025-08-11,0,52,2,Inspection,No,No,Completed
TMS003629,AST005253,Rail,C00017,3.2,Alignment defect,Track Geometry,Low,4,1,1,2025-05-11,2025-06-29,0,213,2,Preventive,Yes,Yes,Completed
TMS003630,AST002322,Crossing,C00016,72.9,Gauge defect,Track Geometry,Low,3,2,2,2025-06-16,2025-07-27,0,168,3,Preventive,No,Yes,Open
TMS003631,AST001859,Track,C00096,63.5,Turnout wear,Turnout/Switch Defect,Critical,5,5,4,2025-05-07,2025-05-12,50,187,5,Corrective,No,Yes,Open
TMS003632,AST005247,Rail,C00077,38.4,Preventive maintenance,Preventive,Low,2,1,2,2025-06-12,2025-08-03,0,75,3,Preventive,No,Yes,Completed
TMS003633,AST004730,Turnout,C00043,16.8,Alignment defect,Track Geometry,Medium,2,3,2,2025-05-14,2025-06-05,26,251,3,Preventive,Yes,Yes,Scheduled
TMS003634,AST005252,Crossing,C00089,78.3,Corrective maintenance,Corrective,Critical,3,5,4,2025-06-13,2025-06-17,14,336,5,Corrective,No,No,Deferred
TMS003635,AST001972,Bridge,C00017,3.1,Scheduled inspection,Inspection,Medium,4,5,2,2025-05-13,2025-06-05,26,77,2,Inspection,No,Yes,Scheduled
TMS003636,AST003348,Ballast,C00058,40.7,Preventive maintenance,Preventive,Critical,2,4,3,2025-03-23,2025-03-27,96,129,2,Preventive,No,Yes,Open
TMS003637,AST005108,Sleeper,C00006,1.0,Corrective maintenance,Corrective,High,5,2,3,2025-05-15,2025-05-26,36,302,5,Corrective,No,No,Open
TMS003638,AST001018,Ballast,C00035,77.5,Track geometry defect,Track Geometry,Low,2,2,2,2025-03-12,2025-04-16,76,258,2,Preventive,Yes,Yes,Open
TMS003639,AST000790,Ballast,C00011,282.4,Sleeper damage,Sleeper Defect,Medium,3,3,2,2025-06-17,2025-07-11,0,129,5,Preventive,No,No,Open
TMS003640,AST004452,Bridge,C00039,8.6,Track geometry defect,Track Geometry,High,4,4,1,2025-02-04,2025-02-13,138,247,4,Corrective,Yes,Yes,In Progress
TMS003641,AST000404,Track,C00010,20.1,Alignment defect,Track Geometry,Medium,3,2,1,2025-03-09,2025-03-29,94,234,6,Preventive,No,Yes,Scheduled
TMS003642,AST002351,Crossing,C00062,26.9,Rail crack,Rail Defect,Medium,2,3,2,2025-03-14,2025-04-01,91,212,5,Preventive,Yes,Yes,Open
TMS003643,AST001169,Ballast,C00007,185.0,Weld defect,Rail Defect,Medium,3,2,2,2025-05-07,2025-06-01,30,173,2,Preventive,No,Yes,Scheduled
TMS003644,AST003441,Turnout,C00057,103.1,Track geometry defect,Track Geometry,Medium,2,2,3,2025-05-08,2025-05-23,39,126,3,Preventive,Yes,Yes,Deferred
TMS003645,AST004648,Bridge,C00088,68.0,Gauge defect,Track Geometry,High,3,2,2,2025-05-03,2025-05-16,46,191,3,Corrective,No,Yes,Open
TMS003646,AST004384,Track,C00069,64.2,Rail wear,Rail Defect,High,3,3,2,2025-06-26,2025-07-06,0,191,2,Corrective,No,Yes,Open
TMS003647,AST003424,Bridge,C00041,23.7,Rail wear,Rail Defect,Critical,4,2,4,2025-06-19,2025-06-22,9,264,4,Corrective,No,Yes,Open
TMS003648,AST002252,Sleeper,C00071,11.4,Ballast deficiency,Ballast Defect,Medium,2,3,1,2025-06-23,2025-07-15,0,151,5,Preventive,Yes,Yes,Scheduled
TMS003649,AST001640,Turnout,C00019,129.7,Alignment defect,Track Geometry,Low,2,3,2,2025-06-09,2025-07-23,0,193,3,Preventive,Yes,Yes,Open
TMS003650,AST004620,Sleeper,C00002,30.1,Scheduled inspection,Inspection,High,2,3,2,2025-06-16,2025-06-27,4,77,3,Inspection,No,No,Open
TMS003651,AST000814,Rail,C00031,38.1,Gauge defect,Track Geometry,Medium,3,3,2,2025-06-12,2025-07-04,0,214,4,Preventive,No,Yes,Scheduled
TMS003652,AST004701,Turnout,C00093,77.7,Track geometry defect,Track Geometry,Low,3,1,1,2025-03-24,2025-05-12,50,188,4,Preventive,Yes,Yes,Open
TMS003653,AST000088,Crossing,C00052,86.4,Rail wear,Rail Defect,Medium,1,1,1,2025-02-10,2025-03-03,0,86,2,Preventive,Yes,Yes,Completed
TMS003654,AST002173,Ballast,C00094,149.6,Rail crack,Rail Defect,Low,2,2,2,2025-03-05,2025-04-15,77,202,3,Preventive,Yes,Yes,Scheduled
TMS003655,AST005093,Crossing,C00087,36.2,Corrective maintenance,Corrective,Medium,2,2,2,2025-05-09,2025-06-01,0,237,3,Corrective,No,Yes,Completed
TMS003656,AST005206,Rail,C00089,58.1,Drainage issue,Drainage,Low,2,1,1,2025-02-25,2025-04-13,79,95,4,Preventive,Yes,Yes,Scheduled
TMS003657,AST003372,Track,C00045,127.9,Ballast deficiency,Ballast Defect,High,4,3,2,2025-06-11,2025-06-19,12,64,3,Corrective,Yes,Yes,In Progress
TMS003658,AST002056,Sleeper,C00042,11.8,Corrective maintenance,Corrective,High,4,4,2,2025-03-02,2025-03-14,0,281,5,Corrective,No,Yes,Completed
TMS003659,AST003479,Crossing,C00010,34.6,Drainage issue,Drainage,Medium,4,3,2,2025-05-26,2025-06-14,17,148,3,Preventive,Yes,No,Deferred
TMS003660,AST000988,Turnout,C00100,7.2,Corrective maintenance,Corrective,Low,3,1,2,2025-06-23,2025-07-24,0,191,4,Corrective,No,Yes,Open
TMS003661,AST004639,Turnout,C00050,49.5,Rail wear,Rail Defect,Low,3,2,1,2025-05-28,2025-07-11,0,180,5,Preventive,No,Yes,Completed
TMS003662,AST000388,Weld,C00013,29.8,Corrective maintenance,Corrective,Low,3,2,1,2025-03-23,2025-05-11,51,185,3,Corrective,No,Yes,Open
TMS003663,AST001245,Rail,C00023,5.7,Rail crack,Rail Defect,Medium,4,4,1,2025-03-01,2025-03-17,106,237,3,Preventive,Yes,Yes,Open
TMS003664,AST004849,Rail,C00033,10.9,Gauge defect,Track Geometry,Medium,2,4,1,2025-05-28,2025-06-18,0,162,3,Preventive,No,Yes,Completed
TMS003665,AST004767,Ballast,C00080,8.1,Alignment defect,Track Geometry,Low,2,1,2,2025-06-29,2025-08-16,0,197,2,Preventive,Yes,Yes,Open
TMS003666,AST003445,Weld,C00085,80.7,Scheduled inspection,Inspection,High,4,3,3,2025-05-03,2025-05-11,51,71,5,Inspection,No,Yes,Open
TMS003667,AST000597,Turnout,C00033,5.7,Turnout wear,Turnout/Switch Defect,Low,2,2,1,2025-06-03,2025-07-14,0,177,4,Preventive,No,Yes,Scheduled
TMS003668,AST003219,Ballast,C00072,6.3,Gauge defect,Track Geometry,Low,3,3,1,2025-06-08,2025-07-18,0,173,2,Preventive,No,Yes,Open
TMS003669,AST000791,Ballast,C00088,98.1,Track geometry defect,Track Geometry,Low,2,1,1,2025-05-08,2025-06-13,18,159,5,Preventive,Yes,Yes,In Progress
TMS003670,AST000823,Sleeper,C00069,192.2,Preventive maintenance,Preventive,Medium,3,2,1,2025-05-28,2025-06-17,14,32,2,Preventive,No,Yes,Scheduled
TMS003671,AST001322,Rail,C00071,0.3,Alignment defect,Track Geometry,Medium,2,2,3,2025-05-25,2025-06-12,19,134,4,Preventive,Yes,Yes,Scheduled
TMS003672,AST001963,Weld,C00010,37.8,Alignment defect,Track Geometry,High,4,4,1,2025-06-27,2025-07-08,0,145,5,Corrective,No,Yes,Open
TMS003673,AST004425,Sleeper,C00053,81.5,Ballast deficiency,Ballast Defect,Low,2,3,2,2025-06-09,2025-08-03,0,128,3,Preventive,Yes,Yes,Completed
TMS003674,AST002058,Crossing,C00001,275.3,Gauge defect,Track Geometry,Low,2,2,2,2025-02-05,2025-03-21,102,111,3,Preventive,No,Yes,Open
TMS003675,AST001262,Weld,C00006,16.0,Weld defect,Rail Defect,Medium,4,3,1,2025-03-25,2025-04-16,76,70,3,Preventive,No,Yes,Open
TMS003676,AST000872,Weld,C00016,69.1,Turnout wear,Turnout/Switch Defect,Low,2,2,2,2025-06-30,2025-08-22,0,199,4,Preventive,No,Yes,Open
TMS003677,AST001041,Bridge,C00070,28.7,Rail crack,Rail Defect,Medium,2,2,2,2025-05-21,2025-06-14,17,248,4,Preventive,No,Yes,Open
TMS003678,AST003898,Sleeper,C00051,54.3,Sleeper damage,Sleeper Defect,High,2,5,3,2025-06-16,2025-06-29,2,127,3,Corrective,No,Yes,Open
TMS003679,AST005053,Bridge,C00077,12.5,Track geometry defect,Track Geometry,Low,1,1,1,2025-06-22,2025-08-03,0,271,7,Preventive,No,Yes,Completed
TMS003680,AST001350,Weld,C00039,1.7,Scheduled inspection,Inspection,Medium,2,2,1,2025-06-24,2025-07-20,0,58,3,Inspection,No,No,Scheduled
TMS003681,AST003711,Rail,C00058,11.0,Drainage issue,Drainage,Medium,4,2,1,2025-05-24,2025-06-12,19,73,2,Preventive,Yes,Yes,Open
TMS003682,AST002363,Ballast,C00014,20.6,Turnout wear,Turnout/Switch Defect,Low,3,1,2,2025-05-07,2025-06-30,1,225,4,Preventive,No,Yes,Open
TMS003683,AST000013,Bridge,C00001,354.9,Weld defect,Rail Defect,High,3,3,2,2025-06-18,2025-06-28,3,193,4,Corrective,No,Yes,Open
TMS003684,AST005023,Turnout,C00016,52.5,Alignment defect,Track Geometry,Low,3,2,2,2025-03-28,2025-04-30,0,209,2,Preventive,No,Yes,Completed
TMS003685,AST000375,Switch,C00069,171.0,Ballast deficiency,Ballast Defect,High,4,4,3,2025-06-23,2025-07-07,0,122,3,Corrective,Yes,Yes,In Progress
TMS003686,AST001299,Weld,C00047,12.3,Turnout wear,Turnout/Switch Defect,Low,3,1,1,2025-06-26,2025-08-12,0,270,2,Preventive,No,Yes,In Progress
TMS003687,AST002480,Switch,C00067,118.4,Gauge defect,Track Geometry,Critical,3,3,4,2025-06-25,2025-06-29,2,206,4,Corrective,No,Yes,Scheduled
TMS003688,AST004085,Switch,C00058,52.8,Drainage issue,Drainage,Low,3,2,1,2025-05-23,2025-07-05,0,37,2,Preventive,Yes,Yes,Open
TMS003689,AST003296,Crossing,C00040,80.6,Track geometry defect,Track Geometry,Low,2,1,2,2025-06-28,2025-08-17,0,193,3,Preventive,Yes,Yes,Scheduled
TMS003690,AST003440,Weld,C00065,20.7,Scheduled inspection,Inspection,Medium,3,2,1,2025-05-18,2025-06-09,22,99,4,Inspection,No,No,Open
TMS003691,AST003071,Turnout,C00068,69.3,Drainage issue,Drainage,High,4,3,3,2025-06-17,2025-06-24,7,161,4,Corrective,Yes,No,Open
TMS003692,AST004774,Weld,C00086,119.5,Corrective maintenance,Corrective,Low,3,2,2,2025-05-05,2025-06-16,15,245,5,Corrective,No,Yes,Open
TMS003693,AST004741,Rail,C00005,78.6,Gauge defect,Track Geometry,High,5,5,2,2025-06-25,2025-07-02,0,169,4,Corrective,No,Yes,Open
TMS003694,AST003125,Crossing,C00023,2.9,Gauge defect,Track Geometry,Low,3,2,2,2025-03-22,2025-05-01,61,185,4,Preventive,No,Yes,In Progress
TMS003695,AST003678,Weld,C00079,39.3,Corrective maintenance,Corrective,Low,3,3,1,2025-06-04,2025-07-21,0,232,2,Corrective,No,Yes,Scheduled
TMS003696,AST005062,Ballast,C00059,156.3,Weld defect,Rail Defect,Medium,3,2,2,2025-04-04,2025-04-27,65,151,4,Preventive,Yes,Yes,Open
TMS003697,AST004822,Crossing,C00034,5.5,Rail wear,Rail Defect,High,3,4,4,2025-06-18,2025-06-26,5,135,3,Corrective,No,Yes,Scheduled
TMS003698,AST001006,Track,C00012,101.1,Gauge defect,Track Geometry,Low,1,2,2,2025-05-15,2025-07-04,0,184,4,Preventive,No,Yes,Completed
TMS003699,AST003553,Ballast,C00058,68.7,Alignment defect,Track Geometry,High,4,3,3,2025-06-06,2025-06-18,13,106,2,Corrective,Yes,Yes,Open
TMS003700,AST002832,Turnout,C00065,29.7,Corrective maintenance,Corrective,Low,3,2,1,2025-06-29,2025-08-16,0,263,5,Corrective,No,Yes,Scheduled
TMS003701,AST004039,Weld,C00088,95.9,Rail crack,Rail Defect,Low,3,1,1,2025-06-20,2025-08-06,0,199,2,Preventive,No,Yes,Open
TMS003702,AST000743,Switch,C00012,62.5,Drainage issue,Drainage,Medium,2,3,1,2025-06-12,2025-07-05,0,117,4,Preventive,Yes,Yes,Scheduled
TMS003703,AST000343,Crossing,C00042,38.2,Gauge defect,Track Geometry,High,4,5,3,2025-05-30,2025-06-10,21,119,2,Corrective,Yes,Yes,In Progress
TMS003704,AST004615,Ballast,C00039,10.6,Gauge defect,Track Geometry,Low,1,3,1,2025-05-04,2025-06-19,12,197,3,Preventive,No,Yes,Open
TMS003705,AST002298,Turnout,C00088,100.3,Gauge defect,Track Geometry,Medium,2,2,1,2025-05-23,2025-06-13,18,130,3,Preventive,No,Yes,Open
TMS003706,AST003964,Bridge,C00011,142.2,Rail wear,Rail Defect,Medium,3,2,1,2025-06-23,2025-07-19,0,167,3,Preventive,Yes,Yes,Completed
TMS003707,AST003008,Weld,C00084,187.4,Weld defect,Rail Defect,Medium,2,2,2,2025-06-27,2025-07-20,0,132,3,Preventive,No,Yes,Completed
TMS003708,AST000016,Sleeper,C00008,94.8,Track geometry defect,Track Geometry,Medium,2,3,1,2025-06-26,2025-07-16,0,200,3,Preventive,Yes,Yes,Deferred
TMS003709,AST003291,Ballast,C00038,101.8,Gauge defect,Track Geometry,Low,2,1,2,2025-05-21,2025-07-03,0,97,4,Preventive,No,No,Open
TMS003710,AST000537,Ballast,C00059,218.8,Corrective maintenance,Corrective,Critical,4,5,3,2025-05-23,2025-05-27,35,218,4,Corrective,No,Yes,Open
TMS003711,AST001391,Bridge,C00092,38.6,Turnout wear,Turnout/Switch Defect,Low,2,2,1,2025-05-09,2025-06-21,10,215,4,Preventive,No,Yes,In Progress
TMS003712,AST003396,Ballast,C00019,110.5,Scheduled inspection,Inspection,Low,3,1,2,2025-03-14,2025-04-18,0,61,2,Inspection,No,No,Completed
TMS003713,AST000607,Turnout,C00066,48.4,Drainage issue,Drainage,Medium,2,3,3,2025-06-18,2025-07-07,0,61,3,Preventive,No,Yes,Scheduled
TMS003714,AST002755,Switch,C00080,52.5,Weld defect,Rail Defect,Medium,3,3,1,2025-04-14,2025-05-05,0,86,2,Preventive,No,Yes,Completed
TMS003715,AST002329,Crossing,C00061,58.7,Turnout wear,Turnout/Switch Defect,Low,4,2,3,2025-06-30,2025-08-07,0,271,4,Preventive,No,Yes,Open
TMS003716,AST005238,Track,C00087,16.0,Ballast deficiency,Ballast Defect,Low,1,2,1,2025-06-08,2025-07-09,0,169,1,Preventive,Yes,Yes,Scheduled
TMS003717,AST001815,Weld,C00098,2.6,Scheduled inspection,Inspection,Medium,3,3,3,2025-06-16,2025-06-30,1,102,1,Inspection,No,No,Scheduled
TMS003718,AST005137,Turnout,C00007,55.5,Scheduled inspection,Inspection,Critical,3,5,4,2025-04-12,2025-04-17,75,127,4,Inspection,No,No,Scheduled
TMS003719,AST001746,Weld,C00100,2.9,Gauge defect,Track Geometry,High,3,4,3,2025-06-21,2025-07-03,0,210,3,Corrective,No,Yes,Scheduled
TMS003720,AST002511,Turnout,C00032,4.8,Corrective maintenance,Corrective,High,4,3,2,2025-06-05,2025-06-12,19,302,5,Corrective,Yes,Yes,Open
TMS003721,AST004146,Crossing,C00068,23.7,Corrective maintenance,Corrective,Medium,4,3,2,2025-06-23,2025-07-22,0,343,4,Corrective,No,Yes,Open
TMS003722,AST002827,Track,C00072,53.8,Preventive maintenance,Preventive,High,3,3,3,2025-05-07,2025-05-18,44,105,3,Preventive,No,Yes,Open
TMS003723,AST003891,Track,C00047,40.5,Corrective maintenance,Corrective,Medium,3,3,1,2025-02-15,2025-03-10,0,241,5,Corrective,No,Yes,Completed
TMS003724,AST001170,Rail,C00092,27.8,Gauge defect,Track Geometry,Low,3,1,1,2025-03-01,2025-04-01,91,163,4,Preventive,No,Yes,Open
TMS003725,AST003022,Bridge,C00017,3.0,Rail wear,Rail Defect,High,4,4,3,2025-03-07,2025-03-20,0,222,5,Corrective,Yes,Yes,Completed
TMS003726,AST002085,Ballast,C00060,29.1,Alignment defect,Track Geometry,Low,2,1,2,2025-06-22,2025-07-30,0,187,3,Preventive,Yes,Yes,Open
TMS003727,AST004789,Rail,C00097,5.0,Sleeper damage,Sleeper Defect,Medium,2,2,2,2025-02-17,2025-03-09,114,102,3,Preventive,No,Yes,Scheduled
TMS003728,AST002210,Weld,C00082,87.1,Scheduled inspection,Inspection,High,3,4,2,2025-06-19,2025-06-28,3,57,2,Inspection,No,No,Open
TMS003729,AST002422,Weld,C00095,28.3,Drainage issue,Drainage,Medium,3,3,1,2025-06-30,2025-07-19,0,131,2,Preventive,Yes,No,Scheduled
TMS003730,AST005103,Rail,C00014,93.8,Corrective maintenance,Corrective,Medium,3,2,1,2025-06-27,2025-07-19,0,177,2,Corrective,No,Yes,Open
TMS003731,AST003082,Switch,C00043,0.6,Track geometry defect,Track Geometry,Medium,3,2,3,2025-02-16,2025-03-10,113,231,4,Preventive,Yes,Yes,Open
TMS003732,AST004970,Switch,C00038,57.4,Corrective maintenance,Corrective,Low,2,2,1,2025-05-29,2025-07-11,0,207,4,Corrective,No,Yes,Open
TMS003733,AST002448,Crossing,C00010,40.7,Gauge defect,Track Geometry,Medium,2,2,3,2025-06-28,2025-07-17,0,178,3,Preventive,No,Yes,Open
TMS003734,AST003574,Turnout,C00009,56.4,Corrective maintenance,Corrective,High,4,2,3,2025-02-27,2025-03-08,115,274,5,Corrective,No,Yes,Scheduled
TMS003735,AST001950,Weld,C00043,14.3,Track geometry defect,Track Geometry,High,1,3,3,2025-06-27,2025-07-10,0,224,5,Corrective,Yes,Yes,Scheduled
TMS003736,AST002215,Rail,C00025,140.9,Rail wear,Rail Defect,Low,2,2,1,2025-04-15,2025-05-28,34,129,3,Preventive,No,Yes,Scheduled
TMS003737,AST001284,Ballast,C00011,273.2,Turnout wear,Turnout/Switch Defect,Medium,4,2,2,2025-06-20,2025-07-14,0,257,4,Preventive,No,Yes,Completed
TMS003738,AST004935,Weld,C00003,11.2,Rail crack,Rail Defect,High,3,5,3,2025-06-30,2025-07-13,0,199,5,Corrective,Yes,Yes,Scheduled
TMS003739,AST003458,Switch,C00065,44.2,Gauge defect,Track Geometry,Low,2,2,1,2025-05-12,2025-06-17,14,128,3,Preventive,No,Yes,Scheduled
TMS003740,AST002455,Weld,C00081,9.6,Alignment defect,Track Geometry,Medium,2,2,2,2025-02-11,2025-03-05,118,106,4,Preventive,Yes,Yes,Open
TMS003741,AST000145,Switch,C00051,52.8,Ballast deficiency,Ballast Defect,Medium,3,3,2,2025-02-17,2025-03-14,109,105,2,Preventive,Yes,Yes,Open
TMS003742,AST003091,Weld,C00065,37.1,Corrective maintenance,Corrective,Medium,3,2,3,2025-06-07,2025-07-04,0,248,4,Corrective,No,Yes,Scheduled
TMS003743,AST001051,Rail,C00094,107.9,Rail crack,Rail Defect,Low,3,2,1,2025-02-08,2025-03-20,103,123,4,Preventive,No,Yes,Scheduled
TMS003744,AST003707,Switch,C00061,40.2,Corrective maintenance,Corrective,Medium,2,3,1,2025-04-07,2025-04-29,63,299,5,Corrective,No,Yes,Open
TMS003745,AST004742,Rail,C00090,32.6,Turnout wear,Turnout/Switch Defect,Critical,3,4,3,2025-06-01,2025-06-05,26,313,6,Corrective,No,Yes,In Progress
TMS003746,AST001793,Rail,C00045,169.2,Sleeper damage,Sleeper Defect,Low,3,2,2,2025-05-03,2025-06-21,0,108,3,Preventive,No,Yes,Completed
TMS003747,AST002369,Weld,C00098,2.4,Gauge defect,Track Geometry,Low,2,2,2,2025-05-11,2025-06-17,0,136,2,Preventive,No,Yes,Completed
TMS003748,AST000563,Ballast,C00009,63.1,Track geometry defect,Track Geometry,Low,2,1,1,2025-03-10,2025-04-20,72,193,3,Preventive,Yes,Yes,Scheduled
TMS003749,AST003029,Track,C00018,56.5,Rail wear,Rail Defect,Medium,2,2,2,2025-06-11,2025-06-25,6,103,2,Preventive,No,Yes,In Progress
TMS003750,AST004592,Switch,C00043,18.7,Preventive maintenance,Preventive,Low,1,1,1,2025-05-14,2025-06-18,13,68,3,Preventive,No,No,Open
TMS003751,AST003522,Turnout,C00066,19.4,Rail crack,Rail Defect,Medium,3,3,1,2025-06-11,2025-07-05,0,207,4,Preventive,Yes,Yes,Deferred
TMS003752,AST002918,Track,C00049,40.0,Rail crack,Rail Defect,Medium,1,3,1,2025-03-13,2025-04-09,83,184,4,Preventive,Yes,Yes,Open
TMS003753,AST003256,Track,C00061,0.3,Rail wear,Rail Defect,Medium,3,4,1,2025-06-19,2025-07-03,0,165,3,Preventive,No,Yes,Scheduled
TMS003754,AST004079,Bridge,C00054,25.4,Rail crack,Rail Defect,Low,1,1,1,2025-06-26,2025-08-12,0,219,3,Preventive,Yes,Yes,Deferred
TMS003755,AST002473,Bridge,C00038,149.2,Gauge defect,Track Geometry,Medium,2,3,2,2025-06-20,2025-07-16,0,185,2,Preventive,No,No,Open
TMS003756,AST004221,Bridge,C00029,92.4,Gauge defect,Track Geometry,Low,2,1,2,2025-05-26,2025-07-05,0,137,3,Preventive,No,Yes,Completed
TMS003757,AST001151,Turnout,C00008,45.1,Track geometry defect,Track Geometry,Low,1,1,1,2025-04-20,2025-06-12,19,254,6,Preventive,Yes,Yes,Open
TMS003758,AST001677,Bridge,C00075,45.6,Drainage issue,Drainage,Low,1,2,1,2025-02-09,2025-04-09,0,50,1,Preventive,Yes,Yes,Completed
TMS003759,AST002865,Switch,C00011,9.8,Scheduled inspection,Inspection,Medium,3,3,3,2025-06-15,2025-07-11,0,93,4,Inspection,No,No,Scheduled
TMS003760,AST000991,Weld,C00076,7.3,Rail crack,Rail Defect,Critical,3,5,4,2025-06-03,2025-06-07,0,219,5,Corrective,Yes,Yes,Completed
TMS003761,AST003590,Switch,C00032,3.5,Ballast deficiency,Ballast Defect,Medium,2,2,1,2025-05-28,2025-06-17,14,169,4,Preventive,Yes,Yes,Deferred
TMS003762,AST001137,Bridge,C00071,17.0,Turnout wear,Turnout/Switch Defect,Low,2,1,2,2025-05-31,2025-07-19,0,239,7,Preventive,Yes,Yes,Completed
TMS003763,AST003077,Ballast,C00083,41.7,Preventive maintenance,Preventive,Medium,4,3,3,2025-05-26,2025-06-11,20,106,5,Preventive,No,Yes,Scheduled
TMS003764,AST000281,Track,C00091,165.5,Rail wear,Rail Defect,Low,4,2,1,2025-06-12,2025-07-29,0,116,2,Preventive,No,Yes,Scheduled
TMS003765,AST003583,Switch,C00030,14.4,Track geometry defect,Track Geometry,High,4,3,1,2025-02-01,2025-02-12,139,254,6,Corrective,Yes,Yes,Scheduled
TMS003766,AST000795,Bridge,C00050,59.0,Alignment defect,Track Geometry,Critical,3,4,3,2025-06-12,2025-06-18,13,281,5,Corrective,No,No,In Progress
TMS003767,AST003649,Weld,C00019,141.1,Gauge defect,Track Geometry,Critical,4,5,4,2025-06-16,2025-06-20,11,154,2,Corrective,No,Yes,Scheduled
TMS003768,AST004744,Crossing,C00005,85.3,Track geometry defect,Track Geometry,Medium,4,3,2,2025-06-30,2025-07-17,0,154,2,Preventive,Yes,No,Completed
TMS003769,AST002436,Bridge,C00018,65.7,Preventive maintenance,Preventive,High,4,4,4,2025-06-27,2025-07-10,0,63,3,Preventive,No,Yes,Open
TMS003770,AST004607,Bridge,C00098,2.4,Weld defect,Rail Defect,Low,3,2,1,2025-06-19,2025-08-09,0,156,4,Preventive,No,Yes,In Progress
TMS003771,AST004436,Track,C00005,84.4,Preventive maintenance,Preventive,Medium,2,2,2,2025-02-20,2025-03-15,108,84,2,Preventive,No,Yes,Scheduled
TMS003772,AST000117,Rail,C00030,69.6,Drainage issue,Drainage,High,2,4,1,2025-03-21,2025-03-31,92,71,1,Corrective,Yes,Yes,Scheduled
TMS003773,AST004062,Turnout,C00050,59.6,Preventive maintenance,Preventive,Medium,3,3,1,2025-05-04,2025-05-22,40,112,2,Preventive,Yes,Yes,Open
TMS003774,AST004433,Track,C00001,291.3,Scheduled inspection,Inspection,Critical,4,5,4,2025-06-29,2025-07-03,0,83,3,Inspection,No,No,Scheduled
TMS003775,AST003592,Switch,C00037,86.5,Sleeper damage,Sleeper Defect,Medium,2,2,2,2025-06-22,2025-07-19,0,120,3,Preventive,No,Yes,Scheduled
TMS003776,AST000841,Turnout,C00029,47.1,Preventive maintenance,Preventive,Medium,2,2,1,2025-06-27,2025-07-25,0,92,2,Preventive,No,No,In Progress
TMS003777,AST003009,Crossing,C00042,69.8,Turnout wear,Turnout/Switch Defect,Medium,2,2,3,2025-02-25,2025-03-19,104,192,3,Preventive,No,Yes,In Progress
TMS003778,AST004134,Bridge,C00057,101.5,Drainage issue,Drainage,Medium,2,2,2,2025-06-03,2025-06-28,3,101,2,Preventive,Yes,Yes,In Progress
TMS003779,AST001233,Rail,C00049,73.6,Sleeper damage,Sleeper Defect,Low,3,1,2,2025-05-13,2025-06-23,8,75,2,Preventive,No,Yes,Open
TMS003780,AST004079,Bridge,C00054,25.4,Weld defect,Rail Defect,Medium,3,3,2,2025-06-05,2025-06-28,3,144,4,Preventive,No,Yes,Open
TMS003781,AST002715,Rail,C00071,2.7,Ballast deficiency,Ballast Defect,Medium,3,4,1,2025-03-10,2025-04-03,89,239,4,Preventive,Yes,Yes,In Progress
TMS003782,AST000513,Track,C00035,81.8,Drainage issue,Drainage,Low,2,1,2,2025-06-18,2025-07-24,0,108,2,Preventive,Yes,Yes,Open
TMS003783,AST004587,Crossing,C00011,27.2,Gauge defect,Track Geometry,High,4,3,3,2025-04-24,2025-05-04,58,181,2,Corrective,No,Yes,Deferred
TMS003784,AST004954,Crossing,C00066,37.7,Drainage issue,Drainage,High,3,4,2,2025-06-21,2025-07-02,0,87,3,Corrective,Yes,Yes,Deferred
TMS003785,AST004517,Track,C00051,21.1,Turnout wear,Turnout/Switch Defect,Medium,2,2,3,2025-06-24,2025-07-14,0,192,3,Preventive,No,Yes,Open
TMS003786,AST005224,Sleeper,C00051,47.9,Scheduled inspection,Inspection,High,4,3,3,2025-02-18,2025-03-02,0,51,1,Inspection,No,No,Completed
TMS003787,AST001542,Bridge,C00085,11.5,Sleeper damage,Sleeper Defect,Medium,4,3,1,2025-06-15,2025-07-01,0,116,3,Preventive,Yes,Yes,Open
TMS003788,AST001323,Rail,C00020,21.0,Rail crack,Rail Defect,Low,3,2,2,2025-03-28,2025-05-09,53,241,4,Preventive,Yes,Yes,Open
TMS003789,AST000728,Sleeper,C00008,95.1,Gauge defect,Track Geometry,High,3,4,2,2025-06-11,2025-06-18,13,139,2,Corrective,No,Yes,Open
TMS003790,AST001336,Track,C00005,62.4,Corrective maintenance,Corrective,Low,1,2,2,2025-03-02,2025-04-10,82,210,5,Corrective,No,Yes,Open
TMS003791,AST000158,Track,C00051,7.3,Preventive maintenance,Preventive,Low,1,2,2,2025-05-27,2025-06-25,6,38,3,Preventive,No,Yes,Scheduled
TMS003792,AST001896,Turnout,C00085,70.8,Drainage issue,Drainage,Low,3,2,1,2025-02-01,2025-03-06,0,115,3,Preventive,Yes,Yes,Completed
TMS003793,AST001130,Track,C00069,8.4,Corrective maintenance,Corrective,Low,2,1,1,2025-06-03,2025-07-19,0,118,2,Corrective,No,Yes,Open
TMS003794,AST004366,Bridge,C00011,292.8,Preventive maintenance,Preventive,Medium,4,3,1,2025-05-23,2025-06-15,0,90,3,Preventive,Yes,No,Completed
TMS003795,AST000221,Weld,C00036,36.1,Ballast deficiency,Ballast Defect,High,3,3,2,2025-06-20,2025-06-28,3,125,4,Corrective,Yes,Yes,In Progress
TMS003796,AST002682,Rail,C00052,27.1,Gauge defect,Track Geometry,Critical,4,5,2,2025-06-16,2025-06-21,10,208,4,Corrective,No,Yes,Deferred
TMS003797,AST002445,Turnout,C00020,70.5,Drainage issue,Drainage,Medium,3,3,1,2025-06-16,2025-07-07,0,70,2,Preventive,Yes,Yes,Completed
TMS003798,AST002010,Switch,C00038,129.0,Weld defect,Rail Defect,Low,4,1,3,2025-06-20,2025-07-26,0,80,3,Preventive,No,Yes,Scheduled
TMS003799,AST003253,Weld,C00098,0.7,Track geometry defect,Track Geometry,Critical,4,5,3,2025-06-20,2025-06-24,7,344,5,Corrective,Yes,Yes,Scheduled
TMS003800,AST000659,Crossing,C00040,29.6,Scheduled inspection,Inspection,Low,2,1,2,2025-03-06,2025-04-30,0,82,2,Inspection,No,No,Completed
TMS003801,AST003911,Sleeper,C00040,40.6,Alignment defect,Track Geometry,Medium,3,3,1,2025-06-15,2025-07-03,0,160,2,Preventive,Yes,Yes,Completed
TMS003802,AST001151,Turnout,C00008,45.1,Drainage issue,Drainage,Low,3,1,2,2025-04-23,2025-05-31,0,79,1,Preventive,Yes,Yes,Completed
TMS003803,AST001676,Rail,C00078,40.2,Corrective maintenance,Corrective,High,3,4,2,2025-06-20,2025-06-30,1,282,4,Corrective,No,Yes,Deferred
TMS003804,AST000477,Crossing,C00011,110.6,Alignment defect,Track Geometry,High,4,4,2,2025-06-25,2025-07-05,0,168,2,Corrective,Yes,Yes,Completed
TMS003805,AST002612,Sleeper,C00016,38.0,Turnout wear,Turnout/Switch Defect,Critical,5,4,5,2025-05-16,2025-05-22,40,223,5,Corrective,No,No,In Progress
TMS003806,AST004439,Weld,C00071,15.1,Corrective maintenance,Corrective,Medium,2,2,1,2025-06-18,2025-07-13,0,287,6,Corrective,No,Yes,Open
TMS003807,AST004168,Bridge,C00080,28.2,Ballast deficiency,Ballast Defect,Low,2,2,3,2025-06-29,2025-08-28,0,51,2,Preventive,Yes,Yes,Open
TMS003808,AST004895,Sleeper,C00093,70.6,Corrective maintenance,Corrective,Critical,5,4,4,2025-06-26,2025-07-02,0,360,6,Corrective,No,Yes,Open
TMS003809,AST002428,Switch,C00070,23.7,Ballast deficiency,Ballast Defect,Medium,3,3,3,2025-05-10,2025-05-26,0,126,5,Preventive,Yes,Yes,Completed
TMS003810,AST005082,Rail,C00066,39.5,Ballast deficiency,Ballast Defect,Medium,2,3,2,2025-05-24,2025-06-18,0,97,3,Preventive,Yes,Yes,Completed
TMS003811,AST003557,Switch,C00087,93.1,Weld defect,Rail Defect,Medium,2,2,1,2025-06-08,2025-06-30,1,89,3,Preventive,No,No,Scheduled
TMS003812,AST000645,Sleeper,C00092,72.6,Scheduled inspection,Inspection,High,3,3,2,2025-05-19,2025-05-31,0,60,4,Inspection,No,No,Completed
TMS003813,AST004714,Switch,C00096,36.3,Rail wear,Rail Defect,Medium,4,4,2,2025-04-23,2025-05-22,0,163,4,Preventive,Yes,Yes,Completed
TMS003814,AST002650,Switch,C00070,1.5,Rail crack,Rail Defect,Low,2,2,2,2025-06-25,2025-08-16,0,216,4,Preventive,Yes,Yes,Completed
TMS003815,AST004148,Sleeper,C00015,165.7,Weld defect,Rail Defect,Critical,3,5,4,2025-03-07,2025-03-11,112,228,4,Corrective,No,Yes,Open
TMS003816,AST004166,Rail,C00048,48.4,Scheduled inspection,Inspection,Low,2,2,1,2025-06-29,2025-08-01,0,89,3,Inspection,Yes,Yes,Open
TMS003817,AST002927,Ballast,C00085,49.3,Alignment defect,Track Geometry,High,3,4,2,2025-02-08,2025-02-19,132,142,5,Corrective,Yes,Yes,In Progress
TMS003818,AST001087,Sleeper,C00060,28.2,Gauge defect,Track Geometry,Medium,4,4,2,2025-02-26,2025-03-24,0,152,5,Preventive,No,Yes,Completed
TMS003819,AST001960,Ballast,C00037,40.6,Track geometry defect,Track Geometry,Medium,3,3,2,2025-06-20,2025-07-14,0,221,2,Preventive,Yes,Yes,Deferred
TMS003820,AST002172,Ballast,C00068,90.1,Sleeper damage,Sleeper Defect,Medium,3,2,1,2025-05-25,2025-06-10,21,83,1,Preventive,No,Yes,Scheduled
TMS003821,AST004603,Rail,C00051,27.8,Scheduled inspection,Inspection,Medium,1,2,2,2025-06-03,2025-06-28,3,77,5,Inspection,No,No,Open
TMS003822,AST002674,Crossing,C00064,26.5,Turnout wear,Turnout/Switch Defect,High,3,4,4,2025-06-20,2025-07-02,0,301,5,Corrective,No,Yes,Completed
TMS003823,AST001697,Weld,C00052,99.6,Rail wear,Rail Defect,High,3,4,3,2025-04-25,2025-05-03,0,150,3,Corrective,No,No,Completed
TMS003824,AST003400,Weld,C00024,40.7,Sleeper damage,Sleeper Defect,Medium,3,3,2,2025-04-01,2025-04-28,64,62,4,Preventive,No,Yes,Open
TMS003825,AST001638,Crossing,C00005,71.9,Rail wear,Rail Defect,Medium,2,2,2,2025-06-13,2025-07-03,0,98,3,Preventive,No,Yes,Completed
TMS003826,AST003029,Track,C00018,56.5,Ballast deficiency,Ballast Defect,Medium,3,2,3,2025-06-30,2025-07-22,0,139,4,Preventive,Yes,Yes,Completed
TMS003827,AST005210,Switch,C00060,32.4,Turnout wear,Turnout/Switch Defect,Medium,4,3,1,2025-03-28,2025-04-18,74,222,3,Preventive,No,Yes,In Progress
TMS003828,AST002456,Ballast,C00050,54.6,Scheduled inspection,Inspection,Low,3,2,1,2025-06-01,2025-07-20,0,58,4,Inspection,No,Yes,Open
TMS003829,AST000660,Sleeper,C00054,26.6,Rail crack,Rail Defect,Medium,2,2,2,2025-06-14,2025-07-09,0,212,4,Preventive,Yes,Yes,In Progress
TMS003830,AST001666,Turnout,C00001,415.2,Scheduled inspection,Inspection,Critical,4,4,3,2025-05-12,2025-05-15,47,46,2,Inspection,No,No,Scheduled
TMS003831,AST000750,Rail,C00075,127.1,Alignment defect,Track Geometry,Medium,2,2,1,2025-02-16,2025-03-10,113,149,5,Preventive,No,Yes,In Progress
TMS003832,AST003306,Turnout,C00055,98.5,Sleeper damage,Sleeper Defect,High,3,3,1,2025-06-26,2025-07-08,0,121,3,Corrective,No,Yes,Open
TMS003833,AST003748,Track,C00056,8.8,Drainage issue,Drainage,Medium,1,3,2,2025-03-29,2025-04-20,72,82,3,Preventive,No,Yes,Scheduled
TMS003834,AST001083,Ballast,C00036,41.9,Drainage issue,Drainage,Medium,3,3,2,2025-02-18,2025-03-13,0,120,4,Preventive,Yes,Yes,Completed
TMS003835,AST002473,Bridge,C00038,149.2,Gauge defect,Track Geometry,Low,2,1,2,2025-05-29,2025-07-09,0,247,5,Preventive,No,Yes,In Progress
TMS003836,AST003750,Sleeper,C00073,68.3,Rail wear,Rail Defect,Medium,2,1,2,2025-05-23,2025-06-17,0,181,1,Preventive,No,Yes,Completed
TMS003837,AST002762,Turnout,C00011,141.7,Alignment defect,Track Geometry,Medium,5,3,2,2025-03-02,2025-03-28,95,193,4,Preventive,No,Yes,Scheduled
TMS003838,AST001696,Turnout,C00099,11.8,Ballast deficiency,Ballast Defect,Low,3,2,1,2025-06-26,2025-08-20,0,184,1,Preventive,Yes,Yes,In Progress
TMS003839,AST003975,Turnout,C00010,39.1,Weld defect,Rail Defect,Low,4,1,2,2025-06-12,2025-07-23,0,120,2,Preventive,No,Yes,Scheduled
TMS003840,AST005220,Rail,C00041,12.1,Weld defect,Rail Defect,Medium,3,2,2,2025-03-04,2025-03-31,92,37,3,Preventive,Yes,Yes,Scheduled
TMS003841,AST001991,Turnout,C00091,203.0,Rail crack,Rail Defect,Low,3,2,1,2025-06-11,2025-08-01,0,221,5,Preventive,Yes,Yes,Open
TMS003842,AST001147,Switch,C00010,57.3,Drainage issue,Drainage,Medium,3,3,1,2025-06-13,2025-07-07,0,88,4,Preventive,Yes,Yes,Open
TMS003843,AST000507,Bridge,C00050,47.9,Weld defect,Rail Defect,Medium,4,1,1,2025-06-09,2025-07-01,0,152,2,Preventive,No,Yes,Deferred
TMS003844,AST002764,Turnout,C00019,116.8,Turnout wear,Turnout/Switch Defect,High,3,3,2,2025-05-04,2025-05-18,44,258,3,Corrective,No,Yes,Scheduled
TMS003845,AST001713,Sleeper,C00042,22.1,Ballast deficiency,Ballast Defect,Low,3,2,1,2025-06-02,2025-07-23,0,181,3,Preventive,Yes,Yes,Open
TMS003846,AST001580,Track,C00022,142.9,Preventive maintenance,Preventive,Critical,3,5,4,2025-05-22,2025-05-27,35,76,4,Preventive,No,Yes,Open
TMS003847,AST004115,Sleeper,C00078,22.0,Preventive maintenance,Preventive,High,2,5,2,2025-05-03,2025-05-11,51,88,3,Preventive,Yes,Yes,Open
TMS003848,AST000201,Ballast,C00003,54.9,Drainage issue,Drainage,Medium,4,3,2,2025-06-24,2025-07-13,0,85,2,Preventive,Yes,Yes,In Progress
TMS003849,AST002952,Bridge,C00084,157.9,Ballast deficiency,Ballast Defect,Medium,1,3,1,2025-05-21,2025-06-13,18,79,3,Preventive,Yes,Yes,Open
TMS003850,AST004360,Rail,C00056,18.8,Weld defect,Rail Defect,Low,2,1,2,2025-05-29,2025-07-24,0,102,3,Preventive,No,Yes,Open
TMS003851,AST002057,Switch,C00080,53.9,Corrective maintenance,Corrective,Low,2,2,1,2025-06-28,2025-08-10,0,258,7,Corrective,No,Yes,Scheduled
TMS003852,AST000543,Rail,C00078,126.8,Turnout wear,Turnout/Switch Defect,Medium,3,2,3,2025-06-23,2025-07-09,0,202,4,Preventive,Yes,Yes,Completed
TMS003853,AST004748,Ballast,C00048,97.9,Corrective maintenance,Corrective,Low,2,1,2,2025-06-09,2025-08-04,0,214,5,Corrective,No,Yes,Scheduled
TMS003854,AST000094,Weld,C00078,85.3,Ballast deficiency,Ballast Defect,High,3,4,2,2025-05-25,2025-06-03,0,228,5,Corrective,Yes,Yes,Completed
TMS003855,AST001788,Ballast,C00066,15.3,Sleeper damage,Sleeper Defect,Low,2,2,2,2025-05-28,2025-07-15,0,106,2,Preventive,Yes,Yes,Open
TMS003856,AST001058,Bridge,C00022,165.0,Weld defect,Rail Defect,Medium,4,4,2,2025-06-02,2025-06-25,6,142,4,Preventive,No,Yes,Open
TMS003857,AST004680,Crossing,C00096,75.8,Track geometry defect,Track Geometry,Critical,4,4,5,2025-05-04,2025-05-09,53,203,4,Corrective,Yes,Yes,Open
TMS003858,AST001694,Rail,C00009,43.4,Scheduled inspection,Inspection,Critical,3,4,3,2025-05-07,2025-05-12,50,106,4,Inspection,Yes,No,Open
TMS003859,AST000531,Weld,C00010,33.4,Rail crack,Rail Defect,Medium,3,3,3,2025-05-04,2025-05-29,33,157,4,Preventive,Yes,Yes,Open
TMS003860,AST003568,Rail,C00017,3.8,Scheduled inspection,Inspection,High,3,4,3,2025-02-03,2025-02-15,136,53,3,Inspection,Yes,No,Open
TMS003861,AST004878,Switch,C00097,6.0,Corrective maintenance,Corrective,Medium,2,2,2,2025-06-15,2025-07-13,0,255,4,Corrective,No,Yes,Completed
TMS003862,AST003005,Crossing,C00076,2.2,Weld defect,Rail Defect,Medium,2,3,1,2025-05-27,2025-06-21,10,91,2,Preventive,No,Yes,Open
TMS003863,AST004921,Turnout,C00047,27.7,Gauge defect,Track Geometry,Low,2,2,1,2025-05-16,2025-06-29,0,178,3,Preventive,No,Yes,Completed
TMS003864,AST000772,Sleeper,C00011,110.4,Turnout wear,Turnout/Switch Defect,Medium,4,2,2,2025-04-27,2025-05-17,0,209,2,Preventive,No,Yes,Completed
TMS003865,AST003445,Weld,C00085,80.7,Preventive maintenance,Preventive,Medium,4,2,2,2025-05-09,2025-06-01,30,63,4,Preventive,No,Yes,Open
TMS003866,AST003209,Rail,C00065,29.4,Sleeper damage,Sleeper Defect,High,1,3,2,2025-03-11,2025-03-21,102,140,1,Corrective,No,Yes,Open
TMS003867,AST001138,Ballast,C00013,94.2,Turnout wear,Turnout/Switch Defect,Low,1,2,2,2025-05-26,2025-07-02,0,209,5,Preventive,No,Yes,Completed
TMS003868,AST002446,Rail,C00050,13.7,Corrective maintenance,Corrective,Low,4,2,2,2025-05-05,2025-06-21,10,211,4,Corrective,No,Yes,Open
TMS003869,AST004944,Turnout,C00039,29.8,Scheduled inspection,Inspection,Low,2,2,1,2025-05-02,2025-06-15,16,86,3,Inspection,Yes,Yes,Scheduled
TMS003870,AST002385,Bridge,C00094,101.9,Rail crack,Rail Defect,Medium,3,3,2,2025-06-16,2025-07-10,0,220,4,Preventive,Yes,Yes,Scheduled
TMS003871,AST004186,Weld,C00042,3.5,Turnout wear,Turnout/Switch Defect,High,2,4,4,2025-03-31,2025-04-13,79,296,5,Corrective,No,Yes,Open
TMS003872,AST004238,Track,C00002,92.0,Preventive maintenance,Preventive,Low,2,1,2,2025-05-28,2025-07-01,0,107,2,Preventive,No,Yes,In Progress
TMS003873,AST002766,Crossing,C00067,44.1,Scheduled inspection,Inspection,Low,2,1,1,2025-05-22,2025-07-07,0,96,3,Inspection,No,Yes,Open
TMS003874,AST004688,Ballast,C00052,203.5,Rail wear,Rail Defect,Medium,2,2,3,2025-06-12,2025-07-02,0,235,2,Preventive,No,Yes,Open
TMS003875,AST001108,Track,C00044,1.9,Corrective maintenance,Corrective,Critical,3,4,2,2025-06-29,2025-07-02,0,312,5,Corrective,No,Yes,Open
TMS003876,AST001147,Switch,C00010,57.3,Sleeper damage,Sleeper Defect,Low,1,1,2,2025-06-01,2025-07-12,0,160,3,Preventive,No,Yes,Scheduled
TMS003877,AST000323,Ballast,C00053,63.0,Sleeper damage,Sleeper Defect,Medium,1,3,2,2025-04-09,2025-05-06,0,54,4,Preventive,No,Yes,Completed
TMS003878,AST005167,Switch,C00049,30.2,Preventive maintenance,Preventive,Medium,3,3,1,2025-06-13,2025-07-01,0,115,4,Preventive,No,Yes,Scheduled
TMS003879,AST002054,Switch,C00081,14.1,Drainage issue,Drainage,Medium,3,1,2,2025-06-15,2025-07-06,0,46,3,Preventive,No,Yes,Open
TMS003880,AST001541,Bridge,C00002,6.2,Sleeper damage,Sleeper Defect,Low,1,2,1,2025-06-01,2025-07-28,0,153,3,Preventive,No,Yes,In Progress
TMS003881,AST000766,Rail,C00031,9.1,Rail wear,Rail Defect,Low,3,2,2,2025-04-05,2025-05-23,39,141,2,Preventive,Yes,Yes,Scheduled
TMS003882,AST002092,Turnout,C00099,13.5,Drainage issue,Drainage,Low,1,1,2,2025-06-04,2025-07-11,0,79,2,Preventive,Yes,Yes,Scheduled
TMS003883,AST003400,Weld,C00024,40.7,Corrective maintenance,Corrective,Low,2,2,1,2025-06-16,2025-08-03,0,238,5,Corrective,No,Yes,Completed
TMS003884,AST001750,Switch,C00053,93.9,Rail crack,Rail Defect,Medium,2,3,3,2025-05-15,2025-06-05,0,212,5,Preventive,Yes,Yes,Completed
TMS003885,AST004212,Track,C00020,34.7,Rail wear,Rail Defect,Critical,3,3,3,2025-05-19,2025-05-24,38,175,4,Corrective,Yes,Yes,Open
TMS003886,AST003079,Sleeper,C00002,23.5,Weld defect,Rail Defect,High,3,4,2,2025-06-24,2025-07-04,0,188,3,Corrective,No,Yes,In Progress
TMS003887,AST003745,Switch,C00022,56.4,Rail crack,Rail Defect,Low,3,1,2,2025-04-28,2025-06-10,21,219,4,Preventive,No,Yes,In Progress
TMS003888,AST004084,Rail,C00061,12.9,Rail wear,Rail Defect,Low,2,2,1,2025-02-06,2025-03-19,104,140,4,Preventive,No,Yes,Scheduled
TMS003889,AST000975,Sleeper,C00092,4.4,Alignment defect,Track Geometry,Low,2,1,2,2025-06-10,2025-07-15,0,122,4,Preventive,Yes,Yes,In Progress
TMS003890,AST001877,Track,C00065,23.5,Rail crack,Rail Defect,Medium,2,2,2,2025-06-03,2025-06-21,0,206,3,Preventive,Yes,Yes,Completed
TMS003891,AST001956,Rail,C00050,14.3,Turnout wear,Turnout/Switch Defect,Low,2,1,1,2025-06-30,2025-08-08,0,209,2,Preventive,No,Yes,Open
TMS003892,AST004187,Rail,C00100,6.1,Drainage issue,Drainage,Low,3,2,1,2025-05-08,2025-06-25,6,44,3,Preventive,No,Yes,In Progress
TMS003893,AST004557,Crossing,C00080,42.9,Track geometry defect,Track Geometry,High,4,3,2,2025-05-05,2025-05-16,0,290,5,Corrective,Yes,Yes,Completed
TMS003894,AST004753,Track,C00100,1.6,Rail wear,Rail Defect,Medium,1,3,1,2025-06-18,2025-07-12,0,194,3,Preventive,No,Yes,Completed
TMS003895,AST005209,Crossing,C00098,1.9,Rail crack,Rail Defect,Critical,3,4,4,2025-02-28,2025-03-05,0,220,4,Corrective,Yes,Yes,Completed
TMS003896,AST002089,Ballast,C00078,139.0,Corrective maintenance,Corrective,Medium,2,2,2,2025-04-03,2025-04-29,63,196,5,Corrective,No,Yes,Open
TMS003897,AST001284,Ballast,C00011,273.2,Corrective maintenance,Corrective,Medium,5,3,2,2025-04-05,2025-05-02,0,207,2,Corrective,No,Yes,Completed
TMS003898,AST000465,Crossing,C00070,28.4,Scheduled inspection,Inspection,Medium,2,3,3,2025-02-08,2025-03-07,116,50,3,Inspection,No,No,Open
TMS003899,AST004510,Turnout,C00051,12.2,Corrective maintenance,Corrective,Low,2,2,1,2025-05-04,2025-06-16,15,251,3,Corrective,Yes,Yes,Deferred
TMS003900,AST003799,Ballast,C00080,63.0,Track geometry defect,Track Geometry,High,2,2,3,2025-04-27,2025-05-09,53,170,4,Corrective,Yes,Yes,In Progress
TMS003901,AST004598,Track,C00094,9.7,Weld defect,Rail Defect,Medium,4,4,1,2025-06-20,2025-07-05,0,143,4,Preventive,No,Yes,Completed
TMS003902,AST003425,Switch,C00063,23.6,Scheduled inspection,Inspection,Medium,3,3,1,2025-06-30,2025-07-20,0,57,1,Inspection,Yes,Yes,Completed
TMS003903,AST003143,Ballast,C00068,138.6,Turnout wear,Turnout/Switch Defect,Low,3,2,1,2025-02-07,2025-03-22,101,171,4,Preventive,No,Yes,In Progress
TMS003904,AST003371,Track,C00046,2.8,Alignment defect,Track Geometry,Low,3,3,1,2025-06-14,2025-08-04,0,159,3,Preventive,Yes,Yes,Open
TMS003905,AST000090,Turnout,C00057,129.5,Ballast deficiency,Ballast Defect,Low,3,2,1,2025-06-07,2025-07-24,0,189,5,Preventive,Yes,Yes,Scheduled
TMS003906,AST002280,Weld,C00002,31.8,Corrective maintenance,Corrective,Low,1,2,1,2025-06-11,2025-07-25,0,314,5,Corrective,No,Yes,Scheduled
TMS003907,AST002398,Track,C00042,27.9,Scheduled inspection,Inspection,Low,3,1,1,2025-06-10,2025-07-24,0,68,3,Inspection,No,Yes,In Progress
TMS003908,AST004556,Sleeper,C00051,30.4,Ballast deficiency,Ballast Defect,Medium,2,3,2,2025-03-08,2025-03-28,95,162,4,Preventive,No,Yes,Scheduled
TMS003909,AST005225,Ballast,C00061,45.5,Scheduled inspection,Inspection,Low,3,2,1,2025-06-17,2025-07-27,0,51,2,Inspection,No,No,Open
TMS003910,AST004424,Switch,C00068,111.7,Corrective maintenance,Corrective,Low,1,1,1,2025-06-16,2025-07-24,0,300,4,Corrective,Yes,Yes,Open
TMS003911,AST002710,Switch,C00015,150.9,Weld defect,Rail Defect,Medium,3,3,2,2025-05-30,2025-06-19,12,190,3,Preventive,No,Yes,Open
TMS003912,AST002038,Switch,C00071,7.3,Preventive maintenance,Preventive,High,2,4,2,2025-06-19,2025-06-28,3,44,2,Preventive,No,Yes,Open
TMS003913,AST005104,Ballast,C00072,7.2,Rail crack,Rail Defect,Medium,2,3,3,2025-03-22,2025-04-15,77,153,4,Preventive,Yes,Yes,Scheduled
TMS003914,AST002734,Crossing,C00094,119.9,Gauge defect,Track Geometry,Medium,4,2,2,2025-06-30,2025-07-25,0,132,3,Preventive,No,Yes,Deferred
TMS003915,AST003725,Crossing,C00049,68.3,Preventive maintenance,Preventive,Low,5,3,1,2025-06-28,2025-08-10,0,126,2,Preventive,Yes,Yes,Open
TMS003916,AST003432,Turnout,C00008,93.3,Preventive maintenance,Preventive,Low,2,2,1,2025-05-30,2025-07-15,0,68,3,Preventive,No,Yes,Open
TMS003917,AST000517,Track,C00076,76.9,Preventive maintenance,Preventive,Medium,4,2,1,2025-03-23,2025-04-09,83,105,2,Preventive,No,Yes,Scheduled
TMS003918,AST004376,Turnout,C00098,3.9,Corrective maintenance,Corrective,Critical,3,4,3,2025-06-19,2025-06-24,7,239,2,Corrective,No,Yes,Open
TMS003919,AST000309,Weld,C00035,23.3,Preventive maintenance,Preventive,Critical,4,4,3,2025-05-02,2025-05-05,57,79,3,Preventive,No,Yes,Scheduled
TMS003920,AST004714,Switch,C00096,36.3,Weld defect,Rail Defect,High,3,3,4,2025-06-18,2025-06-30,0,58,3,Corrective,No,Yes,Completed
TMS003921,AST003799,Ballast,C00080,63.0,Rail crack,Rail Defect,Medium,3,2,2,2025-06-19,2025-07-10,0,178,4,Preventive,No,Yes,Open
TMS003922,AST004214,Sleeper,C00048,20.2,Rail wear,Rail Defect,Critical,3,5,2,2025-06-09,2025-06-15,16,182,4,Corrective,No,Yes,Open
TMS003923,AST001909,Turnout,C00029,54.9,Sleeper damage,Sleeper Defect,Low,2,2,3,2025-06-27,2025-08-05,0,138,4,Preventive,No,Yes,In Progress
TMS003924,AST004497,Weld,C00093,15.1,Gauge defect,Track Geometry,High,3,4,3,2025-03-25,2025-04-06,86,230,5,Corrective,No,Yes,In Progress
TMS003925,AST003405,Rail,C00093,32.6,Alignment defect,Track Geometry,High,3,3,2,2025-06-29,2025-07-07,0,247,5,Corrective,Yes,Yes,In Progress
TMS003926,AST003870,Switch,C00046,13.9,Rail wear,Rail Defect,High,4,3,3,2025-05-11,2025-05-22,0,163,3,Corrective,No,Yes,Completed
TMS003927,AST004428,Weld,C00009,13.4,Ballast deficiency,Ballast Defect,Low,2,1,1,2025-03-10,2025-04-16,76,213,3,Preventive,Yes,Yes,Open
TMS003928,AST004148,Sleeper,C00015,165.7,Preventive maintenance,Preventive,Low,3,1,2,2025-06-20,2025-07-18,0,66,1,Preventive,No,Yes,In Progress
TMS003929,AST003689,Sleeper,C00047,29.7,Scheduled inspection,Inspection,High,1,3,3,2025-05-10,2025-05-18,44,79,2,Inspection,No,Yes,Open
TMS003930,AST001556,Track,C00096,114.2,Preventive maintenance,Preventive,Medium,3,3,3,2025-05-03,2025-05-27,35,77,2,Preventive,No,No,Open
TMS003931,AST004404,Switch,C00087,55.3,Weld defect,Rail Defect,Low,2,2,1,2025-05-23,2025-07-14,0,156,3,Preventive,No,Yes,Scheduled
TMS003932,AST003395,Crossing,C00023,18.9,Ballast deficiency,Ballast Defect,Low,2,2,1,2025-05-04,2025-06-16,15,123,2,Preventive,Yes,Yes,Open
TMS003933,AST004928,Turnout,C00099,9.1,Gauge defect,Track Geometry,Medium,2,1,2,2025-05-04,2025-05-24,38,187,4,Preventive,No,Yes,Open
TMS003934,AST004531,Rail,C00066,46.3,Corrective maintenance,Corrective,Critical,3,4,4,2025-04-10,2025-04-13,0,345,5,Corrective,No,Yes,Completed
TMS003935,AST005033,Ballast,C00069,273.0,Preventive maintenance,Preventive,Medium,2,2,2,2025-03-24,2025-04-14,78,98,4,Preventive,No,Yes,Open
TMS003936,AST001099,Sleeper,C00086,72.6,Turnout wear,Turnout/Switch Defect,Low,2,3,2,2025-04-30,2025-06-15,16,213,5,Preventive,No,Yes,Scheduled
TMS003937,AST003197,Rail,C00052,32.3,Gauge defect,Track Geometry,Low,2,2,1,2025-06-27,2025-08-22,0,146,3,Preventive,Yes,Yes,Completed
TMS003938,AST002757,Bridge,C00076,20.2,Sleeper damage,Sleeper Defect,Medium,2,2,2,2025-02-07,2025-03-06,117,53,3,Preventive,No,Yes,In Progress
TMS003939,AST004355,Track,C00065,29.4,Drainage issue,Drainage,Medium,3,3,2,2025-06-21,2025-07-13,0,79,3,Preventive,Yes,Yes,Scheduled
TMS003940,AST000438,Turnout,C00095,50.7,Sleeper damage,Sleeper Defect,Medium,1,2,2,2025-06-08,2025-06-30,1,85,2,Preventive,No,Yes,Open
TMS003941,AST002623,Bridge,C00031,60.4,Corrective maintenance,Corrective,Medium,2,2,2,2025-02-04,2025-02-28,123,271,3,Corrective,Yes,Yes,Open
TMS003942,AST000444,Rail,C00078,136.9,Rail crack,Rail Defect,Medium,2,4,2,2025-05-12,2025-06-04,27,163,4,Preventive,Yes,Yes,Scheduled
TMS003943,AST004113,Bridge,C00090,75.6,Ballast deficiency,Ballast Defect,Low,4,2,2,2025-05-20,2025-07-10,0,217,3,Preventive,Yes,Yes,Deferred
TMS003944,AST000622,Crossing,C00019,117.1,Rail wear,Rail Defect,Critical,4,3,3,2025-02-16,2025-02-20,131,212,3,Corrective,No,Yes,Open
TMS003945,AST001003,Sleeper,C00054,8.8,Rail crack,Rail Defect,Low,1,2,1,2025-05-26,2025-06-29,2,246,5,Preventive,Yes,Yes,Open
TMS003946,AST003445,Weld,C00085,80.7,Track geometry defect,Track Geometry,High,3,5,2,2025-05-18,2025-06-02,29,327,2,Corrective,Yes,No,Scheduled
TMS003947,AST002787,Rail,C00072,44.9,Rail crack,Rail Defect,Medium,3,3,1,2025-05-16,2025-06-10,21,171,1,Preventive,Yes,Yes,Open
TMS003948,AST001660,Turnout,C00018,19.5,Track geometry defect,Track Geometry,Medium,5,3,2,2025-04-09,2025-04-24,68,237,4,Preventive,Yes,Yes,Open
TMS003949,AST004105,Ballast,C00067,33.3,Turnout wear,Turnout/Switch Defect,Low,4,1,1,2025-05-16,2025-06-30,1,224,4,Preventive,No,Yes,Scheduled
TMS003950,AST003091,Weld,C00065,37.1,Ballast deficiency,Ballast Defect,High,4,4,4,2025-02-26,2025-03-09,0,181,3,Corrective,Yes,Yes,Completed
TMS003951,AST001415,Switch,C00057,111.0,Alignment defect,Track Geometry,Critical,4,4,3,2025-06-30,2025-07-03,0,243,6,Corrective,No,Yes,Open
TMS003952,AST003052,Ballast,C00019,39.9,Rail crack,Rail Defect,Low,2,2,3,2025-06-02,2025-07-12,0,215,4,Preventive,No,Yes,Open
TMS003953,AST002213,Bridge,C00070,14.5,Rail crack,Rail Defect,Medium,4,2,2,2025-03-06,2025-03-27,0,166,4,Preventive,Yes,Yes,Completed
TMS003954,AST005060,Sleeper,C00073,53.9,Sleeper damage,Sleeper Defect,Medium,4,2,2,2025-05-02,2025-05-31,31,162,4,Preventive,No,Yes,In Progress
TMS003955,AST001526,Crossing,C00020,81.7,Drainage issue,Drainage,Medium,3,2,2,2025-06-16,2025-07-12,0,107,2,Preventive,Yes,Yes,Scheduled
TMS003956,AST001473,Turnout,C00047,52.8,Ballast deficiency,Ballast Defect,Medium,2,2,2,2025-05-23,2025-06-16,15,172,4,Preventive,No,Yes,Open
TMS003957,AST001732,Weld,C00049,8.3,Rail crack,Rail Defect,High,5,4,2,2025-03-06,2025-03-17,106,207,4,Corrective,Yes,Yes,Scheduled
TMS003958,AST001086,Bridge,C00056,30.2,Corrective maintenance,Corrective,Low,3,1,1,2025-06-29,2025-08-07,0,232,6,Corrective,No,Yes,Completed
TMS003959,AST004847,Crossing,C00055,84.7,Rail crack,Rail Defect,Medium,1,2,2,2025-06-16,2025-07-07,0,162,4,Preventive,No,No,Open
TMS003960,AST000586,Crossing,C00051,1.8,Corrective maintenance,Corrective,Low,3,2,2,2025-05-17,2025-06-23,8,255,7,Corrective,No,Yes,Open
TMS003961,AST004756,Ballast,C00015,28.0,Scheduled inspection,Inspection,Medium,4,3,2,2025-06-17,2025-07-05,0,96,2,Inspection,No,No,Open
TMS003962,AST002350,Track,C00096,13.9,Turnout wear,Turnout/Switch Defect,Medium,2,4,4,2025-05-20,2025-06-11,20,190,2,Preventive,No,Yes,Open
TMS003963,AST000710,Rail,C00016,14.5,Alignment defect,Track Geometry,Low,3,3,3,2025-06-27,2025-08-01,0,161,1,Preventive,Yes,Yes,Open
TMS003964,AST004403,Switch,C00043,11.4,Drainage issue,Drainage,High,4,4,3,2025-06-22,2025-07-03,0,122,4,Corrective,Yes,No,Open
TMS003965,AST003096,Switch,C00037,64.5,Preventive maintenance,Preventive,Critical,5,4,4,2025-06-12,2025-06-18,13,145,3,Preventive,No,Yes,In Progress
TMS003966,AST003416,Ballast,C00053,68.2,Ballast deficiency,Ballast Defect,High,4,4,3,2025-03-21,2025-04-01,91,201,3,Corrective,Yes,Yes,In Progress
TMS003967,AST002681,Crossing,C00085,126.3,Preventive maintenance,Preventive,High,3,3,2,2025-06-01,2025-06-14,17,40,2,Preventive,No,Yes,Open
TMS003968,AST001512,Crossing,C00097,13.9,Rail wear,Rail Defect,Medium,3,1,2,2025-05-04,2025-05-27,35,177,3,Preventive,No,Yes,In Progress
TMS003969,AST004748,Ballast,C00048,97.9,Rail wear,Rail Defect,High,3,4,2,2025-05-13,2025-05-22,40,156,4,Corrective,No,Yes,Open
TMS003970,AST002582,Bridge,C00001,193.0,Weld defect,Rail Defect,High,4,4,2,2025-05-12,2025-05-26,36,68,2,Corrective,Yes,Yes,In Progress
TMS003971,AST001209,Turnout,C00015,128.7,Drainage issue,Drainage,Low,2,2,1,2025-06-28,2025-08-07,0,98,2,Preventive,Yes,Yes,In Progress
TMS003972,AST001056,Track,C00027,54.8,Sleeper damage,Sleeper Defect,Medium,3,3,2,2025-03-18,2025-04-16,76,126,2,Preventive,No,Yes,Open
TMS003973,AST004146,Crossing,C00068,23.7,Sleeper damage,Sleeper Defect,Medium,4,3,2,2025-06-19,2025-07-07,0,141,4,Preventive,No,Yes,Deferred
TMS003974,AST003968,Ballast,C00070,21.7,Alignment defect,Track Geometry,High,2,4,3,2025-02-25,2025-03-06,117,203,5,Corrective,Yes,Yes,In Progress
TMS003975,AST000308,Switch,C00063,106.0,Scheduled inspection,Inspection,Medium,2,2,2,2025-06-30,2025-07-25,0,71,3,Inspection,No,No,In Progress
TMS003976,AST001698,Weld,C00090,66.6,Ballast deficiency,Ballast Defect,Medium,3,2,2,2025-02-13,2025-03-07,116,113,3,Preventive,No,No,Open
TMS003977,AST002184,Turnout,C00049,58.6,Sleeper damage,Sleeper Defect,Critical,5,4,4,2025-06-30,2025-07-05,0,130,3,Corrective,No,Yes,In Progress
TMS003978,AST004804,Track,C00066,26.8,Rail crack,Rail Defect,High,3,3,3,2025-05-16,2025-05-24,38,143,3,Corrective,No,Yes,Open
TMS003979,AST002935,Rail,C00046,24.7,Rail wear,Rail Defect,High,4,5,3,2025-06-09,2025-06-22,9,222,4,Corrective,No,Yes,Open
TMS003980,AST002014,Track,C00074,4.0,Rail crack,Rail Defect,Medium,3,3,2,2025-06-09,2025-06-30,0,259,5,Preventive,Yes,Yes,Completed
TMS003981,AST002027,Turnout,C00007,106.8,Alignment defect,Track Geometry,Critical,4,4,4,2025-05-19,2025-05-24,38,219,4,Corrective,No,Yes,Open
TMS003982,AST001638,Crossing,C00005,71.9,Weld defect,Rail Defect,Low,3,1,2,2025-06-08,2025-07-18,0,91,3,Preventive,No,Yes,Scheduled
TMS003983,AST002155,Ballast,C00026,340.4,Corrective maintenance,Corrective,Low,3,2,2,2025-05-03,2025-06-22,9,274,5,Corrective,No,Yes,Open
TMS003984,AST000578,Rail,C00064,54.0,Ballast deficiency,Ballast Defect,Medium,4,2,3,2025-04-26,2025-05-17,45,160,2,Preventive,No,Yes,Open
TMS003985,AST003586,Weld,C00075,71.4,Sleeper damage,Sleeper Defect,High,3,4,1,2025-05-13,2025-05-24,0,147,3,Corrective,No,Yes,Completed
TMS003986,AST005087,Weld,C00046,9.8,Ballast deficiency,Ballast Defect,Low,4,1,1,2025-05-21,2025-06-29,2,116,3,Preventive,No,Yes,In Progress
TMS003987,AST002837,Turnout,C00051,34.2,Corrective maintenance,Corrective,Low,1,1,3,2025-02-17,2025-03-25,0,281,5,Corrective,No,No,Completed
TMS003988,AST002575,Switch,C00025,3.2,Scheduled inspection,Inspection,Low,2,2,2,2025-05-10,2025-06-25,0,44,2,Inspection,No,No,Completed
TMS003989,AST002322,Crossing,C00016,72.9,Track geometry defect,Track Geometry,Critical,4,4,2,2025-06-20,2025-06-24,7,266,4,Corrective,Yes,Yes,Open
TMS003990,AST000299,Ballast,C00065,3.2,Corrective maintenance,Corrective,High,5,4,2,2025-06-13,2025-06-23,8,276,5,Corrective,No,No,Open
TMS003991,AST001679,Turnout,C00091,96.9,Gauge defect,Track Geometry,Medium,3,2,1,2025-02-16,2025-03-13,110,90,4,Preventive,No,Yes,Open
TMS003992,AST004437,Weld,C00100,8.0,Track geometry defect,Track Geometry,Medium,3,3,2,2025-05-28,2025-06-15,16,232,6,Preventive,Yes,Yes,Open
TMS003993,AST000956,Crossing,C00072,89.6,Preventive maintenance,Preventive,Medium,4,2,2,2025-03-03,2025-03-26,97,34,3,Preventive,No,Yes,Open
TMS003994,AST001265,Weld,C00005,103.6,Ballast deficiency,Ballast Defect,Medium,1,2,1,2025-06-15,2025-07-09,0,88,3,Preventive,Yes,Yes,In Progress
TMS003995,AST002424,Bridge,C00045,92.4,Sleeper damage,Sleeper Defect,Critical,4,4,4,2025-06-12,2025-06-16,15,42,2,Corrective,No,Yes,Scheduled
TMS003996,AST003134,Track,C00100,8.6,Alignment defect,Track Geometry,Low,2,2,2,2025-02-04,2025-03-25,98,181,5,Preventive,Yes,Yes,Deferred
TMS003997,AST004279,Turnout,C00012,35.1,Alignment defect,Track Geometry,Medium,3,3,2,2025-06-11,2025-06-28,3,263,5,Preventive,Yes,Yes,Deferred
TMS003998,AST002104,Weld,C00036,25.5,Track geometry defect,Track Geometry,High,2,3,5,2025-06-14,2025-06-23,8,231,3,Corrective,No,No,Scheduled
TMS003999,AST000419,Ballast,C00032,6.5,Rail crack,Rail Defect,Low,4,1,1,2025-06-30,2025-08-13,0,126,3,Preventive,Yes,Yes,Open
TMS004000,AST001366,Track,C00047,25.5,Drainage issue,Drainage,Medium,1,2,2,2025-05-15,2025-05-31,0,77,1,Preventive,Yes,Yes,Completed
TMS004001,AST005140,Switch,C00079,0.6,Track geometry defect,Track Geometry,High,2,4,2,2025-05-06,2025-05-16,0,222,3,Corrective,Yes,Yes,Completed
TMS004002,AST001429,Bridge,C00077,0.6,Drainage issue,Drainage,High,4,3,2,2025-06-26,2025-07-08,0,66,3,Corrective,No,Yes,Completed
TMS004003,AST003365,Crossing,C00088,89.6,Drainage issue,Drainage,Low,4,1,1,2025-05-10,2025-06-19,0,75,2,Preventive,Yes,Yes,Completed
TMS004004,AST005260,Weld,C00057,78.8,Rail wear,Rail Defect,High,2,3,3,2025-06-14,2025-06-20,11,183,4,Corrective,No,Yes,Open
TMS004005,AST004975,Turnout,C00089,79.6,Rail wear,Rail Defect,Low,2,2,2,2025-06-08,2025-07-19,0,179,3,Preventive,No,Yes,In Progress
TMS004006,AST005196,Ballast,C00024,12.4,Alignment defect,Track Geometry,Medium,3,2,2,2025-06-08,2025-07-02,0,244,5,Preventive,No,Yes,In Progress
TMS004007,AST002962,Track,C00081,50.4,Weld defect,Rail Defect,Low,4,2,1,2025-04-10,2025-05-27,35,90,3,Preventive,No,No,Scheduled
TMS004008,AST001833,Track,C00006,3.8,Weld defect,Rail Defect,Medium,4,1,2,2025-05-01,2025-05-25,0,153,5,Preventive,No,Yes,Completed
TMS004009,AST004274,Turnout,C00096,131.6,Turnout wear,Turnout/Switch Defect,Low,2,3,3,2025-06-22,2025-08-06,0,239,5,Preventive,No,Yes,In Progress
TMS004010,AST005054,Weld,C00004,121.6,Alignment defect,Track Geometry,Low,3,1,3,2025-06-15,2025-08-09,0,162,4,Preventive,Yes,Yes,Completed
TMS004011,AST003418,Ballast,C00090,8.8,Corrective maintenance,Corrective,Low,2,1,3,2025-02-01,2025-03-17,106,302,5,Corrective,Yes,Yes,Scheduled
TMS004012,AST001538,Turnout,C00044,50.8,Alignment defect,Track Geometry,High,3,3,3,2025-05-19,2025-05-31,31,248,4,Corrective,Yes,Yes,Open
TMS004013,AST001726,Crossing,C00042,42.8,Track geometry defect,Track Geometry,Critical,3,4,4,2025-06-14,2025-06-18,13,235,3,Corrective,Yes,Yes,Open
TMS004014,AST000765,Crossing,C00067,15.9,Corrective maintenance,Corrective,Medium,3,1,1,2025-06-29,2025-07-23,0,254,4,Corrective,No,Yes,Completed
TMS004015,AST001576,Switch,C00028,1.5,Turnout wear,Turnout/Switch Defect,Low,3,2,1,2025-03-06,2025-04-21,71,263,4,Preventive,No,Yes,Open
TMS004016,AST004254,Turnout,C00074,10.6,Rail wear,Rail Defect,Critical,3,4,4,2025-05-06,2025-05-10,52,170,4,Corrective,No,Yes,Open
TMS004017,AST001631,Bridge,C00045,46.0,Scheduled inspection,Inspection,Medium,3,2,1,2025-05-18,2025-06-06,25,173,3,Inspection,No,Yes,Open
TMS004018,AST001291,Sleeper,C00077,60.4,Drainage issue,Drainage,Low,4,1,2,2025-06-12,2025-07-28,0,159,4,Preventive,Yes,Yes,Completed
TMS004019,AST001123,Crossing,C00029,74.3,Ballast deficiency,Ballast Defect,Medium,4,2,2,2025-06-06,2025-06-23,8,200,2,Preventive,No,No,Deferred
TMS004020,AST000287,Turnout,C00014,30.9,Sleeper damage,Sleeper Defect,Medium,3,2,1,2025-06-19,2025-07-10,0,77,3,Preventive,No,Yes,Open
TMS004021,AST002533,Ballast,C00020,40.6,Gauge defect,Track Geometry,Low,3,1,1,2025-03-26,2025-05-21,41,212,5,Preventive,No,Yes,Open
TMS004022,AST000036,Crossing,C00017,3.1,Ballast deficiency,Ballast Defect,Medium,2,3,3,2025-05-21,2025-06-15,16,165,4,Preventive,Yes,Yes,Open
TMS004023,AST004662,Turnout,C00034,6.6,Preventive maintenance,Preventive,Medium,2,3,3,2025-02-25,2025-03-25,98,45,2,Preventive,No,Yes,In Progress
TMS004024,AST002858,Bridge,C00071,8.5,Alignment defect,Track Geometry,Low,1,1,2,2025-05-19,2025-06-26,5,200,4,Preventive,Yes,Yes,Open
TMS004025,AST003015,Turnout,C00091,98.5,Sleeper damage,Sleeper Defect,Low,2,2,1,2025-05-08,2025-07-01,0,65,4,Preventive,Yes,Yes,Scheduled
TMS004026,AST002241,Weld,C00004,131.1,Rail wear,Rail Defect,High,3,3,4,2025-06-13,2025-06-23,8,155,2,Corrective,No,Yes,Open
TMS004027,AST000568,Ballast,C00030,98.0,Ballast deficiency,Ballast Defect,High,2,3,2,2025-03-18,2025-03-28,95,200,4,Corrective,No,Yes,Open
TMS004028,AST000821,Track,C00036,28.4,Gauge defect,Track Geometry,Medium,2,3,1,2025-06-14,2025-07-07,0,185,5,Preventive,No,Yes,Open
TMS004029,AST003303,Sleeper,C00091,68.3,Scheduled inspection,Inspection,Low,2,1,2,2025-02-01,2025-03-07,0,59,3,Inspection,No,No,Completed
TMS004030,AST000867,Turnout,C00024,20.4,Scheduled inspection,Inspection,High,3,4,3,2025-03-01,2025-03-13,110,82,2,Inspection,No,No,Open
TMS004031,AST000274,Switch,C00092,75.9,Preventive maintenance,Preventive,Critical,3,5,3,2025-05-15,2025-05-20,42,81,4,Preventive,No,Yes,Scheduled
TMS004032,AST000799,Sleeper,C00006,16.7,Sleeper damage,Sleeper Defect,Medium,3,3,2,2025-05-29,2025-06-22,0,47,2,Preventive,No,Yes,Completed
TMS004033,AST003980,Switch,C00045,160.3,Scheduled inspection,Inspection,Low,1,2,2,2025-03-02,2025-04-20,72,78,2,Inspection,No,No,Scheduled
TMS004034,AST002969,Bridge,C00093,24.7,Gauge defect,Track Geometry,High,5,2,3,2025-05-26,2025-06-08,0,165,4,Corrective,Yes,Yes,Completed
TMS004035,AST003141,Sleeper,C00031,0.7,Rail wear,Rail Defect,High,3,4,4,2025-06-29,2025-07-06,0,210,3,Corrective,No,Yes,In Progress
TMS004036,AST001837,Weld,C00002,5.9,Scheduled inspection,Inspection,High,4,3,2,2025-06-20,2025-07-03,0,65,4,Inspection,No,Yes,Completed
TMS004037,AST000864,Bridge,C00025,368.0,Weld defect,Rail Defect,Low,3,2,1,2025-06-12,2025-08-09,0,158,2,Preventive,No,No,Scheduled
TMS004038,AST003091,Weld,C00065,37.1,Drainage issue,Drainage,Medium,4,3,3,2025-05-01,2025-05-26,36,111,3,Preventive,Yes,Yes,In Progress
TMS004039,AST004910,Ballast,C00066,20.5,Corrective maintenance,Corrective,Low,2,1,1,2025-05-25,2025-07-04,0,296,5,Corrective,No,Yes,Scheduled
TMS004040,AST000556,Rail,C00024,15.8,Weld defect,Rail Defect,Medium,2,3,1,2025-02-24,2025-03-20,103,170,2,Preventive,No,Yes,In Progress
TMS004041,AST001758,Switch,C00021,115.7,Weld defect,Rail Defect,High,3,4,4,2025-05-16,2025-05-29,33,53,3,Corrective,No,Yes,In Progress
TMS004042,AST001814,Switch,C00060,30.3,Preventive maintenance,Preventive,Medium,3,3,2,2025-06-27,2025-07-21,0,65,2,Preventive,No,No,Completed
TMS004043,AST003543,Crossing,C00098,3.4,Scheduled inspection,Inspection,Low,4,2,2,2025-06-04,2025-07-23,0,47,3,Inspection,No,Yes,Completed
TMS004044,AST004246,Track,C00092,15.2,Ballast deficiency,Ballast Defect,Critical,3,4,4,2025-06-30,2025-07-02,0,244,4,Corrective,Yes,Yes,Scheduled
TMS004045,AST005095,Bridge,C00096,83.3,Gauge defect,Track Geometry,Medium,2,4,2,2025-06-21,2025-07-17,0,213,3,Preventive,Yes,No,In Progress
TMS004046,AST002716,Turnout,C00068,17.9,Sleeper damage,Sleeper Defect,Low,4,3,1,2025-06-14,2025-07-26,0,42,3,Preventive,No,Yes,Completed
TMS004047,AST003995,Switch,C00058,70.7,Corrective maintenance,Corrective,Low,4,2,1,2025-06-15,2025-07-22,0,204,4,Corrective,No,Yes,Open
TMS004048,AST000700,Crossing,C00082,76.0,Drainage issue,Drainage,Medium,3,2,3,2025-06-26,2025-07-18,0,67,2,Preventive,No,Yes,In Progress
TMS004049,AST002082,Rail,C00038,115.4,Drainage issue,Drainage,Low,3,2,1,2025-05-27,2025-07-07,0,96,2,Preventive,Yes,Yes,Scheduled
TMS004050,AST001674,Crossing,C00092,31.6,Ballast deficiency,Ballast Defect,High,4,4,3,2025-06-16,2025-06-24,0,67,3,Corrective,Yes,Yes,Completed
TMS004051,AST001490,Turnout,C00029,5.1,Scheduled inspection,Inspection,Medium,3,3,3,2025-06-16,2025-07-07,0,85,2,Inspection,No,Yes,Open
TMS004052,AST000656,Switch,C00005,40.0,Preventive maintenance,Preventive,High,2,4,3,2025-02-12,2025-02-22,129,106,2,Preventive,No,Yes,Scheduled
TMS004053,AST000914,Rail,C00035,30.6,Weld defect,Rail Defect,Low,1,2,1,2025-05-18,2025-07-11,0,133,3,Preventive,Yes,Yes,Completed
TMS004054,AST001018,Ballast,C00035,77.5,Weld defect,Rail Defect,Critical,4,4,4,2025-03-22,2025-03-27,96,176,3,Corrective,No,Yes,In Progress
TMS004055,AST005019,Switch,C00096,45.4,Corrective maintenance,Corrective,Critical,4,5,4,2025-06-16,2025-06-21,10,318,3,Corrective,No,Yes,Scheduled
TMS004056,AST002624,Rail,C00001,325.4,Corrective maintenance,Corrective,High,5,3,2,2025-06-15,2025-06-25,6,353,5,Corrective,No,No,Open
TMS004057,AST003998,Switch,C00069,65.2,Rail wear,Rail Defect,High,3,4,2,2025-06-29,2025-07-13,0,92,4,Corrective,No,Yes,Scheduled
TMS004058,AST002645,Switch,C00077,2.3,Rail wear,Rail Defect,Medium,4,3,4,2025-05-18,2025-06-10,21,117,4,Preventive,No,Yes,In Progress
TMS004059,AST004680,Crossing,C00096,75.8,Rail crack,Rail Defect,Low,2,2,2,2025-06-22,2025-08-02,0,198,5,Preventive,Yes,Yes,Scheduled
TMS004060,AST002172,Ballast,C00068,90.1,Rail wear,Rail Defect,Medium,3,3,1,2025-03-05,2025-03-25,98,215,4,Preventive,No,Yes,Deferred
TMS004061,AST001088,Crossing,C00005,4.3,Rail wear,Rail Defect,Medium,1,3,2,2025-02-08,2025-02-27,124,228,2,Preventive,No,Yes,Scheduled
TMS004062,AST002816,Ballast,C00064,162.0,Preventive maintenance,Preventive,Medium,3,3,2,2025-05-14,2025-05-31,31,115,5,Preventive,No,Yes,Open
TMS004063,AST004419,Turnout,C00046,6.5,Weld defect,Rail Defect,Low,5,1,2,2025-02-02,2025-03-15,108,116,3,Preventive,No,Yes,Open
TMS004064,AST005103,Rail,C00014,93.8,Preventive maintenance,Preventive,Medium,4,1,3,2025-04-17,2025-05-10,0,121,4,Preventive,No,Yes,Completed
TMS004065,AST002338,Crossing,C00013,6.7,Rail crack,Rail Defect,High,3,4,4,2025-06-18,2025-06-29,0,170,2,Corrective,Yes,Yes,Completed
TMS004066,AST001656,Switch,C00027,11.0,Rail wear,Rail Defect,Low,3,1,2,2025-06-27,2025-08-13,0,165,3,Preventive,No,Yes,Scheduled
TMS004067,AST004264,Sleeper,C00016,53.1,Scheduled inspection,Inspection,Critical,5,4,4,2025-06-12,2025-06-18,13,136,4,Inspection,No,Yes,Scheduled
TMS004068,AST001395,Sleeper,C00062,1.4,Scheduled inspection,Inspection,Medium,2,3,3,2025-05-06,2025-05-21,41,55,4,Inspection,Yes,No,Open
TMS004069,AST004055,Weld,C00057,13.6,Track geometry defect,Track Geometry,Medium,3,3,1,2025-05-23,2025-06-10,21,199,2,Preventive,Yes,Yes,Open
TMS004070,AST001318,Turnout,C00074,17.5,Gauge defect,Track Geometry,Low,1,2,1,2025-06-20,2025-07-23,0,159,3,Preventive,No,Yes,Open
TMS004071,AST002304,Bridge,C00006,19.4,Drainage issue,Drainage,Low,1,1,2,2025-03-19,2025-04-21,71,159,4,Preventive,Yes,Yes,Open
TMS004072,AST001558,Turnout,C00041,28.7,Rail crack,Rail Defect,Low,2,2,2,2025-06-19,2025-08-06,0,153,3,Preventive,Yes,Yes,Completed
TMS004073,AST000211,Weld,C00043,6.5,Drainage issue,Drainage,Medium,3,2,2,2025-03-28,2025-04-19,0,75,3,Preventive,Yes,Yes,Completed
TMS004074,AST000047,Turnout,C00048,67.3,Alignment defect,Track Geometry,High,4,4,3,2025-04-08,2025-04-19,73,271,4,Corrective,Yes,Yes,Open
TMS004075,AST000545,Track,C00015,98.0,Alignment defect,Track Geometry,Medium,3,2,2,2025-03-16,2025-04-12,0,201,5,Preventive,No,Yes,Completed
TMS004076,AST001420,Ballast,C00014,25.6,Turnout wear,Turnout/Switch Defect,High,4,2,2,2025-05-27,2025-06-07,24,302,4,Corrective,No,No,Open
TMS004077,AST000027,Switch,C00020,38.9,Rail wear,Rail Defect,Critical,2,4,3,2025-05-11,2025-05-15,0,259,3,Corrective,No,Yes,Completed
TMS004078,AST003212,Ballast,C00080,24.1,Turnout wear,Turnout/Switch Defect,High,1,4,1,2025-06-14,2025-06-22,9,225,3,Corrective,No,Yes,Open
TMS004079,AST004262,Crossing,C00097,16.1,Rail wear,Rail Defect,Low,1,2,2,2025-05-03,2025-06-07,0,120,3,Preventive,Yes,Yes,Completed
TMS004080,AST002952,Bridge,C00084,157.9,Weld defect,Rail Defect,Medium,4,2,2,2025-05-29,2025-06-24,7,90,3,Preventive,No,Yes,Scheduled
TMS004081,AST002519,Bridge,C00065,36.9,Rail crack,Rail Defect,Low,3,2,2,2025-05-11,2025-06-27,4,153,3,Preventive,Yes,Yes,In Progress
TMS004082,AST001451,Crossing,C00052,77.6,Gauge defect,Track Geometry,Medium,2,3,2,2025-05-03,2025-05-28,34,127,5,Preventive,Yes,Yes,Open
TMS004083,AST003095,Ballast,C00049,37.7,Ballast deficiency,Ballast Defect,Medium,4,3,1,2025-06-29,2025-07-18,0,189,6,Preventive,Yes,Yes,Completed
TMS004084,AST001521,Rail,C00058,35.3,Rail crack,Rail Defect,High,4,4,2,2025-06-18,2025-06-25,6,121,3,Corrective,Yes,Yes,Open
TMS004085,AST001002,Turnout,C00030,37.6,Gauge defect,Track Geometry,Medium,3,2,2,2025-06-25,2025-07-16,0,231,5,Preventive,No,Yes,Completed
TMS004086,AST002565,Bridge,C00040,54.7,Rail wear,Rail Defect,Medium,2,2,2,2025-06-02,2025-06-27,4,110,3,Preventive,Yes,Yes,Scheduled
TMS004087,AST004015,Turnout,C00090,62.1,Weld defect,Rail Defect,Medium,3,2,2,2025-05-03,2025-05-19,43,118,4,Preventive,No,Yes,Open
TMS004088,AST002061,Switch,C00057,54.0,Turnout wear,Turnout/Switch Defect,Medium,3,1,1,2025-05-26,2025-06-17,0,257,4,Preventive,No,Yes,Completed
TMS004089,AST004953,Track,C00020,50.1,Sleeper damage,Sleeper Defect,Low,3,2,1,2025-06-13,2025-07-12,0,162,4,Preventive,No,Yes,Open
TMS004090,AST002843,Turnout,C00015,77.1,Gauge defect,Track Geometry,Critical,5,5,4,2025-04-26,2025-05-01,0,137,2,Corrective,No,No,Completed
TMS004091,AST004544,Ballast,C00028,70.7,Sleeper damage,Sleeper Defect,Low,4,2,3,2025-06-22,2025-08-05,0,106,5,Preventive,No,Yes,Deferred
TMS004092,AST003419,Crossing,C00074,4.5,Scheduled inspection,Inspection,Medium,2,3,2,2025-05-16,2025-06-13,18,70,3,Inspection,No,No,Open
TMS004093,AST002385,Bridge,C00094,101.9,Turnout wear,Turnout/Switch Defect,Medium,2,3,2,2025-06-28,2025-07-18,0,196,5,Preventive,Yes,Yes,In Progress
TMS004094,AST003485,Track,C00078,140.3,Scheduled inspection,Inspection,Medium,2,3,3,2025-06-25,2025-07-20,0,123,4,Inspection,No,No,Completed
TMS004095,AST001744,Crossing,C00071,14.3,Alignment defect,Track Geometry,Low,3,2,2,2025-06-16,2025-08-02,0,228,4,Preventive,Yes,Yes,Open
TMS004096,AST003755,Rail,C00021,67.9,Weld defect,Rail Defect,High,3,4,2,2025-02-08,2025-02-20,131,119,2,Corrective,No,Yes,Scheduled
TMS004097,AST001173,Switch,C00061,12.4,Sleeper damage,Sleeper Defect,Medium,1,1,2,2025-05-05,2025-05-24,38,106,4,Preventive,No,Yes,Open
TMS004098,AST001135,Sleeper,C00041,26.9,Rail crack,Rail Defect,High,4,5,3,2025-04-26,2025-05-07,0,225,4,Corrective,Yes,Yes,Completed
TMS004099,AST002928,Switch,C00040,38.7,Preventive maintenance,Preventive,High,1,4,2,2025-04-13,2025-04-24,68,54,3,Preventive,No,Yes,Open
TMS004100,AST004731,Crossing,C00024,76.4,Sleeper damage,Sleeper Defect,High,4,4,2,2025-05-09,2025-05-19,43,133,2,Corrective,No,Yes,Open
TMS004101,AST000144,Sleeper,C00085,37.0,Weld defect,Rail Defect,Critical,4,5,2,2025-06-16,2025-06-20,0,51,3,Corrective,No,Yes,Completed
TMS004102,AST004512,Sleeper,C00025,162.4,Weld defect,Rail Defect,Medium,4,3,2,2025-05-23,2025-06-15,16,35,3,Preventive,No,Yes,Open
TMS004103,AST003574,Turnout,C00009,56.4,Track geometry defect,Track Geometry,High,4,4,3,2025-02-11,2025-02-21,130,262,4,Corrective,Yes,Yes,Scheduled
TMS004104,AST004581,Ballast,C00050,27.1,Corrective maintenance,Corrective,Low,2,2,1,2025-06-19,2025-07-28,0,270,5,Corrective,No,Yes,Open
TMS004105,AST003026,Switch,C00027,158.3,Scheduled inspection,Inspection,Low,2,2,2,2025-06-12,2025-07-17,0,56,1,Inspection,No,No,Completed
TMS004106,AST000119,Weld,C00001,276.9,Gauge defect,Track Geometry,High,3,3,2,2025-06-26,2025-07-09,0,228,5,Corrective,No,Yes,In Progress
TMS004107,AST002588,Bridge,C00091,109.9,Alignment defect,Track Geometry,Critical,4,4,2,2025-06-22,2025-06-25,6,164,2,Corrective,No,Yes,Scheduled
TMS004108,AST004472,Track,C00054,11.0,Scheduled inspection,Inspection,Medium,3,2,2,2025-05-21,2025-06-15,16,96,2,Inspection,No,No,Open
TMS004109,AST000745,Switch,C00031,17.5,Gauge defect,Track Geometry,Medium,3,2,2,2025-05-16,2025-06-09,22,155,4,Preventive,No,Yes,In Progress
TMS004110,AST004547,Switch,C00099,2.0,Scheduled inspection,Inspection,High,3,3,4,2025-06-15,2025-06-25,6,72,2,Inspection,No,No,Open
TMS004111,AST003390,Turnout,C00082,105.8,Rail crack,Rail Defect,High,4,2,4,2025-06-12,2025-06-21,10,230,5,Corrective,Yes,Yes,Open
TMS004112,AST003018,Switch,C00037,51.9,Gauge defect,Track Geometry,Critical,4,4,3,2025-02-27,2025-03-03,120,209,4,Corrective,No,Yes,Open
TMS004113,AST003848,Ballast,C00081,13.6,Rail wear,Rail Defect,Low,2,1,1,2025-02-08,2025-04-05,87,65,3,Preventive,No,Yes,Open
TMS004114,AST000267,Ballast,C00077,57.1,Gauge defect,Track Geometry,Low,4,1,2,2025-05-12,2025-06-13,18,153,4,Preventive,No,Yes,Scheduled
TMS004115,AST000857,Track,C00092,66.3,Sleeper damage,Sleeper Defect,Critical,5,5,4,2025-05-29,2025-06-04,27,51,1,Corrective,No,Yes,Open
TMS004116,AST001919,Sleeper,C00012,24.9,Sleeper damage,Sleeper Defect,Medium,3,3,2,2025-06-22,2025-07-13,0,121,3,Preventive,No,Yes,Scheduled
TMS004117,AST002061,Switch,C00057,54.0,Corrective maintenance,Corrective,Low,1,2,1,2025-06-02,2025-07-10,0,266,4,Corrective,No,Yes,Completed
TMS004118,AST002459,Switch,C00020,30.0,Gauge defect,Track Geometry,High,4,3,3,2025-05-17,2025-05-28,34,144,6,Corrective,No,Yes,In Progress
TMS004119,AST002762,Turnout,C00011,141.7,Sleeper damage,Sleeper Defect,Low,2,1,2,2025-06-14,2025-07-24,0,166,5,Preventive,No,Yes,In Progress
TMS004120,AST000018,Switch,C00039,7.9,Track geometry defect,Track Geometry,Critical,5,3,3,2025-05-31,2025-06-04,27,163,2,Corrective,Yes,Yes,Open
TMS004121,AST001152,Weld,C00085,61.5,Alignment defect,Track Geometry,Low,4,1,1,2025-06-01,2025-07-08,0,206,1,Preventive,No,Yes,Open
TMS004122,AST000207,Switch,C00083,85.2,Rail wear,Rail Defect,Low,3,3,1,2025-04-21,2025-05-30,32,181,5,Preventive,No,Yes,Scheduled
TMS004123,AST002310,Rail,C00092,4.0,Preventive maintenance,Preventive,Low,3,2,1,2025-02-15,2025-03-27,96,88,3,Preventive,No,Yes,Open
TMS004124,AST000083,Crossing,C00024,4.5,Ballast deficiency,Ballast Defect,Medium,2,2,1,2025-03-24,2025-04-18,74,85,3,Preventive,Yes,Yes,Scheduled
TMS004125,AST003117,Rail,C00094,22.2,Ballast deficiency,Ballast Defect,Medium,3,3,2,2025-05-11,2025-06-01,30,156,4,Preventive,Yes,Yes,Open
TMS004126,AST002810,Ballast,C00041,9.7,Turnout wear,Turnout/Switch Defect,Low,1,1,2,2025-05-26,2025-07-01,0,208,4,Preventive,No,Yes,Open
TMS004127,AST004534,Crossing,C00086,237.3,Sleeper damage,Sleeper Defect,Medium,2,3,2,2025-06-16,2025-07-10,0,72,4,Preventive,No,Yes,Completed
TMS004128,AST004098,Bridge,C00031,19.6,Gauge defect,Track Geometry,Medium,1,3,3,2025-06-22,2025-07-15,0,188,4,Preventive,No,Yes,Completed
TMS004129,AST001871,Bridge,C00053,117.8,Gauge defect,Track Geometry,High,2,4,4,2025-06-18,2025-06-28,0,146,3,Corrective,No,Yes,Completed
TMS004130,AST002608,Track,C00087,91.7,Rail crack,Rail Defect,Low,4,1,2,2025-05-21,2025-06-28,3,292,5,Preventive,No,Yes,Open
TMS004131,AST002317,Ballast,C00046,18.1,Corrective maintenance,Corrective,High,3,4,2,2025-06-08,2025-06-17,0,311,4,Corrective,Yes,Yes,Completed
TMS004132,AST002614,Turnout,C00033,36.3,Corrective maintenance,Corrective,Critical,4,4,2,2025-03-14,2025-03-17,0,296,3,Corrective,No,Yes,Completed
TMS004133,AST003344,Track,C00037,14.3,Weld defect,Rail Defect,High,3,5,4,2025-06-20,2025-06-29,2,102,3,Corrective,No,Yes,Open
TMS004134,AST000048,Turnout,C00038,26.4,Ballast deficiency,Ballast Defect,Low,3,2,2,2025-06-07,2025-08-01,0,136,5,Preventive,No,Yes,Open
TMS004135,AST003428,Turnout,C00008,3.2,Rail wear,Rail Defect,Low,2,2,1,2025-06-17,2025-08-14,0,148,3,Preventive,No,Yes,Completed
TMS004136,AST003057,Crossing,C00070,17.0,Sleeper damage,Sleeper Defect,High,3,3,3,2025-06-18,2025-07-01,0,113,2,Corrective,No,Yes,Completed
TMS004137,AST000766,Rail,C00031,9.1,Gauge defect,Track Geometry,Medium,3,3,2,2025-04-21,2025-05-15,0,160,3,Preventive,No,Yes,Completed
TMS004138,AST001149,Switch,C00094,102.7,Drainage issue,Drainage,Low,3,2,1,2025-06-23,2025-08-05,0,35,3,Preventive,Yes,Yes,Completed
TMS004139,AST005091,Turnout,C00096,83.1,Preventive maintenance,Preventive,Low,1,2,2,2025-06-23,2025-07-28,0,77,2,Preventive,No,Yes,Scheduled
TMS004140,AST001059,Weld,C00018,14.4,Weld defect,Rail Defect,Low,2,2,2,2025-05-19,2025-06-22,9,65,2,Preventive,No,Yes,Open
TMS004141,AST001962,Ballast,C00015,136.1,Sleeper damage,Sleeper Defect,Low,4,1,2,2025-02-02,2025-03-14,109,143,2,Preventive,No,Yes,Scheduled
TMS004142,AST001410,Turnout,C00081,43.2,Track geometry defect,Track Geometry,Critical,2,4,4,2025-06-16,2025-06-21,10,296,6,Corrective,No,Yes,Scheduled
TMS004143,AST004323,Crossing,C00100,2.6,Rail crack,Rail Defect,Low,2,1,1,2025-03-08,2025-04-16,76,152,5,Preventive,Yes,Yes,Open
TMS004144,AST003537,Switch,C00068,27.7,Track geometry defect,Track Geometry,Low,4,1,1,2025-05-26,2025-07-07,0,231,4,Preventive,No,Yes,Open
TMS004145,AST003444,Rail,C00088,99.0,Alignment defect,Track Geometry,Critical,3,4,4,2025-06-13,2025-06-18,13,313,4,Corrective,Yes,Yes,In Progress
TMS004146,AST003164,Turnout,C00049,79.4,Alignment defect,Track Geometry,Medium,5,3,2,2025-05-25,2025-06-16,15,182,4,Preventive,Yes,Yes,Deferred
TMS004147,AST002879,Crossing,C00082,23.9,Gauge defect,Track Geometry,Medium,3,3,2,2025-05-17,2025-06-04,27,185,4,Preventive,No,Yes,Open
TMS004148,AST002113,Sleeper,C00071,6.3,Turnout wear,Turnout/Switch Defect,Low,2,2,1,2025-05-25,2025-07-04,0,221,5,Preventive,Yes,Yes,Open
TMS004149,AST004975,Turnout,C00089,79.6,Sleeper damage,Sleeper Defect,Low,2,2,1,2025-06-12,2025-07-21,0,85,3,Preventive,No,Yes,In Progress
TMS004150,AST001132,Ballast,C00034,29.1,Weld defect,Rail Defect,Low,3,2,3,2025-04-15,2025-05-28,34,95,2,Preventive,No,Yes,Scheduled
TMS004151,AST004910,Ballast,C00066,20.5,Scheduled inspection,Inspection,Low,1,1,1,2025-03-02,2025-04-06,86,99,2,Inspection,Yes,Yes,Open
TMS004152,AST000189,Track,C00001,414.5,Scheduled inspection,Inspection,Low,1,2,4,2025-04-08,2025-05-28,34,66,2,Inspection,No,No,Open
TMS004153,AST004069,Weld,C00029,36.0,Turnout wear,Turnout/Switch Defect,Low,5,1,2,2025-03-30,2025-04-29,63,216,6,Preventive,No,Yes,In Progress
TMS004154,AST002433,Turnout,C00069,228.4,Rail wear,Rail Defect,Medium,2,2,1,2025-04-09,2025-04-30,0,117,1,Preventive,No,Yes,Completed
TMS004155,AST003629,Weld,C00043,2.1,Rail crack,Rail Defect,Low,3,2,2,2025-06-22,2025-08-10,0,228,3,Preventive,Yes,Yes,Completed
TMS004156,AST002892,Rail,C00074,12.7,Alignment defect,Track Geometry,Critical,5,4,4,2025-03-03,2025-03-07,116,270,3,Corrective,Yes,Yes,Open
TMS004157,AST001342,Ballast,C00064,50.4,Ballast deficiency,Ballast Defect,Medium,4,3,2,2025-06-09,2025-06-28,0,171,4,Preventive,Yes,Yes,Completed
TMS004158,AST003808,Switch,C00003,45.4,Rail crack,Rail Defect,High,5,3,4,2025-06-13,2025-06-22,0,104,2,Corrective,Yes,Yes,Completed
TMS004159,AST002100,Rail,C00076,127.1,Scheduled inspection,Inspection,Medium,5,2,3,2025-06-16,2025-07-12,0,54,2,Inspection,No,Yes,Deferred
TMS004160,AST001574,Rail,C00100,0.9,Preventive maintenance,Preventive,High,3,3,3,2025-03-14,2025-03-28,95,156,3,Preventive,No,Yes,Open
TMS004161,AST001431,Track,C00037,22.3,Corrective maintenance,Corrective,Low,3,2,1,2025-06-24,2025-07-24,0,216,3,Corrective,No,Yes,Open
TMS004162,AST001068,Sleeper,C00082,132.7,Preventive maintenance,Preventive,Low,2,1,1,2025-06-03,2025-07-26,0,41,3,Preventive,No,Yes,Completed
TMS004163,AST000974,Rail,C00098,1.5,Ballast deficiency,Ballast Defect,High,4,3,1,2025-03-11,2025-03-24,99,80,4,Corrective,Yes,Yes,Scheduled
TMS004164,AST003332,Ballast,C00092,95.2,Sleeper damage,Sleeper Defect,Low,3,2,1,2025-05-24,2025-07-10,0,44,2,Preventive,No,Yes,Completed
TMS004165,AST001611,Bridge,C00067,74.3,Gauge defect,Track Geometry,Critical,5,5,2,2025-05-21,2025-05-26,36,205,3,Corrective,No,Yes,Open
TMS004166,AST004900,Sleeper,C00088,91.9,Ballast deficiency,Ballast Defect,Low,2,1,2,2025-05-09,2025-06-19,0,150,3,Preventive,Yes,Yes,Completed
TMS004167,AST002809,Bridge,C00087,71.6,Weld defect,Rail Defect,Critical,4,4,3,2025-06-26,2025-06-29,0,184,4,Corrective,No,Yes,Completed
TMS004168,AST004255,Sleeper,C00059,33.7,Alignment defect,Track Geometry,High,3,3,2,2025-06-12,2025-06-24,7,144,4,Corrective,No,No,Open
TMS004169,AST001764,Weld,C00057,63.9,Weld defect,Rail Defect,Critical,3,4,2,2025-05-09,2025-05-13,0,86,1,Corrective,No,Yes,Completed
TMS004170,AST003084,Weld,C00012,30.5,Sleeper damage,Sleeper Defect,Medium,2,3,2,2025-05-07,2025-06-02,29,148,4,Preventive,No,Yes,Open
TMS004171,AST003802,Switch,C00047,57.7,Rail crack,Rail Defect,Low,1,2,2,2025-05-16,2025-06-29,2,191,3,Preventive,No,Yes,Open
TMS004172,AST000365,Rail,C00017,0.7,Turnout wear,Turnout/Switch Defect,Low,2,2,3,2025-03-11,2025-04-14,0,201,4,Preventive,No,Yes,Completed
TMS004173,AST004745,Weld,C00072,20.1,Drainage issue,Drainage,Low,3,1,1,2025-06-06,2025-07-11,0,61,3,Preventive,No,Yes,Open
TMS004174,AST002800,Ballast,C00089,30.8,Alignment defect,Track Geometry,Critical,5,5,3,2025-05-30,2025-06-06,25,263,4,Corrective,Yes,Yes,Open
TMS004175,AST004795,Ballast,C00056,26.5,Gauge defect,Track Geometry,High,3,4,3,2025-04-10,2025-04-23,69,216,4,Corrective,No,Yes,Open
TMS004176,AST004871,Switch,C00054,8.6,Corrective maintenance,Corrective,Low,2,2,2,2025-05-05,2025-06-14,17,181,6,Corrective,No,Yes,Scheduled
TMS004177,AST003351,Weld,C00027,83.1,Rail wear,Rail Defect,Low,3,2,1,2025-06-04,2025-07-21,0,84,4,Preventive,No,Yes,Open
TMS004178,AST004847,Crossing,C00055,84.7,Track geometry defect,Track Geometry,Low,2,2,1,2025-05-04,2025-06-21,10,269,5,Preventive,Yes,Yes,Open
TMS004179,AST003882,Crossing,C00042,24.9,Weld defect,Rail Defect,Low,2,1,1,2025-06-30,2025-08-03,0,77,3,Preventive,No,Yes,Scheduled
TMS004180,AST000516,Ballast,C00095,54.6,Corrective maintenance,Corrective,High,5,5,3,2025-06-25,2025-07-06,0,206,2,Corrective,No,Yes,In Progress
TMS004181,AST000765,Crossing,C00067,15.9,Scheduled inspection,Inspection,Low,2,3,1,2025-06-27,2025-08-06,0,128,3,Inspection,No,Yes,In Progress
TMS004182,AST002571,Ballast,C00060,19.2,Sleeper damage,Sleeper Defect,Medium,4,3,1,2025-03-23,2025-04-08,84,81,3,Preventive,No,Yes,Open
TMS004183,AST003408,Ballast,C00069,16.5,Preventive maintenance,Preventive,Low,2,1,1,2025-02-28,2025-04-13,0,62,3,Preventive,No,Yes,Completed
TMS004184,AST001763,Ballast,C00023,20.3,Rail wear,Rail Defect,Low,1,1,1,2025-06-28,2025-08-06,0,138,3,Preventive,No,Yes,Completed
TMS004185,AST001577,Turnout,C00034,18.9,Drainage issue,Drainage,Medium,5,4,2,2025-06-14,2025-07-10,0,98,4,Preventive,Yes,Yes,Open
TMS004186,AST004360,Rail,C00056,18.8,Preventive maintenance,Preventive,Critical,3,5,4,2025-06-14,2025-06-20,11,84,4,Preventive,No,Yes,Open
TMS004187,AST004464,Ballast,C00062,10.6,Ballast deficiency,Ballast Defect,High,4,3,3,2025-02-27,2025-03-14,109,189,4,Corrective,Yes,Yes,Scheduled
TMS004188,AST001566,Track,C00052,151.9,Ballast deficiency,Ballast Defect,Low,4,2,1,2025-03-15,2025-04-26,66,90,4,Preventive,Yes,Yes,Open
TMS004189,AST003327,Weld,C00030,73.8,Alignment defect,Track Geometry,High,4,3,2,2025-05-05,2025-05-17,0,158,3,Corrective,Yes,Yes,Completed
TMS004190,AST001405,Ballast,C00003,17.5,Track geometry defect,Track Geometry,Low,2,2,1,2025-06-18,2025-08-10,0,223,3,Preventive,Yes,Yes,Scheduled
TMS004191,AST000924,Sleeper,C00048,88.9,Drainage issue,Drainage,Medium,3,3,1,2025-05-02,2025-05-29,33,96,4,Preventive,Yes,Yes,Scheduled
TMS004192,AST002971,Rail,C00003,7.1,Rail wear,Rail Defect,Medium,2,3,1,2025-06-01,2025-06-18,13,152,4,Preventive,No,Yes,Scheduled
TMS004193,AST002769,Rail,C00031,25.1,Gauge defect,Track Geometry,Medium,2,3,1,2025-06-16,2025-07-09,0,121,3,Preventive,No,Yes,Open
TMS004194,AST001742,Rail,C00077,68.2,Drainage issue,Drainage,Low,3,1,2,2025-06-28,2025-08-01,0,78,4,Preventive,Yes,Yes,Open
TMS004195,AST000802,Rail,C00097,7.7,Drainage issue,Drainage,Low,2,1,1,2025-05-18,2025-07-07,0,127,2,Preventive,Yes,Yes,Completed
TMS004196,AST001420,Ballast,C00014,25.6,Track geometry defect,Track Geometry,Critical,5,5,4,2025-06-30,2025-07-03,0,212,2,Corrective,No,Yes,Scheduled
TMS004197,AST004665,Ballast,C00016,41.4,Preventive maintenance,Preventive,Medium,5,3,3,2025-03-22,2025-04-17,0,69,1,Preventive,No,Yes,Completed
TMS004198,AST004548,Crossing,C00072,41.2,Track geometry defect,Track Geometry,Low,3,2,2,2025-04-11,2025-05-30,32,176,4,Preventive,Yes,Yes,In Progress
TMS004199,AST004505,Sleeper,C00020,87.9,Corrective maintenance,Corrective,Medium,4,3,2,2025-02-16,2025-03-11,0,165,3,Corrective,No,Yes,Completed
TMS004200,AST001098,Rail,C00093,16.5,Scheduled inspection,Inspection,Critical,3,4,3,2025-02-17,2025-02-21,130,46,3,Inspection,No,Yes,Scheduled
TMS004201,AST003584,Rail,C00048,96.7,Rail wear,Rail Defect,High,5,3,2,2025-06-09,2025-06-19,12,169,4,Corrective,No,Yes,Open
TMS004202,AST001893,Ballast,C00077,10.7,Ballast deficiency,Ballast Defect,High,4,5,2,2025-06-13,2025-06-24,7,294,5,Corrective,Yes,No,In Progress
TMS004203,AST001229,Rail,C00018,59.2,Ballast deficiency,Ballast Defect,Low,1,2,1,2025-04-16,2025-06-10,21,124,4,Preventive,Yes,Yes,Scheduled
TMS004204,AST004780,Crossing,C00036,47.1,Track geometry defect,Track Geometry,Medium,4,3,4,2025-06-14,2025-07-03,0,318,4,Preventive,Yes,Yes,Open
TMS004205,AST000162,Ballast,C00044,49.1,Gauge defect,Track Geometry,Critical,5,4,3,2025-06-13,2025-06-17,14,150,5,Corrective,No,Yes,Open
TMS004206,AST000721,Sleeper,C00080,73.1,Scheduled inspection,Inspection,Medium,2,1,2,2025-04-18,2025-05-11,51,33,3,Inspection,No,Yes,Open
TMS004207,AST000929,Rail,C00006,4.9,Preventive maintenance,Preventive,Low,2,1,1,2025-06-12,2025-07-24,0,99,2,Preventive,No,Yes,Open
TMS004208,AST002221,Bridge,C00081,70.0,Ballast deficiency,Ballast Defect,Medium,1,2,2,2025-06-18,2025-07-09,0,110,2,Preventive,Yes,No,Scheduled
TMS004209,AST000812,Track,C00087,45.9,Sleeper damage,Sleeper Defect,Critical,2,5,4,2025-06-02,2025-06-07,24,154,3,Corrective,No,Yes,Open
TMS004210,AST000952,Rail,C00085,194.6,Drainage issue,Drainage,Low,4,2,1,2025-04-07,2025-05-07,55,130,3,Preventive,Yes,Yes,Scheduled
TMS004211,AST000167,Sleeper,C00034,5.3,Ballast deficiency,Ballast Defect,High,3,3,3,2025-06-16,2025-06-25,6,109,2,Corrective,Yes,Yes,Scheduled
TMS004212,AST002539,Turnout,C00024,10.3,Drainage issue,Drainage,Medium,1,2,1,2025-06-30,2025-07-16,0,78,3,Preventive,Yes,Yes,Deferred
TMS004213,AST001652,Crossing,C00038,156.5,Rail wear,Rail Defect,Critical,3,4,5,2025-02-24,2025-02-27,0,174,2,Corrective,No,Yes,Completed
TMS004214,AST002689,Rail,C00088,46.1,Rail wear,Rail Defect,Low,3,2,2,2025-05-31,2025-07-23,0,118,5,Preventive,No,Yes,Open
TMS004215,AST000971,Weld,C00031,85.3,Ballast deficiency,Ballast Defect,Low,2,1,2,2025-02-05,2025-03-15,108,167,4,Preventive,Yes,Yes,Scheduled
TMS004216,AST004711,Bridge,C00080,32.6,Drainage issue,Drainage,Medium,2,3,2,2025-05-22,2025-06-16,15,136,3,Preventive,Yes,Yes,In Progress
TMS004217,AST002795,Crossing,C00005,73.9,Gauge defect,Track Geometry,Medium,4,2,2,2025-06-19,2025-07-09,0,221,4,Preventive,No,Yes,Completed
TMS004218,AST005164,Crossing,C00064,135.1,Track geometry defect,Track Geometry,Low,4,1,2,2025-05-28,2025-07-17,0,126,4,Preventive,No,Yes,Completed
TMS004219,AST000321,Bridge,C00060,40.9,Rail crack,Rail Defect,Medium,3,3,4,2025-05-09,2025-05-31,0,205,5,Preventive,Yes,Yes,Completed
TMS004220,AST003431,Switch,C00012,108.8,Rail crack,Rail Defect,Medium,3,2,3,2025-05-21,2025-06-10,21,179,2,Preventive,Yes,Yes,In Progress
TMS004221,AST003241,Crossing,C00032,15.2,Weld defect,Rail Defect,High,4,4,2,2025-05-03,2025-05-10,52,172,4,Corrective,No,Yes,Scheduled
TMS004222,AST004972,Switch,C00024,23.1,Scheduled inspection,Inspection,Low,1,2,2,2025-03-15,2025-04-28,64,111,2,Inspection,No,Yes,Open
TMS004223,AST003905,Switch,C00070,16.6,Sleeper damage,Sleeper Defect,Low,2,1,1,2025-06-26,2025-07-30,0,122,3,Preventive,No,Yes,Open
TMS004224,AST000900,Track,C00060,24.9,Corrective maintenance,Corrective,Medium,3,3,3,2025-06-29,2025-07-26,0,244,3,Corrective,No,Yes,Open
TMS004225,AST004688,Ballast,C00052,203.5,Alignment defect,Track Geometry,High,3,4,3,2025-06-28,2025-07-11,0,185,4,Corrective,No,Yes,Completed
TMS004226,AST000385,Ballast,C00093,37.5,Turnout wear,Turnout/Switch Defect,Medium,2,2,2,2025-06-27,2025-07-24,0,216,5,Preventive,No,Yes,Open
TMS004227,AST000442,Weld,C00004,65.9,Alignment defect,Track Geometry,Medium,5,3,3,2025-05-20,2025-06-09,0,107,4,Preventive,Yes,Yes,Completed
TMS004228,AST002896,Crossing,C00037,14.5,Track geometry defect,Track Geometry,Medium,4,2,3,2025-06-14,2025-07-10,0,144,2,Preventive,Yes,Yes,Open
TMS004229,AST004440,Ballast,C00062,39.9,Alignment defect,Track Geometry,High,2,4,2,2025-06-13,2025-06-22,9,62,2,Corrective,No,Yes,Open
TMS004230,AST005040,Crossing,C00048,47.6,Ballast deficiency,Ballast Defect,Low,2,2,2,2025-04-18,2025-06-01,0,119,2,Preventive,Yes,Yes,Completed
TMS004231,AST000172,Rail,C00096,82.5,Corrective maintenance,Corrective,Critical,4,5,3,2025-06-27,2025-07-03,0,359,6,Corrective,No,Yes,Open
TMS004232,AST002968,Rail,C00079,50.1,Rail crack,Rail Defect,Low,3,2,2,2025-06-12,2025-07-26,0,190,4,Preventive,Yes,Yes,Open
TMS004233,AST000982,Switch,C00043,17.9,Turnout wear,Turnout/Switch Defect,Medium,3,3,1,2025-06-26,2025-07-19,0,207,4,Preventive,No,Yes,Completed
TMS004234,AST004420,Weld,C00028,75.5,Drainage issue,Drainage,Medium,3,2,3,2025-05-12,2025-05-31,0,82,5,Preventive,Yes,Yes,Completed
TMS004235,AST000673,Sleeper,C00091,124.5,Alignment defect,Track Geometry,High,4,3,2,2025-03-06,2025-03-13,110,194,3,Corrective,Yes,No,Open
TMS004236,AST004888,Ballast,C00065,25.7,Sleeper damage,Sleeper Defect,Low,1,2,1,2025-06-20,2025-07-25,0,74,3,Preventive,No,Yes,In Progress
TMS004237,AST005050,Crossing,C00041,6.1,Gauge defect,Track Geometry,Low,4,2,3,2025-04-08,2025-05-11,51,116,2,Preventive,No,Yes,Open
TMS004238,AST000201,Ballast,C00003,54.9,Drainage issue,Drainage,High,3,3,2,2025-03-01,2025-03-10,113,128,5,Corrective,Yes,Yes,Scheduled
TMS004239,AST004598,Track,C00094,9.7,Turnout wear,Turnout/Switch Defect,Critical,2,4,3,2025-05-15,2025-05-20,42,186,4,Corrective,No,Yes,Scheduled
TMS004240,AST000464,Switch,C00050,14.6,Rail wear,Rail Defect,Low,2,2,1,2025-06-19,2025-07-24,0,192,5,Preventive,No,Yes,Open
TMS004241,AST004013,Track,C00093,43.7,Alignment defect,Track Geometry,Low,2,2,2,2025-04-09,2025-05-23,39,156,3,Preventive,Yes,Yes,Open
TMS004242,AST004042,Switch,C00004,55.2,Rail wear,Rail Defect,Medium,3,2,2,2025-05-14,2025-06-11,20,203,1,Preventive,No,Yes,In Progress
TMS004243,AST004234,Turnout,C00065,20.1,Alignment defect,Track Geometry,High,2,4,3,2025-05-25,2025-06-04,27,216,3,Corrective,Yes,Yes,Open
TMS004244,AST004389,Switch,C00075,72.8,Weld defect,Rail Defect,Low,1,2,1,2025-06-29,2025-08-04,0,109,3,Preventive,No,Yes,In Progress
TMS004245,AST002031,Turnout,C00007,32.3,Drainage issue,Drainage,Critical,4,5,3,2025-05-25,2025-05-29,33,101,4,Corrective,No,No,Scheduled
TMS004246,AST002597,Crossing,C00090,31.2,Corrective maintenance,Corrective,High,5,4,4,2025-06-09,2025-06-17,14,271,5,Corrective,No,Yes,Scheduled
TMS004247,AST001665,Crossing,C00034,18.3,Corrective maintenance,Corrective,Medium,3,2,3,2025-02-28,2025-03-21,0,286,5,Corrective,No,Yes,Completed
TMS004248,AST000953,Track,C00032,10.3,Weld defect,Rail Defect,Low,2,2,1,2025-05-13,2025-06-23,8,142,2,Preventive,No,Yes,Open
TMS004249,AST002409,Turnout,C00080,12.0,Alignment defect,Track Geometry,Critical,4,5,3,2025-03-19,2025-03-24,99,310,4,Corrective,Yes,Yes,Open
TMS004250,AST005004,Sleeper,C00061,60.2,Rail crack,Rail Defect,Medium,2,2,3,2025-05-09,2025-06-08,0,208,4,Preventive,Yes,Yes,Completed
TMS004251,AST002047,Rail,C00050,33.3,Sleeper damage,Sleeper Defect,High,3,3,3,2025-06-05,2025-06-16,15,117,2,Corrective,Yes,No,Open
TMS004252,AST003581,Turnout,C00047,7.1,Turnout wear,Turnout/Switch Defect,Low,3,2,2,2025-05-09,2025-06-26,5,200,3,Preventive,No,Yes,Open
TMS004253,AST002433,Turnout,C00069,228.4,Turnout wear,Turnout/Switch Defect,High,3,4,2,2025-05-20,2025-06-01,30,206,6,Corrective,No,Yes,Open
TMS004254,AST000757,Switch,C00045,12.2,Weld defect,Rail Defect,High,4,4,1,2025-04-20,2025-05-02,0,143,2,Corrective,No,No,Completed
TMS004255,AST000097,Ballast,C00041,27.8,Ballast deficiency,Ballast Defect,Low,1,2,2,2025-02-27,2025-04-12,80,136,3,Preventive,Yes,Yes,Open
TMS004256,AST004070,Switch,C00094,14.0,Sleeper damage,Sleeper Defect,Critical,3,5,3,2025-04-25,2025-05-01,0,98,2,Corrective,Yes,No,Completed
TMS004257,AST003610,Switch,C00017,3.9,Sleeper damage,Sleeper Defect,Medium,3,3,2,2025-06-19,2025-07-15,0,140,3,Preventive,Yes,Yes,Deferred
TMS004258,AST003686,Track,C00092,37.7,Corrective maintenance,Corrective,Critical,4,5,3,2025-06-25,2025-07-02,0,360,6,Corrective,No,Yes,Deferred
TMS004259,AST004616,Track,C00017,2.8,Scheduled inspection,Inspection,High,4,3,3,2025-06-20,2025-07-02,0,40,2,Inspection,No,No,Open
TMS004260,AST003534,Sleeper,C00001,262.0,Ballast deficiency,Ballast Defect,Medium,2,2,1,2025-06-28,2025-07-16,0,137,2,Preventive,Yes,Yes,Open
TMS004261,AST000157,Track,C00004,98.9,Corrective maintenance,Corrective,High,3,5,2,2025-06-17,2025-06-28,3,236,5,Corrective,No,Yes,In Progress
TMS004262,AST000091,Turnout,C00012,12.1,Track geometry defect,Track Geometry,Medium,2,3,2,2025-03-08,2025-03-29,0,227,3,Preventive,Yes,Yes,Completed
TMS004263,AST004591,Switch,C00093,82.3,Rail wear,Rail Defect,Low,2,1,2,2025-05-19,2025-07-11,0,85,4,Preventive,No,Yes,Open
TMS004264,AST002389,Switch,C00005,74.7,Turnout wear,Turnout/Switch Defect,Medium,3,2,2,2025-06-08,2025-06-28,0,258,3,Preventive,No,Yes,Completed
TMS004265,AST005054,Weld,C00004,121.6,Rail crack,Rail Defect,Low,1,3,1,2025-02-27,2025-04-04,88,160,4,Preventive,Yes,Yes,In Progress
TMS004266,AST000691,Switch,C00018,81.3,Sleeper damage,Sleeper Defect,Medium,1,2,1,2025-06-14,2025-07-03,0,226,4,Preventive,No,Yes,Completed
TMS004267,AST003274,Switch,C00008,44.1,Rail wear,Rail Defect,High,2,3,3,2025-05-12,2025-05-22,0,98,3,Corrective,No,Yes,Completed
TMS004268,AST003982,Switch,C00032,0.2,Rail crack,Rail Defect,Medium,3,3,1,2025-06-04,2025-06-27,4,166,4,Preventive,Yes,Yes,Open
TMS004269,AST000761,Rail,C00091,230.1,Corrective maintenance,Corrective,High,4,4,1,2025-04-23,2025-04-30,62,281,5,Corrective,No,Yes,Open
TMS004270,AST002360,Sleeper,C00048,120.0,Gauge defect,Track Geometry,Low,2,2,1,2025-06-10,2025-08-07,0,178,3,Preventive,No,Yes,Deferred
TMS004271,AST004673,Bridge,C00049,9.3,Turnout wear,Turnout/Switch Defect,High,4,3,2,2025-06-27,2025-07-10,0,263,4,Corrective,No,Yes,Open
TMS004272,AST004032,Rail,C00007,63.7,Alignment defect,Track Geometry,Medium,4,3,1,2025-02-07,2025-02-26,0,227,5,Preventive,Yes,Yes,Completed
TMS004273,AST003077,Ballast,C00083,41.7,Ballast deficiency,Ballast Defect,Medium,4,3,1,2025-05-23,2025-06-14,17,108,2,Preventive,Yes,Yes,Open
TMS004274,AST001982,Bridge,C00073,47.8,Rail crack,Rail Defect,Low,3,2,2,2025-06-12,2025-07-31,0,160,4,Preventive,Yes,Yes,Scheduled
TMS004275,AST004218,Turnout,C00039,11.4,Preventive maintenance,Preventive,Low,2,2,2,2025-06-23,2025-08-07,0,118,3,Preventive,No,Yes,In Progress
TMS004276,AST000466,Bridge,C00004,50.6,Ballast deficiency,Ballast Defect,High,2,4,3,2025-06-19,2025-07-03,0,144,3,Corrective,Yes,Yes,Scheduled
TMS004277,AST005191,Turnout,C00098,1.3,Turnout wear,Turnout/Switch Defect,Critical,3,4,5,2025-06-26,2025-06-30,1,307,5,Corrective,No,Yes,Open
TMS004278,AST003271,Track,C00028,97.3,Weld defect,Rail Defect,Critical,3,4,4,2025-05-15,2025-05-20,42,132,4,Corrective,No,Yes,In Progress
TMS004279,AST005169,Switch,C00029,23.8,Corrective maintenance,Corrective,Medium,3,2,3,2025-06-17,2025-07-14,0,354,5,Corrective,Yes,No,Deferred
TMS004280,AST001936,Weld,C00018,36.9,Sleeper damage,Sleeper Defect,Medium,4,3,2,2025-05-27,2025-06-20,0,75,2,Preventive,No,Yes,Completed
TMS004281,AST004749,Weld,C00060,34.2,Sleeper damage,Sleeper Defect,Low,1,2,1,2025-05-08,2025-06-26,5,33,2,Preventive,No,Yes,Open
TMS004282,AST000196,Crossing,C00022,101.4,Rail wear,Rail Defect,Medium,2,4,1,2025-02-02,2025-02-24,127,110,3,Preventive,No,Yes,Deferred
TMS004283,AST002764,Turnout,C00019,116.8,Rail crack,Rail Defect,Medium,4,4,2,2025-06-20,2025-07-12,0,202,5,Preventive,No,Yes,Open
TMS004284,AST003047,Ballast,C00053,43.9,Drainage issue,Drainage,Medium,3,2,3,2025-06-15,2025-07-01,0,115,2,Preventive,Yes,No,Completed
TMS004285,AST004740,Rail,C00069,78.3,Sleeper damage,Sleeper Defect,Low,2,1,2,2025-06-30,2025-08-08,0,73,5,Preventive,No,Yes,Open
TMS004286,AST002950,Track,C00018,58.2,Weld defect,Rail Defect,High,4,4,4,2025-06-09,2025-06-18,13,187,3,Corrective,No,Yes,Scheduled
TMS004287,AST001261,Sleeper,C00056,31.1,Weld defect,Rail Defect,Medium,2,3,3,2025-06-03,2025-06-25,6,149,3,Preventive,No,Yes,Open
TMS004288,AST001834,Track,C00043,0.2,Preventive maintenance,Preventive,Medium,3,2,1,2025-06-04,2025-06-28,0,86,3,Preventive,No,Yes,Completed
TMS004289,AST003307,Switch,C00042,39.8,Turnout wear,Turnout/Switch Defect,High,3,3,3,2025-06-13,2025-06-21,10,248,5,Corrective,No,Yes,Scheduled
TMS004290,AST000203,Track,C00032,2.0,Scheduled inspection,Inspection,Critical,4,5,3,2025-06-14,2025-06-19,12,127,2,Inspection,No,No,In Progress
TMS004291,AST003319,Rail,C00023,14.1,Rail wear,Rail Defect,Low,2,1,2,2025-06-22,2025-08-19,0,175,3,Preventive,No,Yes,In Progress
TMS004292,AST003016,Sleeper,C00034,29.8,Turnout wear,Turnout/Switch Defect,Low,2,1,1,2025-05-13,2025-06-18,13,299,3,Preventive,No,No,In Progress
TMS004293,AST004823,Bridge,C00060,24.9,Weld defect,Rail Defect,High,5,5,2,2025-06-14,2025-06-25,6,179,3,Corrective,No,Yes,Open
TMS004294,AST001789,Weld,C00023,10.4,Drainage issue,Drainage,Medium,2,3,3,2025-05-21,2025-06-13,0,107,2,Preventive,Yes,Yes,Completed
TMS004295,AST003832,Track,C00052,49.1,Weld defect,Rail Defect,Medium,2,2,2,2025-06-26,2025-07-18,0,104,3,Preventive,Yes,Yes,In Progress
TMS004296,AST000970,Switch,C00034,6.5,Drainage issue,Drainage,Medium,2,2,4,2025-06-12,2025-07-05,0,35,4,Preventive,Yes,Yes,Scheduled
TMS004297,AST003693,Crossing,C00083,69.7,Rail crack,Rail Defect,High,2,4,2,2025-05-19,2025-06-01,30,91,5,Corrective,Yes,Yes,In Progress
TMS004298,AST002280,Weld,C00002,31.8,Weld defect,Rail Defect,Medium,3,2,2,2025-04-19,2025-05-10,52,83,3,Preventive,No,Yes,Open
TMS004299,AST001487,Sleeper,C00095,14.6,Sleeper damage,Sleeper Defect,Low,3,2,2,2025-05-14,2025-06-23,8,96,3,Preventive,No,Yes,In Progress
TMS004300,AST004624,Sleeper,C00088,45.9,Corrective maintenance,Corrective,Medium,2,3,1,2025-03-11,2025-04-02,90,208,4,Corrective,No,Yes,In Progress
TMS004301,AST004983,Weld,C00024,67.6,Preventive maintenance,Preventive,Medium,3,3,1,2025-06-30,2025-07-24,0,95,2,Preventive,No,Yes,Open
TMS004302,AST001223,Track,C00099,7.5,Weld defect,Rail Defect,Medium,3,2,3,2025-06-23,2025-07-12,0,143,2,Preventive,No,Yes,Open
TMS004303,AST004131,Sleeper,C00026,69.4,Gauge defect,Track Geometry,High,4,4,2,2025-06-17,2025-06-29,0,178,3,Corrective,No,Yes,Completed
TMS004304,AST002264,Turnout,C00097,24.9,Track geometry defect,Track Geometry,Medium,1,3,1,2025-06-15,2025-07-04,0,179,5,Preventive,Yes,Yes,Open
TMS004305,AST002288,Crossing,C00029,103.3,Turnout wear,Turnout/Switch Defect,Low,3,2,2,2025-02-27,2025-04-08,84,194,4,Preventive,No,Yes,Open
TMS004306,AST000138,Crossing,C00028,3.5,Track geometry defect,Track Geometry,Critical,3,4,2,2025-06-27,2025-07-03,0,204,6,Corrective,Yes,Yes,Scheduled
TMS004307,AST003817,Turnout,C00060,5.2,Scheduled inspection,Inspection,High,4,4,2,2025-06-23,2025-07-04,0,70,2,Inspection,No,No,Scheduled
TMS004308,AST000645,Sleeper,C00092,72.6,Turnout wear,Turnout/Switch Defect,Low,3,1,1,2025-05-15,2025-06-24,0,207,3,Preventive,Yes,Yes,Completed
TMS004309,AST004745,Weld,C00072,20.1,Weld defect,Rail Defect,Medium,3,3,2,2025-06-14,2025-07-05,0,184,5,Preventive,No,Yes,Open
TMS004310,AST000001,Weld,C00068,66.6,Drainage issue,Drainage,High,4,3,1,2025-06-05,2025-06-16,15,83,4,Corrective,Yes,No,Open
TMS004311,AST002056,Sleeper,C00042,11.8,Track geometry defect,Track Geometry,Low,2,2,1,2025-03-18,2025-04-30,62,222,3,Preventive,Yes,Yes,Open
TMS004312,AST000323,Ballast,C00053,63.0,Alignment defect,Track Geometry,Low,3,1,1,2025-06-08,2025-07-12,0,71,3,Preventive,Yes,Yes,Deferred
TMS004313,AST002919,Rail,C00050,52.4,Alignment defect,Track Geometry,Low,4,1,2,2025-05-30,2025-07-18,0,177,4,Preventive,Yes,Yes,Open
TMS004314,AST001306,Bridge,C00029,6.9,Preventive maintenance,Preventive,Low,2,1,3,2025-06-11,2025-07-19,0,44,3,Preventive,No,Yes,In Progress
TMS004315,AST003770,Sleeper,C00083,11.3,Scheduled inspection,Inspection,High,4,4,3,2025-06-28,2025-07-09,0,116,2,Inspection,No,No,Open
TMS004316,AST000092,Ballast,C00097,3.1,Rail wear,Rail Defect,Low,1,2,1,2025-05-11,2025-06-21,10,150,3,Preventive,No,Yes,Scheduled
TMS004317,AST002313,Crossing,C00052,35.6,Rail wear,Rail Defect,Medium,3,2,1,2025-06-16,2025-07-09,0,223,2,Preventive,No,Yes,Scheduled
TMS004318,AST003507,Turnout,C00016,18.5,Sleeper damage,Sleeper Defect,Low,2,2,1,2025-03-05,2025-04-23,69,63,2,Preventive,No,No,Scheduled
TMS004319,AST002956,Turnout,C00011,80.3,Scheduled inspection,Inspection,Low,2,2,2,2025-06-25,2025-08-09,0,129,4,Inspection,No,No,Deferred
TMS004320,AST002599,Weld,C00037,27.0,Rail crack,Rail Defect,Low,3,3,1,2025-06-15,2025-08-01,0,160,4,Preventive,Yes,Yes,Deferred
TMS004321,AST004203,Track,C00064,75.2,Gauge defect,Track Geometry,High,3,4,3,2025-02-16,2025-02-25,0,101,4,Corrective,No,Yes,Completed
TMS004322,AST004156,Turnout,C00046,18.3,Weld defect,Rail Defect,Low,3,1,1,2025-06-29,2025-08-01,0,118,3,Preventive,No,Yes,In Progress
TMS004323,AST002829,Crossing,C00064,14.4,Rail crack,Rail Defect,Low,2,2,1,2025-06-14,2025-08-04,0,205,4,Preventive,Yes,Yes,Scheduled
TMS004324,AST001799,Ballast,C00020,35.1,Corrective maintenance,Corrective,High,4,4,4,2025-06-22,2025-07-02,0,174,3,Corrective,No,No,Scheduled
TMS004325,AST002922,Bridge,C00089,72.5,Ballast deficiency,Ballast Defect,High,2,2,2,2025-05-30,2025-06-11,20,264,5,Corrective,Yes,Yes,Open
TMS004326,AST004898,Sleeper,C00019,44.8,Ballast deficiency,Ballast Defect,Low,3,1,2,2025-04-24,2025-06-20,0,126,3,Preventive,Yes,Yes,Completed
TMS004327,AST002455,Weld,C00081,9.6,Rail crack,Rail Defect,Low,3,2,1,2025-06-12,2025-07-27,0,165,4,Preventive,Yes,Yes,Open
TMS004328,AST001989,Turnout,C00076,136.7,Gauge defect,Track Geometry,Low,1,2,1,2025-06-16,2025-08-05,0,187,3,Preventive,No,Yes,Scheduled
TMS004329,AST003802,Switch,C00047,57.7,Corrective maintenance,Corrective,Low,2,3,2,2025-05-19,2025-06-26,0,219,2,Corrective,No,Yes,Completed
TMS004330,AST003621,Sleeper,C00046,6.4,Turnout wear,Turnout/Switch Defect,Critical,4,5,4,2025-02-02,2025-02-06,0,350,4,Corrective,No,Yes,Completed
TMS004331,AST004679,Sleeper,C00050,54.6,Preventive maintenance,Preventive,Low,2,2,1,2025-06-21,2025-08-05,0,78,3,Preventive,No,Yes,In Progress
TMS004332,AST004912,Turnout,C00038,88.8,Weld defect,Rail Defect,Low,2,2,1,2025-05-06,2025-07-02,0,148,4,Preventive,No,Yes,Scheduled
TMS004333,AST001925,Bridge,C00061,36.7,Ballast deficiency,Ballast Defect,Medium,3,3,1,2025-06-28,2025-07-20,0,102,3,Preventive,No,Yes,Completed
TMS004334,AST005004,Sleeper,C00061,60.2,Weld defect,Rail Defect,Medium,3,2,2,2025-06-16,2025-07-05,0,108,2,Preventive,No,Yes,Completed
TMS004335,AST000903,Weld,C00088,95.0,Weld defect,Rail Defect,Low,2,2,1,2025-05-04,2025-06-07,24,121,3,Preventive,No,Yes,Scheduled
TMS004336,AST003978,Ballast,C00038,156.6,Ballast deficiency,Ballast Defect,Critical,4,4,2,2025-06-30,2025-07-04,0,181,3,Corrective,Yes,Yes,Open
TMS004337,AST002307,Weld,C00045,111.1,Gauge defect,Track Geometry,Low,3,2,1,2025-06-05,2025-07-14,0,171,2,Preventive,No,Yes,Open
TMS004338,AST000657,Weld,C00096,126.2,Rail crack,Rail Defect,Low,2,2,2,2025-03-06,2025-04-15,77,216,5,Preventive,Yes,Yes,Open
TMS004339,AST000014,Track,C00094,40.1,Alignment defect,Track Geometry,Low,2,3,2,2025-02-07,2025-03-25,98,125,3,Preventive,Yes,Yes,Open
TMS004340,AST002216,Weld,C00050,45.7,Weld defect,Rail Defect,Critical,2,5,4,2025-05-25,2025-05-29,33,163,3,Corrective,No,Yes,Scheduled
TMS004341,AST002264,Turnout,C00097,24.9,Sleeper damage,Sleeper Defect,Medium,2,3,1,2025-06-28,2025-07-25,0,98,2,Preventive,No,Yes,In Progress
TMS004342,AST000842,Crossing,C00011,52.4,Ballast deficiency,Ballast Defect,Low,2,2,2,2025-05-17,2025-06-20,0,105,1,Preventive,Yes,Yes,Completed
TMS004343,AST002846,Ballast,C00055,42.5,Turnout wear,Turnout/Switch Defect,High,3,4,2,2025-06-12,2025-06-21,10,264,3,Corrective,No,Yes,Open
TMS004344,AST001601,Track,C00014,77.4,Ballast deficiency,Ballast Defect,Low,2,2,2,2025-05-09,2025-06-26,5,105,4,Preventive,Yes,Yes,Scheduled
TMS004345,AST004315,Track,C00080,23.8,Ballast deficiency,Ballast Defect,Medium,5,2,1,2025-06-22,2025-07-16,0,173,3,Preventive,Yes,Yes,Open
TMS004346,AST003431,Switch,C00012,108.8,Ballast deficiency,Ballast Defect,Critical,4,4,5,2025-05-15,2025-05-21,41,171,3,Corrective,Yes,Yes,In Progress
TMS004347,AST004332,Turnout,C00079,17.9,Drainage issue,Drainage,Low,2,2,2,2025-06-21,2025-07-30,0,35,1,Preventive,Yes,Yes,Open
TMS004348,AST001981,Track,C00033,105.5,Alignment defect,Track Geometry,Medium,3,3,2,2025-06-20,2025-07-15,0,206,3,Preventive,No,Yes,Scheduled
TMS004349,AST003702,Crossing,C00063,104.3,Track geometry defect,Track Geometry,Low,2,1,1,2025-06-23,2025-08-03,0,240,4,Preventive,Yes,Yes,Scheduled
TMS004350,AST000577,Ballast,C00077,59.6,Scheduled inspection,Inspection,Low,3,1,2,2025-05-14,2025-06-25,6,123,1,Inspection,No,No,Open
TMS004351,AST000435,Switch,C00071,10.3,Sleeper damage,Sleeper Defect,Critical,4,4,3,2025-06-10,2025-06-15,0,86,3,Corrective,No,Yes,Completed
TMS004352,AST001277,Sleeper,C00010,15.1,Sleeper damage,Sleeper Defect,Medium,4,3,2,2025-06-11,2025-07-04,0,90,3,Preventive,No,Yes,Open
TMS004353,AST001099,Sleeper,C00086,72.6,Track geometry defect,Track Geometry,Medium,2,2,1,2025-06-17,2025-07-10,0,217,4,Preventive,Yes,No,Scheduled
TMS004354,AST001179,Weld,C00097,31.1,Track geometry defect,Track Geometry,High,3,3,3,2025-02-10,2025-02-19,132,333,4,Corrective,No,Yes,Open
TMS004355,AST002966,Rail,C00048,58.0,Sleeper damage,Sleeper Defect,Critical,3,4,2,2025-06-25,2025-06-29,0,132,3,Corrective,No,No,Completed
TMS004356,AST001276,Turnout,C00032,20.2,Drainage issue,Drainage,Medium,2,2,1,2025-02-24,2025-03-12,111,67,3,Preventive,Yes,Yes,Open
TMS004357,AST002391,Rail,C00046,0.5,Alignment defect,Track Geometry,High,3,3,3,2025-06-27,2025-07-07,0,146,2,Corrective,Yes,Yes,Deferred
TMS004358,AST004533,Switch,C00057,91.1,Preventive maintenance,Preventive,Low,2,1,1,2025-02-19,2025-04-06,86,57,3,Preventive,No,Yes,Scheduled
TMS004359,AST003117,Rail,C00094,22.2,Rail wear,Rail Defect,Low,2,1,1,2025-06-27,2025-08-03,0,174,4,Preventive,No,Yes,Open
TMS004360,AST001213,Sleeper,C00041,2.2,Sleeper damage,Sleeper Defect,High,4,3,2,2025-06-11,2025-06-21,10,115,3,Corrective,No,Yes,Open
TMS004361,AST004367,Bridge,C00021,127.3,Alignment defect,Track Geometry,Medium,3,3,2,2025-06-12,2025-06-27,4,156,3,Preventive,Yes,Yes,Scheduled
TMS004362,AST001260,Track,C00091,77.8,Alignment defect,Track Geometry,Medium,3,3,2,2025-06-04,2025-07-03,0,183,3,Preventive,Yes,Yes,Scheduled
TMS004363,AST000709,Rail,C00059,16.4,Sleeper damage,Sleeper Defect,Critical,4,5,3,2025-06-13,2025-06-17,14,122,4,Corrective,No,Yes,Scheduled
TMS004364,AST004425,Sleeper,C00053,81.5,Turnout wear,Turnout/Switch Defect,Medium,4,3,2,2025-06-18,2025-07-13,0,247,4,Preventive,No,Yes,Open
TMS004365,AST000459,Weld,C00041,3.1,Rail crack,Rail Defect,High,2,3,3,2025-06-08,2025-06-20,0,135,2,Corrective,Yes,Yes,Completed
TMS004366,AST002928,Switch,C00040,38.7,Scheduled inspection,Inspection,High,3,5,3,2025-06-26,2025-07-07,0,67,1,Inspection,No,No,Scheduled
TMS004367,AST001867,Track,C00054,14.2,Gauge defect,Track Geometry,Medium,2,1,2,2025-05-15,2025-06-08,23,175,4,Preventive,No,No,Open
TMS004368,AST001958,Switch,C00043,4.9,Ballast deficiency,Ballast Defect,Low,2,1,1,2025-06-12,2025-07-13,0,96,2,Preventive,No,Yes,Scheduled
TMS004369,AST005079,Bridge,C00071,0.7,Weld defect,Rail Defect,Medium,3,3,3,2025-04-11,2025-04-29,63,179,4,Preventive,No,Yes,Scheduled
TMS004370,AST001210,Rail,C00066,1.0,Ballast deficiency,Ballast Defect,Medium,1,2,2,2025-04-22,2025-05-15,47,168,4,Preventive,Yes,Yes,Open
TMS004371,AST002627,Sleeper,C00009,19.3,Scheduled inspection,Inspection,Critical,5,3,4,2025-04-02,2025-04-06,86,66,4,Inspection,No,Yes,Scheduled
TMS004372,AST002452,Sleeper,C00026,172.3,Ballast deficiency,Ballast Defect,High,4,3,3,2025-06-21,2025-07-03,0,130,4,Corrective,Yes,Yes,Open
TMS004373,AST004958,Switch,C00096,11.8,Sleeper damage,Sleeper Defect,High,3,3,3,2025-05-27,2025-06-08,23,175,4,Corrective,No,Yes,In Progress
TMS004374,AST001796,Rail,C00041,11.8,Weld defect,Rail Defect,Low,1,1,2,2025-06-28,2025-08-05,0,119,3,Preventive,No,No,Open
TMS004375,AST004397,Sleeper,C00034,9.0,Sleeper damage,Sleeper Defect,Medium,2,2,2,2025-06-17,2025-07-07,0,87,2,Preventive,No,Yes,Open
TMS004376,AST004408,Track,C00055,29.7,Weld defect,Rail Defect,Low,2,2,2,2025-06-02,2025-07-18,0,128,4,Preventive,No,No,Open
TMS004377,AST003377,Crossing,C00068,145.2,Rail crack,Rail Defect,Medium,4,2,2,2025-05-29,2025-06-15,0,129,3,Preventive,Yes,Yes,Completed
TMS004378,AST001076,Track,C00072,20.5,Preventive maintenance,Preventive,Medium,3,3,1,2025-06-08,2025-07-01,0,82,1,Preventive,No,Yes,Open
TMS004379,AST000197,Turnout,C00055,52.1,Rail crack,Rail Defect,Low,2,1,1,2025-05-14,2025-07-02,0,283,3,Preventive,Yes,No,Open
TMS004380,AST003825,Turnout,C00074,2.6,Ballast deficiency,Ballast Defect,Medium,2,3,1,2025-06-22,2025-07-17,0,154,2,Preventive,Yes,Yes,Deferred
TMS004381,AST002444,Weld,C00057,87.6,Scheduled inspection,Inspection,Low,2,2,2,2025-05-24,2025-07-13,0,85,3,Inspection,Yes,No,In Progress
TMS004382,AST004907,Switch,C00073,85.4,Scheduled inspection,Inspection,Medium,3,3,2,2025-04-28,2025-05-12,50,43,3,Inspection,No,Yes,Open
TMS004383,AST004792,Sleeper,C00050,53.3,Rail wear,Rail Defect,Medium,2,4,2,2025-06-17,2025-07-08,0,115,3,Preventive,No,Yes,Open
TMS004384,AST003804,Switch,C00050,25.2,Turnout wear,Turnout/Switch Defect,High,3,4,1,2025-05-20,2025-05-26,36,312,5,Corrective,No,Yes,Open
TMS004385,AST001735,Crossing,C00022,75.5,Scheduled inspection,Inspection,Medium,3,2,3,2025-06-30,2025-07-26,0,61,3,Inspection,No,Yes,Open
TMS004386,AST001905,Track,C00028,46.2,Preventive maintenance,Preventive,Low,3,1,2,2025-03-09,2025-04-19,73,123,2,Preventive,Yes,No,In Progress
TMS004387,AST003049,Rail,C00052,113.0,Scheduled inspection,Inspection,Low,3,2,1,2025-06-29,2025-08-17,0,46,2,Inspection,No,Yes,In Progress
TMS004388,AST004117,Track,C00023,24.3,Turnout wear,Turnout/Switch Defect,Low,3,1,1,2025-04-28,2025-05-30,32,232,4,Preventive,No,Yes,Scheduled
TMS004389,AST000901,Switch,C00080,62.8,Drainage issue,Drainage,Low,3,2,2,2025-06-20,2025-07-21,0,81,1,Preventive,Yes,No,Open
TMS004390,AST005253,Rail,C00017,3.2,Rail wear,Rail Defect,Medium,2,4,1,2025-05-15,2025-05-29,33,155,3,Preventive,No,Yes,Open
TMS004391,AST004706,Weld,C00084,36.1,Ballast deficiency,Ballast Defect,Low,4,1,1,2025-02-19,2025-04-06,86,97,3,Preventive,No,No,Open
TMS004392,AST000710,Rail,C00016,14.5,Ballast deficiency,Ballast Defect,Low,3,1,2,2025-06-03,2025-07-21,0,127,3,Preventive,No,Yes,Scheduled
TMS004393,AST005101,Track,C00013,98.2,Track geometry defect,Track Geometry,High,3,3,3,2025-05-11,2025-05-20,42,224,6,Corrective,Yes,Yes,Open
TMS004394,AST002010,Switch,C00038,129.0,Ballast deficiency,Ballast Defect,Medium,4,3,2,2025-06-02,2025-06-20,0,122,5,Preventive,Yes,Yes,Completed
TMS004395,AST001006,Track,C00012,101.1,Corrective maintenance,Corrective,High,3,3,3,2025-06-13,2025-06-24,7,301,6,Corrective,No,Yes,Open
TMS004396,AST003986,Weld,C00001,30.4,Rail crack,Rail Defect,Medium,4,3,1,2025-06-19,2025-07-17,0,216,4,Preventive,Yes,Yes,Open
TMS004397,AST001601,Track,C00014,77.4,Alignment defect,Track Geometry,High,3,4,3,2025-05-10,2025-05-22,40,283,3,Corrective,Yes,Yes,Open
TMS004398,AST000261,Switch,C00069,284.6,Ballast deficiency,Ballast Defect,Low,2,2,1,2025-06-18,2025-07-30,0,97,3,Preventive,Yes,Yes,Open
TMS004399,AST001506,Ballast,C00043,15.3,Scheduled inspection,Inspection,Low,3,1,1,2025-06-20,2025-08-01,0,35,2,Inspection,No,No,Open
TMS004400,AST005247,Rail,C00077,38.4,Preventive maintenance,Preventive,Low,3,2,1,2025-03-29,2025-05-02,0,93,2,Preventive,No,Yes,Completed
TMS004401,AST005003,Track,C00078,24.7,Track geometry defect,Track Geometry,Critical,4,5,4,2025-03-08,2025-03-12,0,305,3,Corrective,No,Yes,Completed
TMS004402,AST004922,Ballast,C00061,31.7,Preventive maintenance,Preventive,Medium,1,3,2,2025-06-17,2025-07-05,0,87,3,Preventive,Yes,Yes,In Progress
TMS004403,AST004680,Crossing,C00096,75.8,Scheduled inspection,Inspection,Low,4,2,1,2025-06-14,2025-07-25,0,64,2,Inspection,No,No,Open
TMS004404,AST001703,Bridge,C00035,105.3,Ballast deficiency,Ballast Defect,Medium,3,3,2,2025-06-11,2025-07-05,0,126,3,Preventive,Yes,Yes,Deferred
TMS004405,AST002370,Rail,C00041,32.0,Preventive maintenance,Preventive,High,3,2,3,2025-06-07,2025-06-20,11,40,2,Preventive,No,Yes,Scheduled
TMS004406,AST005239,Bridge,C00091,55.0,Drainage issue,Drainage,Critical,3,5,3,2025-04-04,2025-04-08,0,119,2,Corrective,Yes,No,Completed
TMS004407,AST005136,Weld,C00068,10.1,Alignment defect,Track Geometry,Medium,2,3,2,2025-02-26,2025-03-14,0,246,5,Preventive,Yes,Yes,Completed
TMS004408,AST001354,Ballast,C00039,6.3,Alignment defect,Track Geometry,High,4,3,3,2025-03-26,2025-04-05,87,197,1,Corrective,Yes,Yes,In Progress
TMS004409,AST004791,Switch,C00081,30.7,Preventive maintenance,Preventive,Low,2,1,1,2025-06-20,2025-07-22,0,151,4,Preventive,No,Yes,In Progress
TMS004410,AST004400,Track,C00036,23.2,Sleeper damage,Sleeper Defect,Medium,3,2,2,2025-05-27,2025-06-19,12,109,6,Preventive,No,Yes,Open
TMS004411,AST000695,Bridge,C00045,138.1,Corrective maintenance,Corrective,Critical,5,5,2,2025-06-29,2025-07-03,0,265,5,Corrective,No,Yes,Completed
TMS004412,AST003230,Track,C00041,19.0,Alignment defect,Track Geometry,Low,1,2,2,2025-06-24,2025-08-19,0,223,2,Preventive,Yes,Yes,Open
TMS004413,AST000073,Bridge,C00021,65.7,Drainage issue,Drainage,Low,2,2,2,2025-03-11,2025-04-10,82,78,3,Preventive,Yes,Yes,Open
TMS004414,AST005019,Switch,C00096,45.4,Turnout wear,Turnout/Switch Defect,Low,2,1,1,2025-04-24,2025-06-09,22,188,3,Preventive,No,Yes,Open
TMS004415,AST004829,Weld,C00018,15.2,Weld defect,Rail Defect,Medium,1,3,1,2025-02-11,2025-03-10,113,191,5,Preventive,No,Yes,Open
TMS004416,AST001792,Weld,C00066,19.4,Rail wear,Rail Defect,Low,1,2,3,2025-06-28,2025-08-17,0,143,4,Preventive,Yes,Yes,Open
TMS004417,AST000685,Weld,C00098,3.8,Weld defect,Rail Defect,Medium,4,2,2,2025-06-04,2025-06-29,2,145,3,Preventive,No,Yes,In Progress
TMS004418,AST001294,Ballast,C00020,69.8,Gauge defect,Track Geometry,High,4,4,3,2025-06-25,2025-07-08,0,164,3,Corrective,No,Yes,Completed
TMS004419,AST000185,Track,C00029,32.3,Scheduled inspection,Inspection,Low,2,2,2,2025-06-18,2025-08-01,0,112,4,Inspection,No,Yes,Open
TMS004420,AST003824,Sleeper,C00008,69.1,Ballast deficiency,Ballast Defect,Critical,4,3,3,2025-04-15,2025-04-19,0,211,4,Corrective,Yes,Yes,Completed
TMS004421,AST003733,Bridge,C00049,58.0,Scheduled inspection,Inspection,High,4,4,1,2025-05-12,2025-05-20,42,84,1,Inspection,No,No,Open
TMS004422,AST001440,Switch,C00098,2.6,Track geometry defect,Track Geometry,Critical,3,4,5,2025-06-25,2025-06-30,1,257,4,Corrective,Yes,Yes,Open
TMS004423,AST001941,Rail,C00037,39.1,Rail wear,Rail Defect,Low,2,1,2,2025-05-27,2025-07-10,0,144,3,Preventive,No,Yes,Scheduled
TMS004424,AST003804,Switch,C00050,25.2,Ballast deficiency,Ballast Defect,Critical,4,4,3,2025-06-28,2025-07-01,0,195,5,Corrective,Yes,Yes,Completed
TMS004425,AST000314,Rail,C00004,91.0,Sleeper damage,Sleeper Defect,High,3,5,2,2025-06-22,2025-07-05,0,65,1,Corrective,No,Yes,Completed
TMS004426,AST003120,Track,C00027,24.1,Ballast deficiency,Ballast Defect,Medium,3,3,1,2025-04-15,2025-05-09,53,112,2,Preventive,Yes,Yes,Scheduled
TMS004427,AST003853,Rail,C00078,7.7,Track geometry defect,Track Geometry,High,2,2,2,2025-06-01,2025-06-12,19,202,5,Corrective,Yes,Yes,Scheduled
TMS004428,AST000733,Sleeper,C00062,41.8,Alignment defect,Track Geometry,Medium,2,2,2,2025-02-24,2025-03-20,103,195,4,Preventive,Yes,No,Scheduled
TMS004429,AST000451,Switch,C00086,86.9,Alignment defect,Track Geometry,Low,3,2,1,2025-02-07,2025-03-28,95,143,4,Preventive,Yes,Yes,Deferred
TMS004430,AST004146,Crossing,C00068,23.7,Rail wear,Rail Defect,Medium,4,2,1,2025-06-01,2025-06-21,0,118,5,Preventive,No,Yes,Completed
TMS004431,AST001882,Switch,C00013,72.0,Weld defect,Rail Defect,Medium,4,4,1,2025-03-26,2025-04-22,70,128,3,Preventive,No,Yes,Open
TMS004432,AST000705,Weld,C00047,36.5,Weld defect,Rail Defect,High,4,5,4,2025-06-13,2025-06-24,7,128,2,Corrective,No,Yes,Scheduled
TMS004433,AST002606,Sleeper,C00018,92.3,Rail wear,Rail Defect,Critical,3,5,3,2025-02-28,2025-03-05,0,261,5,Corrective,No,Yes,Completed
TMS004434,AST003140,Track,C00099,3.8,Drainage issue,Drainage,High,4,3,3,2025-06-29,2025-07-10,0,85,1,Corrective,Yes,Yes,Completed
TMS004435,AST001221,Weld,C00032,22.8,Sleeper damage,Sleeper Defect,High,5,3,3,2025-04-28,2025-05-06,56,93,1,Corrective,No,No,In Progress
TMS004436,AST003286,Sleeper,C00055,67.0,Ballast deficiency,Ballast Defect,Low,4,1,1,2025-06-25,2025-08-19,0,64,2,Preventive,Yes,No,In Progress
TMS004437,AST000308,Switch,C00063,106.0,Turnout wear,Turnout/Switch Defect,Critical,2,5,3,2025-02-26,2025-03-04,119,360,6,Corrective,Yes,No,Scheduled
TMS004438,AST005091,Turnout,C00096,83.1,Gauge defect,Track Geometry,Low,2,3,2,2025-06-18,2025-08-03,0,172,4,Preventive,No,Yes,Open
TMS004439,AST002372,Track,C00060,36.6,Turnout wear,Turnout/Switch Defect,High,4,3,4,2025-06-19,2025-06-28,3,336,4,Corrective,No,Yes,Scheduled
TMS004440,AST003210,Weld,C00100,5.7,Ballast deficiency,Ballast Defect,Low,2,2,1,2025-05-27,2025-07-12,0,71,3,Preventive,Yes,Yes,Completed
TMS004441,AST004142,Ballast,C00062,34.3,Turnout wear,Turnout/Switch Defect,Low,2,1,1,2025-05-25,2025-07-08,0,224,2,Preventive,No,Yes,Deferred
TMS004442,AST003979,Weld,C00016,7.8,Sleeper damage,Sleeper Defect,Low,4,2,1,2025-06-30,2025-08-10,0,175,3,Preventive,No,Yes,Open
TMS004443,AST002225,Ballast,C00068,143.4,Rail crack,Rail Defect,High,5,4,2,2025-06-13,2025-06-28,3,139,3,Corrective,Yes,Yes,Scheduled
TMS004444,AST004056,Ballast,C00009,94.4,Alignment defect,Track Geometry,Medium,4,3,2,2025-06-30,2025-07-29,0,190,4,Preventive,No,Yes,Open
TMS004445,AST004842,Crossing,C00077,0.4,Scheduled inspection,Inspection,High,4,4,3,2025-06-22,2025-07-03,0,71,2,Inspection,No,No,Scheduled
TMS004446,AST000720,Ballast,C00009,65.1,Drainage issue,Drainage,Low,2,2,2,2025-06-16,2025-07-25,0,87,5,Preventive,Yes,Yes,Deferred
TMS004447,AST003439,Turnout,C00095,74.5,Alignment defect,Track Geometry,Medium,1,3,3,2025-05-07,2025-05-28,34,149,3,Preventive,Yes,Yes,Open
TMS004448,AST000088,Crossing,C00052,86.4,Drainage issue,Drainage,Medium,2,2,1,2025-06-12,2025-06-30,0,42,3,Preventive,Yes,Yes,Completed
TMS004449,AST004949,Track,C00028,12.7,Gauge defect,Track Geometry,High,1,4,3,2025-06-25,2025-07-09,0,173,5,Corrective,No,Yes,Deferred
TMS004450,AST002973,Bridge,C00065,53.1,Rail wear,Rail Defect,Low,1,3,1,2025-06-03,2025-07-10,0,96,1,Preventive,No,Yes,Open
TMS004451,AST000163,Track,C00033,61.0,Drainage issue,Drainage,Critical,4,5,4,2025-04-07,2025-04-14,78,93,4,Corrective,Yes,Yes,Deferred
TMS004452,AST002457,Turnout,C00097,31.0,Scheduled inspection,Inspection,High,3,3,3,2025-02-05,2025-02-16,135,44,4,Inspection,No,Yes,Open
TMS004453,AST000360,Turnout,C00074,2.9,Drainage issue,Drainage,High,2,3,3,2025-06-12,2025-06-23,8,101,5,Corrective,Yes,Yes,Open
TMS004454,AST004097,Crossing,C00072,6.2,Scheduled inspection,Inspection,Low,1,1,1,2025-06-18,2025-07-26,0,43,1,Inspection,No,Yes,Scheduled
TMS004455,AST000208,Bridge,C00008,31.5,Corrective maintenance,Corrective,Medium,3,2,2,2025-06-13,2025-07-08,0,284,4,Corrective,No,Yes,Completed
TMS004456,AST001913,Rail,C00028,40.8,Weld defect,Rail Defect,Medium,2,2,3,2025-02-01,2025-02-25,126,176,3,Preventive,No,No,Open
TMS004457,AST000828,Sleeper,C00082,100.7,Gauge defect,Track Geometry,Medium,4,3,2,2025-02-18,2025-03-12,111,180,5,Preventive,No,Yes,Open
TMS004458,AST003834,Track,C00011,19.6,Gauge defect,Track Geometry,Medium,4,3,3,2025-04-30,2025-05-17,45,140,3,Preventive,No,Yes,Open
TMS004459,AST001755,Bridge,C00097,31.1,Sleeper damage,Sleeper Defect,Low,4,2,2,2025-06-15,2025-07-23,0,168,3,Preventive,No,Yes,Scheduled
TMS004460,AST003906,Turnout,C00053,40.5,Turnout wear,Turnout/Switch Defect,High,3,4,3,2025-06-28,2025-07-08,0,236,5,Corrective,No,Yes,Completed
TMS004461,AST003657,Track,C00045,93.3,Rail crack,Rail Defect,Low,2,2,2,2025-03-11,2025-04-19,73,193,3,Preventive,Yes,Yes,Open
TMS004462,AST004124,Switch,C00013,87.5,Alignment defect,Track Geometry,High,4,3,3,2025-06-20,2025-07-01,0,188,2,Corrective,Yes,Yes,Scheduled
TMS004463,AST004818,Track,C00014,10.8,Ballast deficiency,Ballast Defect,Critical,3,3,4,2025-05-29,2025-06-01,0,138,4,Corrective,Yes,Yes,Completed
TMS004464,AST002703,Ballast,C00088,107.6,Rail wear,Rail Defect,Medium,3,2,1,2025-05-08,2025-06-06,25,195,3,Preventive,No,Yes,Open
TMS004465,AST001332,Crossing,C00013,114.6,Gauge defect,Track Geometry,Critical,3,4,3,2025-06-19,2025-06-23,0,241,4,Corrective,No,Yes,Completed
TMS004466,AST005043,Sleeper,C00093,21.0,Preventive maintenance,Preventive,Low,4,1,2,2025-06-15,2025-08-02,0,93,2,Preventive,No,Yes,Deferred
TMS004467,AST003995,Switch,C00058,70.7,Sleeper damage,Sleeper Defect,Critical,5,5,3,2025-06-13,2025-06-18,0,84,3,Corrective,No,No,Completed
TMS004468,AST005182,Weld,C00064,51.3,Preventive maintenance,Preventive,Low,2,1,2,2025-03-22,2025-05-17,0,43,1,Preventive,No,Yes,Completed
TMS004469,AST004928,Turnout,C00099,9.1,Corrective maintenance,Corrective,Low,3,2,2,2025-06-24,2025-08-02,0,269,3,Corrective,Yes,Yes,Scheduled
TMS004470,AST002483,Ballast,C00065,35.2,Preventive maintenance,Preventive,Low,1,2,1,2025-03-25,2025-04-30,62,61,4,Preventive,Yes,Yes,Deferred
TMS004471,AST003102,Rail,C00062,12.8,Gauge defect,Track Geometry,High,4,5,3,2025-06-24,2025-07-04,0,189,3,Corrective,No,Yes,Open
TMS004472,AST003362,Turnout,C00030,23.9,Preventive maintenance,Preventive,Low,3,2,2,2025-05-29,2025-07-18,0,83,3,Preventive,Yes,Yes,Scheduled
TMS004473,AST004173,Turnout,C00081,68.2,Alignment defect,Track Geometry,Critical,3,5,4,2025-03-24,2025-03-28,95,170,3,Corrective,Yes,Yes,Scheduled
TMS004474,AST003942,Bridge,C00033,109.5,Corrective maintenance,Corrective,High,3,3,3,2025-06-30,2025-07-11,0,272,4,Corrective,No,Yes,Deferred
TMS004475,AST000126,Track,C00058,65.1,Corrective maintenance,Corrective,Medium,4,2,2,2025-06-19,2025-07-09,0,312,5,Corrective,Yes,Yes,Open
TMS004476,AST004751,Sleeper,C00005,26.7,Turnout wear,Turnout/Switch Defect,Medium,3,2,3,2025-06-23,2025-07-13,0,206,3,Preventive,No,Yes,In Progress
TMS004477,AST002097,Weld,C00076,112.4,Track geometry defect,Track Geometry,Medium,3,1,2,2025-06-09,2025-07-03,0,218,4,Preventive,Yes,Yes,In Progress
TMS004478,AST003739,Bridge,C00047,27.9,Turnout wear,Turnout/Switch Defect,Low,1,1,2,2025-05-09,2025-06-22,9,226,4,Preventive,No,Yes,Open
TMS004479,AST000500,Bridge,C00027,120.5,Track geometry defect,Track Geometry,Medium,5,2,2,2025-04-28,2025-05-17,45,197,5,Preventive,Yes,Yes,In Progress
TMS004480,AST004661,Sleeper,C00016,57.0,Drainage issue,Drainage,Low,2,2,2,2025-04-14,2025-06-01,30,76,2,Preventive,Yes,Yes,Open
TMS004481,AST002031,Turnout,C00007,32.3,Track geometry defect,Track Geometry,Medium,3,2,2,2025-04-19,2025-05-16,46,190,7,Preventive,Yes,Yes,Open
TMS004482,AST001335,Rail,C00082,18.5,Turnout wear,Turnout/Switch Defect,Low,3,1,1,2025-06-04,2025-07-23,0,317,5,Preventive,No,Yes,Open
TMS004483,AST000620,Switch,C00016,71.4,Rail crack,Rail Defect,Medium,2,2,2,2025-02-28,2025-03-24,0,231,2,Preventive,Yes,Yes,Completed
TMS004484,AST002293,Switch,C00012,55.0,Scheduled inspection,Inspection,Low,2,2,2,2025-06-03,2025-07-28,0,105,4,Inspection,No,Yes,Open
TMS004485,AST000242,Sleeper,C00023,20.2,Gauge defect,Track Geometry,Low,4,2,2,2025-06-06,2025-07-22,0,74,2,Preventive,No,Yes,In Progress
TMS004486,AST001505,Switch,C00052,5.4,Rail wear,Rail Defect,Medium,1,3,2,2025-06-17,2025-07-16,0,156,2,Preventive,No,Yes,Completed
TMS004487,AST001834,Track,C00043,0.2,Drainage issue,Drainage,Low,2,1,1,2025-06-16,2025-08-10,0,83,4,Preventive,Yes,Yes,In Progress
TMS004488,AST001665,Crossing,C00034,18.3,Alignment defect,Track Geometry,High,3,4,2,2025-05-22,2025-05-30,32,153,3,Corrective,Yes,Yes,Scheduled
TMS004489,AST000617,Rail,C00098,0.4,Ballast deficiency,Ballast Defect,High,3,4,3,2025-02-25,2025-03-11,112,158,4,Corrective,Yes,Yes,Open
TMS004490,AST001236,Sleeper,C00005,115.0,Drainage issue,Drainage,Low,2,2,2,2025-06-28,2025-08-05,0,60,3,Preventive,Yes,Yes,Deferred
TMS004491,AST002866,Ballast,C00048,68.9,Rail crack,Rail Defect,Medium,2,4,2,2025-05-20,2025-06-10,21,198,2,Preventive,Yes,Yes,Open
TMS004492,AST001314,Ballast,C00035,84.4,Corrective maintenance,Corrective,Medium,3,3,2,2025-06-29,2025-07-19,0,271,5,Corrective,No,Yes,Open
TMS004493,AST000813,Switch,C00071,14.1,Ballast deficiency,Ballast Defect,Low,1,1,2,2025-06-02,2025-07-10,0,126,3,Preventive,Yes,Yes,Open
TMS004494,AST000763,Bridge,C00092,66.9,Weld defect,Rail Defect,Medium,3,4,2,2025-05-14,2025-06-06,25,108,3,Preventive,No,Yes,Open
TMS004495,AST000241,Weld,C00023,21.2,Weld defect,Rail Defect,Medium,4,4,2,2025-05-10,2025-06-04,27,106,3,Preventive,No,Yes,In Progress
TMS004496,AST004849,Rail,C00033,10.9,Preventive maintenance,Preventive,High,4,4,3,2025-06-19,2025-06-30,1,51,3,Preventive,No,Yes,Open
TMS004497,AST003007,Ballast,C00076,94.3,Turnout wear,Turnout/Switch Defect,Low,4,2,2,2025-03-30,2025-05-27,35,212,4,Preventive,No,Yes,Scheduled
TMS004498,AST003468,Track,C00019,15.0,Gauge defect,Track Geometry,High,3,4,3,2025-06-02,2025-06-11,0,227,4,Corrective,No,Yes,Completed
TMS004499,AST004799,Weld,C00032,6.7,Drainage issue,Drainage,Medium,3,3,2,2025-05-17,2025-06-06,25,92,4,Preventive,Yes,Yes,Deferred
TMS004500,AST002945,Sleeper,C00099,4.9,Ballast deficiency,Ballast Defect,Low,2,4,1,2025-03-25,2025-05-06,56,100,2,Preventive,No,No,Scheduled
TMS004501,AST004425,Sleeper,C00053,81.5,Weld defect,Rail Defect,High,3,5,4,2025-04-14,2025-04-25,67,159,1,Corrective,No,Yes,Deferred
TMS004502,AST001448,Switch,C00096,28.7,Rail crack,Rail Defect,High,2,5,2,2025-05-10,2025-05-20,42,240,4,Corrective,Yes,Yes,Open
TMS004503,AST000737,Crossing,C00001,277.9,Corrective maintenance,Corrective,Medium,4,3,1,2025-03-06,2025-03-27,96,294,5,Corrective,No,Yes,Open
TMS004504,AST000300,Sleeper,C00072,14.3,Rail wear,Rail Defect,High,4,4,2,2025-06-12,2025-06-22,9,171,5,Corrective,Yes,Yes,Scheduled
TMS004505,AST004322,Sleeper,C00077,5.4,Sleeper damage,Sleeper Defect,Low,1,2,1,2025-05-07,2025-06-05,26,88,3,Preventive,No,Yes,Scheduled
TMS004506,AST002605,Switch,C00042,9.8,Scheduled inspection,Inspection,High,1,4,3,2025-02-11,2025-02-20,131,62,2,Inspection,No,Yes,Open
TMS004507,AST004590,Turnout,C00013,127.6,Weld defect,Rail Defect,Low,3,1,2,2025-06-24,2025-08-03,0,89,2,Preventive,No,Yes,Open
TMS004508,AST002389,Switch,C00005,74.7,Scheduled inspection,Inspection,Medium,3,3,2,2025-06-15,2025-07-12,0,76,5,Inspection,Yes,Yes,Completed
TMS004509,AST004369,Sleeper,C00065,8.1,Scheduled inspection,Inspection,Low,2,1,2,2025-06-12,2025-07-24,0,96,2,Inspection,No,Yes,Open
TMS004510,AST002087,Crossing,C00031,54.0,Preventive maintenance,Preventive,Medium,3,3,1,2025-06-02,2025-06-22,9,74,3,Preventive,Yes,Yes,Open
TMS004511,AST003616,Rail,C00023,9.5,Rail wear,Rail Defect,Low,3,2,3,2025-06-25,2025-08-01,0,172,4,Preventive,No,Yes,Scheduled
TMS004512,AST001391,Bridge,C00092,38.6,Rail crack,Rail Defect,High,4,3,2,2025-05-11,2025-05-22,40,179,3,Corrective,Yes,Yes,Scheduled
TMS004513,AST002787,Rail,C00072,44.9,Corrective maintenance,Corrective,Critical,4,4,2,2025-05-31,2025-06-04,0,338,4,Corrective,No,Yes,Completed
TMS004514,AST000639,Turnout,C00010,49.4,Track geometry defect,Track Geometry,Low,3,2,1,2025-05-11,2025-06-19,12,184,2,Preventive,No,Yes,Scheduled
TMS004515,AST004510,Turnout,C00051,12.2,Drainage issue,Drainage,Medium,2,3,2,2025-05-30,2025-06-15,16,71,3,Preventive,Yes,Yes,In Progress
TMS004516,AST002017,Weld,C00009,37.6,Turnout wear,Turnout/Switch Defect,Low,2,1,1,2025-06-17,2025-07-29,0,199,5,Preventive,No,Yes,Scheduled
TMS004517,AST004739,Ballast,C00094,138.4,Rail crack,Rail Defect,Low,2,1,1,2025-06-17,2025-08-03,0,162,3,Preventive,Yes,Yes,Open
TMS004518,AST002137,Track,C00093,32.1,Turnout wear,Turnout/Switch Defect,Low,3,2,1,2025-06-21,2025-08-09,0,208,5,Preventive,No,Yes,Completed
TMS004519,AST003096,Switch,C00037,64.5,Sleeper damage,Sleeper Defect,High,3,4,4,2025-05-02,2025-05-15,0,162,2,Corrective,Yes,Yes,Completed
TMS004520,AST001019,Sleeper,C00003,12.2,Turnout wear,Turnout/Switch Defect,Low,3,1,2,2025-06-20,2025-07-31,0,210,4,Preventive,No,Yes,Open
TMS004521,AST001181,Track,C00025,88.1,Sleeper damage,Sleeper Defect,Medium,3,2,2,2025-06-07,2025-06-30,1,86,2,Preventive,No,No,Scheduled
TMS004522,AST004838,Bridge,C00064,73.1,Scheduled inspection,Inspection,Critical,4,5,3,2025-06-08,2025-06-12,0,88,2,Inspection,No,Yes,Completed
TMS004523,AST000651,Weld,C00054,12.7,Alignment defect,Track Geometry,High,2,4,2,2025-06-17,2025-07-01,0,224,4,Corrective,No,Yes,Scheduled
TMS004524,AST001313,Turnout,C00038,4.9,Weld defect,Rail Defect,Low,2,2,1,2025-05-19,2025-06-23,8,164,4,Preventive,No,Yes,Open
TMS004525,AST002855,Turnout,C00096,49.4,Turnout wear,Turnout/Switch Defect,Medium,3,3,3,2025-05-13,2025-06-08,0,252,3,Preventive,No,Yes,Completed
TMS004526,AST003597,Switch,C00010,35.4,Drainage issue,Drainage,Low,2,2,1,2025-06-19,2025-07-20,0,154,2,Preventive,Yes,Yes,Open
TMS004527,AST002740,Switch,C00051,18.5,Turnout wear,Turnout/Switch Defect,Medium,3,1,3,2025-05-12,2025-06-03,0,168,2,Preventive,No,Yes,Completed
TMS004528,AST001521,Rail,C00058,35.3,Drainage issue,Drainage,Medium,4,2,2,2025-05-12,2025-06-07,24,104,4,Preventive,Yes,Yes,Open
TMS004529,AST004933,Switch,C00065,60.7,Rail wear,Rail Defect,Low,2,1,1,2025-02-26,2025-04-19,73,114,2,Preventive,No,Yes,Scheduled
TMS004530,AST000139,Weld,C00071,23.4,Rail wear,Rail Defect,Low,3,1,1,2025-05-22,2025-07-09,0,222,3,Preventive,No,Yes,In Progress
TMS004531,AST004152,Sleeper,C00099,8.0,Turnout wear,Turnout/Switch Defect,Medium,1,1,3,2025-06-23,2025-07-22,0,201,4,Preventive,No,Yes,Open
TMS004532,AST000598,Sleeper,C00027,110.2,Scheduled inspection,Inspection,Low,2,2,2,2025-05-23,2025-06-29,2,61,4,Inspection,No,Yes,In Progress
TMS004533,AST004539,Rail,C00046,22.3,Sleeper damage,Sleeper Defect,Low,1,2,2,2025-06-26,2025-07-31,0,82,2,Preventive,No,Yes,Open
TMS004534,AST000257,Track,C00041,7.0,Sleeper damage,Sleeper Defect,Medium,4,2,1,2025-06-30,2025-07-22,0,106,4,Preventive,No,Yes,Scheduled
TMS004535,AST002429,Turnout,C00079,4.9,Alignment defect,Track Geometry,Medium,5,1,2,2025-06-30,2025-07-27,0,207,4,Preventive,Yes,Yes,Open
TMS004536,AST002695,Ballast,C00100,6.3,Sleeper damage,Sleeper Defect,Medium,3,2,2,2025-02-16,2025-03-06,117,86,4,Preventive,No,Yes,Scheduled
TMS004537,AST003446,Sleeper,C00083,66.7,Ballast deficiency,Ballast Defect,Medium,3,3,1,2025-03-12,2025-04-04,88,149,2,Preventive,Yes,Yes,Scheduled
TMS004538,AST002530,Sleeper,C00049,79.7,Drainage issue,Drainage,Medium,3,1,2,2025-05-18,2025-06-05,26,103,4,Preventive,No,Yes,Scheduled
TMS004539,AST003391,Rail,C00006,2.8,Track geometry defect,Track Geometry,Low,2,1,1,2025-02-01,2025-03-15,0,205,2,Preventive,Yes,Yes,Completed
TMS004540,AST004036,Sleeper,C00035,27.0,Corrective maintenance,Corrective,Medium,3,3,2,2025-05-07,2025-05-27,35,238,5,Corrective,No,Yes,Open
TMS004541,AST000349,Rail,C00036,54.3,Corrective maintenance,Corrective,Critical,4,4,3,2025-06-19,2025-06-23,0,290,6,Corrective,No,Yes,Completed
TMS004542,AST004935,Weld,C00003,11.2,Turnout wear,Turnout/Switch Defect,Low,2,2,1,2025-05-26,2025-07-11,0,269,2,Preventive,No,No,Completed
TMS004543,AST003326,Bridge,C00084,280.9,Preventive maintenance,Preventive,High,2,3,1,2025-05-31,2025-06-06,25,40,3,Preventive,No,Yes,Scheduled
TMS004544,AST001285,Switch,C00093,2.2,Gauge defect,Track Geometry,Medium,3,2,3,2025-06-26,2025-07-20,0,112,2,Preventive,No,Yes,Open
TMS004545,AST001235,Sleeper,C00006,3.1,Ballast deficiency,Ballast Defect,Low,3,2,1,2025-06-03,2025-07-13,0,107,4,Preventive,Yes,Yes,In Progress
TMS004546,AST000677,Crossing,C00092,36.5,Alignment defect,Track Geometry,Low,2,1,1,2025-06-27,2025-08-21,0,187,4,Preventive,Yes,Yes,In Progress
TMS004547,AST004265,Bridge,C00025,48.2,Ballast deficiency,Ballast Defect,High,3,4,3,2025-05-31,2025-06-12,19,204,5,Corrective,Yes,Yes,Open
TMS004548,AST000417,Switch,C00023,27.7,Ballast deficiency,Ballast Defect,Medium,4,3,2,2025-06-20,2025-07-09,0,141,4,Preventive,Yes,Yes,Completed
TMS004549,AST004163,Rail,C00066,12.8,Gauge defect,Track Geometry,High,3,3,3,2025-06-22,2025-07-04,0,133,4,Corrective,No,Yes,Open
TMS004550,AST001163,Weld,C00028,44.4,Alignment defect,Track Geometry,Medium,3,3,3,2025-04-19,2025-05-14,48,203,5,Preventive,Yes,Yes,Open
TMS004551,AST004599,Track,C00044,44.4,Turnout wear,Turnout/Switch Defect,High,2,5,3,2025-06-19,2025-06-30,1,267,4,Corrective,No,Yes,Open
TMS004552,AST004885,Switch,C00001,347.2,Weld defect,Rail Defect,Low,4,1,2,2025-06-05,2025-07-12,0,139,3,Preventive,No,Yes,Open
TMS004553,AST003411,Sleeper,C00004,112.3,Drainage issue,Drainage,Low,2,2,2,2025-06-24,2025-08-21,0,153,3,Preventive,Yes,Yes,In Progress
TMS004554,AST004347,Track,C00100,1.5,Weld defect,Rail Defect,Low,3,1,1,2025-02-24,2025-04-02,0,88,5,Preventive,No,No,Completed
TMS004555,AST001743,Sleeper,C00046,6.9,Gauge defect,Track Geometry,Medium,3,2,1,2025-06-11,2025-06-30,1,118,3,Preventive,No,Yes,Open
TMS004556,AST004868,Turnout,C00038,101.8,Ballast deficiency,Ballast Defect,Medium,2,2,3,2025-06-13,2025-07-10,0,74,1,Preventive,Yes,Yes,Deferred
TMS004557,AST000571,Turnout,C00073,40.1,Sleeper damage,Sleeper Defect,High,4,3,3,2025-02-09,2025-02-18,133,152,2,Corrective,No,Yes,In Progress
TMS004558,AST004481,Switch,C00017,3.9,Rail wear,Rail Defect,Low,3,1,1,2025-02-16,2025-03-23,0,250,6,Preventive,No,Yes,Completed
TMS004559,AST000829,Turnout,C00070,29.9,Corrective maintenance,Corrective,High,3,5,4,2025-06-30,2025-07-11,0,236,3,Corrective,No,Yes,Open
TMS004560,AST002932,Track,C00093,25.6,Turnout wear,Turnout/Switch Defect,Low,4,2,2,2025-06-04,2025-07-19,0,214,3,Preventive,No,Yes,Scheduled
TMS004561,AST004413,Crossing,C00071,19.2,Weld defect,Rail Defect,Low,2,1,1,2025-06-17,2025-08-08,0,106,2,Preventive,No,Yes,Open
TMS004562,AST000933,Ballast,C00004,69.0,Turnout wear,Turnout/Switch Defect,High,4,3,2,2025-06-26,2025-07-05,0,230,3,Corrective,No,Yes,Open
TMS004563,AST000420,Sleeper,C00012,70.9,Gauge defect,Track Geometry,Critical,4,4,4,2025-06-28,2025-07-03,0,255,4,Corrective,No,Yes,Open
TMS004564,AST003897,Weld,C00098,0.0,Rail crack,Rail Defect,Medium,3,2,2,2025-06-10,2025-06-26,5,71,2,Preventive,Yes,Yes,Open
TMS004565,AST000849,Ballast,C00067,7.0,Preventive maintenance,Preventive,Low,3,2,1,2025-06-13,2025-07-18,0,57,1,Preventive,No,Yes,Open
TMS004566,AST004846,Crossing,C00088,87.4,Ballast deficiency,Ballast Defect,Medium,3,3,1,2025-06-12,2025-07-10,0,106,2,Preventive,Yes,Yes,Open
TMS004567,AST003862,Turnout,C00064,19.9,Ballast deficiency,Ballast Defect,Critical,3,4,3,2025-04-04,2025-04-06,86,220,4,Corrective,Yes,Yes,Scheduled
TMS004568,AST003086,Turnout,C00081,6.2,Corrective maintenance,Corrective,High,4,4,3,2025-06-28,2025-07-09,0,173,4,Corrective,No,Yes,Completed
TMS004569,AST002363,Ballast,C00014,20.6,Sleeper damage,Sleeper Defect,High,3,4,3,2025-03-27,2025-04-04,0,147,3,Corrective,No,Yes,Completed
TMS004570,AST001663,Bridge,C00010,53.1,Sleeper damage,Sleeper Defect,Low,3,1,1,2025-05-26,2025-06-25,6,68,3,Preventive,No,Yes,Scheduled
TMS004571,AST004801,Switch,C00087,177.2,Corrective maintenance,Corrective,High,3,3,2,2025-06-05,2025-06-17,14,207,3,Corrective,No,Yes,In Progress
TMS004572,AST003349,Switch,C00012,33.6,Corrective maintenance,Corrective,Low,2,2,2,2025-06-21,2025-08-06,0,96,4,Corrective,No,Yes,Open
TMS004573,AST002368,Weld,C00061,54.2,Turnout wear,Turnout/Switch Defect,Medium,1,4,2,2025-06-15,2025-07-08,0,187,3,Preventive,Yes,Yes,Open
TMS004574,AST003889,Rail,C00088,89.1,Corrective maintenance,Corrective,Medium,3,3,3,2025-06-17,2025-07-05,0,201,4,Corrective,No,Yes,Open
TMS004575,AST004896,Track,C00075,142.8,Gauge defect,Track Geometry,Medium,3,2,2,2025-05-02,2025-05-26,36,214,3,Preventive,No,No,Open
TMS004576,AST003804,Switch,C00050,25.2,Rail crack,Rail Defect,Medium,3,2,2,2025-06-13,2025-07-05,0,153,3,Preventive,Yes,Yes,Open
TMS004577,AST004349,Rail,C00024,92.2,Sleeper damage,Sleeper Defect,High,3,4,4,2025-04-22,2025-05-05,57,137,3,Corrective,No,Yes,Open
TMS004578,AST000922,Bridge,C00029,95.3,Weld defect,Rail Defect,Critical,3,5,3,2025-03-24,2025-03-29,94,90,3,Corrective,No,Yes,Open
TMS004579,AST000156,Crossing,C00053,0.7,Sleeper damage,Sleeper Defect,Medium,3,1,2,2025-02-01,2025-02-24,127,93,3,Preventive,No,Yes,Scheduled
TMS004580,AST002347,Weld,C00018,92.5,Turnout wear,Turnout/Switch Defect,Low,3,1,1,2025-03-02,2025-04-26,66,243,3,Preventive,No,Yes,In Progress
TMS004581,AST004534,Crossing,C00086,237.3,Preventive maintenance,Preventive,High,4,3,2,2025-05-07,2025-05-15,47,65,3,Preventive,No,Yes,Open
TMS004582,AST001424,Ballast,C00027,65.4,Scheduled inspection,Inspection,Medium,2,3,2,2025-02-03,2025-02-28,123,32,1,Inspection,No,No,In Progress
TMS004583,AST001601,Track,C00014,77.4,Rail wear,Rail Defect,High,2,4,2,2025-03-14,2025-03-25,98,130,2,Corrective,No,Yes,Scheduled
TMS004584,AST002911,Track,C00092,22.2,Track geometry defect,Track Geometry,Low,3,2,1,2025-03-24,2025-04-30,62,227,5,Preventive,No,Yes,Open
TMS004585,AST003658,Weld,C00046,21.8,Track geometry defect,Track Geometry,Low,4,2,2,2025-06-10,2025-07-18,0,270,5,Preventive,No,No,Completed
TMS004586,AST004724,Switch,C00080,17.2,Rail wear,Rail Defect,Low,3,1,2,2025-02-23,2025-04-21,71,181,2,Preventive,No,Yes,Open
TMS004587,AST000090,Turnout,C00057,129.5,Scheduled inspection,Inspection,High,4,4,3,2025-05-31,2025-06-09,22,56,3,Inspection,No,Yes,In Progress
TMS004588,AST000420,Sleeper,C00012,70.9,Gauge defect,Track Geometry,High,4,3,2,2025-05-23,2025-06-02,29,146,4,Corrective,Yes,Yes,Open
TMS004589,AST003606,Crossing,C00096,123.7,Rail wear,Rail Defect,Critical,4,4,5,2025-06-16,2025-06-19,12,241,3,Corrective,No,Yes,In Progress
TMS004590,AST003386,Crossing,C00095,66.9,Rail wear,Rail Defect,Low,2,2,2,2025-05-06,2025-06-27,4,195,3,Preventive,No,Yes,Deferred
TMS004591,AST001893,Ballast,C00077,10.7,Alignment defect,Track Geometry,High,3,4,4,2025-05-02,2025-05-08,0,240,6,Corrective,Yes,Yes,Completed
TMS004592,AST003543,Crossing,C00098,3.4,Preventive maintenance,Preventive,Medium,4,1,5,2025-06-27,2025-07-22,0,65,3,Preventive,No,Yes,Completed
TMS004593,AST001413,Bridge,C00031,46.3,Preventive maintenance,Preventive,Critical,2,5,4,2025-06-13,2025-06-20,11,112,3,Preventive,No,Yes,In Progress
TMS004594,AST004968,Switch,C00095,87.1,Track geometry defect,Track Geometry,Medium,3,2,1,2025-06-21,2025-07-17,0,195,6,Preventive,Yes,Yes,Open
TMS004595,AST002167,Weld,C00031,73.4,Rail wear,Rail Defect,High,2,3,3,2025-05-22,2025-05-31,31,156,3,Corrective,No,Yes,Open
TMS004596,AST004426,Crossing,C00053,5.2,Ballast deficiency,Ballast Defect,High,4,5,3,2025-05-18,2025-05-31,31,145,2,Corrective,Yes,Yes,Open
TMS004597,AST001479,Rail,C00025,343.1,Preventive maintenance,Preventive,High,4,3,2,2025-06-17,2025-06-27,4,99,2,Preventive,No,Yes,In Progress
TMS004598,AST005226,Switch,C00051,14.5,Rail crack,Rail Defect,Medium,3,3,2,2025-05-07,2025-05-29,33,146,4,Preventive,Yes,Yes,In Progress
TMS004599,AST003561,Ballast,C00019,133.7,Rail wear,Rail Defect,High,5,3,3,2025-06-19,2025-06-26,5,150,3,Corrective,Yes,Yes,Open
TMS004600,AST000950,Rail,C00006,17.7,Ballast deficiency,Ballast Defect,Low,2,1,2,2025-04-14,2025-05-26,36,144,4,Preventive,Yes,Yes,Open
TMS004601,AST004737,Track,C00070,5.9,Corrective maintenance,Corrective,Medium,3,2,2,2025-06-24,2025-07-16,0,296,5,Corrective,No,Yes,Open
TMS004602,AST003286,Sleeper,C00055,67.0,Gauge defect,Track Geometry,Low,2,3,1,2025-06-11,2025-07-23,0,75,3,Preventive,No,Yes,In Progress
TMS004603,AST002455,Weld,C00081,9.6,Weld defect,Rail Defect,Medium,2,2,3,2025-06-07,2025-06-30,1,42,3,Preventive,No,Yes,Deferred
TMS004604,AST000020,Rail,C00076,80.5,Weld defect,Rail Defect,Medium,2,3,3,2025-06-12,2025-07-01,0,66,2,Preventive,No,Yes,Open
TMS004605,AST001670,Sleeper,C00014,16.0,Alignment defect,Track Geometry,Medium,3,3,1,2025-06-16,2025-07-05,0,130,3,Preventive,Yes,Yes,Open
TMS004606,AST002802,Track,C00059,180.2,Turnout wear,Turnout/Switch Defect,High,3,4,4,2025-05-05,2025-05-16,46,271,3,Corrective,No,Yes,Open
TMS004607,AST001849,Sleeper,C00043,10.8,Rail crack,Rail Defect,Low,4,1,2,2025-06-30,2025-08-12,0,280,4,Preventive,Yes,Yes,Completed
TMS004608,AST000652,Turnout,C00074,12.1,Turnout wear,Turnout/Switch Defect,Low,1,2,1,2025-05-24,2025-07-08,0,233,5,Preventive,Yes,No,Scheduled
TMS004609,AST004540,Sleeper,C00038,107.4,Rail crack,Rail Defect,Low,1,1,1,2025-05-10,2025-06-14,17,189,3,Preventive,Yes,Yes,Open
TMS004610,AST001832,Switch,C00058,53.5,Ballast deficiency,Ballast Defect,Low,3,2,1,2025-06-06,2025-07-27,0,189,4,Preventive,Yes,Yes,Open
TMS004611,AST004799,Weld,C00032,6.7,Rail wear,Rail Defect,High,3,4,2,2025-06-11,2025-06-21,0,214,5,Corrective,No,Yes,Completed
TMS004612,AST000425,Crossing,C00095,51.7,Weld defect,Rail Defect,Medium,3,3,4,2025-05-31,2025-06-18,13,100,3,Preventive,No,Yes,Open
TMS004613,AST003995,Switch,C00058,70.7,Turnout wear,Turnout/Switch Defect,High,5,4,2,2025-06-18,2025-06-25,6,178,2,Corrective,No,Yes,Deferred
TMS004614,AST001864,Switch,C00061,7.7,Drainage issue,Drainage,Low,2,1,1,2025-02-03,2025-03-14,109,113,3,Preventive,Yes,Yes,Scheduled
TMS004615,AST001214,Turnout,C00010,37.4,Rail crack,Rail Defect,Low,2,2,2,2025-06-28,2025-08-23,0,167,2,Preventive,Yes,Yes,Open
TMS004616,AST004038,Bridge,C00083,97.8,Gauge defect,Track Geometry,Low,1,2,2,2025-06-27,2025-08-08,0,155,4,Preventive,No,Yes,Open
TMS004617,AST004998,Turnout,C00051,21.0,Corrective maintenance,Corrective,Medium,2,2,1,2025-05-12,2025-06-07,24,282,4,Corrective,No,Yes,Open
TMS004618,AST000579,Rail,C00029,92.7,Ballast deficiency,Ballast Defect,Medium,4,2,3,2025-05-12,2025-06-04,27,136,4,Preventive,Yes,No,In Progress
TMS004619,AST003204,Switch,C00037,62.8,Sleeper damage,Sleeper Defect,Medium,2,3,2,2025-06-28,2025-07-23,0,107,1,Preventive,No,Yes,Open
TMS004620,AST000559,Turnout,C00082,74.7,Weld defect,Rail Defect,Medium,3,2,2,2025-04-24,2025-05-13,0,94,5,Preventive,No,Yes,Completed
TMS004621,AST001327,Crossing,C00046,5.3,Rail wear,Rail Defect,Medium,4,3,3,2025-06-03,2025-06-19,12,128,2,Preventive,No,Yes,Open
TMS004622,AST002009,Turnout,C00078,53.1,Alignment defect,Track Geometry,Medium,2,2,2,2025-05-28,2025-06-21,10,210,5,Preventive,No,Yes,Open
TMS004623,AST004060,Crossing,C00034,1.7,Preventive maintenance,Preventive,High,4,3,2,2025-05-31,2025-06-10,21,100,5,Preventive,No,Yes,Scheduled
TMS004624,AST001533,Switch,C00038,191.6,Ballast deficiency,Ballast Defect,Medium,3,3,2,2025-06-29,2025-07-21,0,132,2,Preventive,No,Yes,Open
TMS004625,AST001819,Turnout,C00091,93.0,Scheduled inspection,Inspection,Low,2,1,1,2025-04-01,2025-05-23,39,55,3,Inspection,No,Yes,Open
TMS004626,AST002393,Sleeper,C00037,23.6,Turnout wear,Turnout/Switch Defect,Low,2,2,3,2025-06-25,2025-08-01,0,208,2,Preventive,No,Yes,Completed
TMS004627,AST004941,Ballast,C00024,94.2,Weld defect,Rail Defect,High,3,4,3,2025-05-24,2025-06-04,27,165,5,Corrective,No,Yes,Open
TMS004628,AST003405,Rail,C00093,32.6,Weld defect,Rail Defect,Medium,4,3,3,2025-06-12,2025-07-10,0,162,5,Preventive,No,Yes,Open
TMS004629,AST000582,Switch,C00010,24.4,Track geometry defect,Track Geometry,Critical,4,4,3,2025-04-13,2025-04-16,0,325,5,Corrective,Yes,Yes,Completed
TMS004630,AST004360,Rail,C00056,18.8,Corrective maintenance,Corrective,Medium,3,3,1,2025-02-26,2025-03-19,0,260,3,Corrective,No,Yes,Completed
TMS004631,AST003710,Bridge,C00023,15.5,Weld defect,Rail Defect,Low,2,1,1,2025-03-19,2025-05-07,55,129,2,Preventive,No,Yes,Open
TMS004632,AST003506,Bridge,C00067,7.7,Scheduled inspection,Inspection,Low,2,2,1,2025-06-28,2025-08-12,0,85,3,Inspection,No,No,Scheduled
TMS004633,AST004881,Turnout,C00007,149.2,Gauge defect,Track Geometry,Low,4,1,2,2025-06-24,2025-08-05,0,196,2,Preventive,No,Yes,Scheduled
TMS004634,AST003383,Sleeper,C00077,3.6,Gauge defect,Track Geometry,Medium,3,2,3,2025-05-15,2025-06-08,23,139,5,Preventive,No,Yes,Open
TMS004635,AST001148,Bridge,C00014,96.1,Rail wear,Rail Defect,Critical,3,4,2,2025-05-24,2025-05-28,0,234,4,Corrective,No,Yes,Completed
TMS004636,AST001859,Track,C00096,63.5,Ballast deficiency,Ballast Defect,Critical,3,4,4,2025-06-16,2025-06-20,11,117,3,Corrective,Yes,Yes,Open
TMS004637,AST005238,Track,C00087,16.0,Turnout wear,Turnout/Switch Defect,Low,2,3,1,2025-04-30,2025-06-11,20,247,4,Preventive,No,Yes,Scheduled
TMS004638,AST004591,Switch,C00093,82.3,Preventive maintenance,Preventive,Low,2,1,3,2025-06-20,2025-08-05,0,46,3,Preventive,No,Yes,Scheduled
TMS004639,AST001698,Weld,C00090,66.6,Track geometry defect,Track Geometry,Critical,5,4,4,2025-04-16,2025-04-21,0,113,2,Corrective,Yes,No,Completed
TMS004640,AST000559,Turnout,C00082,74.7,Gauge defect,Track Geometry,Medium,3,3,2,2025-06-17,2025-07-09,0,41,3,Preventive,No,Yes,Completed
TMS004641,AST003301,Switch,C00086,240.7,Preventive maintenance,Preventive,High,4,4,1,2025-02-11,2025-02-19,0,74,4,Preventive,No,Yes,Completed
TMS004642,AST001340,Turnout,C00073,66.8,Corrective maintenance,Corrective,Medium,2,3,2,2025-06-19,2025-07-07,0,213,3,Corrective,No,Yes,Open
TMS004643,AST001439,Crossing,C00080,5.6,Preventive maintenance,Preventive,Medium,3,1,2,2025-03-21,2025-04-10,0,87,5,Preventive,No,Yes,Completed
TMS004644,AST003627,Weld,C00070,15.6,Alignment defect,Track Geometry,Medium,2,3,2,2025-02-21,2025-03-12,111,206,5,Preventive,No,Yes,Open
TMS004645,AST002609,Bridge,C00016,66.3,Ballast deficiency,Ballast Defect,Low,3,1,2,2025-06-21,2025-08-06,0,91,3,Preventive,Yes,Yes,Scheduled
TMS004646,AST000996,Crossing,C00059,239.9,Rail crack,Rail Defect,Critical,3,4,3,2025-06-29,2025-07-03,0,161,6,Corrective,No,Yes,Scheduled
TMS004647,AST000554,Ballast,C00048,27.0,Turnout wear,Turnout/Switch Defect,Low,4,1,2,2025-06-24,2025-08-05,0,198,4,Preventive,No,Yes,Completed
TMS004648,AST000961,Track,C00063,58.5,Corrective maintenance,Corrective,Low,2,2,1,2025-04-09,2025-05-26,36,277,5,Corrective,No,Yes,Open
TMS004649,AST001337,Ballast,C00061,15.1,Preventive maintenance,Preventive,Low,2,2,1,2025-04-15,2025-06-05,26,104,3,Preventive,No,Yes,Open
TMS004650,AST000561,Switch,C00090,47.2,Preventive maintenance,Preventive,Critical,4,4,4,2025-06-30,2025-07-04,0,95,2,Preventive,No,Yes,In Progress
TMS004651,AST004777,Track,C00057,81.8,Ballast deficiency,Ballast Defect,Low,2,2,1,2025-06-20,2025-07-29,0,205,3,Preventive,Yes,Yes,Scheduled
TMS004652,AST001091,Crossing,C00069,108.5,Preventive maintenance,Preventive,Medium,3,2,1,2025-04-10,2025-05-04,58,63,4,Preventive,No,Yes,In Progress
TMS004653,AST003472,Turnout,C00067,115.0,Alignment defect,Track Geometry,Medium,2,2,1,2025-05-16,2025-06-07,24,185,3,Preventive,Yes,No,Open
TMS004654,AST004067,Ballast,C00011,270.6,Gauge defect,Track Geometry,Medium,5,2,2,2025-05-11,2025-06-08,23,171,3,Preventive,No,Yes,Open
TMS004655,AST000140,Switch,C00081,34.7,Ballast deficiency,Ballast Defect,Low,2,1,1,2025-06-29,2025-08-12,0,133,3,Preventive,Yes,Yes,Completed
TMS004656,AST001753,Track,C00093,36.6,Track geometry defect,Track Geometry,Medium,3,3,2,2025-03-16,2025-04-01,91,227,4,Preventive,Yes,Yes,Open
TMS004657,AST002293,Switch,C00012,55.0,Rail wear,Rail Defect,High,2,3,3,2025-05-13,2025-05-24,38,198,4,Corrective,No,Yes,Open
TMS004658,AST002092,Turnout,C00099,13.5,Turnout wear,Turnout/Switch Defect,Low,2,3,3,2025-05-02,2025-06-19,12,229,5,Preventive,No,Yes,Scheduled
TMS004659,AST004005,Turnout,C00035,65.5,Drainage issue,Drainage,Medium,2,2,1,2025-02-09,2025-03-05,118,161,4,Preventive,Yes,Yes,In Progress
TMS004660,AST003243,Rail,C00019,117.8,Alignment defect,Track Geometry,Low,2,1,1,2025-05-06,2025-06-14,17,191,4,Preventive,Yes,No,Open
TMS004661,AST001538,Turnout,C00044,50.8,Gauge defect,Track Geometry,Low,2,2,2,2025-06-03,2025-07-06,0,193,3,Preventive,No,Yes,Completed
TMS004662,AST003822,Turnout,C00050,32.8,Sleeper damage,Sleeper Defect,Low,2,2,1,2025-05-04,2025-06-22,0,79,2,Preventive,No,Yes,Completed
TMS004663,AST002418,Bridge,C00055,39.3,Rail wear,Rail Defect,Medium,3,1,1,2025-04-03,2025-04-28,64,158,3,Preventive,Yes,Yes,Scheduled
TMS004664,AST001819,Turnout,C00091,93.0,Rail wear,Rail Defect,High,2,3,3,2025-06-02,2025-06-13,18,103,3,Corrective,No,Yes,Open
TMS004665,AST000479,Track,C00027,20.8,Weld defect,Rail Defect,Medium,2,2,2,2025-06-28,2025-07-18,0,208,4,Preventive,No,Yes,In Progress
TMS004666,AST000513,Track,C00035,81.8,Corrective maintenance,Corrective,Medium,2,3,2,2025-05-13,2025-06-07,24,226,4,Corrective,No,Yes,In Progress
TMS004667,AST005095,Bridge,C00096,83.3,Rail crack,Rail Defect,High,2,3,3,2025-03-24,2025-04-03,0,245,3,Corrective,Yes,Yes,Completed
TMS004668,AST004172,Bridge,C00086,244.1,Alignment defect,Track Geometry,Medium,3,3,2,2025-03-27,2025-04-16,76,204,3,Preventive,Yes,Yes,Open
TMS004669,AST003290,Switch,C00006,15.6,Rail crack,Rail Defect,High,4,4,2,2025-06-15,2025-06-27,4,179,3,Corrective,Yes,Yes,Deferred
TMS004670,AST004101,Ballast,C00050,7.8,Gauge defect,Track Geometry,Critical,4,5,3,2025-05-18,2025-05-22,0,224,3,Corrective,No,Yes,Completed
TMS004671,AST003689,Sleeper,C00047,29.7,Gauge defect,Track Geometry,Low,2,1,2,2025-04-06,2025-05-22,40,145,3,Preventive,No,No,In Progress
TMS004672,AST003186,Bridge,C00098,2.7,Turnout wear,Turnout/Switch Defect,Low,1,1,3,2025-04-20,2025-06-08,23,267,6,Preventive,No,Yes,Open
TMS004673,AST002703,Ballast,C00088,107.6,Weld defect,Rail Defect,Low,4,2,2,2025-06-16,2025-08-02,0,150,3,Preventive,No,Yes,Open
TMS004674,AST001651,Crossing,C00086,88.7,Turnout wear,Turnout/Switch Defect,Medium,5,3,1,2025-04-03,2025-04-27,65,167,4,Preventive,Yes,Yes,Deferred
TMS004675,AST005006,Weld,C00018,63.0,Turnout wear,Turnout/Switch Defect,Medium,2,3,1,2025-06-03,2025-06-24,7,167,3,Preventive,No,Yes,In Progress
TMS004676,AST002614,Turnout,C00033,36.3,Track geometry defect,Track Geometry,Medium,3,3,2,2025-06-14,2025-07-10,0,256,4,Preventive,Yes,No,Completed
TMS004677,AST004032,Rail,C00007,63.7,Gauge defect,Track Geometry,Medium,4,2,2,2025-04-12,2025-05-02,60,130,2,Preventive,Yes,Yes,In Progress
TMS004678,AST004216,Ballast,C00017,0.6,Ballast deficiency,Ballast Defect,Low,1,2,2,2025-05-27,2025-07-21,0,101,4,Preventive,Yes,Yes,Scheduled
TMS004679,AST000811,Ballast,C00040,81.1,Alignment defect,Track Geometry,High,3,3,2,2025-06-27,2025-07-06,0,217,3,Corrective,Yes,Yes,In Progress
TMS004680,AST000027,Switch,C00020,38.9,Turnout wear,Turnout/Switch Defect,Low,1,2,2,2025-06-20,2025-07-27,0,189,5,Preventive,No,Yes,Completed
TMS004681,AST000268,Track,C00070,29.9,Alignment defect,Track Geometry,Low,3,1,2,2025-06-15,2025-08-11,0,151,2,Preventive,Yes,Yes,Open
TMS004682,AST004572,Switch,C00024,87.4,Gauge defect,Track Geometry,Medium,2,2,2,2025-06-11,2025-07-03,0,109,2,Preventive,No,Yes,Completed
TMS004683,AST005240,Bridge,C00083,13.0,Sleeper damage,Sleeper Defect,Low,1,2,2,2025-04-13,2025-05-31,31,55,2,Preventive,No,Yes,Open
TMS004684,AST002605,Switch,C00042,9.8,Sleeper damage,Sleeper Defect,Medium,4,3,2,2025-04-20,2025-05-17,45,55,2,Preventive,No,Yes,Open
TMS004685,AST002838,Sleeper,C00004,96.3,Weld defect,Rail Defect,High,3,3,1,2025-06-14,2025-06-24,7,162,3,Corrective,No,Yes,Open
TMS004686,AST000659,Crossing,C00040,29.6,Sleeper damage,Sleeper Defect,Critical,4,4,4,2025-03-06,2025-03-10,0,125,3,Corrective,Yes,Yes,Completed
TMS004687,AST003693,Crossing,C00083,69.7,Rail wear,Rail Defect,Low,2,1,1,2025-06-30,2025-08-22,0,129,4,Preventive,No,Yes,Open
TMS004688,AST003057,Crossing,C00070,17.0,Rail wear,Rail Defect,Low,2,2,1,2025-05-31,2025-07-15,0,134,4,Preventive,Yes,Yes,In Progress
TMS004689,AST000534,Turnout,C00037,32.8,Corrective maintenance,Corrective,Medium,3,3,2,2025-04-16,2025-05-06,56,265,6,Corrective,No,Yes,In Progress
TMS004690,AST003613,Crossing,C00020,28.4,Rail wear,Rail Defect,Medium,2,2,1,2025-06-30,2025-07-20,0,155,4,Preventive,No,Yes,Open
TMS004691,AST003195,Switch,C00050,51.6,Turnout wear,Turnout/Switch Defect,Medium,5,3,1,2025-06-25,2025-07-22,0,239,3,Preventive,No,Yes,In Progress
TMS004692,AST002992,Track,C00024,24.2,Gauge defect,Track Geometry,Medium,3,2,2,2025-06-25,2025-07-16,0,53,2,Preventive,No,Yes,Deferred
TMS004693,AST002459,Switch,C00020,30.0,Drainage issue,Drainage,Low,4,3,1,2025-05-05,2025-06-14,17,80,3,Preventive,Yes,Yes,In Progress
TMS004694,AST001649,Sleeper,C00076,7.9,Gauge defect,Track Geometry,High,4,4,3,2025-06-18,2025-06-28,3,178,4,Corrective,No,No,In Progress
TMS004695,AST001471,Track,C00048,33.6,Sleeper damage,Sleeper Defect,Low,2,2,2,2025-06-19,2025-07-30,0,124,3,Preventive,No,Yes,In Progress
TMS004696,AST000698,Ballast,C00026,329.5,Preventive maintenance,Preventive,Low,3,1,1,2025-06-17,2025-07-28,0,148,3,Preventive,No,Yes,In Progress
TMS004697,AST000044,Rail,C00099,4.8,Sleeper damage,Sleeper Defect,Medium,3,2,2,2025-06-27,2025-07-18,0,168,4,Preventive,No,Yes,Open
TMS004698,AST003440,Weld,C00065,20.7,Corrective maintenance,Corrective,Low,3,1,1,2025-05-29,2025-07-03,0,280,5,Corrective,No,Yes,Open
TMS004699,AST003495,Crossing,C00039,5.8,Rail crack,Rail Defect,Medium,4,3,2,2025-06-20,2025-07-14,0,209,2,Preventive,Yes,Yes,Completed
TMS004700,AST005211,Bridge,C00045,31.2,Corrective maintenance,Corrective,Low,2,2,3,2025-05-26,2025-07-06,0,248,6,Corrective,No,Yes,Open
TMS004701,AST002885,Ballast,C00017,2.5,Drainage issue,Drainage,Critical,3,5,4,2025-06-25,2025-06-30,1,91,2,Corrective,Yes,Yes,Scheduled
TMS004702,AST003435,Crossing,C00044,28.7,Rail crack,Rail Defect,Medium,3,2,2,2025-06-18,2025-07-08,0,168,3,Preventive,Yes,Yes,Completed
TMS004703,AST000235,Ballast,C00084,140.9,Scheduled inspection,Inspection,Medium,3,3,2,2025-05-09,2025-05-28,0,71,4,Inspection,No,Yes,Completed
TMS004704,AST004144,Track,C00026,218.8,Ballast deficiency,Ballast Defect,Medium,3,2,1,2025-06-28,2025-07-16,0,67,3,Preventive,Yes,No,Open
TMS004705,AST005225,Ballast,C00061,45.5,Track geometry defect,Track Geometry,Low,1,2,1,2025-03-17,2025-05-09,53,218,4,Preventive,Yes,Yes,Open
TMS004706,AST000396,Weld,C00027,58.9,Preventive maintenance,Preventive,Medium,4,3,2,2025-05-08,2025-06-04,27,75,3,Preventive,No,Yes,Open
TMS004707,AST001651,Crossing,C00086,88.7,Alignment defect,Track Geometry,Low,3,2,2,2025-02-09,2025-04-01,91,201,5,Preventive,Yes,Yes,Scheduled
TMS004708,AST001728,Track,C00083,51.7,Rail wear,Rail Defect,High,3,4,3,2025-03-25,2025-04-01,91,84,1,Corrective,No,Yes,In Progress
TMS004709,AST001740,Turnout,C00080,26.2,Gauge defect,Track Geometry,Medium,3,4,1,2025-03-09,2025-03-30,93,172,4,Preventive,No,Yes,Open
TMS004710,AST001080,Track,C00050,13.1,Gauge defect,Track Geometry,Low,2,2,2,2025-06-15,2025-07-29,0,184,4,Preventive,Yes,Yes,Open
TMS004711,AST003502,Bridge,C00033,2.5,Track geometry defect,Track Geometry,Medium,4,2,2,2025-06-29,2025-07-22,0,246,5,Preventive,Yes,No,Scheduled
TMS004712,AST002317,Ballast,C00046,18.1,Rail wear,Rail Defect,High,4,2,3,2025-06-16,2025-06-22,0,85,3,Corrective,No,Yes,Completed
TMS004713,AST000544,Rail,C00024,72.4,Corrective maintenance,Corrective,Medium,4,2,2,2025-03-22,2025-04-11,81,217,4,Corrective,No,Yes,In Progress
TMS004714,AST002621,Crossing,C00030,48.7,Rail wear,Rail Defect,Low,1,4,1,2025-06-19,2025-07-23,0,220,3,Preventive,No,Yes,Open
TMS004715,AST001545,Bridge,C00093,49.3,Alignment defect,Track Geometry,High,5,4,2,2025-06-14,2025-06-23,8,183,6,Corrective,No,Yes,In Progress
TMS004716,AST001678,Turnout,C00018,95.3,Alignment defect,Track Geometry,Medium,1,2,2,2025-02-25,2025-03-13,110,131,3,Preventive,No,Yes,Deferred
TMS004717,AST002073,Track,C00072,44.4,Sleeper damage,Sleeper Defect,Low,2,2,1,2025-06-06,2025-07-24,0,99,2,Preventive,Yes,Yes,Open
TMS004718,AST000954,Track,C00041,17.1,Drainage issue,Drainage,Medium,1,3,3,2025-06-13,2025-07-06,0,65,1,Preventive,Yes,Yes,Open
TMS004719,AST002440,Bridge,C00037,54.2,Drainage issue,Drainage,Critical,5,5,4,2025-06-18,2025-06-22,9,105,3,Corrective,Yes,Yes,Open
TMS004720,AST004950,Track,C00045,95.6,Ballast deficiency,Ballast Defect,Medium,2,3,2,2025-04-03,2025-04-24,0,226,3,Preventive,Yes,Yes,Completed
TMS004721,AST002047,Rail,C00050,33.3,Gauge defect,Track Geometry,Medium,2,3,1,2025-06-27,2025-07-18,0,178,3,Preventive,No,Yes,Open
TMS004722,AST002659,Ballast,C00080,26.7,Corrective maintenance,Corrective,Low,2,2,1,2025-02-03,2025-03-12,111,201,5,Corrective,No,Yes,Open
TMS004723,AST001929,Bridge,C00057,59.8,Preventive maintenance,Preventive,Medium,3,3,1,2025-02-26,2025-03-22,101,73,3,Preventive,No,No,Open
TMS004724,AST000834,Rail,C00074,4.1,Track geometry defect,Track Geometry,Low,1,2,1,2025-04-04,2025-05-14,48,262,5,Preventive,No,Yes,Open
TMS004725,AST001643,Bridge,C00036,44.5,Track geometry defect,Track Geometry,Medium,4,3,2,2025-05-08,2025-06-01,30,148,3,Preventive,Yes,Yes,Open
TMS004726,AST000271,Switch,C00036,31.0,Gauge defect,Track Geometry,Critical,4,4,3,2025-03-24,2025-03-28,0,159,4,Corrective,No,Yes,Completed
TMS004727,AST004830,Turnout,C00086,228.7,Weld defect,Rail Defect,Low,3,2,1,2025-06-21,2025-08-10,0,83,3,Preventive,No,Yes,Open
TMS004728,AST001221,Weld,C00032,22.8,Preventive maintenance,Preventive,Low,2,2,1,2025-05-20,2025-07-16,0,108,4,Preventive,Yes,Yes,Open
TMS004729,AST004130,Weld,C00012,103.0,Ballast deficiency,Ballast Defect,High,3,3,3,2025-06-29,2025-07-09,0,155,2,Corrective,Yes,Yes,In Progress
TMS004730,AST000071,Weld,C00078,88.2,Gauge defect,Track Geometry,Low,1,1,2,2025-05-31,2025-07-12,0,159,3,Preventive,Yes,Yes,In Progress
TMS004731,AST001929,Bridge,C00057,59.8,Scheduled inspection,Inspection,Low,2,2,2,2025-05-12,2025-06-21,10,122,2,Inspection,No,No,Open
TMS004732,AST001626,Crossing,C00022,123.9,Alignment defect,Track Geometry,Medium,3,3,3,2025-06-12,2025-07-05,0,207,4,Preventive,Yes,Yes,Completed
TMS004733,AST003394,Bridge,C00075,26.2,Track geometry defect,Track Geometry,Low,2,1,1,2025-06-27,2025-08-05,0,182,4,Preventive,Yes,Yes,Open
TMS004734,AST000299,Ballast,C00065,3.2,Ballast deficiency,Ballast Defect,Critical,4,4,3,2025-06-28,2025-07-03,0,262,6,Corrective,Yes,Yes,Scheduled
TMS004735,AST003370,Rail,C00058,8.0,Drainage issue,Drainage,Low,2,1,1,2025-04-21,2025-05-25,37,63,2,Preventive,No,Yes,Deferred
TMS004736,AST002290,Sleeper,C00005,11.2,Alignment defect,Track Geometry,Medium,3,4,2,2025-06-19,2025-07-13,0,216,3,Preventive,Yes,Yes,Completed
TMS004737,AST003054,Turnout,C00054,9.9,Drainage issue,Drainage,Low,1,1,1,2025-04-26,2025-06-13,18,75,3,Preventive,Yes,Yes,In Progress
TMS004738,AST005200,Weld,C00007,124.7,Rail wear,Rail Defect,Low,3,1,2,2025-06-16,2025-08-05,0,101,3,Preventive,No,Yes,Open
TMS004739,AST004907,Switch,C00073,85.4,Drainage issue,Drainage,High,4,4,4,2025-06-05,2025-06-15,16,101,2,Corrective,Yes,Yes,Open
TMS004740,AST004672,Weld,C00041,9.6,Corrective maintenance,Corrective,Medium,3,2,2,2025-06-25,2025-07-22,0,306,4,Corrective,No,Yes,Scheduled
TMS004741,AST000710,Rail,C00016,14.5,Corrective maintenance,Corrective,Low,3,2,1,2025-06-29,2025-08-19,0,285,5,Corrective,No,Yes,Deferred
TMS004742,AST004931,Bridge,C00100,2.9,Weld defect,Rail Defect,Critical,4,5,3,2025-06-20,2025-06-25,6,61,2,Corrective,No,Yes,Scheduled
TMS004743,AST002058,Crossing,C00001,275.3,Corrective maintenance,Corrective,Low,4,1,2,2025-05-29,2025-07-23,0,221,2,Corrective,No,Yes,Open
TMS004744,AST001031,Turnout,C00048,37.3,Turnout wear,Turnout/Switch Defect,Medium,3,4,2,2025-05-31,2025-06-21,10,207,3,Preventive,No,Yes,Open
TMS004745,AST003870,Switch,C00046,13.9,Weld defect,Rail Defect,Medium,4,3,2,2025-06-01,2025-06-18,0,202,4,Preventive,No,Yes,Completed
TMS004746,AST002325,Sleeper,C00074,17.2,Drainage issue,Drainage,Low,2,3,1,2025-06-13,2025-07-24,0,86,4,Preventive,Yes,Yes,Open
TMS004747,AST000594,Sleeper,C00037,52.5,Track geometry defect,Track Geometry,Medium,3,3,3,2025-06-23,2025-07-11,0,255,3,Preventive,Yes,Yes,Scheduled
TMS004748,AST002899,Rail,C00021,72.2,Ballast deficiency,Ballast Defect,Critical,4,4,3,2025-06-26,2025-07-01,0,208,4,Corrective,Yes,Yes,Scheduled
TMS004749,AST002241,Weld,C00004,131.1,Sleeper damage,Sleeper Defect,Medium,4,2,1,2025-02-03,2025-02-23,128,50,4,Preventive,No,Yes,Scheduled
TMS004750,AST001901,Switch,C00086,244.1,Rail wear,Rail Defect,Low,4,1,1,2025-06-28,2025-08-20,0,132,3,Preventive,No,Yes,In Progress
TMS004751,AST002855,Turnout,C00096,49.4,Rail wear,Rail Defect,Medium,4,4,2,2025-06-11,2025-06-26,5,173,4,Preventive,No,Yes,Scheduled
TMS004752,AST004170,Track,C00007,171.2,Turnout wear,Turnout/Switch Defect,Low,3,1,2,2025-05-11,2025-07-03,0,262,4,Preventive,No,Yes,Completed
TMS004753,AST000323,Ballast,C00053,63.0,Weld defect,Rail Defect,Low,4,2,2,2025-05-09,2025-06-17,14,81,1,Preventive,No,Yes,Open
TMS004754,AST002987,Bridge,C00021,5.5,Ballast deficiency,Ballast Defect,Low,1,1,2,2025-06-11,2025-07-16,0,144,4,Preventive,Yes,Yes,Scheduled
TMS004755,AST003348,Ballast,C00058,40.7,Ballast deficiency,Ballast Defect,Low,2,2,1,2025-03-25,2025-05-20,42,67,3,Preventive,Yes,Yes,Open
TMS004756,AST003175,Ballast,C00040,62.4,Turnout wear,Turnout/Switch Defect,Critical,4,4,4,2025-06-23,2025-06-29,2,266,3,Corrective,No,Yes,Scheduled
TMS004757,AST004133,Crossing,C00010,54.4,Rail wear,Rail Defect,Low,3,2,1,2025-05-11,2025-07-07,0,201,3,Preventive,No,Yes,Open
TMS004758,AST003680,Track,C00100,6.5,Corrective maintenance,Corrective,High,2,4,2,2025-05-30,2025-06-14,17,243,4,Corrective,No,Yes,Scheduled
TMS004759,AST002702,Weld,C00047,57.3,Rail wear,Rail Defect,Medium,1,5,1,2025-06-10,2025-07-04,0,155,4,Preventive,No,Yes,Open
TMS004760,AST000039,Switch,C00079,52.8,Gauge defect,Track Geometry,Medium,3,2,1,2025-06-22,2025-07-19,0,160,6,Preventive,No,Yes,In Progress
TMS004761,AST001048,Turnout,C00093,25.3,Rail crack,Rail Defect,Medium,3,3,3,2025-06-21,2025-07-10,0,153,3,Preventive,Yes,Yes,Open
TMS004762,AST002370,Rail,C00041,32.0,Track geometry defect,Track Geometry,Low,4,2,1,2025-06-19,2025-07-29,0,247,3,Preventive,Yes,Yes,Completed
TMS004763,AST001854,Bridge,C00016,26.6,Track geometry defect,Track Geometry,Low,1,2,2,2025-06-11,2025-08-05,0,220,3,Preventive,No,Yes,Open
TMS004764,AST000755,Rail,C00070,20.1,Sleeper damage,Sleeper Defect,Low,2,2,1,2025-02-16,2025-04-14,78,61,3,Preventive,No,Yes,Open
TMS004765,AST003627,Weld,C00070,15.6,Corrective maintenance,Corrective,Medium,3,2,2,2025-04-13,2025-05-11,0,237,5,Corrective,No,Yes,Completed
TMS004766,AST003189,Crossing,C00087,108.4,Preventive maintenance,Preventive,Low,3,2,1,2025-03-09,2025-04-25,67,50,1,Preventive,No,Yes,In Progress
TMS004767,AST001522,Rail,C00076,4.6,Turnout wear,Turnout/Switch Defect,Medium,4,2,2,2025-05-22,2025-06-11,20,178,4,Preventive,No,Yes,Scheduled
TMS004768,AST000075,Turnout,C00044,23.4,Alignment defect,Track Geometry,Medium,4,2,1,2025-06-01,2025-06-20,11,132,5,Preventive,Yes,Yes,Scheduled
TMS004769,AST001156,Sleeper,C00036,15.1,Alignment defect,Track Geometry,Low,2,2,1,2025-03-29,2025-05-02,0,169,4,Preventive,Yes,Yes,Completed
TMS004770,AST004538,Turnout,C00060,18.2,Sleeper damage,Sleeper Defect,Medium,1,2,3,2025-06-18,2025-07-13,0,106,3,Preventive,No,Yes,Scheduled
TMS004771,AST002271,Track,C00005,123.7,Weld defect,Rail Defect,Medium,3,1,2,2025-05-07,2025-05-26,36,123,2,Preventive,No,Yes,Open
TMS004772,AST000863,Switch,C00020,13.1,Gauge defect,Track Geometry,Low,4,2,1,2025-04-22,2025-06-04,27,232,6,Preventive,No,Yes,Open
TMS004773,AST004062,Turnout,C00050,59.6,Weld defect,Rail Defect,Low,2,2,1,2025-06-11,2025-07-25,0,140,4,Preventive,No,Yes,Open
TMS004774,AST000755,Rail,C00070,20.1,Rail wear,Rail Defect,Low,2,2,2,2025-06-19,2025-08-01,0,129,2,Preventive,No,Yes,Completed
TMS004775,AST001822,Sleeper,C00077,63.7,Rail wear,Rail Defect,Low,2,2,1,2025-03-17,2025-04-25,0,76,4,Preventive,No,Yes,Completed
TMS004776,AST002511,Turnout,C00032,4.8,Track geometry defect,Track Geometry,Medium,4,3,2,2025-06-26,2025-07-20,0,183,2,Preventive,No,Yes,In Progress
TMS004777,AST004712,Bridge,C00055,16.1,Ballast deficiency,Ballast Defect,High,5,4,2,2025-06-17,2025-06-23,8,164,3,Corrective,No,Yes,Scheduled
TMS004778,AST001858,Ballast,C00082,59.6,Alignment defect,Track Geometry,High,4,5,3,2025-03-29,2025-04-05,87,156,2,Corrective,No,Yes,Open
TMS004779,AST005165,Ballast,C00098,0.1,Preventive maintenance,Preventive,Low,2,2,2,2025-06-16,2025-08-06,0,95,1,Preventive,No,Yes,Open
TMS004780,AST003477,Switch,C00082,126.9,Gauge defect,Track Geometry,Medium,1,4,2,2025-05-27,2025-06-16,15,148,2,Preventive,No,Yes,In Progress
TMS004781,AST000186,Ballast,C00028,9.8,Gauge defect,Track Geometry,Low,2,1,2,2025-06-16,2025-07-24,0,154,3,Preventive,No,Yes,Open
TMS004782,AST002336,Turnout,C00052,186.5,Rail crack,Rail Defect,High,3,3,2,2025-06-25,2025-07-02,0,272,4,Corrective,No,Yes,Completed
TMS004783,AST003824,Sleeper,C00008,69.1,Preventive maintenance,Preventive,High,3,2,3,2025-06-20,2025-07-02,0,35,2,Preventive,No,Yes,Scheduled
TMS004784,AST004417,Crossing,C00014,93.8,Rail crack,Rail Defect,Medium,3,2,2,2025-06-21,2025-07-12,0,150,4,Preventive,No,Yes,Completed
TMS004785,AST004604,Sleeper,C00087,5.6,Gauge defect,Track Geometry,Low,1,1,2,2025-06-19,2025-08-01,0,189,5,Preventive,No,Yes,In Progress
TMS004786,AST004051,Turnout,C00065,15.3,Turnout wear,Turnout/Switch Defect,Low,2,1,1,2025-06-05,2025-07-15,0,173,5,Preventive,No,Yes,Completed
TMS004787,AST001105,Ballast,C00037,68.7,Scheduled inspection,Inspection,Low,4,1,3,2025-06-30,2025-08-03,0,69,1,Inspection,No,No,Scheduled
TMS004788,AST000565,Turnout,C00028,30.5,Ballast deficiency,Ballast Defect,Medium,1,2,2,2025-04-12,2025-05-04,0,126,5,Preventive,Yes,Yes,Completed
TMS004789,AST003783,Crossing,C00078,1.2,Rail crack,Rail Defect,Medium,2,3,2,2025-06-06,2025-06-26,5,189,3,Preventive,Yes,No,Scheduled
TMS004790,AST001800,Switch,C00063,45.0,Preventive maintenance,Preventive,Medium,2,3,1,2025-05-22,2025-06-12,19,72,4,Preventive,Yes,Yes,Open
TMS004791,AST002268,Bridge,C00071,12.4,Rail crack,Rail Defect,Critical,4,4,3,2025-06-08,2025-06-12,19,142,3,Corrective,Yes,Yes,In Progress
TMS004792,AST004016,Switch,C00075,126.5,Preventive maintenance,Preventive,Medium,2,3,2,2025-06-26,2025-07-20,0,135,2,Preventive,No,Yes,Open
TMS004793,AST003145,Switch,C00062,23.1,Weld defect,Rail Defect,Low,3,2,2,2025-06-14,2025-07-26,0,239,3,Preventive,No,Yes,Open
TMS004794,AST002826,Sleeper,C00069,256.8,Alignment defect,Track Geometry,High,4,3,2,2025-06-12,2025-06-24,7,226,3,Corrective,Yes,Yes,Open
TMS004795,AST003183,Rail,C00012,2.4,Gauge defect,Track Geometry,Low,3,3,1,2025-06-17,2025-07-26,0,143,4,Preventive,No,Yes,Open
TMS004796,AST004059,Weld,C00066,45.2,Scheduled inspection,Inspection,Low,3,2,1,2025-06-07,2025-07-21,0,91,3,Inspection,No,No,Open
TMS004797,AST002552,Bridge,C00083,29.8,Turnout wear,Turnout/Switch Defect,High,3,3,2,2025-06-11,2025-06-21,10,141,2,Corrective,No,No,Open
TMS004798,AST001605,Bridge,C00069,198.7,Scheduled inspection,Inspection,Medium,4,2,3,2025-06-17,2025-07-05,0,99,2,Inspection,Yes,Yes,Scheduled
TMS004799,AST001471,Track,C00048,33.6,Ballast deficiency,Ballast Defect,Low,3,3,1,2025-04-12,2025-06-02,29,153,4,Preventive,Yes,Yes,Open
TMS004800,AST000153,Sleeper,C00051,9.9,Alignment defect,Track Geometry,High,4,3,3,2025-06-25,2025-07-06,0,135,4,Corrective,Yes,Yes,Open
TMS004801,AST000333,Track,C00092,9.5,Corrective maintenance,Corrective,Low,5,2,2,2025-05-22,2025-07-01,0,205,4,Corrective,No,Yes,Open
TMS004802,AST003125,Crossing,C00023,2.9,Alignment defect,Track Geometry,Medium,3,3,2,2025-04-03,2025-04-30,62,185,4,Preventive,No,Yes,Open
TMS004803,AST004360,Rail,C00056,18.8,Drainage issue,Drainage,Low,2,2,2,2025-06-21,2025-08-13,0,106,3,Preventive,Yes,Yes,Completed
TMS004804,AST003769,Ballast,C00076,29.3,Ballast deficiency,Ballast Defect,Medium,3,2,3,2025-02-09,2025-03-05,118,172,4,Preventive,No,Yes,Scheduled
TMS004805,AST004540,Sleeper,C00038,107.4,Track geometry defect,Track Geometry,Medium,3,3,2,2025-03-16,2025-04-12,80,187,5,Preventive,Yes,No,Open
TMS004806,AST001195,Rail,C00054,17.9,Corrective maintenance,Corrective,Critical,1,5,3,2025-06-21,2025-06-24,0,360,4,Corrective,No,No,Completed
TMS004807,AST001755,Bridge,C00097,31.1,Sleeper damage,Sleeper Defect,Critical,5,4,4,2025-03-04,2025-03-07,116,147,4,Corrective,No,Yes,Scheduled
TMS004808,AST004227,Sleeper,C00013,89.8,Corrective maintenance,Corrective,Medium,3,2,2,2025-06-20,2025-07-09,0,216,4,Corrective,Yes,Yes,In Progress
TMS004809,AST005068,Weld,C00017,0.7,Drainage issue,Drainage,Low,4,2,2,2025-06-06,2025-07-18,0,61,2,Preventive,Yes,Yes,Scheduled
TMS004810,AST001729,Turnout,C00090,71.2,Gauge defect,Track Geometry,Critical,4,4,5,2025-03-10,2025-03-16,107,226,5,Corrective,Yes,Yes,Open
TMS004811,AST002640,Sleeper,C00058,0.3,Rail crack,Rail Defect,Low,2,2,1,2025-06-24,2025-08-04,0,162,2,Preventive,Yes,Yes,Open
TMS004812,AST004005,Turnout,C00035,65.5,Preventive maintenance,Preventive,Low,2,2,1,2025-06-15,2025-08-03,0,48,2,Preventive,No,Yes,Open
TMS004813,AST001464,Weld,C00043,11.3,Turnout wear,Turnout/Switch Defect,Medium,2,3,1,2025-03-26,2025-04-21,0,187,4,Preventive,No,Yes,Completed
TMS004814,AST004443,Turnout,C00039,10.2,Rail crack,Rail Defect,Low,2,1,1,2025-05-09,2025-06-22,9,184,4,Preventive,Yes,Yes,Scheduled
TMS004815,AST001840,Ballast,C00058,48.7,Ballast deficiency,Ballast Defect,Medium,3,3,3,2025-02-07,2025-03-06,117,156,4,Preventive,No,Yes,Deferred
TMS004816,AST000119,Weld,C00001,276.9,Rail crack,Rail Defect,Medium,5,2,2,2025-02-16,2025-03-06,117,116,3,Preventive,Yes,No,Scheduled
TMS004817,AST003172,Weld,C00051,20.1,Rail crack,Rail Defect,Medium,3,3,2,2025-05-09,2025-05-24,38,159,5,Preventive,No,No,Open
TMS004818,AST000963,Switch,C00001,328.4,Preventive maintenance,Preventive,Low,2,1,1,2025-06-29,2025-08-13,0,135,3,Preventive,No,Yes,Open
TMS004819,AST005083,Sleeper,C00095,44.6,Scheduled inspection,Inspection,High,3,5,3,2025-06-01,2025-06-10,21,57,2,Inspection,Yes,No,Scheduled
TMS004820,AST001831,Ballast,C00023,38.1,Rail wear,Rail Defect,Low,3,3,1,2025-03-20,2025-05-10,52,172,4,Preventive,No,Yes,Open
TMS004821,AST003431,Switch,C00012,108.8,Turnout wear,Turnout/Switch Defect,Low,2,1,2,2025-06-27,2025-08-09,0,179,4,Preventive,No,Yes,Open
TMS004822,AST000197,Turnout,C00055,52.1,Scheduled inspection,Inspection,Medium,2,4,1,2025-06-30,2025-07-20,0,58,3,Inspection,No,Yes,Completed
TMS004823,AST003406,Weld,C00065,28.9,Track geometry defect,Track Geometry,Medium,3,3,2,2025-06-22,2025-07-13,0,161,2,Preventive,Yes,Yes,Scheduled
TMS004824,AST004217,Crossing,C00026,118.7,Scheduled inspection,Inspection,Low,3,2,1,2025-05-26,2025-07-10,0,39,2,Inspection,Yes,No,Scheduled
TMS004825,AST003154,Bridge,C00062,30.2,Scheduled inspection,Inspection,Medium,2,2,3,2025-05-29,2025-06-20,0,33,2,Inspection,No,Yes,Completed
TMS004826,AST004423,Switch,C00053,60.6,Weld defect,Rail Defect,Medium,3,3,2,2025-06-18,2025-07-17,0,152,3,Preventive,No,Yes,Open
TMS004827,AST001721,Weld,C00071,9.1,Scheduled inspection,Inspection,High,3,3,2,2025-06-24,2025-07-04,0,48,3,Inspection,No,Yes,Scheduled
TMS004828,AST003156,Bridge,C00032,15.8,Gauge defect,Track Geometry,Medium,1,1,1,2025-06-28,2025-07-18,0,221,6,Preventive,No,Yes,Open
TMS004829,AST001287,Sleeper,C00059,85.1,Alignment defect,Track Geometry,Medium,3,3,1,2025-06-29,2025-07-24,0,215,2,Preventive,Yes,Yes,Completed
TMS004830,AST002198,Sleeper,C00072,12.2,Drainage issue,Drainage,Low,3,3,2,2025-04-30,2025-06-15,16,66,3,Preventive,Yes,Yes,Scheduled
TMS004831,AST005104,Ballast,C00072,7.2,Ballast deficiency,Ballast Defect,Medium,3,2,1,2025-05-09,2025-05-31,31,132,3,Preventive,Yes,Yes,Open
TMS004832,AST002753,Switch,C00001,406.4,Weld defect,Rail Defect,High,4,2,2,2025-04-20,2025-05-01,0,116,3,Corrective,No,Yes,Completed
TMS004833,AST002644,Sleeper,C00089,0.2,Track geometry defect,Track Geometry,Medium,2,2,3,2025-03-10,2025-04-08,84,197,3,Preventive,Yes,Yes,Scheduled
TMS004834,AST001216,Turnout,C00012,87.9,Rail crack,Rail Defect,Low,5,1,2,2025-06-14,2025-08-04,0,216,5,Preventive,Yes,Yes,In Progress
TMS004835,AST004523,Rail,C00013,84.7,Ballast deficiency,Ballast Defect,High,4,4,1,2025-06-08,2025-06-18,0,161,3,Corrective,Yes,Yes,Completed
TMS004836,AST002146,Ballast,C00027,4.2,Rail wear,Rail Defect,Critical,4,4,4,2025-05-13,2025-05-19,43,252,6,Corrective,No,Yes,In Progress
TMS004837,AST004405,Track,C00062,36.7,Sleeper damage,Sleeper Defect,Critical,5,5,4,2025-05-20,2025-05-23,39,64,1,Corrective,No,Yes,Open
TMS004838,AST003549,Weld,C00019,38.6,Preventive maintenance,Preventive,Medium,4,3,3,2025-05-16,2025-06-09,22,129,1,Preventive,No,Yes,Open
TMS004839,AST002704,Switch,C00049,6.9,Drainage issue,Drainage,Low,2,1,1,2025-06-19,2025-08-03,0,87,5,Preventive,Yes,Yes,Scheduled
TMS004840,AST003312,Sleeper,C00048,97.0,Gauge defect,Track Geometry,Medium,3,2,2,2025-06-26,2025-07-22,0,81,3,Preventive,No,Yes,Open
TMS004841,AST000421,Rail,C00005,19.3,Scheduled inspection,Inspection,High,3,4,2,2025-05-30,2025-06-12,0,54,3,Inspection,No,Yes,Completed
TMS004842,AST003604,Bridge,C00095,71.8,Ballast deficiency,Ballast Defect,Medium,3,2,2,2025-02-01,2025-02-22,129,118,4,Preventive,Yes,Yes,In Progress
TMS004843,AST001717,Track,C00026,371.8,Weld defect,Rail Defect,Medium,4,2,2,2025-06-13,2025-07-04,0,91,5,Preventive,No,No,Deferred
TMS004844,AST003727,Rail,C00036,48.7,Preventive maintenance,Preventive,Low,1,2,2,2025-06-20,2025-07-28,0,76,4,Preventive,No,Yes,Scheduled
TMS004845,AST004716,Ballast,C00086,127.5,Alignment defect,Track Geometry,Medium,3,2,1,2025-06-28,2025-07-16,0,221,5,Preventive,Yes,Yes,Open
TMS004846,AST002735,Switch,C00026,169.3,Alignment defect,Track Geometry,Low,4,1,2,2025-05-09,2025-06-26,5,218,5,Preventive,Yes,Yes,Open
TMS004847,AST002563,Bridge,C00040,6.6,Rail wear,Rail Defect,Medium,3,2,1,2025-02-19,2025-03-11,112,122,4,Preventive,No,Yes,Scheduled
TMS004848,AST003015,Turnout,C00091,98.5,Drainage issue,Drainage,Medium,4,2,2,2025-06-26,2025-07-19,0,92,3,Preventive,Yes,Yes,Completed
TMS004849,AST000830,Weld,C00029,81.4,Alignment defect,Track Geometry,High,3,4,1,2025-05-18,2025-05-27,35,208,5,Corrective,No,Yes,In Progress
TMS004850,AST003769,Ballast,C00076,29.3,Scheduled inspection,Inspection,Low,3,1,1,2025-06-28,2025-08-16,0,34,2,Inspection,No,Yes,Completed
TMS004851,AST002559,Rail,C00072,38.6,Weld defect,Rail Defect,Low,1,2,1,2025-06-25,2025-08-09,0,114,5,Preventive,No,Yes,Scheduled
TMS004852,AST003843,Switch,C00033,107.5,Rail crack,Rail Defect,Medium,2,2,2,2025-05-24,2025-06-17,14,191,5,Preventive,Yes,Yes,Scheduled
TMS004853,AST001061,Weld,C00029,83.6,Corrective maintenance,Corrective,High,5,5,3,2025-04-15,2025-04-24,68,286,4,Corrective,No,Yes,Open
TMS004854,AST000830,Weld,C00029,81.4,Scheduled inspection,Inspection,Low,2,2,2,2025-06-29,2025-08-17,0,49,2,Inspection,No,Yes,Open
TMS004855,AST001856,Crossing,C00047,28.3,Rail wear,Rail Defect,Medium,3,3,3,2025-06-04,2025-07-03,0,183,5,Preventive,No,Yes,Open
TMS004856,AST001793,Rail,C00045,169.2,Rail wear,Rail Defect,Medium,3,2,2,2025-04-10,2025-04-30,62,184,4,Preventive,No,Yes,Open
TMS004857,AST003856,Crossing,C00025,140.6,Rail crack,Rail Defect,Critical,5,3,3,2025-02-01,2025-02-06,145,138,4,Corrective,Yes,No,Open
TMS004858,AST001287,Sleeper,C00059,85.1,Drainage issue,Drainage,High,4,5,3,2025-06-14,2025-06-23,8,87,3,Corrective,Yes,Yes,Open
TMS004859,AST003762,Sleeper,C00065,39.3,Weld defect,Rail Defect,Low,4,2,1,2025-02-21,2025-04-04,0,90,3,Preventive,No,Yes,Completed
TMS004860,AST002981,Crossing,C00009,69.2,Drainage issue,Drainage,Critical,4,5,3,2025-05-27,2025-06-03,28,133,3,Corrective,Yes,Yes,Scheduled
TMS004861,AST000747,Ballast,C00006,4.3,Drainage issue,Drainage,Medium,2,3,1,2025-06-11,2025-07-07,0,54,4,Preventive,Yes,Yes,Open
TMS004862,AST003354,Switch,C00097,5.5,Scheduled inspection,Inspection,High,4,4,3,2025-02-17,2025-02-28,123,45,2,Inspection,No,No,Open
TMS004863,AST005200,Weld,C00007,124.7,Rail wear,Rail Defect,High,3,3,2,2025-02-05,2025-02-18,133,175,3,Corrective,No,Yes,Scheduled
TMS004864,AST003412,Rail,C00068,124.0,Track geometry defect,Track Geometry,Medium,4,2,1,2025-06-27,2025-07-21,0,224,5,Preventive,Yes,Yes,Open
TMS004865,AST001123,Crossing,C00029,74.3,Rail crack,Rail Defect,Critical,4,4,3,2025-05-03,2025-05-07,55,252,5,Corrective,Yes,Yes,Open
TMS004866,AST004729,Bridge,C00086,169.0,Alignment defect,Track Geometry,Low,1,1,1,2025-04-12,2025-06-07,24,102,4,Preventive,Yes,Yes,Scheduled
TMS004867,AST002914,Ballast,C00035,63.6,Turnout wear,Turnout/Switch Defect,Low,2,1,2,2025-05-08,2025-06-16,15,245,3,Preventive,No,Yes,Open
TMS004868,AST002131,Switch,C00089,88.2,Turnout wear,Turnout/Switch Defect,High,4,2,3,2025-03-01,2025-03-11,112,225,3,Corrective,No,Yes,Deferred
TMS004869,AST000393,Ballast,C00065,22.5,Ballast deficiency,Ballast Defect,Medium,4,3,2,2025-06-26,2025-07-24,0,136,3,Preventive,Yes,Yes,In Progress
TMS004870,AST001561,Ballast,C00061,43.8,Gauge defect,Track Geometry,Critical,2,5,2,2025-05-23,2025-05-27,35,206,4,Corrective,Yes,Yes,Open
TMS004871,AST000415,Track,C00100,4.9,Rail wear,Rail Defect,High,2,3,2,2025-02-19,2025-03-01,122,43,1,Corrective,No,Yes,Open
TMS004872,AST003408,Ballast,C00069,16.5,Turnout wear,Turnout/Switch Defect,High,4,4,2,2025-05-25,2025-06-01,30,266,4,Corrective,No,Yes,Open
TMS004873,AST001134,Rail,C00023,3.0,Rail crack,Rail Defect,Medium,4,2,2,2025-05-06,2025-05-31,31,256,4,Preventive,Yes,Yes,Deferred
TMS004874,AST005151,Bridge,C00021,132.0,Preventive maintenance,Preventive,Medium,3,3,1,2025-03-11,2025-03-28,95,155,5,Preventive,Yes,Yes,Open
TMS004875,AST002797,Ballast,C00100,0.3,Drainage issue,Drainage,Low,2,2,1,2025-06-27,2025-08-07,0,54,4,Preventive,Yes,Yes,Scheduled
TMS004876,AST001927,Weld,C00040,62.9,Corrective maintenance,Corrective,Low,2,1,3,2025-06-16,2025-07-25,0,269,3,Corrective,No,Yes,Scheduled
TMS004877,AST002170,Rail,C00028,43.1,Weld defect,Rail Defect,Low,2,1,2,2025-05-20,2025-06-27,4,141,3,Preventive,No,Yes,Scheduled
TMS004878,AST003998,Switch,C00069,65.2,Weld defect,Rail Defect,Medium,1,2,1,2025-06-29,2025-07-28,0,138,2,Preventive,No,Yes,Completed
TMS004879,AST004102,Switch,C00034,34.5,Scheduled inspection,Inspection,High,3,3,4,2025-05-06,2025-05-18,44,53,3,Inspection,No,Yes,Deferred
TMS004880,AST000377,Switch,C00092,3.9,Drainage issue,Drainage,Critical,4,5,3,2025-05-15,2025-05-19,43,97,3,Corrective,Yes,No,Scheduled
TMS004881,AST003528,Track,C00001,375.3,Turnout wear,Turnout/Switch Defect,Medium,3,3,2,2025-02-13,2025-03-04,119,151,1,Preventive,No,Yes,Scheduled
TMS004882,AST003248,Sleeper,C00021,56.0,Turnout wear,Turnout/Switch Defect,High,2,3,4,2025-05-06,2025-05-17,0,148,1,Corrective,No,Yes,Completed
TMS004883,AST004485,Weld,C00084,246.3,Turnout wear,Turnout/Switch Defect,Low,3,2,1,2025-05-30,2025-07-15,0,176,2,Preventive,No,Yes,Scheduled
TMS004884,AST000677,Crossing,C00092,36.5,Scheduled inspection,Inspection,Low,4,2,1,2025-04-27,2025-06-10,21,73,4,Inspection,No,No,Scheduled
TMS004885,AST002364,Track,C00059,107.7,Drainage issue,Drainage,Medium,4,1,3,2025-02-20,2025-03-18,105,67,4,Preventive,Yes,Yes,Open
TMS004886,AST000325,Rail,C00057,120.4,Scheduled inspection,Inspection,High,2,3,2,2025-06-11,2025-06-23,8,54,4,Inspection,No,Yes,In Progress
TMS004887,AST002370,Rail,C00041,32.0,Preventive maintenance,Preventive,High,3,5,5,2025-05-20,2025-05-30,32,130,2,Preventive,No,Yes,Open
TMS004888,AST003536,Bridge,C00008,106.2,Sleeper damage,Sleeper Defect,Medium,2,3,2,2025-06-12,2025-06-27,0,91,2,Preventive,No,Yes,Completed
TMS004889,AST004415,Crossing,C00052,148.3,Turnout wear,Turnout/Switch Defect,Medium,2,3,2,2025-05-30,2025-06-20,11,164,2,Preventive,Yes,Yes,Open
TMS004890,AST002731,Bridge,C00079,17.6,Preventive maintenance,Preventive,Critical,3,3,2,2025-05-19,2025-05-24,38,77,3,Preventive,No,Yes,Scheduled
TMS004891,AST002879,Crossing,C00082,23.9,Preventive maintenance,Preventive,Low,2,2,1,2025-05-13,2025-06-18,13,94,2,Preventive,No,Yes,Open
TMS004892,AST002678,Crossing,C00034,17.2,Weld defect,Rail Defect,Medium,2,2,3,2025-06-12,2025-07-09,0,125,2,Preventive,No,Yes,Scheduled
TMS004893,AST003987,Sleeper,C00068,61.2,Gauge defect,Track Geometry,Critical,4,5,4,2025-06-08,2025-06-14,17,154,2,Corrective,No,Yes,In Progress
TMS004894,AST003169,Sleeper,C00042,77.2,Gauge defect,Track Geometry,High,3,3,2,2025-05-24,2025-06-03,28,284,3,Corrective,Yes,Yes,In Progress
TMS004895,AST002653,Rail,C00082,68.7,Weld defect,Rail Defect,Low,1,2,1,2025-05-20,2025-07-03,0,133,3,Preventive,No,Yes,Open
TMS004896,AST000466,Bridge,C00004,50.6,Rail crack,Rail Defect,Medium,3,3,2,2025-06-13,2025-06-27,4,169,3,Preventive,Yes,Yes,In Progress
TMS004897,AST004892,Crossing,C00074,15.6,Rail crack,Rail Defect,Critical,5,3,3,2025-06-21,2025-06-24,7,288,5,Corrective,Yes,Yes,Scheduled
TMS004898,AST003139,Crossing,C00093,8.3,Preventive maintenance,Preventive,Low,3,2,2,2025-03-18,2025-04-23,69,56,2,Preventive,No,No,Open
TMS004899,AST001935,Rail,C00080,51.4,Track geometry defect,Track Geometry,Low,2,1,2,2025-06-21,2025-07-31,0,211,3,Preventive,No,Yes,Scheduled
TMS004900,AST003895,Ballast,C00003,18.1,Alignment defect,Track Geometry,High,4,3,2,2025-03-24,2025-04-06,86,204,2,Corrective,Yes,Yes,Scheduled
TMS004901,AST001278,Track,C00034,34.1,Sleeper damage,Sleeper Defect,Low,3,1,2,2025-04-29,2025-06-03,28,121,4,Preventive,No,Yes,Open
TMS004902,AST001620,Bridge,C00024,50.2,Corrective maintenance,Corrective,High,4,5,3,2025-06-24,2025-07-04,0,212,4,Corrective,No,Yes,Scheduled
TMS004903,AST000075,Turnout,C00044,23.4,Sleeper damage,Sleeper Defect,Medium,4,2,1,2025-06-11,2025-07-01,0,157,2,Preventive,No,Yes,Open
TMS004904,AST004766,Weld,C00051,17.0,Preventive maintenance,Preventive,High,4,3,3,2025-06-12,2025-06-22,9,41,1,Preventive,No,Yes,In Progress
TMS004905,AST003799,Ballast,C00080,63.0,Scheduled inspection,Inspection,Low,2,1,2,2025-05-09,2025-06-11,20,71,3,Inspection,Yes,Yes,Open
TMS004906,AST003189,Crossing,C00087,108.4,Gauge defect,Track Geometry,Medium,3,2,1,2025-05-30,2025-06-25,6,234,5,Preventive,No,Yes,Open
TMS004907,AST002807,Turnout,C00059,24.9,Scheduled inspection,Inspection,Medium,4,3,2,2025-05-25,2025-06-13,18,76,3,Inspection,No,Yes,Deferred
TMS004908,AST000634,Weld,C00036,21.8,Weld defect,Rail Defect,Medium,3,3,2,2025-05-29,2025-06-24,0,118,3,Preventive,No,No,Completed
TMS004909,AST003608,Crossing,C00096,53.6,Rail crack,Rail Defect,Low,4,1,2,2025-06-28,2025-08-19,0,209,4,Preventive,Yes,Yes,Open
TMS004910,AST001983,Weld,C00072,57.0,Ballast deficiency,Ballast Defect,High,3,3,2,2025-06-12,2025-06-20,11,147,2,Corrective,Yes,Yes,Open
TMS004911,AST005090,Crossing,C00009,26.1,Scheduled inspection,Inspection,Low,2,2,1,2025-05-02,2025-06-01,0,82,4,Inspection,No,Yes,Completed
TMS004912,AST000940,Turnout,C00047,24.4,Rail wear,Rail Defect,High,4,4,4,2025-02-28,2025-03-09,0,167,4,Corrective,No,Yes,Completed
TMS004913,AST002755,Switch,C00080,52.5,Gauge defect,Track Geometry,Low,2,3,1,2025-05-31,2025-07-08,0,178,4,Preventive,No,Yes,Open
TMS004914,AST004429,Turnout,C00039,9.1,Rail crack,Rail Defect,High,3,4,2,2025-06-20,2025-06-28,0,234,3,Corrective,Yes,Yes,Completed
TMS004915,AST004329,Turnout,C00014,80.2,Rail wear,Rail Defect,Low,3,2,1,2025-04-24,2025-06-10,21,220,4,Preventive,Yes,Yes,Open
TMS004916,AST004006,Sleeper,C00037,9.3,Weld defect,Rail Defect,High,2,4,3,2025-04-13,2025-04-24,0,163,4,Corrective,No,Yes,Completed
TMS004917,AST001364,Bridge,C00081,60.4,Gauge defect,Track Geometry,Low,3,1,2,2025-06-06,2025-07-14,0,184,1,Preventive,No,Yes,Open
TMS004918,AST002687,Ballast,C00024,43.2,Rail crack,Rail Defect,Critical,5,4,3,2025-06-23,2025-06-28,3,273,3,Corrective,Yes,Yes,Scheduled
TMS004919,AST000830,Weld,C00029,81.4,Alignment defect,Track Geometry,Medium,3,3,2,2025-06-16,2025-07-04,0,287,4,Preventive,Yes,No,Scheduled
TMS004920,AST003503,Bridge,C00048,118.9,Scheduled inspection,Inspection,Medium,4,3,1,2025-03-23,2025-04-16,76,35,3,Inspection,No,No,Deferred
TMS004921,AST003029,Track,C00018,56.5,Weld defect,Rail Defect,Medium,3,3,2,2025-05-08,2025-05-26,36,132,3,Preventive,No,Yes,Open
TMS004922,AST001936,Weld,C00018,36.9,Alignment defect,Track Geometry,Critical,4,4,4,2025-06-04,2025-06-10,21,138,3,Corrective,No,Yes,In Progress
TMS004923,AST000960,Rail,C00036,12.1,Turnout wear,Turnout/Switch Defect,Low,3,3,2,2025-05-26,2025-06-27,4,225,6,Preventive,No,Yes,Scheduled
TMS004924,AST000158,Track,C00051,7.3,Alignment defect,Track Geometry,Critical,2,5,4,2025-05-19,2025-05-24,0,154,2,Corrective,Yes,Yes,Completed
TMS004925,AST003000,Weld,C00053,107.9,Preventive maintenance,Preventive,Low,2,3,2,2025-06-26,2025-08-06,0,88,4,Preventive,No,Yes,Open
TMS004926,AST002106,Weld,C00062,2.3,Drainage issue,Drainage,High,3,3,3,2025-02-05,2025-02-14,137,105,3,Corrective,No,Yes,In Progress
TMS004927,AST004651,Weld,C00060,5.5,Rail wear,Rail Defect,Medium,2,2,2,2025-06-26,2025-07-17,0,153,2,Preventive,No,Yes,Scheduled
TMS004928,AST001788,Ballast,C00066,15.3,Drainage issue,Drainage,High,3,4,1,2025-04-20,2025-04-30,62,194,3,Corrective,Yes,Yes,Open
TMS004929,AST002118,Sleeper,C00032,0.6,Rail wear,Rail Defect,Low,2,2,1,2025-05-26,2025-07-19,0,88,2,Preventive,No,Yes,Scheduled
TMS004930,AST002087,Crossing,C00031,54.0,Rail crack,Rail Defect,Medium,4,2,1,2025-06-09,2025-07-02,0,261,5,Preventive,Yes,Yes,Deferred
TMS004931,AST004504,Bridge,C00033,95.3,Turnout wear,Turnout/Switch Defect,Medium,3,3,2,2025-06-25,2025-07-24,0,256,2,Preventive,No,Yes,Scheduled
TMS004932,AST004758,Turnout,C00091,118.2,Rail crack,Rail Defect,Critical,5,2,2,2025-05-08,2025-05-12,0,161,3,Corrective,No,Yes,Completed
TMS004933,AST005278,Turnout,C00038,49.0,Turnout wear,Turnout/Switch Defect,Low,2,1,2,2025-06-08,2025-07-13,0,275,4,Preventive,No,Yes,Open
TMS004934,AST000896,Rail,C00057,125.7,Scheduled inspection,Inspection,High,3,3,3,2025-06-17,2025-06-29,2,75,3,Inspection,No,No,Scheduled
TMS004935,AST003835,Rail,C00021,95.8,Gauge defect,Track Geometry,Critical,3,3,4,2025-06-15,2025-06-19,0,203,4,Corrective,No,Yes,Completed
TMS004936,AST002257,Crossing,C00006,10.7,Track geometry defect,Track Geometry,High,3,2,4,2025-06-25,2025-07-06,0,180,4,Corrective,Yes,Yes,In Progress
TMS004937,AST004469,Crossing,C00094,20.2,Ballast deficiency,Ballast Defect,Low,2,1,2,2025-06-03,2025-07-17,0,137,2,Preventive,Yes,Yes,Open
TMS004938,AST000956,Crossing,C00072,89.6,Weld defect,Rail Defect,Low,3,2,2,2025-06-11,2025-07-31,0,136,2,Preventive,No,Yes,Open
TMS004939,AST004073,Turnout,C00001,140.7,Sleeper damage,Sleeper Defect,Medium,3,2,2,2025-06-20,2025-07-12,0,161,4,Preventive,No,No,Deferred
TMS004940,AST002710,Switch,C00015,150.9,Turnout wear,Turnout/Switch Defect,Medium,4,2,2,2025-06-19,2025-07-15,0,254,4,Preventive,No,No,Open
TMS004941,AST004043,Sleeper,C00008,112.2,Drainage issue,Drainage,Low,3,1,1,2025-06-12,2025-07-14,0,68,4,Preventive,Yes,Yes,Completed
TMS004942,AST004284,Crossing,C00088,6.8,Rail wear,Rail Defect,Low,2,2,2,2025-04-22,2025-05-28,34,87,4,Preventive,No,Yes,Open
TMS004943,AST003966,Bridge,C00044,46.9,Scheduled inspection,Inspection,Medium,2,3,2,2025-04-18,2025-05-11,51,102,4,Inspection,No,Yes,Open
TMS004944,AST004042,Switch,C00004,55.2,Corrective maintenance,Corrective,Medium,2,3,1,2025-06-26,2025-07-12,0,254,4,Corrective,No,Yes,Completed
TMS004945,AST001166,Weld,C00039,20.7,Sleeper damage,Sleeper Defect,Low,3,1,1,2025-04-22,2025-06-07,24,131,3,Preventive,No,No,Scheduled
TMS004946,AST000802,Rail,C00097,7.7,Alignment defect,Track Geometry,High,4,4,3,2025-04-25,2025-05-05,57,200,3,Corrective,Yes,Yes,Open
TMS004947,AST004104,Bridge,C00076,66.5,Weld defect,Rail Defect,Low,3,1,1,2025-02-02,2025-03-15,108,79,4,Preventive,No,No,Deferred
TMS004948,AST003636,Turnout,C00021,135.4,Scheduled inspection,Inspection,High,3,5,3,2025-06-19,2025-06-26,5,96,2,Inspection,No,No,Open
TMS004949,AST004518,Switch,C00092,2.2,Preventive maintenance,Preventive,Low,1,2,1,2025-06-05,2025-07-24,0,94,3,Preventive,No,Yes,Open
TMS004950,AST001376,Bridge,C00038,102.9,Sleeper damage,Sleeper Defect,Medium,4,2,2,2025-06-12,2025-06-28,3,130,2,Preventive,Yes,Yes,Scheduled
TMS004951,AST001288,Track,C00037,44.6,Alignment defect,Track Geometry,Low,2,2,1,2025-06-17,2025-07-18,0,239,4,Preventive,No,Yes,Open
TMS004952,AST001705,Switch,C00011,184.5,Scheduled inspection,Inspection,Low,4,2,1,2025-06-03,2025-07-26,0,75,4,Inspection,No,No,Open
TMS004953,AST004660,Track,C00009,73.4,Alignment defect,Track Geometry,Low,2,2,1,2025-06-23,2025-08-11,0,174,5,Preventive,Yes,Yes,Completed
TMS004954,AST002554,Bridge,C00001,249.5,Turnout wear,Turnout/Switch Defect,Medium,2,2,1,2025-06-13,2025-07-01,0,224,4,Preventive,No,Yes,Open
TMS004955,AST004579,Switch,C00048,63.4,Corrective maintenance,Corrective,Medium,2,3,2,2025-06-10,2025-06-30,0,242,5,Corrective,No,No,Completed
TMS004956,AST005206,Rail,C00089,58.1,Rail wear,Rail Defect,Low,3,2,2,2025-05-31,2025-06-30,1,209,4,Preventive,No,Yes,Open
TMS004957,AST004467,Switch,C00053,79.2,Preventive maintenance,Preventive,Low,3,1,3,2025-06-27,2025-08-01,0,46,1,Preventive,No,Yes,Open
TMS004958,AST003447,Ballast,C00095,74.8,Gauge defect,Track Geometry,Critical,4,5,4,2025-05-16,2025-05-20,42,158,4,Corrective,No,Yes,Open
TMS004959,AST003538,Ballast,C00082,45.1,Preventive maintenance,Preventive,Low,2,2,2,2025-06-17,2025-07-30,0,53,3,Preventive,Yes,Yes,Scheduled
TMS004960,AST002612,Sleeper,C00016,38.0,Drainage issue,Drainage,Medium,3,1,3,2025-05-30,2025-06-25,6,61,2,Preventive,Yes,Yes,Open
TMS004961,AST000406,Switch,C00074,2.7,Sleeper damage,Sleeper Defect,Low,2,2,2,2025-04-04,2025-05-14,0,78,3,Preventive,No,Yes,Completed
TMS004962,AST001580,Track,C00022,142.9,Track geometry defect,Track Geometry,Low,2,1,2,2025-06-28,2025-08-18,0,183,4,Preventive,Yes,Yes,Scheduled
TMS004963,AST002115,Bridge,C00053,86.7,Drainage issue,Drainage,High,3,4,3,2025-06-18,2025-07-01,0,124,2,Corrective,Yes,Yes,Completed
TMS004964,AST005006,Weld,C00018,63.0,Gauge defect,Track Geometry,Low,2,3,2,2025-04-24,2025-06-22,9,206,5,Preventive,No,Yes,Open
TMS004965,AST000879,Sleeper,C00097,26.7,Rail wear,Rail Defect,Medium,2,3,4,2025-06-02,2025-06-28,3,187,4,Preventive,No,Yes,Scheduled
TMS004966,AST000328,Weld,C00019,93.5,Drainage issue,Drainage,Medium,5,1,1,2025-06-03,2025-06-28,3,95,2,Preventive,Yes,Yes,Open
TMS004967,AST001873,Bridge,C00042,32.9,Track geometry defect,Track Geometry,Low,1,2,1,2025-05-06,2025-06-09,0,221,5,Preventive,Yes,Yes,Completed
TMS004968,AST003393,Sleeper,C00010,34.4,Weld defect,Rail Defect,Medium,2,3,1,2025-05-02,2025-05-18,44,172,5,Preventive,No,Yes,Open
TMS004969,AST004823,Bridge,C00060,24.9,Gauge defect,Track Geometry,Low,3,2,1,2025-06-16,2025-08-02,0,177,3,Preventive,No,Yes,In Progress
TMS004970,AST000933,Ballast,C00004,69.0,Alignment defect,Track Geometry,Medium,3,3,2,2025-06-13,2025-07-07,0,160,2,Preventive,Yes,Yes,Deferred
TMS004971,AST000170,Switch,C00045,91.0,Alignment defect,Track Geometry,Low,2,2,1,2025-05-16,2025-07-04,0,256,4,Preventive,Yes,Yes,Scheduled
TMS004972,AST001040,Weld,C00081,78.8,Rail wear,Rail Defect,High,3,4,3,2025-02-02,2025-02-16,135,168,3,Corrective,No,Yes,Open
TMS004973,AST000375,Switch,C00069,171.0,Turnout wear,Turnout/Switch Defect,Low,2,1,1,2025-05-29,2025-07-13,0,203,3,Preventive,No,Yes,Scheduled
TMS004974,AST001569,Weld,C00057,86.0,Alignment defect,Track Geometry,Low,2,1,2,2025-05-25,2025-07-01,0,163,4,Preventive,Yes,Yes,Scheduled
TMS004975,AST001525,Crossing,C00006,12.8,Gauge defect,Track Geometry,Medium,4,3,2,2025-05-21,2025-06-13,18,121,2,Preventive,Yes,Yes,Scheduled
TMS004976,AST002110,Switch,C00071,12.5,Preventive maintenance,Preventive,Low,1,2,1,2025-05-15,2025-06-26,0,40,3,Preventive,No,Yes,Completed
TMS004977,AST003540,Ballast,C00027,27.8,Preventive maintenance,Preventive,High,3,4,2,2025-05-24,2025-06-05,26,84,5,Preventive,No,Yes,Scheduled
TMS004978,AST001999,Switch,C00025,211.8,Sleeper damage,Sleeper Defect,Low,4,1,1,2025-05-24,2025-07-11,0,158,3,Preventive,No,Yes,Completed
TMS004979,AST000217,Rail,C00035,57.8,Sleeper damage,Sleeper Defect,High,3,4,2,2025-05-24,2025-06-05,26,54,5,Corrective,No,Yes,Scheduled
TMS004980,AST002507,Bridge,C00025,142.2,Track geometry defect,Track Geometry,Low,2,1,1,2025-06-22,2025-08-02,0,149,5,Preventive,Yes,Yes,Completed
TMS004981,AST002394,Crossing,C00013,19.1,Alignment defect,Track Geometry,Medium,2,3,1,2025-06-16,2025-07-02,0,205,3,Preventive,Yes,Yes,In Progress
TMS004982,AST003766,Rail,C00046,12.5,Drainage issue,Drainage,Low,2,2,1,2025-05-17,2025-06-21,10,136,4,Preventive,Yes,Yes,Open
TMS004983,AST002824,Bridge,C00006,0.5,Preventive maintenance,Preventive,Low,2,2,1,2025-05-31,2025-07-14,0,89,1,Preventive,No,Yes,Deferred
TMS004984,AST002544,Sleeper,C00014,33.7,Rail wear,Rail Defect,Medium,3,2,2,2025-06-22,2025-07-10,0,121,3,Preventive,No,Yes,Completed
TMS004985,AST002873,Track,C00075,115.9,Gauge defect,Track Geometry,Medium,2,3,2,2025-06-16,2025-07-03,0,137,4,Preventive,No,Yes,Open
TMS004986,AST004152,Sleeper,C00099,8.0,Track geometry defect,Track Geometry,High,2,4,3,2025-06-19,2025-06-28,3,199,4,Corrective,Yes,Yes,Scheduled
TMS004987,AST004172,Bridge,C00086,244.1,Ballast deficiency,Ballast Defect,Low,2,3,1,2025-05-05,2025-06-17,14,117,4,Preventive,Yes,Yes,Open
TMS004988,AST001302,Crossing,C00047,51.4,Scheduled inspection,Inspection,Medium,2,2,3,2025-06-01,2025-06-30,0,62,3,Inspection,No,No,Completed
TMS004989,AST003780,Crossing,C00021,83.6,Corrective maintenance,Corrective,Medium,2,1,2,2025-03-12,2025-03-29,94,227,2,Corrective,No,Yes,Open
TMS004990,AST000721,Sleeper,C00080,73.1,Track geometry defect,Track Geometry,Low,2,2,2,2025-02-21,2025-04-15,77,230,4,Preventive,No,Yes,Scheduled
TMS004991,AST004376,Turnout,C00098,3.9,Turnout wear,Turnout/Switch Defect,Low,2,3,2,2025-06-20,2025-07-25,0,158,4,Preventive,No,Yes,Open
TMS004992,AST001722,Track,C00020,76.2,Scheduled inspection,Inspection,Low,2,2,1,2025-02-22,2025-04-02,90,85,2,Inspection,No,Yes,Deferred
TMS004993,AST004494,Sleeper,C00013,12.0,Weld defect,Rail Defect,Medium,3,4,2,2025-05-23,2025-06-18,13,105,1,Preventive,No,Yes,Open
TMS004994,AST002843,Turnout,C00015,77.1,Turnout wear,Turnout/Switch Defect,High,3,3,3,2025-05-11,2025-05-21,41,225,5,Corrective,No,Yes,Scheduled
TMS004995,AST003194,Track,C00073,135.9,Corrective maintenance,Corrective,Low,2,1,1,2025-06-15,2025-07-20,0,267,3,Corrective,No,Yes,Scheduled
TMS004996,AST002388,Turnout,C00045,103.4,Preventive maintenance,Preventive,Medium,2,2,1,2025-06-12,2025-07-04,0,73,4,Preventive,No,Yes,Open
TMS004997,AST001064,Track,C00065,11.6,Alignment defect,Track Geometry,Low,2,2,1,2025-05-11,2025-06-25,6,170,4,Preventive,Yes,Yes,Scheduled
TMS004998,AST002798,Ballast,C00040,3.5,Ballast deficiency,Ballast Defect,High,2,4,3,2025-05-24,2025-06-05,26,110,3,Corrective,Yes,Yes,Scheduled
TMS004999,AST003463,Weld,C00033,41.1,Preventive maintenance,Preventive,Low,2,2,2,2025-05-15,2025-07-07,0,100,2,Preventive,No,Yes,Scheduled
TMS005000,AST002391,Rail,C00046,0.5,Sleeper damage,Sleeper Defect,Medium,2,2,3,2025-06-29,2025-07-19,0,85,2,Preventive,No,Yes,Scheduled
TMS005001,AST000685,Weld,C00098,3.8,Scheduled inspection,Inspection,Low,4,1,1,2025-04-02,2025-05-06,56,124,2,Inspection,No,Yes,In Progress
TMS005002,AST003302,Bridge,C00088,37.5,Track geometry defect,Track Geometry,Medium,3,2,2,2025-06-08,2025-06-30,0,205,5,Preventive,Yes,Yes,Completed
TMS005003,AST002565,Bridge,C00040,54.7,Sleeper damage,Sleeper Defect,High,3,3,4,2025-05-30,2025-06-09,22,147,1,Corrective,No,Yes,In Progress
TMS005004,AST000163,Track,C00033,61.0,Weld defect,Rail Defect,Low,3,2,2,2025-05-16,2025-06-30,1,115,3,Preventive,No,Yes,Deferred
TMS005005,AST003345,Switch,C00006,2.9,Rail wear,Rail Defect,Low,3,2,2,2025-05-13,2025-06-21,10,125,3,Preventive,No,Yes,Open
TMS005006,AST002435,Sleeper,C00022,115.5,Ballast deficiency,Ballast Defect,Medium,2,3,2,2025-04-03,2025-04-23,0,128,4,Preventive,Yes,Yes,Completed
TMS005007,AST002810,Ballast,C00041,9.7,Scheduled inspection,Inspection,Low,2,1,1,2025-03-14,2025-04-25,0,75,3,Inspection,No,Yes,Completed
TMS005008,AST001653,Ballast,C00039,21.5,Weld defect,Rail Defect,Critical,4,4,2,2025-06-20,2025-06-26,5,58,3,Corrective,Yes,Yes,Open
TMS005009,AST003756,Rail,C00060,30.0,Turnout wear,Turnout/Switch Defect,Low,1,3,1,2025-05-12,2025-06-17,0,213,3,Preventive,No,Yes,Completed
TMS005010,AST000329,Track,C00082,23.7,Corrective maintenance,Corrective,Low,3,1,4,2025-05-02,2025-06-24,0,168,3,Corrective,No,Yes,Completed
TMS005011,AST003689,Sleeper,C00047,29.7,Sleeper damage,Sleeper Defect,Medium,2,3,3,2025-06-29,2025-07-17,0,84,3,Preventive,No,Yes,Completed
TMS005012,AST002087,Crossing,C00031,54.0,Gauge defect,Track Geometry,Low,3,2,2,2025-05-14,2025-07-08,0,135,4,Preventive,No,Yes,Scheduled
TMS005013,AST004849,Rail,C00033,10.9,Drainage issue,Drainage,High,2,3,3,2025-06-25,2025-07-06,0,108,4,Corrective,Yes,Yes,Open
TMS005014,AST002411,Track,C00084,246.7,Alignment defect,Track Geometry,Medium,2,2,2,2025-06-15,2025-07-09,0,143,6,Preventive,Yes,Yes,Completed
TMS005015,AST003631,Switch,C00007,131.3,Ballast deficiency,Ballast Defect,High,2,3,2,2025-06-14,2025-06-24,7,116,4,Corrective,Yes,Yes,Scheduled
TMS005016,AST002572,Turnout,C00012,80.4,Rail wear,Rail Defect,Medium,3,4,1,2025-06-14,2025-07-08,0,94,3,Preventive,No,Yes,In Progress
TMS005017,AST004530,Sleeper,C00085,157.4,Preventive maintenance,Preventive,Critical,4,4,3,2025-06-08,2025-06-10,21,58,3,Preventive,No,Yes,Open
TMS005018,AST002311,Ballast,C00024,47.3,Weld defect,Rail Defect,High,3,3,2,2025-05-02,2025-05-11,0,216,5,Corrective,No,Yes,Completed
TMS005019,AST000045,Ballast,C00094,10.0,Ballast deficiency,Ballast Defect,Low,2,1,2,2025-03-11,2025-04-28,64,85,4,Preventive,Yes,Yes,Open
TMS005020,AST002973,Bridge,C00065,53.1,Track geometry defect,Track Geometry,Low,1,2,1,2025-06-13,2025-08-01,0,244,4,Preventive,No,No,Open
TMS005021,AST000736,Turnout,C00014,25.6,Gauge defect,Track Geometry,Low,2,1,1,2025-06-20,2025-07-28,0,60,2,Preventive,No,Yes,Scheduled
TMS005022,AST004236,Sleeper,C00068,113.2,Preventive maintenance,Preventive,High,4,3,2,2025-06-24,2025-07-03,0,132,4,Preventive,No,Yes,Completed
TMS005023,AST004845,Sleeper,C00055,63.4,Corrective maintenance,Corrective,Low,2,2,1,2025-06-19,2025-07-26,0,247,4,Corrective,No,Yes,Deferred
TMS005024,AST001117,Switch,C00046,27.5,Alignment defect,Track Geometry,Medium,3,1,2,2025-06-03,2025-07-01,0,239,6,Preventive,Yes,Yes,Deferred
TMS005025,AST001516,Track,C00013,89.2,Turnout wear,Turnout/Switch Defect,Medium,2,2,2,2025-06-30,2025-07-23,0,276,2,Preventive,No,Yes,Open
TMS005026,AST004740,Rail,C00069,78.3,Alignment defect,Track Geometry,Low,3,2,1,2025-03-23,2025-05-07,55,237,3,Preventive,Yes,Yes,Open
TMS005027,AST001135,Sleeper,C00041,26.9,Drainage issue,Drainage,Medium,3,2,3,2025-06-29,2025-07-23,0,91,2,Preventive,No,Yes,Scheduled
TMS005028,AST003507,Turnout,C00016,18.5,Weld defect,Rail Defect,High,3,4,2,2025-04-07,2025-04-16,0,114,4,Corrective,No,Yes,Completed
TMS005029,AST002526,Turnout,C00099,9.5,Turnout wear,Turnout/Switch Defect,High,3,4,2,2025-06-22,2025-07-04,0,166,7,Corrective,No,Yes,Scheduled
TMS005030,AST004932,Ballast,C00073,11.7,Sleeper damage,Sleeper Defect,Low,3,1,1,2025-04-14,2025-06-09,22,103,4,Preventive,No,Yes,Open
TMS005031,AST003890,Bridge,C00034,29.0,Track geometry defect,Track Geometry,Medium,3,4,2,2025-06-29,2025-07-19,0,171,3,Preventive,Yes,Yes,Scheduled
TMS005032,AST003140,Track,C00099,3.8,Turnout wear,Turnout/Switch Defect,Low,4,2,1,2025-03-13,2025-04-23,69,270,3,Preventive,No,Yes,Open
TMS005033,AST000263,Switch,C00064,85.5,Ballast deficiency,Ballast Defect,High,3,4,3,2025-06-06,2025-06-15,16,222,3,Corrective,Yes,Yes,Open
TMS005034,AST004990,Weld,C00053,58.4,Alignment defect,Track Geometry,High,4,4,3,2025-06-09,2025-06-19,0,261,5,Corrective,Yes,Yes,Completed
TMS005035,AST002596,Crossing,C00003,61.4,Sleeper damage,Sleeper Defect,Medium,3,3,1,2025-06-06,2025-07-03,0,117,3,Preventive,No,Yes,Open
TMS005036,AST003280,Switch,C00089,38.2,Gauge defect,Track Geometry,Medium,2,2,2,2025-03-21,2025-04-12,80,114,3,Preventive,No,Yes,Open
TMS005037,AST002535,Switch,C00085,136.8,Alignment defect,Track Geometry,Low,2,2,2,2025-06-24,2025-08-12,0,215,5,Preventive,Yes,Yes,Completed
TMS005038,AST001815,Weld,C00098,2.6,Sleeper damage,Sleeper Defect,Low,2,2,2,2025-03-08,2025-04-20,72,106,2,Preventive,No,Yes,Scheduled
TMS005039,AST003168,Rail,C00079,20.0,Drainage issue,Drainage,Low,1,2,1,2025-06-28,2025-08-14,0,36,2,Preventive,Yes,Yes,Open
TMS005040,AST001881,Weld,C00038,154.8,Rail wear,Rail Defect,Low,3,2,2,2025-03-27,2025-05-16,0,211,3,Preventive,Yes,Yes,Completed
TMS005041,AST004802,Rail,C00045,29.7,Gauge defect,Track Geometry,Medium,1,2,1,2025-04-21,2025-05-11,0,240,5,Preventive,No,Yes,Completed
TMS005042,AST004989,Crossing,C00077,6.0,Weld defect,Rail Defect,Low,2,2,3,2025-06-19,2025-08-06,0,61,2,Preventive,No,Yes,Open
TMS005043,AST005047,Crossing,C00005,77.0,Weld defect,Rail Defect,Medium,4,2,3,2025-04-04,2025-04-24,0,137,3,Preventive,No,No,Completed
TMS005044,AST002153,Bridge,C00016,21.1,Rail crack,Rail Defect,Critical,4,5,4,2025-03-03,2025-03-10,113,194,3,Corrective,Yes,Yes,Open
TMS005045,AST001615,Bridge,C00090,49.5,Turnout wear,Turnout/Switch Defect,Medium,2,3,3,2025-02-09,2025-03-08,115,180,4,Preventive,Yes,No,Open
TMS005046,AST000076,Switch,C00063,71.0,Sleeper damage,Sleeper Defect,Medium,3,2,1,2025-06-25,2025-07-22,0,167,3,Preventive,Yes,Yes,Open
TMS005047,AST000603,Track,C00002,100.8,Track geometry defect,Track Geometry,Critical,4,5,4,2025-04-02,2025-04-07,85,177,2,Corrective,No,Yes,Open
TMS005048,AST001359,Turnout,C00070,3.7,Alignment defect,Track Geometry,Medium,3,3,3,2025-02-06,2025-02-26,125,181,3,Preventive,Yes,Yes,Deferred
TMS005049,AST000837,Crossing,C00013,67.9,Scheduled inspection,Inspection,Low,3,2,1,2025-05-18,2025-06-28,3,34,3,Inspection,No,Yes,Open
TMS005050,AST004677,Sleeper,C00053,58.4,Weld defect,Rail Defect,Low,2,2,2,2025-02-10,2025-03-25,98,144,3,Preventive,Yes,No,Open
TMS005051,AST004756,Ballast,C00015,28.0,Ballast deficiency,Ballast Defect,Medium,3,2,2,2025-06-21,2025-07-15,0,140,4,Preventive,Yes,Yes,Scheduled
TMS005052,AST005049,Sleeper,C00008,16.1,Scheduled inspection,Inspection,Medium,2,3,1,2025-05-10,2025-05-31,31,69,3,Inspection,No,Yes,Open
TMS005053,AST002772,Switch,C00021,42.3,Corrective maintenance,Corrective,Medium,3,2,2,2025-05-25,2025-06-12,19,240,2,Corrective,No,Yes,Open
TMS005054,AST000833,Switch,C00060,13.8,Scheduled inspection,Inspection,Low,4,1,1,2025-03-19,2025-04-29,63,49,3,Inspection,No,No,In Progress
TMS005055,AST002032,Crossing,C00084,303.3,Gauge defect,Track Geometry,Low,1,1,2,2025-05-10,2025-07-07,0,68,1,Preventive,No,Yes,Completed
TMS005056,AST000468,Sleeper,C00028,58.1,Gauge defect,Track Geometry,Low,3,2,1,2025-05-09,2025-06-15,16,199,4,Preventive,Yes,Yes,Scheduled
TMS005057,AST001523,Ballast,C00055,24.5,Turnout wear,Turnout/Switch Defect,High,3,4,1,2025-06-14,2025-06-22,9,275,6,Corrective,No,Yes,Open
TMS005058,AST000096,Bridge,C00072,50.3,Rail wear,Rail Defect,Low,2,2,2,2025-04-04,2025-05-23,39,86,1,Preventive,No,Yes,Open
TMS005059,AST003826,Rail,C00037,83.6,Gauge defect,Track Geometry,High,4,3,2,2025-05-11,2025-05-21,41,112,5,Corrective,No,Yes,Open
TMS005060,AST004266,Bridge,C00009,12.6,Track geometry defect,Track Geometry,Low,4,2,1,2025-05-23,2025-07-10,0,193,4,Preventive,No,Yes,Scheduled
TMS005061,AST004409,Rail,C00088,75.0,Track geometry defect,Track Geometry,High,4,4,3,2025-05-12,2025-05-23,0,209,5,Corrective,Yes,Yes,Completed
TMS005062,AST003138,Weld,C00077,20.5,Sleeper damage,Sleeper Defect,High,5,4,3,2025-06-09,2025-06-19,12,154,3,Corrective,No,Yes,Open
TMS005063,AST003620,Rail,C00087,14.4,Alignment defect,Track Geometry,Medium,2,4,1,2025-06-21,2025-07-17,0,211,3,Preventive,Yes,No,Scheduled
TMS005064,AST004507,Switch,C00070,30.1,Rail crack,Rail Defect,Low,2,2,1,2025-06-18,2025-07-28,0,218,4,Preventive,Yes,Yes,Open
TMS005065,AST000053,Ballast,C00014,78.3,Alignment defect,Track Geometry,Low,2,1,1,2025-03-07,2025-04-27,65,149,3,Preventive,Yes,Yes,Open
TMS005066,AST002004,Rail,C00058,71.2,Corrective maintenance,Corrective,Low,4,1,2,2025-06-28,2025-08-08,0,218,3,Corrective,No,Yes,Scheduled
TMS005067,AST004928,Turnout,C00099,9.1,Ballast deficiency,Ballast Defect,Low,2,1,2,2025-06-05,2025-08-01,0,200,4,Preventive,Yes,Yes,Open
TMS005068,AST000338,Crossing,C00066,0.2,Track geometry defect,Track Geometry,Medium,2,2,2,2025-06-18,2025-07-09,0,161,4,Preventive,No,Yes,Completed
TMS005069,AST003082,Switch,C00043,0.6,Track geometry defect,Track Geometry,Low,4,2,2,2025-06-27,2025-08-12,0,182,4,Preventive,Yes,Yes,Completed
TMS005070,AST001789,Weld,C00023,10.4,Corrective maintenance,Corrective,High,3,4,2,2025-02-23,2025-03-03,120,345,5,Corrective,No,Yes,Scheduled
TMS005071,AST003041,Weld,C00053,5.0,Corrective maintenance,Corrective,High,2,4,2,2025-06-25,2025-07-08,0,201,4,Corrective,No,No,Completed
TMS005072,AST002913,Sleeper,C00006,12.0,Alignment defect,Track Geometry,Low,4,2,1,2025-05-26,2025-07-14,0,262,4,Preventive,Yes,Yes,In Progress
TMS005073,AST003119,Weld,C00020,76.4,Alignment defect,Track Geometry,Medium,3,2,1,2025-06-05,2025-07-04,0,128,2,Preventive,Yes,Yes,Scheduled
TMS005074,AST000201,Ballast,C00003,54.9,Ballast deficiency,Ballast Defect,Low,4,2,2,2025-06-24,2025-08-05,0,80,4,Preventive,Yes,No,Open
TMS005075,AST004750,Ballast,C00070,1.6,Alignment defect,Track Geometry,Medium,2,2,1,2025-04-21,2025-05-06,0,166,3,Preventive,Yes,Yes,Completed
TMS005076,AST001204,Crossing,C00009,71.8,Sleeper damage,Sleeper Defect,High,1,3,2,2025-05-22,2025-06-01,30,126,4,Corrective,No,No,Deferred
TMS005077,AST001174,Ballast,C00092,19.9,Corrective maintenance,Corrective,Low,3,3,1,2025-06-30,2025-08-11,0,247,7,Corrective,No,Yes,Completed
TMS005078,AST001559,Weld,C00004,24.1,Sleeper damage,Sleeper Defect,Critical,3,5,3,2025-06-17,2025-06-23,0,143,4,Corrective,No,Yes,Completed
TMS005079,AST003114,Turnout,C00095,21.8,Ballast deficiency,Ballast Defect,High,3,3,3,2025-05-17,2025-05-28,34,187,4,Corrective,Yes,Yes,Open
TMS005080,AST004428,Weld,C00009,13.4,Rail wear,Rail Defect,Low,3,1,1,2025-06-26,2025-08-09,0,107,2,Preventive,Yes,Yes,Scheduled
TMS005081,AST003392,Sleeper,C00097,25.9,Rail wear,Rail Defect,High,3,4,3,2025-04-12,2025-04-24,68,157,4,Corrective,No,Yes,In Progress
TMS005082,AST001712,Weld,C00043,13.3,Alignment defect,Track Geometry,Medium,3,3,2,2025-06-26,2025-07-15,0,193,2,Preventive,Yes,Yes,Completed
TMS005083,AST003469,Switch,C00071,6.3,Scheduled inspection,Inspection,Low,3,2,2,2025-06-17,2025-07-18,0,88,2,Inspection,No,Yes,Open
TMS005084,AST002222,Track,C00023,27.8,Alignment defect,Track Geometry,Low,2,1,1,2025-05-18,2025-07-02,0,111,2,Preventive,No,Yes,Completed
TMS005085,AST003996,Switch,C00088,52.6,Ballast deficiency,Ballast Defect,Low,3,2,1,2025-04-20,2025-05-30,32,83,1,Preventive,Yes,Yes,In Progress
TMS005086,AST001727,Switch,C00096,114.2,Weld defect,Rail Defect,Low,3,1,2,2025-06-25,2025-08-14,0,138,3,Preventive,No,Yes,In Progress
TMS005087,AST004391,Crossing,C00071,23.9,Alignment defect,Track Geometry,High,2,4,3,2025-04-19,2025-04-27,65,225,2,Corrective,Yes,Yes,Scheduled
TMS005088,AST003323,Track,C00023,36.4,Turnout wear,Turnout/Switch Defect,Medium,3,2,1,2025-06-22,2025-07-12,0,149,3,Preventive,No,Yes,Completed
TMS005089,AST001157,Track,C00091,226.3,Drainage issue,Drainage,High,2,3,2,2025-02-13,2025-02-25,126,200,1,Corrective,Yes,Yes,In Progress
TMS005090,AST001291,Sleeper,C00077,60.4,Rail crack,Rail Defect,Low,2,2,2,2025-03-11,2025-04-20,72,141,3,Preventive,Yes,Yes,Scheduled
TMS005091,AST005048,Switch,C00067,131.3,Sleeper damage,Sleeper Defect,Low,1,2,1,2025-06-27,2025-08-05,0,57,3,Preventive,No,Yes,Open
TMS005092,AST002753,Switch,C00001,406.4,Sleeper damage,Sleeper Defect,Critical,4,4,4,2025-05-01,2025-05-05,57,64,1,Corrective,No,No,Open
TMS005093,AST001329,Ballast,C00070,12.2,Rail crack,Rail Defect,High,2,3,3,2025-06-16,2025-06-22,9,192,5,Corrective,Yes,Yes,Scheduled
TMS005094,AST002316,Ballast,C00062,29.9,Turnout wear,Turnout/Switch Defect,Critical,3,4,4,2025-03-19,2025-03-22,101,273,6,Corrective,No,Yes,Open
TMS005095,AST000268,Track,C00070,29.9,Sleeper damage,Sleeper Defect,High,2,3,4,2025-06-11,2025-06-23,0,170,3,Corrective,No,Yes,Completed
TMS005096,AST003609,Rail,C00078,101.7,Corrective maintenance,Corrective,Low,3,1,2,2025-05-07,2025-06-10,21,241,4,Corrective,No,No,Open
TMS005097,AST002613,Rail,C00048,5.7,Rail wear,Rail Defect,Medium,4,3,3,2025-05-23,2025-06-13,0,164,3,Preventive,No,Yes,Completed
TMS005098,AST004955,Weld,C00036,44.2,Preventive maintenance,Preventive,Medium,2,4,2,2025-06-03,2025-06-25,0,107,3,Preventive,No,No,Completed
TMS005099,AST002832,Turnout,C00065,29.7,Track geometry defect,Track Geometry,High,4,4,2,2025-05-13,2025-05-23,39,199,3,Corrective,Yes,Yes,Open
TMS005100,AST001815,Weld,C00098,2.6,Corrective maintenance,Corrective,Low,3,1,3,2025-05-03,2025-06-04,27,228,4,Corrective,No,Yes,In Progress
TMS005101,AST005151,Bridge,C00021,132.0,Corrective maintenance,Corrective,Medium,4,1,1,2025-05-14,2025-06-02,29,258,3,Corrective,No,Yes,Open
TMS005102,AST002910,Turnout,C00027,125.2,Drainage issue,Drainage,Critical,3,4,3,2025-06-20,2025-06-26,5,98,3,Corrective,No,Yes,In Progress
TMS005103,AST001274,Ballast,C00094,145.0,Ballast deficiency,Ballast Defect,Medium,3,3,2,2025-03-23,2025-04-08,0,141,5,Preventive,Yes,Yes,Completed
TMS005104,AST001134,Rail,C00023,3.0,Track geometry defect,Track Geometry,Medium,2,2,1,2025-05-27,2025-06-17,14,206,3,Preventive,Yes,No,Open
TMS005105,AST004624,Sleeper,C00088,45.9,Track geometry defect,Track Geometry,Critical,5,5,3,2025-03-01,2025-03-05,118,326,4,Corrective,Yes,Yes,Deferred
TMS005106,AST003771,Turnout,C00063,56.3,Drainage issue,Drainage,Critical,4,4,2,2025-06-26,2025-07-02,0,119,3,Corrective,Yes,Yes,Open
TMS005107,AST000902,Crossing,C00073,47.1,Drainage issue,Drainage,Low,2,2,2,2025-03-07,2025-04-14,78,76,3,Preventive,Yes,Yes,Open
TMS005108,AST001635,Crossing,C00017,4.0,Weld defect,Rail Defect,Critical,2,4,3,2025-03-03,2025-03-07,116,172,5,Corrective,Yes,Yes,Scheduled
TMS005109,AST003507,Turnout,C00016,18.5,Track geometry defect,Track Geometry,Low,3,2,2,2025-05-12,2025-06-14,17,235,4,Preventive,Yes,Yes,Open
TMS005110,AST001406,Switch,C00057,14.4,Drainage issue,Drainage,Low,2,2,2,2025-06-05,2025-07-15,0,64,3,Preventive,No,Yes,Completed
TMS005111,AST001982,Bridge,C00073,47.8,Drainage issue,Drainage,Low,2,2,1,2025-03-02,2025-04-17,75,108,2,Preventive,Yes,Yes,Open
TMS005112,AST000255,Rail,C00033,36.6,Gauge defect,Track Geometry,Medium,5,3,2,2025-06-14,2025-07-09,0,187,2,Preventive,No,Yes,Scheduled
TMS005113,AST002682,Rail,C00052,27.1,Drainage issue,Drainage,High,3,3,3,2025-05-24,2025-06-05,26,94,3,Corrective,No,Yes,Scheduled
TMS005114,AST002903,Track,C00046,15.8,Weld defect,Rail Defect,Medium,3,1,3,2025-06-09,2025-06-30,1,134,2,Preventive,No,Yes,Open
TMS005115,AST001783,Sleeper,C00009,7.2,Ballast deficiency,Ballast Defect,Low,4,1,1,2025-04-15,2025-05-26,36,162,3,Preventive,Yes,Yes,Open
TMS005116,AST001997,Ballast,C00027,65.4,Rail wear,Rail Defect,Medium,3,2,3,2025-06-20,2025-07-11,0,142,3,Preventive,No,Yes,In Progress
TMS005117,AST004841,Ballast,C00074,2.3,Ballast deficiency,Ballast Defect,Medium,2,2,2,2025-02-22,2025-03-12,111,115,5,Preventive,Yes,No,Open
TMS005118,AST000245,Ballast,C00052,6.7,Ballast deficiency,Ballast Defect,Medium,3,3,2,2025-06-16,2025-07-04,0,45,2,Preventive,No,Yes,Completed
TMS005119,AST003298,Weld,C00067,62.7,Gauge defect,Track Geometry,Critical,4,4,2,2025-03-05,2025-03-09,0,271,5,Corrective,No,Yes,Completed
TMS005120,AST001049,Sleeper,C00098,3.8,Weld defect,Rail Defect,Low,3,2,2,2025-06-07,2025-07-15,0,74,2,Preventive,No,Yes,In Progress
TMS005121,AST001482,Bridge,C00091,99.3,Turnout wear,Turnout/Switch Defect,Low,4,2,1,2025-03-10,2025-04-27,65,140,4,Preventive,No,Yes,Open
TMS005122,AST003081,Track,C00062,13.8,Track geometry defect,Track Geometry,Medium,3,3,3,2025-04-03,2025-04-25,67,218,2,Preventive,Yes,Yes,Scheduled
TMS005123,AST005194,Crossing,C00033,35.6,Gauge defect,Track Geometry,Low,3,2,3,2025-06-17,2025-07-27,0,176,5,Preventive,No,No,Completed
TMS005124,AST003804,Switch,C00050,25.2,Ballast deficiency,Ballast Defect,Medium,1,2,2,2025-06-13,2025-07-05,0,198,4,Preventive,No,Yes,Completed
TMS005125,AST002551,Ballast,C00057,8.7,Rail wear,Rail Defect,Low,3,1,1,2025-05-07,2025-06-23,8,168,4,Preventive,Yes,Yes,Open
TMS005126,AST001027,Rail,C00014,35.9,Sleeper damage,Sleeper Defect,High,4,3,2,2025-02-06,2025-02-19,132,94,2,Corrective,No,Yes,Scheduled
TMS005127,AST002183,Weld,C00042,50.7,Ballast deficiency,Ballast Defect,Low,3,2,2,2025-06-16,2025-08-14,0,152,4,Preventive,Yes,No,Open
TMS005128,AST000791,Ballast,C00088,98.1,Rail wear,Rail Defect,High,5,4,3,2025-03-16,2025-03-31,92,142,3,Corrective,No,Yes,Open
TMS005129,AST004494,Sleeper,C00013,12.0,Turnout wear,Turnout/Switch Defect,Low,3,2,2,2025-05-11,2025-06-18,13,201,2,Preventive,No,Yes,Open
TMS005130,AST003547,Sleeper,C00052,190.8,Turnout wear,Turnout/Switch Defect,Medium,2,2,2,2025-03-29,2025-04-18,74,248,5,Preventive,No,Yes,In Progress
TMS005131,AST002370,Rail,C00041,32.0,Scheduled inspection,Inspection,High,3,4,3,2025-05-14,2025-05-21,41,56,3,Inspection,No,No,Open
TMS005132,AST001052,Weld,C00092,25.8,Preventive maintenance,Preventive,High,3,3,3,2025-02-15,2025-02-24,127,72,4,Preventive,No,No,Open
TMS005133,AST000781,Rail,C00003,15.8,Ballast deficiency,Ballast Defect,Medium,3,4,1,2025-06-26,2025-07-12,0,152,2,Preventive,Yes,Yes,Scheduled
TMS005134,AST003713,Weld,C00036,24.0,Preventive maintenance,Preventive,Low,3,2,1,2025-05-11,2025-06-22,0,68,2,Preventive,No,Yes,Completed
TMS005135,AST002363,Ballast,C00014,20.6,Track geometry defect,Track Geometry,Medium,3,4,2,2025-06-26,2025-07-14,0,219,5,Preventive,Yes,Yes,Scheduled
TMS005136,AST002824,Bridge,C00006,0.5,Sleeper damage,Sleeper Defect,Low,2,2,1,2025-06-20,2025-08-01,0,128,4,Preventive,No,Yes,Completed
TMS005137,AST000220,Ballast,C00025,300.3,Track geometry defect,Track Geometry,High,4,5,3,2025-05-18,2025-05-27,0,292,4,Corrective,Yes,Yes,Completed
TMS005138,AST001113,Track,C00066,50.5,Alignment defect,Track Geometry,Critical,3,5,3,2025-06-21,2025-06-25,6,213,4,Corrective,No,Yes,Open
TMS005139,AST004637,Weld,C00094,179.7,Ballast deficiency,Ballast Defect,Low,2,1,2,2025-03-27,2025-05-07,55,118,2,Preventive,Yes,Yes,In Progress
TMS005140,AST000001,Weld,C00068,66.6,Drainage issue,Drainage,High,3,4,3,2025-05-14,2025-05-21,41,108,3,Corrective,No,Yes,In Progress
TMS005141,AST004793,Bridge,C00091,227.4,Gauge defect,Track Geometry,Medium,2,2,2,2025-06-27,2025-07-18,0,139,4,Preventive,No,Yes,In Progress
TMS005142,AST002539,Turnout,C00024,10.3,Weld defect,Rail Defect,High,1,4,1,2025-04-30,2025-05-14,0,107,5,Corrective,No,Yes,Completed
TMS005143,AST004436,Track,C00005,84.4,Alignment defect,Track Geometry,High,4,4,3,2025-06-16,2025-06-24,7,187,3,Corrective,Yes,Yes,Scheduled
TMS005144,AST004513,Turnout,C00016,33.4,Corrective maintenance,Corrective,Low,3,1,2,2025-06-17,2025-08-02,0,174,5,Corrective,No,Yes,Open
TMS005145,AST000750,Rail,C00075,127.1,Preventive maintenance,Preventive,Low,3,1,2,2025-04-19,2025-06-06,0,78,3,Preventive,No,Yes,Completed
TMS005146,AST002293,Switch,C00012,55.0,Ballast deficiency,Ballast Defect,Medium,3,2,2,2025-04-05,2025-04-28,64,191,3,Preventive,Yes,Yes,Open
TMS005147,AST002755,Switch,C00080,52.5,Sleeper damage,Sleeper Defect,Medium,2,2,2,2025-03-28,2025-04-13,79,131,3,Preventive,No,Yes,Scheduled
TMS005148,AST003187,Ballast,C00064,127.9,Weld defect,Rail Defect,Low,1,2,2,2025-06-16,2025-07-22,0,181,4,Preventive,No,Yes,In Progress
TMS005149,AST004663,Ballast,C00034,22.0,Gauge defect,Track Geometry,Medium,2,4,3,2025-05-29,2025-06-21,0,129,4,Preventive,No,Yes,Completed
TMS005150,AST001551,Bridge,C00014,19.5,Rail crack,Rail Defect,Medium,3,3,1,2025-05-23,2025-06-07,24,142,3,Preventive,Yes,Yes,Open
TMS005151,AST004745,Weld,C00072,20.1,Rail crack,Rail Defect,Medium,3,5,2,2025-06-04,2025-06-29,0,185,3,Preventive,No,Yes,Completed
TMS005152,AST003039,Track,C00048,44.4,Rail crack,Rail Defect,Medium,4,2,1,2025-06-25,2025-07-18,0,101,6,Preventive,Yes,No,In Progress
TMS005153,AST000046,Turnout,C00087,3.4,Weld defect,Rail Defect,Medium,3,1,1,2025-05-09,2025-06-03,28,121,2,Preventive,No,Yes,Open
TMS005154,AST002544,Sleeper,C00014,33.7,Rail wear,Rail Defect,Low,3,1,1,2025-05-12,2025-06-22,9,137,2,Preventive,No,Yes,Open
TMS005155,AST001549,Track,C00068,98.1,Weld defect,Rail Defect,Low,3,1,1,2025-06-25,2025-07-31,0,158,3,Preventive,No,Yes,Open
TMS005156,AST001852,Bridge,C00094,128.0,Sleeper damage,Sleeper Defect,High,4,4,3,2025-05-24,2025-06-02,0,124,3,Corrective,No,Yes,Completed
TMS005157,AST003891,Track,C00047,40.5,Weld defect,Rail Defect,High,2,4,5,2025-06-01,2025-06-11,20,135,2,Corrective,No,No,Open
TMS005158,AST000708,Sleeper,C00049,115.1,Ballast deficiency,Ballast Defect,High,4,4,2,2025-04-25,2025-05-05,57,174,3,Corrective,Yes,Yes,Scheduled
TMS005159,AST000401,Ballast,C00026,223.7,Turnout wear,Turnout/Switch Defect,Medium,3,2,2,2025-06-18,2025-07-08,0,240,3,Preventive,No,Yes,Scheduled
TMS005160,AST001267,Crossing,C00071,12.6,Alignment defect,Track Geometry,Medium,2,3,2,2025-06-12,2025-07-04,0,191,4,Preventive,Yes,Yes,Completed
TMS005161,AST001453,Ballast,C00028,6.7,Turnout wear,Turnout/Switch Defect,Low,2,1,1,2025-06-22,2025-07-27,0,223,3,Preventive,No,Yes,Open
TMS005162,AST000416,Sleeper,C00021,64.1,Corrective maintenance,Corrective,Medium,4,3,3,2025-06-29,2025-07-25,0,268,6,Corrective,No,Yes,Open
TMS005163,AST002860,Track,C00060,13.1,Preventive maintenance,Preventive,Low,1,2,2,2025-06-11,2025-07-22,0,70,2,Preventive,No,Yes,Open
TMS005164,AST003361,Switch,C00063,93.8,Corrective maintenance,Corrective,High,5,4,3,2025-06-27,2025-07-10,0,184,1,Corrective,Yes,Yes,Open
TMS005165,AST004143,Turnout,C00048,64.7,Corrective maintenance,Corrective,High,4,4,2,2025-06-22,2025-07-02,0,238,4,Corrective,No,Yes,Open
TMS005166,AST000996,Crossing,C00059,239.9,Rail wear,Rail Defect,Low,1,1,1,2025-06-05,2025-07-13,0,162,2,Preventive,No,Yes,Scheduled
TMS005167,AST004298,Crossing,C00037,34.2,Rail wear,Rail Defect,Medium,4,3,2,2025-05-20,2025-06-12,19,127,3,Preventive,No,Yes,Scheduled
TMS005168,AST003927,Turnout,C00022,91.2,Scheduled inspection,Inspection,Medium,2,2,1,2025-02-23,2025-03-14,109,57,2,Inspection,No,No,Open
TMS005169,AST000281,Track,C00091,165.5,Drainage issue,Drainage,Critical,4,5,3,2025-05-21,2025-05-24,0,130,3,Corrective,No,No,Completed
TMS005170,AST003850,Weld,C00085,14.5,Weld defect,Rail Defect,Low,3,2,1,2025-02-02,2025-03-31,92,148,2,Preventive,No,Yes,Open
TMS005171,AST001271,Crossing,C00010,14.4,Track geometry defect,Track Geometry,Low,1,2,1,2025-06-28,2025-08-03,0,166,4,Preventive,No,Yes,Open
TMS005172,AST000619,Crossing,C00073,115.0,Rail crack,Rail Defect,Low,2,2,2,2025-05-14,2025-06-25,6,182,4,Preventive,Yes,Yes,Scheduled
TMS005173,AST000575,Turnout,C00096,67.1,Track geometry defect,Track Geometry,Medium,3,3,2,2025-06-13,2025-07-07,0,199,4,Preventive,Yes,No,In Progress
TMS005174,AST004678,Switch,C00079,20.8,Alignment defect,Track Geometry,Low,2,2,2,2025-06-18,2025-07-29,0,237,5,Preventive,No,Yes,Open
TMS005175,AST003769,Ballast,C00076,29.3,Track geometry defect,Track Geometry,High,4,3,3,2025-06-17,2025-06-27,4,222,3,Corrective,Yes,No,Open
TMS005176,AST001464,Weld,C00043,11.3,Preventive maintenance,Preventive,Low,3,1,3,2025-06-21,2025-07-28,0,91,2,Preventive,No,Yes,Completed
TMS005177,AST003735,Rail,C00077,12.0,Corrective maintenance,Corrective,High,5,3,3,2025-06-12,2025-06-23,0,279,3,Corrective,No,Yes,Completed
TMS005178,AST004141,Turnout,C00035,86.5,Turnout wear,Turnout/Switch Defect,Medium,3,2,2,2025-06-06,2025-06-29,2,223,3,Preventive,No,Yes,Deferred
TMS005179,AST003582,Sleeper,C00083,36.7,Rail crack,Rail Defect,Low,2,1,1,2025-06-21,2025-07-28,0,179,3,Preventive,Yes,Yes,Completed
TMS005180,AST001514,Weld,C00066,5.9,Drainage issue,Drainage,Medium,2,1,2,2025-06-29,2025-07-21,0,112,3,Preventive,Yes,Yes,Open
TMS005181,AST003471,Switch,C00073,5.2,Turnout wear,Turnout/Switch Defect,Low,5,1,1,2025-06-20,2025-08-13,0,307,5,Preventive,No,Yes,In Progress
TMS005182,AST002711,Turnout,C00036,7.3,Turnout wear,Turnout/Switch Defect,High,3,4,4,2025-05-03,2025-05-10,52,227,4,Corrective,No,Yes,Open
TMS005183,AST000809,Rail,C00060,4.1,Ballast deficiency,Ballast Defect,Low,3,2,2,2025-05-09,2025-06-21,0,158,4,Preventive,Yes,Yes,Completed
TMS005184,AST001733,Bridge,C00009,27.1,Corrective maintenance,Corrective,Medium,3,4,2,2025-06-25,2025-07-14,0,216,4,Corrective,No,Yes,In Progress
TMS005185,AST002366,Turnout,C00041,0.3,Scheduled inspection,Inspection,Medium,3,1,3,2025-06-19,2025-07-13,0,37,2,Inspection,No,No,Open
TMS005186,AST004455,Ballast,C00096,77.7,Preventive maintenance,Preventive,Low,2,1,2,2025-06-21,2025-08-04,0,66,2,Preventive,No,Yes,Open
TMS005187,AST003680,Track,C00100,6.5,Rail crack,Rail Defect,High,4,4,3,2025-06-12,2025-06-21,10,291,3,Corrective,No,Yes,Scheduled
TMS005188,AST000715,Rail,C00012,65.3,Ballast deficiency,Ballast Defect,Low,3,2,2,2025-06-21,2025-08-17,0,177,3,Preventive,Yes,Yes,Completed
TMS005189,AST001446,Switch,C00077,41.1,Rail crack,Rail Defect,Critical,4,5,4,2025-06-08,2025-06-13,18,206,4,Corrective,Yes,Yes,Open
TMS005190,AST000199,Track,C00070,28.7,Rail crack,Rail Defect,Medium,3,2,2,2025-06-27,2025-07-25,0,182,3,Preventive,Yes,Yes,Scheduled
TMS005191,AST003011,Weld,C00041,4.8,Drainage issue,Drainage,Medium,4,2,3,2025-06-12,2025-07-04,0,147,4,Preventive,Yes,Yes,Open
TMS005192,AST000535,Rail,C00028,16.0,Weld defect,Rail Defect,Low,2,2,2,2025-05-07,2025-06-16,15,164,3,Preventive,No,Yes,Scheduled
TMS005193,AST001834,Track,C00043,0.2,Turnout wear,Turnout/Switch Defect,Low,3,1,2,2025-04-09,2025-06-02,29,192,2,Preventive,No,Yes,In Progress
TMS005194,AST002756,Rail,C00043,16.1,Track geometry defect,Track Geometry,Medium,1,3,1,2025-04-15,2025-05-04,58,275,3,Preventive,No,Yes,Scheduled
TMS005195,AST001351,Ballast,C00020,70.3,Drainage issue,Drainage,Medium,2,2,1,2025-03-19,2025-04-10,82,149,4,Preventive,No,Yes,Open
TMS005196,AST001726,Crossing,C00042,42.8,Track geometry defect,Track Geometry,Low,5,2,1,2025-06-29,2025-08-15,0,134,3,Preventive,Yes,Yes,Scheduled
TMS005197,AST004427,Track,C00045,62.6,Corrective maintenance,Corrective,Low,3,1,2,2025-03-21,2025-05-04,58,288,5,Corrective,No,Yes,Open
TMS005198,AST001784,Ballast,C00024,89.5,Sleeper damage,Sleeper Defect,Medium,3,3,1,2025-06-12,2025-07-05,0,152,4,Preventive,No,Yes,Open
TMS005199,AST003951,Switch,C00082,2.3,Rail wear,Rail Defect,Low,2,3,1,2025-03-05,2025-04-24,68,107,6,Preventive,No,Yes,Open
TMS005200,AST001911,Turnout,C00050,47.0,Drainage issue,Drainage,Medium,3,3,2,2025-06-13,2025-07-12,0,135,5,Preventive,Yes,Yes,Completed
TMS005201,AST000903,Weld,C00088,95.0,Rail wear,Rail Defect,Medium,4,3,2,2025-06-12,2025-07-01,0,196,4,Preventive,No,No,Scheduled
TMS005202,AST002866,Ballast,C00048,68.9,Weld defect,Rail Defect,Medium,2,5,1,2025-06-13,2025-07-07,0,125,2,Preventive,No,Yes,Completed
TMS005203,AST001651,Crossing,C00086,88.7,Rail crack,Rail Defect,Low,2,1,2,2025-05-16,2025-07-07,0,142,3,Preventive,No,Yes,Completed
TMS005204,AST004468,Bridge,C00038,17.3,Gauge defect,Track Geometry,Medium,3,3,2,2025-06-18,2025-07-05,0,233,4,Preventive,No,Yes,Open
TMS005205,AST004010,Switch,C00055,99.3,Alignment defect,Track Geometry,Low,3,1,2,2025-06-12,2025-07-27,0,190,4,Preventive,Yes,Yes,Deferred
TMS005206,AST002239,Rail,C00051,41.7,Gauge defect,Track Geometry,Medium,3,2,3,2025-05-27,2025-06-20,11,215,5,Preventive,Yes,Yes,Open
TMS005207,AST000692,Turnout,C00050,10.0,Drainage issue,Drainage,Low,3,2,1,2025-06-08,2025-07-26,0,99,4,Preventive,Yes,Yes,Scheduled
TMS005208,AST000875,Track,C00046,23.9,Ballast deficiency,Ballast Defect,High,3,2,1,2025-04-17,2025-04-26,0,236,2,Corrective,Yes,Yes,Completed
TMS005209,AST002482,Weld,C00052,72.7,Scheduled inspection,Inspection,Critical,5,4,4,2025-06-20,2025-06-26,5,94,3,Inspection,No,No,Open
TMS005210,AST002855,Turnout,C00096,49.4,Alignment defect,Track Geometry,Medium,2,2,3,2025-06-11,2025-07-06,0,147,2,Preventive,Yes,Yes,Scheduled
TMS005211,AST001388,Bridge,C00016,41.2,Gauge defect,Track Geometry,Medium,2,2,2,2025-06-11,2025-07-01,0,80,4,Preventive,No,Yes,Open
TMS005212,AST004838,Bridge,C00064,73.1,Rail crack,Rail Defect,Critical,3,4,4,2025-05-19,2025-05-22,40,220,3,Corrective,Yes,Yes,Deferred
TMS005213,AST004048,Weld,C00045,125.2,Sleeper damage,Sleeper Defect,Critical,3,3,2,2025-06-22,2025-06-27,0,97,4,Corrective,No,Yes,Completed
TMS005214,AST001713,Sleeper,C00042,22.1,Rail wear,Rail Defect,Low,3,1,2,2025-05-23,2025-07-11,0,139,3,Preventive,No,Yes,Scheduled
TMS005215,AST002117,Weld,C00075,145.0,Ballast deficiency,Ballast Defect,Medium,1,4,1,2025-06-27,2025-07-21,0,111,4,Preventive,No,Yes,Completed
TMS005216,AST002148,Crossing,C00059,61.2,Weld defect,Rail Defect,Critical,3,5,3,2025-06-23,2025-06-27,0,102,3,Corrective,No,No,Completed
TMS005217,AST000500,Bridge,C00027,120.5,Weld defect,Rail Defect,Low,2,3,2,2025-06-29,2025-08-16,0,73,2,Preventive,No,Yes,Completed
TMS005218,AST000858,Crossing,C00029,60.6,Corrective maintenance,Corrective,Low,3,1,1,2025-05-15,2025-06-29,2,230,5,Corrective,No,Yes,In Progress
TMS005219,AST000075,Turnout,C00044,23.4,Track geometry defect,Track Geometry,Medium,3,2,1,2025-03-25,2025-04-17,0,242,6,Preventive,No,Yes,Completed
TMS005220,AST000341,Weld,C00009,77.0,Weld defect,Rail Defect,High,4,2,2,2025-05-30,2025-06-10,21,179,3,Corrective,No,Yes,Scheduled
TMS005221,AST000219,Switch,C00090,32.7,Sleeper damage,Sleeper Defect,Low,3,2,3,2025-06-25,2025-08-14,0,112,5,Preventive,No,Yes,Scheduled
TMS005222,AST004294,Bridge,C00064,35.2,Sleeper damage,Sleeper Defect,Critical,3,4,4,2025-05-04,2025-05-08,54,54,3,Corrective,No,No,Open
TMS005223,AST000167,Sleeper,C00034,5.3,Alignment defect,Track Geometry,Critical,2,5,5,2025-06-16,2025-06-20,11,241,4,Corrective,Yes,Yes,In Progress
TMS005224,AST001418,Ballast,C00019,5.8,Corrective maintenance,Corrective,Low,4,1,1,2025-05-18,2025-07-01,0,240,3,Corrective,Yes,Yes,Scheduled
TMS005225,AST004828,Sleeper,C00064,12.0,Turnout wear,Turnout/Switch Defect,High,4,3,3,2025-02-20,2025-03-03,120,238,3,Corrective,No,Yes,Open
TMS005226,AST004296,Ballast,C00050,4.4,Turnout wear,Turnout/Switch Defect,Medium,3,2,2,2025-06-27,2025-07-21,0,270,4,Preventive,No,Yes,Deferred
TMS005227,AST004883,Track,C00030,123.1,Ballast deficiency,Ballast Defect,Medium,3,3,2,2025-05-21,2025-06-12,0,143,3,Preventive,Yes,Yes,Completed
TMS005228,AST000631,Ballast,C00066,59.8,Rail crack,Rail Defect,Low,3,3,2,2025-06-04,2025-07-13,0,182,4,Preventive,Yes,Yes,Open
TMS005229,AST000563,Ballast,C00009,63.1,Scheduled inspection,Inspection,Medium,2,2,2,2025-06-22,2025-07-15,0,33,2,Inspection,No,No,Completed
TMS005230,AST003295,Track,C00069,263.9,Track geometry defect,Track Geometry,High,3,5,2,2025-06-16,2025-06-27,4,223,3,Corrective,Yes,Yes,Open
TMS005231,AST001700,Ballast,C00051,55.8,Gauge defect,Track Geometry,Low,2,2,1,2025-05-10,2025-07-01,0,220,3,Preventive,No,Yes,Scheduled
TMS005232,AST002570,Ballast,C00049,111.0,Drainage issue,Drainage,Medium,4,3,1,2025-05-07,2025-05-31,31,117,4,Preventive,Yes,No,Open
TMS005233,AST004499,Sleeper,C00099,1.2,Turnout wear,Turnout/Switch Defect,High,3,2,3,2025-05-10,2025-05-23,39,357,4,Corrective,No,Yes,Scheduled
TMS005234,AST003801,Crossing,C00056,13.1,Scheduled inspection,Inspection,High,2,4,2,2025-03-26,2025-04-09,83,73,3,Inspection,No,No,Open
TMS005235,AST002377,Track,C00057,125.0,Preventive maintenance,Preventive,High,5,3,1,2025-06-17,2025-06-27,4,123,3,Preventive,No,Yes,Scheduled
TMS005236,AST004002,Turnout,C00057,74.9,Scheduled inspection,Inspection,Low,2,2,1,2025-02-04,2025-03-17,106,81,3,Inspection,No,Yes,Open
TMS005237,AST004587,Crossing,C00011,27.2,Rail crack,Rail Defect,Medium,4,3,1,2025-06-29,2025-07-16,0,245,5,Preventive,Yes,Yes,In Progress
TMS005238,AST002344,Rail,C00031,70.1,Rail crack,Rail Defect,Low,2,2,2,2025-06-23,2025-08-12,0,155,4,Preventive,Yes,Yes,In Progress
TMS005239,AST000607,Turnout,C00066,48.4,Preventive maintenance,Preventive,Low,3,1,2,2025-05-23,2025-07-02,0,35,3,Preventive,No,Yes,Completed
TMS005240,AST002222,Track,C00023,27.8,Turnout wear,Turnout/Switch Defect,Low,2,2,1,2025-06-03,2025-07-23,0,200,4,Preventive,No,Yes,Deferred
TMS005241,AST002396,Sleeper,C00050,17.3,Preventive maintenance,Preventive,Critical,4,5,2,2025-02-12,2025-02-16,0,130,4,Preventive,No,Yes,Completed
TMS005242,AST000898,Rail,C00077,61.8,Weld defect,Rail Defect,Medium,3,2,2,2025-05-21,2025-06-15,0,98,3,Preventive,No,No,Completed
TMS005243,AST003510,Bridge,C00060,12.3,Turnout wear,Turnout/Switch Defect,Critical,4,4,4,2025-03-28,2025-04-03,89,309,7,Corrective,No,Yes,Open
TMS005244,AST001705,Switch,C00011,184.5,Scheduled inspection,Inspection,Low,2,2,1,2025-05-21,2025-07-17,0,90,4,Inspection,No,No,Scheduled
TMS005245,AST001630,Rail,C00007,121.6,Gauge defect,Track Geometry,Low,2,2,1,2025-06-01,2025-07-14,0,195,6,Preventive,No,Yes,In Progress
TMS005246,AST000125,Crossing,C00014,94.7,Alignment defect,Track Geometry,High,4,2,3,2025-03-12,2025-03-23,100,248,5,Corrective,Yes,Yes,Deferred
TMS005247,AST001344,Weld,C00098,2.2,Alignment defect,Track Geometry,Medium,2,2,4,2025-06-12,2025-07-04,0,203,4,Preventive,Yes,Yes,Open
TMS005248,AST000066,Rail,C00072,3.1,Rail crack,Rail Defect,Low,3,2,1,2025-06-04,2025-07-27,0,169,4,Preventive,Yes,No,Open
TMS005249,AST003447,Ballast,C00095,74.8,Sleeper damage,Sleeper Defect,High,5,3,3,2025-06-27,2025-07-06,0,72,3,Corrective,No,Yes,Open
TMS005250,AST003679,Turnout,C00004,117.5,Rail wear,Rail Defect,Low,3,1,1,2025-04-26,2025-06-05,26,142,1,Preventive,No,Yes,Open
TMS005251,AST000851,Crossing,C00057,43.2,Weld defect,Rail Defect,Low,2,2,2,2025-06-21,2025-08-03,0,116,1,Preventive,No,Yes,Open
TMS005252,AST003567,Weld,C00100,7.2,Drainage issue,Drainage,Medium,3,2,1,2025-06-20,2025-07-17,0,80,4,Preventive,Yes,Yes,Open
TMS005253,AST000527,Rail,C00087,56.5,Alignment defect,Track Geometry,Low,2,1,1,2025-05-17,2025-06-24,0,190,2,Preventive,Yes,Yes,Completed
TMS005254,AST003619,Weld,C00069,241.4,Gauge defect,Track Geometry,Critical,4,4,3,2025-06-29,2025-07-02,0,204,3,Corrective,No,Yes,Completed
TMS005255,AST003634,Weld,C00077,15.3,Track geometry defect,Track Geometry,High,4,3,2,2025-03-10,2025-03-22,101,142,2,Corrective,Yes,Yes,Open
TMS005256,AST000648,Weld,C00033,78.2,Preventive maintenance,Preventive,Low,4,2,2,2025-05-24,2025-06-24,7,46,2,Preventive,No,Yes,Deferred
TMS005257,AST003136,Track,C00078,90.6,Drainage issue,Drainage,Medium,3,3,2,2025-05-11,2025-06-02,29,69,3,Preventive,Yes,Yes,Scheduled
TMS005258,AST002409,Turnout,C00080,12.0,Drainage issue,Drainage,Low,1,3,2,2025-05-25,2025-07-02,0,45,3,Preventive,Yes,Yes,Open
TMS005259,AST000058,Crossing,C00018,76.7,Scheduled inspection,Inspection,Low,2,2,1,2025-06-16,2025-07-19,0,82,2,Inspection,No,Yes,Completed
TMS005260,AST003286,Sleeper,C00055,67.0,Ballast deficiency,Ballast Defect,High,5,4,2,2025-03-01,2025-03-11,0,200,3,Corrective,Yes,Yes,Completed
TMS005261,AST003045,Bridge,C00035,70.4,Rail wear,Rail Defect,High,1,3,2,2025-05-15,2025-05-23,0,110,4,Corrective,No,Yes,Completed
TMS005262,AST000765,Crossing,C00067,15.9,Drainage issue,Drainage,Low,2,2,1,2025-05-04,2025-06-13,18,176,3,Preventive,Yes,Yes,Open
TMS005263,AST005193,Turnout,C00066,37.9,Drainage issue,Drainage,Low,1,2,1,2025-02-18,2025-04-08,84,156,5,Preventive,Yes,Yes,Open
TMS005264,AST003525,Rail,C00041,34.1,Track geometry defect,Track Geometry,Low,4,2,2,2025-06-12,2025-07-19,0,157,4,Preventive,Yes,Yes,Open
TMS005265,AST000511,Sleeper,C00042,47.1,Rail crack,Rail Defect,Low,2,1,2,2025-06-07,2025-07-31,0,266,4,Preventive,Yes,Yes,Scheduled
TMS005266,AST003398,Ballast,C00075,112.3,Gauge defect,Track Geometry,Medium,2,3,2,2025-05-30,2025-06-20,11,151,4,Preventive,No,Yes,Open
TMS005267,AST004945,Switch,C00066,41.7,Turnout wear,Turnout/Switch Defect,High,3,3,3,2025-06-24,2025-07-07,0,279,5,Corrective,No,Yes,Completed
TMS005268,AST001030,Bridge,C00064,67.3,Scheduled inspection,Inspection,Medium,2,2,2,2025-06-22,2025-07-15,0,70,3,Inspection,No,Yes,Completed
TMS005269,AST002235,Ballast,C00095,14.7,Corrective maintenance,Corrective,Medium,5,3,2,2025-06-05,2025-06-30,0,258,4,Corrective,No,Yes,Completed
TMS005270,AST001156,Sleeper,C00036,15.1,Sleeper damage,Sleeper Defect,Medium,3,2,2,2025-03-29,2025-04-21,0,59,2,Preventive,No,Yes,Completed
TMS005271,AST001300,Ballast,C00073,65.8,Weld defect,Rail Defect,Medium,3,2,3,2025-06-16,2025-07-04,0,87,2,Preventive,No,Yes,Open
TMS005272,AST000003,Bridge,C00084,266.8,Track geometry defect,Track Geometry,Low,2,2,2,2025-06-16,2025-07-22,0,280,2,Preventive,Yes,Yes,Open
TMS005273,AST004089,Weld,C00090,0.7,Scheduled inspection,Inspection,Critical,3,5,3,2025-06-16,2025-06-20,0,159,5,Inspection,No,Yes,Completed
TMS005274,AST003924,Ballast,C00030,22.6,Preventive maintenance,Preventive,Medium,2,2,3,2025-06-09,2025-06-27,4,77,1,Preventive,No,Yes,In Progress
TMS005275,AST000830,Weld,C00029,81.4,Preventive maintenance,Preventive,High,4,3,3,2025-06-19,2025-06-30,1,43,1,Preventive,No,Yes,Scheduled
TMS005276,AST002392,Sleeper,C00038,10.7,Corrective maintenance,Corrective,Critical,4,4,5,2025-03-23,2025-03-30,93,269,4,Corrective,Yes,Yes,Deferred
TMS005277,AST000234,Ballast,C00088,25.0,Track geometry defect,Track Geometry,High,4,5,3,2025-06-20,2025-07-01,0,160,5,Corrective,Yes,No,Open
TMS005278,AST005177,Rail,C00030,55.5,Sleeper damage,Sleeper Defect,Medium,1,4,1,2025-05-20,2025-06-13,18,37,1,Preventive,No,Yes,Scheduled
TMS005279,AST001103,Rail,C00033,68.7,Ballast deficiency,Ballast Defect,Low,1,2,2,2025-06-20,2025-08-05,0,101,4,Preventive,Yes,Yes,Open
TMS005280,AST000952,Rail,C00085,194.6,Rail crack,Rail Defect,Medium,3,3,2,2025-04-23,2025-05-10,52,229,3,Preventive,Yes,Yes,Open
TMS005281,AST004511,Switch,C00046,4.2,Sleeper damage,Sleeper Defect,Low,3,2,2,2025-06-28,2025-08-09,0,150,3,Preventive,No,No,Completed
TMS005282,AST003084,Weld,C00012,30.5,Ballast deficiency,Ballast Defect,Low,2,2,1,2025-03-31,2025-05-13,49,120,3,Preventive,Yes,Yes,In Progress
TMS005283,AST000836,Rail,C00059,85.3,Ballast deficiency,Ballast Defect,Medium,3,3,2,2025-06-19,2025-07-11,0,202,5,Preventive,Yes,Yes,Completed
TMS005284,AST003212,Ballast,C00080,24.1,Sleeper damage,Sleeper Defect,Medium,3,3,3,2025-06-29,2025-07-20,0,154,4,Preventive,No,Yes,Completed
TMS005285,AST001180,Weld,C00015,68.8,Turnout wear,Turnout/Switch Defect,High,5,3,2,2025-05-10,2025-05-21,0,270,5,Corrective,No,Yes,Completed
TMS005286,AST001286,Switch,C00086,208.8,Turnout wear,Turnout/Switch Defect,Low,4,1,1,2025-05-13,2025-06-21,10,237,4,Preventive,Yes,Yes,Open
TMS005287,AST001766,Turnout,C00094,156.1,Rail crack,Rail Defect,High,3,3,3,2025-06-19,2025-06-27,4,269,4,Corrective,Yes,Yes,Open
TMS005288,AST003305,Rail,C00046,18.0,Corrective maintenance,Corrective,Medium,4,2,2,2025-05-19,2025-06-08,23,267,5,Corrective,No,No,Open
TMS005289,AST004959,Weld,C00088,104.3,Weld defect,Rail Defect,Medium,3,1,2,2025-06-27,2025-07-19,0,126,3,Preventive,No,Yes,Deferred
TMS005290,AST004262,Crossing,C00097,16.1,Track geometry defect,Track Geometry,High,2,3,2,2025-06-28,2025-07-06,0,234,4,Corrective,No,Yes,Open
TMS005291,AST001235,Sleeper,C00006,3.1,Drainage issue,Drainage,High,4,2,4,2025-06-12,2025-06-25,0,123,4,Corrective,Yes,Yes,Completed
TMS005292,AST003320,Turnout,C00002,63.2,Corrective maintenance,Corrective,Medium,2,3,2,2025-03-04,2025-03-21,102,183,2,Corrective,No,Yes,Scheduled
TMS005293,AST002771,Sleeper,C00065,6.9,Rail crack,Rail Defect,Medium,4,2,1,2025-06-25,2025-07-22,0,215,5,Preventive,Yes,Yes,Completed
TMS005294,AST002809,Bridge,C00087,71.6,Drainage issue,Drainage,Medium,3,3,1,2025-05-04,2025-05-24,38,59,2,Preventive,Yes,Yes,Open
TMS005295,AST000126,Track,C00058,65.1,Preventive maintenance,Preventive,Low,2,2,2,2025-03-01,2025-04-19,73,91,4,Preventive,No,Yes,Scheduled
TMS005296,AST004423,Switch,C00053,60.6,Corrective maintenance,Corrective,Medium,2,2,3,2025-03-07,2025-03-26,97,230,3,Corrective,No,Yes,Open
TMS005297,AST003033,Ballast,C00093,39.8,Ballast deficiency,Ballast Defect,Low,3,2,2,2025-06-05,2025-07-15,0,160,3,Preventive,No,Yes,Completed
TMS005298,AST004943,Crossing,C00091,17.7,Rail wear,Rail Defect,High,4,3,2,2025-05-06,2025-05-13,0,203,4,Corrective,No,Yes,Completed
TMS005299,AST002377,Track,C00057,125.0,Ballast deficiency,Ballast Defect,Critical,4,4,4,2025-06-08,2025-06-13,18,219,4,Corrective,Yes,Yes,Open
TMS005300,AST002921,Rail,C00088,23.4,Track geometry defect,Track Geometry,Medium,3,1,2,2025-05-19,2025-06-17,14,132,2,Preventive,Yes,Yes,Open
TMS005301,AST000746,Sleeper,C00059,151.4,Sleeper damage,Sleeper Defect,Low,2,1,2,2025-06-07,2025-07-10,0,167,3,Preventive,No,No,Completed
TMS005302,AST001700,Ballast,C00051,55.8,Corrective maintenance,Corrective,Critical,4,5,3,2025-06-21,2025-06-25,6,254,4,Corrective,No,Yes,Open
TMS005303,AST005091,Turnout,C00096,83.1,Corrective maintenance,Corrective,Low,2,2,2,2025-05-13,2025-06-28,3,215,4,Corrective,No,Yes,In Progress
TMS005304,AST003512,Bridge,C00048,78.8,Track geometry defect,Track Geometry,Low,3,2,2,2025-03-09,2025-04-11,81,210,5,Preventive,No,Yes,Open
TMS005305,AST000768,Rail,C00049,19.4,Gauge defect,Track Geometry,High,4,4,2,2025-06-10,2025-06-20,11,168,3,Corrective,No,No,Scheduled
TMS005306,AST000609,Ballast,C00030,97.7,Rail wear,Rail Defect,Low,2,2,2,2025-06-14,2025-07-29,0,167,4,Preventive,Yes,No,Completed
TMS005307,AST004734,Ballast,C00100,2.4,Weld defect,Rail Defect,Low,4,2,2,2025-03-16,2025-05-09,0,168,4,Preventive,No,Yes,Completed
TMS005308,AST002469,Ballast,C00097,10.5,Drainage issue,Drainage,Low,1,3,1,2025-05-16,2025-07-06,0,66,3,Preventive,No,Yes,Completed
TMS005309,AST001879,Rail,C00037,28.5,Scheduled inspection,Inspection,Low,3,2,1,2025-05-10,2025-06-25,6,125,3,Inspection,No,Yes,Scheduled
TMS005310,AST005148,Ballast,C00004,134.8,Rail crack,Rail Defect,Critical,4,5,3,2025-03-19,2025-03-24,99,311,4,Corrective,Yes,Yes,Open
TMS005311,AST001423,Weld,C00045,135.6,Weld defect,Rail Defect,Low,2,1,2,2025-05-25,2025-06-30,1,206,4,Preventive,No,Yes,Open
TMS005312,AST003371,Track,C00046,2.8,Drainage issue,Drainage,Low,3,1,3,2025-06-21,2025-07-24,0,65,2,Preventive,Yes,Yes,Completed
TMS005313,AST002807,Turnout,C00059,24.9,Corrective maintenance,Corrective,Medium,2,4,2,2025-06-24,2025-07-18,0,213,5,Corrective,Yes,Yes,Open
TMS005314,AST004881,Turnout,C00007,149.2,Alignment defect,Track Geometry,High,4,4,2,2025-06-16,2025-06-27,0,242,5,Corrective,Yes,Yes,Completed
TMS005315,AST003702,Crossing,C00063,104.3,Alignment defect,Track Geometry,High,3,5,3,2025-06-11,2025-06-21,10,300,4,Corrective,Yes,Yes,Open
TMS005316,AST000644,Turnout,C00007,59.1,Gauge defect,Track Geometry,Medium,2,1,2,2025-06-24,2025-07-15,0,180,2,Preventive,No,Yes,Completed
TMS005317,AST003109,Crossing,C00014,10.1,Drainage issue,Drainage,Low,3,1,2,2025-05-05,2025-06-22,9,45,3,Preventive,No,Yes,Scheduled
TMS005318,AST004455,Ballast,C00096,77.7,Preventive maintenance,Preventive,High,3,4,3,2025-06-22,2025-07-03,0,97,2,Preventive,No,Yes,Open
TMS005319,AST000387,Track,C00058,31.1,Sleeper damage,Sleeper Defect,Low,2,2,1,2025-02-16,2025-03-28,95,139,3,Preventive,No,Yes,Open
TMS005320,AST004678,Switch,C00079,20.8,Turnout wear,Turnout/Switch Defect,Medium,2,2,1,2025-02-22,2025-03-18,105,214,3,Preventive,No,Yes,Open
TMS005321,AST000092,Ballast,C00097,3.1,Preventive maintenance,Preventive,Low,1,1,1,2025-04-28,2025-06-14,17,38,2,Preventive,No,No,Open
TMS005322,AST003294,Switch,C00033,34.9,Drainage issue,Drainage,Low,3,2,2,2025-06-27,2025-08-12,0,113,3,Preventive,Yes,Yes,Open
TMS005323,AST002579,Weld,C00028,115.7,Rail crack,Rail Defect,Medium,4,2,2,2025-02-25,2025-03-11,112,211,5,Preventive,No,Yes,In Progress
TMS005324,AST002044,Track,C00046,22.6,Rail wear,Rail Defect,High,3,3,4,2025-06-28,2025-07-06,0,189,5,Corrective,No,Yes,Completed
TMS005325,AST003874,Weld,C00095,58.4,Gauge defect,Track Geometry,High,2,3,3,2025-05-01,2025-05-11,51,313,2,Corrective,No,Yes,Open
TMS005326,AST001197,Turnout,C00098,2.7,Weld defect,Rail Defect,High,3,5,4,2025-05-14,2025-05-25,0,207,4,Corrective,No,Yes,Completed
TMS005327,AST002704,Switch,C00049,6.9,Scheduled inspection,Inspection,Low,1,2,2,2025-05-25,2025-07-12,0,72,3,Inspection,No,No,Open
TMS005328,AST001760,Weld,C00062,24.3,Turnout wear,Turnout/Switch Defect,Medium,3,2,3,2025-05-08,2025-05-27,35,159,3,Preventive,No,Yes,Scheduled
TMS005329,AST003187,Ballast,C00064,127.9,Ballast deficiency,Ballast Defect,Medium,3,1,4,2025-06-29,2025-07-17,0,253,5,Preventive,Yes,Yes,In Progress
TMS005330,AST002713,Bridge,C00034,16.3,Corrective maintenance,Corrective,Low,1,3,2,2025-06-11,2025-07-25,0,283,6,Corrective,No,Yes,Open
TMS005331,AST002879,Crossing,C00082,23.9,Turnout wear,Turnout/Switch Defect,Low,2,2,1,2025-05-04,2025-06-23,8,298,4,Preventive,No,Yes,Scheduled
TMS005332,AST000932,Weld,C00092,48.3,Drainage issue,Drainage,Low,3,2,2,2025-06-24,2025-07-31,0,31,3,Preventive,Yes,Yes,Completed
TMS005333,AST004469,Crossing,C00094,20.2,Turnout wear,Turnout/Switch Defect,Low,2,3,1,2025-05-27,2025-07-10,0,248,4,Preventive,No,Yes,Open
TMS005334,AST003178,Switch,C00039,27.5,Rail crack,Rail Defect,High,3,3,3,2025-03-08,2025-03-16,107,216,3,Corrective,Yes,Yes,In Progress
TMS005335,AST000074,Rail,C00041,12.0,Gauge defect,Track Geometry,Medium,4,3,2,2025-06-11,2025-07-07,0,158,2,Preventive,No,Yes,Open
TMS005336,AST003640,Ballast,C00036,14.7,Track geometry defect,Track Geometry,Critical,4,4,4,2025-06-20,2025-06-24,7,187,5,Corrective,Yes,Yes,Open
TMS005337,AST005242,Sleeper,C00070,16.3,Alignment defect,Track Geometry,Medium,2,3,2,2025-03-08,2025-03-28,0,157,4,Preventive,No,Yes,Completed
TMS005338,AST004992,Rail,C00098,0.2,Sleeper damage,Sleeper Defect,Low,4,2,2,2025-05-09,2025-06-25,6,86,1,Preventive,Yes,Yes,Scheduled
TMS005339,AST000813,Switch,C00071,14.1,Rail crack,Rail Defect,Medium,1,2,3,2025-06-24,2025-07-19,0,181,5,Preventive,No,Yes,Scheduled
TMS005340,AST000554,Ballast,C00048,27.0,Rail wear,Rail Defect,Medium,4,2,1,2025-05-07,2025-05-25,37,120,2,Preventive,No,No,Scheduled
TMS005341,AST000588,Rail,C00046,1.6,Drainage issue,Drainage,Low,4,1,1,2025-06-02,2025-07-12,0,84,4,Preventive,Yes,Yes,Scheduled
TMS005342,AST003600,Switch,C00042,76.6,Rail wear,Rail Defect,Critical,4,5,4,2025-04-11,2025-04-16,0,86,4,Corrective,No,No,Completed
TMS005343,AST004794,Sleeper,C00018,76.2,Sleeper damage,Sleeper Defect,Low,2,1,2,2025-06-16,2025-07-30,0,87,2,Preventive,Yes,Yes,Open
TMS005344,AST004895,Sleeper,C00093,70.6,Rail crack,Rail Defect,High,5,3,4,2025-04-28,2025-05-05,57,291,3,Corrective,Yes,Yes,In Progress
TMS005345,AST003427,Switch,C00052,15.2,Turnout wear,Turnout/Switch Defect,High,3,4,4,2025-05-02,2025-05-11,51,316,5,Corrective,No,Yes,Deferred
TMS005346,AST003326,Bridge,C00084,280.9,Turnout wear,Turnout/Switch Defect,Medium,3,2,2,2025-06-11,2025-06-27,4,299,5,Preventive,No,Yes,Open
TMS005347,AST005238,Track,C00087,16.0,Corrective maintenance,Corrective,Low,3,2,1,2025-05-02,2025-06-04,27,259,6,Corrective,No,Yes,Scheduled
TMS005348,AST004293,Weld,C00049,25.7,Drainage issue,Drainage,High,4,4,2,2025-02-07,2025-02-16,135,80,3,Corrective,Yes,Yes,Open
TMS005349,AST003299,Switch,C00083,98.4,Sleeper damage,Sleeper Defect,Medium,2,2,1,2025-06-28,2025-07-19,0,61,3,Preventive,No,Yes,Open
TMS005350,AST001726,Crossing,C00042,42.8,Sleeper damage,Sleeper Defect,Medium,2,3,2,2025-05-30,2025-06-25,6,188,3,Preventive,No,Yes,Open
TMS005351,AST001612,Switch,C00071,20.3,Alignment defect,Track Geometry,Low,2,3,3,2025-06-11,2025-07-23,0,160,5,Preventive,Yes,Yes,Scheduled
TMS005352,AST000910,Track,C00093,63.9,Turnout wear,Turnout/Switch Defect,Critical,4,5,4,2025-05-20,2025-05-23,39,252,3,Corrective,No,Yes,Open
TMS005353,AST001196,Rail,C00091,137.8,Scheduled inspection,Inspection,Medium,3,3,2,2025-06-15,2025-07-05,0,62,4,Inspection,No,Yes,Completed
TMS005354,AST003590,Switch,C00032,3.5,Preventive maintenance,Preventive,Low,2,3,1,2025-05-17,2025-07-08,0,98,2,Preventive,No,Yes,Open
TMS005355,AST003511,Track,C00081,72.2,Turnout wear,Turnout/Switch Defect,High,4,4,2,2025-05-09,2025-05-22,40,190,4,Corrective,No,Yes,Deferred
TMS005356,AST002819,Sleeper,C00068,149.1,Turnout wear,Turnout/Switch Defect,High,3,5,1,2025-05-18,2025-05-31,31,231,3,Corrective,No,Yes,In Progress
TMS005357,AST004586,Sleeper,C00008,10.1,Ballast deficiency,Ballast Defect,Low,4,2,2,2025-05-24,2025-07-19,0,59,2,Preventive,No,Yes,Completed
TMS005358,AST005015,Turnout,C00050,13.5,Ballast deficiency,Ballast Defect,High,3,4,4,2025-06-29,2025-07-10,0,75,3,Corrective,Yes,Yes,Open
TMS005359,AST002509,Switch,C00098,2.0,Rail crack,Rail Defect,High,3,3,4,2025-06-08,2025-06-18,13,189,5,Corrective,Yes,Yes,Scheduled
TMS005360,AST001573,Crossing,C00002,82.0,Corrective maintenance,Corrective,Medium,1,4,2,2025-05-31,2025-06-19,12,245,3,Corrective,No,Yes,Open
TMS005361,AST002995,Bridge,C00051,58.2,Track geometry defect,Track Geometry,Low,3,1,2,2025-06-02,2025-07-19,0,158,2,Preventive,Yes,Yes,Completed
TMS005362,AST004361,Rail,C00100,2.4,Track geometry defect,Track Geometry,Medium,4,2,2,2025-06-21,2025-07-18,0,258,5,Preventive,Yes,Yes,Open
TMS005363,AST004768,Switch,C00024,87.6,Drainage issue,Drainage,Medium,4,1,2,2025-06-28,2025-07-20,0,167,3,Preventive,No,Yes,Open
TMS005364,AST004202,Sleeper,C00043,10.6,Track geometry defect,Track Geometry,Low,4,2,1,2025-02-22,2025-04-06,86,230,3,Preventive,Yes,Yes,Deferred
TMS005365,AST001025,Turnout,C00080,6.6,Rail wear,Rail Defect,Medium,4,3,2,2025-06-24,2025-07-16,0,229,4,Preventive,Yes,No,Deferred
TMS005366,AST004534,Crossing,C00086,237.3,Scheduled inspection,Inspection,Medium,4,3,3,2025-05-03,2025-05-27,35,40,2,Inspection,No,Yes,Open
TMS005367,AST003278,Ballast,C00047,54.0,Ballast deficiency,Ballast Defect,Medium,3,3,1,2025-02-28,2025-03-24,99,102,2,Preventive,Yes,Yes,Scheduled
TMS005368,AST002400,Track,C00098,2.9,Turnout wear,Turnout/Switch Defect,High,4,3,2,2025-06-16,2025-06-25,6,223,3,Corrective,No,Yes,In Progress
TMS005369,AST001575,Weld,C00038,66.2,Rail wear,Rail Defect,Low,2,1,3,2025-06-19,2025-07-26,0,119,2,Preventive,No,Yes,Open
TMS005370,AST004242,Ballast,C00054,12.1,Rail crack,Rail Defect,Medium,3,2,2,2025-06-22,2025-07-13,0,174,2,Preventive,Yes,Yes,Open
TMS005371,AST004634,Bridge,C00002,35.0,Ballast deficiency,Ballast Defect,Low,3,2,2,2025-06-11,2025-07-30,0,184,4,Preventive,No,No,Open
TMS005372,AST002818,Switch,C00025,225.9,Alignment defect,Track Geometry,High,4,3,2,2025-06-18,2025-06-29,2,188,3,Corrective,Yes,Yes,Open
TMS005373,AST002317,Ballast,C00046,18.1,Turnout wear,Turnout/Switch Defect,Medium,2,2,2,2025-05-14,2025-06-03,28,172,5,Preventive,No,Yes,Open
TMS005374,AST000792,Weld,C00097,13.3,Alignment defect,Track Geometry,Low,2,1,2,2025-06-09,2025-07-20,0,158,4,Preventive,Yes,Yes,Open
TMS005375,AST002551,Ballast,C00057,8.7,Scheduled inspection,Inspection,High,3,3,2,2025-02-05,2025-02-16,0,60,3,Inspection,No,No,Completed
TMS005376,AST002858,Bridge,C00071,8.5,Corrective maintenance,Corrective,Low,2,1,1,2025-04-30,2025-06-15,16,187,3,Corrective,No,No,Open
TMS005377,AST001183,Rail,C00032,9.5,Alignment defect,Track Geometry,Critical,3,4,2,2025-06-01,2025-06-06,0,247,5,Corrective,No,Yes,Completed
TMS005378,AST004905,Bridge,C00064,102.6,Weld defect,Rail Defect,Low,2,2,2,2025-05-19,2025-07-03,0,107,3,Preventive,No,No,Scheduled
TMS005379,AST000220,Ballast,C00025,300.3,Sleeper damage,Sleeper Defect,Medium,3,3,2,2025-06-14,2025-07-05,0,81,3,Preventive,No,Yes,Open
TMS005380,AST003951,Switch,C00082,2.3,Ballast deficiency,Ballast Defect,Medium,3,2,2,2025-05-25,2025-06-15,16,93,2,Preventive,Yes,Yes,Open
TMS005381,AST000645,Sleeper,C00092,72.6,Ballast deficiency,Ballast Defect,Medium,3,3,2,2025-04-27,2025-05-17,45,76,2,Preventive,Yes,Yes,Open
TMS005382,AST002966,Rail,C00048,58.0,Ballast deficiency,Ballast Defect,High,3,4,3,2025-06-24,2025-07-03,0,175,4,Corrective,No,Yes,In Progress
TMS005383,AST002732,Bridge,C00036,18.3,Rail crack,Rail Defect,Medium,2,2,1,2025-06-01,2025-06-26,5,171,3,Preventive,Yes,Yes,Scheduled
TMS005384,AST003340,Weld,C00037,49.3,Preventive maintenance,Preventive,Low,2,2,1,2025-05-04,2025-07-01,0,38,2,Preventive,No,Yes,Scheduled
TMS005385,AST002485,Bridge,C00081,49.2,Alignment defect,Track Geometry,Low,2,2,1,2025-06-24,2025-08-05,0,128,2,Preventive,Yes,Yes,In Progress
TMS005386,AST002409,Turnout,C00080,12.0,Ballast deficiency,Ballast Defect,Medium,3,1,1,2025-02-12,2025-03-09,114,131,6,Preventive,Yes,Yes,Scheduled
TMS005387,AST004299,Turnout,C00079,0.3,Preventive maintenance,Preventive,Medium,2,3,1,2025-02-11,2025-02-28,0,110,2,Preventive,No,Yes,Completed
TMS005388,AST003615,Bridge,C00040,74.4,Rail wear,Rail Defect,Low,3,1,2,2025-05-02,2025-06-17,14,92,1,Preventive,No,Yes,In Progress
TMS005389,AST002830,Turnout,C00038,42.8,Track geometry defect,Track Geometry,Critical,3,5,5,2025-06-09,2025-06-12,19,297,4,Corrective,Yes,Yes,In Progress
TMS005390,AST001860,Switch,C00071,9.6,Preventive maintenance,Preventive,Low,3,3,2,2025-06-29,2025-08-26,0,58,3,Preventive,No,Yes,In Progress
TMS005391,AST003949,Ballast,C00081,35.3,Gauge defect,Track Geometry,High,4,4,4,2025-06-29,2025-07-11,0,145,3,Corrective,No,Yes,Open
TMS005392,AST001391,Bridge,C00092,38.6,Rail wear,Rail Defect,Medium,2,4,2,2025-02-08,2025-03-02,121,149,3,Preventive,No,Yes,Open
TMS005393,AST004274,Turnout,C00096,131.6,Track geometry defect,Track Geometry,Critical,3,4,3,2025-02-02,2025-02-07,144,259,5,Corrective,Yes,Yes,Open
TMS005394,AST004700,Track,C00015,4.3,Scheduled inspection,Inspection,Low,3,2,1,2025-04-22,2025-05-30,32,52,2,Inspection,No,Yes,Scheduled
TMS005395,AST000970,Switch,C00034,6.5,Rail wear,Rail Defect,Low,2,1,2,2025-06-25,2025-08-01,0,71,2,Preventive,No,Yes,Open
TMS005396,AST005093,Crossing,C00087,36.2,Corrective maintenance,Corrective,Critical,3,4,3,2025-03-14,2025-03-18,105,290,5,Corrective,No,Yes,Open
TMS005397,AST004448,Track,C00095,38.5,Rail crack,Rail Defect,Medium,3,2,4,2025-04-25,2025-05-18,44,208,4,Preventive,Yes,Yes,Open
TMS005398,AST002343,Rail,C00084,176.2,Ballast deficiency,Ballast Defect,Low,3,2,2,2025-05-02,2025-06-10,21,63,2,Preventive,Yes,Yes,Open
TMS005399,AST000285,Switch,C00027,47.4,Sleeper damage,Sleeper Defect,High,2,3,3,2025-06-21,2025-07-01,0,138,3,Corrective,No,Yes,Scheduled
TMS005400,AST000563,Ballast,C00009,63.1,Rail crack,Rail Defect,Low,2,2,1,2025-05-15,2025-07-03,0,221,3,Preventive,Yes,Yes,Completed
TMS005401,AST001543,Track,C00022,166.2,Corrective maintenance,Corrective,Medium,3,3,3,2025-06-03,2025-06-18,13,198,3,Corrective,No,Yes,Open
TMS005402,AST003191,Turnout,C00016,23.7,Sleeper damage,Sleeper Defect,Medium,2,3,2,2025-04-11,2025-05-04,58,60,2,Preventive,No,Yes,Open
TMS005403,AST000343,Crossing,C00042,38.2,Turnout wear,Turnout/Switch Defect,High,3,4,3,2025-06-18,2025-06-25,6,285,4,Corrective,No,Yes,Open
TMS005404,AST004473,Track,C00027,99.1,Weld defect,Rail Defect,Medium,3,2,3,2025-06-30,2025-07-20,0,41,4,Preventive,No,Yes,In Progress
TMS005405,AST002959,Ballast,C00022,73.5,Weld defect,Rail Defect,Low,2,1,2,2025-06-22,2025-07-31,0,70,5,Preventive,No,Yes,Deferred
TMS005406,AST002039,Bridge,C00086,148.9,Sleeper damage,Sleeper Defect,Low,4,2,2,2025-06-23,2025-08-10,0,100,2,Preventive,No,Yes,Open
TMS005407,AST003966,Bridge,C00044,46.9,Ballast deficiency,Ballast Defect,Low,2,3,1,2025-06-13,2025-07-27,0,187,4,Preventive,No,Yes,Open
TMS005408,AST000514,Rail,C00092,58.3,Sleeper damage,Sleeper Defect,Low,3,1,1,2025-06-11,2025-07-16,0,101,2,Preventive,No,Yes,In Progress
TMS005409,AST001859,Track,C00096,63.5,Rail crack,Rail Defect,Medium,3,3,4,2025-06-14,2025-07-02,0,153,4,Preventive,No,Yes,Open
TMS005410,AST003026,Switch,C00027,158.3,Ballast deficiency,Ballast Defect,Low,2,2,2,2025-06-21,2025-08-01,0,144,2,Preventive,Yes,Yes,Open
TMS005411,AST004391,Crossing,C00071,23.9,Rail crack,Rail Defect,Critical,3,4,3,2025-03-05,2025-03-09,114,182,4,Corrective,Yes,Yes,Deferred
TMS005412,AST004790,Crossing,C00023,23.5,Corrective maintenance,Corrective,Low,4,2,1,2025-06-25,2025-08-08,0,169,4,Corrective,No,Yes,Open
TMS005413,AST004728,Switch,C00082,124.2,Scheduled inspection,Inspection,Medium,3,3,1,2025-05-11,2025-05-31,31,54,4,Inspection,No,Yes,Open
TMS005414,AST000575,Turnout,C00096,67.1,Rail crack,Rail Defect,Medium,3,2,1,2025-06-19,2025-07-09,0,166,3,Preventive,Yes,Yes,Open
TMS005415,AST004261,Bridge,C00078,50.1,Preventive maintenance,Preventive,Low,2,2,1,2025-06-19,2025-08-12,0,105,3,Preventive,No,Yes,Completed
TMS005416,AST002990,Crossing,C00083,85.1,Weld defect,Rail Defect,Medium,3,2,2,2025-06-09,2025-07-05,0,176,3,Preventive,No,Yes,Completed
TMS005417,AST004894,Track,C00090,3.7,Rail wear,Rail Defect,Low,2,3,1,2025-03-22,2025-05-04,58,178,3,Preventive,Yes,Yes,Deferred
TMS005418,AST002402,Ballast,C00039,2.5,Gauge defect,Track Geometry,Critical,4,4,2,2025-06-01,2025-06-06,25,221,3,Corrective,No,Yes,Open
TMS005419,AST004707,Track,C00086,66.4,Track geometry defect,Track Geometry,High,5,3,2,2025-03-17,2025-03-28,95,117,3,Corrective,Yes,Yes,Scheduled
TMS005420,AST002705,Ballast,C00005,50.2,Drainage issue,Drainage,Low,3,2,2,2025-04-26,2025-06-10,0,102,4,Preventive,No,Yes,Completed
TMS005421,AST001402,Weld,C00048,108.8,Rail crack,Rail Defect,Medium,4,2,2,2025-06-22,2025-07-22,0,151,3,Preventive,Yes,No,Scheduled
TMS005422,AST004892,Crossing,C00074,15.6,Weld defect,Rail Defect,High,2,4,2,2025-06-25,2025-07-08,0,73,2,Corrective,No,Yes,Scheduled
TMS005423,AST004823,Bridge,C00060,24.9,Scheduled inspection,Inspection,Low,5,2,1,2025-02-14,2025-04-07,85,97,4,Inspection,No,Yes,Open
TMS005424,AST004231,Weld,C00027,133.4,Rail crack,Rail Defect,High,2,3,3,2025-06-13,2025-06-27,4,223,5,Corrective,No,Yes,Deferred
TMS005425,AST002216,Weld,C00050,45.7,Corrective maintenance,Corrective,Medium,2,3,2,2025-06-12,2025-07-11,0,255,4,Corrective,No,Yes,Completed
TMS005426,AST004789,Rail,C00097,5.0,Drainage issue,Drainage,Low,4,2,1,2025-05-08,2025-06-19,12,93,2,Preventive,No,Yes,Open
TMS005427,AST004683,Ballast,C00003,10.5,Alignment defect,Track Geometry,Medium,2,3,1,2025-05-04,2025-05-23,0,148,5,Preventive,Yes,Yes,Completed
TMS005428,AST000331,Crossing,C00010,74.3,Rail crack,Rail Defect,High,3,3,4,2025-04-13,2025-04-25,67,137,3,Corrective,Yes,Yes,Open
TMS005429,AST004451,Turnout,C00074,7.6,Alignment defect,Track Geometry,Low,1,2,1,2025-05-31,2025-07-13,0,187,3,Preventive,Yes,Yes,Scheduled
TMS005430,AST005163,Turnout,C00018,41.5,Turnout wear,Turnout/Switch Defect,Medium,3,2,2,2025-04-29,2025-05-19,0,237,5,Preventive,No,Yes,Completed
TMS005431,AST001204,Crossing,C00009,71.8,Preventive maintenance,Preventive,High,4,4,3,2025-04-10,2025-04-18,74,143,5,Preventive,No,Yes,In Progress
TMS005432,AST004549,Weld,C00059,34.0,Ballast deficiency,Ballast Defect,High,4,3,2,2025-06-13,2025-06-24,7,98,5,Corrective,No,Yes,Open
TMS005433,AST001962,Ballast,C00015,136.1,Turnout wear,Turnout/Switch Defect,High,4,4,2,2025-05-12,2025-05-22,40,245,2,Corrective,No,Yes,In Progress
TMS005434,AST000607,Turnout,C00066,48.4,Scheduled inspection,Inspection,Low,3,2,2,2025-06-24,2025-08-13,0,49,3,Inspection,No,No,Open
TMS005435,AST001170,Rail,C00092,27.8,Ballast deficiency,Ballast Defect,Medium,3,2,1,2025-06-04,2025-06-28,3,140,4,Preventive,Yes,Yes,Open
TMS005436,AST001528,Track,C00049,23.7,Sleeper damage,Sleeper Defect,High,3,4,3,2025-04-05,2025-04-19,73,35,2,Corrective,No,Yes,Scheduled
TMS005437,AST002413,Rail,C00085,81.1,Corrective maintenance,Corrective,Low,2,2,1,2025-06-26,2025-08-02,0,264,4,Corrective,No,Yes,Scheduled
TMS005438,AST005093,Crossing,C00087,36.2,Drainage issue,Drainage,High,4,4,3,2025-05-04,2025-05-16,0,83,3,Corrective,Yes,Yes,Completed
TMS005439,AST001204,Crossing,C00009,71.8,Preventive maintenance,Preventive,Medium,3,3,2,2025-05-03,2025-05-24,0,83,4,Preventive,No,No,Completed
TMS005440,AST002048,Sleeper,C00005,115.6,Sleeper damage,Sleeper Defect,Medium,3,1,2,2025-06-03,2025-07-03,0,64,4,Preventive,Yes,Yes,In Progress
TMS005441,AST001787,Track,C00037,42.3,Turnout wear,Turnout/Switch Defect,Low,2,2,1,2025-06-21,2025-08-10,0,185,4,Preventive,No,Yes,Open
TMS005442,AST003204,Switch,C00037,62.8,Alignment defect,Track Geometry,Low,1,2,2,2025-06-11,2025-07-20,0,206,3,Preventive,Yes,Yes,Open
TMS005443,AST000531,Weld,C00010,33.4,Preventive maintenance,Preventive,Low,3,1,2,2025-06-25,2025-08-05,0,61,3,Preventive,No,No,Open
TMS005444,AST000095,Ballast,C00057,56.4,Ballast deficiency,Ballast Defect,Low,3,1,1,2025-03-28,2025-05-16,46,102,3,Preventive,No,No,In Progress
TMS005445,AST001647,Crossing,C00047,56.3,Gauge defect,Track Geometry,Critical,2,5,3,2025-04-15,2025-04-18,74,116,3,Corrective,No,Yes,Open
TMS005446,AST003487,Switch,C00029,8.1,Gauge defect,Track Geometry,High,4,2,3,2025-06-10,2025-06-21,0,176,5,Corrective,Yes,Yes,Completed
TMS005447,AST001717,Track,C00026,371.8,Alignment defect,Track Geometry,Low,1,1,2,2025-06-29,2025-08-14,0,228,5,Preventive,Yes,Yes,Scheduled
TMS005448,AST000817,Sleeper,C00044,40.3,Scheduled inspection,Inspection,Low,2,2,1,2025-06-19,2025-08-17,0,31,3,Inspection,No,Yes,Completed
TMS005449,AST001077,Turnout,C00032,20.6,Alignment defect,Track Geometry,Critical,4,3,4,2025-06-11,2025-06-15,16,257,5,Corrective,Yes,Yes,Open
TMS005450,AST001976,Ballast,C00016,13.9,Track geometry defect,Track Geometry,Medium,2,2,2,2025-06-13,2025-07-03,0,234,5,Preventive,Yes,Yes,Open
TMS005451,AST003445,Weld,C00085,80.7,Alignment defect,Track Geometry,High,5,4,2,2025-04-09,2025-04-20,0,229,3,Corrective,Yes,No,Completed
TMS005452,AST004458,Crossing,C00080,36.1,Scheduled inspection,Inspection,Medium,3,3,3,2025-06-19,2025-07-11,0,103,5,Inspection,No,No,In Progress
TMS005453,AST000223,Weld,C00029,66.4,Corrective maintenance,Corrective,High,3,4,3,2025-04-08,2025-04-20,72,253,6,Corrective,No,Yes,Scheduled
TMS005454,AST002609,Bridge,C00016,66.3,Ballast deficiency,Ballast Defect,Medium,1,2,2,2025-06-11,2025-07-08,0,102,2,Preventive,Yes,Yes,Scheduled
TMS005455,AST000644,Turnout,C00007,59.1,Scheduled inspection,Inspection,Medium,5,2,1,2025-06-18,2025-07-16,0,74,3,Inspection,No,No,Scheduled
TMS005456,AST001521,Rail,C00058,35.3,Weld defect,Rail Defect,Low,3,2,1,2025-05-07,2025-06-26,0,88,5,Preventive,No,Yes,Completed
TMS005457,AST000311,Rail,C00053,93.3,Preventive maintenance,Preventive,Critical,5,5,3,2025-06-07,2025-06-10,21,153,4,Preventive,No,Yes,Scheduled
TMS005458,AST001455,Turnout,C00020,12.3,Rail wear,Rail Defect,Medium,4,2,1,2025-02-07,2025-03-06,117,233,4,Preventive,No,Yes,Scheduled
TMS005459,AST000664,Weld,C00063,57.1,Alignment defect,Track Geometry,Medium,2,4,1,2025-06-13,2025-07-05,0,183,4,Preventive,Yes,Yes,In Progress
TMS005460,AST004714,Switch,C00096,36.3,Gauge defect,Track Geometry,Critical,4,5,4,2025-05-12,2025-05-16,46,234,4,Corrective,No,Yes,Deferred
TMS005461,AST004003,Bridge,C00091,38.7,Sleeper damage,Sleeper Defect,Low,3,2,1,2025-06-15,2025-08-01,0,46,3,Preventive,No,Yes,Open
TMS005462,AST000528,Weld,C00014,0.5,Gauge defect,Track Geometry,Low,3,2,2,2025-05-18,2025-06-30,1,151,3,Preventive,No,Yes,Scheduled
TMS005463,AST000786,Track,C00092,72.3,Rail wear,Rail Defect,Low,1,2,2,2025-06-30,2025-08-26,0,113,5,Preventive,No,Yes,Scheduled
TMS005464,AST004933,Switch,C00065,60.7,Corrective maintenance,Corrective,Low,3,2,2,2025-04-22,2025-05-31,31,230,4,Corrective,No,Yes,Open
TMS005465,AST004688,Ballast,C00052,203.5,Gauge defect,Track Geometry,Medium,1,2,1,2025-03-01,2025-03-31,92,107,2,Preventive,No,Yes,Open
TMS005466,AST002052,Track,C00017,4.3,Gauge defect,Track Geometry,Low,2,2,1,2025-06-26,2025-08-10,0,153,4,Preventive,No,Yes,Scheduled
TMS005467,AST002683,Turnout,C00089,12.1,Sleeper damage,Sleeper Defect,Medium,3,3,2,2025-05-28,2025-06-18,13,61,1,Preventive,No,Yes,Deferred
TMS005468,AST001176,Rail,C00069,16.5,Alignment defect,Track Geometry,Low,2,2,1,2025-06-26,2025-08-06,0,223,5,Preventive,No,Yes,Open
TMS005469,AST003794,Bridge,C00041,29.4,Rail wear,Rail Defect,High,3,3,2,2025-05-07,2025-05-21,41,179,5,Corrective,No,Yes,Open
TMS005470,AST002493,Crossing,C00030,20.1,Scheduled inspection,Inspection,Critical,2,5,2,2025-06-23,2025-06-28,3,86,2,Inspection,No,Yes,Scheduled
TMS005471,AST003888,Rail,C00007,101.5,Turnout wear,Turnout/Switch Defect,High,3,3,3,2025-05-23,2025-06-02,29,187,5,Corrective,Yes,No,In Progress
TMS005472,AST000139,Weld,C00071,23.4,Turnout wear,Turnout/Switch Defect,Critical,4,4,2,2025-05-10,2025-05-14,48,220,3,Corrective,Yes,Yes,Deferred
TMS005473,AST000927,Sleeper,C00032,3.3,Corrective maintenance,Corrective,Critical,3,5,3,2025-06-30,2025-07-05,0,326,5,Corrective,No,Yes,Open
TMS005474,AST004756,Ballast,C00015,28.0,Drainage issue,Drainage,Medium,2,4,2,2025-06-28,2025-07-22,0,55,2,Preventive,Yes,Yes,Completed
TMS005475,AST000480,Rail,C00074,16.9,Rail crack,Rail Defect,Low,3,2,1,2025-06-17,2025-08-15,0,190,3,Preventive,Yes,Yes,Scheduled
TMS005476,AST000682,Crossing,C00027,33.3,Alignment defect,Track Geometry,Medium,2,3,3,2025-05-27,2025-06-21,0,140,4,Preventive,Yes,Yes,Completed
TMS005477,AST002903,Track,C00046,15.8,Alignment defect,Track Geometry,High,4,5,3,2025-06-20,2025-07-02,0,169,3,Corrective,Yes,No,Open
TMS005478,AST001995,Track,C00077,26.9,Alignment defect,Track Geometry,Low,2,2,1,2025-05-07,2025-06-26,5,187,6,Preventive,Yes,Yes,Open
TMS005479,AST002209,Track,C00031,5.9,Scheduled inspection,Inspection,Low,1,3,1,2025-06-16,2025-07-17,0,55,3,Inspection,No,Yes,Open
TMS005480,AST004239,Ballast,C00035,113.2,Ballast deficiency,Ballast Defect,High,4,3,4,2025-06-27,2025-07-10,0,221,5,Corrective,Yes,Yes,Deferred
TMS005481,AST001047,Ballast,C00052,144.3,Preventive maintenance,Preventive,Medium,3,2,2,2025-02-18,2025-03-13,110,114,5,Preventive,No,Yes,Scheduled
TMS005482,AST002743,Ballast,C00076,114.6,Weld defect,Rail Defect,High,3,4,3,2025-06-21,2025-07-05,0,143,3,Corrective,No,Yes,Scheduled
TMS005483,AST002400,Track,C00098,2.9,Alignment defect,Track Geometry,Medium,1,3,2,2025-03-08,2025-03-30,93,195,3,Preventive,Yes,Yes,Scheduled
TMS005484,AST000788,Weld,C00075,132.9,Rail wear,Rail Defect,Medium,3,2,2,2025-04-29,2025-05-24,38,186,5,Preventive,No,Yes,Open
TMS005485,AST002906,Weld,C00006,12.1,Gauge defect,Track Geometry,Critical,3,5,3,2025-06-22,2025-06-26,5,144,2,Corrective,No,Yes,Open
TMS005486,AST001217,Weld,C00050,50.0,Scheduled inspection,Inspection,High,3,4,4,2025-05-15,2025-05-26,36,49,1,Inspection,No,Yes,Scheduled
TMS005487,AST000457,Crossing,C00015,56.5,Ballast deficiency,Ballast Defect,High,4,3,3,2025-06-23,2025-07-05,0,128,4,Corrective,Yes,Yes,Scheduled
TMS005488,AST002059,Crossing,C00012,95.5,Turnout wear,Turnout/Switch Defect,High,2,4,2,2025-04-17,2025-04-28,64,238,4,Corrective,No,Yes,Open
TMS005489,AST004920,Switch,C00060,28.8,Ballast deficiency,Ballast Defect,Low,2,2,2,2025-06-17,2025-07-20,0,159,3,Preventive,Yes,Yes,Open
TMS005490,AST002085,Ballast,C00060,29.1,Turnout wear,Turnout/Switch Defect,Low,3,2,1,2025-02-14,2025-03-25,0,152,3,Preventive,No,Yes,Completed
TMS005491,AST004341,Sleeper,C00092,98.2,Track geometry defect,Track Geometry,High,2,3,4,2025-05-22,2025-06-02,29,183,3,Corrective,Yes,Yes,Open
TMS005492,AST001642,Crossing,C00023,21.1,Weld defect,Rail Defect,Low,2,1,2,2025-04-10,2025-05-21,41,99,4,Preventive,No,Yes,Scheduled
TMS005493,AST004969,Crossing,C00094,119.8,Rail crack,Rail Defect,Low,2,2,2,2025-04-29,2025-06-13,18,204,4,Preventive,No,Yes,In Progress
TMS005494,AST000869,Rail,C00006,14.3,Scheduled inspection,Inspection,Medium,3,4,2,2025-06-30,2025-07-24,0,30,3,Inspection,No,No,Completed
TMS005495,AST002828,Rail,C00078,1.0,Corrective maintenance,Corrective,High,3,4,3,2025-06-16,2025-06-24,0,236,3,Corrective,No,Yes,Completed
TMS005496,AST003168,Rail,C00079,20.0,Alignment defect,Track Geometry,Low,4,1,1,2025-02-24,2025-04-10,82,209,5,Preventive,No,Yes,In Progress
TMS005497,AST001079,Rail,C00097,20.8,Gauge defect,Track Geometry,Low,4,2,2,2025-06-16,2025-07-23,0,105,3,Preventive,No,Yes,Open
TMS005498,AST003520,Bridge,C00046,19.9,Weld defect,Rail Defect,High,2,4,3,2025-02-06,2025-02-16,135,149,4,Corrective,No,Yes,Open
TMS005499,AST005064,Switch,C00018,48.5,Drainage issue,Drainage,High,3,4,2,2025-06-18,2025-06-30,1,175,3,Corrective,Yes,Yes,Open
TMS005500,AST000849,Ballast,C00067,7.0,Turnout wear,Turnout/Switch Defect,High,4,3,3,2025-05-31,2025-06-07,24,220,5,Corrective,No,Yes,Open
TMS005501,AST004707,Track,C00086,66.4,Track geometry defect,Track Geometry,Medium,4,3,1,2025-05-27,2025-06-18,13,163,5,Preventive,Yes,Yes,Open
TMS005502,AST000307,Bridge,C00046,24.6,Alignment defect,Track Geometry,Low,4,2,2,2025-05-06,2025-06-24,7,218,4,Preventive,No,Yes,In Progress
TMS005503,AST001182,Track,C00032,9.0,Ballast deficiency,Ballast Defect,Low,3,2,1,2025-06-19,2025-08-15,0,187,4,Preventive,Yes,Yes,Scheduled
TMS005504,AST004143,Turnout,C00048,64.7,Scheduled inspection,Inspection,Low,3,1,2,2025-06-07,2025-07-21,0,57,3,Inspection,Yes,Yes,Scheduled
TMS005505,AST000173,Sleeper,C00092,36.4,Ballast deficiency,Ballast Defect,Medium,3,1,2,2025-06-10,2025-06-27,4,107,1,Preventive,Yes,Yes,Deferred
TMS005506,AST002841,Bridge,C00030,55.1,Corrective maintenance,Corrective,Medium,4,3,2,2025-06-16,2025-07-04,0,231,3,Corrective,No,Yes,Open
TMS005507,AST001176,Rail,C00069,16.5,Track geometry defect,Track Geometry,Low,3,2,2,2025-05-22,2025-07-03,0,271,4,Preventive,Yes,Yes,Scheduled
TMS005508,AST004589,Weld,C00035,19.0,Rail crack,Rail Defect,High,4,3,2,2025-06-24,2025-07-06,0,262,5,Corrective,Yes,Yes,Open
TMS005509,AST002922,Bridge,C00089,72.5,Track geometry defect,Track Geometry,High,3,4,5,2025-03-15,2025-03-26,97,206,4,Corrective,Yes,Yes,Scheduled
TMS005510,AST002179,Crossing,C00026,140.0,Turnout wear,Turnout/Switch Defect,Medium,2,2,1,2025-02-19,2025-03-13,110,195,3,Preventive,No,No,Open
TMS005511,AST003520,Bridge,C00046,19.9,Rail wear,Rail Defect,Critical,5,4,4,2025-05-13,2025-05-19,43,53,3,Corrective,No,Yes,In Progress
TMS005512,AST000869,Rail,C00006,14.3,Weld defect,Rail Defect,Medium,4,1,3,2025-06-20,2025-07-18,0,143,2,Preventive,Yes,Yes,Scheduled
TMS005513,AST004910,Ballast,C00066,20.5,Drainage issue,Drainage,Medium,2,2,2,2025-06-23,2025-07-11,0,54,3,Preventive,No,Yes,Open
TMS005514,AST004700,Track,C00015,4.3,Weld defect,Rail Defect,Low,3,2,2,2025-06-20,2025-08-02,0,148,2,Preventive,No,Yes,In Progress
TMS005515,AST002268,Bridge,C00071,12.4,Alignment defect,Track Geometry,Low,2,2,2,2025-06-18,2025-07-25,0,247,4,Preventive,Yes,Yes,Scheduled
TMS005516,AST004923,Crossing,C00067,59.3,Sleeper damage,Sleeper Defect,Medium,1,2,1,2025-06-27,2025-07-16,0,98,6,Preventive,No,Yes,Open
TMS005517,AST005140,Switch,C00079,0.6,Scheduled inspection,Inspection,Medium,2,3,2,2025-06-16,2025-07-11,0,35,3,Inspection,No,Yes,Scheduled
TMS005518,AST005219,Crossing,C00012,70.6,Turnout wear,Turnout/Switch Defect,Medium,2,3,1,2025-02-13,2025-03-04,119,235,3,Preventive,No,No,Scheduled
TMS005519,AST004701,Turnout,C00093,77.7,Sleeper damage,Sleeper Defect,Medium,2,2,3,2025-06-02,2025-06-25,0,104,3,Preventive,No,Yes,Completed
TMS005520,AST001424,Ballast,C00027,65.4,Gauge defect,Track Geometry,Critical,4,4,4,2025-06-14,2025-06-18,0,276,4,Corrective,No,Yes,Completed
TMS005521,AST005225,Ballast,C00061,45.5,Rail crack,Rail Defect,High,3,3,3,2025-06-28,2025-07-05,0,217,4,Corrective,Yes,Yes,Open
TMS005522,AST001172,Track,C00026,94.2,Track geometry defect,Track Geometry,High,4,3,2,2025-02-06,2025-02-15,136,204,4,Corrective,Yes,Yes,Deferred
TMS005523,AST005017,Track,C00022,146.3,Rail crack,Rail Defect,Low,3,1,2,2025-02-20,2025-04-14,78,205,4,Preventive,Yes,Yes,Open
TMS005524,AST000464,Switch,C00050,14.6,Sleeper damage,Sleeper Defect,Medium,3,2,2,2025-02-01,2025-02-27,124,101,2,Preventive,Yes,Yes,Open
TMS005525,AST004693,Track,C00018,26.7,Weld defect,Rail Defect,Low,4,1,1,2025-06-16,2025-08-04,0,108,2,Preventive,No,Yes,In Progress
TMS005526,AST002857,Ballast,C00023,26.8,Track geometry defect,Track Geometry,High,3,3,2,2025-06-03,2025-06-18,13,297,4,Corrective,Yes,No,Open
TMS005527,AST004316,Turnout,C00097,14.0,Turnout wear,Turnout/Switch Defect,Medium,3,3,2,2025-04-28,2025-05-21,41,88,3,Preventive,No,Yes,Open
TMS005528,AST001858,Ballast,C00082,59.6,Scheduled inspection,Inspection,Medium,5,3,3,2025-05-16,2025-06-10,0,49,1,Inspection,No,No,Completed
TMS005529,AST003343,Sleeper,C00052,166.5,Gauge defect,Track Geometry,Medium,2,3,2,2025-04-18,2025-05-12,50,184,5,Preventive,No,No,Scheduled
TMS005530,AST004523,Rail,C00013,84.7,Gauge defect,Track Geometry,High,3,3,4,2025-03-10,2025-03-19,104,110,3,Corrective,No,No,In Progress
TMS005531,AST000150,Sleeper,C00057,115.3,Scheduled inspection,Inspection,High,1,4,4,2025-06-07,2025-06-16,15,93,3,Inspection,No,No,Open
TMS005532,AST001402,Weld,C00048,108.8,Corrective maintenance,Corrective,Medium,3,2,2,2025-05-18,2025-06-12,19,200,4,Corrective,No,Yes,Open
TMS005533,AST004065,Rail,C00075,113.3,Preventive maintenance,Preventive,Critical,3,5,4,2025-03-29,2025-04-03,89,42,1,Preventive,No,Yes,In Progress
TMS005534,AST004854,Sleeper,C00045,141.5,Alignment defect,Track Geometry,Low,2,1,1,2025-06-27,2025-08-21,0,197,4,Preventive,No,Yes,Open
TMS005535,AST003582,Sleeper,C00083,36.7,Alignment defect,Track Geometry,High,3,3,1,2025-05-04,2025-05-15,47,122,3,Corrective,Yes,Yes,Scheduled
TMS005536,AST000493,Ballast,C00005,61.7,Preventive maintenance,Preventive,Medium,4,2,1,2025-06-09,2025-06-30,1,59,5,Preventive,No,Yes,Open
TMS005537,AST002345,Track,C00057,75.7,Scheduled inspection,Inspection,High,3,4,3,2025-06-11,2025-06-22,9,118,4,Inspection,No,Yes,Open
TMS005538,AST002606,Sleeper,C00018,92.3,Drainage issue,Drainage,Low,1,1,2,2025-06-24,2025-07-28,0,82,3,Preventive,Yes,Yes,Open
TMS005539,AST002796,Weld,C00031,27.6,Rail wear,Rail Defect,Medium,3,2,2,2025-04-03,2025-04-29,63,181,3,Preventive,No,Yes,Open
TMS005540,AST004330,Ballast,C00095,63.6,Sleeper damage,Sleeper Defect,Medium,4,2,2,2025-05-21,2025-06-11,20,75,4,Preventive,No,Yes,Scheduled
TMS005541,AST004057,Rail,C00027,123.9,Sleeper damage,Sleeper Defect,Medium,3,2,1,2025-06-06,2025-06-26,0,71,2,Preventive,No,Yes,Completed
TMS005542,AST000847,Track,C00079,21.1,Gauge defect,Track Geometry,Medium,2,3,1,2025-06-24,2025-07-20,0,219,4,Preventive,No,Yes,In Progress
TMS005543,AST000861,Track,C00041,23.3,Scheduled inspection,Inspection,Low,2,2,1,2025-06-18,2025-08-01,0,45,5,Inspection,Yes,No,Open
TMS005544,AST000699,Crossing,C00015,16.0,Alignment defect,Track Geometry,High,4,4,2,2025-02-21,2025-03-06,117,151,2,Corrective,No,Yes,Open
TMS005545,AST001643,Bridge,C00036,44.5,Alignment defect,Track Geometry,Low,3,3,2,2025-06-23,2025-08-04,0,158,2,Preventive,Yes,Yes,Scheduled
TMS005546,AST001306,Bridge,C00029,6.9,Preventive maintenance,Preventive,Medium,4,3,3,2025-04-10,2025-05-06,0,128,4,Preventive,No,No,Completed
TMS005547,AST000670,Turnout,C00062,34.3,Rail wear,Rail Defect,Low,3,4,1,2025-06-29,2025-08-22,0,199,2,Preventive,No,Yes,Completed
TMS005548,AST003253,Weld,C00098,0.7,Scheduled inspection,Inspection,Low,2,1,3,2025-05-05,2025-06-06,25,42,3,Inspection,No,Yes,Scheduled
TMS005549,AST004798,Ballast,C00076,140.7,Sleeper damage,Sleeper Defect,Low,2,2,3,2025-02-28,2025-04-13,79,129,3,Preventive,No,Yes,Open
TMS005550,AST004975,Turnout,C00089,79.6,Gauge defect,Track Geometry,Critical,2,5,5,2025-02-08,2025-02-12,139,214,5,Corrective,No,Yes,Open
TMS005551,AST001866,Rail,C00064,147.9,Weld defect,Rail Defect,Medium,4,4,2,2025-06-26,2025-07-15,0,98,4,Preventive,No,Yes,Open
TMS005552,AST004403,Switch,C00043,11.4,Gauge defect,Track Geometry,Medium,3,3,3,2025-06-12,2025-07-04,0,201,4,Preventive,No,No,Completed
TMS005553,AST002003,Weld,C00005,28.7,Turnout wear,Turnout/Switch Defect,Medium,4,2,1,2025-02-20,2025-03-17,106,210,3,Preventive,No,Yes,Open
TMS005554,AST001718,Rail,C00088,91.7,Drainage issue,Drainage,Medium,3,3,3,2025-06-16,2025-07-02,0,161,5,Preventive,Yes,Yes,Deferred
TMS005555,AST005096,Bridge,C00038,11.5,Corrective maintenance,Corrective,Medium,3,2,3,2025-06-16,2025-07-08,0,343,5,Corrective,No,Yes,Open
TMS005556,AST002584,Weld,C00088,83.2,Preventive maintenance,Preventive,Medium,3,2,2,2025-06-26,2025-07-25,0,43,1,Preventive,No,Yes,Scheduled
TMS005557,AST001901,Switch,C00086,244.1,Scheduled inspection,Inspection,High,3,4,1,2025-02-01,2025-02-14,137,42,1,Inspection,No,No,Scheduled
TMS005558,AST002562,Crossing,C00029,35.4,Gauge defect,Track Geometry,High,2,3,2,2025-03-08,2025-03-18,105,143,4,Corrective,No,Yes,Scheduled
TMS005559,AST004303,Weld,C00086,195.2,Track geometry defect,Track Geometry,High,3,3,3,2025-06-15,2025-06-25,6,214,4,Corrective,No,Yes,Open
TMS005560,AST004013,Track,C00093,43.7,Weld defect,Rail Defect,Medium,3,2,3,2025-06-18,2025-07-12,0,159,3,Preventive,No,Yes,In Progress
TMS005561,AST001942,Bridge,C00061,22.3,Corrective maintenance,Corrective,Low,1,1,1,2025-05-12,2025-06-24,0,253,5,Corrective,No,Yes,Completed
TMS005562,AST004520,Turnout,C00093,34.8,Preventive maintenance,Preventive,Medium,1,2,2,2025-02-23,2025-03-17,106,55,2,Preventive,No,Yes,Scheduled
TMS005563,AST004963,Rail,C00062,18.8,Rail crack,Rail Defect,Low,3,1,3,2025-04-26,2025-05-26,36,140,2,Preventive,Yes,Yes,Open
TMS005564,AST001962,Ballast,C00015,136.1,Ballast deficiency,Ballast Defect,Medium,4,2,2,2025-06-06,2025-06-24,7,160,3,Preventive,Yes,Yes,In Progress
TMS005565,AST002947,Weld,C00010,48.7,Gauge defect,Track Geometry,Low,5,1,2,2025-03-15,2025-05-05,57,146,4,Preventive,No,Yes,Open
TMS005566,AST001035,Turnout,C00097,20.8,Weld defect,Rail Defect,Low,2,1,1,2025-06-21,2025-08-16,0,109,3,Preventive,No,Yes,Open
TMS005567,AST003345,Switch,C00006,2.9,Corrective maintenance,Corrective,High,3,5,4,2025-06-23,2025-07-05,0,274,4,Corrective,No,Yes,Deferred
TMS005568,AST002974,Turnout,C00012,72.0,Sleeper damage,Sleeper Defect,Critical,2,5,5,2025-06-17,2025-06-23,8,171,4,Corrective,No,Yes,Scheduled
TMS005569,AST003057,Crossing,C00070,17.0,Sleeper damage,Sleeper Defect,Low,3,2,1,2025-03-03,2025-04-08,84,181,3,Preventive,No,Yes,Open
TMS005570,AST003250,Switch,C00046,15.5,Sleeper damage,Sleeper Defect,Medium,2,2,2,2025-05-19,2025-06-03,0,75,2,Preventive,No,Yes,Completed
TMS005571,AST003145,Switch,C00062,23.1,Corrective maintenance,Corrective,Low,4,3,3,2025-05-12,2025-06-17,14,262,4,Corrective,No,Yes,Open
TMS005572,AST002363,Ballast,C00014,20.6,Alignment defect,Track Geometry,Critical,4,4,3,2025-04-05,2025-04-10,0,235,4,Corrective,No,Yes,Completed
TMS005573,AST002078,Ballast,C00038,55.2,Alignment defect,Track Geometry,Critical,2,5,3,2025-05-30,2025-06-04,0,221,2,Corrective,Yes,Yes,Completed
TMS005574,AST001658,Crossing,C00093,49.1,Gauge defect,Track Geometry,Low,4,2,2,2025-06-14,2025-07-25,0,179,5,Preventive,No,Yes,Completed
TMS005575,AST001572,Weld,C00006,19.2,Rail wear,Rail Defect,High,4,3,3,2025-06-19,2025-07-04,0,82,3,Corrective,No,Yes,Scheduled
TMS005576,AST003984,Turnout,C00081,60.8,Gauge defect,Track Geometry,Low,2,2,2,2025-04-29,2025-06-09,22,180,3,Preventive,No,Yes,In Progress
TMS005577,AST000581,Sleeper,C00026,65.9,Scheduled inspection,Inspection,Low,3,2,2,2025-05-18,2025-07-05,0,73,1,Inspection,No,No,Completed
TMS005578,AST000379,Bridge,C00088,98.2,Rail wear,Rail Defect,High,4,5,2,2025-02-17,2025-03-01,122,180,4,Corrective,No,Yes,Open
TMS005579,AST001755,Bridge,C00097,31.1,Rail wear,Rail Defect,Medium,3,3,1,2025-06-02,2025-06-24,7,141,3,Preventive,No,Yes,Open
TMS005580,AST003010,Crossing,C00061,39.3,Preventive maintenance,Preventive,Critical,3,4,4,2025-06-21,2025-06-24,7,45,4,Preventive,No,Yes,In Progress
TMS005581,AST002763,Switch,C00081,54.2,Weld defect,Rail Defect,Medium,2,2,2,2025-05-06,2025-06-01,30,60,3,Preventive,No,Yes,Scheduled
TMS005582,AST000445,Track,C00028,98.2,Weld defect,Rail Defect,Low,1,2,2,2025-02-01,2025-03-27,96,115,4,Preventive,No,Yes,Open
TMS005583,AST004708,Turnout,C00026,92.9,Scheduled inspection,Inspection,Medium,5,4,2,2025-06-13,2025-07-07,0,106,2,Inspection,No,No,In Progress
TMS005584,AST001417,Rail,C00009,11.0,Gauge defect,Track Geometry,Low,3,3,2,2025-06-02,2025-07-25,0,63,1,Preventive,Yes,No,Completed
TMS005585,AST000070,Track,C00046,11.9,Corrective maintenance,Corrective,High,4,5,3,2025-02-11,2025-02-21,130,275,4,Corrective,No,Yes,Open
TMS005586,AST000315,Bridge,C00081,28.7,Rail crack,Rail Defect,Critical,3,4,2,2025-04-08,2025-04-12,80,127,3,Corrective,Yes,Yes,Open
TMS005587,AST000203,Track,C00032,2.0,Preventive maintenance,Preventive,Low,2,2,2,2025-06-04,2025-07-08,0,64,3,Preventive,Yes,Yes,Completed
TMS005588,AST002210,Weld,C00082,87.1,Preventive maintenance,Preventive,Low,3,1,1,2025-04-14,2025-05-17,45,41,3,Preventive,No,Yes,Open
TMS005589,AST003227,Sleeper,C00098,1.6,Drainage issue,Drainage,Low,1,1,2,2025-06-05,2025-07-12,0,144,2,Preventive,Yes,Yes,In Progress
TMS005590,AST002034,Sleeper,C00055,42.8,Turnout wear,Turnout/Switch Defect,High,4,4,1,2025-06-20,2025-07-02,0,231,5,Corrective,No,Yes,Scheduled
TMS005591,AST001819,Turnout,C00091,93.0,Rail crack,Rail Defect,Critical,3,5,3,2025-06-28,2025-06-30,1,271,5,Corrective,Yes,Yes,Open
TMS005592,AST002620,Sleeper,C00020,57.9,Preventive maintenance,Preventive,Medium,2,1,2,2025-03-05,2025-03-25,0,95,3,Preventive,No,Yes,Completed
TMS005593,AST005100,Turnout,C00035,43.0,Turnout wear,Turnout/Switch Defect,Medium,3,1,2,2025-06-06,2025-06-30,1,276,4,Preventive,No,No,Scheduled
TMS005594,AST000731,Ballast,C00086,122.7,Corrective maintenance,Corrective,Low,3,1,1,2025-05-13,2025-07-06,0,288,3,Corrective,No,Yes,Open
TMS005595,AST003020,Turnout,C00006,14.4,Alignment defect,Track Geometry,Medium,3,3,2,2025-04-07,2025-04-28,64,174,3,Preventive,Yes,Yes,Open
TMS005596,AST000392,Sleeper,C00013,46.2,Rail crack,Rail Defect,High,2,5,2,2025-05-11,2025-05-18,44,175,4,Corrective,Yes,Yes,Open
TMS005597,AST000705,Weld,C00047,36.5,Turnout wear,Turnout/Switch Defect,High,4,4,4,2025-04-22,2025-05-01,0,161,3,Corrective,No,Yes,Completed
TMS005598,AST003721,Switch,C00032,9.2,Preventive maintenance,Preventive,Medium,3,3,2,2025-06-24,2025-07-21,0,44,2,Preventive,No,Yes,Open
TMS005599,AST000714,Track,C00014,53.4,Sleeper damage,Sleeper Defect,High,3,4,3,2025-06-12,2025-06-22,9,64,2,Corrective,No,Yes,Scheduled
TMS005600,AST001755,Bridge,C00097,31.1,Ballast deficiency,Ballast Defect,Medium,2,2,3,2025-06-18,2025-07-07,0,93,5,Preventive,Yes,Yes,Completed
TMS005601,AST004166,Rail,C00048,48.4,Gauge defect,Track Geometry,Low,4,2,2,2025-05-27,2025-07-14,0,250,4,Preventive,Yes,Yes,Completed
TMS005602,AST000378,Sleeper,C00014,8.7,Alignment defect,Track Geometry,Medium,4,2,2,2025-04-22,2025-05-13,49,77,2,Preventive,No,Yes,Open
TMS005603,AST003933,Sleeper,C00037,13.6,Drainage issue,Drainage,Low,3,1,1,2025-06-09,2025-07-31,0,141,3,Preventive,Yes,Yes,Scheduled
TMS005604,AST003228,Turnout,C00079,35.1,Preventive maintenance,Preventive,High,1,4,2,2025-05-25,2025-06-04,0,75,2,Preventive,No,Yes,Completed
TMS005605,AST003095,Ballast,C00049,37.7,Preventive maintenance,Preventive,Medium,4,2,1,2025-06-30,2025-07-26,0,75,3,Preventive,No,Yes,Open
TMS005606,AST000819,Track,C00086,99.2,Scheduled inspection,Inspection,Medium,3,2,2,2025-05-16,2025-06-04,27,34,2,Inspection,No,No,Open
TMS005607,AST003958,Ballast,C00042,72.0,Track geometry defect,Track Geometry,Low,1,2,2,2025-06-27,2025-08-17,0,258,3,Preventive,No,Yes,Scheduled
TMS005608,AST000689,Ballast,C00007,70.2,Turnout wear,Turnout/Switch Defect,Critical,4,4,4,2025-05-19,2025-05-26,36,360,4,Corrective,No,Yes,In Progress
TMS005609,AST003942,Bridge,C00033,109.5,Weld defect,Rail Defect,High,3,4,3,2025-05-11,2025-05-24,38,99,3,Corrective,No,Yes,Scheduled
TMS005610,AST004973,Rail,C00097,2.9,Alignment defect,Track Geometry,Medium,2,4,2,2025-06-17,2025-07-01,0,188,5,Preventive,Yes,Yes,Open
TMS005611,AST002120,Sleeper,C00051,21.1,Scheduled inspection,Inspection,Medium,3,3,2,2025-06-21,2025-07-06,0,119,3,Inspection,Yes,Yes,Completed
TMS005612,AST000175,Turnout,C00019,89.3,Gauge defect,Track Geometry,Critical,4,4,5,2025-06-14,2025-06-18,13,109,4,Corrective,No,Yes,Open
TMS005613,AST000996,Crossing,C00059,239.9,Gauge defect,Track Geometry,Critical,2,5,2,2025-06-20,2025-06-24,7,235,6,Corrective,No,Yes,Scheduled
TMS005614,AST004981,Sleeper,C00079,13.9,Drainage issue,Drainage,Low,1,2,2,2025-02-16,2025-04-13,0,41,2,Preventive,Yes,Yes,Completed
TMS005615,AST000311,Rail,C00053,93.3,Track geometry defect,Track Geometry,Low,2,1,1,2025-06-24,2025-08-11,0,136,1,Preventive,No,Yes,In Progress
TMS005616,AST004809,Switch,C00041,26.4,Scheduled inspection,Inspection,High,2,3,3,2025-05-06,2025-05-17,45,54,3,Inspection,No,Yes,In Progress
TMS005617,AST001825,Track,C00070,3.2,Turnout wear,Turnout/Switch Defect,Medium,4,2,3,2025-05-17,2025-06-11,20,289,5,Preventive,No,Yes,Open
TMS005618,AST002735,Switch,C00026,169.3,Drainage issue,Drainage,Low,2,1,1,2025-05-08,2025-06-22,9,164,4,Preventive,Yes,No,Open
TMS005619,AST003796,Crossing,C00013,47.5,Corrective maintenance,Corrective,Medium,3,3,2,2025-06-25,2025-07-20,0,200,2,Corrective,No,Yes,Scheduled
TMS005620,AST002652,Bridge,C00084,46.1,Corrective maintenance,Corrective,High,4,4,1,2025-05-19,2025-05-27,35,161,3,Corrective,No,Yes,Open
TMS005621,AST004287,Crossing,C00070,20.0,Weld defect,Rail Defect,Medium,3,4,3,2025-04-20,2025-05-16,46,62,4,Preventive,No,Yes,Open
TMS005622,AST004359,Weld,C00040,1.6,Ballast deficiency,Ballast Defect,High,3,4,3,2025-06-01,2025-06-11,20,211,3,Corrective,No,Yes,Scheduled
TMS005623,AST001801,Weld,C00008,101.7,Alignment defect,Track Geometry,High,4,4,1,2025-05-18,2025-05-30,32,253,4,Corrective,No,Yes,Scheduled
TMS005624,AST001860,Switch,C00071,9.6,Rail wear,Rail Defect,Medium,2,2,2,2025-06-14,2025-07-02,0,134,2,Preventive,No,Yes,Completed
TMS005625,AST000693,Bridge,C00086,24.5,Turnout wear,Turnout/Switch Defect,Critical,3,5,3,2025-06-23,2025-06-27,4,279,2,Corrective,No,Yes,In Progress
TMS005626,AST000444,Rail,C00078,136.9,Drainage issue,Drainage,Medium,4,3,3,2025-06-19,2025-07-07,0,54,3,Preventive,No,Yes,In Progress
TMS005627,AST000109,Switch,C00008,56.3,Weld defect,Rail Defect,Medium,2,4,3,2025-05-10,2025-06-06,25,151,3,Preventive,No,Yes,Open
TMS005628,AST003698,Crossing,C00090,72.3,Weld defect,Rail Defect,High,4,4,3,2025-04-19,2025-04-30,62,149,3,Corrective,No,Yes,Deferred
TMS005629,AST002660,Track,C00026,132.9,Sleeper damage,Sleeper Defect,Medium,5,2,1,2025-06-26,2025-07-14,0,97,3,Preventive,No,Yes,Open
TMS005630,AST004755,Switch,C00052,137.7,Preventive maintenance,Preventive,Critical,4,5,3,2025-05-26,2025-05-28,34,77,3,Preventive,No,No,Scheduled
TMS005631,AST002623,Bridge,C00031,60.4,Sleeper damage,Sleeper Defect,High,4,3,2,2025-06-29,2025-07-08,0,94,3,Corrective,No,Yes,Scheduled
TMS005632,AST000591,Crossing,C00080,50.0,Preventive maintenance,Preventive,Medium,2,2,3,2025-06-22,2025-07-19,0,39,4,Preventive,No,Yes,Completed
TMS005633,AST001205,Bridge,C00019,62.1,Weld defect,Rail Defect,Medium,3,2,3,2025-06-21,2025-07-15,0,172,5,Preventive,No,Yes,Scheduled
TMS005634,AST005231,Weld,C00075,7.9,Drainage issue,Drainage,High,2,4,3,2025-06-28,2025-07-09,0,103,2,Corrective,Yes,No,Scheduled
TMS005635,AST003973,Ballast,C00020,60.3,Corrective maintenance,Corrective,High,3,5,3,2025-06-17,2025-06-28,3,308,5,Corrective,No,Yes,Open
TMS005636,AST001982,Bridge,C00073,47.8,Ballast deficiency,Ballast Defect,Low,4,1,2,2025-05-17,2025-06-27,0,136,2,Preventive,Yes,Yes,Completed
TMS005637,AST000624,Bridge,C00050,29.3,Weld defect,Rail Defect,Medium,2,2,2,2025-06-24,2025-07-19,0,130,2,Preventive,No,Yes,Deferred
TMS005638,AST000164,Turnout,C00033,44.8,Gauge defect,Track Geometry,High,4,3,4,2025-05-03,2025-05-14,48,164,3,Corrective,No,Yes,Scheduled
TMS005639,AST003809,Ballast,C00042,17.4,Scheduled inspection,Inspection,High,2,4,2,2025-06-30,2025-07-11,0,89,3,Inspection,No,No,Open
TMS005640,AST005239,Bridge,C00091,55.0,Gauge defect,Track Geometry,Medium,3,3,1,2025-06-23,2025-07-10,0,68,4,Preventive,No,Yes,Completed
TMS005641,AST000433,Ballast,C00087,109.6,Gauge defect,Track Geometry,Critical,2,4,2,2025-05-09,2025-05-12,50,200,4,Corrective,No,Yes,Open
TMS005642,AST005200,Weld,C00007,124.7,Weld defect,Rail Defect,Low,1,2,1,2025-05-12,2025-06-29,2,171,3,Preventive,No,Yes,In Progress
TMS005643,AST001196,Rail,C00091,137.8,Corrective maintenance,Corrective,Low,3,2,1,2025-05-16,2025-07-01,0,269,3,Corrective,No,Yes,Open
TMS005644,AST000903,Weld,C00088,95.0,Rail crack,Rail Defect,High,2,3,2,2025-06-16,2025-06-24,7,227,3,Corrective,No,Yes,Open
TMS005645,AST000197,Turnout,C00055,52.1,Corrective maintenance,Corrective,Critical,3,5,3,2025-06-27,2025-07-03,0,324,5,Corrective,No,Yes,Scheduled
TMS005646,AST000994,Track,C00078,64.7,Rail wear,Rail Defect,Medium,2,3,3,2025-06-22,2025-07-14,0,120,5,Preventive,No,Yes,Open
TMS005647,AST003914,Rail,C00085,25.9,Track geometry defect,Track Geometry,Medium,5,2,2,2025-06-26,2025-07-19,0,242,6,Preventive,Yes,Yes,Open
TMS005648,AST000065,Ballast,C00049,75.7,Ballast deficiency,Ballast Defect,Low,2,2,1,2025-05-19,2025-07-04,0,188,2,Preventive,Yes,Yes,In Progress
TMS005649,AST000745,Switch,C00031,17.5,Scheduled inspection,Inspection,Medium,3,3,3,2025-06-21,2025-07-11,0,42,4,Inspection,No,No,Open
TMS005650,AST004480,Ballast,C00006,13.0,Drainage issue,Drainage,High,5,4,2,2025-06-30,2025-07-09,0,161,5,Corrective,Yes,Yes,Completed
TMS005651,AST003071,Turnout,C00068,69.3,Sleeper damage,Sleeper Defect,Low,3,2,2,2025-06-29,2025-08-03,0,101,3,Preventive,No,Yes,Completed
TMS005652,AST005246,Rail,C00096,2.9,Turnout wear,Turnout/Switch Defect,Critical,4,4,5,2025-06-24,2025-06-29,2,306,4,Corrective,No,Yes,Open
TMS005653,AST002436,Bridge,C00018,65.7,Gauge defect,Track Geometry,Low,2,1,2,2025-02-01,2025-03-18,105,200,4,Preventive,No,Yes,In Progress
TMS005654,AST000832,Weld,C00068,70.7,Turnout wear,Turnout/Switch Defect,High,4,3,2,2025-06-11,2025-06-20,0,201,3,Corrective,No,Yes,Completed
TMS005655,AST002454,Bridge,C00039,3.0,Alignment defect,Track Geometry,Low,3,1,1,2025-06-13,2025-08-02,0,300,5,Preventive,Yes,Yes,Completed
TMS005656,AST004598,Track,C00094,9.7,Corrective maintenance,Corrective,Critical,4,4,3,2025-06-22,2025-06-27,0,305,3,Corrective,No,Yes,Completed
TMS005657,AST003911,Sleeper,C00040,40.6,Sleeper damage,Sleeper Defect,Low,2,2,2,2025-04-27,2025-05-28,34,74,2,Preventive,No,Yes,Open
TMS005658,AST003596,Ballast,C00098,3.6,Scheduled inspection,Inspection,High,4,4,4,2025-02-13,2025-02-26,125,129,2,Inspection,No,Yes,Open
TMS005659,AST000592,Bridge,C00057,98.2,Gauge defect,Track Geometry,Low,1,2,3,2025-03-16,2025-04-22,0,136,2,Preventive,No,Yes,Completed
TMS005660,AST000170,Switch,C00045,91.0,Turnout wear,Turnout/Switch Defect,Critical,3,4,2,2025-05-23,2025-05-28,34,266,5,Corrective,No,Yes,Open
TMS005661,AST001816,Rail,C00018,67.3,Rail crack,Rail Defect,Medium,2,2,2,2025-06-19,2025-07-13,0,228,6,Preventive,Yes,Yes,In Progress
TMS005662,AST004258,Bridge,C00021,125.4,Alignment defect,Track Geometry,Medium,2,3,2,2025-05-28,2025-06-16,0,171,3,Preventive,Yes,Yes,Completed
TMS005663,AST005052,Rail,C00073,9.0,Gauge defect,Track Geometry,High,3,3,2,2025-05-30,2025-06-11,20,262,4,Corrective,No,Yes,In Progress
TMS005664,AST004738,Weld,C00043,6.6,Gauge defect,Track Geometry,High,4,4,2,2025-02-23,2025-03-06,0,153,3,Corrective,No,Yes,Completed
TMS005665,AST000134,Ballast,C00062,26.7,Corrective maintenance,Corrective,High,3,3,3,2025-05-31,2025-06-12,19,239,4,Corrective,No,Yes,In Progress
TMS005666,AST000252,Track,C00096,32.7,Turnout wear,Turnout/Switch Defect,Low,2,3,1,2025-05-17,2025-06-24,7,177,6,Preventive,No,Yes,Open
TMS005667,AST000695,Bridge,C00045,138.1,Track geometry defect,Track Geometry,Medium,4,2,3,2025-06-11,2025-07-01,0,223,6,Preventive,Yes,Yes,In Progress
TMS005668,AST004406,Crossing,C00082,14.5,Rail crack,Rail Defect,Low,4,3,1,2025-05-07,2025-06-23,8,191,2,Preventive,Yes,Yes,Scheduled
TMS005669,AST001829,Track,C00042,45.2,Weld defect,Rail Defect,Low,2,2,2,2025-05-02,2025-06-06,25,68,3,Preventive,No,Yes,Open
TMS005670,AST005124,Bridge,C00097,3.7,Sleeper damage,Sleeper Defect,Medium,4,2,2,2025-05-04,2025-06-03,28,86,3,Preventive,No,Yes,Open
TMS005671,AST001359,Turnout,C00070,3.7,Alignment defect,Track Geometry,High,2,3,3,2025-05-28,2025-06-08,23,265,4,Corrective,Yes,Yes,In Progress
TMS005672,AST001245,Rail,C00023,5.7,Track geometry defect,Track Geometry,High,2,3,3,2025-05-22,2025-05-30,32,129,3,Corrective,Yes,Yes,Open
TMS005673,AST003078,Ballast,C00076,112.6,Gauge defect,Track Geometry,Critical,4,5,4,2025-06-12,2025-06-17,0,109,3,Corrective,No,Yes,Completed
TMS005674,AST004194,Crossing,C00100,3.7,Track geometry defect,Track Geometry,Low,2,1,2,2025-06-21,2025-08-01,0,269,5,Preventive,Yes,Yes,Completed
TMS005675,AST005195,Rail,C00098,2.3,Drainage issue,Drainage,High,3,4,4,2025-06-13,2025-06-23,8,109,2,Corrective,No,Yes,Open
TMS005676,AST003324,Weld,C00070,1.8,Weld defect,Rail Defect,High,3,4,3,2025-06-24,2025-07-05,0,205,2,Corrective,No,Yes,Open
TMS005677,AST004849,Rail,C00033,10.9,Drainage issue,Drainage,Low,2,2,1,2025-06-14,2025-07-25,0,47,3,Preventive,Yes,Yes,Scheduled
TMS005678,AST004524,Crossing,C00086,98.6,Rail crack,Rail Defect,Medium,2,3,2,2025-04-29,2025-05-27,35,157,4,Preventive,Yes,Yes,In Progress
TMS005679,AST000681,Sleeper,C00015,73.9,Drainage issue,Drainage,Critical,5,4,3,2025-05-19,2025-05-23,39,129,4,Corrective,Yes,No,Scheduled
TMS005680,AST004826,Turnout,C00023,19.0,Sleeper damage,Sleeper Defect,Medium,3,2,1,2025-06-22,2025-07-16,0,61,4,Preventive,Yes,Yes,Open
TMS005681,AST001196,Rail,C00091,137.8,Turnout wear,Turnout/Switch Defect,Low,4,2,2,2025-02-25,2025-04-17,75,209,3,Preventive,No,Yes,Open
TMS005682,AST002473,Bridge,C00038,149.2,Scheduled inspection,Inspection,Low,2,1,1,2025-02-26,2025-04-11,0,64,2,Inspection,No,Yes,Completed
TMS005683,AST003365,Crossing,C00088,89.6,Alignment defect,Track Geometry,Low,2,1,1,2025-04-03,2025-05-26,0,143,4,Preventive,No,No,Completed
TMS005684,AST002275,Ballast,C00081,28.8,Gauge defect,Track Geometry,Medium,2,3,2,2025-06-29,2025-07-23,0,93,4,Preventive,No,Yes,Scheduled
TMS005685,AST004420,Weld,C00028,75.5,Alignment defect,Track Geometry,Critical,5,5,4,2025-02-23,2025-02-26,125,294,3,Corrective,No,Yes,Open
TMS005686,AST004290,Sleeper,C00097,10.9,Scheduled inspection,Inspection,Critical,3,5,3,2025-05-22,2025-05-26,36,132,2,Inspection,No,Yes,Open
TMS005687,AST003355,Track,C00046,15.1,Scheduled inspection,Inspection,Medium,4,2,2,2025-05-13,2025-06-07,24,71,2,Inspection,No,No,Open
TMS005688,AST001537,Bridge,C00040,13.0,Rail wear,Rail Defect,Low,2,1,2,2025-06-28,2025-08-18,0,159,3,Preventive,No,Yes,Completed
TMS005689,AST000751,Rail,C00009,28.8,Sleeper damage,Sleeper Defect,Low,4,1,2,2025-02-07,2025-03-26,0,69,3,Preventive,No,Yes,Completed
TMS005690,AST004061,Sleeper,C00033,77.8,Alignment defect,Track Geometry,Low,3,2,3,2025-02-06,2025-03-07,0,222,5,Preventive,Yes,Yes,Completed
TMS005691,AST001475,Crossing,C00068,89.9,Gauge defect,Track Geometry,Medium,2,2,1,2025-05-03,2025-05-26,36,263,5,Preventive,No,Yes,Open
TMS005692,AST002438,Rail,C00095,3.2,Corrective maintenance,Corrective,Low,3,2,2,2025-03-04,2025-04-19,73,261,3,Corrective,No,Yes,Open
TMS005693,AST000849,Ballast,C00067,7.0,Rail wear,Rail Defect,Medium,2,1,2,2025-06-26,2025-07-18,0,121,3,Preventive,No,Yes,Deferred
TMS005694,AST001677,Bridge,C00075,45.6,Corrective maintenance,Corrective,Low,2,2,1,2025-05-23,2025-06-29,0,193,4,Corrective,No,Yes,Completed
TMS005695,AST000369,Weld,C00016,55.5,Corrective maintenance,Corrective,Critical,3,4,4,2025-06-30,2025-07-05,0,305,5,Corrective,No,No,Scheduled
TMS005696,AST001890,Turnout,C00002,6.1,Weld defect,Rail Defect,Low,2,1,2,2025-06-01,2025-07-13,0,127,2,Preventive,No,Yes,In Progress
TMS005697,AST001281,Bridge,C00035,64.5,Scheduled inspection,Inspection,Medium,3,2,3,2025-05-16,2025-06-07,24,73,2,Inspection,No,Yes,Open
TMS005698,AST003477,Switch,C00082,126.9,Rail crack,Rail Defect,Critical,4,4,3,2025-05-11,2025-05-16,46,139,2,Corrective,Yes,Yes,Scheduled
TMS005699,AST000667,Sleeper,C00038,168.0,Rail wear,Rail Defect,High,3,3,2,2025-05-29,2025-06-07,0,123,2,Corrective,Yes,Yes,Completed
TMS005700,AST004779,Crossing,C00048,75.5,Drainage issue,Drainage,Low,2,1,1,2025-06-11,2025-07-29,0,75,1,Preventive,Yes,Yes,Open
TMS005701,AST002732,Bridge,C00036,18.3,Corrective maintenance,Corrective,Low,2,2,2,2025-06-18,2025-08-05,0,157,4,Corrective,No,Yes,Scheduled
TMS005702,AST000512,Rail,C00060,44.9,Scheduled inspection,Inspection,High,3,4,3,2025-06-19,2025-06-28,0,54,2,Inspection,No,Yes,Completed
TMS005703,AST003226,Bridge,C00011,196.0,Rail crack,Rail Defect,High,4,3,2,2025-06-14,2025-06-28,3,189,2,Corrective,Yes,No,Open
TMS005704,AST004814,Rail,C00083,27.3,Ballast deficiency,Ballast Defect,Low,4,1,1,2025-02-12,2025-03-21,102,106,4,Preventive,Yes,Yes,Deferred
TMS005705,AST004919,Sleeper,C00013,61.1,Drainage issue,Drainage,High,3,4,1,2025-03-17,2025-03-24,0,114,2,Corrective,No,Yes,Completed
TMS005706,AST000642,Rail,C00024,12.4,Rail wear,Rail Defect,High,4,4,3,2025-04-12,2025-04-19,0,220,3,Corrective,No,Yes,Completed
TMS005707,AST004948,Rail,C00047,48.2,Gauge defect,Track Geometry,Critical,4,5,5,2025-03-22,2025-03-28,95,297,3,Corrective,No,Yes,Open
TMS005708,AST005235,Sleeper,C00009,73.8,Gauge defect,Track Geometry,Medium,1,3,2,2025-05-10,2025-05-31,31,180,3,Preventive,No,Yes,Open
TMS005709,AST001097,Turnout,C00088,54.2,Ballast deficiency,Ballast Defect,Medium,4,3,3,2025-06-13,2025-06-29,2,107,3,Preventive,Yes,Yes,Open
TMS005710,AST003313,Ballast,C00008,82.3,Weld defect,Rail Defect,High,4,3,4,2025-03-15,2025-03-26,97,125,3,Corrective,No,Yes,Scheduled
TMS005711,AST003886,Crossing,C00065,38.9,Turnout wear,Turnout/Switch Defect,Medium,3,3,2,2025-06-18,2025-07-11,0,204,2,Preventive,Yes,Yes,In Progress
TMS005712,AST001811,Ballast,C00048,122.7,Turnout wear,Turnout/Switch Defect,Low,4,2,1,2025-06-13,2025-08-01,0,271,5,Preventive,No,Yes,Completed
TMS005713,AST004920,Switch,C00060,28.8,Scheduled inspection,Inspection,Medium,5,3,3,2025-05-15,2025-06-08,23,115,2,Inspection,Yes,No,Open
TMS005714,AST001317,Track,C00064,2.2,Drainage issue,Drainage,Low,3,2,2,2025-05-07,2025-07-04,0,94,1,Preventive,Yes,Yes,In Progress
TMS005715,AST001675,Turnout,C00019,131.8,Weld defect,Rail Defect,Low,4,1,2,2025-02-10,2025-03-19,104,109,4,Preventive,No,No,Scheduled
TMS005716,AST001527,Sleeper,C00085,114.7,Drainage issue,Drainage,High,2,2,1,2025-05-30,2025-06-07,0,99,4,Corrective,Yes,Yes,Completed
TMS005717,AST002634,Turnout,C00043,17.9,Alignment defect,Track Geometry,Low,2,1,2,2025-02-21,2025-04-17,75,245,4,Preventive,Yes,Yes,Scheduled
TMS005718,AST001181,Track,C00025,88.1,Drainage issue,Drainage,Low,3,1,2,2025-06-18,2025-08-05,0,100,4,Preventive,Yes,Yes,Deferred
TMS005719,AST003891,Track,C00047,40.5,Sleeper damage,Sleeper Defect,Medium,3,3,2,2025-06-19,2025-07-11,0,71,4,Preventive,No,Yes,Open
TMS005720,AST000158,Track,C00051,7.3,Track geometry defect,Track Geometry,Low,2,2,1,2025-05-22,2025-07-06,0,166,4,Preventive,Yes,Yes,In Progress
TMS005721,AST003626,Sleeper,C00072,8.1,Sleeper damage,Sleeper Defect,Low,3,1,1,2025-06-29,2025-08-12,0,40,2,Preventive,No,Yes,Completed
TMS005722,AST003124,Rail,C00061,31.6,Scheduled inspection,Inspection,Low,2,2,1,2025-06-25,2025-07-28,0,66,5,Inspection,No,No,Open
TMS005723,AST002152,Turnout,C00099,0.1,Scheduled inspection,Inspection,Low,2,2,2,2025-05-19,2025-07-03,0,47,2,Inspection,No,Yes,Scheduled
TMS005724,AST000244,Track,C00066,30.7,Gauge defect,Track Geometry,Medium,3,3,2,2025-06-12,2025-07-05,0,156,3,Preventive,No,Yes,Open
TMS005725,AST001444,Turnout,C00046,22.6,Drainage issue,Drainage,Medium,3,3,2,2025-04-05,2025-04-23,69,90,2,Preventive,Yes,Yes,Scheduled
TMS005726,AST002881,Bridge,C00013,131.3,Drainage issue,Drainage,Medium,3,2,1,2025-06-27,2025-07-14,0,110,2,Preventive,Yes,Yes,Open
TMS005727,AST004166,Rail,C00048,48.4,Drainage issue,Drainage,Low,4,1,1,2025-06-11,2025-07-17,0,111,4,Preventive,Yes,Yes,Completed
TMS005728,AST004564,Rail,C00064,68.1,Turnout wear,Turnout/Switch Defect,Critical,4,4,3,2025-02-20,2025-02-25,0,325,6,Corrective,No,Yes,Completed
TMS005729,AST004478,Bridge,C00055,67.3,Gauge defect,Track Geometry,Low,2,3,1,2025-02-27,2025-04-04,88,172,3,Preventive,No,Yes,Open
TMS005730,AST003404,Track,C00038,177.2,Track geometry defect,Track Geometry,High,3,4,2,2025-05-31,2025-06-06,25,204,5,Corrective,Yes,Yes,In Progress
TMS005731,AST002916,Track,C00092,47.3,Scheduled inspection,Inspection,Critical,4,4,4,2025-05-05,2025-05-08,0,88,3,Inspection,No,No,Completed
TMS005732,AST004074,Crossing,C00076,42.4,Alignment defect,Track Geometry,Low,2,2,1,2025-03-21,2025-05-19,43,213,3,Preventive,Yes,Yes,Open
TMS005733,AST003496,Track,C00025,110.1,Preventive maintenance,Preventive,Medium,2,3,1,2025-06-21,2025-07-14,0,79,4,Preventive,No,Yes,Open
TMS005734,AST005056,Bridge,C00055,71.0,Alignment defect,Track Geometry,Low,1,2,1,2025-05-15,2025-06-17,14,90,2,Preventive,Yes,Yes,Open
TMS005735,AST002068,Weld,C00087,41.7,Scheduled inspection,Inspection,Medium,1,3,1,2025-06-22,2025-07-14,0,49,2,Inspection,No,No,Open
TMS005736,AST001779,Crossing,C00005,0.4,Alignment defect,Track Geometry,Critical,4,5,5,2025-06-10,2025-06-14,17,201,1,Corrective,Yes,Yes,Open
TMS005737,AST000045,Ballast,C00094,10.0,Preventive maintenance,Preventive,Critical,4,5,4,2025-02-28,2025-03-04,119,86,2,Preventive,No,Yes,Open
TMS005738,AST001004,Ballast,C00058,50.1,Sleeper damage,Sleeper Defect,Low,2,1,2,2025-06-23,2025-08-09,0,104,2,Preventive,No,Yes,In Progress
TMS005739,AST004455,Ballast,C00096,77.7,Gauge defect,Track Geometry,Low,3,1,1,2025-03-04,2025-04-09,0,214,4,Preventive,No,Yes,Completed
TMS005740,AST004589,Weld,C00035,19.0,Track geometry defect,Track Geometry,High,4,3,3,2025-03-09,2025-03-19,104,153,2,Corrective,Yes,Yes,Deferred
TMS005741,AST003442,Switch,C00028,95.9,Sleeper damage,Sleeper Defect,Critical,4,5,4,2025-06-11,2025-06-16,15,190,4,Corrective,No,No,Scheduled
TMS005742,AST004660,Track,C00009,73.4,Drainage issue,Drainage,High,4,3,2,2025-06-12,2025-06-24,0,156,3,Corrective,Yes,Yes,Completed
TMS005743,AST002364,Track,C00059,107.7,Ballast deficiency,Ballast Defect,Medium,4,3,2,2025-06-14,2025-07-07,0,118,3,Preventive,No,Yes,Completed
TMS005744,AST000630,Turnout,C00078,51.1,Rail crack,Rail Defect,Critical,3,5,4,2025-05-24,2025-05-27,35,250,2,Corrective,No,No,Scheduled
TMS005745,AST001878,Switch,C00032,3.7,Ballast deficiency,Ballast Defect,High,4,5,2,2025-06-18,2025-06-28,3,177,4,Corrective,Yes,Yes,Open
TMS005746,AST000494,Crossing,C00085,33.2,Track geometry defect,Track Geometry,Medium,3,3,1,2025-04-27,2025-05-12,0,157,2,Preventive,Yes,Yes,Completed
TMS005747,AST000880,Crossing,C00014,99.8,Weld defect,Rail Defect,Low,1,2,1,2025-04-28,2025-06-16,15,109,2,Preventive,No,Yes,Scheduled
TMS005748,AST002967,Rail,C00081,5.6,Sleeper damage,Sleeper Defect,High,2,3,3,2025-06-23,2025-07-03,0,86,3,Corrective,No,Yes,Open
TMS005749,AST000762,Sleeper,C00011,275.2,Turnout wear,Turnout/Switch Defect,Low,3,3,2,2025-06-21,2025-08-07,0,248,4,Preventive,No,Yes,Open
TMS005750,AST002741,Crossing,C00088,90.6,Turnout wear,Turnout/Switch Defect,Low,3,2,2,2025-05-04,2025-06-07,24,306,4,Preventive,No,Yes,Open
TMS005751,AST002381,Sleeper,C00039,10.6,Track geometry defect,Track Geometry,Medium,2,1,2,2025-06-01,2025-06-18,13,198,3,Preventive,No,Yes,Scheduled
TMS005752,AST002256,Weld,C00036,28.9,Corrective maintenance,Corrective,High,3,3,3,2025-06-27,2025-07-05,0,224,4,Corrective,No,Yes,Open
TMS005753,AST000711,Bridge,C00012,7.4,Turnout wear,Turnout/Switch Defect,Low,2,1,2,2025-05-26,2025-06-26,5,229,4,Preventive,No,Yes,In Progress
TMS005754,AST004223,Rail,C00031,85.3,Rail wear,Rail Defect,Critical,4,3,4,2025-05-25,2025-05-30,32,187,3,Corrective,No,Yes,Scheduled
TMS005755,AST004509,Rail,C00012,96.2,Rail wear,Rail Defect,Medium,2,3,2,2025-02-15,2025-03-12,111,127,2,Preventive,No,Yes,Open
TMS005756,AST001142,Switch,C00028,135.6,Rail crack,Rail Defect,Low,2,2,2,2025-06-28,2025-08-03,0,255,4,Preventive,No,Yes,In Progress
TMS005757,AST000733,Sleeper,C00062,41.8,Scheduled inspection,Inspection,Medium,2,2,3,2025-05-07,2025-05-29,33,56,2,Inspection,No,No,Open
TMS005758,AST000985,Rail,C00093,7.9,Alignment defect,Track Geometry,High,4,4,3,2025-05-10,2025-05-21,41,163,3,Corrective,Yes,Yes,Open
TMS005759,AST004027,Turnout,C00007,159.6,Corrective maintenance,Corrective,Medium,1,2,2,2025-04-25,2025-05-14,0,236,4,Corrective,No,Yes,Completed
TMS005760,AST002964,Bridge,C00029,89.3,Turnout wear,Turnout/Switch Defect,High,3,3,3,2025-06-26,2025-07-06,0,241,4,Corrective,No,Yes,Scheduled
TMS005761,AST002080,Bridge,C00080,74.5,Track geometry defect,Track Geometry,Medium,3,3,2,2025-02-25,2025-03-19,104,227,4,Preventive,Yes,Yes,Open
TMS005762,AST001650,Turnout,C00052,197.8,Corrective maintenance,Corrective,Medium,4,3,1,2025-06-20,2025-07-09,0,144,3,Corrective,No,Yes,Open
TMS005763,AST004834,Sleeper,C00001,77.6,Weld defect,Rail Defect,Low,2,2,2,2025-06-16,2025-07-21,0,129,3,Preventive,No,Yes,In Progress
TMS005764,AST001419,Rail,C00008,111.9,Drainage issue,Drainage,High,3,4,2,2025-05-05,2025-05-13,49,135,4,Corrective,Yes,Yes,Scheduled
TMS005765,AST003236,Turnout,C00004,127.0,Rail wear,Rail Defect,Medium,3,2,2,2025-06-24,2025-07-19,0,201,3,Preventive,No,Yes,Scheduled
TMS005766,AST004858,Bridge,C00063,69.1,Preventive maintenance,Preventive,High,3,4,2,2025-06-24,2025-07-07,0,69,4,Preventive,No,Yes,Completed
TMS005767,AST001593,Crossing,C00085,2.2,Drainage issue,Drainage,Low,2,2,1,2025-05-23,2025-07-01,0,137,2,Preventive,Yes,No,In Progress
TMS005768,AST003294,Switch,C00033,34.9,Sleeper damage,Sleeper Defect,Medium,2,3,3,2025-06-14,2025-07-07,0,153,4,Preventive,No,Yes,Open
TMS005769,AST002722,Bridge,C00017,4.0,Turnout wear,Turnout/Switch Defect,Medium,4,2,1,2025-06-14,2025-07-06,0,229,3,Preventive,No,Yes,Scheduled
TMS005770,AST000669,Turnout,C00042,59.8,Scheduled inspection,Inspection,Medium,1,2,3,2025-03-11,2025-03-27,0,77,2,Inspection,Yes,No,Completed
TMS005771,AST001537,Bridge,C00040,13.0,Turnout wear,Turnout/Switch Defect,Low,3,2,2,2025-04-21,2025-06-08,23,210,4,Preventive,Yes,Yes,Open
TMS005772,AST002801,Bridge,C00063,28.0,Turnout wear,Turnout/Switch Defect,Low,2,2,1,2025-04-01,2025-05-20,42,249,5,Preventive,No,Yes,In Progress
TMS005773,AST002951,Bridge,C00034,16.2,Ballast deficiency,Ballast Defect,Low,2,2,4,2025-05-13,2025-06-15,16,124,3,Preventive,No,Yes,Scheduled
TMS005774,AST000087,Bridge,C00097,20.6,Rail wear,Rail Defect,High,2,4,2,2025-06-17,2025-06-28,3,97,3,Corrective,No,Yes,In Progress
TMS005775,AST002807,Turnout,C00059,24.9,Drainage issue,Drainage,High,3,5,3,2025-05-31,2025-06-10,21,101,3,Corrective,Yes,No,In Progress
TMS005776,AST002764,Turnout,C00019,116.8,Rail crack,Rail Defect,Medium,4,1,1,2025-06-21,2025-07-09,0,228,4,Preventive,Yes,No,Completed
TMS005777,AST001019,Sleeper,C00003,12.2,Sleeper damage,Sleeper Defect,Low,3,2,2,2025-06-24,2025-08-07,0,86,2,Preventive,No,Yes,Open
TMS005778,AST001025,Turnout,C00080,6.6,Preventive maintenance,Preventive,Low,3,1,1,2025-06-30,2025-08-08,0,97,1,Preventive,No,Yes,Deferred
TMS005779,AST001673,Track,C00095,29.6,Alignment defect,Track Geometry,Medium,4,3,2,2025-05-21,2025-06-13,18,133,2,Preventive,Yes,No,Open
TMS005780,AST001953,Turnout,C00039,18.5,Drainage issue,Drainage,Medium,2,2,2,2025-06-04,2025-06-27,4,138,2,Preventive,Yes,Yes,Open
TMS005781,AST000867,Turnout,C00024,20.4,Weld defect,Rail Defect,Medium,4,3,1,2025-05-15,2025-06-02,0,46,3,Preventive,No,Yes,Completed
TMS005782,AST003939,Track,C00047,37.0,Alignment defect,Track Geometry,Medium,3,2,3,2025-06-23,2025-07-18,0,245,3,Preventive,Yes,Yes,In Progress
TMS005783,AST003752,Ballast,C00085,108.6,Preventive maintenance,Preventive,Low,2,1,2,2025-05-26,2025-07-16,0,45,3,Preventive,No,Yes,Open
TMS005784,AST003643,Weld,C00025,395.0,Preventive maintenance,Preventive,Low,2,2,2,2025-04-29,2025-06-09,22,63,4,Preventive,No,Yes,Open
TMS005785,AST002493,Crossing,C00030,20.1,Gauge defect,Track Geometry,High,4,3,3,2025-06-12,2025-06-20,11,144,2,Corrective,Yes,Yes,Open
TMS005786,AST002294,Weld,C00054,39.1,Gauge defect,Track Geometry,Medium,3,2,3,2025-06-04,2025-06-24,0,173,2,Preventive,No,Yes,Completed
TMS005787,AST002314,Track,C00027,77.6,Rail crack,Rail Defect,Low,2,1,1,2025-05-18,2025-07-04,0,243,5,Preventive,Yes,Yes,Completed
TMS005788,AST002931,Rail,C00070,6.5,Sleeper damage,Sleeper Defect,Low,2,2,1,2025-06-25,2025-08-11,0,80,4,Preventive,No,Yes,Open
TMS005789,AST002310,Rail,C00092,4.0,Gauge defect,Track Geometry,Medium,2,2,2,2025-05-22,2025-06-13,18,173,3,Preventive,No,Yes,In Progress
TMS005790,AST003507,Turnout,C00016,18.5,Sleeper damage,Sleeper Defect,Medium,3,3,2,2025-06-24,2025-07-13,0,117,2,Preventive,No,Yes,In Progress
TMS005791,AST000921,Weld,C00044,38.4,Weld defect,Rail Defect,Low,2,1,1,2025-06-14,2025-08-06,0,141,5,Preventive,No,Yes,In Progress
TMS005792,AST000966,Bridge,C00087,177.7,Preventive maintenance,Preventive,High,3,3,3,2025-05-24,2025-06-05,26,57,2,Preventive,No,Yes,Open
TMS005793,AST001884,Ballast,C00083,96.2,Turnout wear,Turnout/Switch Defect,Low,1,2,1,2025-06-20,2025-08-09,0,214,3,Preventive,No,Yes,Open
TMS005794,AST004190,Sleeper,C00019,74.6,Rail wear,Rail Defect,High,5,3,3,2025-03-30,2025-04-10,82,140,2,Corrective,No,Yes,In Progress
TMS005795,AST000214,Switch,C00027,17.3,Gauge defect,Track Geometry,Medium,4,3,3,2025-06-29,2025-07-21,0,175,2,Preventive,No,Yes,Open
TMS005796,AST001901,Switch,C00086,244.1,Preventive maintenance,Preventive,Medium,2,3,2,2025-06-15,2025-07-09,0,44,4,Preventive,No,Yes,Deferred
TMS005797,AST002102,Switch,C00093,82.1,Rail crack,Rail Defect,Low,3,2,1,2025-06-30,2025-08-15,0,204,5,Preventive,Yes,Yes,Open
TMS005798,AST000694,Rail,C00063,49.7,Ballast deficiency,Ballast Defect,Medium,2,3,1,2025-04-24,2025-05-18,44,233,4,Preventive,Yes,Yes,Open
TMS005799,AST004002,Turnout,C00057,74.9,Rail crack,Rail Defect,Low,1,1,1,2025-03-03,2025-04-04,88,193,1,Preventive,Yes,Yes,Open
TMS005800,AST000338,Crossing,C00066,0.2,Preventive maintenance,Preventive,Critical,5,4,3,2025-03-06,2025-03-10,113,76,2,Preventive,No,Yes,Open
TMS005801,AST003945,Track,C00075,94.4,Rail crack,Rail Defect,Low,3,2,1,2025-05-14,2025-06-19,0,117,3,Preventive,No,Yes,Completed
TMS005802,AST003554,Rail,C00088,96.5,Ballast deficiency,Ballast Defect,Low,3,1,1,2025-05-04,2025-06-02,29,150,4,Preventive,No,Yes,In Progress
TMS005803,AST000425,Crossing,C00095,51.7,Drainage issue,Drainage,Low,1,2,2,2025-05-29,2025-07-11,0,90,3,Preventive,Yes,Yes,Scheduled
TMS005804,AST003368,Ballast,C00057,105.9,Rail wear,Rail Defect,Medium,2,3,1,2025-02-16,2025-03-09,114,142,4,Preventive,No,Yes,Scheduled
TMS005805,AST002471,Track,C00076,44.3,Alignment defect,Track Geometry,Low,3,1,2,2025-03-26,2025-05-17,45,217,4,Preventive,No,Yes,Open
TMS005806,AST005074,Switch,C00073,19.8,Sleeper damage,Sleeper Defect,Critical,4,4,4,2025-06-02,2025-06-05,26,74,2,Corrective,No,Yes,Open
TMS005807,AST000680,Switch,C00015,69.3,Track geometry defect,Track Geometry,Low,2,2,1,2025-06-25,2025-08-12,0,181,2,Preventive,Yes,Yes,Scheduled
TMS005808,AST002948,Ballast,C00093,56.4,Rail crack,Rail Defect,High,4,4,3,2025-06-10,2025-06-19,0,268,5,Corrective,Yes,Yes,Completed
TMS005809,AST003738,Rail,C00057,129.2,Scheduled inspection,Inspection,Medium,4,3,1,2025-03-12,2025-03-29,0,103,4,Inspection,No,No,Completed
TMS005810,AST002919,Rail,C00050,52.4,Drainage issue,Drainage,Medium,4,3,1,2025-06-15,2025-07-04,0,128,3,Preventive,Yes,Yes,Scheduled
TMS005811,AST003727,Rail,C00036,48.7,Sleeper damage,Sleeper Defect,Medium,3,2,1,2025-05-17,2025-06-13,18,165,5,Preventive,No,Yes,In Progress
TMS005812,AST001517,Track,C00076,77.8,Drainage issue,Drainage,Medium,2,3,1,2025-02-22,2025-03-16,107,95,2,Preventive,Yes,Yes,Open
TMS005813,AST004270,Crossing,C00094,38.3,Alignment defect,Track Geometry,Medium,2,1,2,2025-06-20,2025-07-13,0,163,4,Preventive,Yes,Yes,Open
TMS005814,AST002985,Track,C00018,53.7,Corrective maintenance,Corrective,Low,2,2,1,2025-05-19,2025-07-04,0,223,4,Corrective,No,Yes,Completed
TMS005815,AST000602,Track,C00040,56.7,Sleeper damage,Sleeper Defect,Low,1,3,1,2025-05-07,2025-06-08,23,91,3,Preventive,No,Yes,Open
TMS005816,AST002159,Crossing,C00041,3.7,Rail wear,Rail Defect,Medium,2,3,3,2025-06-27,2025-07-25,0,106,3,Preventive,No,Yes,Scheduled
TMS005817,AST002693,Ballast,C00088,65.3,Track geometry defect,Track Geometry,Medium,3,2,1,2025-06-19,2025-07-11,0,157,3,Preventive,Yes,Yes,Completed
TMS005818,AST000976,Ballast,C00038,164.2,Drainage issue,Drainage,Low,1,1,2,2025-02-04,2025-03-24,99,119,2,Preventive,Yes,Yes,Open
TMS005819,AST003843,Switch,C00033,107.5,Drainage issue,Drainage,Low,1,2,1,2025-06-19,2025-07-29,0,37,2,Preventive,Yes,Yes,Open
TMS005820,AST001251,Turnout,C00022,63.0,Drainage issue,Drainage,Low,3,2,2,2025-06-25,2025-08-07,0,83,3,Preventive,No,Yes,Open
TMS005821,AST003332,Ballast,C00092,95.2,Corrective maintenance,Corrective,Medium,2,2,3,2025-05-07,2025-05-30,32,266,5,Corrective,No,Yes,Open
TMS005822,AST004712,Bridge,C00055,16.1,Ballast deficiency,Ballast Defect,High,3,5,2,2025-06-27,2025-07-06,0,168,4,Corrective,Yes,Yes,Open
TMS005823,AST001243,Switch,C00006,6.7,Ballast deficiency,Ballast Defect,Critical,3,4,4,2025-03-27,2025-04-02,90,200,4,Corrective,Yes,Yes,Open
TMS005824,AST003760,Weld,C00053,55.1,Rail wear,Rail Defect,Critical,3,5,4,2025-05-11,2025-05-16,46,144,4,Corrective,No,Yes,Scheduled
TMS005825,AST002697,Crossing,C00023,12.7,Drainage issue,Drainage,Medium,3,2,3,2025-06-14,2025-07-13,0,192,3,Preventive,Yes,Yes,Open
TMS005826,AST002200,Weld,C00095,50.2,Corrective maintenance,Corrective,Medium,2,2,1,2025-05-25,2025-06-15,0,186,4,Corrective,No,Yes,Completed
TMS005827,AST001507,Track,C00023,9.8,Weld defect,Rail Defect,Low,2,2,2,2025-02-20,2025-03-30,93,136,3,Preventive,No,Yes,Scheduled
TMS005828,AST004665,Ballast,C00016,41.4,Rail wear,Rail Defect,Low,4,2,1,2025-06-24,2025-08-06,0,134,3,Preventive,No,Yes,Scheduled
TMS005829,AST004002,Turnout,C00057,74.9,Gauge defect,Track Geometry,Low,2,1,2,2025-04-07,2025-05-19,43,186,2,Preventive,No,Yes,Scheduled
TMS005830,AST000659,Crossing,C00040,29.6,Drainage issue,Drainage,High,3,3,3,2025-06-10,2025-06-18,0,133,4,Corrective,No,Yes,Completed
TMS005831,AST002415,Crossing,C00034,0.1,Preventive maintenance,Preventive,Low,1,2,3,2025-06-05,2025-07-16,0,55,2,Preventive,No,Yes,Completed
TMS005832,AST002545,Switch,C00024,1.1,Weld defect,Rail Defect,Critical,4,4,3,2025-03-08,2025-03-13,110,148,3,Corrective,No,Yes,Open
TMS005833,AST001880,Track,C00077,3.1,Rail wear,Rail Defect,Medium,5,3,2,2025-06-11,2025-07-03,0,171,3,Preventive,No,Yes,Open
TMS005834,AST004716,Ballast,C00086,127.5,Rail crack,Rail Defect,Low,1,1,1,2025-05-25,2025-07-03,0,66,3,Preventive,Yes,Yes,Completed
TMS005835,AST003130,Bridge,C00031,60.6,Weld defect,Rail Defect,Low,4,1,3,2025-03-08,2025-04-27,65,82,2,Preventive,Yes,Yes,Scheduled
TMS005836,AST002214,Turnout,C00075,69.6,Corrective maintenance,Corrective,High,4,2,3,2025-05-28,2025-06-07,24,262,5,Corrective,Yes,Yes,Open
TMS005837,AST002483,Ballast,C00065,35.2,Alignment defect,Track Geometry,Low,2,3,1,2025-04-11,2025-06-04,0,159,4,Preventive,Yes,Yes,Completed
TMS005838,AST002067,Track,C00030,15.8,Track geometry defect,Track Geometry,Medium,2,3,1,2025-05-13,2025-06-06,25,184,4,Preventive,Yes,Yes,Deferred
TMS005839,AST002782,Bridge,C00094,81.8,Track geometry defect,Track Geometry,Medium,4,3,2,2025-02-16,2025-03-11,0,162,4,Preventive,Yes,Yes,Completed
TMS005840,AST001471,Track,C00048,33.6,Sleeper damage,Sleeper Defect,Medium,3,3,1,2025-06-11,2025-07-04,0,34,1,Preventive,No,Yes,Open
TMS005841,AST001168,Rail,C00092,30.9,Sleeper damage,Sleeper Defect,Low,1,2,1,2025-06-19,2025-07-29,0,124,2,Preventive,Yes,No,Open
TMS005842,AST001317,Track,C00064,2.2,Corrective maintenance,Corrective,Medium,2,2,2,2025-05-12,2025-06-08,23,233,1,Corrective,No,Yes,In Progress
TMS005843,AST002342,Rail,C00024,19.6,Ballast deficiency,Ballast Defect,Critical,4,4,3,2025-02-25,2025-03-03,120,230,4,Corrective,Yes,Yes,Scheduled
TMS005844,AST003042,Weld,C00006,5.0,Corrective maintenance,Corrective,High,3,4,4,2025-06-21,2025-07-06,0,242,6,Corrective,No,Yes,Scheduled
TMS005845,AST004496,Rail,C00049,11.7,Alignment defect,Track Geometry,Medium,3,4,2,2025-06-13,2025-07-02,0,136,2,Preventive,Yes,Yes,Deferred
TMS005846,AST002285,Track,C00010,12.6,Ballast deficiency,Ballast Defect,High,4,5,3,2025-05-08,2025-05-20,0,62,2,Corrective,Yes,Yes,Completed
TMS005847,AST004323,Crossing,C00100,2.6,Weld defect,Rail Defect,High,5,4,3,2025-06-13,2025-06-22,9,158,3,Corrective,No,Yes,Open
TMS005848,AST000327,Crossing,C00074,13.2,Gauge defect,Track Geometry,Medium,3,3,2,2025-05-31,2025-06-27,4,107,2,Preventive,No,Yes,In Progress
TMS005849,AST003005,Crossing,C00076,2.2,Turnout wear,Turnout/Switch Defect,Critical,4,4,3,2025-05-05,2025-05-10,52,256,4,Corrective,No,Yes,Open
TMS005850,AST004413,Crossing,C00071,19.2,Ballast deficiency,Ballast Defect,High,2,4,1,2025-06-07,2025-06-20,11,157,2,Corrective,Yes,Yes,Open
TMS005851,AST001617,Crossing,C00005,97.0,Rail wear,Rail Defect,High,4,3,3,2025-06-19,2025-06-27,0,257,2,Corrective,No,No,Completed
TMS005852,AST001703,Bridge,C00035,105.3,Drainage issue,Drainage,Medium,3,3,2,2025-05-19,2025-06-13,0,77,2,Preventive,Yes,Yes,Completed
TMS005853,AST001099,Sleeper,C00086,72.6,Track geometry defect,Track Geometry,Low,1,2,1,2025-04-10,2025-06-02,0,259,5,Preventive,Yes,Yes,Completed
TMS005854,AST000064,Track,C00028,22.7,Ballast deficiency,Ballast Defect,Critical,3,5,4,2025-05-31,2025-06-05,26,155,4,Corrective,Yes,Yes,Scheduled
TMS005855,AST002925,Rail,C00027,72.9,Drainage issue,Drainage,Medium,3,3,2,2025-02-18,2025-03-10,113,36,4,Preventive,No,Yes,Open
TMS005856,AST000817,Sleeper,C00044,40.3,Alignment defect,Track Geometry,Medium,2,2,2,2025-06-11,2025-07-09,0,173,5,Preventive,Yes,Yes,Scheduled
TMS005857,AST004499,Sleeper,C00099,1.2,Rail wear,Rail Defect,Medium,3,1,1,2025-05-14,2025-06-07,0,121,4,Preventive,No,Yes,Completed
TMS005858,AST002913,Sleeper,C00006,12.0,Rail wear,Rail Defect,High,4,2,3,2025-05-23,2025-06-06,25,180,4,Corrective,No,Yes,Open
TMS005859,AST004681,Crossing,C00082,47.7,Weld defect,Rail Defect,Medium,3,3,2,2025-02-12,2025-02-28,123,150,3,Preventive,No,Yes,Deferred
TMS005860,AST001094,Turnout,C00060,5.5,Rail wear,Rail Defect,Low,3,3,2,2025-06-16,2025-08-08,0,164,5,Preventive,No,Yes,Open
TMS005861,AST005167,Switch,C00049,30.2,Alignment defect,Track Geometry,Medium,3,3,2,2025-06-27,2025-07-22,0,149,3,Preventive,Yes,Yes,Open
TMS005862,AST000192,Sleeper,C00050,46.3,Corrective maintenance,Corrective,Low,3,1,2,2025-06-07,2025-07-26,0,260,4,Corrective,No,Yes,Completed
TMS005863,AST002527,Rail,C00078,49.5,Corrective maintenance,Corrective,High,2,5,3,2025-06-26,2025-07-04,0,253,2,Corrective,No,Yes,Open
TMS005864,AST003321,Ballast,C00070,10.3,Track geometry defect,Track Geometry,Critical,3,4,4,2025-06-29,2025-07-06,0,257,4,Corrective,Yes,Yes,Open
TMS005865,AST002290,Sleeper,C00005,11.2,Alignment defect,Track Geometry,High,4,3,2,2025-06-08,2025-06-16,15,175,2,Corrective,Yes,Yes,In Progress
TMS005866,AST002536,Crossing,C00059,155.0,Preventive maintenance,Preventive,Medium,3,2,2,2025-05-16,2025-06-02,29,134,2,Preventive,No,Yes,Deferred
TMS005867,AST004691,Bridge,C00018,52.7,Ballast deficiency,Ballast Defect,Low,3,1,2,2025-06-23,2025-08-17,0,176,4,Preventive,No,Yes,Completed
TMS005868,AST002059,Crossing,C00012,95.5,Ballast deficiency,Ballast Defect,Medium,1,3,2,2025-05-07,2025-05-24,38,189,3,Preventive,Yes,Yes,In Progress
TMS005869,AST002861,Rail,C00062,12.0,Rail wear,Rail Defect,Low,2,1,2,2025-06-27,2025-08-07,0,166,3,Preventive,No,Yes,Open
TMS005870,AST001176,Rail,C00069,16.5,Ballast deficiency,Ballast Defect,Low,3,1,2,2025-06-20,2025-08-11,0,96,5,Preventive,Yes,Yes,Completed
TMS005871,AST004586,Sleeper,C00008,10.1,Rail crack,Rail Defect,High,3,4,2,2025-06-29,2025-07-12,0,232,5,Corrective,Yes,Yes,Open
TMS005872,AST000267,Ballast,C00077,57.1,Drainage issue,Drainage,Medium,2,3,2,2025-04-02,2025-04-22,70,31,2,Preventive,Yes,Yes,Open
TMS005873,AST004781,Weld,C00074,18.3,Drainage issue,Drainage,Critical,3,5,4,2025-06-19,2025-06-23,8,122,4,Corrective,Yes,Yes,Open
TMS005874,AST004518,Switch,C00092,2.2,Track geometry defect,Track Geometry,Low,2,2,1,2025-06-18,2025-07-26,0,228,5,Preventive,Yes,No,Scheduled
TMS005875,AST002064,Switch,C00046,2.4,Ballast deficiency,Ballast Defect,High,4,3,2,2025-06-23,2025-07-05,0,145,3,Corrective,Yes,Yes,Scheduled
TMS005876,AST002322,Crossing,C00016,72.9,Track geometry defect,Track Geometry,Low,3,2,2,2025-05-28,2025-07-14,0,219,3,Preventive,Yes,Yes,Completed
TMS005877,AST003949,Ballast,C00081,35.3,Turnout wear,Turnout/Switch Defect,Critical,4,5,5,2025-06-01,2025-06-05,26,258,4,Corrective,No,No,Scheduled
TMS005878,AST003740,Switch,C00045,142.1,Alignment defect,Track Geometry,Medium,4,3,2,2025-06-22,2025-07-16,0,223,4,Preventive,Yes,Yes,Scheduled
TMS005879,AST004064,Crossing,C00059,244.1,Alignment defect,Track Geometry,Low,2,1,3,2025-06-07,2025-08-05,0,120,3,Preventive,Yes,Yes,Scheduled
TMS005880,AST004989,Crossing,C00077,6.0,Ballast deficiency,Ballast Defect,Low,4,1,2,2025-04-09,2025-05-26,0,91,4,Preventive,Yes,Yes,Completed
TMS005881,AST002640,Sleeper,C00058,0.3,Drainage issue,Drainage,Low,2,2,1,2025-06-26,2025-08-18,0,160,3,Preventive,No,Yes,Scheduled
TMS005882,AST002383,Weld,C00015,154.2,Turnout wear,Turnout/Switch Defect,High,5,4,1,2025-02-01,2025-02-15,0,200,4,Corrective,No,Yes,Completed
TMS005883,AST004413,Crossing,C00071,19.2,Weld defect,Rail Defect,Medium,3,3,3,2025-05-24,2025-06-19,0,38,1,Preventive,No,Yes,Completed
TMS005884,AST003046,Track,C00011,140.5,Gauge defect,Track Geometry,High,4,3,1,2025-05-16,2025-05-27,0,182,4,Corrective,No,Yes,Completed
TMS005885,AST000044,Rail,C00099,4.8,Track geometry defect,Track Geometry,Medium,3,2,2,2025-06-20,2025-07-13,0,216,4,Preventive,Yes,Yes,Open
TMS005886,AST000915,Ballast,C00009,56.1,Rail wear,Rail Defect,Low,3,2,2,2025-05-28,2025-07-19,0,137,3,Preventive,No,Yes,Scheduled
TMS005887,AST003548,Turnout,C00068,71.7,Sleeper damage,Sleeper Defect,Low,3,1,2,2025-05-02,2025-06-15,16,203,3,Preventive,No,Yes,Open
TMS005888,AST000359,Crossing,C00002,54.7,Sleeper damage,Sleeper Defect,Medium,4,3,3,2025-06-22,2025-07-08,0,40,3,Preventive,No,Yes,Open
TMS005889,AST004821,Bridge,C00027,93.5,Drainage issue,Drainage,Medium,2,2,1,2025-06-15,2025-07-08,0,46,1,Preventive,Yes,Yes,Completed
TMS005890,AST003487,Switch,C00029,8.1,Gauge defect,Track Geometry,Medium,3,3,2,2025-03-27,2025-04-19,73,126,3,Preventive,No,Yes,Open
TMS005891,AST000108,Ballast,C00084,181.2,Rail crack,Rail Defect,Medium,2,2,1,2025-06-15,2025-07-02,0,178,5,Preventive,Yes,Yes,Open
TMS005892,AST002185,Crossing,C00057,84.0,Ballast deficiency,Ballast Defect,High,3,4,2,2025-03-15,2025-03-24,99,143,3,Corrective,Yes,No,Scheduled
TMS005893,AST005202,Sleeper,C00039,0.0,Scheduled inspection,Inspection,High,4,4,1,2025-04-01,2025-04-08,0,50,2,Inspection,No,No,Completed
TMS005894,AST004313,Rail,C00091,189.0,Scheduled inspection,Inspection,Critical,5,4,3,2025-06-15,2025-06-20,11,185,4,Inspection,No,No,Open
TMS005895,AST000924,Sleeper,C00048,88.9,Ballast deficiency,Ballast Defect,Medium,3,2,2,2025-05-14,2025-06-07,0,117,2,Preventive,Yes,Yes,Completed
TMS005896,AST001035,Turnout,C00097,20.8,Alignment defect,Track Geometry,Medium,3,2,2,2025-06-30,2025-07-23,0,209,3,Preventive,Yes,Yes,Open
TMS005897,AST001520,Ballast,C00023,26.1,Gauge defect,Track Geometry,Medium,3,2,1,2025-05-17,2025-06-08,23,131,4,Preventive,No,Yes,Open
TMS005898,AST000309,Weld,C00035,23.3,Track geometry defect,Track Geometry,Medium,2,2,2,2025-06-07,2025-07-01,0,220,2,Preventive,Yes,Yes,Completed
TMS005899,AST000087,Bridge,C00097,20.6,Weld defect,Rail Defect,Low,2,2,1,2025-06-10,2025-07-23,0,149,4,Preventive,No,Yes,In Progress
TMS005900,AST001656,Switch,C00027,11.0,Preventive maintenance,Preventive,Critical,4,5,2,2025-06-17,2025-06-22,0,45,4,Preventive,No,Yes,Completed
TMS005901,AST001098,Rail,C00093,16.5,Corrective maintenance,Corrective,Medium,2,4,3,2025-02-23,2025-03-14,109,295,5,Corrective,No,Yes,Open
TMS005902,AST004967,Weld,C00044,39.7,Rail wear,Rail Defect,Critical,5,5,2,2025-05-09,2025-05-14,48,194,3,Corrective,Yes,No,Open
TMS005903,AST003283,Sleeper,C00009,70.8,Alignment defect,Track Geometry,Medium,2,3,2,2025-05-18,2025-06-08,0,134,4,Preventive,Yes,No,Completed
TMS005904,AST001332,Crossing,C00013,114.6,Drainage issue,Drainage,Low,3,2,2,2025-05-21,2025-07-03,0,31,2,Preventive,Yes,Yes,Completed
TMS005905,AST002572,Turnout,C00012,80.4,Corrective maintenance,Corrective,Low,2,1,2,2025-06-19,2025-08-14,0,247,4,Corrective,No,Yes,Scheduled
TMS005906,AST000035,Track,C00019,12.8,Track geometry defect,Track Geometry,Critical,5,4,3,2025-04-10,2025-04-13,79,213,4,Corrective,Yes,Yes,Scheduled
TMS005907,AST003024,Weld,C00048,93.3,Track geometry defect,Track Geometry,Medium,3,2,4,2025-06-10,2025-07-02,0,214,3,Preventive,No,Yes,Completed
TMS005908,AST002023,Switch,C00093,36.2,Drainage issue,Drainage,Low,2,1,2,2025-06-28,2025-08-02,0,58,3,Preventive,No,Yes,In Progress
TMS005909,AST001811,Ballast,C00048,122.7,Scheduled inspection,Inspection,High,4,4,4,2025-03-14,2025-03-23,100,45,2,Inspection,No,No,Open
TMS005910,AST003259,Track,C00025,82.5,Rail crack,Rail Defect,Low,2,1,1,2025-06-21,2025-08-13,0,152,3,Preventive,No,Yes,In Progress
TMS005911,AST000451,Switch,C00086,86.9,Corrective maintenance,Corrective,Medium,4,2,3,2025-03-18,2025-04-12,80,312,4,Corrective,No,Yes,Scheduled
TMS005912,AST004192,Turnout,C00099,5.0,Alignment defect,Track Geometry,Medium,4,3,3,2025-05-29,2025-06-19,12,138,2,Preventive,No,Yes,Scheduled
TMS005913,AST000798,Weld,C00006,9.5,Ballast deficiency,Ballast Defect,Medium,3,2,2,2025-06-18,2025-07-11,0,100,3,Preventive,Yes,No,Scheduled
TMS005914,AST003739,Bridge,C00047,27.9,Weld defect,Rail Defect,Low,1,1,2,2025-06-28,2025-08-13,0,92,3,Preventive,No,No,Scheduled
TMS005915,AST000915,Ballast,C00009,56.1,Sleeper damage,Sleeper Defect,Medium,3,3,2,2025-06-23,2025-07-17,0,113,5,Preventive,No,Yes,Completed
TMS005916,AST000633,Weld,C00063,11.0,Corrective maintenance,Corrective,High,4,2,2,2025-04-09,2025-04-24,0,246,6,Corrective,No,Yes,Completed
TMS005917,AST000345,Turnout,C00046,18.9,Scheduled inspection,Inspection,Medium,3,3,2,2025-06-01,2025-06-24,7,63,3,Inspection,No,Yes,Open
TMS005918,AST004636,Switch,C00047,57.1,Scheduled inspection,Inspection,Medium,1,3,2,2025-06-06,2025-07-02,0,59,4,Inspection,No,No,Open
TMS005919,AST001290,Bridge,C00024,40.0,Ballast deficiency,Ballast Defect,Low,2,2,1,2025-06-13,2025-07-18,0,189,4,Preventive,No,Yes,Open
TMS005920,AST002248,Track,C00087,47.6,Scheduled inspection,Inspection,Critical,4,4,3,2025-06-27,2025-07-04,0,50,2,Inspection,No,No,Scheduled
TMS005921,AST003641,Crossing,C00001,221.9,Corrective maintenance,Corrective,High,4,3,1,2025-05-02,2025-05-14,48,325,6,Corrective,No,Yes,Open
TMS005922,AST002419,Weld,C00018,24.7,Turnout wear,Turnout/Switch Defect,High,3,3,2,2025-05-15,2025-05-23,39,182,4,Corrective,No,Yes,Open
TMS005923,AST003729,Crossing,C00092,10.0,Gauge defect,Track Geometry,Low,3,3,1,2025-03-25,2025-05-08,54,178,4,Preventive,Yes,Yes,Open
TMS005924,AST005246,Rail,C00096,2.9,Corrective maintenance,Corrective,Low,3,2,2,2025-06-03,2025-07-15,0,160,3,Corrective,No,Yes,Scheduled
TMS005925,AST004243,Switch,C00007,36.6,Preventive maintenance,Preventive,Low,2,2,2,2025-06-23,2025-08-06,0,87,2,Preventive,No,Yes,Open
TMS005926,AST001293,Track,C00009,19.8,Gauge defect,Track Geometry,Low,3,1,2,2025-06-20,2025-07-31,0,102,2,Preventive,No,Yes,Scheduled
TMS005927,AST003595,Weld,C00039,17.7,Preventive maintenance,Preventive,Critical,5,4,3,2025-06-22,2025-06-25,6,44,2,Preventive,No,Yes,In Progress
TMS005928,AST000185,Track,C00029,32.3,Rail crack,Rail Defect,Low,2,2,2,2025-06-28,2025-08-08,0,185,3,Preventive,Yes,Yes,Completed
TMS005929,AST001257,Track,C00086,126.7,Drainage issue,Drainage,High,4,5,2,2025-02-28,2025-03-10,113,50,3,Corrective,Yes,Yes,Open
TMS005930,AST002473,Bridge,C00038,149.2,Preventive maintenance,Preventive,Medium,1,3,1,2025-06-02,2025-06-29,2,108,3,Preventive,No,Yes,Open
TMS005931,AST004672,Weld,C00041,9.6,Scheduled inspection,Inspection,High,4,3,3,2025-05-31,2025-06-12,0,88,4,Inspection,No,No,Completed
TMS005932,AST003763,Track,C00069,213.4,Weld defect,Rail Defect,Medium,2,2,2,2025-06-23,2025-07-20,0,113,3,Preventive,No,Yes,Open
TMS005933,AST005169,Switch,C00029,23.8,Alignment defect,Track Geometry,Medium,3,3,3,2025-02-13,2025-03-05,118,205,5,Preventive,Yes,Yes,In Progress
TMS005934,AST001145,Switch,C00060,1.4,Alignment defect,Track Geometry,High,3,5,1,2025-06-09,2025-06-20,0,193,3,Corrective,Yes,Yes,Completed
TMS005935,AST004198,Sleeper,C00019,150.1,Sleeper damage,Sleeper Defect,Low,2,1,2,2025-04-21,2025-05-23,0,124,3,Preventive,No,Yes,Completed
TMS005936,AST003941,Ballast,C00001,246.5,Weld defect,Rail Defect,Low,4,1,1,2025-06-29,2025-08-15,0,74,4,Preventive,No,Yes,Open
TMS005937,AST002852,Switch,C00011,195.2,Gauge defect,Track Geometry,Medium,3,3,1,2025-05-21,2025-06-04,27,142,5,Preventive,No,No,Scheduled
TMS005938,AST004688,Ballast,C00052,203.5,Turnout wear,Turnout/Switch Defect,Low,1,3,1,2025-06-22,2025-08-14,0,207,3,Preventive,No,Yes,Open
TMS005939,AST000317,Track,C00002,102.1,Ballast deficiency,Ballast Defect,High,4,5,3,2025-06-27,2025-07-08,0,211,2,Corrective,Yes,Yes,Deferred
TMS005940,AST001779,Crossing,C00005,0.4,Corrective maintenance,Corrective,High,5,4,3,2025-06-15,2025-06-27,4,239,4,Corrective,No,Yes,Open
TMS005941,AST002968,Rail,C00079,50.1,Corrective maintenance,Corrective,Low,2,1,1,2025-06-30,2025-08-03,0,282,5,Corrective,No,Yes,Completed
TMS005942,AST004065,Rail,C00075,113.3,Ballast deficiency,Ballast Defect,Low,2,2,1,2025-06-12,2025-07-21,0,79,4,Preventive,No,Yes,Scheduled
TMS005943,AST004730,Turnout,C00043,16.8,Scheduled inspection,Inspection,Low,2,1,1,2025-06-15,2025-08-03,0,134,2,Inspection,No,No,Open
TMS005944,AST004313,Rail,C00091,189.0,Corrective maintenance,Corrective,Low,3,2,1,2025-06-04,2025-07-16,0,190,3,Corrective,No,Yes,Scheduled
TMS005945,AST002354,Ballast,C00053,97.6,Gauge defect,Track Geometry,Low,3,2,2,2025-02-20,2025-04-07,85,189,2,Preventive,No,Yes,Open
TMS005946,AST002326,Ballast,C00088,52.0,Rail crack,Rail Defect,High,5,3,3,2025-03-24,2025-04-01,91,222,3,Corrective,Yes,Yes,Scheduled
TMS005947,AST000348,Weld,C00018,45.3,Corrective maintenance,Corrective,Low,3,1,1,2025-02-17,2025-03-30,0,290,3,Corrective,No,Yes,Completed
TMS005948,AST002804,Sleeper,C00048,98.2,Corrective maintenance,Corrective,Medium,3,4,1,2025-06-17,2025-07-12,0,274,5,Corrective,No,Yes,Open
TMS005949,AST002169,Crossing,C00021,57.7,Alignment defect,Track Geometry,Low,1,2,1,2025-05-13,2025-06-30,1,187,4,Preventive,Yes,Yes,Scheduled
TMS005950,AST002258,Rail,C00082,123.6,Drainage issue,Drainage,Medium,4,3,2,2025-03-15,2025-03-30,93,94,2,Preventive,Yes,Yes,Scheduled
TMS005951,AST005222,Switch,C00032,17.1,Sleeper damage,Sleeper Defect,High,3,3,2,2025-05-05,2025-05-14,48,106,3,Corrective,No,Yes,Scheduled
TMS005952,AST001017,Track,C00052,6.8,Preventive maintenance,Preventive,Critical,3,5,4,2025-05-10,2025-05-15,0,86,4,Preventive,No,Yes,Completed
TMS005953,AST000743,Switch,C00012,62.5,Rail crack,Rail Defect,Low,2,2,1,2025-05-17,2025-06-21,10,204,4,Preventive,Yes,Yes,In Progress
TMS005954,AST001940,Ballast,C00016,61.3,Scheduled inspection,Inspection,Medium,1,2,2,2025-06-17,2025-07-15,0,81,4,Inspection,Yes,Yes,Open
TMS005955,AST002190,Rail,C00022,137.6,Sleeper damage,Sleeper Defect,Low,2,2,1,2025-05-08,2025-06-15,16,110,5,Preventive,No,No,Open
TMS005956,AST004147,Switch,C00091,152.4,Corrective maintenance,Corrective,Critical,5,5,2,2025-02-07,2025-02-10,141,252,3,Corrective,Yes,Yes,Open
TMS005957,AST003447,Ballast,C00095,74.8,Rail crack,Rail Defect,High,4,4,3,2025-06-28,2025-07-09,0,176,3,Corrective,Yes,Yes,Completed
TMS005958,AST003685,Crossing,C00012,68.1,Drainage issue,Drainage,Medium,2,2,3,2025-04-24,2025-05-15,47,82,4,Preventive,Yes,Yes,Open
TMS005959,AST001515,Track,C00046,21.7,Sleeper damage,Sleeper Defect,Critical,3,4,4,2025-06-27,2025-07-01,0,156,3,Corrective,No,Yes,Open
TMS005960,AST003962,Weld,C00001,119.3,Corrective maintenance,Corrective,Critical,5,4,5,2025-05-07,2025-05-11,51,251,4,Corrective,No,Yes,Open
TMS005961,AST003696,Bridge,C00004,7.3,Gauge defect,Track Geometry,Critical,3,4,3,2025-05-24,2025-05-27,35,210,3,Corrective,No,Yes,Open
TMS005962,AST005252,Crossing,C00089,78.3,Weld defect,Rail Defect,Critical,5,4,2,2025-06-06,2025-06-09,22,108,4,Corrective,No,Yes,Deferred
TMS005963,AST004326,Switch,C00062,2.0,Drainage issue,Drainage,Low,1,1,3,2025-06-01,2025-07-08,0,118,2,Preventive,Yes,Yes,Scheduled
TMS005964,AST000183,Switch,C00007,100.6,Weld defect,Rail Defect,Critical,3,5,2,2025-03-20,2025-03-24,99,159,2,Corrective,No,Yes,In Progress
TMS005965,AST003103,Sleeper,C00003,32.1,Scheduled inspection,Inspection,Low,3,2,2,2025-05-02,2025-06-17,14,49,1,Inspection,No,No,Deferred
TMS005966,AST004176,Turnout,C00098,2.0,Ballast deficiency,Ballast Defect,High,4,4,4,2025-05-26,2025-06-02,0,98,3,Corrective,Yes,Yes,Completed
TMS005967,AST000495,Weld,C00073,62.4,Scheduled inspection,Inspection,Low,2,2,2,2025-02-01,2025-03-10,113,68,2,Inspection,No,No,Open
TMS005968,AST003119,Weld,C00020,76.4,Rail wear,Rail Defect,Low,2,1,1,2025-05-23,2025-07-06,0,135,1,Preventive,No,Yes,Open
TMS005969,AST002208,Sleeper,C00032,8.2,Preventive maintenance,Preventive,Low,2,2,1,2025-06-08,2025-08-02,0,47,2,Preventive,No,Yes,In Progress
TMS005970,AST001878,Switch,C00032,3.7,Rail crack,Rail Defect,Medium,3,2,1,2025-05-27,2025-06-20,11,206,3,Preventive,Yes,Yes,In Progress
TMS005971,AST002403,Track,C00017,0.7,Rail crack,Rail Defect,High,2,3,3,2025-06-09,2025-06-19,12,154,2,Corrective,Yes,Yes,In Progress
TMS005972,AST000622,Crossing,C00019,117.1,Alignment defect,Track Geometry,Critical,4,5,3,2025-02-09,2025-02-15,136,256,3,Corrective,Yes,Yes,Open
TMS005973,AST004874,Turnout,C00084,201.7,Corrective maintenance,Corrective,Low,2,1,1,2025-06-08,2025-07-30,0,254,4,Corrective,No,Yes,Open
TMS005974,AST001496,Weld,C00033,90.6,Track geometry defect,Track Geometry,Low,4,1,1,2025-05-17,2025-06-18,0,184,4,Preventive,Yes,Yes,Completed
TMS005975,AST003448,Bridge,C00062,7.1,Sleeper damage,Sleeper Defect,Medium,3,4,1,2025-05-27,2025-06-21,10,39,2,Preventive,Yes,Yes,Open
TMS005976,AST003135,Sleeper,C00031,85.8,Scheduled inspection,Inspection,Low,2,2,2,2025-06-29,2025-08-04,0,91,4,Inspection,No,No,Scheduled
TMS005977,AST001395,Sleeper,C00062,1.4,Preventive maintenance,Preventive,Medium,2,3,2,2025-06-09,2025-06-23,8,111,3,Preventive,No,Yes,Open
TMS005978,AST001711,Weld,C00009,30.0,Alignment defect,Track Geometry,High,5,4,4,2025-06-12,2025-06-19,12,172,4,Corrective,Yes,Yes,Open
TMS005979,AST001868,Ballast,C00049,45.1,Weld defect,Rail Defect,Medium,4,3,1,2025-05-27,2025-06-24,7,172,4,Preventive,No,Yes,In Progress
TMS005980,AST000657,Weld,C00096,126.2,Corrective maintenance,Corrective,Medium,3,2,2,2025-06-18,2025-07-05,0,237,3,Corrective,No,No,Completed
TMS005981,AST002736,Bridge,C00036,57.5,Rail crack,Rail Defect,Low,2,2,1,2025-05-02,2025-06-18,13,180,4,Preventive,Yes,Yes,Scheduled
TMS005982,AST001133,Switch,C00076,100.4,Preventive maintenance,Preventive,Low,3,1,2,2025-06-04,2025-07-22,0,78,4,Preventive,No,Yes,Completed
TMS005983,AST001236,Sleeper,C00005,115.0,Alignment defect,Track Geometry,Low,2,3,2,2025-06-02,2025-07-10,0,169,3,Preventive,Yes,Yes,Open
TMS005984,AST001146,Bridge,C00090,40.2,Ballast deficiency,Ballast Defect,Medium,3,2,3,2025-05-13,2025-06-06,0,139,4,Preventive,Yes,Yes,Completed
TMS005985,AST002048,Sleeper,C00005,115.6,Scheduled inspection,Inspection,Low,3,2,3,2025-05-03,2025-06-19,12,58,3,Inspection,Yes,Yes,Open
TMS005986,AST004110,Sleeper,C00017,1.0,Preventive maintenance,Preventive,Medium,4,3,2,2025-05-15,2025-06-08,23,43,4,Preventive,Yes,Yes,Open
TMS005987,AST003226,Bridge,C00011,196.0,Turnout wear,Turnout/Switch Defect,Medium,2,4,1,2025-06-21,2025-07-10,0,244,3,Preventive,No,Yes,Completed
TMS005988,AST001698,Weld,C00090,66.6,Rail crack,Rail Defect,High,3,2,4,2025-06-15,2025-06-24,7,241,3,Corrective,Yes,No,Open
TMS005989,AST003450,Crossing,C00066,35.5,Drainage issue,Drainage,High,4,4,3,2025-06-12,2025-06-24,7,124,3,Corrective,No,Yes,Open
TMS005990,AST002160,Sleeper,C00018,4.2,Drainage issue,Drainage,Low,2,2,1,2025-03-09,2025-05-01,0,133,3,Preventive,Yes,Yes,Completed
TMS005991,AST003960,Ballast,C00034,32.8,Alignment defect,Track Geometry,Medium,3,2,2,2025-06-23,2025-07-17,0,281,5,Preventive,Yes,Yes,Open
TMS005992,AST002203,Track,C00068,73.0,Rail crack,Rail Defect,Medium,3,3,2,2025-06-14,2025-07-10,0,101,3,Preventive,No,No,Open
TMS005993,AST000968,Ballast,C00092,31.6,Preventive maintenance,Preventive,High,3,3,3,2025-03-11,2025-03-23,100,83,2,Preventive,No,Yes,Open
TMS005994,AST000626,Turnout,C00025,40.8,Track geometry defect,Track Geometry,Medium,3,2,2,2025-05-14,2025-06-04,27,158,4,Preventive,No,Yes,Scheduled
TMS005995,AST000863,Switch,C00020,13.1,Ballast deficiency,Ballast Defect,Medium,4,1,2,2025-06-15,2025-07-07,0,160,3,Preventive,No,Yes,In Progress
TMS005996,AST003044,Crossing,C00005,123.6,Corrective maintenance,Corrective,High,4,3,3,2025-06-26,2025-07-05,0,239,6,Corrective,No,Yes,Open
TMS005997,AST000425,Crossing,C00095,51.7,Drainage issue,Drainage,High,3,3,3,2025-06-28,2025-07-09,0,114,2,Corrective,Yes,No,Completed
TMS005998,AST004695,Weld,C00074,12.0,Weld defect,Rail Defect,Low,2,1,1,2025-04-14,2025-05-24,38,86,2,Preventive,No,Yes,Scheduled
TMS005999,AST002085,Ballast,C00060,29.1,Gauge defect,Track Geometry,Low,3,1,1,2025-05-14,2025-06-26,5,174,3,Preventive,No,No,Open
TMS006000,AST004469,Crossing,C00094,20.2,Turnout wear,Turnout/Switch Defect,Medium,3,3,2,2025-06-24,2025-07-23,0,227,5,Preventive,Yes,Yes,Open
