block_request_id,task_id,corridor_id,department,requested_duration_min,requested_date,priority,request_status
BLK-00001,TSK-00001,COR-044,Operating,360,2026-09-09,P2 - High,Conflict Flagged
BLK-00002,TSK-00002,COR-073,Signal & Telecom,360,2026-09-25,P2 - High,Pending
BLK-00003,TSK-00003,COR-057,Operating,120,2026-09-12,P4 - Routine,Pending
BLK-00004,TSK-00004,COR-085,Electrical,240,2026-09-17,P2 - High,Rejected
BLK-00005,TSK-00005,COR-037,Signal & Telecom,300,2026-09-10,P2 - High,Rejected
BLK-00006,TSK-00006,COR-083,Signal & Telecom,300,2026-09-27,P2 - High,Conflict Flagged
BLK-00007,TSK-00007,COR-060,Engineering,120,2026-09-23,P2 - High,Approved
BLK-00008,TSK-00008,COR-004,Electrical,180,2026-09-18,P2 - High,Conflict Flagged
BLK-00009,TSK-00009,COR-024,Electrical,360,2026-09-28,P3 - Medium,Pending
BLK-00010,TSK-00010,COR-089,Operating,360,2026-09-26,P1 - Emergency,Approved
BLK-00011,TSK-00011,COR-066,Operating,240,2026-09-15,P3 - Medium,Rejected
BLK-00012,TSK-00012,COR-027,Engineering,120,2026-09-21,P4 - Routine,Scheduled
BLK-00013,TSK-00013,COR-071,Engineering,240,2026-09-09,P4 - Routine,Pending
BLK-00014,TSK-00014,COR-062,Operating,120,2026-09-28,P2 - High,Pending
BLK-00015,TSK-00015,COR-037,Engineering,180,2026-09-11,P1 - Emergency,Rejected
BLK-00016,TSK-00016,COR-059,Operating,360,2026-09-10,P3 - Medium,Approved
BLK-00017,TSK-00017,COR-064,Signal & Telecom,300,2026-09-14,P3 - Medium,Pending
BLK-00018,TSK-00018,COR-084,Operating,60,2026-09-11,P3 - Medium,Rejected
BLK-00019,TSK-00019,COR-081,Electrical,120,2026-09-24,P3 - Medium,Conflict Flagged
BLK-00020,TSK-00020,COR-057,Engineering,360,2026-09-11,P4 - Routine,Rejected
BLK-00021,TSK-00021,COR-068,Signal & Telecom,60,2026-09-11,P2 - High,Scheduled
BLK-00022,TSK-00022,COR-060,Signal & Telecom,300,2026-09-26,P3 - Medium,Scheduled
BLK-00023,TSK-00023,COR-082,Electrical,180,2026-09-17,P2 - High,Conflict Flagged
BLK-00024,TSK-00024,COR-090,Electrical,360,2026-09-21,P4 - Routine,Pending
BLK-00025,TSK-00025,COR-029,Electrical,60,2026-09-25,P3 - Medium,Scheduled
BLK-00026,TSK-00026,COR-012,Signal & Telecom,120,2026-09-09,P2 - High,Conflict Flagged
BLK-00027,TSK-00027,COR-038,Operating,300,2026-09-09,P4 - Routine,Approved
BLK-00028,TSK-00028,COR-051,Engineering,180,2026-09-16,P3 - Medium,Approved
BLK-00029,TSK-00029,COR-004,Operating,180,2026-09-19,P2 - High,Approved
BLK-00030,TSK-00030,COR-006,Signal & Telecom,60,2026-09-26,P3 - Medium,Rejected
BLK-00031,TSK-00031,COR-054,Signal & Telecom,360,2026-09-22,P2 - High,Pending
BLK-00032,TSK-00032,COR-031,Operating,240,2026-09-11,P2 - High,Pending
BLK-00033,TSK-00033,COR-012,Operating,120,2026-09-25,P2 - High,Rejected
BLK-00034,TSK-00034,COR-076,Signal & Telecom,240,2026-09-15,P2 - High,Approved
BLK-00035,TSK-00035,COR-015,Signal & Telecom,60,2026-09-24,P3 - Medium,Conflict Flagged
BLK-00036,TSK-00036,COR-017,Engineering,240,2026-09-13,P4 - Routine,Conflict Flagged
BLK-00037,TSK-00037,COR-094,Engineering,120,2026-09-17,P4 - Routine,Approved
BLK-00038,TSK-00038,COR-092,Operating,240,2026-09-19,P4 - Routine,Pending
BLK-00039,TSK-00039,COR-077,Operating,360,2026-09-15,P1 - Emergency,Pending
BLK-00040,TSK-00040,COR-053,Signal & Telecom,300,2026-09-22,P3 - Medium,Pending
BLK-00041,TSK-00041,COR-009,Operating,120,2026-09-28,P3 - Medium,Pending
BLK-00042,TSK-00042,COR-053,Engineering,120,2026-09-23,P4 - Routine,Rejected
BLK-00043,TSK-00043,COR-085,Signal & Telecom,360,2026-09-18,P2 - High,Approved
BLK-00044,TSK-00044,COR-004,Electrical,360,2026-09-09,P2 - High,Approved
BLK-00045,TSK-00045,COR-012,Engineering,180,2026-09-22,P2 - High,Rejected
BLK-00046,TSK-00046,COR-020,Engineering,240,2026-09-26,P1 - Emergency,Scheduled
BLK-00047,TSK-00047,COR-097,Signal & Telecom,60,2026-09-28,P4 - Routine,Conflict Flagged
BLK-00048,TSK-00048,COR-077,Operating,120,2026-09-24,P1 - Emergency,Scheduled
BLK-00049,TSK-00049,COR-023,Operating,300,2026-09-29,P2 - High,Conflict Flagged
BLK-00050,TSK-00050,COR-010,Operating,300,2026-09-10,P2 - High,Rejected
BLK-00051,TSK-00051,COR-080,Signal & Telecom,300,2026-09-18,P3 - Medium,Approved
BLK-00052,TSK-00052,COR-040,Operating,120,2026-09-10,P4 - Routine,Pending
BLK-00053,TSK-00053,COR-031,Signal & Telecom,360,2026-09-23,P1 - Emergency,Scheduled
BLK-00054,TSK-00054,COR-081,Electrical,60,2026-09-12,P4 - Routine,Scheduled
BLK-00055,TSK-00055,COR-060,Electrical,180,2026-09-29,P2 - High,Scheduled
BLK-00056,TSK-00056,COR-058,Engineering,240,2026-09-17,P4 - Routine,Conflict Flagged
BLK-00057,TSK-00057,COR-006,Signal & Telecom,300,2026-09-11,P4 - Routine,Scheduled
BLK-00058,TSK-00058,COR-087,Electrical,120,2026-09-23,P3 - Medium,Conflict Flagged
BLK-00059,TSK-00059,COR-045,Signal & Telecom,60,2026-09-26,P2 - High,Pending
BLK-00060,TSK-00060,COR-083,Engineering,180,2026-09-25,P4 - Routine,Pending
BLK-00061,TSK-00061,COR-020,Signal & Telecom,120,2026-09-09,P2 - High,Pending
BLK-00062,TSK-00062,COR-021,Signal & Telecom,240,2026-09-21,P2 - High,Scheduled
BLK-00063,TSK-00063,COR-097,Electrical,120,2026-09-15,P1 - Emergency,Rejected
BLK-00064,TSK-00064,COR-100,Electrical,120,2026-09-22,P2 - High,Rejected
BLK-00065,TSK-00065,COR-037,Engineering,60,2026-09-28,P2 - High,Rejected
BLK-00066,TSK-00066,COR-054,Engineering,180,2026-09-28,P3 - Medium,Rejected
BLK-00067,TSK-00067,COR-018,Signal & Telecom,360,2026-09-22,P2 - High,Rejected
BLK-00068,TSK-00068,COR-028,Electrical,360,2026-09-20,P1 - Emergency,Scheduled
BLK-00069,TSK-00069,COR-082,Operating,180,2026-09-27,P3 - Medium,Rejected
BLK-00070,TSK-00070,COR-001,Operating,120,2026-09-24,P1 - Emergency,Approved
BLK-00071,TSK-00071,COR-061,Operating,180,2026-09-29,P3 - Medium,Pending
BLK-00072,TSK-00072,COR-018,Electrical,300,2026-09-10,P2 - High,Rejected
BLK-00073,TSK-00073,COR-038,Engineering,60,2026-09-14,P4 - Routine,Rejected
BLK-00074,TSK-00074,COR-046,Electrical,180,2026-09-28,P2 - High,Approved
BLK-00075,TSK-00075,COR-024,Electrical,300,2026-09-09,P1 - Emergency,Conflict Flagged
BLK-00076,TSK-00076,COR-014,Electrical,60,2026-09-21,P4 - Routine,Approved
BLK-00077,TSK-00077,COR-094,Engineering,120,2026-09-14,P3 - Medium,Conflict Flagged
BLK-00078,TSK-00078,COR-019,Engineering,180,2026-09-20,P2 - High,Pending
BLK-00079,TSK-00079,COR-087,Signal & Telecom,240,2026-09-24,P4 - Routine,Rejected
BLK-00080,TSK-00080,COR-015,Signal & Telecom,300,2026-09-10,P2 - High,Approved
BLK-00081,TSK-00081,COR-089,Electrical,120,2026-09-11,P2 - High,Approved
BLK-00082,TSK-00082,COR-091,Electrical,60,2026-09-25,P3 - Medium,Approved
BLK-00083,TSK-00083,COR-031,Signal & Telecom,240,2026-09-26,P1 - Emergency,Pending
BLK-00084,TSK-00084,COR-092,Operating,120,2026-09-20,P4 - Routine,Pending
BLK-00085,TSK-00085,COR-100,Signal & Telecom,60,2026-09-23,P2 - High,Scheduled
BLK-00086,TSK-00086,COR-042,Signal & Telecom,120,2026-09-19,P1 - Emergency,Conflict Flagged
BLK-00087,TSK-00087,COR-079,Electrical,120,2026-09-20,P3 - Medium,Approved
BLK-00088,TSK-00088,COR-011,Engineering,240,2026-09-15,P4 - Routine,Scheduled
BLK-00089,TSK-00089,COR-062,Electrical,180,2026-09-17,P1 - Emergency,Rejected
BLK-00090,TSK-00090,COR-044,Signal & Telecom,300,2026-09-13,P3 - Medium,Scheduled
BLK-00091,TSK-00091,COR-031,Electrical,120,2026-09-16,P3 - Medium,Scheduled
BLK-00092,TSK-00092,COR-074,Electrical,120,2026-09-19,P2 - High,Pending
BLK-00093,TSK-00093,COR-051,Engineering,300,2026-09-11,P3 - Medium,Rejected
BLK-00094,TSK-00094,COR-056,Engineering,120,2026-09-10,P4 - Routine,Rejected
BLK-00095,TSK-00095,COR-071,Electrical,120,2026-09-09,P2 - High,Scheduled
BLK-00096,TSK-00096,COR-097,Electrical,120,2026-09-13,P1 - Emergency,Approved
BLK-00097,TSK-00097,COR-078,Signal & Telecom,120,2026-09-27,P2 - High,Pending
BLK-00098,TSK-00098,COR-061,Electrical,360,2026-09-26,P2 - High,Pending
BLK-00099,TSK-00099,COR-075,Engineering,300,2026-09-09,P4 - Routine,Approved
BLK-00100,TSK-00100,COR-057,Engineering,300,2026-09-28,P2 - High,Approved
BLK-00101,TSK-00101,COR-085,Electrical,120,2026-09-15,P3 - Medium,Rejected
BLK-00102,TSK-00102,COR-032,Signal & Telecom,360,2026-09-11,P1 - Emergency,Scheduled
BLK-00103,TSK-00103,COR-016,Electrical,240,2026-09-12,P3 - Medium,Pending
BLK-00104,TSK-00104,COR-084,Operating,120,2026-09-24,P4 - Routine,Rejected
BLK-00105,TSK-00105,COR-086,Engineering,180,2026-09-09,P2 - High,Approved
BLK-00106,TSK-00106,COR-084,Operating,60,2026-09-09,P2 - High,Rejected
BLK-00107,TSK-00107,COR-023,Engineering,240,2026-09-18,P1 - Emergency,Scheduled
BLK-00108,TSK-00108,COR-043,Engineering,360,2026-09-17,P3 - Medium,Approved
BLK-00109,TSK-00109,COR-021,Electrical,240,2026-09-11,P3 - Medium,Pending
BLK-00110,TSK-00110,COR-066,Operating,300,2026-09-29,P3 - Medium,Scheduled
BLK-00111,TSK-00111,COR-031,Operating,300,2026-09-28,P4 - Routine,Pending
BLK-00112,TSK-00112,COR-060,Engineering,360,2026-09-26,P4 - Routine,Rejected
BLK-00113,TSK-00113,COR-020,Operating,120,2026-09-26,P1 - Emergency,Scheduled
BLK-00114,TSK-00114,COR-068,Operating,120,2026-09-14,P3 - Medium,Pending
BLK-00115,TSK-00115,COR-015,Operating,360,2026-09-19,P1 - Emergency,Rejected
BLK-00116,TSK-00116,COR-073,Operating,120,2026-09-13,P3 - Medium,Rejected
BLK-00117,TSK-00117,COR-055,Engineering,240,2026-09-22,P3 - Medium,Approved
BLK-00118,TSK-00118,COR-048,Operating,360,2026-09-25,P4 - Routine,Conflict Flagged
BLK-00119,TSK-00119,COR-094,Signal & Telecom,60,2026-09-19,P2 - High,Approved
BLK-00120,TSK-00120,COR-020,Electrical,180,2026-09-26,P4 - Routine,Scheduled
BLK-00121,TSK-00121,COR-013,Engineering,360,2026-09-29,P2 - High,Pending
BLK-00122,TSK-00122,COR-065,Signal & Telecom,60,2026-09-12,P3 - Medium,Conflict Flagged
BLK-00123,TSK-00123,COR-039,Operating,300,2026-09-19,P4 - Routine,Rejected
BLK-00124,TSK-00124,COR-090,Electrical,120,2026-09-10,P2 - High,Rejected
BLK-00125,TSK-00125,COR-008,Operating,240,2026-09-16,P3 - Medium,Scheduled
BLK-00126,TSK-00126,COR-012,Electrical,120,2026-09-25,P3 - Medium,Conflict Flagged
BLK-00127,TSK-00127,COR-027,Operating,60,2026-09-26,P4 - Routine,Conflict Flagged
BLK-00128,TSK-00128,COR-031,Operating,300,2026-09-20,P4 - Routine,Scheduled
BLK-00129,TSK-00129,COR-013,Operating,60,2026-09-14,P4 - Routine,Approved
BLK-00130,TSK-00130,COR-071,Electrical,60,2026-09-28,P3 - Medium,Pending
BLK-00131,TSK-00131,COR-033,Electrical,300,2026-09-18,P3 - Medium,Rejected
BLK-00132,TSK-00132,COR-068,Engineering,360,2026-09-18,P2 - High,Scheduled
BLK-00133,TSK-00133,COR-048,Operating,300,2026-09-25,P1 - Emergency,Conflict Flagged
BLK-00134,TSK-00134,COR-068,Engineering,240,2026-09-14,P4 - Routine,Pending
BLK-00135,TSK-00135,COR-025,Signal & Telecom,120,2026-09-25,P2 - High,Approved
BLK-00136,TSK-00136,COR-039,Signal & Telecom,300,2026-09-17,P3 - Medium,Approved
BLK-00137,TSK-00137,COR-064,Engineering,240,2026-09-25,P4 - Routine,Pending
BLK-00138,TSK-00138,COR-035,Operating,120,2026-09-24,P4 - Routine,Pending
BLK-00139,TSK-00139,COR-097,Signal & Telecom,360,2026-09-17,P4 - Routine,Scheduled
BLK-00140,TSK-00140,COR-097,Operating,120,2026-09-26,P3 - Medium,Conflict Flagged
BLK-00141,TSK-00141,COR-078,Electrical,180,2026-09-14,P3 - Medium,Scheduled
BLK-00142,TSK-00142,COR-024,Operating,240,2026-09-13,P2 - High,Scheduled
BLK-00143,TSK-00143,COR-095,Signal & Telecom,120,2026-09-21,P2 - High,Scheduled
BLK-00144,TSK-00144,COR-024,Engineering,120,2026-09-27,P2 - High,Approved
BLK-00145,TSK-00145,COR-002,Operating,180,2026-09-09,P4 - Routine,Conflict Flagged
BLK-00146,TSK-00146,COR-035,Signal & Telecom,60,2026-09-22,P4 - Routine,Approved
BLK-00147,TSK-00147,COR-093,Signal & Telecom,120,2026-09-23,P3 - Medium,Scheduled
BLK-00148,TSK-00148,COR-057,Electrical,60,2026-09-12,P1 - Emergency,Approved
BLK-00149,TSK-00149,COR-095,Electrical,240,2026-09-28,P4 - Routine,Conflict Flagged
BLK-00150,TSK-00150,COR-076,Signal & Telecom,60,2026-09-14,P3 - Medium,Pending
BLK-00151,TSK-00151,COR-018,Operating,120,2026-09-20,P3 - Medium,Approved
BLK-00152,TSK-00152,COR-070,Operating,240,2026-09-27,P4 - Routine,Approved
BLK-00153,TSK-00153,COR-073,Engineering,300,2026-09-25,P2 - High,Conflict Flagged
BLK-00154,TSK-00154,COR-058,Signal & Telecom,300,2026-09-18,P1 - Emergency,Scheduled
BLK-00155,TSK-00155,COR-015,Engineering,240,2026-09-24,P2 - High,Conflict Flagged
BLK-00156,TSK-00156,COR-093,Operating,300,2026-09-21,P1 - Emergency,Pending
BLK-00157,TSK-00157,COR-067,Signal & Telecom,240,2026-09-16,P1 - Emergency,Pending
BLK-00158,TSK-00158,COR-004,Operating,300,2026-09-22,P1 - Emergency,Scheduled
BLK-00159,TSK-00159,COR-047,Signal & Telecom,300,2026-09-20,P1 - Emergency,Pending
BLK-00160,TSK-00160,COR-046,Electrical,120,2026-09-24,P4 - Routine,Pending
BLK-00161,TSK-00161,COR-048,Signal & Telecom,300,2026-09-20,P1 - Emergency,Rejected
BLK-00162,TSK-00162,COR-063,Signal & Telecom,180,2026-09-11,P3 - Medium,Rejected
BLK-00163,TSK-00163,COR-053,Operating,360,2026-09-16,P4 - Routine,Scheduled
BLK-00164,TSK-00164,COR-022,Electrical,300,2026-09-24,P2 - High,Approved
BLK-00165,TSK-00165,COR-070,Operating,300,2026-09-23,P3 - Medium,Approved
BLK-00166,TSK-00166,COR-100,Engineering,180,2026-09-22,P4 - Routine,Scheduled
BLK-00167,TSK-00167,COR-073,Engineering,300,2026-09-26,P2 - High,Approved
BLK-00168,TSK-00168,COR-097,Signal & Telecom,360,2026-09-17,P3 - Medium,Conflict Flagged
BLK-00169,TSK-00169,COR-019,Operating,120,2026-09-23,P2 - High,Rejected
BLK-00170,TSK-00170,COR-042,Operating,120,2026-09-21,P1 - Emergency,Pending
BLK-00171,TSK-00171,COR-028,Operating,360,2026-09-15,P3 - Medium,Scheduled
BLK-00172,TSK-00172,COR-013,Engineering,60,2026-09-22,P3 - Medium,Pending
BLK-00173,TSK-00173,COR-084,Signal & Telecom,180,2026-09-18,P2 - High,Pending
BLK-00174,TSK-00174,COR-093,Electrical,120,2026-09-16,P3 - Medium,Conflict Flagged
BLK-00175,TSK-00175,COR-002,Operating,180,2026-09-28,P1 - Emergency,Rejected
BLK-00176,TSK-00176,COR-041,Engineering,60,2026-09-10,P3 - Medium,Rejected
BLK-00177,TSK-00177,COR-057,Signal & Telecom,240,2026-09-27,P1 - Emergency,Scheduled
BLK-00178,TSK-00178,COR-045,Operating,120,2026-09-21,P2 - High,Conflict Flagged
BLK-00179,TSK-00179,COR-067,Signal & Telecom,120,2026-09-12,P4 - Routine,Approved
BLK-00180,TSK-00180,COR-068,Engineering,60,2026-09-12,P2 - High,Approved
BLK-00181,TSK-00181,COR-076,Engineering,300,2026-09-29,P3 - Medium,Approved
BLK-00182,TSK-00182,COR-011,Operating,360,2026-09-28,P4 - Routine,Scheduled
BLK-00183,TSK-00183,COR-076,Operating,120,2026-09-28,P4 - Routine,Conflict Flagged
BLK-00184,TSK-00184,COR-079,Operating,120,2026-09-12,P2 - High,Scheduled
BLK-00185,TSK-00185,COR-048,Signal & Telecom,120,2026-09-11,P1 - Emergency,Conflict Flagged
BLK-00186,TSK-00186,COR-092,Electrical,120,2026-09-24,P2 - High,Scheduled
BLK-00187,TSK-00187,COR-033,Signal & Telecom,240,2026-09-25,P1 - Emergency,Scheduled
BLK-00188,TSK-00188,COR-047,Operating,120,2026-09-17,P4 - Routine,Approved
BLK-00189,TSK-00189,COR-010,Electrical,360,2026-09-22,P2 - High,Approved
BLK-00190,TSK-00190,COR-012,Electrical,300,2026-09-21,P4 - Routine,Approved
BLK-00191,TSK-00191,COR-094,Signal & Telecom,120,2026-09-18,P1 - Emergency,Approved
BLK-00192,TSK-00192,COR-001,Electrical,360,2026-09-18,P3 - Medium,Pending
BLK-00193,TSK-00193,COR-006,Engineering,180,2026-09-24,P4 - Routine,Scheduled
BLK-00194,TSK-00194,COR-082,Signal & Telecom,60,2026-09-26,P1 - Emergency,Rejected
BLK-00195,TSK-00195,COR-041,Electrical,300,2026-09-18,P4 - Routine,Rejected
BLK-00196,TSK-00196,COR-053,Electrical,60,2026-09-28,P1 - Emergency,Conflict Flagged
BLK-00197,TSK-00197,COR-042,Signal & Telecom,360,2026-09-11,P1 - Emergency,Scheduled
BLK-00198,TSK-00198,COR-072,Operating,180,2026-09-18,P2 - High,Approved
BLK-00199,TSK-00199,COR-052,Signal & Telecom,120,2026-09-20,P4 - Routine,Pending
BLK-00200,TSK-00200,COR-043,Engineering,360,2026-09-17,P1 - Emergency,Scheduled
BLK-00201,TSK-00201,COR-046,Signal & Telecom,360,2026-09-15,P3 - Medium,Scheduled
BLK-00202,TSK-00202,COR-071,Operating,120,2026-09-22,P1 - Emergency,Conflict Flagged
BLK-00203,TSK-00203,COR-070,Operating,180,2026-09-20,P4 - Routine,Conflict Flagged
BLK-00204,TSK-00204,COR-100,Engineering,180,2026-09-21,P4 - Routine,Approved
BLK-00205,TSK-00205,COR-098,Engineering,120,2026-09-11,P2 - High,Pending
BLK-00206,TSK-00206,COR-091,Engineering,360,2026-09-22,P3 - Medium,Scheduled
BLK-00207,TSK-00207,COR-012,Engineering,120,2026-09-20,P2 - High,Conflict Flagged
BLK-00208,TSK-00208,COR-008,Electrical,300,2026-09-15,P3 - Medium,Pending
BLK-00209,TSK-00209,COR-039,Electrical,180,2026-09-20,P4 - Routine,Conflict Flagged
BLK-00210,TSK-00210,COR-086,Signal & Telecom,120,2026-09-21,P3 - Medium,Scheduled
BLK-00211,TSK-00211,COR-024,Engineering,180,2026-09-16,P3 - Medium,Scheduled
BLK-00212,TSK-00212,COR-041,Electrical,180,2026-09-25,P3 - Medium,Approved
BLK-00213,TSK-00213,COR-045,Engineering,300,2026-09-18,P4 - Routine,Rejected
BLK-00214,TSK-00214,COR-070,Electrical,360,2026-09-15,P1 - Emergency,Scheduled
BLK-00215,TSK-00215,COR-041,Engineering,360,2026-09-18,P1 - Emergency,Scheduled
BLK-00216,TSK-00216,COR-056,Engineering,360,2026-09-09,P2 - High,Conflict Flagged
BLK-00217,TSK-00217,COR-039,Electrical,180,2026-09-13,P2 - High,Approved
BLK-00218,TSK-00218,COR-085,Electrical,240,2026-09-12,P1 - Emergency,Rejected
BLK-00219,TSK-00219,COR-063,Operating,120,2026-09-19,P4 - Routine,Scheduled
BLK-00220,TSK-00220,COR-060,Operating,180,2026-09-11,P1 - Emergency,Scheduled
BLK-00221,TSK-00221,COR-071,Signal & Telecom,60,2026-09-10,P1 - Emergency,Scheduled
BLK-00222,TSK-00222,COR-051,Engineering,120,2026-09-20,P3 - Medium,Approved
BLK-00223,TSK-00223,COR-025,Signal & Telecom,180,2026-09-11,P3 - Medium,Conflict Flagged
BLK-00224,TSK-00224,COR-072,Operating,300,2026-09-09,P3 - Medium,Rejected
BLK-00225,TSK-00225,COR-020,Operating,180,2026-09-23,P2 - High,Approved
BLK-00226,TSK-00226,COR-050,Electrical,240,2026-09-14,P1 - Emergency,Scheduled
BLK-00227,TSK-00227,COR-089,Electrical,360,2026-09-22,P3 - Medium,Scheduled
BLK-00228,TSK-00228,COR-039,Signal & Telecom,360,2026-09-26,P1 - Emergency,Conflict Flagged
BLK-00229,TSK-00229,COR-008,Electrical,240,2026-09-29,P3 - Medium,Approved
BLK-00230,TSK-00230,COR-026,Signal & Telecom,300,2026-09-10,P1 - Emergency,Pending
BLK-00231,TSK-00231,COR-088,Engineering,60,2026-09-19,P3 - Medium,Rejected
BLK-00232,TSK-00232,COR-096,Electrical,60,2026-09-28,P1 - Emergency,Conflict Flagged
BLK-00233,TSK-00233,COR-066,Operating,180,2026-09-13,P1 - Emergency,Rejected
BLK-00234,TSK-00234,COR-092,Electrical,180,2026-09-23,P3 - Medium,Pending
BLK-00235,TSK-00235,COR-001,Engineering,60,2026-09-22,P1 - Emergency,Approved
BLK-00236,TSK-00236,COR-036,Electrical,60,2026-09-16,P2 - High,Approved
BLK-00237,TSK-00237,COR-085,Operating,180,2026-09-16,P4 - Routine,Pending
BLK-00238,TSK-00238,COR-075,Engineering,240,2026-09-23,P3 - Medium,Approved
BLK-00239,TSK-00239,COR-085,Signal & Telecom,360,2026-09-27,P2 - High,Scheduled
BLK-00240,TSK-00240,COR-046,Signal & Telecom,120,2026-09-21,P3 - Medium,Approved
BLK-00241,TSK-00241,COR-007,Operating,60,2026-09-19,P2 - High,Rejected
BLK-00242,TSK-00242,COR-007,Operating,360,2026-09-16,P3 - Medium,Conflict Flagged
BLK-00243,TSK-00243,COR-081,Electrical,120,2026-09-24,P3 - Medium,Rejected
BLK-00244,TSK-00244,COR-079,Signal & Telecom,300,2026-09-13,P1 - Emergency,Approved
BLK-00245,TSK-00245,COR-003,Signal & Telecom,60,2026-09-10,P4 - Routine,Approved
BLK-00246,TSK-00246,COR-009,Signal & Telecom,120,2026-09-25,P2 - High,Approved
BLK-00247,TSK-00247,COR-097,Electrical,60,2026-09-29,P1 - Emergency,Approved
BLK-00248,TSK-00248,COR-047,Engineering,180,2026-09-14,P4 - Routine,Conflict Flagged
BLK-00249,TSK-00249,COR-054,Engineering,240,2026-09-11,P4 - Routine,Approved
BLK-00250,TSK-00250,COR-054,Signal & Telecom,300,2026-09-20,P4 - Routine,Conflict Flagged
BLK-00251,TSK-00251,COR-091,Electrical,300,2026-09-14,P4 - Routine,Rejected
BLK-00252,TSK-00252,COR-074,Engineering,360,2026-09-24,P3 - Medium,Pending
BLK-00253,TSK-00253,COR-060,Electrical,360,2026-09-20,P3 - Medium,Pending
BLK-00254,TSK-00254,COR-018,Engineering,180,2026-09-16,P4 - Routine,Conflict Flagged
BLK-00255,TSK-00255,COR-052,Operating,240,2026-09-19,P3 - Medium,Conflict Flagged
BLK-00256,TSK-00256,COR-054,Engineering,60,2026-09-20,P4 - Routine,Approved
BLK-00257,TSK-00257,COR-015,Operating,300,2026-09-16,P4 - Routine,Conflict Flagged
BLK-00258,TSK-00258,COR-067,Electrical,240,2026-09-13,P2 - High,Conflict Flagged
BLK-00259,TSK-00259,COR-083,Engineering,180,2026-09-12,P4 - Routine,Scheduled
BLK-00260,TSK-00260,COR-065,Engineering,300,2026-09-27,P3 - Medium,Approved
BLK-00261,TSK-00261,COR-016,Electrical,240,2026-09-24,P2 - High,Pending
BLK-00262,TSK-00262,COR-084,Signal & Telecom,180,2026-09-23,P1 - Emergency,Rejected
BLK-00263,TSK-00263,COR-013,Engineering,60,2026-09-21,P2 - High,Scheduled
BLK-00264,TSK-00264,COR-064,Signal & Telecom,360,2026-09-14,P1 - Emergency,Approved
BLK-00265,TSK-00265,COR-092,Signal & Telecom,180,2026-09-28,P2 - High,Pending
BLK-00266,TSK-00266,COR-001,Operating,60,2026-09-26,P1 - Emergency,Approved
BLK-00267,TSK-00267,COR-065,Electrical,180,2026-09-28,P2 - High,Approved
BLK-00268,TSK-00268,COR-053,Signal & Telecom,60,2026-09-22,P1 - Emergency,Scheduled
BLK-00269,TSK-00269,COR-088,Electrical,120,2026-09-14,P1 - Emergency,Approved
BLK-00270,TSK-00270,COR-087,Operating,60,2026-09-20,P4 - Routine,Pending
BLK-00271,TSK-00271,COR-035,Signal & Telecom,300,2026-09-11,P3 - Medium,Rejected
BLK-00272,TSK-00272,COR-014,Operating,120,2026-09-25,P1 - Emergency,Conflict Flagged
BLK-00273,TSK-00273,COR-054,Operating,120,2026-09-23,P3 - Medium,Pending
BLK-00274,TSK-00274,COR-100,Signal & Telecom,300,2026-09-24,P1 - Emergency,Approved
BLK-00275,TSK-00275,COR-055,Engineering,360,2026-09-14,P4 - Routine,Scheduled
BLK-00276,TSK-00276,COR-077,Electrical,120,2026-09-20,P2 - High,Conflict Flagged
BLK-00277,TSK-00277,COR-067,Signal & Telecom,60,2026-09-21,P4 - Routine,Conflict Flagged
BLK-00278,TSK-00278,COR-038,Electrical,120,2026-09-26,P4 - Routine,Scheduled
BLK-00279,TSK-00279,COR-006,Signal & Telecom,240,2026-09-26,P2 - High,Scheduled
BLK-00280,TSK-00280,COR-006,Operating,180,2026-09-10,P3 - Medium,Approved
BLK-00281,TSK-00281,COR-027,Engineering,60,2026-09-16,P4 - Routine,Conflict Flagged
BLK-00282,TSK-00282,COR-005,Electrical,120,2026-09-16,P4 - Routine,Pending
BLK-00283,TSK-00283,COR-041,Operating,360,2026-09-19,P3 - Medium,Rejected
BLK-00284,TSK-00284,COR-088,Electrical,180,2026-09-23,P1 - Emergency,Approved
BLK-00285,TSK-00285,COR-070,Operating,180,2026-09-21,P3 - Medium,Scheduled
BLK-00286,TSK-00286,COR-001,Engineering,360,2026-09-09,P4 - Routine,Pending
BLK-00287,TSK-00287,COR-029,Signal & Telecom,240,2026-09-15,P1 - Emergency,Rejected
BLK-00288,TSK-00288,COR-033,Engineering,360,2026-09-12,P4 - Routine,Pending
BLK-00289,TSK-00289,COR-058,Operating,360,2026-09-18,P2 - High,Conflict Flagged
BLK-00290,TSK-00290,COR-029,Signal & Telecom,180,2026-09-23,P2 - High,Conflict Flagged
BLK-00291,TSK-00291,COR-071,Operating,120,2026-09-09,P3 - Medium,Conflict Flagged
BLK-00292,TSK-00292,COR-003,Engineering,240,2026-09-20,P1 - Emergency,Rejected
BLK-00293,TSK-00293,COR-047,Signal & Telecom,360,2026-09-26,P1 - Emergency,Conflict Flagged
BLK-00294,TSK-00294,COR-065,Electrical,300,2026-09-16,P1 - Emergency,Rejected
BLK-00295,TSK-00295,COR-046,Operating,240,2026-09-20,P1 - Emergency,Rejected
BLK-00296,TSK-00296,COR-061,Operating,60,2026-09-26,P3 - Medium,Rejected
BLK-00297,TSK-00297,COR-084,Operating,360,2026-09-27,P2 - High,Scheduled
BLK-00298,TSK-00298,COR-078,Operating,120,2026-09-10,P4 - Routine,Rejected
BLK-00299,TSK-00299,COR-085,Engineering,180,2026-09-29,P3 - Medium,Approved
BLK-00300,TSK-00300,COR-006,Signal & Telecom,120,2026-09-22,P2 - High,Pending
BLK-00301,TSK-00301,COR-093,Engineering,240,2026-09-24,P2 - High,Approved
BLK-00302,TSK-00302,COR-080,Signal & Telecom,360,2026-09-10,P1 - Emergency,Rejected
BLK-00303,TSK-00303,COR-026,Engineering,180,2026-09-13,P3 - Medium,Scheduled
BLK-00304,TSK-00304,COR-062,Engineering,60,2026-09-13,P4 - Routine,Scheduled
BLK-00305,TSK-00305,COR-062,Signal & Telecom,240,2026-09-22,P3 - Medium,Conflict Flagged
BLK-00306,TSK-00306,COR-037,Engineering,360,2026-09-21,P1 - Emergency,Conflict Flagged
BLK-00307,TSK-00307,COR-084,Operating,360,2026-09-18,P3 - Medium,Scheduled
BLK-00308,TSK-00308,COR-079,Electrical,360,2026-09-28,P2 - High,Approved
BLK-00309,TSK-00309,COR-040,Electrical,240,2026-09-29,P3 - Medium,Pending
BLK-00310,TSK-00310,COR-044,Operating,240,2026-09-20,P2 - High,Approved
BLK-00311,TSK-00311,COR-009,Engineering,360,2026-09-11,P2 - High,Rejected
BLK-00312,TSK-00312,COR-082,Signal & Telecom,60,2026-09-16,P2 - High,Conflict Flagged
BLK-00313,TSK-00313,COR-021,Engineering,360,2026-09-18,P1 - Emergency,Conflict Flagged
BLK-00314,TSK-00314,COR-071,Engineering,60,2026-09-29,P2 - High,Pending
BLK-00315,TSK-00315,COR-034,Engineering,180,2026-09-27,P2 - High,Approved
BLK-00316,TSK-00316,COR-049,Operating,240,2026-09-27,P4 - Routine,Scheduled
BLK-00317,TSK-00317,COR-009,Electrical,60,2026-09-25,P3 - Medium,Scheduled
BLK-00318,TSK-00318,COR-032,Electrical,240,2026-09-28,P3 - Medium,Conflict Flagged
BLK-00319,TSK-00319,COR-096,Signal & Telecom,240,2026-09-14,P2 - High,Approved
BLK-00320,TSK-00320,COR-020,Electrical,120,2026-09-28,P3 - Medium,Pending
BLK-00321,TSK-00321,COR-080,Electrical,360,2026-09-14,P4 - Routine,Pending
BLK-00322,TSK-00322,COR-062,Operating,360,2026-09-25,P1 - Emergency,Rejected
BLK-00323,TSK-00323,COR-002,Engineering,360,2026-09-20,P1 - Emergency,Conflict Flagged
BLK-00324,TSK-00324,COR-079,Operating,360,2026-09-27,P4 - Routine,Rejected
BLK-00325,TSK-00325,COR-074,Signal & Telecom,120,2026-09-27,P1 - Emergency,Rejected
BLK-00326,TSK-00326,COR-061,Signal & Telecom,180,2026-09-10,P4 - Routine,Rejected
BLK-00327,TSK-00327,COR-013,Operating,120,2026-09-23,P1 - Emergency,Approved
BLK-00328,TSK-00328,COR-072,Electrical,300,2026-09-15,P4 - Routine,Scheduled
BLK-00329,TSK-00329,COR-046,Electrical,120,2026-09-27,P2 - High,Rejected
BLK-00330,TSK-00330,COR-081,Operating,240,2026-09-23,P3 - Medium,Scheduled
BLK-00331,TSK-00331,COR-057,Electrical,180,2026-09-18,P2 - High,Approved
BLK-00332,TSK-00332,COR-096,Electrical,360,2026-09-24,P4 - Routine,Pending
BLK-00333,TSK-00333,COR-014,Engineering,180,2026-09-24,P3 - Medium,Scheduled
BLK-00334,TSK-00334,COR-005,Engineering,60,2026-09-18,P3 - Medium,Scheduled
BLK-00335,TSK-00335,COR-081,Operating,360,2026-09-24,P4 - Routine,Pending
BLK-00336,TSK-00336,COR-040,Operating,60,2026-09-21,P1 - Emergency,Approved
BLK-00337,TSK-00337,COR-097,Operating,120,2026-09-19,P3 - Medium,Scheduled
BLK-00338,TSK-00338,COR-051,Operating,360,2026-09-09,P2 - High,Approved
BLK-00339,TSK-00339,COR-084,Electrical,360,2026-09-15,P1 - Emergency,Pending
BLK-00340,TSK-00340,COR-090,Electrical,180,2026-09-10,P4 - Routine,Pending
BLK-00341,TSK-00341,COR-094,Operating,360,2026-09-09,P1 - Emergency,Rejected
BLK-00342,TSK-00342,COR-043,Engineering,120,2026-09-21,P3 - Medium,Scheduled
BLK-00343,TSK-00343,COR-049,Electrical,120,2026-09-23,P3 - Medium,Conflict Flagged
BLK-00344,TSK-00344,COR-067,Engineering,120,2026-09-29,P1 - Emergency,Pending
BLK-00345,TSK-00345,COR-062,Electrical,60,2026-09-21,P2 - High,Pending
BLK-00346,TSK-00346,COR-036,Signal & Telecom,300,2026-09-12,P4 - Routine,Approved
BLK-00347,TSK-00347,COR-064,Signal & Telecom,360,2026-09-24,P4 - Routine,Approved
BLK-00348,TSK-00348,COR-041,Signal & Telecom,300,2026-09-11,P1 - Emergency,Approved
BLK-00349,TSK-00349,COR-006,Electrical,180,2026-09-27,P2 - High,Rejected
BLK-00350,TSK-00350,COR-036,Operating,60,2026-09-29,P2 - High,Pending
BLK-00351,TSK-00351,COR-001,Operating,180,2026-09-29,P3 - Medium,Scheduled
BLK-00352,TSK-00352,COR-068,Signal & Telecom,60,2026-09-26,P2 - High,Pending
BLK-00353,TSK-00353,COR-017,Engineering,360,2026-09-27,P1 - Emergency,Scheduled
BLK-00354,TSK-00354,COR-047,Engineering,240,2026-09-29,P1 - Emergency,Pending
BLK-00355,TSK-00355,COR-091,Electrical,120,2026-09-14,P3 - Medium,Conflict Flagged
BLK-00356,TSK-00356,COR-069,Signal & Telecom,120,2026-09-10,P1 - Emergency,Pending
BLK-00357,TSK-00357,COR-087,Electrical,240,2026-09-21,P4 - Routine,Approved
BLK-00358,TSK-00358,COR-041,Electrical,180,2026-09-10,P1 - Emergency,Conflict Flagged
BLK-00359,TSK-00359,COR-099,Operating,240,2026-09-19,P1 - Emergency,Approved
BLK-00360,TSK-00360,COR-039,Signal & Telecom,240,2026-09-21,P4 - Routine,Scheduled
BLK-00361,TSK-00361,COR-005,Engineering,300,2026-09-29,P2 - High,Pending
BLK-00362,TSK-00362,COR-094,Signal & Telecom,120,2026-09-11,P3 - Medium,Conflict Flagged
BLK-00363,TSK-00363,COR-100,Engineering,60,2026-09-20,P2 - High,Rejected
BLK-00364,TSK-00364,COR-068,Electrical,240,2026-09-27,P3 - Medium,Scheduled
BLK-00365,TSK-00365,COR-056,Signal & Telecom,360,2026-09-14,P2 - High,Conflict Flagged
BLK-00366,TSK-00366,COR-100,Operating,120,2026-09-28,P2 - High,Rejected
BLK-00367,TSK-00367,COR-010,Signal & Telecom,120,2026-09-10,P4 - Routine,Approved
BLK-00368,TSK-00368,COR-077,Electrical,300,2026-09-18,P2 - High,Pending
BLK-00369,TSK-00369,COR-088,Signal & Telecom,360,2026-09-25,P1 - Emergency,Approved
BLK-00370,TSK-00370,COR-089,Electrical,240,2026-09-17,P2 - High,Rejected
BLK-00371,TSK-00371,COR-089,Signal & Telecom,360,2026-09-27,P2 - High,Scheduled
BLK-00372,TSK-00372,COR-060,Engineering,240,2026-09-16,P4 - Routine,Approved
BLK-00373,TSK-00373,COR-066,Operating,360,2026-09-29,P2 - High,Scheduled
BLK-00374,TSK-00374,COR-032,Engineering,60,2026-09-22,P4 - Routine,Conflict Flagged
BLK-00375,TSK-00375,COR-065,Signal & Telecom,60,2026-09-29,P2 - High,Rejected
BLK-00376,TSK-00376,COR-085,Operating,120,2026-09-17,P1 - Emergency,Pending
BLK-00377,TSK-00377,COR-078,Electrical,360,2026-09-29,P1 - Emergency,Approved
BLK-00378,TSK-00378,COR-084,Signal & Telecom,300,2026-09-11,P4 - Routine,Scheduled
BLK-00379,TSK-00379,COR-053,Operating,240,2026-09-28,P2 - High,Pending
BLK-00380,TSK-00380,COR-077,Signal & Telecom,120,2026-09-23,P3 - Medium,Conflict Flagged
BLK-00381,TSK-00381,COR-063,Operating,240,2026-09-20,P3 - Medium,Conflict Flagged
BLK-00382,TSK-00382,COR-023,Engineering,180,2026-09-25,P1 - Emergency,Conflict Flagged
BLK-00383,TSK-00383,COR-051,Electrical,120,2026-09-18,P3 - Medium,Conflict Flagged
BLK-00384,TSK-00384,COR-067,Signal & Telecom,300,2026-09-09,P3 - Medium,Conflict Flagged
BLK-00385,TSK-00385,COR-060,Electrical,360,2026-09-15,P4 - Routine,Pending
BLK-00386,TSK-00386,COR-100,Signal & Telecom,60,2026-09-13,P2 - High,Scheduled
BLK-00387,TSK-00387,COR-012,Operating,360,2026-09-19,P4 - Routine,Conflict Flagged
BLK-00388,TSK-00388,COR-094,Operating,180,2026-09-18,P1 - Emergency,Approved
BLK-00389,TSK-00389,COR-019,Signal & Telecom,300,2026-09-29,P3 - Medium,Scheduled
BLK-00390,TSK-00390,COR-001,Signal & Telecom,300,2026-09-15,P2 - High,Pending
BLK-00391,TSK-00391,COR-059,Operating,360,2026-09-20,P2 - High,Scheduled
BLK-00392,TSK-00392,COR-019,Signal & Telecom,60,2026-09-21,P2 - High,Scheduled
BLK-00393,TSK-00393,COR-023,Operating,240,2026-09-14,P1 - Emergency,Approved
BLK-00394,TSK-00394,COR-099,Engineering,180,2026-09-27,P2 - High,Conflict Flagged
BLK-00395,TSK-00395,COR-068,Electrical,60,2026-09-16,P4 - Routine,Pending
BLK-00396,TSK-00396,COR-068,Electrical,240,2026-09-10,P1 - Emergency,Rejected
BLK-00397,TSK-00397,COR-025,Electrical,120,2026-09-24,P1 - Emergency,Scheduled
BLK-00398,TSK-00398,COR-082,Engineering,60,2026-09-24,P4 - Routine,Pending
BLK-00399,TSK-00399,COR-023,Engineering,360,2026-09-24,P1 - Emergency,Conflict Flagged
BLK-00400,TSK-00400,COR-053,Operating,360,2026-09-21,P1 - Emergency,Rejected
BLK-00401,TSK-00401,COR-009,Electrical,240,2026-09-16,P2 - High,Scheduled
BLK-00402,TSK-00402,COR-091,Electrical,60,2026-09-27,P1 - Emergency,Scheduled
BLK-00403,TSK-00403,COR-015,Signal & Telecom,360,2026-09-10,P1 - Emergency,Pending
BLK-00404,TSK-00404,COR-062,Electrical,300,2026-09-09,P3 - Medium,Scheduled
BLK-00405,TSK-00405,COR-050,Operating,300,2026-09-17,P1 - Emergency,Scheduled
BLK-00406,TSK-00406,COR-074,Engineering,360,2026-09-28,P2 - High,Rejected
BLK-00407,TSK-00407,COR-020,Electrical,300,2026-09-16,P3 - Medium,Pending
BLK-00408,TSK-00408,COR-091,Signal & Telecom,360,2026-09-22,P2 - High,Rejected
BLK-00409,TSK-00409,COR-087,Operating,60,2026-09-20,P3 - Medium,Scheduled
BLK-00410,TSK-00410,COR-097,Engineering,360,2026-09-22,P4 - Routine,Approved
BLK-00411,TSK-00411,COR-029,Signal & Telecom,360,2026-09-19,P2 - High,Rejected
BLK-00412,TSK-00412,COR-015,Operating,300,2026-09-18,P2 - High,Rejected
BLK-00413,TSK-00413,COR-039,Engineering,60,2026-09-11,P1 - Emergency,Scheduled
BLK-00414,TSK-00414,COR-056,Operating,240,2026-09-09,P1 - Emergency,Rejected
BLK-00415,TSK-00415,COR-072,Electrical,300,2026-09-23,P2 - High,Rejected
BLK-00416,TSK-00416,COR-012,Engineering,300,2026-09-15,P4 - Routine,Rejected
BLK-00417,TSK-00417,COR-079,Operating,180,2026-09-27,P2 - High,Scheduled
BLK-00418,TSK-00418,COR-017,Operating,180,2026-09-27,P4 - Routine,Scheduled
BLK-00419,TSK-00419,COR-090,Operating,240,2026-09-12,P2 - High,Pending
BLK-00420,TSK-00420,COR-054,Electrical,120,2026-09-25,P1 - Emergency,Conflict Flagged
BLK-00421,TSK-00421,COR-018,Engineering,300,2026-09-16,P4 - Routine,Approved
BLK-00422,TSK-00422,COR-050,Operating,240,2026-09-16,P2 - High,Approved
BLK-00423,TSK-00423,COR-005,Engineering,120,2026-09-24,P4 - Routine,Conflict Flagged
BLK-00424,TSK-00424,COR-067,Engineering,180,2026-09-27,P2 - High,Conflict Flagged
BLK-00425,TSK-00425,COR-069,Electrical,60,2026-09-21,P1 - Emergency,Scheduled
BLK-00426,TSK-00426,COR-089,Engineering,360,2026-09-20,P2 - High,Conflict Flagged
BLK-00427,TSK-00427,COR-037,Engineering,360,2026-09-09,P4 - Routine,Scheduled
BLK-00428,TSK-00428,COR-078,Engineering,240,2026-09-15,P4 - Routine,Rejected
BLK-00429,TSK-00429,COR-044,Engineering,360,2026-09-29,P3 - Medium,Approved
BLK-00430,TSK-00430,COR-007,Electrical,60,2026-09-16,P2 - High,Rejected
BLK-00431,TSK-00431,COR-088,Operating,180,2026-09-19,P3 - Medium,Scheduled
BLK-00432,TSK-00432,COR-013,Engineering,60,2026-09-18,P4 - Routine,Conflict Flagged
BLK-00433,TSK-00433,COR-060,Operating,240,2026-09-26,P3 - Medium,Conflict Flagged
BLK-00434,TSK-00434,COR-002,Engineering,240,2026-09-10,P3 - Medium,Approved
BLK-00435,TSK-00435,COR-077,Engineering,60,2026-09-10,P2 - High,Approved
BLK-00436,TSK-00436,COR-090,Engineering,300,2026-09-17,P2 - High,Scheduled
BLK-00437,TSK-00437,COR-036,Engineering,240,2026-09-12,P3 - Medium,Approved
BLK-00438,TSK-00438,COR-023,Operating,300,2026-09-28,P4 - Routine,Conflict Flagged
BLK-00439,TSK-00439,COR-010,Engineering,300,2026-09-19,P3 - Medium,Scheduled
BLK-00440,TSK-00440,COR-090,Signal & Telecom,60,2026-09-13,P1 - Emergency,Scheduled
BLK-00441,TSK-00441,COR-050,Engineering,60,2026-09-29,P3 - Medium,Conflict Flagged
BLK-00442,TSK-00442,COR-047,Engineering,180,2026-09-21,P2 - High,Conflict Flagged
BLK-00443,TSK-00443,COR-039,Signal & Telecom,240,2026-09-20,P2 - High,Approved
BLK-00444,TSK-00444,COR-063,Signal & Telecom,360,2026-09-22,P2 - High,Pending
BLK-00445,TSK-00445,COR-052,Engineering,60,2026-09-25,P3 - Medium,Pending
BLK-00446,TSK-00446,COR-084,Operating,120,2026-09-27,P2 - High,Approved
BLK-00447,TSK-00447,COR-079,Operating,180,2026-09-13,P2 - High,Rejected
BLK-00448,TSK-00448,COR-042,Operating,180,2026-09-21,P4 - Routine,Scheduled
BLK-00449,TSK-00449,COR-036,Engineering,180,2026-09-28,P2 - High,Pending
BLK-00450,TSK-00450,COR-003,Signal & Telecom,60,2026-09-13,P4 - Routine,Approved
BLK-00451,TSK-00451,COR-082,Signal & Telecom,300,2026-09-09,P4 - Routine,Conflict Flagged
BLK-00452,TSK-00452,COR-045,Electrical,60,2026-09-17,P4 - Routine,Rejected
BLK-00453,TSK-00453,COR-099,Operating,360,2026-09-27,P1 - Emergency,Rejected
BLK-00454,TSK-00454,COR-083,Engineering,300,2026-09-16,P4 - Routine,Pending
BLK-00455,TSK-00455,COR-004,Signal & Telecom,60,2026-09-17,P1 - Emergency,Approved
BLK-00456,TSK-00456,COR-030,Electrical,240,2026-09-13,P2 - High,Rejected
BLK-00457,TSK-00457,COR-028,Signal & Telecom,360,2026-09-10,P2 - High,Scheduled
BLK-00458,TSK-00458,COR-089,Engineering,120,2026-09-26,P2 - High,Pending
BLK-00459,TSK-00459,COR-074,Signal & Telecom,180,2026-09-25,P2 - High,Rejected
BLK-00460,TSK-00460,COR-094,Engineering,300,2026-09-23,P1 - Emergency,Pending
BLK-00461,TSK-00461,COR-006,Engineering,360,2026-09-12,P2 - High,Pending
BLK-00462,TSK-00462,COR-011,Signal & Telecom,360,2026-09-18,P3 - Medium,Scheduled
BLK-00463,TSK-00463,COR-021,Electrical,60,2026-09-18,P1 - Emergency,Approved
BLK-00464,TSK-00464,COR-091,Operating,360,2026-09-15,P2 - High,Scheduled
BLK-00465,TSK-00465,COR-088,Signal & Telecom,180,2026-09-14,P4 - Routine,Conflict Flagged
BLK-00466,TSK-00466,COR-047,Engineering,60,2026-09-26,P4 - Routine,Pending
BLK-00467,TSK-00467,COR-095,Operating,60,2026-09-20,P4 - Routine,Conflict Flagged
BLK-00468,TSK-00468,COR-007,Electrical,360,2026-09-14,P3 - Medium,Conflict Flagged
BLK-00469,TSK-00469,COR-080,Operating,120,2026-09-13,P3 - Medium,Scheduled
BLK-00470,TSK-00470,COR-014,Engineering,180,2026-09-20,P1 - Emergency,Rejected
BLK-00471,TSK-00471,COR-061,Signal & Telecom,300,2026-09-15,P4 - Routine,Rejected
BLK-00472,TSK-00472,COR-084,Electrical,180,2026-09-25,P2 - High,Conflict Flagged
BLK-00473,TSK-00473,COR-034,Signal & Telecom,120,2026-09-26,P3 - Medium,Rejected
BLK-00474,TSK-00474,COR-024,Electrical,240,2026-09-09,P4 - Routine,Pending
BLK-00475,TSK-00475,COR-024,Electrical,60,2026-09-23,P4 - Routine,Rejected
BLK-00476,TSK-00476,COR-052,Engineering,120,2026-09-10,P1 - Emergency,Conflict Flagged
BLK-00477,TSK-00477,COR-044,Operating,240,2026-09-13,P1 - Emergency,Rejected
BLK-00478,TSK-00478,COR-046,Operating,60,2026-09-20,P3 - Medium,Scheduled
BLK-00479,TSK-00479,COR-066,Engineering,240,2026-09-12,P3 - Medium,Rejected
BLK-00480,TSK-00480,COR-048,Operating,360,2026-09-13,P3 - Medium,Conflict Flagged
BLK-00481,TSK-00481,COR-021,Electrical,240,2026-09-15,P2 - High,Approved
BLK-00482,TSK-00482,COR-061,Electrical,360,2026-09-29,P1 - Emergency,Approved
BLK-00483,TSK-00483,COR-072,Signal & Telecom,60,2026-09-18,P2 - High,Scheduled
BLK-00484,TSK-00484,COR-064,Electrical,60,2026-09-22,P3 - Medium,Scheduled
BLK-00485,TSK-00485,COR-023,Operating,300,2026-09-14,P3 - Medium,Scheduled
BLK-00486,TSK-00486,COR-034,Operating,300,2026-09-21,P2 - High,Rejected
BLK-00487,TSK-00487,COR-060,Electrical,240,2026-09-12,P3 - Medium,Rejected
BLK-00488,TSK-00488,COR-099,Signal & Telecom,60,2026-09-28,P3 - Medium,Rejected
BLK-00489,TSK-00489,COR-069,Engineering,60,2026-09-22,P2 - High,Scheduled
BLK-00490,TSK-00490,COR-020,Signal & Telecom,300,2026-09-29,P4 - Routine,Rejected
BLK-00491,TSK-00491,COR-062,Engineering,180,2026-09-28,P3 - Medium,Scheduled
BLK-00492,TSK-00492,COR-017,Signal & Telecom,120,2026-09-09,P1 - Emergency,Rejected
BLK-00493,TSK-00493,COR-097,Operating,300,2026-09-26,P4 - Routine,Scheduled
BLK-00494,TSK-00494,COR-086,Electrical,60,2026-09-13,P4 - Routine,Conflict Flagged
BLK-00495,TSK-00495,COR-096,Signal & Telecom,180,2026-09-21,P1 - Emergency,Pending
BLK-00496,TSK-00496,COR-092,Signal & Telecom,180,2026-09-17,P1 - Emergency,Pending
BLK-00497,TSK-00497,COR-057,Signal & Telecom,360,2026-09-25,P2 - High,Approved
BLK-00498,TSK-00498,COR-067,Engineering,360,2026-09-15,P3 - Medium,Approved
BLK-00499,TSK-00499,COR-077,Operating,300,2026-09-28,P1 - Emergency,Approved
BLK-00500,TSK-00500,COR-002,Signal & Telecom,120,2026-09-22,P1 - Emergency,Rejected
BLK-00501,TSK-00501,COR-009,Signal & Telecom,240,2026-09-16,P2 - High,Rejected
BLK-00502,TSK-00502,COR-097,Electrical,240,2026-09-24,P4 - Routine,Conflict Flagged
BLK-00503,TSK-00503,COR-016,Engineering,120,2026-09-19,P1 - Emergency,Approved
BLK-00504,TSK-00504,COR-020,Electrical,360,2026-09-18,P2 - High,Scheduled
BLK-00505,TSK-00505,COR-070,Electrical,120,2026-09-12,P2 - High,Conflict Flagged
BLK-00506,TSK-00506,COR-049,Electrical,60,2026-09-28,P4 - Routine,Conflict Flagged
BLK-00507,TSK-00507,COR-063,Operating,120,2026-09-23,P4 - Routine,Pending
BLK-00508,TSK-00508,COR-034,Operating,60,2026-09-13,P2 - High,Conflict Flagged
BLK-00509,TSK-00509,COR-047,Signal & Telecom,180,2026-09-18,P3 - Medium,Pending
BLK-00510,TSK-00510,COR-045,Operating,180,2026-09-26,P2 - High,Conflict Flagged
BLK-00511,TSK-00511,COR-003,Signal & Telecom,360,2026-09-11,P4 - Routine,Pending
BLK-00512,TSK-00512,COR-049,Electrical,360,2026-09-11,P4 - Routine,Approved
BLK-00513,TSK-00513,COR-047,Electrical,180,2026-09-23,P3 - Medium,Rejected
BLK-00514,TSK-00514,COR-092,Engineering,360,2026-09-19,P4 - Routine,Rejected
BLK-00515,TSK-00515,COR-056,Electrical,360,2026-09-10,P4 - Routine,Scheduled
BLK-00516,TSK-00516,COR-028,Operating,240,2026-09-19,P4 - Routine,Approved
BLK-00517,TSK-00517,COR-060,Electrical,360,2026-09-14,P2 - High,Rejected
BLK-00518,TSK-00518,COR-033,Signal & Telecom,300,2026-09-10,P4 - Routine,Approved
BLK-00519,TSK-00519,COR-055,Operating,240,2026-09-12,P3 - Medium,Approved
BLK-00520,TSK-00520,COR-003,Operating,60,2026-09-19,P2 - High,Approved
BLK-00521,TSK-00521,COR-031,Signal & Telecom,180,2026-09-27,P4 - Routine,Rejected
BLK-00522,TSK-00522,COR-043,Electrical,240,2026-09-26,P3 - Medium,Scheduled
BLK-00523,TSK-00523,COR-076,Electrical,240,2026-09-25,P3 - Medium,Scheduled
BLK-00524,TSK-00524,COR-040,Electrical,300,2026-09-12,P3 - Medium,Scheduled
BLK-00525,TSK-00525,COR-088,Electrical,180,2026-09-13,P4 - Routine,Conflict Flagged
BLK-00526,TSK-00526,COR-021,Signal & Telecom,120,2026-09-10,P4 - Routine,Approved
BLK-00527,TSK-00527,COR-021,Engineering,240,2026-09-28,P4 - Routine,Approved
BLK-00528,TSK-00528,COR-083,Operating,240,2026-09-28,P3 - Medium,Scheduled
BLK-00529,TSK-00529,COR-058,Electrical,360,2026-09-21,P3 - Medium,Rejected
BLK-00530,TSK-00530,COR-051,Signal & Telecom,240,2026-09-19,P1 - Emergency,Scheduled
BLK-00531,TSK-00531,COR-034,Signal & Telecom,180,2026-09-25,P3 - Medium,Scheduled
BLK-00532,TSK-00532,COR-092,Engineering,180,2026-09-12,P2 - High,Rejected
BLK-00533,TSK-00533,COR-017,Operating,180,2026-09-14,P2 - High,Scheduled
BLK-00534,TSK-00534,COR-034,Electrical,120,2026-09-15,P2 - High,Conflict Flagged
BLK-00535,TSK-00535,COR-088,Operating,240,2026-09-21,P4 - Routine,Approved
BLK-00536,TSK-00536,COR-061,Signal & Telecom,60,2026-09-28,P4 - Routine,Scheduled
BLK-00537,TSK-00537,COR-051,Electrical,360,2026-09-21,P2 - High,Approved
BLK-00538,TSK-00538,COR-012,Signal & Telecom,120,2026-09-17,P4 - Routine,Rejected
BLK-00539,TSK-00539,COR-034,Electrical,300,2026-09-29,P1 - Emergency,Rejected
BLK-00540,TSK-00540,COR-025,Engineering,180,2026-09-11,P1 - Emergency,Pending
BLK-00541,TSK-00541,COR-091,Electrical,240,2026-09-10,P4 - Routine,Conflict Flagged
BLK-00542,TSK-00542,COR-096,Signal & Telecom,120,2026-09-12,P1 - Emergency,Approved
BLK-00543,TSK-00543,COR-032,Engineering,120,2026-09-11,P1 - Emergency,Rejected
BLK-00544,TSK-00544,COR-004,Signal & Telecom,120,2026-09-25,P1 - Emergency,Approved
BLK-00545,TSK-00545,COR-042,Operating,120,2026-09-13,P3 - Medium,Conflict Flagged
BLK-00546,TSK-00546,COR-052,Engineering,180,2026-09-09,P2 - High,Pending
BLK-00547,TSK-00547,COR-039,Engineering,60,2026-09-23,P1 - Emergency,Scheduled
BLK-00548,TSK-00548,COR-058,Operating,240,2026-09-21,P3 - Medium,Pending
BLK-00549,TSK-00549,COR-006,Engineering,360,2026-09-28,P4 - Routine,Approved
BLK-00550,TSK-00550,COR-056,Operating,180,2026-09-15,P1 - Emergency,Approved
BLK-00551,TSK-00551,COR-006,Engineering,120,2026-09-22,P2 - High,Approved
BLK-00552,TSK-00552,COR-095,Engineering,120,2026-09-21,P4 - Routine,Pending
BLK-00553,TSK-00553,COR-044,Electrical,60,2026-09-26,P3 - Medium,Approved
BLK-00554,TSK-00554,COR-015,Operating,180,2026-09-27,P2 - High,Pending
BLK-00555,TSK-00555,COR-017,Engineering,120,2026-09-10,P1 - Emergency,Scheduled
BLK-00556,TSK-00556,COR-012,Signal & Telecom,360,2026-09-15,P2 - High,Approved
BLK-00557,TSK-00557,COR-058,Engineering,60,2026-09-10,P3 - Medium,Pending
BLK-00558,TSK-00558,COR-005,Electrical,60,2026-09-11,P4 - Routine,Approved
BLK-00559,TSK-00559,COR-074,Operating,180,2026-09-22,P2 - High,Approved
BLK-00560,TSK-00560,COR-093,Electrical,240,2026-09-09,P4 - Routine,Rejected
BLK-00561,TSK-00561,COR-054,Operating,120,2026-09-10,P3 - Medium,Rejected
BLK-00562,TSK-00562,COR-023,Signal & Telecom,360,2026-09-28,P1 - Emergency,Scheduled
BLK-00563,TSK-00563,COR-046,Engineering,120,2026-09-25,P3 - Medium,Scheduled
BLK-00564,TSK-00564,COR-072,Engineering,360,2026-09-17,P4 - Routine,Rejected
BLK-00565,TSK-00565,COR-057,Engineering,360,2026-09-13,P3 - Medium,Conflict Flagged
BLK-00566,TSK-00566,COR-027,Engineering,240,2026-09-09,P4 - Routine,Pending
BLK-00567,TSK-00567,COR-026,Engineering,60,2026-09-19,P1 - Emergency,Pending
BLK-00568,TSK-00568,COR-048,Electrical,180,2026-09-19,P3 - Medium,Rejected
BLK-00569,TSK-00569,COR-067,Operating,300,2026-09-20,P4 - Routine,Approved
BLK-00570,TSK-00570,COR-099,Operating,240,2026-09-19,P4 - Routine,Conflict Flagged
BLK-00571,TSK-00571,COR-088,Operating,360,2026-09-10,P1 - Emergency,Rejected
BLK-00572,TSK-00572,COR-070,Signal & Telecom,300,2026-09-12,P4 - Routine,Scheduled
BLK-00573,TSK-00573,COR-050,Electrical,120,2026-09-25,P2 - High,Conflict Flagged
BLK-00574,TSK-00574,COR-097,Electrical,240,2026-09-18,P2 - High,Scheduled
BLK-00575,TSK-00575,COR-081,Electrical,360,2026-09-15,P3 - Medium,Rejected
BLK-00576,TSK-00576,COR-039,Electrical,240,2026-09-29,P2 - High,Pending
BLK-00577,TSK-00577,COR-100,Signal & Telecom,180,2026-09-13,P1 - Emergency,Conflict Flagged
BLK-00578,TSK-00578,COR-010,Operating,240,2026-09-15,P1 - Emergency,Conflict Flagged
BLK-00579,TSK-00579,COR-094,Operating,180,2026-09-22,P3 - Medium,Approved
BLK-00580,TSK-00580,COR-059,Signal & Telecom,60,2026-09-14,P1 - Emergency,Rejected
BLK-00581,TSK-00581,COR-074,Electrical,120,2026-09-27,P3 - Medium,Conflict Flagged
BLK-00582,TSK-00582,COR-076,Signal & Telecom,240,2026-09-24,P3 - Medium,Scheduled
BLK-00583,TSK-00583,COR-054,Engineering,60,2026-09-17,P1 - Emergency,Scheduled
BLK-00584,TSK-00584,COR-086,Operating,300,2026-09-09,P3 - Medium,Rejected
BLK-00585,TSK-00585,COR-095,Operating,360,2026-09-27,P1 - Emergency,Approved
BLK-00586,TSK-00586,COR-080,Signal & Telecom,180,2026-09-14,P1 - Emergency,Pending
BLK-00587,TSK-00587,COR-036,Engineering,180,2026-09-25,P3 - Medium,Pending
BLK-00588,TSK-00588,COR-056,Electrical,180,2026-09-17,P3 - Medium,Approved
BLK-00589,TSK-00589,COR-024,Signal & Telecom,60,2026-09-15,P1 - Emergency,Rejected
BLK-00590,TSK-00590,COR-050,Electrical,360,2026-09-11,P3 - Medium,Pending
BLK-00591,TSK-00591,COR-066,Operating,360,2026-09-28,P4 - Routine,Conflict Flagged
BLK-00592,TSK-00592,COR-082,Operating,300,2026-09-18,P4 - Routine,Scheduled
BLK-00593,TSK-00593,COR-058,Operating,360,2026-09-15,P4 - Routine,Conflict Flagged
BLK-00594,TSK-00594,COR-006,Operating,360,2026-09-25,P3 - Medium,Approved
BLK-00595,TSK-00595,COR-045,Operating,120,2026-09-13,P2 - High,Pending
BLK-00596,TSK-00596,COR-056,Electrical,360,2026-09-12,P4 - Routine,Rejected
BLK-00597,TSK-00597,COR-059,Signal & Telecom,120,2026-09-23,P2 - High,Rejected
BLK-00598,TSK-00598,COR-098,Operating,120,2026-09-15,P4 - Routine,Pending
BLK-00599,TSK-00599,COR-023,Operating,360,2026-09-09,P4 - Routine,Rejected
BLK-00600,TSK-00600,COR-025,Electrical,60,2026-09-14,P1 - Emergency,Scheduled
BLK-00601,TSK-00601,COR-001,Signal & Telecom,240,2026-09-14,P4 - Routine,Pending
BLK-00602,TSK-00602,COR-076,Engineering,60,2026-09-21,P1 - Emergency,Pending
BLK-00603,TSK-00603,COR-001,Operating,180,2026-09-12,P1 - Emergency,Approved
BLK-00604,TSK-00604,COR-067,Electrical,300,2026-09-17,P4 - Routine,Scheduled
BLK-00605,TSK-00605,COR-043,Signal & Telecom,180,2026-09-10,P3 - Medium,Conflict Flagged
BLK-00606,TSK-00606,COR-040,Electrical,360,2026-09-21,P2 - High,Rejected
BLK-00607,TSK-00607,COR-061,Engineering,240,2026-09-20,P3 - Medium,Conflict Flagged
BLK-00608,TSK-00608,COR-011,Engineering,120,2026-09-15,P4 - Routine,Rejected
BLK-00609,TSK-00609,COR-009,Operating,120,2026-09-28,P2 - High,Conflict Flagged
BLK-00610,TSK-00610,COR-050,Operating,360,2026-09-22,P1 - Emergency,Scheduled
BLK-00611,TSK-00611,COR-014,Engineering,180,2026-09-17,P2 - High,Approved
BLK-00612,TSK-00612,COR-024,Operating,300,2026-09-27,P2 - High,Scheduled
BLK-00613,TSK-00613,COR-061,Signal & Telecom,180,2026-09-17,P3 - Medium,Rejected
BLK-00614,TSK-00614,COR-045,Operating,300,2026-09-22,P2 - High,Conflict Flagged
BLK-00615,TSK-00615,COR-079,Electrical,60,2026-09-24,P4 - Routine,Pending
BLK-00616,TSK-00616,COR-080,Operating,180,2026-09-19,P3 - Medium,Rejected
BLK-00617,TSK-00617,COR-046,Engineering,60,2026-09-09,P2 - High,Conflict Flagged
BLK-00618,TSK-00618,COR-029,Signal & Telecom,240,2026-09-14,P1 - Emergency,Approved
BLK-00619,TSK-00619,COR-049,Signal & Telecom,240,2026-09-26,P1 - Emergency,Approved
BLK-00620,TSK-00620,COR-016,Engineering,240,2026-09-24,P4 - Routine,Conflict Flagged
BLK-00621,TSK-00621,COR-069,Signal & Telecom,360,2026-09-22,P4 - Routine,Conflict Flagged
BLK-00622,TSK-00622,COR-094,Signal & Telecom,120,2026-09-18,P2 - High,Rejected
BLK-00623,TSK-00623,COR-042,Signal & Telecom,360,2026-09-11,P1 - Emergency,Conflict Flagged
BLK-00624,TSK-00624,COR-029,Signal & Telecom,360,2026-09-15,P2 - High,Conflict Flagged
BLK-00625,TSK-00625,COR-018,Engineering,120,2026-09-09,P1 - Emergency,Conflict Flagged
BLK-00626,TSK-00626,COR-056,Operating,300,2026-09-29,P1 - Emergency,Conflict Flagged
BLK-00627,TSK-00627,COR-038,Engineering,300,2026-09-27,P3 - Medium,Approved
BLK-00628,TSK-00628,COR-043,Signal & Telecom,240,2026-09-24,P3 - Medium,Rejected
BLK-00629,TSK-00629,COR-099,Engineering,360,2026-09-18,P4 - Routine,Approved
BLK-00630,TSK-00630,COR-030,Signal & Telecom,360,2026-09-22,P3 - Medium,Rejected
BLK-00631,TSK-00631,COR-099,Operating,180,2026-09-13,P2 - High,Pending
BLK-00632,TSK-00632,COR-064,Engineering,120,2026-09-26,P3 - Medium,Pending
BLK-00633,TSK-00633,COR-018,Engineering,180,2026-09-09,P4 - Routine,Approved
BLK-00634,TSK-00634,COR-061,Signal & Telecom,180,2026-09-25,P2 - High,Approved
BLK-00635,TSK-00635,COR-004,Operating,300,2026-09-27,P3 - Medium,Rejected
BLK-00636,TSK-00636,COR-022,Engineering,360,2026-09-25,P3 - Medium,Pending
BLK-00637,TSK-00637,COR-017,Signal & Telecom,300,2026-09-27,P2 - High,Pending
BLK-00638,TSK-00638,COR-001,Signal & Telecom,360,2026-09-12,P2 - High,Rejected
BLK-00639,TSK-00639,COR-095,Engineering,60,2026-09-15,P1 - Emergency,Rejected
BLK-00640,TSK-00640,COR-080,Signal & Telecom,60,2026-09-21,P2 - High,Conflict Flagged
BLK-00641,TSK-00641,COR-090,Engineering,120,2026-09-12,P1 - Emergency,Rejected
BLK-00642,TSK-00642,COR-058,Operating,300,2026-09-26,P1 - Emergency,Rejected
BLK-00643,TSK-00643,COR-002,Engineering,300,2026-09-24,P1 - Emergency,Rejected
BLK-00644,TSK-00644,COR-018,Operating,360,2026-09-15,P2 - High,Conflict Flagged
BLK-00645,TSK-00645,COR-010,Signal & Telecom,180,2026-09-17,P4 - Routine,Conflict Flagged
BLK-00646,TSK-00646,COR-090,Operating,60,2026-09-15,P1 - Emergency,Pending
BLK-00647,TSK-00647,COR-007,Engineering,300,2026-09-23,P4 - Routine,Conflict Flagged
BLK-00648,TSK-00648,COR-025,Electrical,360,2026-09-29,P1 - Emergency,Conflict Flagged
BLK-00649,TSK-00649,COR-042,Electrical,60,2026-09-12,P4 - Routine,Rejected
BLK-00650,TSK-00650,COR-023,Electrical,60,2026-09-09,P3 - Medium,Rejected
BLK-00651,TSK-00651,COR-009,Engineering,180,2026-09-14,P4 - Routine,Pending
BLK-00652,TSK-00652,COR-077,Engineering,300,2026-09-14,P1 - Emergency,Approved
BLK-00653,TSK-00653,COR-003,Electrical,60,2026-09-15,P2 - High,Scheduled
BLK-00654,TSK-00654,COR-040,Engineering,60,2026-09-26,P2 - High,Approved
BLK-00655,TSK-00655,COR-027,Operating,360,2026-09-22,P4 - Routine,Approved
BLK-00656,TSK-00656,COR-097,Electrical,60,2026-09-17,P1 - Emergency,Rejected
BLK-00657,TSK-00657,COR-024,Electrical,120,2026-09-29,P3 - Medium,Scheduled
BLK-00658,TSK-00658,COR-031,Signal & Telecom,300,2026-09-21,P4 - Routine,Conflict Flagged
BLK-00659,TSK-00659,COR-037,Electrical,240,2026-09-18,P3 - Medium,Approved
BLK-00660,TSK-00660,COR-057,Operating,360,2026-09-13,P4 - Routine,Scheduled
BLK-00661,TSK-00661,COR-077,Electrical,120,2026-09-23,P1 - Emergency,Approved
BLK-00662,TSK-00662,COR-043,Engineering,120,2026-09-20,P3 - Medium,Rejected
BLK-00663,TSK-00663,COR-063,Operating,120,2026-09-12,P4 - Routine,Approved
BLK-00664,TSK-00664,COR-033,Operating,180,2026-09-25,P2 - High,Approved
BLK-00665,TSK-00665,COR-062,Signal & Telecom,360,2026-09-15,P2 - High,Conflict Flagged
BLK-00666,TSK-00666,COR-078,Signal & Telecom,300,2026-09-13,P3 - Medium,Pending
BLK-00667,TSK-00667,COR-022,Operating,300,2026-09-15,P1 - Emergency,Conflict Flagged
BLK-00668,TSK-00668,COR-019,Electrical,60,2026-09-12,P2 - High,Approved
BLK-00669,TSK-00669,COR-084,Operating,180,2026-09-20,P3 - Medium,Rejected
BLK-00670,TSK-00670,COR-073,Operating,360,2026-09-13,P4 - Routine,Pending
BLK-00671,TSK-00671,COR-011,Signal & Telecom,240,2026-09-10,P2 - High,Pending
BLK-00672,TSK-00672,COR-097,Electrical,120,2026-09-12,P4 - Routine,Approved
BLK-00673,TSK-00673,COR-097,Operating,120,2026-09-12,P2 - High,Conflict Flagged
BLK-00674,TSK-00674,COR-043,Electrical,360,2026-09-28,P4 - Routine,Conflict Flagged
BLK-00675,TSK-00675,COR-048,Signal & Telecom,300,2026-09-17,P3 - Medium,Scheduled
BLK-00676,TSK-00676,COR-095,Engineering,120,2026-09-20,P2 - High,Scheduled
BLK-00677,TSK-00677,COR-078,Electrical,120,2026-09-28,P4 - Routine,Rejected
BLK-00678,TSK-00678,COR-058,Signal & Telecom,300,2026-09-21,P3 - Medium,Rejected
BLK-00679,TSK-00679,COR-050,Electrical,180,2026-09-14,P2 - High,Scheduled
BLK-00680,TSK-00680,COR-029,Electrical,120,2026-09-28,P4 - Routine,Conflict Flagged
BLK-00681,TSK-00681,COR-034,Signal & Telecom,360,2026-09-15,P1 - Emergency,Conflict Flagged
BLK-00682,TSK-00682,COR-074,Operating,120,2026-09-19,P1 - Emergency,Approved
BLK-00683,TSK-00683,COR-051,Engineering,60,2026-09-13,P1 - Emergency,Pending
BLK-00684,TSK-00684,COR-096,Signal & Telecom,300,2026-09-13,P1 - Emergency,Rejected
BLK-00685,TSK-00685,COR-038,Operating,180,2026-09-24,P3 - Medium,Rejected
BLK-00686,TSK-00686,COR-039,Operating,360,2026-09-09,P3 - Medium,Scheduled
BLK-00687,TSK-00687,COR-010,Operating,240,2026-09-18,P2 - High,Rejected
BLK-00688,TSK-00688,COR-059,Electrical,240,2026-09-12,P1 - Emergency,Pending
BLK-00689,TSK-00689,COR-087,Engineering,120,2026-09-23,P2 - High,Conflict Flagged
BLK-00690,TSK-00690,COR-016,Engineering,300,2026-09-25,P3 - Medium,Approved
BLK-00691,TSK-00691,COR-039,Operating,60,2026-09-13,P4 - Routine,Approved
BLK-00692,TSK-00692,COR-002,Electrical,300,2026-09-23,P4 - Routine,Rejected
BLK-00693,TSK-00693,COR-089,Electrical,180,2026-09-19,P4 - Routine,Conflict Flagged
BLK-00694,TSK-00694,COR-092,Engineering,300,2026-09-19,P4 - Routine,Rejected
BLK-00695,TSK-00695,COR-067,Engineering,60,2026-09-12,P2 - High,Pending
BLK-00696,TSK-00696,COR-016,Electrical,120,2026-09-27,P2 - High,Conflict Flagged
BLK-00697,TSK-00697,COR-055,Signal & Telecom,360,2026-09-10,P1 - Emergency,Pending
BLK-00698,TSK-00698,COR-067,Electrical,180,2026-09-25,P3 - Medium,Pending
BLK-00699,TSK-00699,COR-028,Electrical,300,2026-09-16,P1 - Emergency,Scheduled
BLK-00700,TSK-00700,COR-049,Electrical,180,2026-09-15,P1 - Emergency,Pending
BLK-00701,TSK-00701,COR-092,Signal & Telecom,180,2026-09-20,P2 - High,Approved
BLK-00702,TSK-00702,COR-010,Signal & Telecom,300,2026-09-20,P3 - Medium,Scheduled
BLK-00703,TSK-00703,COR-036,Signal & Telecom,300,2026-09-24,P3 - Medium,Pending
BLK-00704,TSK-00704,COR-068,Engineering,360,2026-09-19,P2 - High,Scheduled
BLK-00705,TSK-00705,COR-095,Electrical,120,2026-09-12,P4 - Routine,Rejected
BLK-00706,TSK-00706,COR-085,Signal & Telecom,60,2026-09-10,P2 - High,Conflict Flagged
BLK-00707,TSK-00707,COR-046,Operating,300,2026-09-14,P2 - High,Pending
BLK-00708,TSK-00708,COR-012,Electrical,360,2026-09-17,P3 - Medium,Approved
BLK-00709,TSK-00709,COR-055,Engineering,360,2026-09-15,P4 - Routine,Rejected
BLK-00710,TSK-00710,COR-032,Electrical,300,2026-09-20,P3 - Medium,Rejected
BLK-00711,TSK-00711,COR-047,Engineering,120,2026-09-22,P2 - High,Pending
BLK-00712,TSK-00712,COR-039,Electrical,120,2026-09-22,P4 - Routine,Scheduled
BLK-00713,TSK-00713,COR-080,Operating,360,2026-09-27,P3 - Medium,Pending
BLK-00714,TSK-00714,COR-046,Operating,300,2026-09-13,P3 - Medium,Conflict Flagged
BLK-00715,TSK-00715,COR-029,Electrical,300,2026-09-15,P1 - Emergency,Conflict Flagged
BLK-00716,TSK-00716,COR-096,Electrical,360,2026-09-19,P3 - Medium,Approved
BLK-00717,TSK-00717,COR-086,Signal & Telecom,120,2026-09-14,P4 - Routine,Scheduled
BLK-00718,TSK-00718,COR-015,Signal & Telecom,300,2026-09-18,P1 - Emergency,Approved
BLK-00719,TSK-00719,COR-062,Operating,360,2026-09-23,P2 - High,Scheduled
BLK-00720,TSK-00720,COR-026,Operating,240,2026-09-20,P1 - Emergency,Pending
BLK-00721,TSK-00721,COR-017,Engineering,240,2026-09-15,P1 - Emergency,Conflict Flagged
BLK-00722,TSK-00722,COR-090,Electrical,300,2026-09-19,P2 - High,Scheduled
BLK-00723,TSK-00723,COR-045,Electrical,300,2026-09-28,P1 - Emergency,Rejected
BLK-00724,TSK-00724,COR-056,Engineering,120,2026-09-28,P4 - Routine,Approved
BLK-00725,TSK-00725,COR-095,Electrical,360,2026-09-11,P1 - Emergency,Scheduled
BLK-00726,TSK-00726,COR-017,Engineering,60,2026-09-13,P2 - High,Scheduled
BLK-00727,TSK-00727,COR-039,Electrical,240,2026-09-29,P4 - Routine,Approved
BLK-00728,TSK-00728,COR-047,Electrical,60,2026-09-24,P4 - Routine,Approved
BLK-00729,TSK-00729,COR-073,Engineering,120,2026-09-28,P2 - High,Conflict Flagged
BLK-00730,TSK-00730,COR-097,Operating,120,2026-09-14,P3 - Medium,Scheduled
BLK-00731,TSK-00731,COR-066,Engineering,240,2026-09-18,P1 - Emergency,Rejected
BLK-00732,TSK-00732,COR-029,Signal & Telecom,180,2026-09-26,P1 - Emergency,Scheduled
BLK-00733,TSK-00733,COR-001,Engineering,180,2026-09-15,P3 - Medium,Pending
BLK-00734,TSK-00734,COR-046,Engineering,180,2026-09-18,P3 - Medium,Approved
BLK-00735,TSK-00735,COR-029,Operating,180,2026-09-18,P2 - High,Conflict Flagged
BLK-00736,TSK-00736,COR-059,Signal & Telecom,180,2026-09-09,P3 - Medium,Scheduled
BLK-00737,TSK-00737,COR-088,Operating,360,2026-09-26,P3 - Medium,Rejected
BLK-00738,TSK-00738,COR-049,Engineering,300,2026-09-10,P4 - Routine,Approved
BLK-00739,TSK-00739,COR-002,Engineering,60,2026-09-25,P4 - Routine,Scheduled
BLK-00740,TSK-00740,COR-043,Electrical,240,2026-09-14,P1 - Emergency,Rejected
BLK-00741,TSK-00741,COR-066,Engineering,300,2026-09-15,P1 - Emergency,Rejected
BLK-00742,TSK-00742,COR-088,Operating,180,2026-09-13,P2 - High,Rejected
BLK-00743,TSK-00743,COR-016,Electrical,180,2026-09-16,P4 - Routine,Approved
BLK-00744,TSK-00744,COR-020,Operating,180,2026-09-10,P1 - Emergency,Approved
BLK-00745,TSK-00745,COR-001,Engineering,120,2026-09-21,P2 - High,Approved
BLK-00746,TSK-00746,COR-019,Electrical,300,2026-09-29,P1 - Emergency,Pending
BLK-00747,TSK-00747,COR-084,Signal & Telecom,120,2026-09-17,P2 - High,Scheduled
BLK-00748,TSK-00748,COR-068,Operating,60,2026-09-16,P3 - Medium,Scheduled
BLK-00749,TSK-00749,COR-015,Signal & Telecom,60,2026-09-26,P1 - Emergency,Conflict Flagged
BLK-00750,TSK-00750,COR-090,Engineering,360,2026-09-12,P3 - Medium,Scheduled
BLK-00751,TSK-00751,COR-077,Operating,240,2026-09-25,P4 - Routine,Approved
BLK-00752,TSK-00752,COR-096,Operating,60,2026-09-29,P4 - Routine,Rejected
BLK-00753,TSK-00753,COR-008,Signal & Telecom,360,2026-09-24,P3 - Medium,Pending
BLK-00754,TSK-00754,COR-091,Electrical,240,2026-09-16,P3 - Medium,Scheduled
BLK-00755,TSK-00755,COR-096,Signal & Telecom,360,2026-09-27,P3 - Medium,Rejected
BLK-00756,TSK-00756,COR-083,Electrical,60,2026-09-17,P2 - High,Conflict Flagged
BLK-00757,TSK-00757,COR-028,Engineering,180,2026-09-09,P4 - Routine,Pending
BLK-00758,TSK-00758,COR-006,Operating,120,2026-09-22,P2 - High,Approved
BLK-00759,TSK-00759,COR-017,Electrical,180,2026-09-27,P1 - Emergency,Scheduled
BLK-00760,TSK-00760,COR-021,Electrical,60,2026-09-27,P3 - Medium,Scheduled
BLK-00761,TSK-00761,COR-017,Operating,120,2026-09-25,P3 - Medium,Scheduled
BLK-00762,TSK-00762,COR-002,Engineering,180,2026-09-17,P1 - Emergency,Conflict Flagged
BLK-00763,TSK-00763,COR-021,Electrical,240,2026-09-11,P2 - High,Approved
BLK-00764,TSK-00764,COR-073,Engineering,60,2026-09-21,P1 - Emergency,Approved
BLK-00765,TSK-00765,COR-011,Electrical,300,2026-09-18,P4 - Routine,Scheduled
BLK-00766,TSK-00766,COR-038,Engineering,60,2026-09-26,P2 - High,Pending
BLK-00767,TSK-00767,COR-011,Engineering,60,2026-09-26,P2 - High,Scheduled
BLK-00768,TSK-00768,COR-090,Signal & Telecom,300,2026-09-26,P2 - High,Approved
BLK-00769,TSK-00769,COR-008,Operating,240,2026-09-12,P3 - Medium,Pending
BLK-00770,TSK-00770,COR-011,Signal & Telecom,360,2026-09-16,P1 - Emergency,Conflict Flagged
BLK-00771,TSK-00771,COR-012,Engineering,300,2026-09-23,P4 - Routine,Rejected
BLK-00772,TSK-00772,COR-089,Electrical,120,2026-09-11,P1 - Emergency,Conflict Flagged
BLK-00773,TSK-00773,COR-086,Electrical,240,2026-09-11,P1 - Emergency,Pending
BLK-00774,TSK-00774,COR-067,Electrical,120,2026-09-14,P4 - Routine,Pending
BLK-00775,TSK-00775,COR-028,Operating,360,2026-09-12,P2 - High,Conflict Flagged
BLK-00776,TSK-00776,COR-084,Operating,60,2026-09-12,P3 - Medium,Scheduled
BLK-00777,TSK-00777,COR-055,Operating,180,2026-09-29,P4 - Routine,Pending
BLK-00778,TSK-00778,COR-014,Engineering,360,2026-09-15,P4 - Routine,Approved
BLK-00779,TSK-00779,COR-028,Operating,300,2026-09-14,P3 - Medium,Approved
BLK-00780,TSK-00780,COR-048,Engineering,360,2026-09-14,P2 - High,Conflict Flagged
BLK-00781,TSK-00781,COR-020,Engineering,300,2026-09-10,P4 - Routine,Approved
BLK-00782,TSK-00782,COR-079,Signal & Telecom,120,2026-09-15,P4 - Routine,Scheduled
BLK-00783,TSK-00783,COR-030,Operating,240,2026-09-13,P4 - Routine,Conflict Flagged
BLK-00784,TSK-00784,COR-012,Signal & Telecom,360,2026-09-20,P3 - Medium,Rejected
BLK-00785,TSK-00785,COR-024,Electrical,60,2026-09-29,P4 - Routine,Scheduled
BLK-00786,TSK-00786,COR-019,Engineering,360,2026-09-18,P2 - High,Conflict Flagged
BLK-00787,TSK-00787,COR-010,Engineering,180,2026-09-19,P3 - Medium,Rejected
BLK-00788,TSK-00788,COR-088,Signal & Telecom,120,2026-09-17,P3 - Medium,Conflict Flagged
BLK-00789,TSK-00789,COR-044,Engineering,240,2026-09-09,P2 - High,Approved
BLK-00790,TSK-00790,COR-069,Engineering,120,2026-09-11,P2 - High,Approved
BLK-00791,TSK-00791,COR-094,Engineering,120,2026-09-25,P2 - High,Rejected
BLK-00792,TSK-00792,COR-056,Operating,120,2026-09-24,P1 - Emergency,Rejected
BLK-00793,TSK-00793,COR-027,Signal & Telecom,240,2026-09-15,P1 - Emergency,Scheduled
BLK-00794,TSK-00794,COR-026,Operating,300,2026-09-16,P3 - Medium,Conflict Flagged
BLK-00795,TSK-00795,COR-051,Electrical,60,2026-09-25,P1 - Emergency,Pending
BLK-00796,TSK-00796,COR-100,Signal & Telecom,180,2026-09-11,P1 - Emergency,Scheduled
BLK-00797,TSK-00797,COR-037,Operating,120,2026-09-25,P1 - Emergency,Pending
BLK-00798,TSK-00798,COR-026,Electrical,300,2026-09-10,P3 - Medium,Scheduled
BLK-00799,TSK-00799,COR-031,Operating,300,2026-09-21,P4 - Routine,Rejected
BLK-00800,TSK-00800,COR-083,Electrical,120,2026-09-15,P2 - High,Approved
BLK-00801,TSK-00801,COR-079,Operating,360,2026-09-21,P3 - Medium,Rejected
BLK-00802,TSK-00802,COR-002,Engineering,120,2026-09-16,P4 - Routine,Rejected
BLK-00803,TSK-00803,COR-006,Electrical,300,2026-09-19,P1 - Emergency,Conflict Flagged
BLK-00804,TSK-00804,COR-017,Engineering,120,2026-09-12,P1 - Emergency,Conflict Flagged
BLK-00805,TSK-00805,COR-036,Operating,120,2026-09-22,P1 - Emergency,Rejected
BLK-00806,TSK-00806,COR-010,Engineering,180,2026-09-17,P4 - Routine,Rejected
BLK-00807,TSK-00807,COR-098,Electrical,60,2026-09-26,P1 - Emergency,Rejected
BLK-00808,TSK-00808,COR-100,Signal & Telecom,60,2026-09-24,P1 - Emergency,Rejected
BLK-00809,TSK-00809,COR-059,Engineering,360,2026-09-24,P1 - Emergency,Conflict Flagged
BLK-00810,TSK-00810,COR-051,Signal & Telecom,180,2026-09-10,P3 - Medium,Pending
BLK-00811,TSK-00811,COR-025,Electrical,120,2026-09-25,P4 - Routine,Approved
BLK-00812,TSK-00812,COR-015,Signal & Telecom,180,2026-09-21,P3 - Medium,Scheduled
BLK-00813,TSK-00813,COR-029,Engineering,180,2026-09-16,P1 - Emergency,Approved
BLK-00814,TSK-00814,COR-013,Engineering,360,2026-09-27,P3 - Medium,Pending
BLK-00815,TSK-00815,COR-059,Electrical,300,2026-09-15,P3 - Medium,Approved
BLK-00816,TSK-00816,COR-061,Electrical,360,2026-09-28,P4 - Routine,Scheduled
BLK-00817,TSK-00817,COR-100,Signal & Telecom,300,2026-09-17,P2 - High,Pending
BLK-00818,TSK-00818,COR-002,Operating,120,2026-09-21,P3 - Medium,Approved
BLK-00819,TSK-00819,COR-029,Operating,180,2026-09-17,P4 - Routine,Rejected
BLK-00820,TSK-00820,COR-036,Engineering,360,2026-09-27,P4 - Routine,Scheduled
BLK-00821,TSK-00821,COR-025,Electrical,300,2026-09-28,P3 - Medium,Approved
BLK-00822,TSK-00822,COR-064,Engineering,120,2026-09-27,P2 - High,Scheduled
BLK-00823,TSK-00823,COR-059,Engineering,60,2026-09-14,P1 - Emergency,Approved
BLK-00824,TSK-00824,COR-018,Electrical,360,2026-09-19,P2 - High,Conflict Flagged
BLK-00825,TSK-00825,COR-075,Operating,360,2026-09-12,P3 - Medium,Approved
BLK-00826,TSK-00826,COR-077,Electrical,300,2026-09-29,P4 - Routine,Scheduled
BLK-00827,TSK-00827,COR-040,Electrical,60,2026-09-12,P3 - Medium,Pending
BLK-00828,TSK-00828,COR-060,Electrical,300,2026-09-21,P1 - Emergency,Approved
BLK-00829,TSK-00829,COR-075,Signal & Telecom,120,2026-09-15,P1 - Emergency,Scheduled
BLK-00830,TSK-00830,COR-007,Operating,180,2026-09-16,P3 - Medium,Approved
BLK-00831,TSK-00831,COR-090,Engineering,300,2026-09-17,P1 - Emergency,Approved
BLK-00832,TSK-00832,COR-015,Signal & Telecom,240,2026-09-10,P3 - Medium,Rejected
BLK-00833,TSK-00833,COR-008,Operating,300,2026-09-16,P1 - Emergency,Rejected
BLK-00834,TSK-00834,COR-019,Operating,360,2026-09-12,P2 - High,Pending
BLK-00835,TSK-00835,COR-048,Operating,120,2026-09-18,P1 - Emergency,Pending
BLK-00836,TSK-00836,COR-002,Operating,180,2026-09-29,P2 - High,Approved
BLK-00837,TSK-00837,COR-046,Signal & Telecom,180,2026-09-25,P1 - Emergency,Approved
BLK-00838,TSK-00838,COR-059,Electrical,180,2026-09-25,P3 - Medium,Approved
BLK-00839,TSK-00839,COR-074,Signal & Telecom,240,2026-09-14,P4 - Routine,Scheduled
BLK-00840,TSK-00840,COR-006,Engineering,360,2026-09-28,P3 - Medium,Approved
BLK-00841,TSK-00841,COR-094,Signal & Telecom,60,2026-09-21,P4 - Routine,Approved
BLK-00842,TSK-00842,COR-023,Engineering,240,2026-09-11,P1 - Emergency,Scheduled
BLK-00843,TSK-00843,COR-026,Signal & Telecom,120,2026-09-23,P3 - Medium,Approved
BLK-00844,TSK-00844,COR-001,Signal & Telecom,180,2026-09-10,P4 - Routine,Rejected
BLK-00845,TSK-00845,COR-046,Electrical,120,2026-09-13,P3 - Medium,Conflict Flagged
BLK-00846,TSK-00846,COR-067,Signal & Telecom,120,2026-09-09,P2 - High,Conflict Flagged
BLK-00847,TSK-00847,COR-009,Electrical,300,2026-09-28,P3 - Medium,Conflict Flagged
BLK-00848,TSK-00848,COR-070,Engineering,180,2026-09-17,P3 - Medium,Approved
BLK-00849,TSK-00849,COR-018,Engineering,240,2026-09-27,P3 - Medium,Conflict Flagged
BLK-00850,TSK-00850,COR-010,Electrical,180,2026-09-29,P3 - Medium,Approved
BLK-00851,TSK-00851,COR-065,Operating,120,2026-09-26,P4 - Routine,Rejected
BLK-00852,TSK-00852,COR-088,Operating,120,2026-09-15,P2 - High,Approved
BLK-00853,TSK-00853,COR-057,Engineering,300,2026-09-16,P2 - High,Pending
BLK-00854,TSK-00854,COR-053,Signal & Telecom,180,2026-09-21,P2 - High,Approved
BLK-00855,TSK-00855,COR-057,Signal & Telecom,360,2026-09-14,P2 - High,Conflict Flagged
BLK-00856,TSK-00856,COR-010,Engineering,240,2026-09-13,P1 - Emergency,Scheduled
BLK-00857,TSK-00857,COR-068,Signal & Telecom,240,2026-09-29,P4 - Routine,Conflict Flagged
BLK-00858,TSK-00858,COR-018,Signal & Telecom,360,2026-09-29,P4 - Routine,Conflict Flagged
BLK-00859,TSK-00859,COR-084,Operating,300,2026-09-21,P2 - High,Approved
BLK-00860,TSK-00860,COR-036,Engineering,360,2026-09-13,P1 - Emergency,Pending
BLK-00861,TSK-00861,COR-085,Engineering,180,2026-09-22,P1 - Emergency,Approved
BLK-00862,TSK-00862,COR-093,Electrical,360,2026-09-13,P3 - Medium,Scheduled
BLK-00863,TSK-00863,COR-074,Operating,360,2026-09-28,P3 - Medium,Rejected
BLK-00864,TSK-00864,COR-032,Engineering,360,2026-09-19,P2 - High,Pending
BLK-00865,TSK-00865,COR-040,Engineering,120,2026-09-09,P3 - Medium,Approved
BLK-00866,TSK-00866,COR-082,Operating,300,2026-09-24,P1 - Emergency,Scheduled
BLK-00867,TSK-00867,COR-034,Signal & Telecom,60,2026-09-21,P1 - Emergency,Approved
BLK-00868,TSK-00868,COR-024,Engineering,240,2026-09-11,P3 - Medium,Rejected
BLK-00869,TSK-00869,COR-070,Electrical,120,2026-09-20,P3 - Medium,Approved
BLK-00870,TSK-00870,COR-074,Electrical,300,2026-09-17,P2 - High,Approved
BLK-00871,TSK-00871,COR-053,Electrical,300,2026-09-25,P4 - Routine,Pending
BLK-00872,TSK-00872,COR-078,Engineering,240,2026-09-19,P3 - Medium,Rejected
BLK-00873,TSK-00873,COR-098,Operating,180,2026-09-17,P3 - Medium,Conflict Flagged
BLK-00874,TSK-00874,COR-085,Operating,180,2026-09-14,P2 - High,Pending
BLK-00875,TSK-00875,COR-041,Operating,180,2026-09-23,P1 - Emergency,Scheduled
BLK-00876,TSK-00876,COR-084,Electrical,60,2026-09-23,P4 - Routine,Scheduled
BLK-00877,TSK-00877,COR-037,Electrical,120,2026-09-11,P4 - Routine,Approved
BLK-00878,TSK-00878,COR-022,Engineering,360,2026-09-15,P1 - Emergency,Pending
BLK-00879,TSK-00879,COR-010,Signal & Telecom,360,2026-09-12,P3 - Medium,Rejected
BLK-00880,TSK-00880,COR-076,Electrical,240,2026-09-18,P1 - Emergency,Approved
BLK-00881,TSK-00881,COR-097,Electrical,300,2026-09-13,P4 - Routine,Pending
BLK-00882,TSK-00882,COR-049,Operating,240,2026-09-23,P3 - Medium,Scheduled
BLK-00883,TSK-00883,COR-037,Operating,120,2026-09-12,P3 - Medium,Scheduled
BLK-00884,TSK-00884,COR-045,Engineering,180,2026-09-21,P3 - Medium,Approved
BLK-00885,TSK-00885,COR-086,Signal & Telecom,240,2026-09-16,P3 - Medium,Conflict Flagged
BLK-00886,TSK-00886,COR-063,Engineering,300,2026-09-25,P1 - Emergency,Scheduled
BLK-00887,TSK-00887,COR-092,Engineering,240,2026-09-14,P3 - Medium,Rejected
BLK-00888,TSK-00888,COR-094,Signal & Telecom,300,2026-09-19,P1 - Emergency,Conflict Flagged
BLK-00889,TSK-00889,COR-025,Electrical,180,2026-09-16,P4 - Routine,Pending
BLK-00890,TSK-00890,COR-061,Electrical,60,2026-09-18,P4 - Routine,Approved
BLK-00891,TSK-00891,COR-063,Engineering,60,2026-09-23,P4 - Routine,Pending
BLK-00892,TSK-00892,COR-068,Operating,300,2026-09-21,P3 - Medium,Pending
BLK-00893,TSK-00893,COR-038,Operating,120,2026-09-17,P1 - Emergency,Scheduled
BLK-00894,TSK-00894,COR-041,Operating,240,2026-09-29,P2 - High,Pending
BLK-00895,TSK-00895,COR-035,Electrical,240,2026-09-23,P1 - Emergency,Conflict Flagged
BLK-00896,TSK-00896,COR-055,Operating,360,2026-09-28,P4 - Routine,Conflict Flagged
BLK-00897,TSK-00897,COR-069,Signal & Telecom,120,2026-09-19,P2 - High,Rejected
BLK-00898,TSK-00898,COR-099,Electrical,360,2026-09-09,P4 - Routine,Approved
BLK-00899,TSK-00899,COR-021,Electrical,360,2026-09-16,P3 - Medium,Pending
BLK-00900,TSK-00900,COR-063,Operating,120,2026-09-20,P3 - Medium,Approved
BLK-00901,TSK-00901,COR-095,Signal & Telecom,300,2026-09-28,P3 - Medium,Conflict Flagged
BLK-00902,TSK-00902,COR-095,Engineering,180,2026-09-15,P2 - High,Conflict Flagged
BLK-00903,TSK-00903,COR-026,Operating,180,2026-09-14,P4 - Routine,Pending
BLK-00904,TSK-00904,COR-037,Operating,240,2026-09-17,P3 - Medium,Conflict Flagged
BLK-00905,TSK-00905,COR-074,Signal & Telecom,120,2026-09-29,P4 - Routine,Conflict Flagged
BLK-00906,TSK-00906,COR-027,Signal & Telecom,60,2026-09-27,P4 - Routine,Pending
BLK-00907,TSK-00907,COR-033,Operating,360,2026-09-15,P2 - High,Pending
BLK-00908,TSK-00908,COR-041,Operating,360,2026-09-18,P2 - High,Conflict Flagged
BLK-00909,TSK-00909,COR-021,Engineering,240,2026-09-20,P1 - Emergency,Conflict Flagged
BLK-00910,TSK-00910,COR-018,Operating,120,2026-09-20,P2 - High,Rejected
BLK-00911,TSK-00911,COR-073,Electrical,360,2026-09-10,P4 - Routine,Rejected
BLK-00912,TSK-00912,COR-043,Signal & Telecom,300,2026-09-21,P4 - Routine,Pending
BLK-00913,TSK-00913,COR-009,Operating,120,2026-09-20,P2 - High,Rejected
BLK-00914,TSK-00914,COR-009,Signal & Telecom,180,2026-09-10,P3 - Medium,Pending
BLK-00915,TSK-00915,COR-080,Electrical,120,2026-09-20,P3 - Medium,Rejected
BLK-00916,TSK-00916,COR-023,Electrical,240,2026-09-22,P1 - Emergency,Scheduled
BLK-00917,TSK-00917,COR-027,Operating,60,2026-09-24,P4 - Routine,Rejected
BLK-00918,TSK-00918,COR-007,Engineering,300,2026-09-15,P4 - Routine,Pending
BLK-00919,TSK-00919,COR-100,Operating,240,2026-09-24,P1 - Emergency,Rejected
BLK-00920,TSK-00920,COR-056,Signal & Telecom,300,2026-09-22,P3 - Medium,Scheduled
BLK-00921,TSK-00921,COR-094,Electrical,120,2026-09-24,P1 - Emergency,Conflict Flagged
BLK-00922,TSK-00922,COR-076,Engineering,240,2026-09-09,P4 - Routine,Approved
BLK-00923,TSK-00923,COR-006,Operating,180,2026-09-26,P4 - Routine,Pending
BLK-00924,TSK-00924,COR-096,Operating,300,2026-09-09,P3 - Medium,Pending
BLK-00925,TSK-00925,COR-008,Engineering,120,2026-09-11,P1 - Emergency,Scheduled
BLK-00926,TSK-00926,COR-076,Signal & Telecom,240,2026-09-24,P1 - Emergency,Conflict Flagged
BLK-00927,TSK-00927,COR-023,Engineering,300,2026-09-28,P4 - Routine,Approved
BLK-00928,TSK-00928,COR-044,Engineering,120,2026-09-16,P3 - Medium,Rejected
BLK-00929,TSK-00929,COR-041,Signal & Telecom,360,2026-09-28,P1 - Emergency,Approved
BLK-00930,TSK-00930,COR-040,Signal & Telecom,360,2026-09-28,P1 - Emergency,Pending
BLK-00931,TSK-00931,COR-038,Signal & Telecom,180,2026-09-28,P1 - Emergency,Conflict Flagged
BLK-00932,TSK-00932,COR-075,Engineering,240,2026-09-25,P1 - Emergency,Rejected
BLK-00933,TSK-00933,COR-066,Engineering,360,2026-09-26,P1 - Emergency,Approved
BLK-00934,TSK-00934,COR-076,Operating,300,2026-09-16,P4 - Routine,Approved
BLK-00935,TSK-00935,COR-043,Operating,120,2026-09-15,P4 - Routine,Rejected
BLK-00936,TSK-00936,COR-094,Operating,60,2026-09-15,P3 - Medium,Pending
BLK-00937,TSK-00937,COR-098,Signal & Telecom,60,2026-09-26,P3 - Medium,Approved
BLK-00938,TSK-00938,COR-039,Signal & Telecom,120,2026-09-23,P3 - Medium,Approved
BLK-00939,TSK-00939,COR-099,Electrical,240,2026-09-28,P1 - Emergency,Pending
BLK-00940,TSK-00940,COR-024,Engineering,180,2026-09-26,P4 - Routine,Conflict Flagged
BLK-00941,TSK-00941,COR-071,Operating,180,2026-09-23,P3 - Medium,Scheduled
BLK-00942,TSK-00942,COR-098,Electrical,360,2026-09-13,P3 - Medium,Scheduled
BLK-00943,TSK-00943,COR-086,Operating,240,2026-09-20,P1 - Emergency,Pending
BLK-00944,TSK-00944,COR-010,Operating,60,2026-09-13,P2 - High,Rejected
BLK-00945,TSK-00945,COR-037,Signal & Telecom,360,2026-09-27,P2 - High,Rejected
BLK-00946,TSK-00946,COR-011,Operating,60,2026-09-24,P4 - Routine,Approved
BLK-00947,TSK-00947,COR-002,Operating,240,2026-09-10,P2 - High,Conflict Flagged
BLK-00948,TSK-00948,COR-100,Electrical,180,2026-09-17,P1 - Emergency,Rejected
BLK-00949,TSK-00949,COR-044,Engineering,300,2026-09-11,P3 - Medium,Conflict Flagged
BLK-00950,TSK-00950,COR-063,Engineering,360,2026-09-27,P3 - Medium,Rejected
BLK-00951,TSK-00951,COR-038,Signal & Telecom,240,2026-09-25,P3 - Medium,Approved
BLK-00952,TSK-00952,COR-023,Signal & Telecom,120,2026-09-27,P2 - High,Approved
BLK-00953,TSK-00953,COR-010,Engineering,360,2026-09-13,P3 - Medium,Rejected
BLK-00954,TSK-00954,COR-052,Operating,300,2026-09-19,P4 - Routine,Approved
BLK-00955,TSK-00955,COR-079,Electrical,240,2026-09-11,P2 - High,Pending
BLK-00956,TSK-00956,COR-036,Signal & Telecom,180,2026-09-14,P4 - Routine,Approved
BLK-00957,TSK-00957,COR-036,Signal & Telecom,360,2026-09-26,P3 - Medium,Rejected
BLK-00958,TSK-00958,COR-076,Operating,360,2026-09-20,P3 - Medium,Approved
BLK-00959,TSK-00959,COR-060,Signal & Telecom,180,2026-09-17,P2 - High,Rejected
BLK-00960,TSK-00960,COR-072,Operating,300,2026-09-28,P2 - High,Approved
BLK-00961,TSK-00961,COR-080,Signal & Telecom,120,2026-09-19,P2 - High,Pending
BLK-00962,TSK-00962,COR-013,Engineering,300,2026-09-25,P4 - Routine,Conflict Flagged
BLK-00963,TSK-00963,COR-077,Operating,180,2026-09-28,P4 - Routine,Rejected
BLK-00964,TSK-00964,COR-064,Operating,300,2026-09-15,P3 - Medium,Approved
BLK-00965,TSK-00965,COR-084,Operating,300,2026-09-23,P4 - Routine,Pending
BLK-00966,TSK-00966,COR-079,Signal & Telecom,120,2026-09-28,P3 - Medium,Scheduled
BLK-00967,TSK-00967,COR-048,Engineering,120,2026-09-29,P2 - High,Rejected
BLK-00968,TSK-00968,COR-092,Operating,300,2026-09-14,P1 - Emergency,Conflict Flagged
BLK-00969,TSK-00969,COR-023,Signal & Telecom,360,2026-09-24,P3 - Medium,Approved
BLK-00970,TSK-00970,COR-088,Engineering,60,2026-09-19,P1 - Emergency,Approved
BLK-00971,TSK-00971,COR-062,Operating,240,2026-09-19,P4 - Routine,Approved
BLK-00972,TSK-00972,COR-014,Engineering,300,2026-09-10,P3 - Medium,Pending
BLK-00973,TSK-00973,COR-027,Operating,180,2026-09-09,P3 - Medium,Scheduled
BLK-00974,TSK-00974,COR-043,Operating,60,2026-09-10,P2 - High,Scheduled
BLK-00975,TSK-00975,COR-073,Electrical,240,2026-09-24,P3 - Medium,Scheduled
BLK-00976,TSK-00976,COR-078,Signal & Telecom,120,2026-09-19,P2 - High,Conflict Flagged
BLK-00977,TSK-00977,COR-062,Operating,240,2026-09-14,P1 - Emergency,Conflict Flagged
BLK-00978,TSK-00978,COR-023,Operating,240,2026-09-16,P1 - Emergency,Pending
BLK-00979,TSK-00979,COR-046,Signal & Telecom,60,2026-09-20,P2 - High,Conflict Flagged
BLK-00980,TSK-00980,COR-065,Electrical,240,2026-09-23,P2 - High,Conflict Flagged
BLK-00981,TSK-00981,COR-033,Signal & Telecom,180,2026-09-12,P1 - Emergency,Pending
BLK-00982,TSK-00982,COR-096,Engineering,120,2026-09-17,P3 - Medium,Scheduled
BLK-00983,TSK-00983,COR-013,Operating,120,2026-09-19,P2 - High,Scheduled
BLK-00984,TSK-00984,COR-013,Signal & Telecom,360,2026-09-21,P1 - Emergency,Conflict Flagged
BLK-00985,TSK-00985,COR-033,Engineering,180,2026-09-29,P4 - Routine,Scheduled
BLK-00986,TSK-00986,COR-036,Electrical,240,2026-09-11,P3 - Medium,Approved
BLK-00987,TSK-00987,COR-021,Operating,360,2026-09-24,P1 - Emergency,Scheduled
BLK-00988,TSK-00988,COR-098,Engineering,180,2026-09-10,P2 - High,Approved
BLK-00989,TSK-00989,COR-042,Signal & Telecom,300,2026-09-12,P1 - Emergency,Pending
BLK-00990,TSK-00990,COR-030,Electrical,300,2026-09-19,P2 - High,Pending
BLK-00991,TSK-00991,COR-073,Operating,240,2026-09-14,P2 - High,Approved
BLK-00992,TSK-00992,COR-085,Signal & Telecom,240,2026-09-25,P1 - Emergency,Scheduled
BLK-00993,TSK-00993,COR-036,Operating,60,2026-09-26,P1 - Emergency,Scheduled
BLK-00994,TSK-00994,COR-078,Electrical,60,2026-09-28,P3 - Medium,Approved
BLK-00995,TSK-00995,COR-096,Signal & Telecom,60,2026-09-22,P4 - Routine,Conflict Flagged
BLK-00996,TSK-00996,COR-042,Signal & Telecom,300,2026-09-19,P2 - High,Pending
BLK-00997,TSK-00997,COR-096,Operating,60,2026-09-22,P4 - Routine,Pending
BLK-00998,TSK-00998,COR-016,Signal & Telecom,360,2026-09-17,P4 - Routine,Pending
BLK-00999,TSK-00999,COR-065,Engineering,120,2026-09-22,P4 - Routine,Approved
BLK-01000,TSK-01000,COR-069,Engineering,300,2026-09-17,P2 - High,Rejected
BLK-01001,TSK-01001,COR-095,Operating,180,2026-09-21,P4 - Routine,Approved
BLK-01002,TSK-01002,COR-001,Electrical,180,2026-09-25,P3 - Medium,Conflict Flagged
BLK-01003,TSK-01003,COR-084,Operating,180,2026-09-10,P3 - Medium,Scheduled
BLK-01004,TSK-01004,COR-013,Signal & Telecom,360,2026-09-29,P2 - High,Conflict Flagged
BLK-01005,TSK-01005,COR-039,Signal & Telecom,120,2026-09-20,P4 - Routine,Scheduled
BLK-01006,TSK-01006,COR-057,Engineering,300,2026-09-27,P3 - Medium,Conflict Flagged
BLK-01007,TSK-01007,COR-023,Engineering,300,2026-09-28,P1 - Emergency,Pending
BLK-01008,TSK-01008,COR-027,Signal & Telecom,180,2026-09-25,P3 - Medium,Approved
BLK-01009,TSK-01009,COR-013,Operating,240,2026-09-16,P1 - Emergency,Approved
BLK-01010,TSK-01010,COR-036,Engineering,240,2026-09-14,P2 - High,Approved
BLK-01011,TSK-01011,COR-089,Signal & Telecom,300,2026-09-13,P4 - Routine,Rejected
BLK-01012,TSK-01012,COR-023,Signal & Telecom,240,2026-09-26,P1 - Emergency,Scheduled
BLK-01013,TSK-01013,COR-081,Operating,240,2026-09-13,P4 - Routine,Scheduled
BLK-01014,TSK-01014,COR-006,Operating,180,2026-09-13,P2 - High,Conflict Flagged
BLK-01015,TSK-01015,COR-015,Engineering,180,2026-09-25,P4 - Routine,Scheduled
BLK-01016,TSK-01016,COR-085,Electrical,60,2026-09-27,P4 - Routine,Pending
BLK-01017,TSK-01017,COR-085,Signal & Telecom,180,2026-09-16,P3 - Medium,Approved
BLK-01018,TSK-01018,COR-091,Electrical,120,2026-09-20,P4 - Routine,Scheduled
BLK-01019,TSK-01019,COR-096,Engineering,240,2026-09-19,P3 - Medium,Pending
BLK-01020,TSK-01020,COR-042,Operating,300,2026-09-23,P2 - High,Rejected
BLK-01021,TSK-01021,COR-016,Operating,180,2026-09-21,P1 - Emergency,Rejected
BLK-01022,TSK-01022,COR-086,Engineering,300,2026-09-29,P3 - Medium,Scheduled
BLK-01023,TSK-01023,COR-015,Operating,300,2026-09-22,P3 - Medium,Pending
BLK-01024,TSK-01024,COR-019,Signal & Telecom,180,2026-09-13,P2 - High,Pending
BLK-01025,TSK-01025,COR-070,Electrical,120,2026-09-25,P2 - High,Approved
BLK-01026,TSK-01026,COR-036,Signal & Telecom,120,2026-09-21,P3 - Medium,Scheduled
BLK-01027,TSK-01027,COR-010,Engineering,240,2026-09-16,P2 - High,Approved
BLK-01028,TSK-01028,COR-021,Operating,60,2026-09-19,P3 - Medium,Pending
BLK-01029,TSK-01029,COR-029,Engineering,300,2026-09-18,P3 - Medium,Rejected
BLK-01030,TSK-01030,COR-082,Engineering,60,2026-09-10,P2 - High,Pending
BLK-01031,TSK-01031,COR-020,Operating,300,2026-09-19,P2 - High,Scheduled
BLK-01032,TSK-01032,COR-075,Operating,180,2026-09-11,P2 - High,Scheduled
BLK-01033,TSK-01033,COR-054,Operating,60,2026-09-28,P3 - Medium,Pending
BLK-01034,TSK-01034,COR-002,Engineering,360,2026-09-13,P1 - Emergency,Rejected
BLK-01035,TSK-01035,COR-006,Operating,120,2026-09-13,P1 - Emergency,Scheduled
BLK-01036,TSK-01036,COR-083,Electrical,300,2026-09-17,P4 - Routine,Conflict Flagged
BLK-01037,TSK-01037,COR-081,Engineering,60,2026-09-28,P2 - High,Scheduled
BLK-01038,TSK-01038,COR-058,Electrical,120,2026-09-10,P3 - Medium,Conflict Flagged
BLK-01039,TSK-01039,COR-100,Electrical,300,2026-09-14,P4 - Routine,Approved
BLK-01040,TSK-01040,COR-041,Operating,360,2026-09-22,P3 - Medium,Scheduled
BLK-01041,TSK-01041,COR-042,Signal & Telecom,180,2026-09-22,P4 - Routine,Approved
BLK-01042,TSK-01042,COR-012,Signal & Telecom,180,2026-09-17,P2 - High,Rejected
BLK-01043,TSK-01043,COR-095,Engineering,180,2026-09-18,P2 - High,Rejected
BLK-01044,TSK-01044,COR-086,Signal & Telecom,60,2026-09-09,P1 - Emergency,Conflict Flagged
BLK-01045,TSK-01045,COR-032,Electrical,60,2026-09-20,P2 - High,Pending
BLK-01046,TSK-01046,COR-096,Operating,180,2026-09-25,P3 - Medium,Scheduled
BLK-01047,TSK-01047,COR-089,Engineering,240,2026-09-17,P2 - High,Rejected
BLK-01048,TSK-01048,COR-078,Engineering,180,2026-09-12,P1 - Emergency,Conflict Flagged
BLK-01049,TSK-01049,COR-022,Engineering,180,2026-09-21,P4 - Routine,Rejected
BLK-01050,TSK-01050,COR-094,Electrical,180,2026-09-20,P2 - High,Rejected
BLK-01051,TSK-01051,COR-030,Electrical,240,2026-09-29,P4 - Routine,Approved
BLK-01052,TSK-01052,COR-079,Engineering,60,2026-09-26,P3 - Medium,Scheduled
BLK-01053,TSK-01053,COR-013,Engineering,300,2026-09-19,P2 - High,Rejected
BLK-01054,TSK-01054,COR-046,Electrical,360,2026-09-16,P1 - Emergency,Conflict Flagged
BLK-01055,TSK-01055,COR-058,Electrical,360,2026-09-12,P3 - Medium,Scheduled
BLK-01056,TSK-01056,COR-042,Engineering,360,2026-09-11,P4 - Routine,Pending
BLK-01057,TSK-01057,COR-013,Electrical,240,2026-09-19,P2 - High,Conflict Flagged
BLK-01058,TSK-01058,COR-069,Engineering,300,2026-09-15,P1 - Emergency,Rejected
BLK-01059,TSK-01059,COR-064,Engineering,300,2026-09-21,P4 - Routine,Conflict Flagged
BLK-01060,TSK-01060,COR-047,Signal & Telecom,120,2026-09-28,P3 - Medium,Pending
BLK-01061,TSK-01061,COR-085,Engineering,360,2026-09-20,P3 - Medium,Rejected
BLK-01062,TSK-01062,COR-058,Signal & Telecom,360,2026-09-26,P2 - High,Pending
BLK-01063,TSK-01063,COR-079,Operating,300,2026-09-28,P2 - High,Approved
BLK-01064,TSK-01064,COR-076,Electrical,300,2026-09-21,P3 - Medium,Conflict Flagged
BLK-01065,TSK-01065,COR-046,Signal & Telecom,300,2026-09-17,P3 - Medium,Rejected
BLK-01066,TSK-01066,COR-024,Operating,180,2026-09-16,P3 - Medium,Rejected
BLK-01067,TSK-01067,COR-089,Signal & Telecom,300,2026-09-11,P3 - Medium,Scheduled
BLK-01068,TSK-01068,COR-020,Engineering,300,2026-09-29,P3 - Medium,Approved
BLK-01069,TSK-01069,COR-053,Operating,240,2026-09-10,P2 - High,Rejected
BLK-01070,TSK-01070,COR-082,Engineering,300,2026-09-12,P4 - Routine,Rejected
BLK-01071,TSK-01071,COR-037,Electrical,180,2026-09-24,P2 - High,Approved
BLK-01072,TSK-01072,COR-061,Engineering,360,2026-09-09,P4 - Routine,Pending
BLK-01073,TSK-01073,COR-077,Operating,300,2026-09-18,P4 - Routine,Conflict Flagged
BLK-01074,TSK-01074,COR-033,Electrical,360,2026-09-19,P1 - Emergency,Rejected
BLK-01075,TSK-01075,COR-081,Signal & Telecom,300,2026-09-15,P2 - High,Pending
BLK-01076,TSK-01076,COR-071,Signal & Telecom,240,2026-09-14,P2 - High,Scheduled
BLK-01077,TSK-01077,COR-019,Engineering,180,2026-09-22,P2 - High,Scheduled
BLK-01078,TSK-01078,COR-073,Engineering,60,2026-09-29,P2 - High,Approved
BLK-01079,TSK-01079,COR-045,Electrical,360,2026-09-29,P4 - Routine,Conflict Flagged
BLK-01080,TSK-01080,COR-021,Electrical,180,2026-09-15,P4 - Routine,Conflict Flagged
BLK-01081,TSK-01081,COR-027,Electrical,60,2026-09-19,P3 - Medium,Pending
BLK-01082,TSK-01082,COR-018,Operating,360,2026-09-21,P4 - Routine,Pending
BLK-01083,TSK-01083,COR-083,Electrical,60,2026-09-11,P4 - Routine,Rejected
BLK-01084,TSK-01084,COR-044,Signal & Telecom,240,2026-09-16,P4 - Routine,Conflict Flagged
BLK-01085,TSK-01085,COR-096,Electrical,300,2026-09-26,P3 - Medium,Approved
BLK-01086,TSK-01086,COR-098,Signal & Telecom,180,2026-09-23,P2 - High,Approved
BLK-01087,TSK-01087,COR-007,Engineering,180,2026-09-21,P3 - Medium,Scheduled
BLK-01088,TSK-01088,COR-061,Operating,240,2026-09-15,P4 - Routine,Approved
BLK-01089,TSK-01089,COR-072,Signal & Telecom,240,2026-09-24,P3 - Medium,Approved
BLK-01090,TSK-01090,COR-018,Engineering,300,2026-09-12,P2 - High,Pending
BLK-01091,TSK-01091,COR-063,Engineering,300,2026-09-18,P3 - Medium,Pending
BLK-01092,TSK-01092,COR-086,Engineering,180,2026-09-24,P4 - Routine,Conflict Flagged
BLK-01093,TSK-01093,COR-047,Signal & Telecom,300,2026-09-13,P1 - Emergency,Pending
BLK-01094,TSK-01094,COR-034,Electrical,60,2026-09-10,P1 - Emergency,Pending
BLK-01095,TSK-01095,COR-095,Engineering,240,2026-09-18,P3 - Medium,Approved
BLK-01096,TSK-01096,COR-053,Operating,240,2026-09-26,P2 - High,Pending
BLK-01097,TSK-01097,COR-086,Engineering,60,2026-09-15,P2 - High,Conflict Flagged
BLK-01098,TSK-01098,COR-074,Signal & Telecom,300,2026-09-27,P2 - High,Conflict Flagged
BLK-01099,TSK-01099,COR-086,Electrical,60,2026-09-14,P2 - High,Approved
BLK-01100,TSK-01100,COR-027,Signal & Telecom,120,2026-09-18,P1 - Emergency,Approved
BLK-01101,TSK-01101,COR-037,Operating,240,2026-09-27,P2 - High,Conflict Flagged
BLK-01102,TSK-01102,COR-090,Signal & Telecom,120,2026-09-17,P2 - High,Approved
BLK-01103,TSK-01103,COR-028,Electrical,60,2026-09-28,P2 - High,Scheduled
BLK-01104,TSK-01104,COR-064,Engineering,120,2026-09-18,P4 - Routine,Scheduled
BLK-01105,TSK-01105,COR-073,Engineering,60,2026-09-28,P4 - Routine,Rejected
BLK-01106,TSK-01106,COR-030,Signal & Telecom,180,2026-09-20,P4 - Routine,Conflict Flagged
BLK-01107,TSK-01107,COR-020,Operating,240,2026-09-10,P4 - Routine,Rejected
BLK-01108,TSK-01108,COR-056,Engineering,60,2026-09-17,P1 - Emergency,Conflict Flagged
BLK-01109,TSK-01109,COR-035,Signal & Telecom,60,2026-09-16,P4 - Routine,Scheduled
BLK-01110,TSK-01110,COR-056,Operating,360,2026-09-09,P3 - Medium,Scheduled
BLK-01111,TSK-01111,COR-031,Signal & Telecom,60,2026-09-26,P1 - Emergency,Pending
BLK-01112,TSK-01112,COR-077,Engineering,180,2026-09-27,P2 - High,Pending
BLK-01113,TSK-01113,COR-048,Operating,120,2026-09-15,P3 - Medium,Rejected
BLK-01114,TSK-01114,COR-090,Electrical,60,2026-09-27,P2 - High,Rejected
BLK-01115,TSK-01115,COR-003,Operating,240,2026-09-10,P4 - Routine,Scheduled
BLK-01116,TSK-01116,COR-058,Engineering,300,2026-09-10,P2 - High,Scheduled
BLK-01117,TSK-01117,COR-080,Electrical,360,2026-09-22,P2 - High,Approved
BLK-01118,TSK-01118,COR-038,Engineering,240,2026-09-13,P3 - Medium,Conflict Flagged
BLK-01119,TSK-01119,COR-034,Electrical,300,2026-09-29,P4 - Routine,Scheduled
BLK-01120,TSK-01120,COR-072,Operating,180,2026-09-22,P2 - High,Scheduled
BLK-01121,TSK-01121,COR-042,Signal & Telecom,120,2026-09-10,P3 - Medium,Scheduled
BLK-01122,TSK-01122,COR-083,Operating,360,2026-09-10,P3 - Medium,Approved
BLK-01123,TSK-01123,COR-064,Signal & Telecom,360,2026-09-10,P1 - Emergency,Pending
BLK-01124,TSK-01124,COR-053,Engineering,360,2026-09-17,P1 - Emergency,Conflict Flagged
BLK-01125,TSK-01125,COR-058,Signal & Telecom,360,2026-09-23,P4 - Routine,Approved
BLK-01126,TSK-01126,COR-029,Engineering,300,2026-09-29,P2 - High,Conflict Flagged
BLK-01127,TSK-01127,COR-086,Engineering,240,2026-09-21,P1 - Emergency,Conflict Flagged
BLK-01128,TSK-01128,COR-090,Electrical,240,2026-09-28,P4 - Routine,Pending
BLK-01129,TSK-01129,COR-021,Operating,120,2026-09-10,P3 - Medium,Pending
BLK-01130,TSK-01130,COR-078,Operating,360,2026-09-29,P3 - Medium,Conflict Flagged
BLK-01131,TSK-01131,COR-089,Electrical,180,2026-09-19,P2 - High,Pending
BLK-01132,TSK-01132,COR-002,Electrical,120,2026-09-27,P3 - Medium,Conflict Flagged
BLK-01133,TSK-01133,COR-062,Operating,240,2026-09-11,P2 - High,Approved
BLK-01134,TSK-01134,COR-039,Engineering,120,2026-09-13,P2 - High,Pending
BLK-01135,TSK-01135,COR-084,Operating,360,2026-09-14,P3 - Medium,Approved
BLK-01136,TSK-01136,COR-015,Engineering,120,2026-09-10,P1 - Emergency,Approved
BLK-01137,TSK-01137,COR-028,Signal & Telecom,60,2026-09-11,P3 - Medium,Conflict Flagged
BLK-01138,TSK-01138,COR-099,Engineering,180,2026-09-20,P2 - High,Approved
BLK-01139,TSK-01139,COR-084,Engineering,60,2026-09-09,P1 - Emergency,Approved
BLK-01140,TSK-01140,COR-077,Engineering,240,2026-09-09,P4 - Routine,Pending
BLK-01141,TSK-01141,COR-023,Operating,300,2026-09-21,P3 - Medium,Scheduled
BLK-01142,TSK-01142,COR-018,Electrical,360,2026-09-15,P4 - Routine,Pending
BLK-01143,TSK-01143,COR-070,Electrical,120,2026-09-16,P2 - High,Rejected
BLK-01144,TSK-01144,COR-074,Engineering,120,2026-09-23,P2 - High,Pending
BLK-01145,TSK-01145,COR-029,Operating,60,2026-09-27,P1 - Emergency,Scheduled
BLK-01146,TSK-01146,COR-019,Operating,120,2026-09-15,P2 - High,Scheduled
BLK-01147,TSK-01147,COR-004,Engineering,300,2026-09-27,P3 - Medium,Scheduled
BLK-01148,TSK-01148,COR-050,Electrical,300,2026-09-24,P4 - Routine,Approved
BLK-01149,TSK-01149,COR-033,Engineering,360,2026-09-13,P4 - Routine,Rejected
BLK-01150,TSK-01150,COR-004,Operating,360,2026-09-20,P3 - Medium,Conflict Flagged
BLK-01151,TSK-01151,COR-031,Electrical,180,2026-09-16,P2 - High,Approved
BLK-01152,TSK-01152,COR-076,Signal & Telecom,180,2026-09-24,P2 - High,Rejected
BLK-01153,TSK-01153,COR-075,Electrical,300,2026-09-11,P2 - High,Approved
BLK-01154,TSK-01154,COR-010,Signal & Telecom,240,2026-09-14,P1 - Emergency,Rejected
BLK-01155,TSK-01155,COR-088,Electrical,120,2026-09-14,P4 - Routine,Approved
BLK-01156,TSK-01156,COR-064,Operating,180,2026-09-10,P2 - High,Pending
BLK-01157,TSK-01157,COR-056,Electrical,360,2026-09-09,P1 - Emergency,Approved
BLK-01158,TSK-01158,COR-004,Engineering,180,2026-09-22,P4 - Routine,Conflict Flagged
BLK-01159,TSK-01159,COR-015,Operating,300,2026-09-22,P2 - High,Pending
BLK-01160,TSK-01160,COR-068,Engineering,300,2026-09-24,P2 - High,Conflict Flagged
BLK-01161,TSK-01161,COR-085,Signal & Telecom,120,2026-09-12,P4 - Routine,Conflict Flagged
BLK-01162,TSK-01162,COR-062,Engineering,60,2026-09-17,P1 - Emergency,Pending
BLK-01163,TSK-01163,COR-006,Operating,120,2026-09-26,P4 - Routine,Scheduled
BLK-01164,TSK-01164,COR-083,Operating,300,2026-09-29,P3 - Medium,Rejected
BLK-01165,TSK-01165,COR-091,Engineering,120,2026-09-20,P1 - Emergency,Scheduled
BLK-01166,TSK-01166,COR-061,Electrical,60,2026-09-20,P1 - Emergency,Scheduled
BLK-01167,TSK-01167,COR-033,Engineering,300,2026-09-23,P1 - Emergency,Rejected
BLK-01168,TSK-01168,COR-040,Electrical,60,2026-09-16,P2 - High,Pending
BLK-01169,TSK-01169,COR-092,Electrical,180,2026-09-29,P3 - Medium,Scheduled
BLK-01170,TSK-01170,COR-083,Signal & Telecom,360,2026-09-19,P4 - Routine,Scheduled
BLK-01171,TSK-01171,COR-016,Electrical,360,2026-09-11,P3 - Medium,Pending
BLK-01172,TSK-01172,COR-026,Operating,240,2026-09-24,P1 - Emergency,Approved
BLK-01173,TSK-01173,COR-047,Engineering,180,2026-09-13,P2 - High,Pending
BLK-01174,TSK-01174,COR-085,Engineering,300,2026-09-21,P1 - Emergency,Conflict Flagged
BLK-01175,TSK-01175,COR-031,Electrical,180,2026-09-24,P4 - Routine,Pending
BLK-01176,TSK-01176,COR-063,Electrical,180,2026-09-25,P4 - Routine,Conflict Flagged
BLK-01177,TSK-01177,COR-031,Engineering,180,2026-09-24,P1 - Emergency,Approved
BLK-01178,TSK-01178,COR-020,Operating,300,2026-09-24,P1 - Emergency,Approved
BLK-01179,TSK-01179,COR-003,Electrical,300,2026-09-19,P4 - Routine,Scheduled
BLK-01180,TSK-01180,COR-028,Signal & Telecom,240,2026-09-20,P3 - Medium,Approved
BLK-01181,TSK-01181,COR-058,Engineering,180,2026-09-27,P1 - Emergency,Conflict Flagged
BLK-01182,TSK-01182,COR-033,Operating,120,2026-09-15,P4 - Routine,Scheduled
BLK-01183,TSK-01183,COR-049,Engineering,240,2026-09-23,P4 - Routine,Conflict Flagged
BLK-01184,TSK-01184,COR-068,Engineering,360,2026-09-20,P3 - Medium,Pending
BLK-01185,TSK-01185,COR-030,Engineering,180,2026-09-20,P3 - Medium,Conflict Flagged
BLK-01186,TSK-01186,COR-003,Signal & Telecom,360,2026-09-27,P4 - Routine,Approved
BLK-01187,TSK-01187,COR-020,Signal & Telecom,360,2026-09-15,P3 - Medium,Scheduled
BLK-01188,TSK-01188,COR-018,Operating,240,2026-09-29,P3 - Medium,Approved
BLK-01189,TSK-01189,COR-023,Operating,120,2026-09-09,P4 - Routine,Conflict Flagged
BLK-01190,TSK-01190,COR-068,Operating,360,2026-09-12,P2 - High,Approved
BLK-01191,TSK-01191,COR-068,Electrical,180,2026-09-28,P1 - Emergency,Scheduled
BLK-01192,TSK-01192,COR-049,Operating,360,2026-09-09,P4 - Routine,Scheduled
BLK-01193,TSK-01193,COR-051,Electrical,120,2026-09-27,P3 - Medium,Rejected
BLK-01194,TSK-01194,COR-017,Operating,300,2026-09-24,P3 - Medium,Pending
BLK-01195,TSK-01195,COR-010,Operating,360,2026-09-10,P3 - Medium,Conflict Flagged
BLK-01196,TSK-01196,COR-002,Signal & Telecom,180,2026-09-12,P1 - Emergency,Pending
BLK-01197,TSK-01197,COR-079,Electrical,300,2026-09-26,P3 - Medium,Pending
BLK-01198,TSK-01198,COR-020,Engineering,60,2026-09-12,P1 - Emergency,Pending
BLK-01199,TSK-01199,COR-051,Electrical,120,2026-09-20,P2 - High,Rejected
BLK-01200,TSK-01200,COR-001,Signal & Telecom,120,2026-09-29,P4 - Routine,Approved
BLK-01201,TSK-01201,COR-086,Engineering,120,2026-09-24,P1 - Emergency,Approved
BLK-01202,TSK-01202,COR-068,Electrical,120,2026-09-13,P3 - Medium,Scheduled
BLK-01203,TSK-01203,COR-043,Electrical,240,2026-09-10,P3 - Medium,Approved
BLK-01204,TSK-01204,COR-032,Signal & Telecom,360,2026-09-16,P1 - Emergency,Scheduled
BLK-01205,TSK-01205,COR-011,Electrical,240,2026-09-15,P3 - Medium,Conflict Flagged
BLK-01206,TSK-01206,COR-004,Operating,300,2026-09-25,P4 - Routine,Pending
BLK-01207,TSK-01207,COR-037,Signal & Telecom,240,2026-09-26,P4 - Routine,Rejected
BLK-01208,TSK-01208,COR-070,Signal & Telecom,120,2026-09-21,P2 - High,Rejected
BLK-01209,TSK-01209,COR-006,Engineering,180,2026-09-25,P3 - Medium,Scheduled
BLK-01210,TSK-01210,COR-063,Operating,60,2026-09-10,P2 - High,Pending
BLK-01211,TSK-01211,COR-083,Signal & Telecom,360,2026-09-09,P1 - Emergency,Approved
BLK-01212,TSK-01212,COR-046,Operating,60,2026-09-24,P3 - Medium,Pending
BLK-01213,TSK-01213,COR-020,Operating,360,2026-09-24,P4 - Routine,Scheduled
BLK-01214,TSK-01214,COR-099,Electrical,180,2026-09-16,P2 - High,Rejected
BLK-01215,TSK-01215,COR-061,Signal & Telecom,240,2026-09-18,P1 - Emergency,Rejected
BLK-01216,TSK-01216,COR-060,Operating,300,2026-09-22,P2 - High,Pending
BLK-01217,TSK-01217,COR-022,Engineering,360,2026-09-17,P2 - High,Scheduled
BLK-01218,TSK-01218,COR-054,Signal & Telecom,120,2026-09-25,P1 - Emergency,Approved
BLK-01219,TSK-01219,COR-019,Signal & Telecom,240,2026-09-25,P1 - Emergency,Conflict Flagged
BLK-01220,TSK-01220,COR-006,Operating,360,2026-09-20,P3 - Medium,Scheduled
BLK-01221,TSK-01221,COR-076,Electrical,120,2026-09-26,P4 - Routine,Conflict Flagged
BLK-01222,TSK-01222,COR-029,Engineering,300,2026-09-16,P4 - Routine,Conflict Flagged
BLK-01223,TSK-01223,COR-099,Electrical,60,2026-09-14,P3 - Medium,Rejected
BLK-01224,TSK-01224,COR-070,Signal & Telecom,240,2026-09-17,P1 - Emergency,Approved
BLK-01225,TSK-01225,COR-085,Signal & Telecom,180,2026-09-27,P2 - High,Rejected
BLK-01226,TSK-01226,COR-020,Engineering,60,2026-09-28,P4 - Routine,Approved
BLK-01227,TSK-01227,COR-066,Operating,180,2026-09-12,P3 - Medium,Scheduled
BLK-01228,TSK-01228,COR-080,Engineering,240,2026-09-22,P1 - Emergency,Pending
BLK-01229,TSK-01229,COR-004,Electrical,300,2026-09-26,P3 - Medium,Rejected
BLK-01230,TSK-01230,COR-096,Engineering,300,2026-09-11,P2 - High,Pending
BLK-01231,TSK-01231,COR-058,Engineering,120,2026-09-20,P3 - Medium,Approved
BLK-01232,TSK-01232,COR-018,Engineering,360,2026-09-18,P2 - High,Conflict Flagged
BLK-01233,TSK-01233,COR-080,Engineering,120,2026-09-26,P4 - Routine,Rejected
BLK-01234,TSK-01234,COR-090,Signal & Telecom,300,2026-09-16,P4 - Routine,Pending
BLK-01235,TSK-01235,COR-095,Electrical,300,2026-09-21,P4 - Routine,Conflict Flagged
BLK-01236,TSK-01236,COR-015,Electrical,360,2026-09-17,P4 - Routine,Rejected
BLK-01237,TSK-01237,COR-036,Engineering,300,2026-09-24,P3 - Medium,Rejected
BLK-01238,TSK-01238,COR-040,Engineering,300,2026-09-11,P1 - Emergency,Scheduled
BLK-01239,TSK-01239,COR-006,Operating,180,2026-09-11,P1 - Emergency,Rejected
BLK-01240,TSK-01240,COR-061,Engineering,120,2026-09-13,P2 - High,Pending
BLK-01241,TSK-01241,COR-071,Operating,360,2026-09-23,P2 - High,Scheduled
BLK-01242,TSK-01242,COR-035,Electrical,300,2026-09-27,P4 - Routine,Approved
BLK-01243,TSK-01243,COR-089,Electrical,360,2026-09-18,P2 - High,Pending
BLK-01244,TSK-01244,COR-094,Engineering,240,2026-09-17,P2 - High,Scheduled
BLK-01245,TSK-01245,COR-044,Engineering,360,2026-09-17,P1 - Emergency,Rejected
BLK-01246,TSK-01246,COR-082,Signal & Telecom,120,2026-09-28,P4 - Routine,Conflict Flagged
BLK-01247,TSK-01247,COR-001,Electrical,60,2026-09-15,P2 - High,Rejected
BLK-01248,TSK-01248,COR-036,Electrical,180,2026-09-16,P1 - Emergency,Scheduled
BLK-01249,TSK-01249,COR-026,Operating,120,2026-09-15,P2 - High,Pending
BLK-01250,TSK-01250,COR-050,Operating,180,2026-09-20,P3 - Medium,Pending
BLK-01251,TSK-01251,COR-035,Engineering,240,2026-09-14,P3 - Medium,Rejected
BLK-01252,TSK-01252,COR-032,Electrical,300,2026-09-12,P4 - Routine,Conflict Flagged
BLK-01253,TSK-01253,COR-099,Electrical,120,2026-09-11,P2 - High,Pending
BLK-01254,TSK-01254,COR-076,Electrical,240,2026-09-28,P4 - Routine,Approved
BLK-01255,TSK-01255,COR-044,Engineering,300,2026-09-12,P1 - Emergency,Pending
BLK-01256,TSK-01256,COR-053,Signal & Telecom,300,2026-09-23,P2 - High,Approved
BLK-01257,TSK-01257,COR-095,Signal & Telecom,60,2026-09-17,P4 - Routine,Rejected
BLK-01258,TSK-01258,COR-044,Engineering,240,2026-09-10,P2 - High,Pending
BLK-01259,TSK-01259,COR-063,Engineering,300,2026-09-12,P1 - Emergency,Scheduled
BLK-01260,TSK-01260,COR-097,Electrical,120,2026-09-09,P3 - Medium,Rejected
BLK-01261,TSK-01261,COR-094,Engineering,360,2026-09-27,P4 - Routine,Rejected
BLK-01262,TSK-01262,COR-047,Signal & Telecom,240,2026-09-19,P4 - Routine,Conflict Flagged
BLK-01263,TSK-01263,COR-005,Electrical,60,2026-09-26,P2 - High,Conflict Flagged
BLK-01264,TSK-01264,COR-030,Operating,300,2026-09-14,P4 - Routine,Pending
BLK-01265,TSK-01265,COR-055,Operating,60,2026-09-10,P1 - Emergency,Rejected
BLK-01266,TSK-01266,COR-012,Operating,120,2026-09-13,P4 - Routine,Scheduled
BLK-01267,TSK-01267,COR-067,Engineering,300,2026-09-25,P3 - Medium,Rejected
BLK-01268,TSK-01268,COR-034,Engineering,180,2026-09-22,P4 - Routine,Conflict Flagged
BLK-01269,TSK-01269,COR-010,Operating,180,2026-09-28,P2 - High,Pending
BLK-01270,TSK-01270,COR-098,Engineering,180,2026-09-23,P3 - Medium,Conflict Flagged
BLK-01271,TSK-01271,COR-062,Signal & Telecom,240,2026-09-12,P4 - Routine,Rejected
BLK-01272,TSK-01272,COR-097,Electrical,180,2026-09-16,P1 - Emergency,Rejected
BLK-01273,TSK-01273,COR-098,Signal & Telecom,120,2026-09-12,P4 - Routine,Pending
BLK-01274,TSK-01274,COR-001,Engineering,180,2026-09-18,P4 - Routine,Rejected
BLK-01275,TSK-01275,COR-049,Operating,360,2026-09-12,P4 - Routine,Scheduled
BLK-01276,TSK-01276,COR-074,Signal & Telecom,300,2026-09-09,P4 - Routine,Scheduled
BLK-01277,TSK-01277,COR-003,Electrical,360,2026-09-24,P2 - High,Rejected
BLK-01278,TSK-01278,COR-068,Electrical,60,2026-09-22,P4 - Routine,Conflict Flagged
BLK-01279,TSK-01279,COR-049,Signal & Telecom,180,2026-09-18,P2 - High,Conflict Flagged
BLK-01280,TSK-01280,COR-067,Signal & Telecom,240,2026-09-18,P3 - Medium,Conflict Flagged
BLK-01281,TSK-01281,COR-028,Operating,180,2026-09-16,P1 - Emergency,Approved
BLK-01282,TSK-01282,COR-097,Electrical,300,2026-09-25,P2 - High,Rejected
BLK-01283,TSK-01283,COR-086,Engineering,360,2026-09-13,P2 - High,Approved
BLK-01284,TSK-01284,COR-094,Signal & Telecom,180,2026-09-12,P4 - Routine,Rejected
BLK-01285,TSK-01285,COR-005,Electrical,120,2026-09-16,P4 - Routine,Conflict Flagged
BLK-01286,TSK-01286,COR-091,Electrical,120,2026-09-17,P4 - Routine,Rejected
BLK-01287,TSK-01287,COR-078,Engineering,300,2026-09-13,P3 - Medium,Scheduled
BLK-01288,TSK-01288,COR-053,Engineering,180,2026-09-18,P3 - Medium,Approved
BLK-01289,TSK-01289,COR-002,Engineering,120,2026-09-21,P4 - Routine,Scheduled
BLK-01290,TSK-01290,COR-032,Engineering,60,2026-09-21,P1 - Emergency,Approved
BLK-01291,TSK-01291,COR-048,Operating,300,2026-09-12,P4 - Routine,Rejected
BLK-01292,TSK-01292,COR-070,Engineering,240,2026-09-24,P2 - High,Scheduled
BLK-01293,TSK-01293,COR-028,Signal & Telecom,120,2026-09-23,P2 - High,Conflict Flagged
BLK-01294,TSK-01294,COR-090,Engineering,300,2026-09-26,P1 - Emergency,Pending
BLK-01295,TSK-01295,COR-051,Operating,300,2026-09-24,P3 - Medium,Scheduled
BLK-01296,TSK-01296,COR-067,Engineering,120,2026-09-12,P4 - Routine,Pending
BLK-01297,TSK-01297,COR-013,Signal & Telecom,60,2026-09-22,P2 - High,Approved
BLK-01298,TSK-01298,COR-081,Operating,240,2026-09-28,P3 - Medium,Scheduled
BLK-01299,TSK-01299,COR-031,Engineering,300,2026-09-22,P3 - Medium,Approved
BLK-01300,TSK-01300,COR-006,Operating,60,2026-09-19,P2 - High,Rejected
BLK-01301,TSK-01301,COR-073,Electrical,240,2026-09-24,P4 - Routine,Conflict Flagged
BLK-01302,TSK-01302,COR-099,Operating,240,2026-09-14,P3 - Medium,Pending
BLK-01303,TSK-01303,COR-075,Electrical,360,2026-09-19,P4 - Routine,Conflict Flagged
BLK-01304,TSK-01304,COR-025,Signal & Telecom,60,2026-09-11,P3 - Medium,Conflict Flagged
BLK-01305,TSK-01305,COR-072,Engineering,60,2026-09-11,P4 - Routine,Pending
BLK-01306,TSK-01306,COR-042,Signal & Telecom,120,2026-09-23,P1 - Emergency,Conflict Flagged
BLK-01307,TSK-01307,COR-053,Electrical,300,2026-09-21,P4 - Routine,Pending
BLK-01308,TSK-01308,COR-070,Electrical,60,2026-09-29,P3 - Medium,Rejected
BLK-01309,TSK-01309,COR-002,Signal & Telecom,180,2026-09-15,P3 - Medium,Rejected
BLK-01310,TSK-01310,COR-033,Engineering,180,2026-09-16,P3 - Medium,Conflict Flagged
BLK-01311,TSK-01311,COR-097,Operating,180,2026-09-29,P3 - Medium,Rejected
BLK-01312,TSK-01312,COR-011,Engineering,60,2026-09-18,P4 - Routine,Conflict Flagged
BLK-01313,TSK-01313,COR-038,Engineering,60,2026-09-11,P3 - Medium,Scheduled
BLK-01314,TSK-01314,COR-007,Signal & Telecom,180,2026-09-14,P1 - Emergency,Conflict Flagged
BLK-01315,TSK-01315,COR-092,Engineering,180,2026-09-25,P2 - High,Approved
BLK-01316,TSK-01316,COR-093,Operating,300,2026-09-21,P3 - Medium,Pending
BLK-01317,TSK-01317,COR-025,Engineering,360,2026-09-23,P2 - High,Scheduled
BLK-01318,TSK-01318,COR-014,Operating,360,2026-09-12,P1 - Emergency,Conflict Flagged
BLK-01319,TSK-01319,COR-029,Engineering,120,2026-09-28,P3 - Medium,Conflict Flagged
BLK-01320,TSK-01320,COR-025,Engineering,360,2026-09-11,P1 - Emergency,Scheduled
BLK-01321,TSK-01321,COR-051,Signal & Telecom,120,2026-09-12,P3 - Medium,Approved
BLK-01322,TSK-01322,COR-061,Operating,240,2026-09-16,P2 - High,Conflict Flagged
BLK-01323,TSK-01323,COR-076,Operating,360,2026-09-10,P2 - High,Rejected
BLK-01324,TSK-01324,COR-030,Operating,300,2026-09-18,P1 - Emergency,Conflict Flagged
BLK-01325,TSK-01325,COR-044,Engineering,240,2026-09-11,P1 - Emergency,Pending
BLK-01326,TSK-01326,COR-052,Engineering,60,2026-09-29,P1 - Emergency,Pending
BLK-01327,TSK-01327,COR-085,Engineering,360,2026-09-10,P2 - High,Pending
BLK-01328,TSK-01328,COR-014,Operating,360,2026-09-29,P1 - Emergency,Conflict Flagged
BLK-01329,TSK-01329,COR-097,Operating,180,2026-09-17,P1 - Emergency,Pending
BLK-01330,TSK-01330,COR-017,Signal & Telecom,180,2026-09-09,P1 - Emergency,Conflict Flagged
BLK-01331,TSK-01331,COR-039,Signal & Telecom,240,2026-09-13,P1 - Emergency,Scheduled
BLK-01332,TSK-01332,COR-089,Engineering,60,2026-09-14,P4 - Routine,Rejected
BLK-01333,TSK-01333,COR-079,Engineering,240,2026-09-18,P4 - Routine,Pending
BLK-01334,TSK-01334,COR-080,Signal & Telecom,120,2026-09-16,P2 - High,Approved
BLK-01335,TSK-01335,COR-083,Engineering,240,2026-09-20,P2 - High,Conflict Flagged
BLK-01336,TSK-01336,COR-049,Operating,300,2026-09-18,P2 - High,Scheduled
BLK-01337,TSK-01337,COR-035,Electrical,60,2026-09-14,P3 - Medium,Pending
BLK-01338,TSK-01338,COR-088,Signal & Telecom,300,2026-09-12,P2 - High,Approved
BLK-01339,TSK-01339,COR-022,Operating,180,2026-09-15,P3 - Medium,Conflict Flagged
BLK-01340,TSK-01340,COR-052,Signal & Telecom,120,2026-09-15,P1 - Emergency,Approved
BLK-01341,TSK-01341,COR-047,Electrical,300,2026-09-23,P2 - High,Rejected
BLK-01342,TSK-01342,COR-029,Electrical,300,2026-09-22,P4 - Routine,Scheduled
BLK-01343,TSK-01343,COR-007,Signal & Telecom,180,2026-09-28,P4 - Routine,Pending
BLK-01344,TSK-01344,COR-012,Electrical,240,2026-09-14,P4 - Routine,Pending
BLK-01345,TSK-01345,COR-031,Engineering,180,2026-09-17,P2 - High,Scheduled
BLK-01346,TSK-01346,COR-100,Engineering,300,2026-09-28,P3 - Medium,Scheduled
BLK-01347,TSK-01347,COR-097,Signal & Telecom,180,2026-09-18,P4 - Routine,Conflict Flagged
BLK-01348,TSK-01348,COR-008,Operating,300,2026-09-25,P4 - Routine,Conflict Flagged
BLK-01349,TSK-01349,COR-064,Signal & Telecom,60,2026-09-23,P4 - Routine,Pending
BLK-01350,TSK-01350,COR-065,Signal & Telecom,240,2026-09-25,P1 - Emergency,Rejected
BLK-01351,TSK-01351,COR-020,Engineering,60,2026-09-18,P2 - High,Scheduled
BLK-01352,TSK-01352,COR-009,Electrical,120,2026-09-15,P3 - Medium,Approved
BLK-01353,TSK-01353,COR-037,Electrical,60,2026-09-16,P4 - Routine,Rejected
BLK-01354,TSK-01354,COR-093,Operating,60,2026-09-16,P2 - High,Scheduled
BLK-01355,TSK-01355,COR-009,Signal & Telecom,300,2026-09-21,P2 - High,Approved
BLK-01356,TSK-01356,COR-083,Signal & Telecom,180,2026-09-24,P1 - Emergency,Approved
BLK-01357,TSK-01357,COR-021,Operating,120,2026-09-09,P4 - Routine,Rejected
BLK-01358,TSK-01358,COR-045,Signal & Telecom,240,2026-09-20,P3 - Medium,Conflict Flagged
BLK-01359,TSK-01359,COR-019,Electrical,60,2026-09-27,P3 - Medium,Pending
BLK-01360,TSK-01360,COR-016,Operating,240,2026-09-21,P1 - Emergency,Scheduled
BLK-01361,TSK-01361,COR-042,Engineering,240,2026-09-21,P3 - Medium,Pending
BLK-01362,TSK-01362,COR-031,Electrical,120,2026-09-15,P1 - Emergency,Pending
BLK-01363,TSK-01363,COR-035,Electrical,180,2026-09-09,P1 - Emergency,Scheduled
BLK-01364,TSK-01364,COR-074,Engineering,60,2026-09-19,P4 - Routine,Rejected
BLK-01365,TSK-01365,COR-001,Operating,60,2026-09-25,P2 - High,Conflict Flagged
BLK-01366,TSK-01366,COR-063,Signal & Telecom,240,2026-09-22,P2 - High,Scheduled
BLK-01367,TSK-01367,COR-051,Electrical,180,2026-09-20,P2 - High,Scheduled
BLK-01368,TSK-01368,COR-045,Operating,240,2026-09-28,P1 - Emergency,Rejected
BLK-01369,TSK-01369,COR-026,Engineering,300,2026-09-24,P1 - Emergency,Scheduled
BLK-01370,TSK-01370,COR-094,Signal & Telecom,360,2026-09-13,P3 - Medium,Approved
BLK-01371,TSK-01371,COR-026,Electrical,300,2026-09-14,P3 - Medium,Conflict Flagged
BLK-01372,TSK-01372,COR-088,Signal & Telecom,240,2026-09-14,P4 - Routine,Conflict Flagged
BLK-01373,TSK-01373,COR-053,Operating,120,2026-09-24,P1 - Emergency,Conflict Flagged
BLK-01374,TSK-01374,COR-024,Signal & Telecom,60,2026-09-10,P1 - Emergency,Pending
BLK-01375,TSK-01375,COR-005,Signal & Telecom,360,2026-09-18,P1 - Emergency,Rejected
BLK-01376,TSK-01376,COR-098,Signal & Telecom,300,2026-09-10,P4 - Routine,Pending
BLK-01377,TSK-01377,COR-020,Signal & Telecom,180,2026-09-19,P4 - Routine,Conflict Flagged
BLK-01378,TSK-01378,COR-092,Signal & Telecom,180,2026-09-09,P3 - Medium,Conflict Flagged
BLK-01379,TSK-01379,COR-019,Engineering,180,2026-09-26,P3 - Medium,Rejected
BLK-01380,TSK-01380,COR-010,Electrical,240,2026-09-10,P4 - Routine,Conflict Flagged
BLK-01381,TSK-01381,COR-030,Operating,300,2026-09-26,P2 - High,Pending
BLK-01382,TSK-01382,COR-030,Operating,240,2026-09-28,P1 - Emergency,Scheduled
BLK-01383,TSK-01383,COR-090,Signal & Telecom,300,2026-09-28,P1 - Emergency,Rejected
BLK-01384,TSK-01384,COR-040,Operating,60,2026-09-14,P4 - Routine,Scheduled
BLK-01385,TSK-01385,COR-062,Electrical,120,2026-09-26,P1 - Emergency,Rejected
BLK-01386,TSK-01386,COR-027,Engineering,180,2026-09-19,P2 - High,Scheduled
BLK-01387,TSK-01387,COR-067,Operating,360,2026-09-21,P2 - High,Conflict Flagged
BLK-01388,TSK-01388,COR-044,Engineering,60,2026-09-11,P2 - High,Rejected
BLK-01389,TSK-01389,COR-011,Electrical,120,2026-09-17,P4 - Routine,Conflict Flagged
BLK-01390,TSK-01390,COR-091,Engineering,240,2026-09-25,P2 - High,Approved
BLK-01391,TSK-01391,COR-004,Operating,360,2026-09-14,P4 - Routine,Conflict Flagged
BLK-01392,TSK-01392,COR-051,Operating,60,2026-09-16,P3 - Medium,Approved
BLK-01393,TSK-01393,COR-035,Engineering,360,2026-09-22,P4 - Routine,Conflict Flagged
BLK-01394,TSK-01394,COR-086,Operating,360,2026-09-27,P3 - Medium,Rejected
BLK-01395,TSK-01395,COR-074,Electrical,180,2026-09-26,P4 - Routine,Scheduled
BLK-01396,TSK-01396,COR-051,Operating,60,2026-09-29,P3 - Medium,Rejected
BLK-01397,TSK-01397,COR-049,Operating,120,2026-09-17,P1 - Emergency,Pending
BLK-01398,TSK-01398,COR-062,Operating,60,2026-09-09,P3 - Medium,Scheduled
BLK-01399,TSK-01399,COR-079,Engineering,360,2026-09-19,P1 - Emergency,Conflict Flagged
BLK-01400,TSK-01400,COR-014,Signal & Telecom,360,2026-09-13,P3 - Medium,Pending
BLK-01401,TSK-01401,COR-088,Electrical,120,2026-09-23,P1 - Emergency,Rejected
BLK-01402,TSK-01402,COR-094,Engineering,180,2026-09-12,P2 - High,Conflict Flagged
BLK-01403,TSK-01403,COR-021,Signal & Telecom,240,2026-09-22,P1 - Emergency,Approved
BLK-01404,TSK-01404,COR-070,Engineering,240,2026-09-28,P4 - Routine,Conflict Flagged
BLK-01405,TSK-01405,COR-073,Operating,180,2026-09-20,P2 - High,Conflict Flagged
BLK-01406,TSK-01406,COR-077,Signal & Telecom,180,2026-09-26,P4 - Routine,Conflict Flagged
BLK-01407,TSK-01407,COR-076,Engineering,60,2026-09-27,P4 - Routine,Approved
BLK-01408,TSK-01408,COR-023,Signal & Telecom,360,2026-09-12,P1 - Emergency,Pending
BLK-01409,TSK-01409,COR-038,Signal & Telecom,60,2026-09-09,P2 - High,Pending
BLK-01410,TSK-01410,COR-035,Engineering,60,2026-09-20,P4 - Routine,Rejected
BLK-01411,TSK-01411,COR-081,Signal & Telecom,300,2026-09-25,P2 - High,Rejected
BLK-01412,TSK-01412,COR-056,Engineering,300,2026-09-26,P4 - Routine,Conflict Flagged
BLK-01413,TSK-01413,COR-012,Engineering,60,2026-09-25,P4 - Routine,Rejected
BLK-01414,TSK-01414,COR-030,Engineering,180,2026-09-25,P4 - Routine,Rejected
BLK-01415,TSK-01415,COR-043,Operating,240,2026-09-21,P3 - Medium,Pending
BLK-01416,TSK-01416,COR-055,Engineering,240,2026-09-15,P3 - Medium,Approved
BLK-01417,TSK-01417,COR-096,Operating,300,2026-09-16,P4 - Routine,Conflict Flagged
BLK-01418,TSK-01418,COR-013,Signal & Telecom,300,2026-09-25,P1 - Emergency,Pending
BLK-01419,TSK-01419,COR-081,Operating,360,2026-09-18,P4 - Routine,Pending
BLK-01420,TSK-01420,COR-073,Operating,240,2026-09-25,P4 - Routine,Scheduled
BLK-01421,TSK-01421,COR-093,Signal & Telecom,240,2026-09-14,P2 - High,Approved
BLK-01422,TSK-01422,COR-055,Engineering,180,2026-09-27,P2 - High,Rejected
BLK-01423,TSK-01423,COR-013,Signal & Telecom,60,2026-09-09,P1 - Emergency,Conflict Flagged
BLK-01424,TSK-01424,COR-039,Signal & Telecom,240,2026-09-12,P4 - Routine,Scheduled
BLK-01425,TSK-01425,COR-064,Operating,60,2026-09-19,P1 - Emergency,Pending
BLK-01426,TSK-01426,COR-069,Electrical,300,2026-09-15,P4 - Routine,Approved
BLK-01427,TSK-01427,COR-017,Operating,360,2026-09-09,P2 - High,Pending
BLK-01428,TSK-01428,COR-007,Electrical,120,2026-09-28,P2 - High,Approved
BLK-01429,TSK-01429,COR-023,Engineering,60,2026-09-10,P1 - Emergency,Scheduled
BLK-01430,TSK-01430,COR-050,Engineering,180,2026-09-22,P3 - Medium,Approved
BLK-01431,TSK-01431,COR-001,Engineering,240,2026-09-16,P2 - High,Rejected
BLK-01432,TSK-01432,COR-011,Signal & Telecom,240,2026-09-12,P4 - Routine,Scheduled
BLK-01433,TSK-01433,COR-082,Signal & Telecom,360,2026-09-17,P4 - Routine,Scheduled
BLK-01434,TSK-01434,COR-045,Operating,360,2026-09-18,P4 - Routine,Scheduled
BLK-01435,TSK-01435,COR-017,Electrical,300,2026-09-26,P1 - Emergency,Conflict Flagged
BLK-01436,TSK-01436,COR-033,Operating,240,2026-09-14,P2 - High,Pending
BLK-01437,TSK-01437,COR-037,Operating,120,2026-09-27,P4 - Routine,Pending
BLK-01438,TSK-01438,COR-083,Electrical,240,2026-09-21,P3 - Medium,Rejected
BLK-01439,TSK-01439,COR-084,Engineering,300,2026-09-16,P3 - Medium,Approved
BLK-01440,TSK-01440,COR-078,Operating,180,2026-09-13,P4 - Routine,Scheduled
BLK-01441,TSK-01441,COR-002,Electrical,120,2026-09-27,P3 - Medium,Scheduled
BLK-01442,TSK-01442,COR-045,Operating,360,2026-09-17,P2 - High,Conflict Flagged
BLK-01443,TSK-01443,COR-089,Electrical,240,2026-09-21,P1 - Emergency,Approved
BLK-01444,TSK-01444,COR-069,Signal & Telecom,60,2026-09-27,P4 - Routine,Pending
BLK-01445,TSK-01445,COR-041,Electrical,180,2026-09-11,P4 - Routine,Conflict Flagged
BLK-01446,TSK-01446,COR-094,Engineering,360,2026-09-20,P4 - Routine,Scheduled
BLK-01447,TSK-01447,COR-021,Operating,120,2026-09-25,P3 - Medium,Approved
BLK-01448,TSK-01448,COR-067,Signal & Telecom,120,2026-09-24,P4 - Routine,Scheduled
BLK-01449,TSK-01449,COR-030,Signal & Telecom,60,2026-09-17,P1 - Emergency,Approved
BLK-01450,TSK-01450,COR-092,Operating,300,2026-09-26,P2 - High,Rejected
BLK-01451,TSK-01451,COR-084,Electrical,300,2026-09-26,P4 - Routine,Scheduled
BLK-01452,TSK-01452,COR-040,Electrical,120,2026-09-25,P4 - Routine,Rejected
BLK-01453,TSK-01453,COR-001,Signal & Telecom,180,2026-09-22,P2 - High,Conflict Flagged
BLK-01454,TSK-01454,COR-086,Operating,60,2026-09-21,P1 - Emergency,Scheduled
BLK-01455,TSK-01455,COR-001,Electrical,300,2026-09-17,P1 - Emergency,Pending
BLK-01456,TSK-01456,COR-099,Electrical,120,2026-09-15,P2 - High,Rejected
BLK-01457,TSK-01457,COR-050,Signal & Telecom,60,2026-09-12,P4 - Routine,Approved
BLK-01458,TSK-01458,COR-004,Electrical,180,2026-09-18,P4 - Routine,Scheduled
BLK-01459,TSK-01459,COR-003,Signal & Telecom,300,2026-09-29,P3 - Medium,Conflict Flagged
BLK-01460,TSK-01460,COR-018,Electrical,300,2026-09-16,P2 - High,Conflict Flagged
BLK-01461,TSK-01461,COR-063,Signal & Telecom,180,2026-09-17,P4 - Routine,Conflict Flagged
BLK-01462,TSK-01462,COR-035,Operating,180,2026-09-14,P3 - Medium,Rejected
BLK-01463,TSK-01463,COR-014,Signal & Telecom,240,2026-09-19,P3 - Medium,Pending
BLK-01464,TSK-01464,COR-017,Signal & Telecom,180,2026-09-28,P3 - Medium,Scheduled
BLK-01465,TSK-01465,COR-036,Operating,180,2026-09-14,P3 - Medium,Rejected
BLK-01466,TSK-01466,COR-001,Electrical,180,2026-09-12,P2 - High,Rejected
BLK-01467,TSK-01467,COR-050,Engineering,360,2026-09-22,P2 - High,Rejected
BLK-01468,TSK-01468,COR-001,Electrical,120,2026-09-10,P2 - High,Scheduled
BLK-01469,TSK-01469,COR-007,Operating,300,2026-09-29,P4 - Routine,Rejected
BLK-01470,TSK-01470,COR-090,Electrical,300,2026-09-14,P3 - Medium,Scheduled
BLK-01471,TSK-01471,COR-076,Operating,240,2026-09-09,P2 - High,Rejected
BLK-01472,TSK-01472,COR-061,Signal & Telecom,120,2026-09-16,P1 - Emergency,Conflict Flagged
BLK-01473,TSK-01473,COR-100,Electrical,360,2026-09-10,P3 - Medium,Approved
BLK-01474,TSK-01474,COR-044,Signal & Telecom,120,2026-09-20,P3 - Medium,Conflict Flagged
BLK-01475,TSK-01475,COR-076,Signal & Telecom,300,2026-09-17,P1 - Emergency,Approved
BLK-01476,TSK-01476,COR-081,Operating,240,2026-09-29,P3 - Medium,Conflict Flagged
BLK-01477,TSK-01477,COR-047,Operating,120,2026-09-20,P1 - Emergency,Conflict Flagged
BLK-01478,TSK-01478,COR-099,Electrical,240,2026-09-14,P4 - Routine,Scheduled
BLK-01479,TSK-01479,COR-013,Operating,360,2026-09-28,P4 - Routine,Scheduled
BLK-01480,TSK-01480,COR-092,Operating,180,2026-09-22,P3 - Medium,Conflict Flagged
BLK-01481,TSK-01481,COR-041,Operating,180,2026-09-21,P2 - High,Rejected
BLK-01482,TSK-01482,COR-093,Signal & Telecom,120,2026-09-23,P4 - Routine,Pending
BLK-01483,TSK-01483,COR-006,Electrical,180,2026-09-13,P2 - High,Rejected
BLK-01484,TSK-01484,COR-083,Electrical,60,2026-09-21,P1 - Emergency,Rejected
BLK-01485,TSK-01485,COR-089,Signal & Telecom,60,2026-09-19,P2 - High,Rejected
BLK-01486,TSK-01486,COR-010,Engineering,60,2026-09-16,P2 - High,Scheduled
BLK-01487,TSK-01487,COR-098,Electrical,180,2026-09-25,P2 - High,Pending
BLK-01488,TSK-01488,COR-073,Operating,120,2026-09-12,P1 - Emergency,Conflict Flagged
BLK-01489,TSK-01489,COR-006,Electrical,180,2026-09-16,P3 - Medium,Scheduled
BLK-01490,TSK-01490,COR-075,Electrical,60,2026-09-13,P2 - High,Pending
BLK-01491,TSK-01491,COR-028,Engineering,120,2026-09-13,P4 - Routine,Rejected
BLK-01492,TSK-01492,COR-014,Electrical,60,2026-09-18,P2 - High,Pending
BLK-01493,TSK-01493,COR-009,Engineering,180,2026-09-18,P1 - Emergency,Conflict Flagged
BLK-01494,TSK-01494,COR-032,Electrical,300,2026-09-29,P4 - Routine,Scheduled
BLK-01495,TSK-01495,COR-087,Electrical,180,2026-09-17,P3 - Medium,Approved
BLK-01496,TSK-01496,COR-076,Signal & Telecom,120,2026-09-19,P2 - High,Pending
BLK-01497,TSK-01497,COR-048,Operating,180,2026-09-19,P4 - Routine,Pending
BLK-01498,TSK-01498,COR-045,Engineering,240,2026-09-29,P3 - Medium,Conflict Flagged
BLK-01499,TSK-01499,COR-067,Engineering,120,2026-09-22,P2 - High,Rejected
BLK-01500,TSK-01500,COR-069,Signal & Telecom,180,2026-09-12,P3 - Medium,Pending
BLK-01501,TSK-01501,COR-049,Engineering,300,2026-09-19,P4 - Routine,Conflict Flagged
BLK-01502,TSK-01502,COR-071,Engineering,300,2026-09-12,P1 - Emergency,Pending
BLK-01503,TSK-01503,COR-007,Electrical,360,2026-09-21,P3 - Medium,Approved
BLK-01504,TSK-01504,COR-069,Electrical,300,2026-09-25,P1 - Emergency,Scheduled
BLK-01505,TSK-01505,COR-036,Operating,180,2026-09-21,P3 - Medium,Conflict Flagged
BLK-01506,TSK-01506,COR-017,Engineering,360,2026-09-19,P2 - High,Rejected
BLK-01507,TSK-01507,COR-046,Operating,120,2026-09-11,P3 - Medium,Rejected
BLK-01508,TSK-01508,COR-043,Operating,60,2026-09-17,P1 - Emergency,Approved
BLK-01509,TSK-01509,COR-046,Operating,60,2026-09-11,P1 - Emergency,Pending
BLK-01510,TSK-01510,COR-088,Operating,360,2026-09-18,P4 - Routine,Conflict Flagged
BLK-01511,TSK-01511,COR-034,Engineering,240,2026-09-12,P3 - Medium,Scheduled
BLK-01512,TSK-01512,COR-016,Signal & Telecom,360,2026-09-29,P4 - Routine,Rejected
BLK-01513,TSK-01513,COR-030,Operating,360,2026-09-26,P2 - High,Conflict Flagged
BLK-01514,TSK-01514,COR-039,Electrical,300,2026-09-19,P1 - Emergency,Pending
BLK-01515,TSK-01515,COR-002,Electrical,180,2026-09-13,P4 - Routine,Approved
BLK-01516,TSK-01516,COR-019,Electrical,240,2026-09-17,P2 - High,Scheduled
BLK-01517,TSK-01517,COR-077,Operating,240,2026-09-09,P1 - Emergency,Pending
BLK-01518,TSK-01518,COR-029,Electrical,300,2026-09-17,P4 - Routine,Conflict Flagged
BLK-01519,TSK-01519,COR-029,Signal & Telecom,360,2026-09-24,P2 - High,Approved
BLK-01520,TSK-01520,COR-004,Operating,240,2026-09-26,P4 - Routine,Approved
BLK-01521,TSK-01521,COR-052,Operating,300,2026-09-28,P3 - Medium,Rejected
BLK-01522,TSK-01522,COR-035,Operating,360,2026-09-23,P3 - Medium,Conflict Flagged
BLK-01523,TSK-01523,COR-044,Signal & Telecom,120,2026-09-17,P4 - Routine,Conflict Flagged
BLK-01524,TSK-01524,COR-042,Signal & Telecom,300,2026-09-12,P3 - Medium,Pending
BLK-01525,TSK-01525,COR-018,Electrical,300,2026-09-18,P1 - Emergency,Approved
BLK-01526,TSK-01526,COR-032,Signal & Telecom,60,2026-09-25,P2 - High,Conflict Flagged
BLK-01527,TSK-01527,COR-085,Signal & Telecom,300,2026-09-17,P1 - Emergency,Pending
BLK-01528,TSK-01528,COR-011,Engineering,120,2026-09-20,P3 - Medium,Scheduled
BLK-01529,TSK-01529,COR-034,Operating,300,2026-09-21,P3 - Medium,Approved
BLK-01530,TSK-01530,COR-095,Electrical,120,2026-09-12,P2 - High,Pending
BLK-01531,TSK-01531,COR-060,Signal & Telecom,300,2026-09-23,P4 - Routine,Conflict Flagged
BLK-01532,TSK-01532,COR-048,Engineering,300,2026-09-15,P3 - Medium,Approved
BLK-01533,TSK-01533,COR-024,Electrical,120,2026-09-20,P2 - High,Scheduled
BLK-01534,TSK-01534,COR-064,Engineering,180,2026-09-22,P1 - Emergency,Approved
BLK-01535,TSK-01535,COR-093,Signal & Telecom,300,2026-09-14,P4 - Routine,Approved
BLK-01536,TSK-01536,COR-031,Signal & Telecom,360,2026-09-27,P4 - Routine,Pending
BLK-01537,TSK-01537,COR-061,Electrical,360,2026-09-22,P1 - Emergency,Scheduled
BLK-01538,TSK-01538,COR-061,Engineering,300,2026-09-24,P2 - High,Pending
BLK-01539,TSK-01539,COR-049,Signal & Telecom,240,2026-09-24,P4 - Routine,Pending
BLK-01540,TSK-01540,COR-064,Engineering,120,2026-09-24,P3 - Medium,Rejected
BLK-01541,TSK-01541,COR-017,Electrical,360,2026-09-17,P2 - High,Conflict Flagged
BLK-01542,TSK-01542,COR-033,Electrical,120,2026-09-14,P1 - Emergency,Rejected
BLK-01543,TSK-01543,COR-024,Operating,120,2026-09-17,P2 - High,Rejected
BLK-01544,TSK-01544,COR-069,Engineering,360,2026-09-10,P2 - High,Conflict Flagged
BLK-01545,TSK-01545,COR-084,Engineering,300,2026-09-09,P1 - Emergency,Rejected
BLK-01546,TSK-01546,COR-030,Operating,180,2026-09-15,P1 - Emergency,Approved
BLK-01547,TSK-01547,COR-023,Engineering,240,2026-09-25,P2 - High,Pending
BLK-01548,TSK-01548,COR-035,Operating,120,2026-09-13,P2 - High,Approved
BLK-01549,TSK-01549,COR-024,Electrical,120,2026-09-13,P1 - Emergency,Conflict Flagged
BLK-01550,TSK-01550,COR-018,Engineering,60,2026-09-25,P2 - High,Scheduled
BLK-01551,TSK-01551,COR-005,Operating,300,2026-09-17,P4 - Routine,Rejected
BLK-01552,TSK-01552,COR-057,Signal & Telecom,120,2026-09-24,P1 - Emergency,Pending
BLK-01553,TSK-01553,COR-026,Electrical,240,2026-09-23,P1 - Emergency,Scheduled
BLK-01554,TSK-01554,COR-016,Signal & Telecom,180,2026-09-23,P1 - Emergency,Scheduled
BLK-01555,TSK-01555,COR-037,Operating,180,2026-09-09,P2 - High,Pending
BLK-01556,TSK-01556,COR-052,Operating,300,2026-09-18,P1 - Emergency,Conflict Flagged
BLK-01557,TSK-01557,COR-089,Operating,300,2026-09-09,P3 - Medium,Scheduled
BLK-01558,TSK-01558,COR-076,Engineering,120,2026-09-20,P2 - High,Approved
BLK-01559,TSK-01559,COR-073,Signal & Telecom,60,2026-09-12,P1 - Emergency,Rejected
BLK-01560,TSK-01560,COR-068,Signal & Telecom,120,2026-09-18,P3 - Medium,Scheduled
BLK-01561,TSK-01561,COR-045,Operating,240,2026-09-27,P2 - High,Conflict Flagged
BLK-01562,TSK-01562,COR-010,Electrical,180,2026-09-21,P4 - Routine,Scheduled
BLK-01563,TSK-01563,COR-029,Electrical,120,2026-09-13,P3 - Medium,Scheduled
BLK-01564,TSK-01564,COR-017,Operating,120,2026-09-14,P3 - Medium,Rejected
BLK-01565,TSK-01565,COR-017,Operating,240,2026-09-23,P2 - High,Approved
BLK-01566,TSK-01566,COR-081,Electrical,240,2026-09-26,P3 - Medium,Conflict Flagged
BLK-01567,TSK-01567,COR-036,Electrical,60,2026-09-24,P2 - High,Scheduled
BLK-01568,TSK-01568,COR-018,Engineering,180,2026-09-17,P2 - High,Conflict Flagged
BLK-01569,TSK-01569,COR-081,Electrical,180,2026-09-22,P3 - Medium,Conflict Flagged
BLK-01570,TSK-01570,COR-071,Electrical,120,2026-09-21,P2 - High,Conflict Flagged
BLK-01571,TSK-01571,COR-027,Engineering,60,2026-09-29,P3 - Medium,Rejected
BLK-01572,TSK-01572,COR-038,Operating,120,2026-09-22,P2 - High,Pending
BLK-01573,TSK-01573,COR-071,Engineering,60,2026-09-12,P2 - High,Scheduled
BLK-01574,TSK-01574,COR-084,Signal & Telecom,120,2026-09-16,P3 - Medium,Rejected
BLK-01575,TSK-01575,COR-041,Signal & Telecom,360,2026-09-26,P2 - High,Pending
BLK-01576,TSK-01576,COR-094,Electrical,60,2026-09-09,P1 - Emergency,Scheduled
BLK-01577,TSK-01577,COR-018,Engineering,300,2026-09-20,P2 - High,Scheduled
BLK-01578,TSK-01578,COR-060,Operating,180,2026-09-29,P2 - High,Scheduled
BLK-01579,TSK-01579,COR-100,Signal & Telecom,240,2026-09-26,P1 - Emergency,Scheduled
BLK-01580,TSK-01580,COR-023,Engineering,180,2026-09-14,P2 - High,Conflict Flagged
BLK-01581,TSK-01581,COR-006,Signal & Telecom,240,2026-09-10,P3 - Medium,Approved
BLK-01582,TSK-01582,COR-007,Electrical,60,2026-09-12,P1 - Emergency,Approved
BLK-01583,TSK-01583,COR-053,Electrical,60,2026-09-29,P4 - Routine,Rejected
BLK-01584,TSK-01584,COR-087,Signal & Telecom,180,2026-09-15,P2 - High,Pending
BLK-01585,TSK-01585,COR-098,Operating,360,2026-09-29,P3 - Medium,Approved
BLK-01586,TSK-01586,COR-013,Signal & Telecom,60,2026-09-26,P1 - Emergency,Rejected
BLK-01587,TSK-01587,COR-086,Engineering,180,2026-09-24,P2 - High,Conflict Flagged
BLK-01588,TSK-01588,COR-014,Electrical,360,2026-09-11,P4 - Routine,Pending
BLK-01589,TSK-01589,COR-064,Signal & Telecom,60,2026-09-17,P1 - Emergency,Rejected
BLK-01590,TSK-01590,COR-015,Signal & Telecom,180,2026-09-18,P2 - High,Approved
BLK-01591,TSK-01591,COR-038,Signal & Telecom,360,2026-09-17,P1 - Emergency,Rejected
BLK-01592,TSK-01592,COR-060,Electrical,240,2026-09-26,P1 - Emergency,Approved
BLK-01593,TSK-01593,COR-033,Operating,240,2026-09-13,P2 - High,Approved
BLK-01594,TSK-01594,COR-024,Electrical,120,2026-09-22,P3 - Medium,Rejected
BLK-01595,TSK-01595,COR-045,Operating,360,2026-09-14,P4 - Routine,Conflict Flagged
BLK-01596,TSK-01596,COR-010,Engineering,180,2026-09-20,P2 - High,Approved
BLK-01597,TSK-01597,COR-032,Operating,60,2026-09-19,P1 - Emergency,Pending
BLK-01598,TSK-01598,COR-085,Electrical,180,2026-09-25,P3 - Medium,Scheduled
BLK-01599,TSK-01599,COR-074,Electrical,300,2026-09-20,P3 - Medium,Rejected
BLK-01600,TSK-01600,COR-048,Engineering,300,2026-09-25,P2 - High,Rejected
BLK-01601,TSK-01601,COR-039,Operating,120,2026-09-10,P1 - Emergency,Pending
BLK-01602,TSK-01602,COR-097,Electrical,240,2026-09-22,P4 - Routine,Scheduled
BLK-01603,TSK-01603,COR-032,Operating,240,2026-09-22,P2 - High,Approved
BLK-01604,TSK-01604,COR-028,Signal & Telecom,240,2026-09-24,P3 - Medium,Approved
BLK-01605,TSK-01605,COR-040,Engineering,360,2026-09-19,P1 - Emergency,Rejected
BLK-01606,TSK-01606,COR-061,Engineering,240,2026-09-24,P3 - Medium,Approved
BLK-01607,TSK-01607,COR-015,Signal & Telecom,300,2026-09-18,P2 - High,Scheduled
BLK-01608,TSK-01608,COR-026,Electrical,300,2026-09-22,P3 - Medium,Scheduled
BLK-01609,TSK-01609,COR-032,Electrical,360,2026-09-11,P3 - Medium,Conflict Flagged
BLK-01610,TSK-01610,COR-008,Engineering,240,2026-09-10,P4 - Routine,Approved
BLK-01611,TSK-01611,COR-087,Operating,180,2026-09-18,P1 - Emergency,Conflict Flagged
BLK-01612,TSK-01612,COR-051,Signal & Telecom,300,2026-09-24,P2 - High,Scheduled
BLK-01613,TSK-01613,COR-029,Signal & Telecom,120,2026-09-28,P2 - High,Rejected
BLK-01614,TSK-01614,COR-042,Operating,120,2026-09-19,P3 - Medium,Scheduled
BLK-01615,TSK-01615,COR-075,Electrical,120,2026-09-17,P3 - Medium,Conflict Flagged
BLK-01616,TSK-01616,COR-078,Operating,120,2026-09-18,P2 - High,Pending
BLK-01617,TSK-01617,COR-045,Electrical,360,2026-09-09,P4 - Routine,Scheduled
BLK-01618,TSK-01618,COR-079,Signal & Telecom,60,2026-09-23,P1 - Emergency,Pending
BLK-01619,TSK-01619,COR-042,Electrical,60,2026-09-09,P1 - Emergency,Scheduled
BLK-01620,TSK-01620,COR-035,Operating,60,2026-09-21,P3 - Medium,Conflict Flagged
BLK-01621,TSK-01621,COR-003,Operating,120,2026-09-24,P3 - Medium,Scheduled
BLK-01622,TSK-01622,COR-036,Operating,300,2026-09-18,P1 - Emergency,Rejected
BLK-01623,TSK-01623,COR-067,Operating,120,2026-09-11,P2 - High,Scheduled
BLK-01624,TSK-01624,COR-038,Electrical,180,2026-09-29,P1 - Emergency,Rejected
BLK-01625,TSK-01625,COR-052,Signal & Telecom,180,2026-09-28,P2 - High,Scheduled
BLK-01626,TSK-01626,COR-046,Electrical,180,2026-09-25,P1 - Emergency,Pending
BLK-01627,TSK-01627,COR-034,Operating,180,2026-09-20,P2 - High,Conflict Flagged
BLK-01628,TSK-01628,COR-001,Engineering,360,2026-09-17,P3 - Medium,Conflict Flagged
BLK-01629,TSK-01629,COR-050,Electrical,60,2026-09-15,P2 - High,Conflict Flagged
BLK-01630,TSK-01630,COR-084,Engineering,120,2026-09-09,P1 - Emergency,Rejected
BLK-01631,TSK-01631,COR-007,Engineering,180,2026-09-18,P2 - High,Pending
BLK-01632,TSK-01632,COR-048,Operating,60,2026-09-12,P1 - Emergency,Conflict Flagged
BLK-01633,TSK-01633,COR-018,Operating,120,2026-09-25,P3 - Medium,Pending
BLK-01634,TSK-01634,COR-082,Signal & Telecom,240,2026-09-25,P3 - Medium,Pending
BLK-01635,TSK-01635,COR-077,Electrical,60,2026-09-18,P1 - Emergency,Scheduled
BLK-01636,TSK-01636,COR-018,Engineering,180,2026-09-16,P1 - Emergency,Rejected
BLK-01637,TSK-01637,COR-012,Signal & Telecom,360,2026-09-26,P2 - High,Approved
BLK-01638,TSK-01638,COR-080,Signal & Telecom,360,2026-09-13,P4 - Routine,Approved
BLK-01639,TSK-01639,COR-092,Signal & Telecom,60,2026-09-12,P3 - Medium,Rejected
BLK-01640,TSK-01640,COR-007,Electrical,240,2026-09-18,P2 - High,Conflict Flagged
BLK-01641,TSK-01641,COR-098,Signal & Telecom,180,2026-09-09,P1 - Emergency,Pending
BLK-01642,TSK-01642,COR-090,Electrical,60,2026-09-13,P1 - Emergency,Conflict Flagged
BLK-01643,TSK-01643,COR-025,Signal & Telecom,240,2026-09-20,P2 - High,Rejected
BLK-01644,TSK-01644,COR-005,Operating,60,2026-09-16,P2 - High,Pending
BLK-01645,TSK-01645,COR-002,Signal & Telecom,180,2026-09-21,P3 - Medium,Approved
BLK-01646,TSK-01646,COR-085,Electrical,360,2026-09-12,P2 - High,Conflict Flagged
BLK-01647,TSK-01647,COR-088,Operating,180,2026-09-14,P1 - Emergency,Conflict Flagged
BLK-01648,TSK-01648,COR-040,Engineering,60,2026-09-13,P1 - Emergency,Rejected
BLK-01649,TSK-01649,COR-079,Engineering,240,2026-09-18,P3 - Medium,Scheduled
BLK-01650,TSK-01650,COR-074,Signal & Telecom,360,2026-09-21,P4 - Routine,Conflict Flagged
BLK-01651,TSK-01651,COR-022,Electrical,180,2026-09-20,P1 - Emergency,Pending
BLK-01652,TSK-01652,COR-043,Operating,180,2026-09-17,P4 - Routine,Rejected
BLK-01653,TSK-01653,COR-096,Operating,240,2026-09-19,P2 - High,Pending
BLK-01654,TSK-01654,COR-011,Operating,180,2026-09-20,P2 - High,Pending
BLK-01655,TSK-01655,COR-064,Operating,60,2026-09-27,P1 - Emergency,Rejected
BLK-01656,TSK-01656,COR-069,Operating,180,2026-09-09,P3 - Medium,Pending
BLK-01657,TSK-01657,COR-095,Engineering,120,2026-09-09,P4 - Routine,Conflict Flagged
BLK-01658,TSK-01658,COR-019,Electrical,120,2026-09-23,P3 - Medium,Approved
BLK-01659,TSK-01659,COR-096,Operating,300,2026-09-16,P4 - Routine,Pending
BLK-01660,TSK-01660,COR-002,Engineering,180,2026-09-10,P3 - Medium,Scheduled
BLK-01661,TSK-01661,COR-093,Signal & Telecom,300,2026-09-18,P3 - Medium,Conflict Flagged
BLK-01662,TSK-01662,COR-008,Electrical,360,2026-09-21,P1 - Emergency,Approved
BLK-01663,TSK-01663,COR-057,Signal & Telecom,180,2026-09-17,P3 - Medium,Approved
BLK-01664,TSK-01664,COR-081,Engineering,180,2026-09-25,P2 - High,Rejected
BLK-01665,TSK-01665,COR-049,Operating,300,2026-09-10,P1 - Emergency,Conflict Flagged
BLK-01666,TSK-01666,COR-085,Engineering,240,2026-09-14,P4 - Routine,Scheduled
BLK-01667,TSK-01667,COR-053,Operating,300,2026-09-21,P4 - Routine,Rejected
BLK-01668,TSK-01668,COR-014,Engineering,120,2026-09-23,P3 - Medium,Rejected
BLK-01669,TSK-01669,COR-048,Engineering,240,2026-09-21,P4 - Routine,Rejected
BLK-01670,TSK-01670,COR-027,Operating,240,2026-09-09,P3 - Medium,Pending
BLK-01671,TSK-01671,COR-028,Electrical,240,2026-09-21,P1 - Emergency,Scheduled
BLK-01672,TSK-01672,COR-065,Signal & Telecom,300,2026-09-27,P3 - Medium,Scheduled
BLK-01673,TSK-01673,COR-069,Electrical,180,2026-09-23,P4 - Routine,Conflict Flagged
BLK-01674,TSK-01674,COR-097,Engineering,240,2026-09-14,P4 - Routine,Rejected
BLK-01675,TSK-01675,COR-027,Operating,300,2026-09-29,P3 - Medium,Scheduled
BLK-01676,TSK-01676,COR-033,Engineering,360,2026-09-20,P2 - High,Conflict Flagged
BLK-01677,TSK-01677,COR-070,Signal & Telecom,300,2026-09-18,P1 - Emergency,Scheduled
BLK-01678,TSK-01678,COR-093,Engineering,360,2026-09-23,P1 - Emergency,Pending
BLK-01679,TSK-01679,COR-073,Engineering,120,2026-09-27,P3 - Medium,Pending
BLK-01680,TSK-01680,COR-097,Signal & Telecom,60,2026-09-10,P3 - Medium,Approved
BLK-01681,TSK-01681,COR-024,Signal & Telecom,240,2026-09-14,P3 - Medium,Scheduled
BLK-01682,TSK-01682,COR-013,Operating,300,2026-09-21,P3 - Medium,Conflict Flagged
BLK-01683,TSK-01683,COR-061,Engineering,360,2026-09-15,P2 - High,Rejected
BLK-01684,TSK-01684,COR-051,Signal & Telecom,360,2026-09-27,P2 - High,Pending
BLK-01685,TSK-01685,COR-060,Electrical,300,2026-09-13,P1 - Emergency,Scheduled
BLK-01686,TSK-01686,COR-028,Operating,180,2026-09-13,P3 - Medium,Rejected
BLK-01687,TSK-01687,COR-096,Engineering,180,2026-09-17,P4 - Routine,Rejected
BLK-01688,TSK-01688,COR-015,Operating,360,2026-09-27,P2 - High,Pending
BLK-01689,TSK-01689,COR-032,Electrical,60,2026-09-20,P3 - Medium,Conflict Flagged
BLK-01690,TSK-01690,COR-002,Operating,300,2026-09-20,P4 - Routine,Pending
BLK-01691,TSK-01691,COR-024,Operating,120,2026-09-10,P3 - Medium,Conflict Flagged
BLK-01692,TSK-01692,COR-011,Operating,360,2026-09-20,P3 - Medium,Scheduled
BLK-01693,TSK-01693,COR-049,Engineering,240,2026-09-22,P3 - Medium,Scheduled
BLK-01694,TSK-01694,COR-094,Electrical,60,2026-09-12,P3 - Medium,Rejected
BLK-01695,TSK-01695,COR-049,Operating,240,2026-09-21,P2 - High,Scheduled
BLK-01696,TSK-01696,COR-073,Engineering,240,2026-09-21,P4 - Routine,Rejected
BLK-01697,TSK-01697,COR-074,Operating,180,2026-09-26,P4 - Routine,Conflict Flagged
BLK-01698,TSK-01698,COR-066,Electrical,60,2026-09-10,P2 - High,Scheduled
BLK-01699,TSK-01699,COR-024,Operating,120,2026-09-21,P2 - High,Scheduled
BLK-01700,TSK-01700,COR-001,Electrical,240,2026-09-25,P4 - Routine,Scheduled
BLK-01701,TSK-01701,COR-076,Signal & Telecom,120,2026-09-22,P3 - Medium,Rejected
BLK-01702,TSK-01702,COR-075,Engineering,180,2026-09-28,P3 - Medium,Rejected
BLK-01703,TSK-01703,COR-095,Operating,180,2026-09-17,P2 - High,Scheduled
BLK-01704,TSK-01704,COR-034,Operating,360,2026-09-24,P4 - Routine,Rejected
BLK-01705,TSK-01705,COR-058,Signal & Telecom,60,2026-09-24,P4 - Routine,Conflict Flagged
BLK-01706,TSK-01706,COR-003,Signal & Telecom,360,2026-09-09,P1 - Emergency,Conflict Flagged
BLK-01707,TSK-01707,COR-042,Operating,120,2026-09-28,P4 - Routine,Conflict Flagged
BLK-01708,TSK-01708,COR-008,Engineering,360,2026-09-24,P2 - High,Scheduled
BLK-01709,TSK-01709,COR-001,Electrical,60,2026-09-09,P4 - Routine,Conflict Flagged
BLK-01710,TSK-01710,COR-046,Signal & Telecom,360,2026-09-12,P3 - Medium,Scheduled
BLK-01711,TSK-01711,COR-021,Engineering,60,2026-09-12,P1 - Emergency,Conflict Flagged
BLK-01712,TSK-01712,COR-081,Signal & Telecom,240,2026-09-13,P4 - Routine,Rejected
BLK-01713,TSK-01713,COR-029,Signal & Telecom,60,2026-09-26,P1 - Emergency,Approved
BLK-01714,TSK-01714,COR-093,Engineering,180,2026-09-09,P4 - Routine,Conflict Flagged
BLK-01715,TSK-01715,COR-069,Electrical,120,2026-09-29,P3 - Medium,Scheduled
BLK-01716,TSK-01716,COR-019,Signal & Telecom,180,2026-09-21,P3 - Medium,Rejected
BLK-01717,TSK-01717,COR-047,Engineering,240,2026-09-21,P3 - Medium,Rejected
BLK-01718,TSK-01718,COR-063,Engineering,240,2026-09-19,P4 - Routine,Approved
BLK-01719,TSK-01719,COR-066,Engineering,240,2026-09-13,P2 - High,Approved
BLK-01720,TSK-01720,COR-053,Operating,120,2026-09-09,P3 - Medium,Pending
BLK-01721,TSK-01721,COR-047,Signal & Telecom,180,2026-09-11,P2 - High,Pending
BLK-01722,TSK-01722,COR-027,Electrical,180,2026-09-10,P2 - High,Pending
BLK-01723,TSK-01723,COR-078,Electrical,240,2026-09-21,P3 - Medium,Approved
BLK-01724,TSK-01724,COR-013,Engineering,360,2026-09-10,P1 - Emergency,Scheduled
BLK-01725,TSK-01725,COR-029,Electrical,240,2026-09-12,P3 - Medium,Conflict Flagged
BLK-01726,TSK-01726,COR-052,Engineering,120,2026-09-19,P3 - Medium,Rejected
BLK-01727,TSK-01727,COR-026,Electrical,180,2026-09-29,P4 - Routine,Rejected
BLK-01728,TSK-01728,COR-031,Engineering,360,2026-09-25,P4 - Routine,Pending
BLK-01729,TSK-01729,COR-071,Operating,180,2026-09-16,P1 - Emergency,Rejected
BLK-01730,TSK-01730,COR-031,Engineering,180,2026-09-16,P4 - Routine,Pending
BLK-01731,TSK-01731,COR-088,Electrical,120,2026-09-24,P2 - High,Scheduled
BLK-01732,TSK-01732,COR-002,Electrical,180,2026-09-13,P4 - Routine,Conflict Flagged
BLK-01733,TSK-01733,COR-061,Engineering,300,2026-09-15,P1 - Emergency,Approved
BLK-01734,TSK-01734,COR-020,Operating,120,2026-09-18,P1 - Emergency,Approved
BLK-01735,TSK-01735,COR-044,Operating,180,2026-09-23,P2 - High,Rejected
BLK-01736,TSK-01736,COR-046,Electrical,120,2026-09-18,P1 - Emergency,Approved
BLK-01737,TSK-01737,COR-021,Signal & Telecom,360,2026-09-25,P2 - High,Scheduled
BLK-01738,TSK-01738,COR-034,Operating,180,2026-09-09,P3 - Medium,Rejected
BLK-01739,TSK-01739,COR-012,Signal & Telecom,240,2026-09-22,P1 - Emergency,Approved
BLK-01740,TSK-01740,COR-047,Signal & Telecom,360,2026-09-24,P3 - Medium,Pending
BLK-01741,TSK-01741,COR-037,Signal & Telecom,240,2026-09-17,P2 - High,Pending
BLK-01742,TSK-01742,COR-041,Engineering,120,2026-09-16,P4 - Routine,Conflict Flagged
BLK-01743,TSK-01743,COR-052,Electrical,60,2026-09-25,P1 - Emergency,Pending
BLK-01744,TSK-01744,COR-064,Electrical,300,2026-09-28,P2 - High,Pending
BLK-01745,TSK-01745,COR-096,Electrical,120,2026-09-22,P4 - Routine,Scheduled
BLK-01746,TSK-01746,COR-098,Electrical,60,2026-09-11,P3 - Medium,Conflict Flagged
BLK-01747,TSK-01747,COR-003,Operating,300,2026-09-19,P1 - Emergency,Pending
BLK-01748,TSK-01748,COR-046,Engineering,240,2026-09-22,P1 - Emergency,Conflict Flagged
BLK-01749,TSK-01749,COR-062,Signal & Telecom,240,2026-09-11,P4 - Routine,Scheduled
BLK-01750,TSK-01750,COR-039,Engineering,120,2026-09-19,P1 - Emergency,Scheduled
BLK-01751,TSK-01751,COR-088,Operating,120,2026-09-23,P1 - Emergency,Conflict Flagged
BLK-01752,TSK-01752,COR-002,Signal & Telecom,240,2026-09-19,P2 - High,Rejected
BLK-01753,TSK-01753,COR-054,Operating,120,2026-09-15,P1 - Emergency,Scheduled
BLK-01754,TSK-01754,COR-086,Operating,300,2026-09-20,P2 - High,Approved
BLK-01755,TSK-01755,COR-001,Electrical,180,2026-09-28,P4 - Routine,Approved
BLK-01756,TSK-01756,COR-055,Operating,120,2026-09-25,P1 - Emergency,Rejected
BLK-01757,TSK-01757,COR-091,Operating,180,2026-09-15,P3 - Medium,Rejected
BLK-01758,TSK-01758,COR-062,Signal & Telecom,120,2026-09-29,P1 - Emergency,Rejected
BLK-01759,TSK-01759,COR-014,Operating,180,2026-09-23,P4 - Routine,Rejected
BLK-01760,TSK-01760,COR-022,Operating,360,2026-09-23,P3 - Medium,Scheduled
BLK-01761,TSK-01761,COR-048,Engineering,120,2026-09-11,P2 - High,Approved
BLK-01762,TSK-01762,COR-035,Engineering,360,2026-09-10,P3 - Medium,Approved
BLK-01763,TSK-01763,COR-052,Engineering,180,2026-09-14,P1 - Emergency,Scheduled
BLK-01764,TSK-01764,COR-059,Operating,120,2026-09-15,P1 - Emergency,Approved
BLK-01765,TSK-01765,COR-031,Operating,360,2026-09-18,P1 - Emergency,Pending
BLK-01766,TSK-01766,COR-014,Electrical,240,2026-09-24,P1 - Emergency,Scheduled
BLK-01767,TSK-01767,COR-050,Engineering,180,2026-09-27,P4 - Routine,Scheduled
BLK-01768,TSK-01768,COR-083,Operating,60,2026-09-22,P1 - Emergency,Conflict Flagged
BLK-01769,TSK-01769,COR-058,Engineering,360,2026-09-19,P4 - Routine,Scheduled
BLK-01770,TSK-01770,COR-022,Engineering,60,2026-09-18,P2 - High,Pending
BLK-01771,TSK-01771,COR-100,Electrical,60,2026-09-17,P3 - Medium,Rejected
BLK-01772,TSK-01772,COR-021,Signal & Telecom,60,2026-09-17,P2 - High,Rejected
BLK-01773,TSK-01773,COR-084,Electrical,300,2026-09-19,P1 - Emergency,Scheduled
BLK-01774,TSK-01774,COR-075,Operating,300,2026-09-17,P4 - Routine,Approved
BLK-01775,TSK-01775,COR-032,Electrical,120,2026-09-11,P1 - Emergency,Approved
BLK-01776,TSK-01776,COR-035,Signal & Telecom,360,2026-09-19,P1 - Emergency,Approved
BLK-01777,TSK-01777,COR-016,Engineering,60,2026-09-21,P1 - Emergency,Approved
BLK-01778,TSK-01778,COR-002,Engineering,60,2026-09-23,P3 - Medium,Approved
BLK-01779,TSK-01779,COR-051,Signal & Telecom,180,2026-09-21,P4 - Routine,Approved
BLK-01780,TSK-01780,COR-086,Signal & Telecom,360,2026-09-24,P2 - High,Pending
BLK-01781,TSK-01781,COR-004,Signal & Telecom,120,2026-09-23,P2 - High,Conflict Flagged
BLK-01782,TSK-01782,COR-046,Engineering,300,2026-09-13,P3 - Medium,Conflict Flagged
BLK-01783,TSK-01783,COR-031,Electrical,360,2026-09-20,P2 - High,Scheduled
BLK-01784,TSK-01784,COR-089,Electrical,240,2026-09-12,P2 - High,Pending
BLK-01785,TSK-01785,COR-095,Signal & Telecom,240,2026-09-09,P1 - Emergency,Scheduled
BLK-01786,TSK-01786,COR-031,Signal & Telecom,360,2026-09-22,P4 - Routine,Rejected
BLK-01787,TSK-01787,COR-056,Electrical,300,2026-09-14,P4 - Routine,Approved
BLK-01788,TSK-01788,COR-090,Electrical,120,2026-09-22,P3 - Medium,Pending
BLK-01789,TSK-01789,COR-047,Signal & Telecom,360,2026-09-13,P2 - High,Scheduled
BLK-01790,TSK-01790,COR-002,Electrical,300,2026-09-12,P3 - Medium,Scheduled
BLK-01791,TSK-01791,COR-025,Operating,60,2026-09-20,P2 - High,Approved
BLK-01792,TSK-01792,COR-077,Signal & Telecom,360,2026-09-09,P4 - Routine,Rejected
BLK-01793,TSK-01793,COR-044,Electrical,240,2026-09-17,P4 - Routine,Conflict Flagged
BLK-01794,TSK-01794,COR-079,Signal & Telecom,300,2026-09-11,P4 - Routine,Scheduled
BLK-01795,TSK-01795,COR-060,Electrical,180,2026-09-09,P4 - Routine,Conflict Flagged
BLK-01796,TSK-01796,COR-085,Operating,240,2026-09-18,P2 - High,Conflict Flagged
BLK-01797,TSK-01797,COR-028,Electrical,180,2026-09-11,P4 - Routine,Scheduled
BLK-01798,TSK-01798,COR-012,Operating,240,2026-09-09,P2 - High,Rejected
BLK-01799,TSK-01799,COR-037,Electrical,300,2026-09-28,P2 - High,Pending
BLK-01800,TSK-01800,COR-059,Signal & Telecom,180,2026-09-09,P4 - Routine,Rejected
BLK-01801,TSK-01801,COR-080,Signal & Telecom,360,2026-09-28,P2 - High,Approved
BLK-01802,TSK-01802,COR-012,Engineering,360,2026-09-19,P2 - High,Approved
BLK-01803,TSK-01803,COR-040,Operating,240,2026-09-26,P4 - Routine,Scheduled
BLK-01804,TSK-01804,COR-058,Electrical,240,2026-09-11,P4 - Routine,Rejected
BLK-01805,TSK-01805,COR-089,Electrical,60,2026-09-15,P1 - Emergency,Rejected
BLK-01806,TSK-01806,COR-062,Electrical,180,2026-09-18,P2 - High,Pending
BLK-01807,TSK-01807,COR-075,Engineering,120,2026-09-10,P1 - Emergency,Pending
BLK-01808,TSK-01808,COR-059,Signal & Telecom,60,2026-09-19,P4 - Routine,Scheduled
BLK-01809,TSK-01809,COR-054,Electrical,360,2026-09-17,P3 - Medium,Conflict Flagged
BLK-01810,TSK-01810,COR-089,Electrical,300,2026-09-25,P1 - Emergency,Rejected
BLK-01811,TSK-01811,COR-002,Engineering,300,2026-09-28,P1 - Emergency,Pending
BLK-01812,TSK-01812,COR-005,Operating,240,2026-09-14,P1 - Emergency,Conflict Flagged
BLK-01813,TSK-01813,COR-062,Operating,240,2026-09-26,P3 - Medium,Approved
BLK-01814,TSK-01814,COR-053,Operating,360,2026-09-20,P1 - Emergency,Conflict Flagged
BLK-01815,TSK-01815,COR-028,Electrical,300,2026-09-29,P2 - High,Rejected
BLK-01816,TSK-01816,COR-039,Signal & Telecom,120,2026-09-10,P1 - Emergency,Pending
BLK-01817,TSK-01817,COR-074,Electrical,120,2026-09-11,P2 - High,Pending
BLK-01818,TSK-01818,COR-051,Operating,360,2026-09-29,P2 - High,Pending
BLK-01819,TSK-01819,COR-087,Engineering,300,2026-09-21,P2 - High,Scheduled
BLK-01820,TSK-01820,COR-012,Operating,360,2026-09-20,P3 - Medium,Rejected
BLK-01821,TSK-01821,COR-004,Signal & Telecom,180,2026-09-13,P2 - High,Pending
BLK-01822,TSK-01822,COR-015,Engineering,240,2026-09-12,P3 - Medium,Approved
BLK-01823,TSK-01823,COR-025,Operating,180,2026-09-15,P2 - High,Scheduled
BLK-01824,TSK-01824,COR-090,Engineering,180,2026-09-27,P1 - Emergency,Rejected
BLK-01825,TSK-01825,COR-083,Operating,360,2026-09-18,P2 - High,Conflict Flagged
BLK-01826,TSK-01826,COR-043,Engineering,60,2026-09-19,P3 - Medium,Pending
BLK-01827,TSK-01827,COR-027,Engineering,360,2026-09-25,P2 - High,Approved
BLK-01828,TSK-01828,COR-071,Operating,300,2026-09-18,P2 - High,Approved
BLK-01829,TSK-01829,COR-073,Electrical,60,2026-09-27,P1 - Emergency,Conflict Flagged
BLK-01830,TSK-01830,COR-022,Engineering,180,2026-09-12,P1 - Emergency,Scheduled
BLK-01831,TSK-01831,COR-054,Signal & Telecom,240,2026-09-24,P3 - Medium,Rejected
BLK-01832,TSK-01832,COR-001,Operating,300,2026-09-16,P3 - Medium,Scheduled
BLK-01833,TSK-01833,COR-075,Engineering,240,2026-09-17,P3 - Medium,Rejected
BLK-01834,TSK-01834,COR-091,Operating,240,2026-09-22,P1 - Emergency,Conflict Flagged
BLK-01835,TSK-01835,COR-046,Engineering,180,2026-09-29,P2 - High,Approved
BLK-01836,TSK-01836,COR-032,Engineering,120,2026-09-13,P4 - Routine,Rejected
BLK-01837,TSK-01837,COR-067,Signal & Telecom,120,2026-09-28,P3 - Medium,Conflict Flagged
BLK-01838,TSK-01838,COR-060,Operating,60,2026-09-20,P1 - Emergency,Conflict Flagged
BLK-01839,TSK-01839,COR-018,Signal & Telecom,180,2026-09-13,P3 - Medium,Approved
BLK-01840,TSK-01840,COR-050,Engineering,240,2026-09-29,P3 - Medium,Approved
BLK-01841,TSK-01841,COR-028,Signal & Telecom,360,2026-09-15,P1 - Emergency,Scheduled
BLK-01842,TSK-01842,COR-039,Engineering,120,2026-09-20,P2 - High,Conflict Flagged
BLK-01843,TSK-01843,COR-078,Signal & Telecom,60,2026-09-22,P2 - High,Scheduled
BLK-01844,TSK-01844,COR-039,Electrical,360,2026-09-25,P4 - Routine,Rejected
BLK-01845,TSK-01845,COR-028,Engineering,180,2026-09-20,P4 - Routine,Scheduled
BLK-01846,TSK-01846,COR-076,Engineering,240,2026-09-22,P3 - Medium,Scheduled
BLK-01847,TSK-01847,COR-067,Engineering,360,2026-09-09,P3 - Medium,Rejected
BLK-01848,TSK-01848,COR-017,Operating,120,2026-09-14,P4 - Routine,Approved
BLK-01849,TSK-01849,COR-085,Operating,360,2026-09-16,P1 - Emergency,Approved
BLK-01850,TSK-01850,COR-020,Operating,180,2026-09-22,P1 - Emergency,Conflict Flagged
BLK-01851,TSK-01851,COR-010,Signal & Telecom,60,2026-09-15,P4 - Routine,Rejected
BLK-01852,TSK-01852,COR-083,Signal & Telecom,180,2026-09-25,P1 - Emergency,Scheduled
BLK-01853,TSK-01853,COR-080,Electrical,60,2026-09-10,P4 - Routine,Conflict Flagged
BLK-01854,TSK-01854,COR-094,Electrical,300,2026-09-27,P1 - Emergency,Scheduled
BLK-01855,TSK-01855,COR-004,Operating,120,2026-09-27,P3 - Medium,Pending
BLK-01856,TSK-01856,COR-010,Electrical,300,2026-09-28,P4 - Routine,Conflict Flagged
BLK-01857,TSK-01857,COR-035,Engineering,120,2026-09-09,P4 - Routine,Scheduled
BLK-01858,TSK-01858,COR-045,Electrical,120,2026-09-10,P4 - Routine,Pending
BLK-01859,TSK-01859,COR-051,Engineering,180,2026-09-16,P4 - Routine,Pending
BLK-01860,TSK-01860,COR-016,Electrical,60,2026-09-13,P4 - Routine,Rejected
BLK-01861,TSK-01861,COR-051,Operating,120,2026-09-16,P4 - Routine,Approved
BLK-01862,TSK-01862,COR-051,Signal & Telecom,240,2026-09-27,P4 - Routine,Scheduled
BLK-01863,TSK-01863,COR-093,Signal & Telecom,300,2026-09-25,P1 - Emergency,Approved
BLK-01864,TSK-01864,COR-098,Engineering,360,2026-09-19,P1 - Emergency,Pending
BLK-01865,TSK-01865,COR-070,Engineering,60,2026-09-20,P4 - Routine,Approved
BLK-01866,TSK-01866,COR-043,Engineering,360,2026-09-18,P3 - Medium,Rejected
BLK-01867,TSK-01867,COR-038,Engineering,360,2026-09-17,P3 - Medium,Pending
BLK-01868,TSK-01868,COR-035,Operating,300,2026-09-19,P1 - Emergency,Scheduled
BLK-01869,TSK-01869,COR-097,Operating,120,2026-09-28,P4 - Routine,Pending
BLK-01870,TSK-01870,COR-017,Operating,240,2026-09-25,P3 - Medium,Scheduled
BLK-01871,TSK-01871,COR-010,Operating,120,2026-09-18,P1 - Emergency,Pending
BLK-01872,TSK-01872,COR-043,Engineering,60,2026-09-16,P4 - Routine,Conflict Flagged
BLK-01873,TSK-01873,COR-094,Signal & Telecom,300,2026-09-10,P2 - High,Pending
BLK-01874,TSK-01874,COR-022,Engineering,300,2026-09-25,P3 - Medium,Pending
BLK-01875,TSK-01875,COR-097,Operating,120,2026-09-10,P3 - Medium,Scheduled
BLK-01876,TSK-01876,COR-080,Engineering,300,2026-09-17,P4 - Routine,Rejected
BLK-01877,TSK-01877,COR-006,Signal & Telecom,360,2026-09-18,P3 - Medium,Approved
BLK-01878,TSK-01878,COR-092,Engineering,120,2026-09-10,P4 - Routine,Rejected
BLK-01879,TSK-01879,COR-020,Electrical,240,2026-09-10,P3 - Medium,Pending
BLK-01880,TSK-01880,COR-040,Signal & Telecom,180,2026-09-21,P4 - Routine,Scheduled
BLK-01881,TSK-01881,COR-046,Signal & Telecom,360,2026-09-25,P1 - Emergency,Scheduled
BLK-01882,TSK-01882,COR-087,Signal & Telecom,240,2026-09-28,P1 - Emergency,Pending
BLK-01883,TSK-01883,COR-048,Engineering,120,2026-09-11,P3 - Medium,Rejected
BLK-01884,TSK-01884,COR-034,Operating,60,2026-09-22,P3 - Medium,Scheduled
BLK-01885,TSK-01885,COR-098,Engineering,300,2026-09-11,P3 - Medium,Conflict Flagged
BLK-01886,TSK-01886,COR-016,Operating,360,2026-09-14,P1 - Emergency,Pending
BLK-01887,TSK-01887,COR-088,Electrical,180,2026-09-26,P3 - Medium,Scheduled
BLK-01888,TSK-01888,COR-073,Engineering,120,2026-09-27,P3 - Medium,Approved
BLK-01889,TSK-01889,COR-088,Signal & Telecom,360,2026-09-24,P1 - Emergency,Rejected
BLK-01890,TSK-01890,COR-051,Signal & Telecom,180,2026-09-23,P1 - Emergency,Pending
BLK-01891,TSK-01891,COR-029,Signal & Telecom,60,2026-09-17,P4 - Routine,Scheduled
BLK-01892,TSK-01892,COR-055,Engineering,180,2026-09-21,P2 - High,Conflict Flagged
BLK-01893,TSK-01893,COR-087,Engineering,300,2026-09-22,P1 - Emergency,Conflict Flagged
BLK-01894,TSK-01894,COR-056,Electrical,360,2026-09-10,P1 - Emergency,Rejected
BLK-01895,TSK-01895,COR-028,Signal & Telecom,240,2026-09-29,P2 - High,Pending
BLK-01896,TSK-01896,COR-027,Signal & Telecom,60,2026-09-12,P2 - High,Rejected
BLK-01897,TSK-01897,COR-001,Operating,180,2026-09-13,P3 - Medium,Conflict Flagged
BLK-01898,TSK-01898,COR-081,Signal & Telecom,300,2026-09-20,P1 - Emergency,Pending
BLK-01899,TSK-01899,COR-061,Operating,300,2026-09-14,P1 - Emergency,Conflict Flagged
BLK-01900,TSK-01900,COR-006,Engineering,360,2026-09-25,P4 - Routine,Approved
BLK-01901,TSK-01901,COR-041,Electrical,360,2026-09-19,P2 - High,Conflict Flagged
BLK-01902,TSK-01902,COR-033,Engineering,60,2026-09-27,P4 - Routine,Conflict Flagged
BLK-01903,TSK-01903,COR-054,Signal & Telecom,300,2026-09-14,P1 - Emergency,Pending
BLK-01904,TSK-01904,COR-021,Engineering,300,2026-09-29,P2 - High,Rejected
BLK-01905,TSK-01905,COR-033,Signal & Telecom,180,2026-09-22,P4 - Routine,Approved
BLK-01906,TSK-01906,COR-039,Operating,240,2026-09-20,P2 - High,Pending
BLK-01907,TSK-01907,COR-027,Signal & Telecom,120,2026-09-14,P3 - Medium,Conflict Flagged
BLK-01908,TSK-01908,COR-094,Engineering,60,2026-09-15,P1 - Emergency,Rejected
BLK-01909,TSK-01909,COR-004,Operating,120,2026-09-28,P1 - Emergency,Rejected
BLK-01910,TSK-01910,COR-080,Engineering,240,2026-09-19,P3 - Medium,Rejected
BLK-01911,TSK-01911,COR-050,Engineering,360,2026-09-19,P4 - Routine,Pending
BLK-01912,TSK-01912,COR-064,Electrical,60,2026-09-12,P2 - High,Pending
BLK-01913,TSK-01913,COR-056,Operating,60,2026-09-15,P4 - Routine,Rejected
BLK-01914,TSK-01914,COR-010,Electrical,120,2026-09-29,P2 - High,Scheduled
BLK-01915,TSK-01915,COR-001,Electrical,300,2026-09-10,P3 - Medium,Pending
BLK-01916,TSK-01916,COR-094,Engineering,300,2026-09-18,P2 - High,Conflict Flagged
BLK-01917,TSK-01917,COR-023,Engineering,120,2026-09-25,P3 - Medium,Pending
BLK-01918,TSK-01918,COR-086,Electrical,180,2026-09-27,P3 - Medium,Rejected
BLK-01919,TSK-01919,COR-044,Electrical,360,2026-09-23,P4 - Routine,Scheduled
BLK-01920,TSK-01920,COR-027,Operating,120,2026-09-23,P1 - Emergency,Rejected
BLK-01921,TSK-01921,COR-044,Engineering,60,2026-09-28,P4 - Routine,Conflict Flagged
BLK-01922,TSK-01922,COR-030,Engineering,360,2026-09-28,P1 - Emergency,Rejected
BLK-01923,TSK-01923,COR-025,Operating,180,2026-09-25,P4 - Routine,Pending
BLK-01924,TSK-01924,COR-047,Operating,360,2026-09-14,P3 - Medium,Pending
BLK-01925,TSK-01925,COR-065,Engineering,300,2026-09-22,P4 - Routine,Rejected
BLK-01926,TSK-01926,COR-032,Signal & Telecom,240,2026-09-13,P4 - Routine,Scheduled
BLK-01927,TSK-01927,COR-062,Operating,120,2026-09-21,P4 - Routine,Pending
BLK-01928,TSK-01928,COR-048,Engineering,300,2026-09-17,P4 - Routine,Conflict Flagged
BLK-01929,TSK-01929,COR-073,Electrical,60,2026-09-13,P4 - Routine,Scheduled
BLK-01930,TSK-01930,COR-016,Operating,240,2026-09-09,P2 - High,Pending
BLK-01931,TSK-01931,COR-041,Operating,360,2026-09-22,P3 - Medium,Approved
BLK-01932,TSK-01932,COR-010,Electrical,360,2026-09-23,P4 - Routine,Rejected
BLK-01933,TSK-01933,COR-066,Operating,120,2026-09-28,P3 - Medium,Scheduled
BLK-01934,TSK-01934,COR-065,Signal & Telecom,300,2026-09-12,P3 - Medium,Rejected
BLK-01935,TSK-01935,COR-031,Signal & Telecom,120,2026-09-14,P1 - Emergency,Rejected
BLK-01936,TSK-01936,COR-073,Signal & Telecom,360,2026-09-17,P3 - Medium,Approved
BLK-01937,TSK-01937,COR-052,Engineering,240,2026-09-13,P2 - High,Rejected
BLK-01938,TSK-01938,COR-076,Signal & Telecom,60,2026-09-21,P1 - Emergency,Scheduled
BLK-01939,TSK-01939,COR-006,Electrical,120,2026-09-17,P1 - Emergency,Rejected
BLK-01940,TSK-01940,COR-057,Operating,180,2026-09-22,P3 - Medium,Conflict Flagged
BLK-01941,TSK-01941,COR-057,Electrical,300,2026-09-15,P1 - Emergency,Scheduled
BLK-01942,TSK-01942,COR-034,Electrical,180,2026-09-24,P2 - High,Pending
BLK-01943,TSK-01943,COR-097,Engineering,240,2026-09-15,P4 - Routine,Rejected
BLK-01944,TSK-01944,COR-075,Engineering,180,2026-09-14,P2 - High,Pending
BLK-01945,TSK-01945,COR-055,Electrical,300,2026-09-27,P4 - Routine,Pending
BLK-01946,TSK-01946,COR-009,Engineering,360,2026-09-22,P4 - Routine,Approved
BLK-01947,TSK-01947,COR-047,Operating,300,2026-09-29,P1 - Emergency,Pending
BLK-01948,TSK-01948,COR-018,Engineering,180,2026-09-29,P4 - Routine,Approved
BLK-01949,TSK-01949,COR-012,Electrical,180,2026-09-25,P3 - Medium,Approved
BLK-01950,TSK-01950,COR-060,Engineering,60,2026-09-18,P1 - Emergency,Rejected
BLK-01951,TSK-01951,COR-084,Electrical,180,2026-09-24,P1 - Emergency,Pending
BLK-01952,TSK-01952,COR-021,Engineering,360,2026-09-20,P4 - Routine,Pending
BLK-01953,TSK-01953,COR-086,Electrical,120,2026-09-20,P2 - High,Conflict Flagged
BLK-01954,TSK-01954,COR-076,Signal & Telecom,60,2026-09-25,P2 - High,Conflict Flagged
BLK-01955,TSK-01955,COR-096,Electrical,360,2026-09-17,P2 - High,Pending
BLK-01956,TSK-01956,COR-059,Operating,60,2026-09-25,P3 - Medium,Scheduled
BLK-01957,TSK-01957,COR-023,Electrical,240,2026-09-11,P2 - High,Rejected
BLK-01958,TSK-01958,COR-027,Engineering,180,2026-09-24,P3 - Medium,Conflict Flagged
BLK-01959,TSK-01959,COR-079,Operating,180,2026-09-27,P1 - Emergency,Conflict Flagged
BLK-01960,TSK-01960,COR-032,Signal & Telecom,180,2026-09-20,P3 - Medium,Rejected
BLK-01961,TSK-01961,COR-015,Engineering,120,2026-09-17,P1 - Emergency,Conflict Flagged
BLK-01962,TSK-01962,COR-063,Signal & Telecom,60,2026-09-17,P4 - Routine,Approved
BLK-01963,TSK-01963,COR-096,Signal & Telecom,360,2026-09-21,P3 - Medium,Pending
BLK-01964,TSK-01964,COR-024,Signal & Telecom,240,2026-09-26,P3 - Medium,Approved
BLK-01965,TSK-01965,COR-094,Operating,180,2026-09-22,P4 - Routine,Rejected
BLK-01966,TSK-01966,COR-068,Operating,360,2026-09-23,P4 - Routine,Pending
BLK-01967,TSK-01967,COR-057,Signal & Telecom,60,2026-09-18,P3 - Medium,Scheduled
BLK-01968,TSK-01968,COR-011,Signal & Telecom,60,2026-09-21,P2 - High,Pending
BLK-01969,TSK-01969,COR-081,Signal & Telecom,60,2026-09-19,P4 - Routine,Approved
BLK-01970,TSK-01970,COR-039,Operating,180,2026-09-12,P2 - High,Rejected
BLK-01971,TSK-01971,COR-093,Signal & Telecom,240,2026-09-14,P2 - High,Pending
BLK-01972,TSK-01972,COR-024,Engineering,300,2026-09-10,P4 - Routine,Conflict Flagged
BLK-01973,TSK-01973,COR-095,Electrical,120,2026-09-13,P4 - Routine,Scheduled
BLK-01974,TSK-01974,COR-095,Electrical,360,2026-09-17,P4 - Routine,Pending
BLK-01975,TSK-01975,COR-018,Signal & Telecom,60,2026-09-20,P3 - Medium,Approved
BLK-01976,TSK-01976,COR-018,Operating,120,2026-09-09,P4 - Routine,Pending
BLK-01977,TSK-01977,COR-029,Signal & Telecom,180,2026-09-15,P3 - Medium,Conflict Flagged
BLK-01978,TSK-01978,COR-043,Electrical,120,2026-09-12,P1 - Emergency,Pending
BLK-01979,TSK-01979,COR-055,Operating,120,2026-09-22,P2 - High,Rejected
BLK-01980,TSK-01980,COR-056,Signal & Telecom,180,2026-09-27,P3 - Medium,Rejected
BLK-01981,TSK-01981,COR-080,Signal & Telecom,120,2026-09-09,P2 - High,Conflict Flagged
BLK-01982,TSK-01982,COR-063,Electrical,240,2026-09-25,P1 - Emergency,Scheduled
BLK-01983,TSK-01983,COR-035,Engineering,360,2026-09-09,P1 - Emergency,Rejected
BLK-01984,TSK-01984,COR-093,Operating,120,2026-09-11,P4 - Routine,Pending
BLK-01985,TSK-01985,COR-020,Signal & Telecom,300,2026-09-21,P2 - High,Approved
BLK-01986,TSK-01986,COR-083,Signal & Telecom,240,2026-09-09,P3 - Medium,Rejected
BLK-01987,TSK-01987,COR-065,Electrical,240,2026-09-10,P4 - Routine,Approved
BLK-01988,TSK-01988,COR-076,Operating,60,2026-09-18,P1 - Emergency,Scheduled
BLK-01989,TSK-01989,COR-051,Engineering,300,2026-09-12,P3 - Medium,Scheduled
BLK-01990,TSK-01990,COR-049,Signal & Telecom,240,2026-09-20,P1 - Emergency,Approved
BLK-01991,TSK-01991,COR-094,Operating,300,2026-09-25,P3 - Medium,Pending
BLK-01992,TSK-01992,COR-042,Signal & Telecom,240,2026-09-11,P4 - Routine,Rejected
BLK-01993,TSK-01993,COR-059,Engineering,240,2026-09-14,P2 - High,Conflict Flagged
BLK-01994,TSK-01994,COR-024,Engineering,360,2026-09-21,P1 - Emergency,Scheduled
BLK-01995,TSK-01995,COR-088,Operating,360,2026-09-12,P1 - Emergency,Rejected
BLK-01996,TSK-01996,COR-015,Engineering,60,2026-09-21,P4 - Routine,Scheduled
BLK-01997,TSK-01997,COR-028,Electrical,60,2026-09-18,P2 - High,Pending
BLK-01998,TSK-01998,COR-012,Electrical,300,2026-09-12,P4 - Routine,Conflict Flagged
BLK-01999,TSK-01999,COR-002,Operating,120,2026-09-12,P3 - Medium,Conflict Flagged
BLK-02000,TSK-02000,COR-068,Signal & Telecom,240,2026-09-12,P4 - Routine,Approved
BLK-02001,TSK-02001,COR-016,Signal & Telecom,60,2026-09-09,P3 - Medium,Conflict Flagged
BLK-02002,TSK-02002,COR-041,Signal & Telecom,120,2026-09-23,P2 - High,Approved
BLK-02003,TSK-02003,COR-008,Operating,180,2026-09-23,P4 - Routine,Conflict Flagged
BLK-02004,TSK-02004,COR-018,Engineering,180,2026-09-10,P1 - Emergency,Scheduled
BLK-02005,TSK-02005,COR-041,Electrical,240,2026-09-26,P2 - High,Conflict Flagged
BLK-02006,TSK-02006,COR-038,Operating,240,2026-09-17,P3 - Medium,Pending
BLK-02007,TSK-02007,COR-016,Operating,180,2026-09-29,P3 - Medium,Scheduled
BLK-02008,TSK-02008,COR-043,Engineering,180,2026-09-10,P3 - Medium,Scheduled
BLK-02009,TSK-02009,COR-044,Electrical,120,2026-09-09,P4 - Routine,Scheduled
BLK-02010,TSK-02010,COR-091,Engineering,360,2026-09-10,P3 - Medium,Approved
BLK-02011,TSK-02011,COR-004,Engineering,300,2026-09-17,P1 - Emergency,Conflict Flagged
BLK-02012,TSK-02012,COR-024,Signal & Telecom,240,2026-09-11,P4 - Routine,Approved
BLK-02013,TSK-02013,COR-002,Operating,120,2026-09-16,P1 - Emergency,Conflict Flagged
BLK-02014,TSK-02014,COR-024,Operating,240,2026-09-29,P2 - High,Scheduled
BLK-02015,TSK-02015,COR-098,Electrical,120,2026-09-09,P2 - High,Pending
BLK-02016,TSK-02016,COR-018,Signal & Telecom,120,2026-09-14,P4 - Routine,Pending
BLK-02017,TSK-02017,COR-068,Signal & Telecom,180,2026-09-09,P3 - Medium,Scheduled
BLK-02018,TSK-02018,COR-078,Operating,120,2026-09-15,P3 - Medium,Conflict Flagged
BLK-02019,TSK-02019,COR-100,Electrical,240,2026-09-26,P3 - Medium,Rejected
BLK-02020,TSK-02020,COR-063,Electrical,120,2026-09-27,P1 - Emergency,Conflict Flagged
BLK-02021,TSK-02021,COR-080,Engineering,180,2026-09-16,P3 - Medium,Conflict Flagged
BLK-02022,TSK-02022,COR-061,Electrical,300,2026-09-15,P3 - Medium,Approved
BLK-02023,TSK-02023,COR-050,Engineering,240,2026-09-22,P2 - High,Scheduled
BLK-02024,TSK-02024,COR-013,Signal & Telecom,120,2026-09-25,P1 - Emergency,Conflict Flagged
BLK-02025,TSK-02025,COR-071,Electrical,60,2026-09-25,P3 - Medium,Approved
BLK-02026,TSK-02026,COR-078,Operating,180,2026-09-15,P4 - Routine,Approved
BLK-02027,TSK-02027,COR-009,Operating,120,2026-09-11,P4 - Routine,Scheduled
BLK-02028,TSK-02028,COR-041,Operating,60,2026-09-23,P4 - Routine,Pending
BLK-02029,TSK-02029,COR-029,Electrical,180,2026-09-20,P4 - Routine,Scheduled
BLK-02030,TSK-02030,COR-059,Electrical,360,2026-09-10,P3 - Medium,Approved
BLK-02031,TSK-02031,COR-023,Electrical,360,2026-09-23,P4 - Routine,Conflict Flagged
BLK-02032,TSK-02032,COR-077,Operating,180,2026-09-14,P1 - Emergency,Rejected
BLK-02033,TSK-02033,COR-021,Engineering,120,2026-09-14,P3 - Medium,Rejected
BLK-02034,TSK-02034,COR-046,Electrical,180,2026-09-29,P2 - High,Pending
BLK-02035,TSK-02035,COR-018,Engineering,300,2026-09-09,P1 - Emergency,Rejected
BLK-02036,TSK-02036,COR-004,Signal & Telecom,240,2026-09-09,P3 - Medium,Rejected
BLK-02037,TSK-02037,COR-049,Operating,300,2026-09-24,P1 - Emergency,Conflict Flagged
BLK-02038,TSK-02038,COR-076,Signal & Telecom,60,2026-09-10,P3 - Medium,Rejected
BLK-02039,TSK-02039,COR-086,Engineering,240,2026-09-28,P4 - Routine,Approved
BLK-02040,TSK-02040,COR-078,Engineering,300,2026-09-23,P2 - High,Pending
BLK-02041,TSK-02041,COR-049,Electrical,300,2026-09-16,P3 - Medium,Rejected
BLK-02042,TSK-02042,COR-030,Signal & Telecom,240,2026-09-19,P1 - Emergency,Rejected
BLK-02043,TSK-02043,COR-060,Operating,180,2026-09-27,P4 - Routine,Rejected
BLK-02044,TSK-02044,COR-095,Engineering,180,2026-09-09,P4 - Routine,Scheduled
BLK-02045,TSK-02045,COR-092,Operating,360,2026-09-11,P3 - Medium,Conflict Flagged
BLK-02046,TSK-02046,COR-090,Engineering,240,2026-09-14,P3 - Medium,Approved
BLK-02047,TSK-02047,COR-062,Operating,60,2026-09-24,P2 - High,Scheduled
BLK-02048,TSK-02048,COR-026,Signal & Telecom,180,2026-09-23,P4 - Routine,Conflict Flagged
BLK-02049,TSK-02049,COR-029,Operating,360,2026-09-25,P4 - Routine,Approved
BLK-02050,TSK-02050,COR-099,Electrical,180,2026-09-21,P3 - Medium,Approved
BLK-02051,TSK-02051,COR-056,Electrical,300,2026-09-21,P3 - Medium,Scheduled
BLK-02052,TSK-02052,COR-085,Operating,240,2026-09-25,P4 - Routine,Scheduled
BLK-02053,TSK-02053,COR-013,Engineering,120,2026-09-13,P1 - Emergency,Conflict Flagged
BLK-02054,TSK-02054,COR-029,Operating,300,2026-09-18,P1 - Emergency,Rejected
BLK-02055,TSK-02055,COR-087,Electrical,300,2026-09-13,P4 - Routine,Conflict Flagged
BLK-02056,TSK-02056,COR-021,Operating,360,2026-09-13,P3 - Medium,Approved
BLK-02057,TSK-02057,COR-001,Electrical,240,2026-09-24,P2 - High,Pending
BLK-02058,TSK-02058,COR-054,Operating,120,2026-09-10,P2 - High,Rejected
BLK-02059,TSK-02059,COR-018,Electrical,300,2026-09-13,P2 - High,Conflict Flagged
BLK-02060,TSK-02060,COR-060,Operating,360,2026-09-11,P1 - Emergency,Scheduled
BLK-02061,TSK-02061,COR-090,Electrical,360,2026-09-21,P2 - High,Rejected
BLK-02062,TSK-02062,COR-025,Signal & Telecom,240,2026-09-09,P2 - High,Scheduled
BLK-02063,TSK-02063,COR-002,Operating,120,2026-09-25,P4 - Routine,Pending
BLK-02064,TSK-02064,COR-004,Signal & Telecom,360,2026-09-14,P1 - Emergency,Rejected
BLK-02065,TSK-02065,COR-097,Signal & Telecom,240,2026-09-27,P3 - Medium,Pending
BLK-02066,TSK-02066,COR-049,Signal & Telecom,240,2026-09-23,P1 - Emergency,Rejected
BLK-02067,TSK-02067,COR-036,Operating,60,2026-09-22,P3 - Medium,Scheduled
BLK-02068,TSK-02068,COR-084,Engineering,60,2026-09-29,P3 - Medium,Approved
BLK-02069,TSK-02069,COR-028,Engineering,360,2026-09-27,P2 - High,Approved
BLK-02070,TSK-02070,COR-035,Engineering,300,2026-09-10,P4 - Routine,Pending
BLK-02071,TSK-02071,COR-062,Signal & Telecom,60,2026-09-22,P4 - Routine,Pending
BLK-02072,TSK-02072,COR-037,Operating,120,2026-09-17,P3 - Medium,Rejected
BLK-02073,TSK-02073,COR-078,Operating,120,2026-09-25,P3 - Medium,Rejected
BLK-02074,TSK-02074,COR-067,Operating,240,2026-09-17,P3 - Medium,Rejected
BLK-02075,TSK-02075,COR-021,Signal & Telecom,300,2026-09-21,P1 - Emergency,Rejected
BLK-02076,TSK-02076,COR-046,Electrical,120,2026-09-20,P4 - Routine,Conflict Flagged
BLK-02077,TSK-02077,COR-075,Signal & Telecom,240,2026-09-14,P1 - Emergency,Scheduled
BLK-02078,TSK-02078,COR-043,Operating,60,2026-09-19,P3 - Medium,Approved
BLK-02079,TSK-02079,COR-100,Engineering,180,2026-09-09,P4 - Routine,Pending
BLK-02080,TSK-02080,COR-041,Electrical,120,2026-09-18,P4 - Routine,Pending
BLK-02081,TSK-02081,COR-025,Operating,360,2026-09-27,P2 - High,Scheduled
BLK-02082,TSK-02082,COR-061,Operating,60,2026-09-22,P1 - Emergency,Scheduled
BLK-02083,TSK-02083,COR-001,Signal & Telecom,300,2026-09-09,P4 - Routine,Scheduled
BLK-02084,TSK-02084,COR-087,Electrical,240,2026-09-13,P4 - Routine,Scheduled
BLK-02085,TSK-02085,COR-087,Engineering,60,2026-09-27,P1 - Emergency,Rejected
BLK-02086,TSK-02086,COR-038,Operating,360,2026-09-22,P4 - Routine,Approved
BLK-02087,TSK-02087,COR-020,Electrical,360,2026-09-25,P3 - Medium,Rejected
BLK-02088,TSK-02088,COR-017,Signal & Telecom,360,2026-09-24,P1 - Emergency,Approved
BLK-02089,TSK-02089,COR-054,Signal & Telecom,240,2026-09-13,P3 - Medium,Conflict Flagged
BLK-02090,TSK-02090,COR-009,Engineering,60,2026-09-22,P4 - Routine,Approved
BLK-02091,TSK-02091,COR-060,Electrical,180,2026-09-25,P4 - Routine,Conflict Flagged
BLK-02092,TSK-02092,COR-077,Engineering,360,2026-09-10,P2 - High,Rejected
BLK-02093,TSK-02093,COR-087,Electrical,300,2026-09-27,P3 - Medium,Pending
BLK-02094,TSK-02094,COR-100,Signal & Telecom,180,2026-09-11,P3 - Medium,Rejected
BLK-02095,TSK-02095,COR-005,Engineering,60,2026-09-15,P2 - High,Scheduled
BLK-02096,TSK-02096,COR-076,Engineering,180,2026-09-16,P1 - Emergency,Conflict Flagged
BLK-02097,TSK-02097,COR-041,Signal & Telecom,120,2026-09-16,P4 - Routine,Conflict Flagged
BLK-02098,TSK-02098,COR-068,Engineering,60,2026-09-09,P1 - Emergency,Approved
BLK-02099,TSK-02099,COR-068,Signal & Telecom,360,2026-09-24,P2 - High,Scheduled
BLK-02100,TSK-02100,COR-007,Signal & Telecom,180,2026-09-25,P2 - High,Pending
BLK-02101,TSK-02101,COR-018,Engineering,240,2026-09-12,P4 - Routine,Scheduled
BLK-02102,TSK-02102,COR-092,Electrical,60,2026-09-10,P4 - Routine,Conflict Flagged
BLK-02103,TSK-02103,COR-080,Operating,240,2026-09-26,P1 - Emergency,Conflict Flagged
BLK-02104,TSK-02104,COR-053,Operating,360,2026-09-27,P3 - Medium,Conflict Flagged
BLK-02105,TSK-02105,COR-051,Operating,120,2026-09-20,P4 - Routine,Approved
BLK-02106,TSK-02106,COR-012,Engineering,180,2026-09-25,P2 - High,Rejected
BLK-02107,TSK-02107,COR-057,Operating,360,2026-09-11,P2 - High,Rejected
BLK-02108,TSK-02108,COR-022,Electrical,120,2026-09-14,P3 - Medium,Scheduled
BLK-02109,TSK-02109,COR-073,Electrical,360,2026-09-14,P4 - Routine,Conflict Flagged
BLK-02110,TSK-02110,COR-038,Operating,60,2026-09-11,P1 - Emergency,Approved
BLK-02111,TSK-02111,COR-014,Operating,120,2026-09-13,P2 - High,Pending
BLK-02112,TSK-02112,COR-045,Operating,180,2026-09-18,P2 - High,Scheduled
BLK-02113,TSK-02113,COR-001,Engineering,120,2026-09-13,P4 - Routine,Approved
BLK-02114,TSK-02114,COR-007,Operating,300,2026-09-12,P1 - Emergency,Pending
BLK-02115,TSK-02115,COR-083,Engineering,360,2026-09-22,P4 - Routine,Rejected
BLK-02116,TSK-02116,COR-030,Signal & Telecom,240,2026-09-25,P4 - Routine,Approved
BLK-02117,TSK-02117,COR-003,Signal & Telecom,300,2026-09-16,P1 - Emergency,Pending
BLK-02118,TSK-02118,COR-061,Signal & Telecom,240,2026-09-13,P1 - Emergency,Pending
BLK-02119,TSK-02119,COR-085,Operating,60,2026-09-10,P1 - Emergency,Rejected
BLK-02120,TSK-02120,COR-047,Signal & Telecom,240,2026-09-25,P3 - Medium,Rejected
BLK-02121,TSK-02121,COR-066,Electrical,120,2026-09-10,P2 - High,Approved
BLK-02122,TSK-02122,COR-054,Signal & Telecom,240,2026-09-18,P2 - High,Conflict Flagged
BLK-02123,TSK-02123,COR-001,Operating,120,2026-09-23,P4 - Routine,Conflict Flagged
BLK-02124,TSK-02124,COR-094,Signal & Telecom,360,2026-09-18,P3 - Medium,Conflict Flagged
BLK-02125,TSK-02125,COR-069,Signal & Telecom,240,2026-09-15,P1 - Emergency,Approved
BLK-02126,TSK-02126,COR-058,Operating,240,2026-09-18,P3 - Medium,Approved
BLK-02127,TSK-02127,COR-018,Operating,300,2026-09-21,P3 - Medium,Conflict Flagged
BLK-02128,TSK-02128,COR-040,Engineering,120,2026-09-16,P3 - Medium,Scheduled
BLK-02129,TSK-02129,COR-011,Signal & Telecom,300,2026-09-28,P2 - High,Rejected
BLK-02130,TSK-02130,COR-024,Electrical,300,2026-09-16,P3 - Medium,Rejected
BLK-02131,TSK-02131,COR-064,Electrical,120,2026-09-09,P2 - High,Rejected
BLK-02132,TSK-02132,COR-042,Signal & Telecom,360,2026-09-29,P4 - Routine,Rejected
BLK-02133,TSK-02133,COR-061,Signal & Telecom,360,2026-09-16,P3 - Medium,Conflict Flagged
BLK-02134,TSK-02134,COR-061,Electrical,300,2026-09-24,P1 - Emergency,Scheduled
BLK-02135,TSK-02135,COR-066,Engineering,300,2026-09-09,P3 - Medium,Approved
BLK-02136,TSK-02136,COR-003,Signal & Telecom,240,2026-09-24,P1 - Emergency,Approved
BLK-02137,TSK-02137,COR-005,Electrical,60,2026-09-20,P2 - High,Scheduled
BLK-02138,TSK-02138,COR-036,Signal & Telecom,240,2026-09-17,P1 - Emergency,Pending
BLK-02139,TSK-02139,COR-008,Signal & Telecom,360,2026-09-10,P3 - Medium,Approved
BLK-02140,TSK-02140,COR-033,Signal & Telecom,360,2026-09-11,P2 - High,Conflict Flagged
BLK-02141,TSK-02141,COR-076,Electrical,360,2026-09-25,P1 - Emergency,Scheduled
BLK-02142,TSK-02142,COR-011,Signal & Telecom,300,2026-09-11,P3 - Medium,Conflict Flagged
BLK-02143,TSK-02143,COR-019,Operating,300,2026-09-11,P1 - Emergency,Scheduled
BLK-02144,TSK-02144,COR-055,Engineering,60,2026-09-27,P1 - Emergency,Pending
BLK-02145,TSK-02145,COR-073,Operating,240,2026-09-17,P1 - Emergency,Rejected
BLK-02146,TSK-02146,COR-063,Operating,120,2026-09-09,P1 - Emergency,Approved
BLK-02147,TSK-02147,COR-041,Electrical,360,2026-09-25,P1 - Emergency,Conflict Flagged
BLK-02148,TSK-02148,COR-096,Signal & Telecom,240,2026-09-12,P4 - Routine,Rejected
BLK-02149,TSK-02149,COR-035,Engineering,360,2026-09-27,P2 - High,Conflict Flagged
BLK-02150,TSK-02150,COR-055,Signal & Telecom,180,2026-09-20,P4 - Routine,Pending
BLK-02151,TSK-02151,COR-032,Engineering,120,2026-09-26,P4 - Routine,Conflict Flagged
BLK-02152,TSK-02152,COR-031,Electrical,360,2026-09-15,P4 - Routine,Scheduled
BLK-02153,TSK-02153,COR-031,Engineering,180,2026-09-26,P1 - Emergency,Conflict Flagged
BLK-02154,TSK-02154,COR-096,Operating,360,2026-09-27,P1 - Emergency,Conflict Flagged
BLK-02155,TSK-02155,COR-090,Electrical,120,2026-09-21,P1 - Emergency,Approved
BLK-02156,TSK-02156,COR-014,Electrical,360,2026-09-23,P3 - Medium,Scheduled
BLK-02157,TSK-02157,COR-047,Electrical,180,2026-09-16,P1 - Emergency,Pending
BLK-02158,TSK-02158,COR-055,Operating,300,2026-09-25,P2 - High,Conflict Flagged
BLK-02159,TSK-02159,COR-075,Signal & Telecom,300,2026-09-19,P2 - High,Pending
BLK-02160,TSK-02160,COR-027,Operating,60,2026-09-26,P4 - Routine,Conflict Flagged
BLK-02161,TSK-02161,COR-009,Operating,180,2026-09-14,P3 - Medium,Approved
BLK-02162,TSK-02162,COR-054,Operating,300,2026-09-20,P3 - Medium,Conflict Flagged
BLK-02163,TSK-02163,COR-069,Operating,300,2026-09-20,P3 - Medium,Approved
BLK-02164,TSK-02164,COR-003,Operating,120,2026-09-10,P1 - Emergency,Conflict Flagged
BLK-02165,TSK-02165,COR-098,Engineering,360,2026-09-14,P1 - Emergency,Pending
BLK-02166,TSK-02166,COR-036,Signal & Telecom,120,2026-09-29,P1 - Emergency,Conflict Flagged
BLK-02167,TSK-02167,COR-017,Signal & Telecom,180,2026-09-11,P1 - Emergency,Pending
BLK-02168,TSK-02168,COR-062,Engineering,240,2026-09-11,P2 - High,Pending
BLK-02169,TSK-02169,COR-041,Engineering,240,2026-09-15,P1 - Emergency,Conflict Flagged
BLK-02170,TSK-02170,COR-067,Electrical,60,2026-09-24,P3 - Medium,Approved
BLK-02171,TSK-02171,COR-032,Operating,60,2026-09-24,P4 - Routine,Conflict Flagged
BLK-02172,TSK-02172,COR-077,Operating,240,2026-09-21,P2 - High,Scheduled
BLK-02173,TSK-02173,COR-068,Operating,60,2026-09-21,P1 - Emergency,Conflict Flagged
BLK-02174,TSK-02174,COR-088,Signal & Telecom,300,2026-09-20,P1 - Emergency,Scheduled
BLK-02175,TSK-02175,COR-079,Operating,60,2026-09-15,P3 - Medium,Conflict Flagged
BLK-02176,TSK-02176,COR-077,Signal & Telecom,60,2026-09-09,P2 - High,Approved
BLK-02177,TSK-02177,COR-062,Signal & Telecom,180,2026-09-11,P1 - Emergency,Approved
BLK-02178,TSK-02178,COR-009,Electrical,300,2026-09-12,P3 - Medium,Pending
BLK-02179,TSK-02179,COR-091,Engineering,60,2026-09-20,P4 - Routine,Rejected
BLK-02180,TSK-02180,COR-027,Engineering,360,2026-09-25,P4 - Routine,Scheduled
BLK-02181,TSK-02181,COR-099,Engineering,60,2026-09-09,P1 - Emergency,Conflict Flagged
BLK-02182,TSK-02182,COR-081,Signal & Telecom,360,2026-09-20,P1 - Emergency,Approved
BLK-02183,TSK-02183,COR-054,Engineering,60,2026-09-18,P4 - Routine,Rejected
BLK-02184,TSK-02184,COR-089,Operating,60,2026-09-09,P3 - Medium,Scheduled
BLK-02185,TSK-02185,COR-013,Electrical,300,2026-09-19,P2 - High,Approved
BLK-02186,TSK-02186,COR-002,Electrical,300,2026-09-18,P3 - Medium,Scheduled
BLK-02187,TSK-02187,COR-089,Signal & Telecom,120,2026-09-24,P3 - Medium,Scheduled
BLK-02188,TSK-02188,COR-085,Operating,240,2026-09-11,P2 - High,Scheduled
BLK-02189,TSK-02189,COR-025,Engineering,360,2026-09-14,P4 - Routine,Conflict Flagged
BLK-02190,TSK-02190,COR-086,Engineering,120,2026-09-19,P3 - Medium,Conflict Flagged
BLK-02191,TSK-02191,COR-082,Engineering,240,2026-09-16,P2 - High,Scheduled
BLK-02192,TSK-02192,COR-030,Signal & Telecom,300,2026-09-11,P3 - Medium,Rejected
BLK-02193,TSK-02193,COR-017,Electrical,180,2026-09-19,P4 - Routine,Scheduled
BLK-02194,TSK-02194,COR-026,Signal & Telecom,120,2026-09-10,P1 - Emergency,Approved
BLK-02195,TSK-02195,COR-056,Operating,360,2026-09-18,P2 - High,Pending
BLK-02196,TSK-02196,COR-080,Operating,300,2026-09-12,P3 - Medium,Pending
BLK-02197,TSK-02197,COR-098,Signal & Telecom,60,2026-09-22,P4 - Routine,Conflict Flagged
BLK-02198,TSK-02198,COR-078,Operating,180,2026-09-21,P3 - Medium,Conflict Flagged
BLK-02199,TSK-02199,COR-016,Operating,60,2026-09-11,P4 - Routine,Approved
BLK-02200,TSK-02200,COR-036,Signal & Telecom,180,2026-09-26,P4 - Routine,Pending
BLK-02201,TSK-02201,COR-003,Operating,300,2026-09-09,P1 - Emergency,Rejected
BLK-02202,TSK-02202,COR-098,Engineering,360,2026-09-12,P4 - Routine,Conflict Flagged
BLK-02203,TSK-02203,COR-010,Electrical,120,2026-09-16,P2 - High,Scheduled
BLK-02204,TSK-02204,COR-089,Electrical,180,2026-09-11,P4 - Routine,Rejected
BLK-02205,TSK-02205,COR-053,Electrical,240,2026-09-11,P2 - High,Conflict Flagged
BLK-02206,TSK-02206,COR-061,Engineering,240,2026-09-27,P1 - Emergency,Rejected
BLK-02207,TSK-02207,COR-069,Signal & Telecom,60,2026-09-26,P4 - Routine,Approved
BLK-02208,TSK-02208,COR-074,Electrical,300,2026-09-18,P2 - High,Rejected
BLK-02209,TSK-02209,COR-003,Engineering,60,2026-09-29,P3 - Medium,Approved
BLK-02210,TSK-02210,COR-098,Engineering,300,2026-09-25,P3 - Medium,Scheduled
BLK-02211,TSK-02211,COR-028,Engineering,60,2026-09-25,P4 - Routine,Conflict Flagged
BLK-02212,TSK-02212,COR-066,Operating,300,2026-09-18,P3 - Medium,Conflict Flagged
BLK-02213,TSK-02213,COR-012,Operating,120,2026-09-17,P2 - High,Scheduled
BLK-02214,TSK-02214,COR-055,Operating,120,2026-09-13,P4 - Routine,Conflict Flagged
BLK-02215,TSK-02215,COR-034,Operating,240,2026-09-09,P3 - Medium,Approved
BLK-02216,TSK-02216,COR-025,Electrical,180,2026-09-23,P4 - Routine,Approved
BLK-02217,TSK-02217,COR-004,Electrical,300,2026-09-18,P1 - Emergency,Conflict Flagged
BLK-02218,TSK-02218,COR-012,Electrical,60,2026-09-22,P1 - Emergency,Rejected
BLK-02219,TSK-02219,COR-095,Electrical,180,2026-09-12,P3 - Medium,Approved
BLK-02220,TSK-02220,COR-068,Signal & Telecom,300,2026-09-26,P1 - Emergency,Pending
BLK-02221,TSK-02221,COR-081,Engineering,360,2026-09-25,P1 - Emergency,Pending
BLK-02222,TSK-02222,COR-040,Signal & Telecom,360,2026-09-14,P3 - Medium,Conflict Flagged
BLK-02223,TSK-02223,COR-065,Electrical,300,2026-09-18,P4 - Routine,Scheduled
BLK-02224,TSK-02224,COR-066,Operating,60,2026-09-13,P2 - High,Scheduled
BLK-02225,TSK-02225,COR-092,Electrical,120,2026-09-23,P2 - High,Approved
BLK-02226,TSK-02226,COR-094,Engineering,120,2026-09-22,P2 - High,Pending
BLK-02227,TSK-02227,COR-020,Signal & Telecom,120,2026-09-28,P1 - Emergency,Pending
BLK-02228,TSK-02228,COR-032,Operating,240,2026-09-10,P2 - High,Scheduled
BLK-02229,TSK-02229,COR-001,Signal & Telecom,60,2026-09-14,P2 - High,Pending
BLK-02230,TSK-02230,COR-011,Electrical,300,2026-09-20,P2 - High,Conflict Flagged
BLK-02231,TSK-02231,COR-047,Signal & Telecom,240,2026-09-26,P4 - Routine,Scheduled
BLK-02232,TSK-02232,COR-027,Electrical,240,2026-09-19,P3 - Medium,Pending
BLK-02233,TSK-02233,COR-091,Electrical,60,2026-09-15,P4 - Routine,Scheduled
BLK-02234,TSK-02234,COR-045,Operating,360,2026-09-15,P1 - Emergency,Approved
BLK-02235,TSK-02235,COR-094,Engineering,240,2026-09-12,P1 - Emergency,Approved
BLK-02236,TSK-02236,COR-021,Electrical,240,2026-09-22,P3 - Medium,Approved
BLK-02237,TSK-02237,COR-066,Engineering,300,2026-09-15,P1 - Emergency,Pending
BLK-02238,TSK-02238,COR-011,Signal & Telecom,300,2026-09-16,P2 - High,Pending
BLK-02239,TSK-02239,COR-038,Electrical,300,2026-09-28,P3 - Medium,Approved
BLK-02240,TSK-02240,COR-041,Electrical,240,2026-09-17,P3 - Medium,Rejected
BLK-02241,TSK-02241,COR-019,Engineering,360,2026-09-15,P1 - Emergency,Pending
BLK-02242,TSK-02242,COR-054,Engineering,300,2026-09-14,P4 - Routine,Pending
BLK-02243,TSK-02243,COR-018,Electrical,240,2026-09-22,P4 - Routine,Conflict Flagged
BLK-02244,TSK-02244,COR-022,Operating,300,2026-09-09,P3 - Medium,Pending
BLK-02245,TSK-02245,COR-096,Engineering,60,2026-09-27,P1 - Emergency,Pending
BLK-02246,TSK-02246,COR-091,Engineering,60,2026-09-20,P1 - Emergency,Rejected
BLK-02247,TSK-02247,COR-072,Signal & Telecom,60,2026-09-20,P1 - Emergency,Rejected
BLK-02248,TSK-02248,COR-081,Signal & Telecom,240,2026-09-13,P3 - Medium,Approved
BLK-02249,TSK-02249,COR-046,Operating,300,2026-09-25,P1 - Emergency,Conflict Flagged
BLK-02250,TSK-02250,COR-011,Electrical,180,2026-09-29,P1 - Emergency,Conflict Flagged
BLK-02251,TSK-02251,COR-081,Electrical,60,2026-09-15,P4 - Routine,Pending
BLK-02252,TSK-02252,COR-055,Electrical,300,2026-09-25,P4 - Routine,Rejected
BLK-02253,TSK-02253,COR-076,Signal & Telecom,120,2026-09-11,P3 - Medium,Approved
BLK-02254,TSK-02254,COR-086,Electrical,120,2026-09-28,P1 - Emergency,Rejected
BLK-02255,TSK-02255,COR-098,Engineering,300,2026-09-29,P4 - Routine,Conflict Flagged
BLK-02256,TSK-02256,COR-010,Electrical,360,2026-09-20,P4 - Routine,Approved
BLK-02257,TSK-02257,COR-076,Signal & Telecom,300,2026-09-18,P1 - Emergency,Conflict Flagged
BLK-02258,TSK-02258,COR-002,Operating,180,2026-09-10,P2 - High,Pending
BLK-02259,TSK-02259,COR-100,Electrical,120,2026-09-25,P1 - Emergency,Conflict Flagged
BLK-02260,TSK-02260,COR-032,Signal & Telecom,240,2026-09-10,P2 - High,Rejected
BLK-02261,TSK-02261,COR-036,Operating,300,2026-09-12,P3 - Medium,Pending
BLK-02262,TSK-02262,COR-046,Signal & Telecom,60,2026-09-15,P1 - Emergency,Pending
BLK-02263,TSK-02263,COR-069,Electrical,60,2026-09-20,P3 - Medium,Conflict Flagged
BLK-02264,TSK-02264,COR-098,Electrical,60,2026-09-14,P1 - Emergency,Conflict Flagged
BLK-02265,TSK-02265,COR-046,Operating,300,2026-09-11,P2 - High,Conflict Flagged
BLK-02266,TSK-02266,COR-093,Signal & Telecom,120,2026-09-24,P4 - Routine,Scheduled
BLK-02267,TSK-02267,COR-011,Engineering,120,2026-09-27,P1 - Emergency,Rejected
BLK-02268,TSK-02268,COR-040,Signal & Telecom,240,2026-09-12,P1 - Emergency,Conflict Flagged
BLK-02269,TSK-02269,COR-011,Engineering,60,2026-09-13,P3 - Medium,Rejected
BLK-02270,TSK-02270,COR-043,Engineering,60,2026-09-12,P3 - Medium,Rejected
BLK-02271,TSK-02271,COR-034,Electrical,60,2026-09-24,P2 - High,Pending
BLK-02272,TSK-02272,COR-082,Operating,60,2026-09-15,P3 - Medium,Approved
BLK-02273,TSK-02273,COR-077,Engineering,180,2026-09-19,P4 - Routine,Scheduled
BLK-02274,TSK-02274,COR-042,Electrical,300,2026-09-27,P1 - Emergency,Pending
BLK-02275,TSK-02275,COR-021,Engineering,60,2026-09-17,P1 - Emergency,Scheduled
BLK-02276,TSK-02276,COR-072,Operating,300,2026-09-09,P2 - High,Conflict Flagged
BLK-02277,TSK-02277,COR-048,Electrical,360,2026-09-17,P4 - Routine,Pending
BLK-02278,TSK-02278,COR-055,Engineering,300,2026-09-17,P2 - High,Approved
BLK-02279,TSK-02279,COR-057,Electrical,300,2026-09-24,P4 - Routine,Approved
BLK-02280,TSK-02280,COR-082,Signal & Telecom,360,2026-09-20,P4 - Routine,Conflict Flagged
BLK-02281,TSK-02281,COR-093,Signal & Telecom,180,2026-09-29,P3 - Medium,Conflict Flagged
BLK-02282,TSK-02282,COR-076,Electrical,240,2026-09-13,P1 - Emergency,Conflict Flagged
BLK-02283,TSK-02283,COR-099,Signal & Telecom,60,2026-09-25,P2 - High,Scheduled
BLK-02284,TSK-02284,COR-060,Electrical,240,2026-09-17,P3 - Medium,Pending
BLK-02285,TSK-02285,COR-060,Electrical,180,2026-09-18,P4 - Routine,Rejected
BLK-02286,TSK-02286,COR-096,Operating,300,2026-09-29,P4 - Routine,Pending
BLK-02287,TSK-02287,COR-100,Engineering,300,2026-09-19,P4 - Routine,Conflict Flagged
BLK-02288,TSK-02288,COR-033,Engineering,180,2026-09-09,P3 - Medium,Conflict Flagged
BLK-02289,TSK-02289,COR-016,Electrical,120,2026-09-18,P2 - High,Pending
BLK-02290,TSK-02290,COR-060,Engineering,300,2026-09-16,P2 - High,Pending
BLK-02291,TSK-02291,COR-096,Operating,60,2026-09-11,P4 - Routine,Scheduled
BLK-02292,TSK-02292,COR-041,Electrical,360,2026-09-12,P2 - High,Approved
BLK-02293,TSK-02293,COR-052,Operating,60,2026-09-26,P1 - Emergency,Pending
BLK-02294,TSK-02294,COR-063,Engineering,240,2026-09-18,P2 - High,Scheduled
BLK-02295,TSK-02295,COR-010,Engineering,120,2026-09-29,P4 - Routine,Approved
BLK-02296,TSK-02296,COR-062,Electrical,60,2026-09-18,P4 - Routine,Scheduled
BLK-02297,TSK-02297,COR-059,Engineering,180,2026-09-14,P3 - Medium,Scheduled
BLK-02298,TSK-02298,COR-044,Signal & Telecom,240,2026-09-19,P4 - Routine,Approved
BLK-02299,TSK-02299,COR-075,Operating,300,2026-09-17,P2 - High,Scheduled
BLK-02300,TSK-02300,COR-011,Operating,300,2026-09-24,P4 - Routine,Approved
BLK-02301,TSK-02301,COR-034,Operating,180,2026-09-09,P2 - High,Approved
BLK-02302,TSK-02302,COR-099,Engineering,300,2026-09-22,P1 - Emergency,Approved
BLK-02303,TSK-02303,COR-027,Engineering,180,2026-09-09,P2 - High,Pending
BLK-02304,TSK-02304,COR-069,Engineering,180,2026-09-15,P2 - High,Rejected
BLK-02305,TSK-02305,COR-032,Signal & Telecom,60,2026-09-27,P3 - Medium,Rejected
BLK-02306,TSK-02306,COR-066,Engineering,180,2026-09-24,P1 - Emergency,Rejected
BLK-02307,TSK-02307,COR-070,Engineering,360,2026-09-27,P3 - Medium,Conflict Flagged
BLK-02308,TSK-02308,COR-013,Signal & Telecom,120,2026-09-10,P4 - Routine,Approved
BLK-02309,TSK-02309,COR-006,Signal & Telecom,240,2026-09-18,P1 - Emergency,Scheduled
BLK-02310,TSK-02310,COR-076,Engineering,180,2026-09-25,P3 - Medium,Rejected
BLK-02311,TSK-02311,COR-073,Engineering,300,2026-09-20,P3 - Medium,Scheduled
BLK-02312,TSK-02312,COR-095,Engineering,120,2026-09-12,P3 - Medium,Conflict Flagged
BLK-02313,TSK-02313,COR-023,Electrical,180,2026-09-28,P2 - High,Scheduled
BLK-02314,TSK-02314,COR-018,Engineering,240,2026-09-12,P1 - Emergency,Scheduled
BLK-02315,TSK-02315,COR-078,Signal & Telecom,180,2026-09-17,P1 - Emergency,Pending
BLK-02316,TSK-02316,COR-058,Electrical,360,2026-09-15,P4 - Routine,Pending
BLK-02317,TSK-02317,COR-021,Engineering,300,2026-09-24,P1 - Emergency,Conflict Flagged
BLK-02318,TSK-02318,COR-073,Operating,360,2026-09-10,P4 - Routine,Pending
BLK-02319,TSK-02319,COR-025,Engineering,240,2026-09-15,P4 - Routine,Pending
BLK-02320,TSK-02320,COR-012,Electrical,300,2026-09-17,P1 - Emergency,Pending
BLK-02321,TSK-02321,COR-097,Engineering,300,2026-09-18,P3 - Medium,Approved
BLK-02322,TSK-02322,COR-042,Electrical,240,2026-09-23,P3 - Medium,Conflict Flagged
BLK-02323,TSK-02323,COR-029,Signal & Telecom,300,2026-09-18,P1 - Emergency,Approved
BLK-02324,TSK-02324,COR-100,Engineering,120,2026-09-09,P2 - High,Pending
BLK-02325,TSK-02325,COR-050,Electrical,180,2026-09-12,P1 - Emergency,Pending
BLK-02326,TSK-02326,COR-053,Operating,60,2026-09-13,P2 - High,Scheduled
BLK-02327,TSK-02327,COR-054,Electrical,120,2026-09-19,P2 - High,Rejected
BLK-02328,TSK-02328,COR-035,Electrical,60,2026-09-25,P1 - Emergency,Scheduled
BLK-02329,TSK-02329,COR-049,Operating,180,2026-09-20,P4 - Routine,Conflict Flagged
BLK-02330,TSK-02330,COR-005,Operating,240,2026-09-20,P2 - High,Rejected
BLK-02331,TSK-02331,COR-049,Signal & Telecom,60,2026-09-28,P4 - Routine,Rejected
BLK-02332,TSK-02332,COR-046,Signal & Telecom,240,2026-09-13,P4 - Routine,Conflict Flagged
BLK-02333,TSK-02333,COR-030,Signal & Telecom,360,2026-09-12,P4 - Routine,Pending
BLK-02334,TSK-02334,COR-003,Operating,360,2026-09-12,P3 - Medium,Conflict Flagged
BLK-02335,TSK-02335,COR-025,Signal & Telecom,360,2026-09-11,P2 - High,Rejected
BLK-02336,TSK-02336,COR-092,Operating,180,2026-09-20,P1 - Emergency,Scheduled
BLK-02337,TSK-02337,COR-015,Engineering,180,2026-09-29,P4 - Routine,Pending
BLK-02338,TSK-02338,COR-032,Electrical,360,2026-09-21,P4 - Routine,Scheduled
BLK-02339,TSK-02339,COR-004,Operating,240,2026-09-23,P2 - High,Conflict Flagged
BLK-02340,TSK-02340,COR-072,Electrical,360,2026-09-17,P2 - High,Conflict Flagged
BLK-02341,TSK-02341,COR-067,Signal & Telecom,180,2026-09-26,P4 - Routine,Approved
BLK-02342,TSK-02342,COR-086,Operating,120,2026-09-23,P2 - High,Pending
BLK-02343,TSK-02343,COR-001,Operating,180,2026-09-26,P1 - Emergency,Conflict Flagged
BLK-02344,TSK-02344,COR-088,Signal & Telecom,120,2026-09-10,P3 - Medium,Pending
BLK-02345,TSK-02345,COR-036,Operating,300,2026-09-25,P2 - High,Rejected
BLK-02346,TSK-02346,COR-100,Engineering,60,2026-09-20,P2 - High,Approved
BLK-02347,TSK-02347,COR-038,Electrical,120,2026-09-24,P4 - Routine,Rejected
BLK-02348,TSK-02348,COR-069,Operating,360,2026-09-22,P4 - Routine,Pending
BLK-02349,TSK-02349,COR-063,Operating,60,2026-09-29,P4 - Routine,Pending
BLK-02350,TSK-02350,COR-006,Electrical,120,2026-09-29,P2 - High,Scheduled
BLK-02351,TSK-02351,COR-006,Signal & Telecom,180,2026-09-24,P1 - Emergency,Approved
BLK-02352,TSK-02352,COR-035,Engineering,360,2026-09-28,P2 - High,Scheduled
BLK-02353,TSK-02353,COR-016,Electrical,120,2026-09-23,P2 - High,Pending
BLK-02354,TSK-02354,COR-039,Operating,60,2026-09-22,P4 - Routine,Conflict Flagged
BLK-02355,TSK-02355,COR-045,Signal & Telecom,180,2026-09-22,P1 - Emergency,Approved
BLK-02356,TSK-02356,COR-098,Signal & Telecom,300,2026-09-14,P4 - Routine,Conflict Flagged
BLK-02357,TSK-02357,COR-080,Electrical,360,2026-09-21,P1 - Emergency,Rejected
BLK-02358,TSK-02358,COR-029,Electrical,60,2026-09-21,P1 - Emergency,Scheduled
BLK-02359,TSK-02359,COR-038,Signal & Telecom,60,2026-09-13,P1 - Emergency,Rejected
BLK-02360,TSK-02360,COR-090,Operating,180,2026-09-27,P1 - Emergency,Conflict Flagged
BLK-02361,TSK-02361,COR-077,Electrical,300,2026-09-09,P3 - Medium,Scheduled
BLK-02362,TSK-02362,COR-087,Engineering,180,2026-09-23,P1 - Emergency,Rejected
BLK-02363,TSK-02363,COR-034,Engineering,360,2026-09-14,P4 - Routine,Pending
BLK-02364,TSK-02364,COR-079,Signal & Telecom,240,2026-09-28,P3 - Medium,Scheduled
BLK-02365,TSK-02365,COR-098,Signal & Telecom,60,2026-09-16,P3 - Medium,Scheduled
BLK-02366,TSK-02366,COR-022,Engineering,240,2026-09-16,P2 - High,Pending
BLK-02367,TSK-02367,COR-078,Signal & Telecom,360,2026-09-09,P1 - Emergency,Pending
BLK-02368,TSK-02368,COR-065,Operating,300,2026-09-21,P3 - Medium,Approved
BLK-02369,TSK-02369,COR-077,Operating,300,2026-09-19,P2 - High,Rejected
BLK-02370,TSK-02370,COR-030,Electrical,300,2026-09-26,P3 - Medium,Conflict Flagged
BLK-02371,TSK-02371,COR-072,Operating,120,2026-09-27,P1 - Emergency,Conflict Flagged
BLK-02372,TSK-02372,COR-044,Electrical,240,2026-09-23,P4 - Routine,Conflict Flagged
BLK-02373,TSK-02373,COR-098,Electrical,360,2026-09-22,P3 - Medium,Conflict Flagged
BLK-02374,TSK-02374,COR-042,Engineering,360,2026-09-13,P4 - Routine,Conflict Flagged
BLK-02375,TSK-02375,COR-046,Electrical,240,2026-09-21,P4 - Routine,Approved
BLK-02376,TSK-02376,COR-051,Electrical,120,2026-09-14,P4 - Routine,Scheduled
BLK-02377,TSK-02377,COR-099,Operating,180,2026-09-27,P1 - Emergency,Pending
BLK-02378,TSK-02378,COR-079,Engineering,360,2026-09-18,P1 - Emergency,Scheduled
BLK-02379,TSK-02379,COR-023,Signal & Telecom,120,2026-09-27,P4 - Routine,Rejected
BLK-02380,TSK-02380,COR-092,Electrical,300,2026-09-23,P2 - High,Rejected
BLK-02381,TSK-02381,COR-041,Engineering,120,2026-09-16,P2 - High,Conflict Flagged
BLK-02382,TSK-02382,COR-088,Signal & Telecom,60,2026-09-11,P1 - Emergency,Pending
BLK-02383,TSK-02383,COR-007,Engineering,120,2026-09-25,P4 - Routine,Conflict Flagged
BLK-02384,TSK-02384,COR-085,Operating,120,2026-09-28,P3 - Medium,Pending
BLK-02385,TSK-02385,COR-077,Operating,120,2026-09-10,P2 - High,Approved
BLK-02386,TSK-02386,COR-062,Operating,300,2026-09-29,P1 - Emergency,Conflict Flagged
BLK-02387,TSK-02387,COR-020,Operating,120,2026-09-25,P1 - Emergency,Approved
BLK-02388,TSK-02388,COR-099,Engineering,240,2026-09-18,P3 - Medium,Approved
BLK-02389,TSK-02389,COR-053,Signal & Telecom,240,2026-09-19,P1 - Emergency,Scheduled
BLK-02390,TSK-02390,COR-048,Operating,120,2026-09-16,P2 - High,Scheduled
BLK-02391,TSK-02391,COR-027,Operating,60,2026-09-14,P4 - Routine,Rejected
BLK-02392,TSK-02392,COR-045,Signal & Telecom,240,2026-09-11,P1 - Emergency,Pending
BLK-02393,TSK-02393,COR-003,Signal & Telecom,300,2026-09-25,P1 - Emergency,Approved
BLK-02394,TSK-02394,COR-037,Electrical,120,2026-09-13,P3 - Medium,Rejected
BLK-02395,TSK-02395,COR-085,Engineering,300,2026-09-21,P3 - Medium,Pending
BLK-02396,TSK-02396,COR-081,Operating,360,2026-09-16,P1 - Emergency,Scheduled
BLK-02397,TSK-02397,COR-068,Signal & Telecom,60,2026-09-22,P4 - Routine,Conflict Flagged
BLK-02398,TSK-02398,COR-003,Signal & Telecom,120,2026-09-28,P1 - Emergency,Scheduled
BLK-02399,TSK-02399,COR-089,Operating,240,2026-09-23,P2 - High,Approved
BLK-02400,TSK-02400,COR-001,Engineering,300,2026-09-27,P1 - Emergency,Pending
BLK-02401,TSK-02401,COR-024,Engineering,180,2026-09-12,P4 - Routine,Pending
BLK-02402,TSK-02402,COR-009,Electrical,60,2026-09-13,P4 - Routine,Scheduled
BLK-02403,TSK-02403,COR-063,Electrical,60,2026-09-28,P2 - High,Scheduled
BLK-02404,TSK-02404,COR-071,Electrical,240,2026-09-15,P1 - Emergency,Scheduled
BLK-02405,TSK-02405,COR-069,Electrical,300,2026-09-18,P2 - High,Pending
BLK-02406,TSK-02406,COR-010,Signal & Telecom,300,2026-09-23,P3 - Medium,Approved
BLK-02407,TSK-02407,COR-078,Engineering,120,2026-09-09,P3 - Medium,Rejected
BLK-02408,TSK-02408,COR-075,Engineering,240,2026-09-23,P2 - High,Conflict Flagged
BLK-02409,TSK-02409,COR-009,Electrical,180,2026-09-09,P4 - Routine,Conflict Flagged
BLK-02410,TSK-02410,COR-002,Electrical,240,2026-09-18,P2 - High,Scheduled
BLK-02411,TSK-02411,COR-040,Electrical,300,2026-09-29,P3 - Medium,Scheduled
BLK-02412,TSK-02412,COR-085,Electrical,120,2026-09-22,P4 - Routine,Scheduled
BLK-02413,TSK-02413,COR-061,Electrical,120,2026-09-19,P1 - Emergency,Conflict Flagged
BLK-02414,TSK-02414,COR-029,Engineering,180,2026-09-14,P3 - Medium,Rejected
BLK-02415,TSK-02415,COR-051,Signal & Telecom,60,2026-09-29,P4 - Routine,Pending
BLK-02416,TSK-02416,COR-022,Signal & Telecom,180,2026-09-10,P1 - Emergency,Approved
BLK-02417,TSK-02417,COR-011,Engineering,360,2026-09-11,P1 - Emergency,Rejected
BLK-02418,TSK-02418,COR-050,Engineering,120,2026-09-25,P3 - Medium,Conflict Flagged
BLK-02419,TSK-02419,COR-066,Electrical,300,2026-09-23,P1 - Emergency,Pending
BLK-02420,TSK-02420,COR-057,Engineering,240,2026-09-21,P4 - Routine,Scheduled
BLK-02421,TSK-02421,COR-015,Engineering,180,2026-09-17,P4 - Routine,Approved
BLK-02422,TSK-02422,COR-012,Signal & Telecom,60,2026-09-18,P4 - Routine,Rejected
BLK-02423,TSK-02423,COR-085,Electrical,240,2026-09-22,P4 - Routine,Scheduled
BLK-02424,TSK-02424,COR-047,Signal & Telecom,360,2026-09-26,P1 - Emergency,Pending
BLK-02425,TSK-02425,COR-092,Operating,240,2026-09-15,P3 - Medium,Conflict Flagged
BLK-02426,TSK-02426,COR-089,Operating,180,2026-09-22,P3 - Medium,Rejected
BLK-02427,TSK-02427,COR-085,Electrical,240,2026-09-10,P2 - High,Scheduled
BLK-02428,TSK-02428,COR-016,Signal & Telecom,60,2026-09-15,P4 - Routine,Scheduled
BLK-02429,TSK-02429,COR-030,Operating,240,2026-09-15,P3 - Medium,Scheduled
BLK-02430,TSK-02430,COR-048,Signal & Telecom,240,2026-09-10,P1 - Emergency,Pending
BLK-02431,TSK-02431,COR-063,Electrical,120,2026-09-26,P4 - Routine,Conflict Flagged
BLK-02432,TSK-02432,COR-096,Operating,60,2026-09-22,P1 - Emergency,Conflict Flagged
BLK-02433,TSK-02433,COR-007,Engineering,360,2026-09-11,P4 - Routine,Approved
BLK-02434,TSK-02434,COR-010,Operating,300,2026-09-14,P2 - High,Rejected
BLK-02435,TSK-02435,COR-084,Signal & Telecom,240,2026-09-14,P4 - Routine,Pending
BLK-02436,TSK-02436,COR-087,Signal & Telecom,180,2026-09-18,P2 - High,Approved
BLK-02437,TSK-02437,COR-047,Operating,180,2026-09-16,P2 - High,Pending
BLK-02438,TSK-02438,COR-028,Operating,120,2026-09-24,P4 - Routine,Rejected
BLK-02439,TSK-02439,COR-053,Signal & Telecom,360,2026-09-28,P4 - Routine,Scheduled
BLK-02440,TSK-02440,COR-056,Operating,360,2026-09-16,P1 - Emergency,Rejected
BLK-02441,TSK-02441,COR-069,Signal & Telecom,60,2026-09-14,P1 - Emergency,Approved
BLK-02442,TSK-02442,COR-022,Electrical,360,2026-09-15,P2 - High,Pending
BLK-02443,TSK-02443,COR-099,Operating,180,2026-09-16,P1 - Emergency,Scheduled
BLK-02444,TSK-02444,COR-033,Operating,60,2026-09-10,P4 - Routine,Rejected
BLK-02445,TSK-02445,COR-099,Engineering,60,2026-09-29,P3 - Medium,Conflict Flagged
BLK-02446,TSK-02446,COR-003,Signal & Telecom,120,2026-09-10,P4 - Routine,Rejected
BLK-02447,TSK-02447,COR-019,Signal & Telecom,60,2026-09-21,P1 - Emergency,Scheduled
BLK-02448,TSK-02448,COR-099,Operating,180,2026-09-27,P1 - Emergency,Rejected
BLK-02449,TSK-02449,COR-073,Engineering,360,2026-09-14,P3 - Medium,Approved
BLK-02450,TSK-02450,COR-002,Operating,360,2026-09-18,P3 - Medium,Approved
BLK-02451,TSK-02451,COR-094,Electrical,240,2026-09-28,P2 - High,Rejected
BLK-02452,TSK-02452,COR-081,Signal & Telecom,60,2026-09-13,P4 - Routine,Rejected
BLK-02453,TSK-02453,COR-022,Engineering,180,2026-09-24,P4 - Routine,Approved
BLK-02454,TSK-02454,COR-018,Operating,120,2026-09-16,P4 - Routine,Approved
BLK-02455,TSK-02455,COR-079,Operating,360,2026-09-23,P2 - High,Conflict Flagged
BLK-02456,TSK-02456,COR-088,Engineering,60,2026-09-17,P4 - Routine,Scheduled
BLK-02457,TSK-02457,COR-055,Signal & Telecom,120,2026-09-23,P3 - Medium,Approved
BLK-02458,TSK-02458,COR-020,Engineering,60,2026-09-23,P3 - Medium,Scheduled
BLK-02459,TSK-02459,COR-027,Electrical,360,2026-09-23,P4 - Routine,Rejected
BLK-02460,TSK-02460,COR-055,Engineering,60,2026-09-27,P1 - Emergency,Conflict Flagged
BLK-02461,TSK-02461,COR-048,Electrical,60,2026-09-09,P4 - Routine,Scheduled
BLK-02462,TSK-02462,COR-038,Electrical,60,2026-09-17,P4 - Routine,Scheduled
BLK-02463,TSK-02463,COR-067,Signal & Telecom,60,2026-09-17,P4 - Routine,Rejected
BLK-02464,TSK-02464,COR-094,Engineering,240,2026-09-24,P4 - Routine,Pending
BLK-02465,TSK-02465,COR-042,Engineering,180,2026-09-18,P3 - Medium,Conflict Flagged
BLK-02466,TSK-02466,COR-052,Operating,180,2026-09-10,P1 - Emergency,Scheduled
BLK-02467,TSK-02467,COR-065,Electrical,360,2026-09-09,P2 - High,Conflict Flagged
BLK-02468,TSK-02468,COR-069,Electrical,240,2026-09-27,P2 - High,Rejected
BLK-02469,TSK-02469,COR-070,Engineering,300,2026-09-20,P3 - Medium,Conflict Flagged
BLK-02470,TSK-02470,COR-006,Signal & Telecom,300,2026-09-11,P2 - High,Approved
BLK-02471,TSK-02471,COR-076,Operating,360,2026-09-26,P2 - High,Pending
BLK-02472,TSK-02472,COR-050,Engineering,120,2026-09-11,P3 - Medium,Rejected
BLK-02473,TSK-02473,COR-100,Engineering,120,2026-09-22,P1 - Emergency,Rejected
BLK-02474,TSK-02474,COR-056,Operating,120,2026-09-12,P4 - Routine,Scheduled
BLK-02475,TSK-02475,COR-095,Engineering,300,2026-09-29,P2 - High,Scheduled
BLK-02476,TSK-02476,COR-090,Electrical,60,2026-09-11,P1 - Emergency,Approved
BLK-02477,TSK-02477,COR-094,Electrical,240,2026-09-27,P3 - Medium,Conflict Flagged
BLK-02478,TSK-02478,COR-090,Operating,180,2026-09-19,P3 - Medium,Conflict Flagged
BLK-02479,TSK-02479,COR-041,Electrical,240,2026-09-13,P4 - Routine,Pending
BLK-02480,TSK-02480,COR-018,Operating,240,2026-09-13,P1 - Emergency,Pending
BLK-02481,TSK-02481,COR-004,Operating,240,2026-09-22,P4 - Routine,Conflict Flagged
BLK-02482,TSK-02482,COR-078,Operating,360,2026-09-25,P1 - Emergency,Approved
BLK-02483,TSK-02483,COR-086,Operating,120,2026-09-25,P1 - Emergency,Pending
BLK-02484,TSK-02484,COR-057,Engineering,360,2026-09-28,P4 - Routine,Rejected
BLK-02485,TSK-02485,COR-066,Operating,360,2026-09-29,P4 - Routine,Approved
BLK-02486,TSK-02486,COR-017,Electrical,180,2026-09-17,P3 - Medium,Pending
BLK-02487,TSK-02487,COR-059,Signal & Telecom,360,2026-09-22,P4 - Routine,Conflict Flagged
BLK-02488,TSK-02488,COR-032,Signal & Telecom,180,2026-09-14,P1 - Emergency,Pending
BLK-02489,TSK-02489,COR-045,Electrical,60,2026-09-09,P2 - High,Rejected
BLK-02490,TSK-02490,COR-040,Operating,360,2026-09-16,P2 - High,Approved
BLK-02491,TSK-02491,COR-082,Engineering,240,2026-09-27,P2 - High,Conflict Flagged
BLK-02492,TSK-02492,COR-084,Signal & Telecom,120,2026-09-25,P4 - Routine,Scheduled
BLK-02493,TSK-02493,COR-042,Electrical,300,2026-09-25,P4 - Routine,Approved
BLK-02494,TSK-02494,COR-064,Operating,240,2026-09-22,P1 - Emergency,Conflict Flagged
BLK-02495,TSK-02495,COR-087,Electrical,360,2026-09-10,P4 - Routine,Conflict Flagged
BLK-02496,TSK-02496,COR-024,Engineering,240,2026-09-11,P4 - Routine,Pending
BLK-02497,TSK-02497,COR-083,Operating,180,2026-09-22,P1 - Emergency,Scheduled
BLK-02498,TSK-02498,COR-040,Electrical,120,2026-09-19,P3 - Medium,Pending
BLK-02499,TSK-02499,COR-097,Signal & Telecom,60,2026-09-23,P1 - Emergency,Approved
BLK-02500,TSK-02500,COR-004,Signal & Telecom,360,2026-09-18,P1 - Emergency,Conflict Flagged
BLK-02501,TSK-02501,COR-024,Electrical,120,2026-09-15,P2 - High,Scheduled
BLK-02502,TSK-02502,COR-052,Engineering,360,2026-09-12,P1 - Emergency,Conflict Flagged
BLK-02503,TSK-02503,COR-034,Electrical,240,2026-09-12,P1 - Emergency,Conflict Flagged
BLK-02504,TSK-02504,COR-083,Engineering,240,2026-09-11,P3 - Medium,Scheduled
BLK-02505,TSK-02505,COR-071,Operating,120,2026-09-23,P4 - Routine,Scheduled
BLK-02506,TSK-02506,COR-041,Operating,120,2026-09-23,P2 - High,Rejected
BLK-02507,TSK-02507,COR-077,Engineering,180,2026-09-20,P4 - Routine,Conflict Flagged
BLK-02508,TSK-02508,COR-044,Engineering,360,2026-09-20,P2 - High,Conflict Flagged
BLK-02509,TSK-02509,COR-089,Engineering,120,2026-09-14,P4 - Routine,Approved
BLK-02510,TSK-02510,COR-023,Engineering,360,2026-09-26,P2 - High,Scheduled
BLK-02511,TSK-02511,COR-011,Engineering,300,2026-09-13,P3 - Medium,Conflict Flagged
BLK-02512,TSK-02512,COR-089,Engineering,300,2026-09-29,P2 - High,Scheduled
BLK-02513,TSK-02513,COR-093,Engineering,300,2026-09-21,P4 - Routine,Approved
BLK-02514,TSK-02514,COR-058,Operating,360,2026-09-26,P2 - High,Conflict Flagged
BLK-02515,TSK-02515,COR-087,Engineering,60,2026-09-20,P1 - Emergency,Approved
BLK-02516,TSK-02516,COR-086,Electrical,300,2026-09-27,P3 - Medium,Pending
BLK-02517,TSK-02517,COR-080,Electrical,240,2026-09-18,P4 - Routine,Conflict Flagged
BLK-02518,TSK-02518,COR-033,Electrical,180,2026-09-19,P4 - Routine,Pending
BLK-02519,TSK-02519,COR-015,Electrical,360,2026-09-24,P3 - Medium,Pending
BLK-02520,TSK-02520,COR-057,Signal & Telecom,120,2026-09-27,P2 - High,Scheduled
BLK-02521,TSK-02521,COR-044,Electrical,360,2026-09-27,P2 - High,Conflict Flagged
BLK-02522,TSK-02522,COR-036,Engineering,360,2026-09-14,P3 - Medium,Pending
BLK-02523,TSK-02523,COR-057,Electrical,360,2026-09-27,P1 - Emergency,Conflict Flagged
BLK-02524,TSK-02524,COR-019,Electrical,60,2026-09-17,P4 - Routine,Rejected
BLK-02525,TSK-02525,COR-053,Electrical,240,2026-09-28,P4 - Routine,Rejected
BLK-02526,TSK-02526,COR-074,Electrical,60,2026-09-14,P3 - Medium,Approved
BLK-02527,TSK-02527,COR-020,Engineering,300,2026-09-17,P1 - Emergency,Rejected
BLK-02528,TSK-02528,COR-074,Signal & Telecom,180,2026-09-25,P3 - Medium,Scheduled
BLK-02529,TSK-02529,COR-078,Electrical,300,2026-09-12,P3 - Medium,Conflict Flagged
BLK-02530,TSK-02530,COR-088,Electrical,120,2026-09-21,P1 - Emergency,Approved
BLK-02531,TSK-02531,COR-045,Electrical,120,2026-09-16,P3 - Medium,Pending
BLK-02532,TSK-02532,COR-061,Operating,300,2026-09-21,P1 - Emergency,Conflict Flagged
BLK-02533,TSK-02533,COR-093,Signal & Telecom,60,2026-09-16,P2 - High,Approved
BLK-02534,TSK-02534,COR-085,Electrical,60,2026-09-17,P4 - Routine,Scheduled
BLK-02535,TSK-02535,COR-068,Electrical,240,2026-09-10,P4 - Routine,Approved
BLK-02536,TSK-02536,COR-018,Operating,60,2026-09-28,P1 - Emergency,Rejected
BLK-02537,TSK-02537,COR-041,Engineering,180,2026-09-26,P3 - Medium,Rejected
BLK-02538,TSK-02538,COR-087,Operating,180,2026-09-20,P4 - Routine,Scheduled
BLK-02539,TSK-02539,COR-009,Signal & Telecom,60,2026-09-23,P2 - High,Conflict Flagged
BLK-02540,TSK-02540,COR-051,Engineering,360,2026-09-17,P1 - Emergency,Scheduled
BLK-02541,TSK-02541,COR-042,Operating,60,2026-09-11,P2 - High,Approved
BLK-02542,TSK-02542,COR-075,Operating,120,2026-09-11,P3 - Medium,Approved
BLK-02543,TSK-02543,COR-005,Operating,360,2026-09-11,P2 - High,Conflict Flagged
BLK-02544,TSK-02544,COR-027,Signal & Telecom,360,2026-09-19,P3 - Medium,Approved
BLK-02545,TSK-02545,COR-055,Signal & Telecom,360,2026-09-26,P1 - Emergency,Rejected
BLK-02546,TSK-02546,COR-058,Operating,360,2026-09-25,P2 - High,Conflict Flagged
BLK-02547,TSK-02547,COR-082,Electrical,360,2026-09-26,P3 - Medium,Pending
BLK-02548,TSK-02548,COR-008,Engineering,180,2026-09-22,P1 - Emergency,Rejected
BLK-02549,TSK-02549,COR-022,Signal & Telecom,120,2026-09-17,P2 - High,Pending
BLK-02550,TSK-02550,COR-038,Electrical,60,2026-09-29,P2 - High,Rejected
BLK-02551,TSK-02551,COR-072,Operating,240,2026-09-17,P3 - Medium,Conflict Flagged
BLK-02552,TSK-02552,COR-049,Electrical,360,2026-09-28,P1 - Emergency,Scheduled
BLK-02553,TSK-02553,COR-080,Signal & Telecom,300,2026-09-19,P2 - High,Conflict Flagged
BLK-02554,TSK-02554,COR-085,Engineering,60,2026-09-25,P3 - Medium,Approved
BLK-02555,TSK-02555,COR-036,Operating,300,2026-09-11,P1 - Emergency,Conflict Flagged
BLK-02556,TSK-02556,COR-089,Engineering,240,2026-09-21,P3 - Medium,Scheduled
BLK-02557,TSK-02557,COR-071,Operating,360,2026-09-27,P4 - Routine,Rejected
BLK-02558,TSK-02558,COR-027,Signal & Telecom,360,2026-09-10,P2 - High,Approved
BLK-02559,TSK-02559,COR-010,Operating,180,2026-09-28,P2 - High,Pending
BLK-02560,TSK-02560,COR-044,Operating,120,2026-09-11,P4 - Routine,Rejected
BLK-02561,TSK-02561,COR-057,Engineering,360,2026-09-16,P1 - Emergency,Rejected
BLK-02562,TSK-02562,COR-008,Signal & Telecom,360,2026-09-16,P1 - Emergency,Rejected
BLK-02563,TSK-02563,COR-012,Signal & Telecom,120,2026-09-29,P4 - Routine,Conflict Flagged
BLK-02564,TSK-02564,COR-081,Operating,120,2026-09-21,P2 - High,Scheduled
BLK-02565,TSK-02565,COR-093,Signal & Telecom,120,2026-09-23,P1 - Emergency,Approved
BLK-02566,TSK-02566,COR-074,Engineering,60,2026-09-26,P2 - High,Conflict Flagged
BLK-02567,TSK-02567,COR-091,Engineering,300,2026-09-23,P2 - High,Rejected
BLK-02568,TSK-02568,COR-053,Electrical,240,2026-09-11,P4 - Routine,Rejected
BLK-02569,TSK-02569,COR-061,Electrical,240,2026-09-19,P2 - High,Rejected
BLK-02570,TSK-02570,COR-031,Operating,60,2026-09-11,P1 - Emergency,Scheduled
BLK-02571,TSK-02571,COR-006,Signal & Telecom,360,2026-09-26,P2 - High,Pending
BLK-02572,TSK-02572,COR-039,Operating,240,2026-09-15,P4 - Routine,Rejected
BLK-02573,TSK-02573,COR-051,Electrical,180,2026-09-21,P2 - High,Rejected
BLK-02574,TSK-02574,COR-007,Operating,300,2026-09-22,P3 - Medium,Conflict Flagged
BLK-02575,TSK-02575,COR-038,Operating,360,2026-09-11,P4 - Routine,Approved
BLK-02576,TSK-02576,COR-056,Electrical,120,2026-09-10,P3 - Medium,Pending
BLK-02577,TSK-02577,COR-046,Signal & Telecom,180,2026-09-29,P3 - Medium,Rejected
BLK-02578,TSK-02578,COR-083,Operating,180,2026-09-29,P1 - Emergency,Approved
BLK-02579,TSK-02579,COR-008,Signal & Telecom,120,2026-09-21,P2 - High,Scheduled
BLK-02580,TSK-02580,COR-099,Signal & Telecom,60,2026-09-13,P3 - Medium,Pending
BLK-02581,TSK-02581,COR-036,Engineering,60,2026-09-18,P2 - High,Approved
BLK-02582,TSK-02582,COR-038,Operating,240,2026-09-10,P4 - Routine,Pending
BLK-02583,TSK-02583,COR-024,Operating,120,2026-09-18,P1 - Emergency,Pending
BLK-02584,TSK-02584,COR-015,Electrical,180,2026-09-20,P4 - Routine,Approved
BLK-02585,TSK-02585,COR-070,Operating,120,2026-09-12,P2 - High,Scheduled
BLK-02586,TSK-02586,COR-089,Electrical,360,2026-09-21,P3 - Medium,Scheduled
BLK-02587,TSK-02587,COR-051,Engineering,60,2026-09-09,P2 - High,Conflict Flagged
BLK-02588,TSK-02588,COR-052,Operating,180,2026-09-10,P3 - Medium,Rejected
BLK-02589,TSK-02589,COR-057,Electrical,300,2026-09-12,P2 - High,Approved
BLK-02590,TSK-02590,COR-014,Engineering,300,2026-09-22,P1 - Emergency,Conflict Flagged
BLK-02591,TSK-02591,COR-091,Electrical,300,2026-09-23,P3 - Medium,Conflict Flagged
BLK-02592,TSK-02592,COR-064,Signal & Telecom,60,2026-09-09,P3 - Medium,Scheduled
BLK-02593,TSK-02593,COR-055,Operating,240,2026-09-23,P1 - Emergency,Approved
BLK-02594,TSK-02594,COR-076,Operating,60,2026-09-25,P1 - Emergency,Pending
BLK-02595,TSK-02595,COR-075,Engineering,360,2026-09-09,P4 - Routine,Scheduled
BLK-02596,TSK-02596,COR-005,Electrical,180,2026-09-24,P2 - High,Pending
BLK-02597,TSK-02597,COR-025,Electrical,360,2026-09-14,P2 - High,Conflict Flagged
BLK-02598,TSK-02598,COR-091,Electrical,240,2026-09-16,P3 - Medium,Scheduled
BLK-02599,TSK-02599,COR-095,Engineering,360,2026-09-10,P2 - High,Approved
BLK-02600,TSK-02600,COR-096,Operating,300,2026-09-11,P1 - Emergency,Rejected
BLK-02601,TSK-02601,COR-075,Electrical,360,2026-09-19,P2 - High,Approved
BLK-02602,TSK-02602,COR-088,Engineering,360,2026-09-15,P4 - Routine,Pending
BLK-02603,TSK-02603,COR-058,Electrical,180,2026-09-17,P2 - High,Conflict Flagged
BLK-02604,TSK-02604,COR-041,Signal & Telecom,120,2026-09-26,P2 - High,Pending
BLK-02605,TSK-02605,COR-085,Operating,60,2026-09-10,P1 - Emergency,Scheduled
BLK-02606,TSK-02606,COR-092,Operating,300,2026-09-18,P4 - Routine,Pending
BLK-02607,TSK-02607,COR-093,Engineering,180,2026-09-20,P4 - Routine,Approved
BLK-02608,TSK-02608,COR-049,Electrical,120,2026-09-14,P2 - High,Approved
BLK-02609,TSK-02609,COR-023,Electrical,60,2026-09-09,P4 - Routine,Scheduled
BLK-02610,TSK-02610,COR-059,Operating,300,2026-09-18,P2 - High,Scheduled
BLK-02611,TSK-02611,COR-097,Engineering,360,2026-09-17,P1 - Emergency,Rejected
BLK-02612,TSK-02612,COR-086,Operating,240,2026-09-12,P2 - High,Approved
BLK-02613,TSK-02613,COR-053,Engineering,300,2026-09-22,P4 - Routine,Approved
BLK-02614,TSK-02614,COR-006,Operating,240,2026-09-16,P2 - High,Pending
BLK-02615,TSK-02615,COR-064,Engineering,180,2026-09-25,P3 - Medium,Rejected
BLK-02616,TSK-02616,COR-063,Operating,300,2026-09-25,P4 - Routine,Scheduled
BLK-02617,TSK-02617,COR-051,Electrical,120,2026-09-24,P1 - Emergency,Conflict Flagged
BLK-02618,TSK-02618,COR-076,Operating,60,2026-09-14,P4 - Routine,Pending
BLK-02619,TSK-02619,COR-024,Engineering,360,2026-09-24,P1 - Emergency,Pending
BLK-02620,TSK-02620,COR-057,Electrical,360,2026-09-14,P4 - Routine,Rejected
BLK-02621,TSK-02621,COR-056,Engineering,300,2026-09-26,P3 - Medium,Scheduled
BLK-02622,TSK-02622,COR-098,Operating,120,2026-09-18,P2 - High,Scheduled
BLK-02623,TSK-02623,COR-018,Signal & Telecom,360,2026-09-24,P4 - Routine,Rejected
BLK-02624,TSK-02624,COR-029,Signal & Telecom,300,2026-09-20,P3 - Medium,Scheduled
BLK-02625,TSK-02625,COR-070,Engineering,120,2026-09-16,P2 - High,Conflict Flagged
BLK-02626,TSK-02626,COR-025,Signal & Telecom,60,2026-09-09,P2 - High,Approved
BLK-02627,TSK-02627,COR-047,Signal & Telecom,240,2026-09-23,P2 - High,Scheduled
BLK-02628,TSK-02628,COR-062,Engineering,360,2026-09-09,P4 - Routine,Scheduled
BLK-02629,TSK-02629,COR-013,Signal & Telecom,60,2026-09-12,P1 - Emergency,Scheduled
BLK-02630,TSK-02630,COR-081,Signal & Telecom,300,2026-09-26,P2 - High,Pending
BLK-02631,TSK-02631,COR-029,Engineering,360,2026-09-27,P2 - High,Conflict Flagged
BLK-02632,TSK-02632,COR-013,Signal & Telecom,300,2026-09-24,P2 - High,Pending
BLK-02633,TSK-02633,COR-002,Electrical,180,2026-09-23,P2 - High,Pending
BLK-02634,TSK-02634,COR-054,Operating,180,2026-09-13,P2 - High,Pending
BLK-02635,TSK-02635,COR-094,Engineering,180,2026-09-13,P2 - High,Approved
BLK-02636,TSK-02636,COR-073,Electrical,360,2026-09-13,P2 - High,Pending
BLK-02637,TSK-02637,COR-001,Electrical,60,2026-09-20,P4 - Routine,Conflict Flagged
BLK-02638,TSK-02638,COR-008,Operating,300,2026-09-19,P1 - Emergency,Rejected
BLK-02639,TSK-02639,COR-086,Operating,240,2026-09-29,P2 - High,Conflict Flagged
BLK-02640,TSK-02640,COR-065,Electrical,300,2026-09-29,P3 - Medium,Scheduled
BLK-02641,TSK-02641,COR-078,Engineering,360,2026-09-18,P4 - Routine,Conflict Flagged
BLK-02642,TSK-02642,COR-097,Electrical,120,2026-09-25,P3 - Medium,Approved
BLK-02643,TSK-02643,COR-056,Operating,240,2026-09-21,P1 - Emergency,Scheduled
BLK-02644,TSK-02644,COR-002,Engineering,360,2026-09-16,P2 - High,Rejected
BLK-02645,TSK-02645,COR-089,Signal & Telecom,180,2026-09-14,P4 - Routine,Conflict Flagged
BLK-02646,TSK-02646,COR-050,Electrical,300,2026-09-29,P1 - Emergency,Scheduled
BLK-02647,TSK-02647,COR-036,Operating,180,2026-09-21,P2 - High,Scheduled
BLK-02648,TSK-02648,COR-096,Signal & Telecom,180,2026-09-29,P4 - Routine,Rejected
BLK-02649,TSK-02649,COR-100,Electrical,300,2026-09-29,P3 - Medium,Pending
BLK-02650,TSK-02650,COR-031,Engineering,60,2026-09-17,P3 - Medium,Approved
BLK-02651,TSK-02651,COR-039,Engineering,240,2026-09-27,P2 - High,Pending
BLK-02652,TSK-02652,COR-011,Operating,180,2026-09-09,P1 - Emergency,Conflict Flagged
BLK-02653,TSK-02653,COR-091,Operating,300,2026-09-26,P1 - Emergency,Conflict Flagged
BLK-02654,TSK-02654,COR-028,Signal & Telecom,60,2026-09-25,P1 - Emergency,Scheduled
BLK-02655,TSK-02655,COR-096,Electrical,120,2026-09-21,P3 - Medium,Pending
BLK-02656,TSK-02656,COR-009,Engineering,240,2026-09-11,P4 - Routine,Conflict Flagged
BLK-02657,TSK-02657,COR-078,Electrical,360,2026-09-17,P3 - Medium,Approved
BLK-02658,TSK-02658,COR-086,Engineering,60,2026-09-12,P2 - High,Rejected
BLK-02659,TSK-02659,COR-001,Operating,360,2026-09-11,P2 - High,Conflict Flagged
BLK-02660,TSK-02660,COR-090,Operating,60,2026-09-14,P1 - Emergency,Pending
BLK-02661,TSK-02661,COR-018,Signal & Telecom,300,2026-09-21,P1 - Emergency,Scheduled
BLK-02662,TSK-02662,COR-067,Electrical,240,2026-09-29,P1 - Emergency,Scheduled
BLK-02663,TSK-02663,COR-093,Signal & Telecom,360,2026-09-20,P4 - Routine,Scheduled
BLK-02664,TSK-02664,COR-015,Signal & Telecom,180,2026-09-17,P1 - Emergency,Rejected
BLK-02665,TSK-02665,COR-008,Signal & Telecom,180,2026-09-26,P3 - Medium,Rejected
BLK-02666,TSK-02666,COR-085,Electrical,60,2026-09-15,P1 - Emergency,Rejected
BLK-02667,TSK-02667,COR-071,Operating,120,2026-09-19,P3 - Medium,Approved
BLK-02668,TSK-02668,COR-067,Engineering,360,2026-09-21,P2 - High,Conflict Flagged
BLK-02669,TSK-02669,COR-014,Operating,180,2026-09-15,P3 - Medium,Scheduled
BLK-02670,TSK-02670,COR-002,Operating,300,2026-09-20,P3 - Medium,Approved
BLK-02671,TSK-02671,COR-088,Signal & Telecom,360,2026-09-18,P2 - High,Rejected
BLK-02672,TSK-02672,COR-086,Signal & Telecom,180,2026-09-14,P4 - Routine,Rejected
BLK-02673,TSK-02673,COR-052,Operating,180,2026-09-17,P2 - High,Conflict Flagged
BLK-02674,TSK-02674,COR-016,Operating,120,2026-09-24,P2 - High,Conflict Flagged
BLK-02675,TSK-02675,COR-011,Operating,300,2026-09-22,P3 - Medium,Rejected
BLK-02676,TSK-02676,COR-052,Electrical,60,2026-09-28,P3 - Medium,Scheduled
BLK-02677,TSK-02677,COR-088,Operating,180,2026-09-12,P1 - Emergency,Conflict Flagged
BLK-02678,TSK-02678,COR-023,Electrical,180,2026-09-29,P2 - High,Pending
BLK-02679,TSK-02679,COR-009,Operating,240,2026-09-10,P2 - High,Scheduled
BLK-02680,TSK-02680,COR-025,Engineering,60,2026-09-21,P4 - Routine,Pending
BLK-02681,TSK-02681,COR-093,Signal & Telecom,360,2026-09-13,P2 - High,Pending
BLK-02682,TSK-02682,COR-036,Engineering,360,2026-09-20,P1 - Emergency,Scheduled
BLK-02683,TSK-02683,COR-089,Signal & Telecom,360,2026-09-10,P3 - Medium,Conflict Flagged
BLK-02684,TSK-02684,COR-080,Operating,240,2026-09-22,P1 - Emergency,Conflict Flagged
BLK-02685,TSK-02685,COR-021,Electrical,60,2026-09-18,P4 - Routine,Conflict Flagged
BLK-02686,TSK-02686,COR-037,Operating,300,2026-09-16,P3 - Medium,Approved
BLK-02687,TSK-02687,COR-081,Operating,180,2026-09-11,P2 - High,Scheduled
BLK-02688,TSK-02688,COR-043,Engineering,300,2026-09-28,P1 - Emergency,Conflict Flagged
BLK-02689,TSK-02689,COR-051,Operating,240,2026-09-21,P4 - Routine,Approved
BLK-02690,TSK-02690,COR-011,Operating,240,2026-09-23,P3 - Medium,Scheduled
BLK-02691,TSK-02691,COR-048,Engineering,60,2026-09-22,P4 - Routine,Conflict Flagged
BLK-02692,TSK-02692,COR-029,Electrical,300,2026-09-10,P2 - High,Rejected
BLK-02693,TSK-02693,COR-046,Electrical,180,2026-09-12,P3 - Medium,Approved
BLK-02694,TSK-02694,COR-032,Signal & Telecom,300,2026-09-10,P1 - Emergency,Conflict Flagged
BLK-02695,TSK-02695,COR-029,Electrical,360,2026-09-16,P3 - Medium,Conflict Flagged
BLK-02696,TSK-02696,COR-061,Engineering,360,2026-09-16,P1 - Emergency,Pending
BLK-02697,TSK-02697,COR-029,Operating,180,2026-09-16,P3 - Medium,Rejected
BLK-02698,TSK-02698,COR-078,Signal & Telecom,360,2026-09-15,P1 - Emergency,Scheduled
BLK-02699,TSK-02699,COR-040,Operating,240,2026-09-09,P4 - Routine,Conflict Flagged
BLK-02700,TSK-02700,COR-002,Operating,120,2026-09-27,P3 - Medium,Pending
BLK-02701,TSK-02701,COR-075,Engineering,120,2026-09-11,P4 - Routine,Rejected
BLK-02702,TSK-02702,COR-034,Operating,60,2026-09-17,P3 - Medium,Pending
BLK-02703,TSK-02703,COR-052,Engineering,120,2026-09-17,P3 - Medium,Scheduled
BLK-02704,TSK-02704,COR-044,Signal & Telecom,60,2026-09-20,P3 - Medium,Approved
BLK-02705,TSK-02705,COR-016,Signal & Telecom,60,2026-09-28,P1 - Emergency,Approved
BLK-02706,TSK-02706,COR-033,Operating,60,2026-09-18,P3 - Medium,Approved
BLK-02707,TSK-02707,COR-022,Electrical,360,2026-09-22,P3 - Medium,Conflict Flagged
BLK-02708,TSK-02708,COR-074,Electrical,60,2026-09-11,P1 - Emergency,Approved
BLK-02709,TSK-02709,COR-010,Operating,180,2026-09-11,P1 - Emergency,Conflict Flagged
BLK-02710,TSK-02710,COR-023,Electrical,120,2026-09-15,P4 - Routine,Rejected
BLK-02711,TSK-02711,COR-005,Engineering,360,2026-09-19,P2 - High,Rejected
BLK-02712,TSK-02712,COR-064,Electrical,360,2026-09-22,P3 - Medium,Rejected
BLK-02713,TSK-02713,COR-100,Operating,120,2026-09-24,P1 - Emergency,Scheduled
BLK-02714,TSK-02714,COR-068,Signal & Telecom,180,2026-09-11,P3 - Medium,Pending
BLK-02715,TSK-02715,COR-005,Signal & Telecom,240,2026-09-16,P1 - Emergency,Conflict Flagged
BLK-02716,TSK-02716,COR-008,Signal & Telecom,60,2026-09-16,P1 - Emergency,Pending
BLK-02717,TSK-02717,COR-086,Engineering,180,2026-09-21,P1 - Emergency,Scheduled
BLK-02718,TSK-02718,COR-015,Engineering,360,2026-09-16,P2 - High,Pending
BLK-02719,TSK-02719,COR-066,Operating,120,2026-09-09,P4 - Routine,Pending
BLK-02720,TSK-02720,COR-045,Signal & Telecom,240,2026-09-18,P1 - Emergency,Rejected
BLK-02721,TSK-02721,COR-007,Operating,120,2026-09-25,P3 - Medium,Conflict Flagged
BLK-02722,TSK-02722,COR-084,Operating,180,2026-09-21,P2 - High,Pending
BLK-02723,TSK-02723,COR-057,Electrical,180,2026-09-20,P3 - Medium,Scheduled
BLK-02724,TSK-02724,COR-022,Operating,60,2026-09-16,P4 - Routine,Rejected
BLK-02725,TSK-02725,COR-004,Electrical,180,2026-09-16,P3 - Medium,Approved
BLK-02726,TSK-02726,COR-026,Signal & Telecom,360,2026-09-12,P4 - Routine,Conflict Flagged
BLK-02727,TSK-02727,COR-100,Electrical,300,2026-09-29,P1 - Emergency,Pending
BLK-02728,TSK-02728,COR-091,Signal & Telecom,240,2026-09-25,P3 - Medium,Conflict Flagged
BLK-02729,TSK-02729,COR-027,Operating,60,2026-09-13,P2 - High,Approved
BLK-02730,TSK-02730,COR-028,Signal & Telecom,360,2026-09-24,P4 - Routine,Pending
BLK-02731,TSK-02731,COR-091,Engineering,60,2026-09-11,P1 - Emergency,Conflict Flagged
BLK-02732,TSK-02732,COR-069,Operating,360,2026-09-22,P1 - Emergency,Rejected
BLK-02733,TSK-02733,COR-067,Signal & Telecom,180,2026-09-27,P4 - Routine,Rejected
BLK-02734,TSK-02734,COR-091,Electrical,360,2026-09-21,P4 - Routine,Scheduled
BLK-02735,TSK-02735,COR-093,Engineering,120,2026-09-20,P1 - Emergency,Pending
BLK-02736,TSK-02736,COR-031,Signal & Telecom,240,2026-09-22,P3 - Medium,Pending
BLK-02737,TSK-02737,COR-087,Electrical,240,2026-09-12,P1 - Emergency,Rejected
BLK-02738,TSK-02738,COR-098,Engineering,60,2026-09-24,P3 - Medium,Approved
BLK-02739,TSK-02739,COR-068,Operating,180,2026-09-24,P2 - High,Approved
BLK-02740,TSK-02740,COR-060,Electrical,180,2026-09-23,P1 - Emergency,Scheduled
BLK-02741,TSK-02741,COR-024,Operating,240,2026-09-27,P2 - High,Approved
BLK-02742,TSK-02742,COR-064,Operating,180,2026-09-25,P3 - Medium,Rejected
BLK-02743,TSK-02743,COR-004,Signal & Telecom,60,2026-09-15,P1 - Emergency,Approved
BLK-02744,TSK-02744,COR-016,Engineering,240,2026-09-12,P4 - Routine,Pending
BLK-02745,TSK-02745,COR-046,Signal & Telecom,120,2026-09-23,P3 - Medium,Conflict Flagged
BLK-02746,TSK-02746,COR-008,Electrical,120,2026-09-22,P1 - Emergency,Scheduled
BLK-02747,TSK-02747,COR-003,Engineering,300,2026-09-19,P1 - Emergency,Scheduled
BLK-02748,TSK-02748,COR-073,Engineering,360,2026-09-24,P2 - High,Conflict Flagged
BLK-02749,TSK-02749,COR-077,Operating,360,2026-09-28,P3 - Medium,Conflict Flagged
BLK-02750,TSK-02750,COR-069,Engineering,60,2026-09-20,P4 - Routine,Conflict Flagged
BLK-02751,TSK-02751,COR-065,Engineering,180,2026-09-17,P3 - Medium,Pending
BLK-02752,TSK-02752,COR-076,Electrical,240,2026-09-27,P3 - Medium,Approved
BLK-02753,TSK-02753,COR-087,Engineering,240,2026-09-12,P1 - Emergency,Pending
BLK-02754,TSK-02754,COR-037,Electrical,360,2026-09-12,P1 - Emergency,Scheduled
BLK-02755,TSK-02755,COR-048,Signal & Telecom,120,2026-09-09,P1 - Emergency,Conflict Flagged
BLK-02756,TSK-02756,COR-099,Operating,360,2026-09-14,P2 - High,Pending
BLK-02757,TSK-02757,COR-019,Operating,120,2026-09-16,P2 - High,Approved
BLK-02758,TSK-02758,COR-077,Electrical,300,2026-09-17,P3 - Medium,Approved
BLK-02759,TSK-02759,COR-017,Operating,60,2026-09-22,P1 - Emergency,Rejected
BLK-02760,TSK-02760,COR-004,Electrical,120,2026-09-28,P4 - Routine,Conflict Flagged
BLK-02761,TSK-02761,COR-019,Operating,240,2026-09-22,P3 - Medium,Scheduled
BLK-02762,TSK-02762,COR-082,Operating,300,2026-09-27,P4 - Routine,Conflict Flagged
BLK-02763,TSK-02763,COR-056,Electrical,360,2026-09-10,P4 - Routine,Scheduled
BLK-02764,TSK-02764,COR-072,Engineering,120,2026-09-19,P3 - Medium,Pending
BLK-02765,TSK-02765,COR-011,Signal & Telecom,300,2026-09-27,P3 - Medium,Pending
BLK-02766,TSK-02766,COR-051,Signal & Telecom,360,2026-09-16,P3 - Medium,Rejected
BLK-02767,TSK-02767,COR-012,Engineering,240,2026-09-15,P2 - High,Pending
BLK-02768,TSK-02768,COR-052,Signal & Telecom,360,2026-09-18,P1 - Emergency,Scheduled
BLK-02769,TSK-02769,COR-024,Engineering,240,2026-09-22,P1 - Emergency,Conflict Flagged
BLK-02770,TSK-02770,COR-037,Electrical,180,2026-09-14,P4 - Routine,Approved
BLK-02771,TSK-02771,COR-070,Engineering,60,2026-09-12,P3 - Medium,Conflict Flagged
BLK-02772,TSK-02772,COR-040,Operating,240,2026-09-25,P3 - Medium,Conflict Flagged
BLK-02773,TSK-02773,COR-077,Operating,360,2026-09-16,P3 - Medium,Scheduled
BLK-02774,TSK-02774,COR-050,Electrical,300,2026-09-12,P3 - Medium,Conflict Flagged
BLK-02775,TSK-02775,COR-043,Electrical,120,2026-09-29,P4 - Routine,Pending
BLK-02776,TSK-02776,COR-035,Operating,240,2026-09-21,P3 - Medium,Rejected
BLK-02777,TSK-02777,COR-032,Signal & Telecom,60,2026-09-09,P3 - Medium,Conflict Flagged
BLK-02778,TSK-02778,COR-030,Signal & Telecom,60,2026-09-29,P3 - Medium,Scheduled
BLK-02779,TSK-02779,COR-064,Electrical,60,2026-09-23,P3 - Medium,Scheduled
BLK-02780,TSK-02780,COR-065,Operating,240,2026-09-16,P4 - Routine,Conflict Flagged
BLK-02781,TSK-02781,COR-078,Electrical,300,2026-09-17,P3 - Medium,Pending
BLK-02782,TSK-02782,COR-033,Signal & Telecom,60,2026-09-16,P1 - Emergency,Approved
BLK-02783,TSK-02783,COR-007,Signal & Telecom,300,2026-09-26,P2 - High,Scheduled
BLK-02784,TSK-02784,COR-031,Engineering,300,2026-09-16,P2 - High,Approved
BLK-02785,TSK-02785,COR-053,Operating,300,2026-09-13,P4 - Routine,Rejected
BLK-02786,TSK-02786,COR-052,Engineering,120,2026-09-24,P3 - Medium,Approved
BLK-02787,TSK-02787,COR-068,Engineering,120,2026-09-23,P2 - High,Approved
BLK-02788,TSK-02788,COR-003,Operating,180,2026-09-11,P3 - Medium,Conflict Flagged
BLK-02789,TSK-02789,COR-040,Engineering,300,2026-09-23,P2 - High,Pending
BLK-02790,TSK-02790,COR-077,Engineering,300,2026-09-09,P1 - Emergency,Rejected
BLK-02791,TSK-02791,COR-058,Electrical,60,2026-09-24,P3 - Medium,Scheduled
BLK-02792,TSK-02792,COR-055,Operating,300,2026-09-17,P2 - High,Approved
BLK-02793,TSK-02793,COR-054,Engineering,300,2026-09-11,P2 - High,Scheduled
BLK-02794,TSK-02794,COR-096,Operating,120,2026-09-11,P4 - Routine,Conflict Flagged
BLK-02795,TSK-02795,COR-041,Engineering,120,2026-09-15,P1 - Emergency,Scheduled
BLK-02796,TSK-02796,COR-025,Electrical,360,2026-09-18,P3 - Medium,Rejected
BLK-02797,TSK-02797,COR-054,Engineering,180,2026-09-12,P2 - High,Approved
BLK-02798,TSK-02798,COR-035,Signal & Telecom,120,2026-09-29,P4 - Routine,Conflict Flagged
BLK-02799,TSK-02799,COR-093,Signal & Telecom,60,2026-09-17,P1 - Emergency,Scheduled
BLK-02800,TSK-02800,COR-037,Signal & Telecom,300,2026-09-22,P4 - Routine,Pending
BLK-02801,TSK-02801,COR-025,Electrical,120,2026-09-10,P3 - Medium,Approved
BLK-02802,TSK-02802,COR-005,Operating,360,2026-09-19,P1 - Emergency,Rejected
BLK-02803,TSK-02803,COR-071,Signal & Telecom,60,2026-09-13,P3 - Medium,Rejected
BLK-02804,TSK-02804,COR-059,Engineering,60,2026-09-15,P2 - High,Pending
BLK-02805,TSK-02805,COR-008,Engineering,300,2026-09-28,P3 - Medium,Approved
BLK-02806,TSK-02806,COR-037,Operating,360,2026-09-16,P4 - Routine,Scheduled
BLK-02807,TSK-02807,COR-095,Signal & Telecom,240,2026-09-16,P4 - Routine,Scheduled
BLK-02808,TSK-02808,COR-024,Operating,240,2026-09-27,P2 - High,Pending
BLK-02809,TSK-02809,COR-098,Engineering,60,2026-09-26,P3 - Medium,Pending
BLK-02810,TSK-02810,COR-004,Engineering,300,2026-09-28,P2 - High,Conflict Flagged
BLK-02811,TSK-02811,COR-007,Operating,240,2026-09-09,P1 - Emergency,Conflict Flagged
BLK-02812,TSK-02812,COR-063,Operating,60,2026-09-26,P1 - Emergency,Pending
BLK-02813,TSK-02813,COR-014,Engineering,360,2026-09-27,P1 - Emergency,Approved
BLK-02814,TSK-02814,COR-090,Operating,300,2026-09-18,P2 - High,Pending
BLK-02815,TSK-02815,COR-037,Operating,360,2026-09-25,P3 - Medium,Conflict Flagged
BLK-02816,TSK-02816,COR-093,Electrical,360,2026-09-18,P2 - High,Scheduled
BLK-02817,TSK-02817,COR-064,Electrical,360,2026-09-09,P2 - High,Scheduled
BLK-02818,TSK-02818,COR-050,Electrical,360,2026-09-22,P1 - Emergency,Pending
BLK-02819,TSK-02819,COR-055,Electrical,60,2026-09-15,P4 - Routine,Pending
BLK-02820,TSK-02820,COR-048,Signal & Telecom,360,2026-09-17,P1 - Emergency,Approved
BLK-02821,TSK-02821,COR-066,Signal & Telecom,120,2026-09-25,P3 - Medium,Approved
BLK-02822,TSK-02822,COR-077,Signal & Telecom,360,2026-09-17,P2 - High,Rejected
BLK-02823,TSK-02823,COR-038,Signal & Telecom,120,2026-09-13,P3 - Medium,Scheduled
BLK-02824,TSK-02824,COR-066,Operating,120,2026-09-15,P4 - Routine,Pending
BLK-02825,TSK-02825,COR-089,Operating,120,2026-09-22,P3 - Medium,Rejected
BLK-02826,TSK-02826,COR-083,Electrical,120,2026-09-26,P2 - High,Conflict Flagged
BLK-02827,TSK-02827,COR-021,Operating,60,2026-09-18,P4 - Routine,Scheduled
BLK-02828,TSK-02828,COR-024,Operating,60,2026-09-22,P3 - Medium,Scheduled
BLK-02829,TSK-02829,COR-003,Electrical,240,2026-09-09,P3 - Medium,Conflict Flagged
BLK-02830,TSK-02830,COR-039,Engineering,300,2026-09-22,P2 - High,Conflict Flagged
BLK-02831,TSK-02831,COR-014,Engineering,120,2026-09-14,P3 - Medium,Pending
BLK-02832,TSK-02832,COR-048,Signal & Telecom,300,2026-09-18,P1 - Emergency,Approved
BLK-02833,TSK-02833,COR-039,Signal & Telecom,360,2026-09-25,P2 - High,Rejected
BLK-02834,TSK-02834,COR-054,Electrical,60,2026-09-15,P4 - Routine,Approved
BLK-02835,TSK-02835,COR-085,Signal & Telecom,120,2026-09-24,P4 - Routine,Scheduled
BLK-02836,TSK-02836,COR-080,Engineering,180,2026-09-26,P2 - High,Rejected
BLK-02837,TSK-02837,COR-057,Engineering,360,2026-09-23,P3 - Medium,Conflict Flagged
BLK-02838,TSK-02838,COR-022,Signal & Telecom,360,2026-09-28,P4 - Routine,Conflict Flagged
BLK-02839,TSK-02839,COR-035,Electrical,240,2026-09-21,P4 - Routine,Scheduled
BLK-02840,TSK-02840,COR-056,Electrical,360,2026-09-26,P1 - Emergency,Scheduled
BLK-02841,TSK-02841,COR-091,Engineering,300,2026-09-29,P4 - Routine,Conflict Flagged
BLK-02842,TSK-02842,COR-074,Signal & Telecom,60,2026-09-26,P4 - Routine,Conflict Flagged
BLK-02843,TSK-02843,COR-074,Operating,240,2026-09-12,P3 - Medium,Scheduled
BLK-02844,TSK-02844,COR-058,Engineering,60,2026-09-15,P4 - Routine,Rejected
BLK-02845,TSK-02845,COR-047,Operating,240,2026-09-10,P4 - Routine,Pending
BLK-02846,TSK-02846,COR-054,Engineering,360,2026-09-19,P2 - High,Scheduled
BLK-02847,TSK-02847,COR-013,Engineering,360,2026-09-11,P3 - Medium,Conflict Flagged
BLK-02848,TSK-02848,COR-070,Signal & Telecom,300,2026-09-10,P4 - Routine,Approved
BLK-02849,TSK-02849,COR-100,Signal & Telecom,300,2026-09-13,P3 - Medium,Rejected
BLK-02850,TSK-02850,COR-058,Engineering,180,2026-09-26,P4 - Routine,Conflict Flagged
BLK-02851,TSK-02851,COR-061,Operating,360,2026-09-22,P4 - Routine,Pending
BLK-02852,TSK-02852,COR-003,Engineering,60,2026-09-14,P3 - Medium,Rejected
BLK-02853,TSK-02853,COR-018,Operating,120,2026-09-14,P4 - Routine,Rejected
BLK-02854,TSK-02854,COR-056,Operating,360,2026-09-16,P1 - Emergency,Pending
BLK-02855,TSK-02855,COR-049,Signal & Telecom,180,2026-09-13,P4 - Routine,Rejected
BLK-02856,TSK-02856,COR-084,Signal & Telecom,240,2026-09-28,P4 - Routine,Conflict Flagged
BLK-02857,TSK-02857,COR-011,Engineering,360,2026-09-11,P3 - Medium,Conflict Flagged
BLK-02858,TSK-02858,COR-001,Electrical,180,2026-09-21,P1 - Emergency,Pending
BLK-02859,TSK-02859,COR-026,Operating,60,2026-09-14,P1 - Emergency,Approved
BLK-02860,TSK-02860,COR-075,Electrical,180,2026-09-09,P1 - Emergency,Pending
BLK-02861,TSK-02861,COR-044,Electrical,60,2026-09-12,P4 - Routine,Approved
BLK-02862,TSK-02862,COR-027,Operating,240,2026-09-18,P2 - High,Scheduled
BLK-02863,TSK-02863,COR-052,Signal & Telecom,180,2026-09-18,P4 - Routine,Approved
BLK-02864,TSK-02864,COR-031,Signal & Telecom,240,2026-09-21,P2 - High,Scheduled
BLK-02865,TSK-02865,COR-018,Engineering,240,2026-09-21,P3 - Medium,Rejected
BLK-02866,TSK-02866,COR-016,Signal & Telecom,60,2026-09-10,P1 - Emergency,Rejected
BLK-02867,TSK-02867,COR-014,Signal & Telecom,180,2026-09-14,P1 - Emergency,Pending
BLK-02868,TSK-02868,COR-004,Engineering,120,2026-09-13,P4 - Routine,Pending
BLK-02869,TSK-02869,COR-006,Engineering,360,2026-09-20,P4 - Routine,Scheduled
BLK-02870,TSK-02870,COR-055,Electrical,180,2026-09-23,P4 - Routine,Scheduled
BLK-02871,TSK-02871,COR-027,Engineering,60,2026-09-21,P2 - High,Approved
BLK-02872,TSK-02872,COR-014,Signal & Telecom,300,2026-09-20,P3 - Medium,Rejected
BLK-02873,TSK-02873,COR-016,Signal & Telecom,60,2026-09-15,P2 - High,Approved
BLK-02874,TSK-02874,COR-055,Electrical,180,2026-09-19,P4 - Routine,Rejected
BLK-02875,TSK-02875,COR-063,Operating,60,2026-09-29,P2 - High,Approved
BLK-02876,TSK-02876,COR-069,Engineering,300,2026-09-26,P1 - Emergency,Rejected
BLK-02877,TSK-02877,COR-036,Engineering,120,2026-09-18,P3 - Medium,Conflict Flagged
BLK-02878,TSK-02878,COR-015,Electrical,240,2026-09-17,P4 - Routine,Scheduled
BLK-02879,TSK-02879,COR-063,Electrical,180,2026-09-23,P3 - Medium,Conflict Flagged
BLK-02880,TSK-02880,COR-005,Signal & Telecom,180,2026-09-29,P1 - Emergency,Pending
BLK-02881,TSK-02881,COR-004,Electrical,240,2026-09-14,P2 - High,Conflict Flagged
BLK-02882,TSK-02882,COR-059,Signal & Telecom,60,2026-09-15,P3 - Medium,Scheduled
BLK-02883,TSK-02883,COR-037,Electrical,180,2026-09-20,P1 - Emergency,Pending
BLK-02884,TSK-02884,COR-014,Signal & Telecom,120,2026-09-29,P2 - High,Conflict Flagged
BLK-02885,TSK-02885,COR-023,Engineering,120,2026-09-11,P1 - Emergency,Pending
BLK-02886,TSK-02886,COR-062,Operating,360,2026-09-18,P1 - Emergency,Approved
BLK-02887,TSK-02887,COR-061,Operating,180,2026-09-18,P2 - High,Conflict Flagged
BLK-02888,TSK-02888,COR-089,Engineering,120,2026-09-13,P4 - Routine,Pending
BLK-02889,TSK-02889,COR-077,Electrical,240,2026-09-21,P3 - Medium,Rejected
BLK-02890,TSK-02890,COR-034,Signal & Telecom,300,2026-09-14,P4 - Routine,Pending
BLK-02891,TSK-02891,COR-099,Operating,60,2026-09-09,P1 - Emergency,Pending
BLK-02892,TSK-02892,COR-060,Signal & Telecom,360,2026-09-15,P3 - Medium,Approved
BLK-02893,TSK-02893,COR-046,Signal & Telecom,180,2026-09-12,P3 - Medium,Approved
BLK-02894,TSK-02894,COR-027,Signal & Telecom,240,2026-09-24,P1 - Emergency,Rejected
BLK-02895,TSK-02895,COR-002,Operating,120,2026-09-26,P3 - Medium,Approved
BLK-02896,TSK-02896,COR-034,Electrical,60,2026-09-27,P1 - Emergency,Conflict Flagged
BLK-02897,TSK-02897,COR-041,Signal & Telecom,120,2026-09-21,P1 - Emergency,Approved
BLK-02898,TSK-02898,COR-090,Operating,360,2026-09-23,P1 - Emergency,Conflict Flagged
BLK-02899,TSK-02899,COR-008,Electrical,60,2026-09-11,P2 - High,Rejected
BLK-02900,TSK-02900,COR-072,Electrical,300,2026-09-13,P4 - Routine,Pending
BLK-02901,TSK-02901,COR-004,Electrical,240,2026-09-26,P2 - High,Scheduled
BLK-02902,TSK-02902,COR-038,Electrical,120,2026-09-13,P2 - High,Rejected
BLK-02903,TSK-02903,COR-034,Operating,120,2026-09-24,P1 - Emergency,Pending
BLK-02904,TSK-02904,COR-039,Operating,300,2026-09-12,P1 - Emergency,Pending
BLK-02905,TSK-02905,COR-084,Electrical,360,2026-09-10,P4 - Routine,Approved
BLK-02906,TSK-02906,COR-094,Electrical,60,2026-09-25,P4 - Routine,Pending
BLK-02907,TSK-02907,COR-073,Operating,60,2026-09-17,P3 - Medium,Conflict Flagged
BLK-02908,TSK-02908,COR-028,Engineering,360,2026-09-20,P2 - High,Approved
BLK-02909,TSK-02909,COR-020,Electrical,120,2026-09-11,P2 - High,Rejected
BLK-02910,TSK-02910,COR-093,Operating,180,2026-09-27,P3 - Medium,Approved
BLK-02911,TSK-02911,COR-058,Signal & Telecom,360,2026-09-16,P4 - Routine,Conflict Flagged
BLK-02912,TSK-02912,COR-019,Signal & Telecom,360,2026-09-16,P1 - Emergency,Rejected
BLK-02913,TSK-02913,COR-060,Engineering,360,2026-09-26,P4 - Routine,Pending
BLK-02914,TSK-02914,COR-011,Engineering,300,2026-09-16,P4 - Routine,Approved
BLK-02915,TSK-02915,COR-062,Engineering,60,2026-09-10,P1 - Emergency,Conflict Flagged
BLK-02916,TSK-02916,COR-024,Electrical,180,2026-09-09,P2 - High,Conflict Flagged
BLK-02917,TSK-02917,COR-099,Operating,240,2026-09-09,P2 - High,Scheduled
BLK-02918,TSK-02918,COR-033,Engineering,360,2026-09-09,P1 - Emergency,Scheduled
BLK-02919,TSK-02919,COR-061,Electrical,240,2026-09-21,P3 - Medium,Rejected
BLK-02920,TSK-02920,COR-007,Electrical,60,2026-09-13,P1 - Emergency,Approved
BLK-02921,TSK-02921,COR-095,Engineering,240,2026-09-11,P3 - Medium,Scheduled
BLK-02922,TSK-02922,COR-070,Operating,360,2026-09-14,P1 - Emergency,Conflict Flagged
BLK-02923,TSK-02923,COR-067,Engineering,240,2026-09-21,P1 - Emergency,Approved
BLK-02924,TSK-02924,COR-010,Signal & Telecom,300,2026-09-28,P3 - Medium,Conflict Flagged
BLK-02925,TSK-02925,COR-022,Signal & Telecom,120,2026-09-15,P3 - Medium,Rejected
BLK-02926,TSK-02926,COR-002,Electrical,240,2026-09-22,P3 - Medium,Pending
BLK-02927,TSK-02927,COR-084,Operating,300,2026-09-28,P4 - Routine,Rejected
BLK-02928,TSK-02928,COR-043,Electrical,60,2026-09-11,P2 - High,Rejected
BLK-02929,TSK-02929,COR-023,Operating,180,2026-09-17,P2 - High,Rejected
BLK-02930,TSK-02930,COR-006,Electrical,240,2026-09-17,P4 - Routine,Rejected
BLK-02931,TSK-02931,COR-014,Electrical,120,2026-09-18,P3 - Medium,Scheduled
BLK-02932,TSK-02932,COR-058,Electrical,180,2026-09-22,P3 - Medium,Rejected
BLK-02933,TSK-02933,COR-065,Engineering,240,2026-09-12,P1 - Emergency,Rejected
BLK-02934,TSK-02934,COR-036,Signal & Telecom,360,2026-09-09,P1 - Emergency,Conflict Flagged
BLK-02935,TSK-02935,COR-070,Operating,120,2026-09-09,P1 - Emergency,Scheduled
BLK-02936,TSK-02936,COR-051,Electrical,360,2026-09-26,P4 - Routine,Conflict Flagged
BLK-02937,TSK-02937,COR-044,Signal & Telecom,240,2026-09-24,P2 - High,Rejected
BLK-02938,TSK-02938,COR-059,Electrical,60,2026-09-14,P1 - Emergency,Approved
BLK-02939,TSK-02939,COR-049,Operating,300,2026-09-11,P1 - Emergency,Scheduled
BLK-02940,TSK-02940,COR-035,Signal & Telecom,360,2026-09-17,P4 - Routine,Rejected
BLK-02941,TSK-02941,COR-079,Electrical,60,2026-09-29,P4 - Routine,Scheduled
BLK-02942,TSK-02942,COR-064,Engineering,300,2026-09-22,P1 - Emergency,Approved
BLK-02943,TSK-02943,COR-040,Operating,60,2026-09-19,P3 - Medium,Rejected
BLK-02944,TSK-02944,COR-046,Engineering,300,2026-09-27,P3 - Medium,Scheduled
BLK-02945,TSK-02945,COR-068,Engineering,60,2026-09-19,P4 - Routine,Conflict Flagged
BLK-02946,TSK-02946,COR-014,Electrical,60,2026-09-18,P2 - High,Pending
BLK-02947,TSK-02947,COR-018,Signal & Telecom,240,2026-09-19,P3 - Medium,Conflict Flagged
BLK-02948,TSK-02948,COR-090,Operating,60,2026-09-15,P3 - Medium,Rejected
BLK-02949,TSK-02949,COR-062,Operating,300,2026-09-10,P3 - Medium,Scheduled
BLK-02950,TSK-02950,COR-071,Operating,60,2026-09-19,P4 - Routine,Approved
BLK-02951,TSK-02951,COR-048,Operating,300,2026-09-28,P2 - High,Rejected
BLK-02952,TSK-02952,COR-065,Engineering,360,2026-09-29,P2 - High,Conflict Flagged
BLK-02953,TSK-02953,COR-008,Electrical,360,2026-09-25,P1 - Emergency,Approved
BLK-02954,TSK-02954,COR-022,Signal & Telecom,180,2026-09-20,P4 - Routine,Approved
BLK-02955,TSK-02955,COR-088,Operating,300,2026-09-29,P3 - Medium,Approved
BLK-02956,TSK-02956,COR-033,Engineering,240,2026-09-15,P4 - Routine,Scheduled
BLK-02957,TSK-02957,COR-066,Engineering,360,2026-09-15,P3 - Medium,Pending
BLK-02958,TSK-02958,COR-090,Signal & Telecom,300,2026-09-16,P4 - Routine,Scheduled
BLK-02959,TSK-02959,COR-091,Operating,120,2026-09-13,P3 - Medium,Pending
BLK-02960,TSK-02960,COR-051,Electrical,240,2026-09-10,P3 - Medium,Rejected
BLK-02961,TSK-02961,COR-009,Electrical,360,2026-09-10,P1 - Emergency,Scheduled
BLK-02962,TSK-02962,COR-017,Operating,240,2026-09-21,P2 - High,Conflict Flagged
BLK-02963,TSK-02963,COR-056,Signal & Telecom,240,2026-09-29,P3 - Medium,Rejected
BLK-02964,TSK-02964,COR-001,Engineering,180,2026-09-11,P3 - Medium,Approved
BLK-02965,TSK-02965,COR-021,Operating,180,2026-09-12,P4 - Routine,Conflict Flagged
BLK-02966,TSK-02966,COR-093,Electrical,360,2026-09-23,P1 - Emergency,Conflict Flagged
BLK-02967,TSK-02967,COR-005,Electrical,240,2026-09-26,P2 - High,Approved
BLK-02968,TSK-02968,COR-083,Engineering,180,2026-09-22,P3 - Medium,Conflict Flagged
BLK-02969,TSK-02969,COR-037,Signal & Telecom,300,2026-09-21,P1 - Emergency,Scheduled
BLK-02970,TSK-02970,COR-075,Engineering,240,2026-09-17,P3 - Medium,Approved
BLK-02971,TSK-02971,COR-004,Engineering,60,2026-09-29,P4 - Routine,Rejected
BLK-02972,TSK-02972,COR-061,Operating,120,2026-09-18,P3 - Medium,Rejected
BLK-02973,TSK-02973,COR-061,Electrical,120,2026-09-09,P4 - Routine,Approved
BLK-02974,TSK-02974,COR-014,Operating,60,2026-09-15,P3 - Medium,Scheduled
BLK-02975,TSK-02975,COR-009,Signal & Telecom,180,2026-09-24,P2 - High,Approved
BLK-02976,TSK-02976,COR-080,Operating,60,2026-09-29,P1 - Emergency,Approved
BLK-02977,TSK-02977,COR-091,Signal & Telecom,180,2026-09-22,P1 - Emergency,Rejected
BLK-02978,TSK-02978,COR-057,Signal & Telecom,360,2026-09-24,P3 - Medium,Rejected
BLK-02979,TSK-02979,COR-087,Operating,360,2026-09-22,P4 - Routine,Scheduled
BLK-02980,TSK-02980,COR-025,Electrical,120,2026-09-22,P1 - Emergency,Approved
BLK-02981,TSK-02981,COR-019,Electrical,180,2026-09-24,P2 - High,Rejected
BLK-02982,TSK-02982,COR-021,Electrical,180,2026-09-17,P4 - Routine,Scheduled
BLK-02983,TSK-02983,COR-070,Signal & Telecom,360,2026-09-25,P1 - Emergency,Pending
BLK-02984,TSK-02984,COR-058,Operating,180,2026-09-27,P4 - Routine,Rejected
BLK-02985,TSK-02985,COR-038,Signal & Telecom,240,2026-09-15,P2 - High,Pending
BLK-02986,TSK-02986,COR-043,Engineering,60,2026-09-28,P2 - High,Rejected
BLK-02987,TSK-02987,COR-094,Engineering,240,2026-09-13,P4 - Routine,Scheduled
BLK-02988,TSK-02988,COR-082,Engineering,60,2026-09-29,P1 - Emergency,Conflict Flagged
BLK-02989,TSK-02989,COR-082,Electrical,60,2026-09-15,P1 - Emergency,Rejected
BLK-02990,TSK-02990,COR-076,Operating,300,2026-09-27,P1 - Emergency,Pending
BLK-02991,TSK-02991,COR-037,Engineering,60,2026-09-14,P1 - Emergency,Rejected
BLK-02992,TSK-02992,COR-023,Signal & Telecom,240,2026-09-18,P4 - Routine,Approved
BLK-02993,TSK-02993,COR-078,Signal & Telecom,60,2026-09-17,P1 - Emergency,Conflict Flagged
BLK-02994,TSK-02994,COR-026,Electrical,240,2026-09-14,P3 - Medium,Pending
BLK-02995,TSK-02995,COR-057,Engineering,180,2026-09-28,P1 - Emergency,Scheduled
BLK-02996,TSK-02996,COR-088,Engineering,60,2026-09-13,P4 - Routine,Rejected
BLK-02997,TSK-02997,COR-075,Electrical,360,2026-09-24,P1 - Emergency,Pending
BLK-02998,TSK-02998,COR-042,Signal & Telecom,120,2026-09-23,P1 - Emergency,Rejected
BLK-02999,TSK-02999,COR-008,Operating,120,2026-09-13,P4 - Routine,Pending
BLK-03000,TSK-03000,COR-014,Operating,120,2026-09-15,P1 - Emergency,Scheduled
BLK-03001,TSK-03001,COR-065,Signal & Telecom,60,2026-09-18,P2 - High,Rejected
BLK-03002,TSK-03002,COR-097,Engineering,60,2026-09-20,P1 - Emergency,Rejected
BLK-03003,TSK-03003,COR-086,Signal & Telecom,360,2026-09-14,P4 - Routine,Scheduled
BLK-03004,TSK-03004,COR-051,Engineering,240,2026-09-29,P1 - Emergency,Scheduled
BLK-03005,TSK-03005,COR-012,Engineering,120,2026-09-17,P3 - Medium,Approved
BLK-03006,TSK-03006,COR-001,Engineering,120,2026-09-20,P1 - Emergency,Rejected
BLK-03007,TSK-03007,COR-099,Electrical,360,2026-09-09,P3 - Medium,Approved
BLK-03008,TSK-03008,COR-024,Operating,180,2026-09-22,P3 - Medium,Conflict Flagged
BLK-03009,TSK-03009,COR-074,Operating,120,2026-09-19,P1 - Emergency,Approved
BLK-03010,TSK-03010,COR-040,Electrical,240,2026-09-24,P1 - Emergency,Pending
BLK-03011,TSK-03011,COR-039,Operating,300,2026-09-10,P1 - Emergency,Pending
BLK-03012,TSK-03012,COR-033,Engineering,120,2026-09-26,P2 - High,Pending
BLK-03013,TSK-03013,COR-022,Signal & Telecom,60,2026-09-13,P1 - Emergency,Rejected
BLK-03014,TSK-03014,COR-088,Signal & Telecom,300,2026-09-24,P2 - High,Rejected
BLK-03015,TSK-03015,COR-013,Engineering,360,2026-09-28,P1 - Emergency,Pending
BLK-03016,TSK-03016,COR-096,Engineering,300,2026-09-10,P4 - Routine,Pending
BLK-03017,TSK-03017,COR-023,Engineering,240,2026-09-18,P2 - High,Rejected
BLK-03018,TSK-03018,COR-006,Signal & Telecom,120,2026-09-11,P4 - Routine,Conflict Flagged
BLK-03019,TSK-03019,COR-026,Electrical,300,2026-09-12,P1 - Emergency,Rejected
BLK-03020,TSK-03020,COR-021,Electrical,180,2026-09-24,P1 - Emergency,Scheduled
BLK-03021,TSK-03021,COR-094,Engineering,240,2026-09-11,P1 - Emergency,Pending
BLK-03022,TSK-03022,COR-042,Signal & Telecom,240,2026-09-23,P3 - Medium,Approved
BLK-03023,TSK-03023,COR-073,Signal & Telecom,180,2026-09-11,P1 - Emergency,Conflict Flagged
BLK-03024,TSK-03024,COR-004,Electrical,180,2026-09-29,P4 - Routine,Approved
BLK-03025,TSK-03025,COR-041,Operating,120,2026-09-20,P3 - Medium,Rejected
BLK-03026,TSK-03026,COR-073,Operating,360,2026-09-14,P1 - Emergency,Rejected
BLK-03027,TSK-03027,COR-040,Engineering,300,2026-09-22,P3 - Medium,Approved
BLK-03028,TSK-03028,COR-090,Electrical,300,2026-09-24,P2 - High,Scheduled
BLK-03029,TSK-03029,COR-095,Operating,120,2026-09-29,P2 - High,Pending
BLK-03030,TSK-03030,COR-098,Operating,300,2026-09-13,P2 - High,Approved
BLK-03031,TSK-03031,COR-065,Operating,360,2026-09-13,P4 - Routine,Conflict Flagged
BLK-03032,TSK-03032,COR-068,Electrical,120,2026-09-24,P4 - Routine,Rejected
BLK-03033,TSK-03033,COR-081,Signal & Telecom,60,2026-09-26,P4 - Routine,Conflict Flagged
BLK-03034,TSK-03034,COR-026,Operating,360,2026-09-13,P2 - High,Conflict Flagged
BLK-03035,TSK-03035,COR-093,Electrical,120,2026-09-18,P3 - Medium,Scheduled
BLK-03036,TSK-03036,COR-022,Operating,360,2026-09-20,P4 - Routine,Conflict Flagged
BLK-03037,TSK-03037,COR-008,Signal & Telecom,60,2026-09-14,P1 - Emergency,Conflict Flagged
BLK-03038,TSK-03038,COR-089,Operating,60,2026-09-16,P4 - Routine,Approved
BLK-03039,TSK-03039,COR-028,Signal & Telecom,360,2026-09-11,P2 - High,Scheduled
BLK-03040,TSK-03040,COR-019,Electrical,240,2026-09-24,P3 - Medium,Conflict Flagged
BLK-03041,TSK-03041,COR-098,Signal & Telecom,360,2026-09-15,P4 - Routine,Scheduled
BLK-03042,TSK-03042,COR-021,Engineering,120,2026-09-20,P3 - Medium,Pending
BLK-03043,TSK-03043,COR-023,Operating,240,2026-09-13,P3 - Medium,Approved
BLK-03044,TSK-03044,COR-001,Signal & Telecom,360,2026-09-23,P1 - Emergency,Approved
BLK-03045,TSK-03045,COR-007,Signal & Telecom,180,2026-09-20,P1 - Emergency,Rejected
BLK-03046,TSK-03046,COR-052,Electrical,240,2026-09-26,P2 - High,Approved
BLK-03047,TSK-03047,COR-081,Electrical,60,2026-09-27,P1 - Emergency,Scheduled
BLK-03048,TSK-03048,COR-078,Electrical,360,2026-09-10,P2 - High,Rejected
BLK-03049,TSK-03049,COR-057,Electrical,180,2026-09-27,P2 - High,Scheduled
BLK-03050,TSK-03050,COR-001,Engineering,240,2026-09-16,P3 - Medium,Rejected
BLK-03051,TSK-03051,COR-071,Engineering,300,2026-09-09,P1 - Emergency,Scheduled
BLK-03052,TSK-03052,COR-080,Operating,180,2026-09-27,P3 - Medium,Rejected
BLK-03053,TSK-03053,COR-036,Engineering,300,2026-09-26,P4 - Routine,Pending
BLK-03054,TSK-03054,COR-092,Engineering,300,2026-09-18,P4 - Routine,Scheduled
BLK-03055,TSK-03055,COR-090,Operating,120,2026-09-13,P1 - Emergency,Scheduled
BLK-03056,TSK-03056,COR-062,Operating,180,2026-09-17,P2 - High,Pending
BLK-03057,TSK-03057,COR-093,Electrical,120,2026-09-16,P2 - High,Rejected
BLK-03058,TSK-03058,COR-044,Signal & Telecom,120,2026-09-14,P2 - High,Conflict Flagged
BLK-03059,TSK-03059,COR-028,Operating,240,2026-09-10,P1 - Emergency,Scheduled
BLK-03060,TSK-03060,COR-065,Engineering,180,2026-09-17,P1 - Emergency,Pending
BLK-03061,TSK-03061,COR-075,Electrical,240,2026-09-16,P4 - Routine,Pending
BLK-03062,TSK-03062,COR-061,Signal & Telecom,300,2026-09-16,P3 - Medium,Conflict Flagged
BLK-03063,TSK-03063,COR-063,Signal & Telecom,240,2026-09-18,P4 - Routine,Pending
BLK-03064,TSK-03064,COR-054,Electrical,60,2026-09-10,P4 - Routine,Rejected
BLK-03065,TSK-03065,COR-073,Electrical,60,2026-09-21,P4 - Routine,Conflict Flagged
BLK-03066,TSK-03066,COR-008,Signal & Telecom,180,2026-09-25,P3 - Medium,Rejected
BLK-03067,TSK-03067,COR-017,Engineering,60,2026-09-23,P4 - Routine,Rejected
BLK-03068,TSK-03068,COR-091,Operating,360,2026-09-21,P4 - Routine,Pending
BLK-03069,TSK-03069,COR-066,Engineering,120,2026-09-15,P1 - Emergency,Pending
BLK-03070,TSK-03070,COR-025,Operating,300,2026-09-19,P1 - Emergency,Approved
BLK-03071,TSK-03071,COR-092,Engineering,120,2026-09-10,P1 - Emergency,Scheduled
BLK-03072,TSK-03072,COR-038,Electrical,360,2026-09-09,P4 - Routine,Scheduled
BLK-03073,TSK-03073,COR-029,Engineering,240,2026-09-18,P3 - Medium,Rejected
BLK-03074,TSK-03074,COR-064,Operating,240,2026-09-19,P2 - High,Approved
BLK-03075,TSK-03075,COR-043,Electrical,360,2026-09-26,P3 - Medium,Pending
BLK-03076,TSK-03076,COR-018,Engineering,300,2026-09-18,P3 - Medium,Conflict Flagged
BLK-03077,TSK-03077,COR-084,Signal & Telecom,180,2026-09-13,P4 - Routine,Scheduled
BLK-03078,TSK-03078,COR-060,Engineering,180,2026-09-22,P1 - Emergency,Conflict Flagged
BLK-03079,TSK-03079,COR-081,Electrical,360,2026-09-14,P1 - Emergency,Conflict Flagged
BLK-03080,TSK-03080,COR-095,Signal & Telecom,300,2026-09-17,P4 - Routine,Pending
BLK-03081,TSK-03081,COR-056,Engineering,300,2026-09-28,P4 - Routine,Pending
BLK-03082,TSK-03082,COR-060,Operating,240,2026-09-29,P4 - Routine,Scheduled
BLK-03083,TSK-03083,COR-050,Engineering,60,2026-09-17,P1 - Emergency,Pending
BLK-03084,TSK-03084,COR-033,Operating,120,2026-09-12,P3 - Medium,Approved
BLK-03085,TSK-03085,COR-069,Operating,300,2026-09-22,P1 - Emergency,Conflict Flagged
BLK-03086,TSK-03086,COR-049,Electrical,60,2026-09-28,P2 - High,Scheduled
BLK-03087,TSK-03087,COR-008,Engineering,120,2026-09-19,P3 - Medium,Pending
BLK-03088,TSK-03088,COR-014,Signal & Telecom,360,2026-09-10,P4 - Routine,Conflict Flagged
BLK-03089,TSK-03089,COR-023,Electrical,120,2026-09-23,P3 - Medium,Rejected
BLK-03090,TSK-03090,COR-012,Electrical,300,2026-09-09,P1 - Emergency,Conflict Flagged
BLK-03091,TSK-03091,COR-054,Electrical,300,2026-09-11,P2 - High,Pending
BLK-03092,TSK-03092,COR-033,Operating,60,2026-09-26,P3 - Medium,Pending
BLK-03093,TSK-03093,COR-054,Electrical,240,2026-09-21,P4 - Routine,Pending
BLK-03094,TSK-03094,COR-019,Engineering,240,2026-09-11,P4 - Routine,Rejected
BLK-03095,TSK-03095,COR-068,Electrical,120,2026-09-19,P1 - Emergency,Rejected
BLK-03096,TSK-03096,COR-045,Engineering,300,2026-09-20,P1 - Emergency,Pending
BLK-03097,TSK-03097,COR-033,Operating,60,2026-09-23,P1 - Emergency,Rejected
BLK-03098,TSK-03098,COR-027,Operating,300,2026-09-22,P4 - Routine,Approved
BLK-03099,TSK-03099,COR-029,Electrical,360,2026-09-19,P1 - Emergency,Conflict Flagged
BLK-03100,TSK-03100,COR-063,Electrical,180,2026-09-28,P1 - Emergency,Approved
BLK-03101,TSK-03101,COR-096,Signal & Telecom,180,2026-09-25,P4 - Routine,Conflict Flagged
BLK-03102,TSK-03102,COR-088,Signal & Telecom,180,2026-09-19,P1 - Emergency,Rejected
BLK-03103,TSK-03103,COR-065,Electrical,60,2026-09-19,P1 - Emergency,Rejected
BLK-03104,TSK-03104,COR-065,Signal & Telecom,360,2026-09-10,P3 - Medium,Rejected
BLK-03105,TSK-03105,COR-084,Operating,240,2026-09-11,P4 - Routine,Scheduled
BLK-03106,TSK-03106,COR-002,Electrical,300,2026-09-15,P4 - Routine,Rejected
BLK-03107,TSK-03107,COR-028,Electrical,240,2026-09-24,P1 - Emergency,Scheduled
BLK-03108,TSK-03108,COR-013,Operating,240,2026-09-12,P2 - High,Scheduled
BLK-03109,TSK-03109,COR-043,Operating,300,2026-09-15,P4 - Routine,Conflict Flagged
BLK-03110,TSK-03110,COR-001,Signal & Telecom,300,2026-09-13,P1 - Emergency,Approved
BLK-03111,TSK-03111,COR-052,Signal & Telecom,60,2026-09-13,P3 - Medium,Pending
BLK-03112,TSK-03112,COR-073,Engineering,60,2026-09-16,P1 - Emergency,Scheduled
BLK-03113,TSK-03113,COR-086,Signal & Telecom,360,2026-09-21,P1 - Emergency,Conflict Flagged
BLK-03114,TSK-03114,COR-081,Electrical,360,2026-09-13,P4 - Routine,Scheduled
BLK-03115,TSK-03115,COR-019,Signal & Telecom,180,2026-09-11,P3 - Medium,Conflict Flagged
BLK-03116,TSK-03116,COR-020,Engineering,180,2026-09-18,P2 - High,Rejected
BLK-03117,TSK-03117,COR-057,Engineering,300,2026-09-21,P1 - Emergency,Conflict Flagged
BLK-03118,TSK-03118,COR-098,Engineering,120,2026-09-18,P1 - Emergency,Approved
BLK-03119,TSK-03119,COR-038,Signal & Telecom,120,2026-09-14,P4 - Routine,Approved
BLK-03120,TSK-03120,COR-052,Electrical,120,2026-09-22,P3 - Medium,Rejected
BLK-03121,TSK-03121,COR-026,Operating,60,2026-09-10,P4 - Routine,Approved
BLK-03122,TSK-03122,COR-092,Signal & Telecom,300,2026-09-17,P2 - High,Approved
BLK-03123,TSK-03123,COR-018,Engineering,120,2026-09-13,P4 - Routine,Scheduled
BLK-03124,TSK-03124,COR-067,Electrical,120,2026-09-26,P2 - High,Rejected
BLK-03125,TSK-03125,COR-010,Engineering,300,2026-09-22,P4 - Routine,Approved
BLK-03126,TSK-03126,COR-037,Operating,240,2026-09-19,P3 - Medium,Scheduled
BLK-03127,TSK-03127,COR-074,Engineering,360,2026-09-13,P4 - Routine,Rejected
BLK-03128,TSK-03128,COR-017,Electrical,240,2026-09-16,P3 - Medium,Conflict Flagged
BLK-03129,TSK-03129,COR-026,Engineering,60,2026-09-12,P4 - Routine,Scheduled
BLK-03130,TSK-03130,COR-094,Engineering,60,2026-09-29,P1 - Emergency,Rejected
BLK-03131,TSK-03131,COR-022,Operating,60,2026-09-18,P3 - Medium,Rejected
BLK-03132,TSK-03132,COR-069,Signal & Telecom,300,2026-09-28,P1 - Emergency,Pending
BLK-03133,TSK-03133,COR-091,Operating,60,2026-09-21,P4 - Routine,Pending
BLK-03134,TSK-03134,COR-016,Electrical,180,2026-09-12,P3 - Medium,Pending
BLK-03135,TSK-03135,COR-064,Operating,240,2026-09-11,P1 - Emergency,Conflict Flagged
BLK-03136,TSK-03136,COR-057,Electrical,60,2026-09-09,P3 - Medium,Rejected
BLK-03137,TSK-03137,COR-063,Operating,180,2026-09-17,P2 - High,Rejected
BLK-03138,TSK-03138,COR-025,Engineering,60,2026-09-12,P1 - Emergency,Approved
BLK-03139,TSK-03139,COR-046,Operating,240,2026-09-26,P1 - Emergency,Approved
BLK-03140,TSK-03140,COR-067,Engineering,240,2026-09-25,P3 - Medium,Conflict Flagged
BLK-03141,TSK-03141,COR-041,Engineering,180,2026-09-25,P4 - Routine,Rejected
BLK-03142,TSK-03142,COR-065,Signal & Telecom,180,2026-09-18,P3 - Medium,Rejected
BLK-03143,TSK-03143,COR-032,Engineering,180,2026-09-17,P4 - Routine,Pending
BLK-03144,TSK-03144,COR-039,Signal & Telecom,300,2026-09-11,P1 - Emergency,Scheduled
BLK-03145,TSK-03145,COR-068,Operating,240,2026-09-26,P2 - High,Approved
BLK-03146,TSK-03146,COR-012,Operating,180,2026-09-24,P2 - High,Pending
BLK-03147,TSK-03147,COR-093,Operating,360,2026-09-14,P4 - Routine,Approved
BLK-03148,TSK-03148,COR-053,Signal & Telecom,60,2026-09-29,P3 - Medium,Approved
BLK-03149,TSK-03149,COR-090,Signal & Telecom,360,2026-09-21,P2 - High,Pending
BLK-03150,TSK-03150,COR-065,Engineering,240,2026-09-10,P2 - High,Scheduled
BLK-03151,TSK-03151,COR-099,Electrical,120,2026-09-23,P3 - Medium,Conflict Flagged
BLK-03152,TSK-03152,COR-042,Signal & Telecom,300,2026-09-11,P2 - High,Scheduled
BLK-03153,TSK-03153,COR-012,Signal & Telecom,300,2026-09-17,P1 - Emergency,Pending
BLK-03154,TSK-03154,COR-081,Electrical,120,2026-09-10,P3 - Medium,Approved
BLK-03155,TSK-03155,COR-023,Operating,240,2026-09-10,P3 - Medium,Pending
BLK-03156,TSK-03156,COR-003,Signal & Telecom,60,2026-09-26,P2 - High,Rejected
BLK-03157,TSK-03157,COR-040,Operating,300,2026-09-09,P3 - Medium,Approved
BLK-03158,TSK-03158,COR-033,Signal & Telecom,60,2026-09-25,P1 - Emergency,Conflict Flagged
BLK-03159,TSK-03159,COR-023,Operating,300,2026-09-19,P3 - Medium,Pending
BLK-03160,TSK-03160,COR-079,Operating,360,2026-09-25,P3 - Medium,Pending
BLK-03161,TSK-03161,COR-011,Operating,300,2026-09-14,P1 - Emergency,Pending
BLK-03162,TSK-03162,COR-076,Operating,60,2026-09-13,P3 - Medium,Rejected
BLK-03163,TSK-03163,COR-036,Electrical,180,2026-09-20,P3 - Medium,Scheduled
BLK-03164,TSK-03164,COR-045,Operating,240,2026-09-29,P1 - Emergency,Approved
BLK-03165,TSK-03165,COR-009,Engineering,240,2026-09-26,P3 - Medium,Approved
BLK-03166,TSK-03166,COR-055,Engineering,120,2026-09-19,P3 - Medium,Conflict Flagged
BLK-03167,TSK-03167,COR-059,Electrical,120,2026-09-23,P4 - Routine,Pending
BLK-03168,TSK-03168,COR-021,Signal & Telecom,240,2026-09-22,P1 - Emergency,Approved
BLK-03169,TSK-03169,COR-015,Signal & Telecom,120,2026-09-14,P2 - High,Approved
BLK-03170,TSK-03170,COR-042,Engineering,360,2026-09-27,P2 - High,Rejected
BLK-03171,TSK-03171,COR-089,Signal & Telecom,180,2026-09-10,P4 - Routine,Conflict Flagged
BLK-03172,TSK-03172,COR-038,Electrical,180,2026-09-16,P1 - Emergency,Rejected
BLK-03173,TSK-03173,COR-094,Signal & Telecom,300,2026-09-27,P1 - Emergency,Scheduled
BLK-03174,TSK-03174,COR-084,Operating,60,2026-09-22,P1 - Emergency,Approved
BLK-03175,TSK-03175,COR-043,Engineering,360,2026-09-21,P3 - Medium,Scheduled
BLK-03176,TSK-03176,COR-062,Engineering,60,2026-09-26,P4 - Routine,Scheduled
BLK-03177,TSK-03177,COR-004,Engineering,120,2026-09-09,P4 - Routine,Conflict Flagged
BLK-03178,TSK-03178,COR-038,Operating,60,2026-09-17,P2 - High,Pending
BLK-03179,TSK-03179,COR-061,Electrical,300,2026-09-17,P1 - Emergency,Rejected
BLK-03180,TSK-03180,COR-017,Electrical,60,2026-09-20,P1 - Emergency,Conflict Flagged
BLK-03181,TSK-03181,COR-003,Operating,240,2026-09-20,P4 - Routine,Approved
BLK-03182,TSK-03182,COR-028,Engineering,180,2026-09-14,P2 - High,Conflict Flagged
BLK-03183,TSK-03183,COR-044,Signal & Telecom,360,2026-09-10,P2 - High,Conflict Flagged
BLK-03184,TSK-03184,COR-077,Signal & Telecom,60,2026-09-20,P4 - Routine,Approved
BLK-03185,TSK-03185,COR-091,Electrical,360,2026-09-20,P2 - High,Scheduled
BLK-03186,TSK-03186,COR-087,Signal & Telecom,60,2026-09-24,P1 - Emergency,Pending
BLK-03187,TSK-03187,COR-047,Electrical,240,2026-09-29,P2 - High,Scheduled
BLK-03188,TSK-03188,COR-099,Signal & Telecom,180,2026-09-13,P1 - Emergency,Rejected
BLK-03189,TSK-03189,COR-038,Engineering,300,2026-09-22,P3 - Medium,Pending
BLK-03190,TSK-03190,COR-085,Operating,240,2026-09-23,P2 - High,Conflict Flagged
BLK-03191,TSK-03191,COR-032,Operating,360,2026-09-11,P3 - Medium,Rejected
BLK-03192,TSK-03192,COR-050,Signal & Telecom,180,2026-09-14,P2 - High,Rejected
BLK-03193,TSK-03193,COR-084,Electrical,120,2026-09-25,P3 - Medium,Approved
BLK-03194,TSK-03194,COR-087,Electrical,180,2026-09-19,P3 - Medium,Conflict Flagged
BLK-03195,TSK-03195,COR-027,Operating,300,2026-09-28,P3 - Medium,Rejected
BLK-03196,TSK-03196,COR-071,Electrical,240,2026-09-19,P2 - High,Conflict Flagged
BLK-03197,TSK-03197,COR-053,Electrical,300,2026-09-18,P4 - Routine,Scheduled
BLK-03198,TSK-03198,COR-023,Signal & Telecom,120,2026-09-29,P4 - Routine,Scheduled
BLK-03199,TSK-03199,COR-074,Operating,300,2026-09-27,P1 - Emergency,Conflict Flagged
BLK-03200,TSK-03200,COR-058,Electrical,180,2026-09-10,P2 - High,Scheduled
BLK-03201,TSK-03201,COR-076,Signal & Telecom,180,2026-09-16,P2 - High,Pending
BLK-03202,TSK-03202,COR-001,Operating,360,2026-09-14,P1 - Emergency,Approved
BLK-03203,TSK-03203,COR-006,Engineering,60,2026-09-21,P1 - Emergency,Conflict Flagged
BLK-03204,TSK-03204,COR-015,Operating,180,2026-09-21,P4 - Routine,Rejected
BLK-03205,TSK-03205,COR-053,Engineering,240,2026-09-13,P1 - Emergency,Pending
BLK-03206,TSK-03206,COR-093,Operating,180,2026-09-18,P2 - High,Conflict Flagged
BLK-03207,TSK-03207,COR-041,Engineering,120,2026-09-21,P4 - Routine,Conflict Flagged
BLK-03208,TSK-03208,COR-084,Signal & Telecom,300,2026-09-11,P3 - Medium,Conflict Flagged
BLK-03209,TSK-03209,COR-009,Operating,60,2026-09-12,P2 - High,Scheduled
BLK-03210,TSK-03210,COR-056,Operating,300,2026-09-19,P2 - High,Scheduled
BLK-03211,TSK-03211,COR-043,Signal & Telecom,60,2026-09-13,P3 - Medium,Scheduled
BLK-03212,TSK-03212,COR-067,Signal & Telecom,240,2026-09-16,P2 - High,Approved
BLK-03213,TSK-03213,COR-046,Electrical,360,2026-09-15,P3 - Medium,Approved
BLK-03214,TSK-03214,COR-047,Engineering,120,2026-09-24,P3 - Medium,Scheduled
BLK-03215,TSK-03215,COR-087,Electrical,60,2026-09-28,P3 - Medium,Approved
BLK-03216,TSK-03216,COR-032,Operating,360,2026-09-23,P3 - Medium,Scheduled
BLK-03217,TSK-03217,COR-010,Electrical,60,2026-09-24,P3 - Medium,Rejected
BLK-03218,TSK-03218,COR-098,Electrical,240,2026-09-17,P3 - Medium,Conflict Flagged
BLK-03219,TSK-03219,COR-035,Signal & Telecom,240,2026-09-20,P1 - Emergency,Rejected
BLK-03220,TSK-03220,COR-019,Signal & Telecom,360,2026-09-17,P1 - Emergency,Approved
BLK-03221,TSK-03221,COR-075,Signal & Telecom,120,2026-09-14,P4 - Routine,Rejected
BLK-03222,TSK-03222,COR-052,Signal & Telecom,180,2026-09-10,P1 - Emergency,Rejected
BLK-03223,TSK-03223,COR-084,Electrical,300,2026-09-21,P4 - Routine,Rejected
BLK-03224,TSK-03224,COR-089,Engineering,60,2026-09-17,P2 - High,Rejected
BLK-03225,TSK-03225,COR-009,Signal & Telecom,60,2026-09-25,P3 - Medium,Conflict Flagged
BLK-03226,TSK-03226,COR-100,Operating,360,2026-09-23,P1 - Emergency,Rejected
BLK-03227,TSK-03227,COR-059,Engineering,360,2026-09-20,P2 - High,Conflict Flagged
BLK-03228,TSK-03228,COR-050,Signal & Telecom,60,2026-09-29,P4 - Routine,Scheduled
BLK-03229,TSK-03229,COR-098,Engineering,180,2026-09-19,P4 - Routine,Pending
BLK-03230,TSK-03230,COR-065,Signal & Telecom,120,2026-09-27,P3 - Medium,Scheduled
BLK-03231,TSK-03231,COR-025,Electrical,360,2026-09-24,P2 - High,Approved
BLK-03232,TSK-03232,COR-013,Electrical,240,2026-09-23,P2 - High,Scheduled
BLK-03233,TSK-03233,COR-065,Engineering,60,2026-09-17,P3 - Medium,Scheduled
BLK-03234,TSK-03234,COR-019,Electrical,60,2026-09-26,P4 - Routine,Conflict Flagged
BLK-03235,TSK-03235,COR-049,Electrical,300,2026-09-27,P2 - High,Scheduled
BLK-03236,TSK-03236,COR-069,Operating,60,2026-09-23,P4 - Routine,Conflict Flagged
BLK-03237,TSK-03237,COR-082,Electrical,360,2026-09-23,P4 - Routine,Pending
BLK-03238,TSK-03238,COR-087,Engineering,240,2026-09-21,P3 - Medium,Pending
BLK-03239,TSK-03239,COR-059,Electrical,300,2026-09-28,P3 - Medium,Conflict Flagged
BLK-03240,TSK-03240,COR-031,Signal & Telecom,240,2026-09-17,P1 - Emergency,Scheduled
BLK-03241,TSK-03241,COR-082,Operating,60,2026-09-24,P4 - Routine,Conflict Flagged
BLK-03242,TSK-03242,COR-001,Electrical,240,2026-09-25,P3 - Medium,Pending
BLK-03243,TSK-03243,COR-092,Operating,360,2026-09-12,P1 - Emergency,Scheduled
BLK-03244,TSK-03244,COR-018,Signal & Telecom,240,2026-09-18,P4 - Routine,Rejected
BLK-03245,TSK-03245,COR-007,Electrical,240,2026-09-22,P4 - Routine,Approved
BLK-03246,TSK-03246,COR-005,Operating,240,2026-09-21,P3 - Medium,Conflict Flagged
BLK-03247,TSK-03247,COR-003,Signal & Telecom,120,2026-09-24,P3 - Medium,Scheduled
BLK-03248,TSK-03248,COR-097,Operating,180,2026-09-26,P3 - Medium,Approved
BLK-03249,TSK-03249,COR-083,Signal & Telecom,60,2026-09-24,P4 - Routine,Pending
BLK-03250,TSK-03250,COR-068,Operating,240,2026-09-23,P4 - Routine,Conflict Flagged
BLK-03251,TSK-03251,COR-100,Electrical,360,2026-09-28,P4 - Routine,Conflict Flagged
BLK-03252,TSK-03252,COR-030,Signal & Telecom,120,2026-09-18,P4 - Routine,Pending
BLK-03253,TSK-03253,COR-052,Signal & Telecom,120,2026-09-11,P2 - High,Pending
BLK-03254,TSK-03254,COR-073,Operating,360,2026-09-16,P3 - Medium,Rejected
BLK-03255,TSK-03255,COR-013,Engineering,240,2026-09-20,P3 - Medium,Pending
BLK-03256,TSK-03256,COR-042,Operating,360,2026-09-18,P2 - High,Conflict Flagged
BLK-03257,TSK-03257,COR-085,Engineering,120,2026-09-26,P2 - High,Conflict Flagged
BLK-03258,TSK-03258,COR-093,Electrical,60,2026-09-20,P2 - High,Conflict Flagged
BLK-03259,TSK-03259,COR-015,Electrical,360,2026-09-21,P1 - Emergency,Scheduled
BLK-03260,TSK-03260,COR-030,Electrical,360,2026-09-28,P1 - Emergency,Approved
BLK-03261,TSK-03261,COR-042,Operating,180,2026-09-12,P3 - Medium,Rejected
BLK-03262,TSK-03262,COR-010,Operating,180,2026-09-15,P1 - Emergency,Rejected
BLK-03263,TSK-03263,COR-034,Operating,300,2026-09-11,P4 - Routine,Scheduled
BLK-03264,TSK-03264,COR-038,Signal & Telecom,240,2026-09-13,P1 - Emergency,Conflict Flagged
BLK-03265,TSK-03265,COR-074,Operating,180,2026-09-10,P1 - Emergency,Conflict Flagged
BLK-03266,TSK-03266,COR-096,Engineering,120,2026-09-21,P3 - Medium,Pending
BLK-03267,TSK-03267,COR-024,Engineering,180,2026-09-22,P2 - High,Approved
BLK-03268,TSK-03268,COR-057,Signal & Telecom,300,2026-09-22,P1 - Emergency,Rejected
BLK-03269,TSK-03269,COR-052,Operating,60,2026-09-25,P1 - Emergency,Approved
BLK-03270,TSK-03270,COR-058,Engineering,240,2026-09-14,P3 - Medium,Scheduled
BLK-03271,TSK-03271,COR-078,Signal & Telecom,300,2026-09-19,P3 - Medium,Rejected
BLK-03272,TSK-03272,COR-061,Operating,180,2026-09-22,P3 - Medium,Rejected
BLK-03273,TSK-03273,COR-042,Engineering,240,2026-09-17,P1 - Emergency,Approved
BLK-03274,TSK-03274,COR-051,Signal & Telecom,120,2026-09-28,P4 - Routine,Scheduled
BLK-03275,TSK-03275,COR-047,Engineering,60,2026-09-12,P3 - Medium,Conflict Flagged
BLK-03276,TSK-03276,COR-093,Engineering,60,2026-09-28,P2 - High,Pending
BLK-03277,TSK-03277,COR-047,Electrical,180,2026-09-17,P3 - Medium,Conflict Flagged
BLK-03278,TSK-03278,COR-078,Signal & Telecom,240,2026-09-14,P3 - Medium,Pending
BLK-03279,TSK-03279,COR-045,Signal & Telecom,180,2026-09-24,P2 - High,Conflict Flagged
BLK-03280,TSK-03280,COR-036,Operating,300,2026-09-24,P4 - Routine,Scheduled
BLK-03281,TSK-03281,COR-068,Engineering,120,2026-09-29,P4 - Routine,Scheduled
BLK-03282,TSK-03282,COR-041,Engineering,300,2026-09-27,P3 - Medium,Approved
BLK-03283,TSK-03283,COR-056,Operating,360,2026-09-18,P3 - Medium,Scheduled
BLK-03284,TSK-03284,COR-032,Electrical,180,2026-09-15,P2 - High,Conflict Flagged
BLK-03285,TSK-03285,COR-089,Signal & Telecom,60,2026-09-17,P1 - Emergency,Scheduled
BLK-03286,TSK-03286,COR-027,Electrical,60,2026-09-17,P1 - Emergency,Pending
BLK-03287,TSK-03287,COR-041,Engineering,300,2026-09-20,P1 - Emergency,Scheduled
BLK-03288,TSK-03288,COR-035,Engineering,180,2026-09-12,P2 - High,Conflict Flagged
BLK-03289,TSK-03289,COR-078,Engineering,120,2026-09-10,P2 - High,Pending
BLK-03290,TSK-03290,COR-068,Electrical,300,2026-09-25,P3 - Medium,Approved
BLK-03291,TSK-03291,COR-034,Electrical,180,2026-09-17,P3 - Medium,Pending
BLK-03292,TSK-03292,COR-062,Electrical,300,2026-09-16,P3 - Medium,Scheduled
BLK-03293,TSK-03293,COR-048,Operating,120,2026-09-25,P4 - Routine,Approved
BLK-03294,TSK-03294,COR-094,Signal & Telecom,120,2026-09-11,P3 - Medium,Approved
BLK-03295,TSK-03295,COR-049,Signal & Telecom,60,2026-09-20,P2 - High,Rejected
BLK-03296,TSK-03296,COR-053,Electrical,180,2026-09-19,P4 - Routine,Approved
BLK-03297,TSK-03297,COR-031,Electrical,60,2026-09-24,P3 - Medium,Conflict Flagged
BLK-03298,TSK-03298,COR-021,Operating,300,2026-09-24,P4 - Routine,Conflict Flagged
BLK-03299,TSK-03299,COR-065,Operating,60,2026-09-19,P4 - Routine,Conflict Flagged
BLK-03300,TSK-03300,COR-075,Signal & Telecom,360,2026-09-17,P3 - Medium,Approved
BLK-03301,TSK-03301,COR-043,Electrical,180,2026-09-20,P3 - Medium,Scheduled
BLK-03302,TSK-03302,COR-021,Operating,120,2026-09-12,P1 - Emergency,Approved
BLK-03303,TSK-03303,COR-019,Electrical,120,2026-09-26,P4 - Routine,Scheduled
BLK-03304,TSK-03304,COR-016,Operating,120,2026-09-16,P2 - High,Conflict Flagged
BLK-03305,TSK-03305,COR-086,Operating,180,2026-09-14,P4 - Routine,Rejected
BLK-03306,TSK-03306,COR-026,Electrical,180,2026-09-21,P2 - High,Pending
BLK-03307,TSK-03307,COR-011,Electrical,300,2026-09-25,P3 - Medium,Conflict Flagged
BLK-03308,TSK-03308,COR-050,Electrical,300,2026-09-13,P4 - Routine,Scheduled
BLK-03309,TSK-03309,COR-037,Engineering,120,2026-09-25,P4 - Routine,Rejected
BLK-03310,TSK-03310,COR-073,Signal & Telecom,180,2026-09-23,P4 - Routine,Conflict Flagged
BLK-03311,TSK-03311,COR-055,Engineering,60,2026-09-13,P3 - Medium,Pending
BLK-03312,TSK-03312,COR-045,Electrical,120,2026-09-20,P2 - High,Pending
BLK-03313,TSK-03313,COR-085,Operating,300,2026-09-20,P1 - Emergency,Approved
BLK-03314,TSK-03314,COR-020,Operating,360,2026-09-20,P4 - Routine,Conflict Flagged
BLK-03315,TSK-03315,COR-015,Electrical,60,2026-09-15,P4 - Routine,Scheduled
BLK-03316,TSK-03316,COR-067,Engineering,240,2026-09-29,P3 - Medium,Conflict Flagged
BLK-03317,TSK-03317,COR-091,Engineering,60,2026-09-21,P2 - High,Conflict Flagged
BLK-03318,TSK-03318,COR-081,Signal & Telecom,180,2026-09-12,P1 - Emergency,Approved
BLK-03319,TSK-03319,COR-056,Electrical,300,2026-09-25,P2 - High,Rejected
BLK-03320,TSK-03320,COR-063,Electrical,360,2026-09-27,P2 - High,Rejected
BLK-03321,TSK-03321,COR-009,Electrical,60,2026-09-22,P1 - Emergency,Conflict Flagged
BLK-03322,TSK-03322,COR-094,Engineering,240,2026-09-15,P3 - Medium,Scheduled
BLK-03323,TSK-03323,COR-041,Signal & Telecom,60,2026-09-29,P2 - High,Conflict Flagged
BLK-03324,TSK-03324,COR-010,Signal & Telecom,60,2026-09-20,P2 - High,Conflict Flagged
BLK-03325,TSK-03325,COR-030,Engineering,120,2026-09-09,P4 - Routine,Scheduled
BLK-03326,TSK-03326,COR-033,Operating,120,2026-09-27,P2 - High,Conflict Flagged
BLK-03327,TSK-03327,COR-017,Engineering,60,2026-09-09,P4 - Routine,Approved
BLK-03328,TSK-03328,COR-036,Operating,180,2026-09-24,P2 - High,Approved
BLK-03329,TSK-03329,COR-100,Electrical,120,2026-09-11,P4 - Routine,Pending
BLK-03330,TSK-03330,COR-043,Operating,240,2026-09-22,P2 - High,Conflict Flagged
BLK-03331,TSK-03331,COR-094,Electrical,120,2026-09-18,P1 - Emergency,Rejected
BLK-03332,TSK-03332,COR-018,Operating,120,2026-09-14,P3 - Medium,Conflict Flagged
BLK-03333,TSK-03333,COR-061,Signal & Telecom,300,2026-09-15,P4 - Routine,Conflict Flagged
BLK-03334,TSK-03334,COR-056,Signal & Telecom,360,2026-09-11,P3 - Medium,Approved
BLK-03335,TSK-03335,COR-056,Signal & Telecom,300,2026-09-14,P3 - Medium,Conflict Flagged
BLK-03336,TSK-03336,COR-017,Electrical,300,2026-09-27,P1 - Emergency,Pending
BLK-03337,TSK-03337,COR-083,Electrical,240,2026-09-19,P1 - Emergency,Conflict Flagged
BLK-03338,TSK-03338,COR-089,Engineering,120,2026-09-19,P3 - Medium,Rejected
BLK-03339,TSK-03339,COR-032,Operating,180,2026-09-22,P1 - Emergency,Approved
BLK-03340,TSK-03340,COR-075,Engineering,60,2026-09-19,P4 - Routine,Pending
BLK-03341,TSK-03341,COR-078,Electrical,240,2026-09-20,P1 - Emergency,Approved
BLK-03342,TSK-03342,COR-088,Engineering,360,2026-09-20,P2 - High,Approved
BLK-03343,TSK-03343,COR-092,Engineering,300,2026-09-13,P2 - High,Rejected
BLK-03344,TSK-03344,COR-025,Signal & Telecom,180,2026-09-23,P2 - High,Rejected
BLK-03345,TSK-03345,COR-055,Signal & Telecom,300,2026-09-16,P3 - Medium,Approved
BLK-03346,TSK-03346,COR-073,Signal & Telecom,240,2026-09-22,P1 - Emergency,Pending
BLK-03347,TSK-03347,COR-002,Operating,300,2026-09-18,P4 - Routine,Conflict Flagged
BLK-03348,TSK-03348,COR-019,Signal & Telecom,240,2026-09-27,P3 - Medium,Rejected
BLK-03349,TSK-03349,COR-100,Engineering,300,2026-09-10,P3 - Medium,Scheduled
BLK-03350,TSK-03350,COR-051,Engineering,300,2026-09-29,P1 - Emergency,Rejected
BLK-03351,TSK-03351,COR-048,Operating,240,2026-09-15,P4 - Routine,Conflict Flagged
BLK-03352,TSK-03352,COR-057,Engineering,180,2026-09-22,P1 - Emergency,Approved
BLK-03353,TSK-03353,COR-080,Signal & Telecom,60,2026-09-11,P2 - High,Rejected
BLK-03354,TSK-03354,COR-081,Engineering,360,2026-09-18,P4 - Routine,Approved
BLK-03355,TSK-03355,COR-030,Engineering,60,2026-09-17,P3 - Medium,Pending
BLK-03356,TSK-03356,COR-086,Operating,240,2026-09-15,P4 - Routine,Conflict Flagged
BLK-03357,TSK-03357,COR-099,Operating,60,2026-09-09,P2 - High,Pending
BLK-03358,TSK-03358,COR-061,Engineering,180,2026-09-27,P1 - Emergency,Scheduled
BLK-03359,TSK-03359,COR-045,Operating,240,2026-09-11,P1 - Emergency,Rejected
BLK-03360,TSK-03360,COR-002,Engineering,240,2026-09-28,P3 - Medium,Conflict Flagged
BLK-03361,TSK-03361,COR-030,Engineering,120,2026-09-25,P3 - Medium,Approved
BLK-03362,TSK-03362,COR-003,Electrical,120,2026-09-16,P3 - Medium,Rejected
BLK-03363,TSK-03363,COR-023,Signal & Telecom,180,2026-09-28,P3 - Medium,Rejected
BLK-03364,TSK-03364,COR-015,Signal & Telecom,300,2026-09-18,P3 - Medium,Scheduled
BLK-03365,TSK-03365,COR-041,Electrical,60,2026-09-19,P4 - Routine,Conflict Flagged
BLK-03366,TSK-03366,COR-097,Engineering,120,2026-09-29,P1 - Emergency,Pending
BLK-03367,TSK-03367,COR-012,Electrical,360,2026-09-28,P2 - High,Rejected
BLK-03368,TSK-03368,COR-013,Operating,300,2026-09-10,P1 - Emergency,Approved
BLK-03369,TSK-03369,COR-011,Electrical,120,2026-09-22,P1 - Emergency,Approved
BLK-03370,TSK-03370,COR-021,Electrical,240,2026-09-23,P1 - Emergency,Approved
BLK-03371,TSK-03371,COR-014,Operating,120,2026-09-18,P1 - Emergency,Approved
BLK-03372,TSK-03372,COR-040,Electrical,180,2026-09-10,P2 - High,Scheduled
BLK-03373,TSK-03373,COR-088,Engineering,60,2026-09-10,P3 - Medium,Conflict Flagged
BLK-03374,TSK-03374,COR-016,Engineering,360,2026-09-16,P4 - Routine,Scheduled
BLK-03375,TSK-03375,COR-015,Engineering,360,2026-09-17,P4 - Routine,Pending
BLK-03376,TSK-03376,COR-032,Engineering,60,2026-09-20,P2 - High,Rejected
BLK-03377,TSK-03377,COR-038,Electrical,60,2026-09-28,P4 - Routine,Approved
BLK-03378,TSK-03378,COR-054,Engineering,360,2026-09-27,P1 - Emergency,Pending
BLK-03379,TSK-03379,COR-056,Operating,300,2026-09-16,P2 - High,Rejected
BLK-03380,TSK-03380,COR-055,Engineering,180,2026-09-28,P1 - Emergency,Pending
BLK-03381,TSK-03381,COR-036,Signal & Telecom,240,2026-09-15,P1 - Emergency,Approved
BLK-03382,TSK-03382,COR-013,Signal & Telecom,240,2026-09-14,P2 - High,Approved
BLK-03383,TSK-03383,COR-089,Engineering,300,2026-09-20,P3 - Medium,Rejected
BLK-03384,TSK-03384,COR-070,Operating,120,2026-09-20,P4 - Routine,Approved
BLK-03385,TSK-03385,COR-002,Signal & Telecom,120,2026-09-22,P3 - Medium,Conflict Flagged
BLK-03386,TSK-03386,COR-035,Signal & Telecom,120,2026-09-28,P2 - High,Conflict Flagged
BLK-03387,TSK-03387,COR-047,Signal & Telecom,120,2026-09-24,P4 - Routine,Pending
BLK-03388,TSK-03388,COR-011,Engineering,240,2026-09-28,P2 - High,Conflict Flagged
BLK-03389,TSK-03389,COR-073,Signal & Telecom,60,2026-09-26,P1 - Emergency,Rejected
BLK-03390,TSK-03390,COR-094,Operating,360,2026-09-21,P3 - Medium,Conflict Flagged
BLK-03391,TSK-03391,COR-035,Electrical,300,2026-09-12,P2 - High,Approved
BLK-03392,TSK-03392,COR-098,Engineering,60,2026-09-18,P3 - Medium,Pending
BLK-03393,TSK-03393,COR-031,Signal & Telecom,120,2026-09-29,P2 - High,Scheduled
BLK-03394,TSK-03394,COR-016,Operating,180,2026-09-16,P1 - Emergency,Approved
BLK-03395,TSK-03395,COR-041,Signal & Telecom,300,2026-09-22,P2 - High,Rejected
BLK-03396,TSK-03396,COR-005,Signal & Telecom,240,2026-09-20,P2 - High,Approved
BLK-03397,TSK-03397,COR-085,Engineering,180,2026-09-23,P4 - Routine,Rejected
BLK-03398,TSK-03398,COR-078,Operating,360,2026-09-27,P3 - Medium,Conflict Flagged
BLK-03399,TSK-03399,COR-020,Operating,240,2026-09-15,P4 - Routine,Approved
BLK-03400,TSK-03400,COR-014,Electrical,360,2026-09-22,P1 - Emergency,Scheduled
BLK-03401,TSK-03401,COR-098,Electrical,360,2026-09-10,P2 - High,Scheduled
BLK-03402,TSK-03402,COR-018,Signal & Telecom,300,2026-09-11,P1 - Emergency,Scheduled
BLK-03403,TSK-03403,COR-027,Electrical,180,2026-09-24,P4 - Routine,Conflict Flagged
BLK-03404,TSK-03404,COR-080,Operating,180,2026-09-27,P3 - Medium,Approved
BLK-03405,TSK-03405,COR-058,Signal & Telecom,60,2026-09-29,P2 - High,Pending
BLK-03406,TSK-03406,COR-026,Engineering,180,2026-09-28,P4 - Routine,Rejected
BLK-03407,TSK-03407,COR-074,Electrical,240,2026-09-26,P1 - Emergency,Rejected
BLK-03408,TSK-03408,COR-046,Signal & Telecom,120,2026-09-14,P1 - Emergency,Approved
BLK-03409,TSK-03409,COR-073,Signal & Telecom,240,2026-09-25,P4 - Routine,Pending
BLK-03410,TSK-03410,COR-066,Electrical,60,2026-09-14,P4 - Routine,Rejected
BLK-03411,TSK-03411,COR-058,Engineering,300,2026-09-13,P2 - High,Scheduled
BLK-03412,TSK-03412,COR-092,Engineering,60,2026-09-15,P1 - Emergency,Rejected
BLK-03413,TSK-03413,COR-025,Engineering,360,2026-09-12,P1 - Emergency,Pending
BLK-03414,TSK-03414,COR-054,Engineering,360,2026-09-24,P3 - Medium,Pending
BLK-03415,TSK-03415,COR-013,Signal & Telecom,360,2026-09-20,P1 - Emergency,Scheduled
BLK-03416,TSK-03416,COR-047,Signal & Telecom,360,2026-09-19,P3 - Medium,Scheduled
BLK-03417,TSK-03417,COR-057,Operating,120,2026-09-12,P4 - Routine,Conflict Flagged
BLK-03418,TSK-03418,COR-041,Signal & Telecom,360,2026-09-13,P2 - High,Scheduled
BLK-03419,TSK-03419,COR-042,Operating,120,2026-09-26,P3 - Medium,Scheduled
BLK-03420,TSK-03420,COR-008,Electrical,360,2026-09-22,P3 - Medium,Conflict Flagged
BLK-03421,TSK-03421,COR-015,Engineering,60,2026-09-26,P4 - Routine,Approved
BLK-03422,TSK-03422,COR-081,Electrical,120,2026-09-14,P2 - High,Scheduled
BLK-03423,TSK-03423,COR-035,Electrical,60,2026-09-28,P4 - Routine,Approved
BLK-03424,TSK-03424,COR-092,Electrical,360,2026-09-09,P1 - Emergency,Rejected
BLK-03425,TSK-03425,COR-047,Signal & Telecom,360,2026-09-10,P1 - Emergency,Approved
BLK-03426,TSK-03426,COR-008,Operating,120,2026-09-17,P1 - Emergency,Scheduled
BLK-03427,TSK-03427,COR-050,Engineering,240,2026-09-29,P4 - Routine,Pending
BLK-03428,TSK-03428,COR-031,Electrical,240,2026-09-24,P2 - High,Rejected
BLK-03429,TSK-03429,COR-099,Operating,240,2026-09-24,P4 - Routine,Rejected
BLK-03430,TSK-03430,COR-075,Engineering,360,2026-09-29,P3 - Medium,Rejected
BLK-03431,TSK-03431,COR-049,Electrical,60,2026-09-10,P4 - Routine,Approved
BLK-03432,TSK-03432,COR-066,Signal & Telecom,120,2026-09-19,P4 - Routine,Approved
BLK-03433,TSK-03433,COR-096,Operating,300,2026-09-22,P2 - High,Rejected
BLK-03434,TSK-03434,COR-074,Engineering,180,2026-09-18,P2 - High,Conflict Flagged
BLK-03435,TSK-03435,COR-083,Engineering,180,2026-09-19,P2 - High,Rejected
BLK-03436,TSK-03436,COR-058,Signal & Telecom,60,2026-09-15,P2 - High,Conflict Flagged
BLK-03437,TSK-03437,COR-040,Operating,360,2026-09-24,P3 - Medium,Scheduled
BLK-03438,TSK-03438,COR-047,Signal & Telecom,360,2026-09-13,P2 - High,Scheduled
BLK-03439,TSK-03439,COR-068,Engineering,300,2026-09-26,P2 - High,Pending
BLK-03440,TSK-03440,COR-006,Operating,300,2026-09-27,P3 - Medium,Scheduled
BLK-03441,TSK-03441,COR-018,Engineering,60,2026-09-25,P4 - Routine,Pending
BLK-03442,TSK-03442,COR-042,Operating,180,2026-09-11,P1 - Emergency,Approved
BLK-03443,TSK-03443,COR-050,Operating,180,2026-09-09,P2 - High,Conflict Flagged
BLK-03444,TSK-03444,COR-028,Electrical,240,2026-09-20,P3 - Medium,Scheduled
BLK-03445,TSK-03445,COR-087,Electrical,120,2026-09-20,P2 - High,Rejected
BLK-03446,TSK-03446,COR-053,Signal & Telecom,120,2026-09-13,P3 - Medium,Scheduled
BLK-03447,TSK-03447,COR-026,Electrical,360,2026-09-13,P3 - Medium,Conflict Flagged
BLK-03448,TSK-03448,COR-088,Operating,300,2026-09-21,P4 - Routine,Rejected
BLK-03449,TSK-03449,COR-088,Signal & Telecom,180,2026-09-21,P1 - Emergency,Rejected
BLK-03450,TSK-03450,COR-055,Electrical,300,2026-09-14,P1 - Emergency,Pending
BLK-03451,TSK-03451,COR-028,Signal & Telecom,240,2026-09-12,P4 - Routine,Approved
BLK-03452,TSK-03452,COR-080,Electrical,300,2026-09-11,P4 - Routine,Conflict Flagged
BLK-03453,TSK-03453,COR-054,Electrical,240,2026-09-21,P1 - Emergency,Pending
BLK-03454,TSK-03454,COR-076,Electrical,300,2026-09-19,P1 - Emergency,Scheduled
BLK-03455,TSK-03455,COR-088,Operating,360,2026-09-21,P3 - Medium,Rejected
BLK-03456,TSK-03456,COR-021,Electrical,300,2026-09-19,P2 - High,Approved
BLK-03457,TSK-03457,COR-002,Signal & Telecom,180,2026-09-10,P4 - Routine,Rejected
BLK-03458,TSK-03458,COR-046,Signal & Telecom,300,2026-09-27,P1 - Emergency,Rejected
BLK-03459,TSK-03459,COR-089,Signal & Telecom,60,2026-09-21,P1 - Emergency,Approved
BLK-03460,TSK-03460,COR-022,Engineering,240,2026-09-17,P4 - Routine,Approved
BLK-03461,TSK-03461,COR-038,Engineering,60,2026-09-09,P3 - Medium,Rejected
BLK-03462,TSK-03462,COR-029,Operating,120,2026-09-23,P2 - High,Pending
BLK-03463,TSK-03463,COR-018,Engineering,60,2026-09-24,P1 - Emergency,Scheduled
BLK-03464,TSK-03464,COR-068,Operating,60,2026-09-19,P3 - Medium,Pending
BLK-03465,TSK-03465,COR-009,Signal & Telecom,300,2026-09-18,P1 - Emergency,Rejected
BLK-03466,TSK-03466,COR-062,Signal & Telecom,300,2026-09-11,P3 - Medium,Approved
BLK-03467,TSK-03467,COR-004,Operating,300,2026-09-14,P3 - Medium,Scheduled
BLK-03468,TSK-03468,COR-011,Engineering,180,2026-09-21,P4 - Routine,Pending
BLK-03469,TSK-03469,COR-021,Signal & Telecom,240,2026-09-20,P4 - Routine,Rejected
BLK-03470,TSK-03470,COR-089,Electrical,360,2026-09-23,P1 - Emergency,Scheduled
BLK-03471,TSK-03471,COR-061,Electrical,180,2026-09-15,P4 - Routine,Rejected
BLK-03472,TSK-03472,COR-091,Engineering,240,2026-09-12,P3 - Medium,Conflict Flagged
BLK-03473,TSK-03473,COR-078,Operating,180,2026-09-18,P3 - Medium,Pending
BLK-03474,TSK-03474,COR-035,Engineering,120,2026-09-29,P3 - Medium,Rejected
BLK-03475,TSK-03475,COR-014,Electrical,300,2026-09-13,P2 - High,Conflict Flagged
BLK-03476,TSK-03476,COR-072,Electrical,300,2026-09-25,P2 - High,Rejected
BLK-03477,TSK-03477,COR-063,Operating,120,2026-09-20,P3 - Medium,Conflict Flagged
BLK-03478,TSK-03478,COR-099,Electrical,240,2026-09-27,P1 - Emergency,Pending
BLK-03479,TSK-03479,COR-086,Operating,60,2026-09-11,P1 - Emergency,Scheduled
BLK-03480,TSK-03480,COR-093,Operating,360,2026-09-12,P1 - Emergency,Pending
BLK-03481,TSK-03481,COR-006,Engineering,240,2026-09-27,P3 - Medium,Conflict Flagged
BLK-03482,TSK-03482,COR-053,Operating,240,2026-09-29,P3 - Medium,Approved
BLK-03483,TSK-03483,COR-002,Operating,360,2026-09-22,P1 - Emergency,Scheduled
BLK-03484,TSK-03484,COR-071,Operating,120,2026-09-11,P3 - Medium,Pending
BLK-03485,TSK-03485,COR-056,Engineering,300,2026-09-09,P2 - High,Conflict Flagged
BLK-03486,TSK-03486,COR-027,Electrical,300,2026-09-09,P1 - Emergency,Pending
BLK-03487,TSK-03487,COR-026,Signal & Telecom,120,2026-09-15,P3 - Medium,Conflict Flagged
BLK-03488,TSK-03488,COR-089,Electrical,120,2026-09-24,P2 - High,Rejected
BLK-03489,TSK-03489,COR-008,Signal & Telecom,180,2026-09-14,P1 - Emergency,Scheduled
BLK-03490,TSK-03490,COR-092,Signal & Telecom,300,2026-09-27,P2 - High,Conflict Flagged
BLK-03491,TSK-03491,COR-016,Electrical,120,2026-09-26,P2 - High,Rejected
BLK-03492,TSK-03492,COR-050,Signal & Telecom,60,2026-09-27,P3 - Medium,Pending
BLK-03493,TSK-03493,COR-023,Signal & Telecom,180,2026-09-23,P1 - Emergency,Conflict Flagged
BLK-03494,TSK-03494,COR-027,Operating,300,2026-09-17,P1 - Emergency,Rejected
BLK-03495,TSK-03495,COR-056,Engineering,120,2026-09-18,P1 - Emergency,Approved
BLK-03496,TSK-03496,COR-008,Operating,240,2026-09-26,P4 - Routine,Pending
BLK-03497,TSK-03497,COR-048,Operating,240,2026-09-12,P2 - High,Conflict Flagged
BLK-03498,TSK-03498,COR-061,Electrical,300,2026-09-15,P3 - Medium,Approved
BLK-03499,TSK-03499,COR-088,Engineering,240,2026-09-16,P1 - Emergency,Conflict Flagged
BLK-03500,TSK-03500,COR-070,Engineering,120,2026-09-18,P2 - High,Conflict Flagged
BLK-03501,TSK-03501,COR-041,Electrical,360,2026-09-27,P2 - High,Conflict Flagged
BLK-03502,TSK-03502,COR-021,Electrical,240,2026-09-17,P4 - Routine,Conflict Flagged
BLK-03503,TSK-03503,COR-068,Engineering,60,2026-09-15,P2 - High,Conflict Flagged
BLK-03504,TSK-03504,COR-081,Electrical,300,2026-09-16,P4 - Routine,Rejected
BLK-03505,TSK-03505,COR-100,Signal & Telecom,180,2026-09-17,P2 - High,Pending
BLK-03506,TSK-03506,COR-023,Electrical,120,2026-09-11,P2 - High,Approved
BLK-03507,TSK-03507,COR-039,Signal & Telecom,120,2026-09-12,P3 - Medium,Approved
BLK-03508,TSK-03508,COR-056,Signal & Telecom,360,2026-09-21,P4 - Routine,Conflict Flagged
BLK-03509,TSK-03509,COR-089,Electrical,180,2026-09-11,P4 - Routine,Pending
BLK-03510,TSK-03510,COR-038,Engineering,300,2026-09-15,P3 - Medium,Conflict Flagged
BLK-03511,TSK-03511,COR-026,Signal & Telecom,360,2026-09-20,P2 - High,Pending
BLK-03512,TSK-03512,COR-042,Signal & Telecom,60,2026-09-25,P1 - Emergency,Rejected
BLK-03513,TSK-03513,COR-055,Operating,120,2026-09-11,P3 - Medium,Approved
BLK-03514,TSK-03514,COR-026,Operating,180,2026-09-17,P4 - Routine,Scheduled
BLK-03515,TSK-03515,COR-006,Signal & Telecom,120,2026-09-27,P1 - Emergency,Approved
BLK-03516,TSK-03516,COR-013,Electrical,300,2026-09-16,P4 - Routine,Scheduled
BLK-03517,TSK-03517,COR-055,Engineering,180,2026-09-24,P2 - High,Rejected
BLK-03518,TSK-03518,COR-076,Operating,300,2026-09-24,P1 - Emergency,Rejected
BLK-03519,TSK-03519,COR-087,Engineering,180,2026-09-23,P3 - Medium,Pending
BLK-03520,TSK-03520,COR-072,Engineering,120,2026-09-27,P1 - Emergency,Rejected
BLK-03521,TSK-03521,COR-069,Electrical,120,2026-09-19,P2 - High,Approved
BLK-03522,TSK-03522,COR-009,Signal & Telecom,60,2026-09-29,P3 - Medium,Conflict Flagged
BLK-03523,TSK-03523,COR-029,Electrical,240,2026-09-14,P4 - Routine,Conflict Flagged
BLK-03524,TSK-03524,COR-014,Operating,240,2026-09-14,P1 - Emergency,Approved
BLK-03525,TSK-03525,COR-081,Signal & Telecom,120,2026-09-14,P4 - Routine,Rejected
BLK-03526,TSK-03526,COR-062,Electrical,360,2026-09-20,P1 - Emergency,Conflict Flagged
BLK-03527,TSK-03527,COR-046,Engineering,60,2026-09-25,P3 - Medium,Rejected
BLK-03528,TSK-03528,COR-033,Operating,360,2026-09-19,P3 - Medium,Scheduled
BLK-03529,TSK-03529,COR-055,Electrical,120,2026-09-16,P2 - High,Conflict Flagged
BLK-03530,TSK-03530,COR-023,Operating,60,2026-09-29,P3 - Medium,Scheduled
BLK-03531,TSK-03531,COR-013,Engineering,180,2026-09-14,P2 - High,Approved
BLK-03532,TSK-03532,COR-079,Signal & Telecom,180,2026-09-15,P2 - High,Pending
BLK-03533,TSK-03533,COR-024,Operating,240,2026-09-15,P2 - High,Scheduled
BLK-03534,TSK-03534,COR-026,Electrical,60,2026-09-13,P4 - Routine,Rejected
BLK-03535,TSK-03535,COR-083,Engineering,240,2026-09-14,P4 - Routine,Rejected
BLK-03536,TSK-03536,COR-037,Engineering,360,2026-09-21,P3 - Medium,Rejected
BLK-03537,TSK-03537,COR-044,Electrical,240,2026-09-28,P4 - Routine,Rejected
BLK-03538,TSK-03538,COR-094,Operating,240,2026-09-14,P2 - High,Conflict Flagged
BLK-03539,TSK-03539,COR-008,Signal & Telecom,300,2026-09-09,P3 - Medium,Pending
BLK-03540,TSK-03540,COR-096,Engineering,240,2026-09-22,P1 - Emergency,Rejected
BLK-03541,TSK-03541,COR-046,Signal & Telecom,300,2026-09-29,P2 - High,Approved
BLK-03542,TSK-03542,COR-098,Electrical,360,2026-09-09,P2 - High,Pending
BLK-03543,TSK-03543,COR-063,Operating,120,2026-09-14,P2 - High,Pending
BLK-03544,TSK-03544,COR-046,Electrical,360,2026-09-23,P3 - Medium,Pending
BLK-03545,TSK-03545,COR-068,Signal & Telecom,120,2026-09-20,P3 - Medium,Approved
BLK-03546,TSK-03546,COR-081,Signal & Telecom,300,2026-09-10,P1 - Emergency,Conflict Flagged
BLK-03547,TSK-03547,COR-087,Electrical,360,2026-09-21,P1 - Emergency,Approved
BLK-03548,TSK-03548,COR-082,Electrical,180,2026-09-25,P1 - Emergency,Scheduled
BLK-03549,TSK-03549,COR-081,Operating,240,2026-09-13,P1 - Emergency,Pending
BLK-03550,TSK-03550,COR-009,Signal & Telecom,300,2026-09-24,P2 - High,Pending
BLK-03551,TSK-03551,COR-099,Engineering,60,2026-09-15,P3 - Medium,Approved
BLK-03552,TSK-03552,COR-099,Electrical,360,2026-09-15,P2 - High,Scheduled
BLK-03553,TSK-03553,COR-027,Electrical,240,2026-09-27,P2 - High,Pending
BLK-03554,TSK-03554,COR-079,Electrical,360,2026-09-28,P4 - Routine,Conflict Flagged
BLK-03555,TSK-03555,COR-020,Engineering,240,2026-09-11,P1 - Emergency,Approved
BLK-03556,TSK-03556,COR-033,Electrical,120,2026-09-21,P1 - Emergency,Pending
BLK-03557,TSK-03557,COR-057,Engineering,360,2026-09-09,P1 - Emergency,Rejected
BLK-03558,TSK-03558,COR-023,Operating,360,2026-09-16,P1 - Emergency,Conflict Flagged
BLK-03559,TSK-03559,COR-095,Electrical,240,2026-09-24,P2 - High,Pending
BLK-03560,TSK-03560,COR-021,Electrical,360,2026-09-13,P4 - Routine,Conflict Flagged
BLK-03561,TSK-03561,COR-036,Electrical,60,2026-09-14,P1 - Emergency,Scheduled
BLK-03562,TSK-03562,COR-019,Operating,120,2026-09-14,P4 - Routine,Conflict Flagged
BLK-03563,TSK-03563,COR-037,Operating,300,2026-09-18,P4 - Routine,Scheduled
BLK-03564,TSK-03564,COR-010,Signal & Telecom,360,2026-09-16,P3 - Medium,Conflict Flagged
BLK-03565,TSK-03565,COR-047,Operating,300,2026-09-09,P2 - High,Pending
BLK-03566,TSK-03566,COR-067,Electrical,60,2026-09-10,P1 - Emergency,Conflict Flagged
BLK-03567,TSK-03567,COR-084,Engineering,300,2026-09-10,P1 - Emergency,Rejected
BLK-03568,TSK-03568,COR-094,Signal & Telecom,240,2026-09-13,P4 - Routine,Pending
BLK-03569,TSK-03569,COR-066,Operating,180,2026-09-26,P4 - Routine,Approved
BLK-03570,TSK-03570,COR-085,Signal & Telecom,300,2026-09-23,P1 - Emergency,Conflict Flagged
BLK-03571,TSK-03571,COR-041,Electrical,360,2026-09-29,P1 - Emergency,Pending
BLK-03572,TSK-03572,COR-058,Operating,60,2026-09-22,P2 - High,Conflict Flagged
BLK-03573,TSK-03573,COR-042,Engineering,180,2026-09-11,P4 - Routine,Rejected
BLK-03574,TSK-03574,COR-017,Operating,300,2026-09-21,P2 - High,Conflict Flagged
BLK-03575,TSK-03575,COR-094,Operating,240,2026-09-26,P2 - High,Pending
BLK-03576,TSK-03576,COR-024,Engineering,360,2026-09-29,P1 - Emergency,Approved
BLK-03577,TSK-03577,COR-093,Signal & Telecom,120,2026-09-16,P4 - Routine,Approved
BLK-03578,TSK-03578,COR-097,Engineering,360,2026-09-22,P2 - High,Scheduled
BLK-03579,TSK-03579,COR-082,Operating,180,2026-09-15,P3 - Medium,Pending
BLK-03580,TSK-03580,COR-027,Electrical,60,2026-09-16,P3 - Medium,Scheduled
BLK-03581,TSK-03581,COR-074,Engineering,60,2026-09-11,P1 - Emergency,Conflict Flagged
BLK-03582,TSK-03582,COR-056,Signal & Telecom,300,2026-09-10,P3 - Medium,Approved
BLK-03583,TSK-03583,COR-087,Operating,180,2026-09-12,P3 - Medium,Rejected
BLK-03584,TSK-03584,COR-020,Engineering,360,2026-09-27,P3 - Medium,Approved
BLK-03585,TSK-03585,COR-033,Signal & Telecom,300,2026-09-22,P3 - Medium,Pending
BLK-03586,TSK-03586,COR-065,Electrical,180,2026-09-09,P2 - High,Scheduled
BLK-03587,TSK-03587,COR-076,Electrical,300,2026-09-17,P1 - Emergency,Rejected
BLK-03588,TSK-03588,COR-049,Electrical,180,2026-09-19,P3 - Medium,Scheduled
BLK-03589,TSK-03589,COR-083,Engineering,120,2026-09-25,P3 - Medium,Scheduled
BLK-03590,TSK-03590,COR-061,Signal & Telecom,60,2026-09-18,P1 - Emergency,Rejected
BLK-03591,TSK-03591,COR-075,Operating,300,2026-09-09,P2 - High,Scheduled
BLK-03592,TSK-03592,COR-043,Engineering,240,2026-09-29,P2 - High,Approved
BLK-03593,TSK-03593,COR-056,Signal & Telecom,180,2026-09-20,P3 - Medium,Rejected
BLK-03594,TSK-03594,COR-040,Electrical,240,2026-09-21,P3 - Medium,Scheduled
BLK-03595,TSK-03595,COR-001,Signal & Telecom,300,2026-09-21,P4 - Routine,Conflict Flagged
BLK-03596,TSK-03596,COR-087,Electrical,120,2026-09-18,P1 - Emergency,Rejected
BLK-03597,TSK-03597,COR-008,Signal & Telecom,240,2026-09-21,P3 - Medium,Scheduled
BLK-03598,TSK-03598,COR-079,Electrical,120,2026-09-18,P2 - High,Pending
BLK-03599,TSK-03599,COR-047,Signal & Telecom,60,2026-09-10,P2 - High,Scheduled
BLK-03600,TSK-03600,COR-057,Signal & Telecom,120,2026-09-25,P3 - Medium,Approved
BLK-03601,TSK-03601,COR-095,Electrical,360,2026-09-22,P2 - High,Conflict Flagged
BLK-03602,TSK-03602,COR-041,Engineering,240,2026-09-13,P4 - Routine,Rejected
BLK-03603,TSK-03603,COR-032,Electrical,240,2026-09-28,P1 - Emergency,Approved
BLK-03604,TSK-03604,COR-022,Electrical,180,2026-09-23,P1 - Emergency,Scheduled
BLK-03605,TSK-03605,COR-074,Operating,180,2026-09-09,P3 - Medium,Scheduled
BLK-03606,TSK-03606,COR-054,Engineering,360,2026-09-21,P4 - Routine,Rejected
BLK-03607,TSK-03607,COR-061,Engineering,180,2026-09-16,P3 - Medium,Conflict Flagged
BLK-03608,TSK-03608,COR-003,Operating,60,2026-09-17,P1 - Emergency,Rejected
BLK-03609,TSK-03609,COR-046,Electrical,360,2026-09-17,P1 - Emergency,Conflict Flagged
BLK-03610,TSK-03610,COR-011,Engineering,240,2026-09-24,P3 - Medium,Scheduled
BLK-03611,TSK-03611,COR-044,Operating,60,2026-09-12,P4 - Routine,Scheduled
BLK-03612,TSK-03612,COR-076,Operating,240,2026-09-17,P3 - Medium,Scheduled
BLK-03613,TSK-03613,COR-091,Signal & Telecom,240,2026-09-25,P3 - Medium,Rejected
BLK-03614,TSK-03614,COR-035,Operating,300,2026-09-10,P2 - High,Conflict Flagged
BLK-03615,TSK-03615,COR-099,Electrical,60,2026-09-11,P4 - Routine,Approved
BLK-03616,TSK-03616,COR-072,Engineering,60,2026-09-16,P1 - Emergency,Pending
BLK-03617,TSK-03617,COR-050,Engineering,60,2026-09-15,P1 - Emergency,Approved
BLK-03618,TSK-03618,COR-040,Engineering,60,2026-09-16,P3 - Medium,Rejected
BLK-03619,TSK-03619,COR-049,Electrical,120,2026-09-20,P4 - Routine,Scheduled
BLK-03620,TSK-03620,COR-041,Signal & Telecom,60,2026-09-19,P3 - Medium,Rejected
BLK-03621,TSK-03621,COR-068,Engineering,360,2026-09-16,P4 - Routine,Rejected
BLK-03622,TSK-03622,COR-066,Operating,300,2026-09-15,P1 - Emergency,Conflict Flagged
BLK-03623,TSK-03623,COR-023,Signal & Telecom,240,2026-09-15,P4 - Routine,Pending
BLK-03624,TSK-03624,COR-039,Engineering,240,2026-09-16,P4 - Routine,Scheduled
BLK-03625,TSK-03625,COR-016,Signal & Telecom,180,2026-09-22,P2 - High,Approved
BLK-03626,TSK-03626,COR-014,Signal & Telecom,60,2026-09-17,P3 - Medium,Conflict Flagged
BLK-03627,TSK-03627,COR-014,Signal & Telecom,360,2026-09-15,P2 - High,Conflict Flagged
BLK-03628,TSK-03628,COR-068,Electrical,240,2026-09-14,P4 - Routine,Rejected
BLK-03629,TSK-03629,COR-049,Engineering,180,2026-09-27,P2 - High,Approved
BLK-03630,TSK-03630,COR-003,Engineering,120,2026-09-09,P3 - Medium,Scheduled
BLK-03631,TSK-03631,COR-025,Signal & Telecom,240,2026-09-13,P1 - Emergency,Conflict Flagged
BLK-03632,TSK-03632,COR-001,Electrical,300,2026-09-10,P2 - High,Pending
BLK-03633,TSK-03633,COR-019,Operating,60,2026-09-28,P3 - Medium,Scheduled
BLK-03634,TSK-03634,COR-027,Signal & Telecom,120,2026-09-12,P3 - Medium,Pending
BLK-03635,TSK-03635,COR-016,Operating,180,2026-09-13,P3 - Medium,Pending
BLK-03636,TSK-03636,COR-057,Operating,300,2026-09-27,P2 - High,Conflict Flagged
BLK-03637,TSK-03637,COR-054,Operating,300,2026-09-15,P4 - Routine,Approved
BLK-03638,TSK-03638,COR-078,Signal & Telecom,120,2026-09-27,P3 - Medium,Conflict Flagged
BLK-03639,TSK-03639,COR-063,Operating,60,2026-09-09,P4 - Routine,Conflict Flagged
BLK-03640,TSK-03640,COR-074,Signal & Telecom,360,2026-09-11,P3 - Medium,Scheduled
BLK-03641,TSK-03641,COR-065,Engineering,180,2026-09-29,P1 - Emergency,Pending
BLK-03642,TSK-03642,COR-052,Engineering,180,2026-09-17,P2 - High,Conflict Flagged
BLK-03643,TSK-03643,COR-060,Operating,300,2026-09-28,P2 - High,Scheduled
BLK-03644,TSK-03644,COR-094,Signal & Telecom,120,2026-09-12,P3 - Medium,Approved
BLK-03645,TSK-03645,COR-011,Operating,300,2026-09-23,P3 - Medium,Rejected
BLK-03646,TSK-03646,COR-038,Electrical,360,2026-09-17,P2 - High,Scheduled
BLK-03647,TSK-03647,COR-075,Electrical,360,2026-09-23,P2 - High,Conflict Flagged
BLK-03648,TSK-03648,COR-026,Operating,300,2026-09-19,P1 - Emergency,Pending
BLK-03649,TSK-03649,COR-079,Engineering,240,2026-09-23,P2 - High,Rejected
BLK-03650,TSK-03650,COR-020,Engineering,180,2026-09-13,P3 - Medium,Conflict Flagged
BLK-03651,TSK-03651,COR-043,Signal & Telecom,120,2026-09-25,P2 - High,Pending
BLK-03652,TSK-03652,COR-039,Electrical,120,2026-09-19,P3 - Medium,Rejected
BLK-03653,TSK-03653,COR-071,Signal & Telecom,360,2026-09-23,P1 - Emergency,Scheduled
BLK-03654,TSK-03654,COR-084,Operating,120,2026-09-13,P3 - Medium,Pending
BLK-03655,TSK-03655,COR-034,Operating,180,2026-09-18,P4 - Routine,Pending
BLK-03656,TSK-03656,COR-032,Electrical,60,2026-09-26,P2 - High,Conflict Flagged
BLK-03657,TSK-03657,COR-016,Operating,240,2026-09-18,P4 - Routine,Pending
BLK-03658,TSK-03658,COR-002,Signal & Telecom,240,2026-09-09,P1 - Emergency,Rejected
BLK-03659,TSK-03659,COR-024,Electrical,240,2026-09-26,P4 - Routine,Scheduled
BLK-03660,TSK-03660,COR-002,Signal & Telecom,300,2026-09-20,P2 - High,Pending
BLK-03661,TSK-03661,COR-076,Operating,60,2026-09-19,P4 - Routine,Conflict Flagged
BLK-03662,TSK-03662,COR-005,Operating,180,2026-09-29,P1 - Emergency,Pending
BLK-03663,TSK-03663,COR-032,Electrical,60,2026-09-16,P3 - Medium,Scheduled
BLK-03664,TSK-03664,COR-055,Operating,240,2026-09-25,P2 - High,Scheduled
BLK-03665,TSK-03665,COR-028,Operating,300,2026-09-21,P1 - Emergency,Conflict Flagged
BLK-03666,TSK-03666,COR-052,Operating,180,2026-09-15,P1 - Emergency,Rejected
BLK-03667,TSK-03667,COR-020,Signal & Telecom,60,2026-09-20,P1 - Emergency,Approved
BLK-03668,TSK-03668,COR-061,Engineering,300,2026-09-15,P4 - Routine,Scheduled
BLK-03669,TSK-03669,COR-069,Signal & Telecom,360,2026-09-11,P3 - Medium,Scheduled
BLK-03670,TSK-03670,COR-056,Engineering,300,2026-09-10,P2 - High,Approved
BLK-03671,TSK-03671,COR-033,Signal & Telecom,360,2026-09-17,P3 - Medium,Scheduled
BLK-03672,TSK-03672,COR-058,Electrical,120,2026-09-21,P3 - Medium,Rejected
BLK-03673,TSK-03673,COR-052,Operating,360,2026-09-26,P3 - Medium,Scheduled
BLK-03674,TSK-03674,COR-071,Electrical,120,2026-09-15,P1 - Emergency,Conflict Flagged
BLK-03675,TSK-03675,COR-066,Engineering,180,2026-09-24,P2 - High,Pending
BLK-03676,TSK-03676,COR-060,Engineering,360,2026-09-19,P2 - High,Approved
BLK-03677,TSK-03677,COR-089,Signal & Telecom,180,2026-09-20,P1 - Emergency,Conflict Flagged
BLK-03678,TSK-03678,COR-084,Engineering,180,2026-09-17,P4 - Routine,Rejected
BLK-03679,TSK-03679,COR-053,Operating,180,2026-09-14,P3 - Medium,Conflict Flagged
BLK-03680,TSK-03680,COR-084,Operating,240,2026-09-19,P2 - High,Conflict Flagged
BLK-03681,TSK-03681,COR-047,Signal & Telecom,300,2026-09-10,P4 - Routine,Approved
BLK-03682,TSK-03682,COR-065,Signal & Telecom,120,2026-09-11,P3 - Medium,Conflict Flagged
BLK-03683,TSK-03683,COR-061,Engineering,360,2026-09-21,P2 - High,Pending
BLK-03684,TSK-03684,COR-062,Operating,240,2026-09-16,P2 - High,Scheduled
BLK-03685,TSK-03685,COR-100,Engineering,300,2026-09-23,P4 - Routine,Conflict Flagged
BLK-03686,TSK-03686,COR-032,Electrical,120,2026-09-17,P2 - High,Rejected
BLK-03687,TSK-03687,COR-087,Engineering,240,2026-09-24,P1 - Emergency,Approved
BLK-03688,TSK-03688,COR-063,Operating,120,2026-09-22,P2 - High,Pending
BLK-03689,TSK-03689,COR-072,Engineering,180,2026-09-12,P2 - High,Rejected
BLK-03690,TSK-03690,COR-062,Engineering,240,2026-09-16,P4 - Routine,Pending
BLK-03691,TSK-03691,COR-091,Engineering,60,2026-09-10,P2 - High,Approved
BLK-03692,TSK-03692,COR-054,Signal & Telecom,300,2026-09-23,P1 - Emergency,Rejected
BLK-03693,TSK-03693,COR-029,Electrical,240,2026-09-25,P1 - Emergency,Conflict Flagged
BLK-03694,TSK-03694,COR-010,Operating,120,2026-09-17,P2 - High,Approved
BLK-03695,TSK-03695,COR-005,Operating,60,2026-09-11,P2 - High,Approved
BLK-03696,TSK-03696,COR-067,Operating,300,2026-09-18,P4 - Routine,Scheduled
BLK-03697,TSK-03697,COR-093,Operating,240,2026-09-16,P4 - Routine,Pending
BLK-03698,TSK-03698,COR-056,Signal & Telecom,240,2026-09-10,P1 - Emergency,Pending
BLK-03699,TSK-03699,COR-079,Engineering,180,2026-09-16,P2 - High,Approved
BLK-03700,TSK-03700,COR-080,Signal & Telecom,360,2026-09-22,P2 - High,Pending
BLK-03701,TSK-03701,COR-058,Electrical,360,2026-09-25,P1 - Emergency,Approved
BLK-03702,TSK-03702,COR-051,Electrical,60,2026-09-20,P2 - High,Pending
BLK-03703,TSK-03703,COR-096,Engineering,240,2026-09-24,P2 - High,Scheduled
BLK-03704,TSK-03704,COR-003,Operating,300,2026-09-11,P4 - Routine,Rejected
BLK-03705,TSK-03705,COR-030,Signal & Telecom,300,2026-09-28,P1 - Emergency,Pending
BLK-03706,TSK-03706,COR-050,Engineering,300,2026-09-10,P4 - Routine,Rejected
BLK-03707,TSK-03707,COR-078,Electrical,240,2026-09-25,P4 - Routine,Pending
BLK-03708,TSK-03708,COR-067,Electrical,300,2026-09-24,P2 - High,Rejected
BLK-03709,TSK-03709,COR-014,Electrical,360,2026-09-24,P4 - Routine,Approved
BLK-03710,TSK-03710,COR-077,Engineering,360,2026-09-27,P1 - Emergency,Rejected
BLK-03711,TSK-03711,COR-006,Engineering,240,2026-09-13,P1 - Emergency,Scheduled
BLK-03712,TSK-03712,COR-045,Operating,120,2026-09-23,P2 - High,Pending
BLK-03713,TSK-03713,COR-052,Signal & Telecom,240,2026-09-11,P1 - Emergency,Pending
BLK-03714,TSK-03714,COR-028,Operating,60,2026-09-12,P4 - Routine,Approved
BLK-03715,TSK-03715,COR-034,Electrical,60,2026-09-26,P1 - Emergency,Rejected
BLK-03716,TSK-03716,COR-076,Operating,360,2026-09-23,P2 - High,Approved
BLK-03717,TSK-03717,COR-078,Operating,240,2026-09-19,P1 - Emergency,Approved
BLK-03718,TSK-03718,COR-096,Engineering,240,2026-09-22,P2 - High,Scheduled
BLK-03719,TSK-03719,COR-058,Engineering,60,2026-09-19,P1 - Emergency,Rejected
BLK-03720,TSK-03720,COR-071,Signal & Telecom,120,2026-09-24,P4 - Routine,Rejected
BLK-03721,TSK-03721,COR-058,Signal & Telecom,300,2026-09-13,P4 - Routine,Scheduled
BLK-03722,TSK-03722,COR-059,Operating,180,2026-09-23,P3 - Medium,Pending
BLK-03723,TSK-03723,COR-079,Operating,360,2026-09-23,P4 - Routine,Approved
BLK-03724,TSK-03724,COR-024,Operating,300,2026-09-12,P3 - Medium,Scheduled
BLK-03725,TSK-03725,COR-031,Engineering,360,2026-09-10,P1 - Emergency,Conflict Flagged
BLK-03726,TSK-03726,COR-036,Electrical,180,2026-09-20,P2 - High,Conflict Flagged
BLK-03727,TSK-03727,COR-014,Electrical,360,2026-09-23,P1 - Emergency,Pending
BLK-03728,TSK-03728,COR-065,Electrical,360,2026-09-12,P2 - High,Rejected
BLK-03729,TSK-03729,COR-037,Engineering,300,2026-09-25,P2 - High,Rejected
BLK-03730,TSK-03730,COR-025,Signal & Telecom,120,2026-09-16,P3 - Medium,Rejected
BLK-03731,TSK-03731,COR-089,Electrical,60,2026-09-17,P2 - High,Rejected
BLK-03732,TSK-03732,COR-029,Signal & Telecom,240,2026-09-28,P2 - High,Pending
BLK-03733,TSK-03733,COR-051,Operating,60,2026-09-29,P2 - High,Conflict Flagged
BLK-03734,TSK-03734,COR-028,Engineering,240,2026-09-13,P1 - Emergency,Approved
BLK-03735,TSK-03735,COR-048,Operating,240,2026-09-16,P1 - Emergency,Pending
BLK-03736,TSK-03736,COR-087,Operating,240,2026-09-22,P4 - Routine,Approved
BLK-03737,TSK-03737,COR-028,Electrical,240,2026-09-18,P2 - High,Conflict Flagged
BLK-03738,TSK-03738,COR-089,Operating,240,2026-09-25,P1 - Emergency,Rejected
BLK-03739,TSK-03739,COR-100,Electrical,60,2026-09-09,P4 - Routine,Conflict Flagged
BLK-03740,TSK-03740,COR-098,Engineering,300,2026-09-19,P4 - Routine,Pending
BLK-03741,TSK-03741,COR-014,Operating,120,2026-09-25,P3 - Medium,Rejected
BLK-03742,TSK-03742,COR-016,Signal & Telecom,240,2026-09-27,P2 - High,Rejected
BLK-03743,TSK-03743,COR-033,Electrical,180,2026-09-26,P1 - Emergency,Pending
BLK-03744,TSK-03744,COR-032,Operating,180,2026-09-27,P4 - Routine,Pending
BLK-03745,TSK-03745,COR-050,Signal & Telecom,180,2026-09-09,P1 - Emergency,Rejected
BLK-03746,TSK-03746,COR-048,Operating,60,2026-09-25,P1 - Emergency,Pending
BLK-03747,TSK-03747,COR-004,Engineering,240,2026-09-14,P4 - Routine,Rejected
BLK-03748,TSK-03748,COR-062,Electrical,180,2026-09-19,P1 - Emergency,Scheduled
BLK-03749,TSK-03749,COR-081,Electrical,120,2026-09-14,P2 - High,Conflict Flagged
BLK-03750,TSK-03750,COR-086,Signal & Telecom,240,2026-09-18,P3 - Medium,Scheduled
BLK-03751,TSK-03751,COR-067,Electrical,120,2026-09-09,P4 - Routine,Approved
BLK-03752,TSK-03752,COR-052,Electrical,300,2026-09-15,P2 - High,Conflict Flagged
BLK-03753,TSK-03753,COR-064,Operating,120,2026-09-19,P3 - Medium,Pending
BLK-03754,TSK-03754,COR-011,Operating,300,2026-09-22,P1 - Emergency,Scheduled
BLK-03755,TSK-03755,COR-095,Engineering,300,2026-09-14,P3 - Medium,Scheduled
BLK-03756,TSK-03756,COR-004,Engineering,60,2026-09-22,P4 - Routine,Scheduled
BLK-03757,TSK-03757,COR-088,Engineering,240,2026-09-13,P3 - Medium,Approved
BLK-03758,TSK-03758,COR-043,Engineering,360,2026-09-17,P2 - High,Rejected
BLK-03759,TSK-03759,COR-005,Signal & Telecom,60,2026-09-19,P1 - Emergency,Scheduled
BLK-03760,TSK-03760,COR-039,Signal & Telecom,180,2026-09-19,P4 - Routine,Rejected
BLK-03761,TSK-03761,COR-083,Operating,360,2026-09-15,P3 - Medium,Pending
BLK-03762,TSK-03762,COR-008,Engineering,60,2026-09-13,P3 - Medium,Pending
BLK-03763,TSK-03763,COR-059,Engineering,360,2026-09-27,P4 - Routine,Approved
BLK-03764,TSK-03764,COR-076,Operating,360,2026-09-14,P4 - Routine,Pending
BLK-03765,TSK-03765,COR-075,Engineering,240,2026-09-29,P4 - Routine,Pending
BLK-03766,TSK-03766,COR-028,Signal & Telecom,300,2026-09-15,P4 - Routine,Scheduled
BLK-03767,TSK-03767,COR-004,Signal & Telecom,240,2026-09-23,P4 - Routine,Approved
BLK-03768,TSK-03768,COR-091,Signal & Telecom,120,2026-09-24,P2 - High,Approved
BLK-03769,TSK-03769,COR-061,Engineering,240,2026-09-11,P1 - Emergency,Pending
BLK-03770,TSK-03770,COR-029,Operating,240,2026-09-14,P2 - High,Pending
BLK-03771,TSK-03771,COR-014,Engineering,180,2026-09-26,P3 - Medium,Conflict Flagged
BLK-03772,TSK-03772,COR-012,Signal & Telecom,120,2026-09-09,P1 - Emergency,Conflict Flagged
BLK-03773,TSK-03773,COR-011,Signal & Telecom,120,2026-09-25,P4 - Routine,Scheduled
BLK-03774,TSK-03774,COR-069,Operating,120,2026-09-19,P3 - Medium,Pending
BLK-03775,TSK-03775,COR-055,Electrical,60,2026-09-20,P3 - Medium,Approved
BLK-03776,TSK-03776,COR-092,Operating,120,2026-09-13,P3 - Medium,Scheduled
BLK-03777,TSK-03777,COR-013,Engineering,120,2026-09-10,P4 - Routine,Rejected
BLK-03778,TSK-03778,COR-094,Operating,240,2026-09-12,P3 - Medium,Scheduled
BLK-03779,TSK-03779,COR-010,Operating,60,2026-09-20,P4 - Routine,Approved
BLK-03780,TSK-03780,COR-017,Operating,180,2026-09-09,P4 - Routine,Scheduled
BLK-03781,TSK-03781,COR-093,Electrical,240,2026-09-11,P1 - Emergency,Rejected
BLK-03782,TSK-03782,COR-011,Electrical,180,2026-09-28,P1 - Emergency,Conflict Flagged
BLK-03783,TSK-03783,COR-057,Operating,60,2026-09-16,P3 - Medium,Conflict Flagged
BLK-03784,TSK-03784,COR-013,Signal & Telecom,180,2026-09-27,P1 - Emergency,Approved
BLK-03785,TSK-03785,COR-051,Signal & Telecom,60,2026-09-19,P1 - Emergency,Approved
BLK-03786,TSK-03786,COR-072,Signal & Telecom,60,2026-09-13,P1 - Emergency,Approved
BLK-03787,TSK-03787,COR-014,Signal & Telecom,360,2026-09-16,P3 - Medium,Scheduled
BLK-03788,TSK-03788,COR-014,Electrical,240,2026-09-15,P3 - Medium,Pending
BLK-03789,TSK-03789,COR-079,Operating,180,2026-09-16,P3 - Medium,Rejected
BLK-03790,TSK-03790,COR-048,Signal & Telecom,60,2026-09-22,P2 - High,Pending
BLK-03791,TSK-03791,COR-057,Electrical,300,2026-09-22,P3 - Medium,Approved
BLK-03792,TSK-03792,COR-029,Engineering,120,2026-09-19,P4 - Routine,Approved
BLK-03793,TSK-03793,COR-070,Electrical,360,2026-09-28,P2 - High,Approved
BLK-03794,TSK-03794,COR-047,Signal & Telecom,180,2026-09-28,P3 - Medium,Pending
BLK-03795,TSK-03795,COR-083,Engineering,240,2026-09-17,P4 - Routine,Scheduled
BLK-03796,TSK-03796,COR-067,Electrical,360,2026-09-23,P3 - Medium,Rejected
BLK-03797,TSK-03797,COR-042,Engineering,180,2026-09-16,P2 - High,Approved
BLK-03798,TSK-03798,COR-073,Operating,300,2026-09-10,P3 - Medium,Rejected
BLK-03799,TSK-03799,COR-034,Operating,60,2026-09-11,P2 - High,Conflict Flagged
BLK-03800,TSK-03800,COR-033,Operating,240,2026-09-16,P2 - High,Rejected
BLK-03801,TSK-03801,COR-054,Electrical,60,2026-09-21,P4 - Routine,Scheduled
BLK-03802,TSK-03802,COR-090,Engineering,300,2026-09-29,P1 - Emergency,Rejected
BLK-03803,TSK-03803,COR-097,Engineering,180,2026-09-12,P2 - High,Rejected
BLK-03804,TSK-03804,COR-049,Operating,60,2026-09-17,P2 - High,Scheduled
BLK-03805,TSK-03805,COR-100,Engineering,60,2026-09-21,P2 - High,Approved
BLK-03806,TSK-03806,COR-069,Electrical,120,2026-09-09,P4 - Routine,Approved
BLK-03807,TSK-03807,COR-079,Electrical,180,2026-09-21,P4 - Routine,Scheduled
BLK-03808,TSK-03808,COR-020,Operating,240,2026-09-29,P2 - High,Scheduled
BLK-03809,TSK-03809,COR-047,Operating,120,2026-09-14,P4 - Routine,Approved
BLK-03810,TSK-03810,COR-055,Engineering,180,2026-09-24,P2 - High,Approved
BLK-03811,TSK-03811,COR-043,Electrical,180,2026-09-28,P4 - Routine,Rejected
BLK-03812,TSK-03812,COR-067,Electrical,300,2026-09-26,P1 - Emergency,Approved
BLK-03813,TSK-03813,COR-045,Operating,180,2026-09-09,P3 - Medium,Conflict Flagged
BLK-03814,TSK-03814,COR-011,Engineering,300,2026-09-12,P1 - Emergency,Scheduled
BLK-03815,TSK-03815,COR-045,Electrical,240,2026-09-20,P2 - High,Conflict Flagged
BLK-03816,TSK-03816,COR-014,Engineering,360,2026-09-25,P4 - Routine,Pending
BLK-03817,TSK-03817,COR-087,Operating,360,2026-09-18,P1 - Emergency,Approved
BLK-03818,TSK-03818,COR-100,Electrical,240,2026-09-17,P3 - Medium,Scheduled
BLK-03819,TSK-03819,COR-037,Operating,180,2026-09-10,P1 - Emergency,Pending
BLK-03820,TSK-03820,COR-087,Engineering,120,2026-09-11,P1 - Emergency,Rejected
BLK-03821,TSK-03821,COR-100,Electrical,120,2026-09-19,P2 - High,Approved
BLK-03822,TSK-03822,COR-065,Signal & Telecom,240,2026-09-25,P1 - Emergency,Scheduled
BLK-03823,TSK-03823,COR-070,Operating,360,2026-09-19,P2 - High,Scheduled
BLK-03824,TSK-03824,COR-029,Engineering,180,2026-09-13,P1 - Emergency,Pending
BLK-03825,TSK-03825,COR-080,Operating,360,2026-09-14,P3 - Medium,Approved
BLK-03826,TSK-03826,COR-048,Electrical,120,2026-09-13,P1 - Emergency,Pending
BLK-03827,TSK-03827,COR-076,Engineering,300,2026-09-25,P3 - Medium,Approved
BLK-03828,TSK-03828,COR-023,Signal & Telecom,240,2026-09-22,P1 - Emergency,Approved
BLK-03829,TSK-03829,COR-067,Engineering,180,2026-09-29,P4 - Routine,Rejected
BLK-03830,TSK-03830,COR-070,Electrical,240,2026-09-24,P1 - Emergency,Conflict Flagged
BLK-03831,TSK-03831,COR-061,Electrical,120,2026-09-20,P4 - Routine,Conflict Flagged
BLK-03832,TSK-03832,COR-059,Operating,120,2026-09-18,P3 - Medium,Scheduled
BLK-03833,TSK-03833,COR-089,Engineering,240,2026-09-09,P4 - Routine,Scheduled
BLK-03834,TSK-03834,COR-048,Engineering,360,2026-09-18,P1 - Emergency,Scheduled
BLK-03835,TSK-03835,COR-074,Operating,180,2026-09-25,P3 - Medium,Conflict Flagged
BLK-03836,TSK-03836,COR-027,Operating,180,2026-09-27,P4 - Routine,Rejected
BLK-03837,TSK-03837,COR-026,Signal & Telecom,360,2026-09-18,P1 - Emergency,Rejected
BLK-03838,TSK-03838,COR-099,Engineering,300,2026-09-22,P2 - High,Scheduled
BLK-03839,TSK-03839,COR-026,Operating,180,2026-09-10,P1 - Emergency,Approved
BLK-03840,TSK-03840,COR-001,Operating,60,2026-09-20,P4 - Routine,Conflict Flagged
BLK-03841,TSK-03841,COR-084,Signal & Telecom,240,2026-09-25,P1 - Emergency,Approved
BLK-03842,TSK-03842,COR-005,Operating,300,2026-09-29,P3 - Medium,Scheduled
BLK-03843,TSK-03843,COR-017,Operating,300,2026-09-24,P1 - Emergency,Scheduled
BLK-03844,TSK-03844,COR-093,Signal & Telecom,300,2026-09-29,P3 - Medium,Rejected
BLK-03845,TSK-03845,COR-098,Engineering,120,2026-09-13,P3 - Medium,Approved
BLK-03846,TSK-03846,COR-047,Operating,300,2026-09-28,P4 - Routine,Pending
BLK-03847,TSK-03847,COR-047,Electrical,60,2026-09-16,P1 - Emergency,Pending
BLK-03848,TSK-03848,COR-079,Signal & Telecom,300,2026-09-12,P1 - Emergency,Scheduled
BLK-03849,TSK-03849,COR-026,Signal & Telecom,360,2026-09-24,P3 - Medium,Conflict Flagged
BLK-03850,TSK-03850,COR-033,Electrical,180,2026-09-17,P3 - Medium,Approved
BLK-03851,TSK-03851,COR-067,Electrical,240,2026-09-13,P2 - High,Conflict Flagged
BLK-03852,TSK-03852,COR-038,Signal & Telecom,120,2026-09-13,P3 - Medium,Rejected
BLK-03853,TSK-03853,COR-095,Engineering,60,2026-09-15,P2 - High,Conflict Flagged
BLK-03854,TSK-03854,COR-014,Operating,300,2026-09-23,P4 - Routine,Approved
BLK-03855,TSK-03855,COR-018,Electrical,300,2026-09-14,P1 - Emergency,Rejected
BLK-03856,TSK-03856,COR-013,Engineering,360,2026-09-23,P2 - High,Pending
BLK-03857,TSK-03857,COR-073,Operating,360,2026-09-12,P4 - Routine,Pending
BLK-03858,TSK-03858,COR-095,Electrical,60,2026-09-16,P4 - Routine,Conflict Flagged
BLK-03859,TSK-03859,COR-049,Signal & Telecom,180,2026-09-29,P4 - Routine,Scheduled
BLK-03860,TSK-03860,COR-049,Signal & Telecom,240,2026-09-09,P1 - Emergency,Conflict Flagged
BLK-03861,TSK-03861,COR-096,Operating,180,2026-09-27,P1 - Emergency,Conflict Flagged
BLK-03862,TSK-03862,COR-059,Operating,360,2026-09-29,P2 - High,Conflict Flagged
BLK-03863,TSK-03863,COR-024,Signal & Telecom,180,2026-09-10,P2 - High,Approved
BLK-03864,TSK-03864,COR-044,Signal & Telecom,180,2026-09-17,P1 - Emergency,Scheduled
BLK-03865,TSK-03865,COR-022,Engineering,120,2026-09-23,P4 - Routine,Rejected
BLK-03866,TSK-03866,COR-090,Signal & Telecom,180,2026-09-19,P4 - Routine,Scheduled
BLK-03867,TSK-03867,COR-026,Electrical,360,2026-09-13,P2 - High,Scheduled
BLK-03868,TSK-03868,COR-044,Engineering,240,2026-09-15,P4 - Routine,Pending
BLK-03869,TSK-03869,COR-062,Electrical,120,2026-09-18,P3 - Medium,Pending
BLK-03870,TSK-03870,COR-065,Electrical,360,2026-09-18,P3 - Medium,Rejected
BLK-03871,TSK-03871,COR-083,Electrical,120,2026-09-21,P3 - Medium,Rejected
BLK-03872,TSK-03872,COR-087,Signal & Telecom,300,2026-09-12,P4 - Routine,Approved
BLK-03873,TSK-03873,COR-084,Signal & Telecom,240,2026-09-26,P2 - High,Pending
BLK-03874,TSK-03874,COR-073,Electrical,60,2026-09-21,P4 - Routine,Rejected
BLK-03875,TSK-03875,COR-004,Signal & Telecom,180,2026-09-13,P3 - Medium,Approved
BLK-03876,TSK-03876,COR-010,Operating,300,2026-09-29,P2 - High,Rejected
BLK-03877,TSK-03877,COR-080,Engineering,180,2026-09-23,P2 - High,Approved
BLK-03878,TSK-03878,COR-076,Electrical,60,2026-09-09,P2 - High,Conflict Flagged
BLK-03879,TSK-03879,COR-005,Signal & Telecom,300,2026-09-18,P4 - Routine,Scheduled
BLK-03880,TSK-03880,COR-038,Electrical,180,2026-09-14,P2 - High,Scheduled
BLK-03881,TSK-03881,COR-004,Engineering,240,2026-09-24,P4 - Routine,Pending
BLK-03882,TSK-03882,COR-004,Signal & Telecom,300,2026-09-29,P4 - Routine,Conflict Flagged
BLK-03883,TSK-03883,COR-008,Engineering,360,2026-09-15,P3 - Medium,Scheduled
BLK-03884,TSK-03884,COR-012,Signal & Telecom,120,2026-09-13,P1 - Emergency,Scheduled
BLK-03885,TSK-03885,COR-035,Engineering,240,2026-09-19,P1 - Emergency,Conflict Flagged
BLK-03886,TSK-03886,COR-061,Operating,60,2026-09-10,P2 - High,Scheduled
BLK-03887,TSK-03887,COR-091,Engineering,180,2026-09-27,P1 - Emergency,Scheduled
BLK-03888,TSK-03888,COR-014,Operating,60,2026-09-20,P3 - Medium,Scheduled
BLK-03889,TSK-03889,COR-064,Engineering,240,2026-09-11,P1 - Emergency,Pending
BLK-03890,TSK-03890,COR-093,Electrical,300,2026-09-22,P1 - Emergency,Scheduled
BLK-03891,TSK-03891,COR-031,Signal & Telecom,180,2026-09-28,P3 - Medium,Approved
BLK-03892,TSK-03892,COR-004,Engineering,180,2026-09-11,P1 - Emergency,Conflict Flagged
BLK-03893,TSK-03893,COR-040,Operating,240,2026-09-26,P4 - Routine,Scheduled
BLK-03894,TSK-03894,COR-020,Engineering,120,2026-09-18,P1 - Emergency,Approved
BLK-03895,TSK-03895,COR-011,Engineering,300,2026-09-25,P2 - High,Rejected
BLK-03896,TSK-03896,COR-064,Operating,240,2026-09-29,P4 - Routine,Pending
BLK-03897,TSK-03897,COR-033,Signal & Telecom,60,2026-09-11,P2 - High,Scheduled
BLK-03898,TSK-03898,COR-008,Signal & Telecom,300,2026-09-15,P1 - Emergency,Rejected
BLK-03899,TSK-03899,COR-094,Electrical,120,2026-09-21,P1 - Emergency,Pending
BLK-03900,TSK-03900,COR-001,Electrical,240,2026-09-09,P3 - Medium,Conflict Flagged
BLK-03901,TSK-03901,COR-100,Engineering,360,2026-09-26,P3 - Medium,Scheduled
BLK-03902,TSK-03902,COR-002,Operating,60,2026-09-21,P2 - High,Conflict Flagged
BLK-03903,TSK-03903,COR-006,Signal & Telecom,120,2026-09-16,P2 - High,Conflict Flagged
BLK-03904,TSK-03904,COR-075,Engineering,120,2026-09-25,P4 - Routine,Pending
BLK-03905,TSK-03905,COR-077,Signal & Telecom,60,2026-09-25,P3 - Medium,Pending
BLK-03906,TSK-03906,COR-053,Signal & Telecom,60,2026-09-13,P3 - Medium,Rejected
BLK-03907,TSK-03907,COR-099,Engineering,240,2026-09-23,P4 - Routine,Scheduled
BLK-03908,TSK-03908,COR-043,Engineering,360,2026-09-26,P4 - Routine,Approved
BLK-03909,TSK-03909,COR-075,Signal & Telecom,360,2026-09-18,P1 - Emergency,Rejected
BLK-03910,TSK-03910,COR-041,Engineering,240,2026-09-15,P2 - High,Rejected
BLK-03911,TSK-03911,COR-059,Engineering,360,2026-09-23,P4 - Routine,Conflict Flagged
BLK-03912,TSK-03912,COR-065,Engineering,360,2026-09-12,P3 - Medium,Conflict Flagged
BLK-03913,TSK-03913,COR-052,Engineering,360,2026-09-16,P1 - Emergency,Pending
BLK-03914,TSK-03914,COR-092,Operating,300,2026-09-27,P4 - Routine,Rejected
BLK-03915,TSK-03915,COR-035,Electrical,360,2026-09-24,P3 - Medium,Rejected
BLK-03916,TSK-03916,COR-075,Electrical,180,2026-09-26,P3 - Medium,Scheduled
BLK-03917,TSK-03917,COR-036,Operating,180,2026-09-21,P4 - Routine,Pending
BLK-03918,TSK-03918,COR-082,Engineering,360,2026-09-23,P1 - Emergency,Rejected
BLK-03919,TSK-03919,COR-057,Electrical,360,2026-09-17,P3 - Medium,Conflict Flagged
BLK-03920,TSK-03920,COR-091,Signal & Telecom,240,2026-09-24,P1 - Emergency,Conflict Flagged
BLK-03921,TSK-03921,COR-052,Electrical,300,2026-09-16,P4 - Routine,Conflict Flagged
BLK-03922,TSK-03922,COR-067,Engineering,180,2026-09-16,P1 - Emergency,Conflict Flagged
BLK-03923,TSK-03923,COR-017,Electrical,360,2026-09-26,P3 - Medium,Rejected
BLK-03924,TSK-03924,COR-093,Electrical,300,2026-09-23,P2 - High,Pending
BLK-03925,TSK-03925,COR-078,Operating,60,2026-09-19,P1 - Emergency,Scheduled
BLK-03926,TSK-03926,COR-088,Signal & Telecom,180,2026-09-11,P3 - Medium,Pending
BLK-03927,TSK-03927,COR-038,Engineering,240,2026-09-25,P3 - Medium,Pending
BLK-03928,TSK-03928,COR-041,Electrical,360,2026-09-12,P3 - Medium,Rejected
BLK-03929,TSK-03929,COR-100,Signal & Telecom,240,2026-09-13,P4 - Routine,Pending
BLK-03930,TSK-03930,COR-029,Electrical,60,2026-09-23,P3 - Medium,Rejected
BLK-03931,TSK-03931,COR-043,Operating,240,2026-09-22,P3 - Medium,Rejected
BLK-03932,TSK-03932,COR-058,Operating,60,2026-09-23,P2 - High,Approved
BLK-03933,TSK-03933,COR-095,Operating,300,2026-09-19,P1 - Emergency,Pending
BLK-03934,TSK-03934,COR-039,Operating,120,2026-09-29,P3 - Medium,Conflict Flagged
BLK-03935,TSK-03935,COR-034,Engineering,60,2026-09-29,P4 - Routine,Rejected
BLK-03936,TSK-03936,COR-094,Engineering,180,2026-09-09,P1 - Emergency,Rejected
BLK-03937,TSK-03937,COR-081,Signal & Telecom,180,2026-09-15,P1 - Emergency,Scheduled
BLK-03938,TSK-03938,COR-037,Engineering,180,2026-09-11,P3 - Medium,Conflict Flagged
BLK-03939,TSK-03939,COR-044,Operating,120,2026-09-20,P4 - Routine,Approved
BLK-03940,TSK-03940,COR-030,Engineering,360,2026-09-21,P1 - Emergency,Rejected
BLK-03941,TSK-03941,COR-031,Electrical,240,2026-09-09,P1 - Emergency,Rejected
BLK-03942,TSK-03942,COR-051,Operating,120,2026-09-18,P4 - Routine,Conflict Flagged
BLK-03943,TSK-03943,COR-008,Operating,240,2026-09-14,P1 - Emergency,Rejected
BLK-03944,TSK-03944,COR-084,Electrical,300,2026-09-14,P2 - High,Pending
BLK-03945,TSK-03945,COR-036,Signal & Telecom,360,2026-09-20,P4 - Routine,Scheduled
BLK-03946,TSK-03946,COR-052,Operating,60,2026-09-22,P4 - Routine,Scheduled
BLK-03947,TSK-03947,COR-058,Electrical,60,2026-09-19,P1 - Emergency,Approved
BLK-03948,TSK-03948,COR-028,Operating,120,2026-09-11,P3 - Medium,Scheduled
BLK-03949,TSK-03949,COR-073,Engineering,180,2026-09-21,P1 - Emergency,Scheduled
BLK-03950,TSK-03950,COR-051,Operating,240,2026-09-11,P1 - Emergency,Conflict Flagged
BLK-03951,TSK-03951,COR-052,Operating,180,2026-09-14,P1 - Emergency,Pending
BLK-03952,TSK-03952,COR-059,Electrical,180,2026-09-12,P4 - Routine,Rejected
BLK-03953,TSK-03953,COR-038,Signal & Telecom,180,2026-09-15,P1 - Emergency,Rejected
BLK-03954,TSK-03954,COR-041,Electrical,180,2026-09-28,P1 - Emergency,Scheduled
BLK-03955,TSK-03955,COR-004,Operating,360,2026-09-09,P4 - Routine,Scheduled
BLK-03956,TSK-03956,COR-071,Signal & Telecom,300,2026-09-14,P4 - Routine,Approved
BLK-03957,TSK-03957,COR-005,Engineering,360,2026-09-23,P3 - Medium,Scheduled
BLK-03958,TSK-03958,COR-061,Operating,360,2026-09-10,P2 - High,Pending
BLK-03959,TSK-03959,COR-035,Engineering,180,2026-09-10,P2 - High,Rejected
BLK-03960,TSK-03960,COR-065,Operating,60,2026-09-16,P3 - Medium,Rejected
BLK-03961,TSK-03961,COR-097,Signal & Telecom,60,2026-09-19,P2 - High,Rejected
BLK-03962,TSK-03962,COR-019,Electrical,240,2026-09-09,P1 - Emergency,Conflict Flagged
BLK-03963,TSK-03963,COR-056,Engineering,300,2026-09-19,P4 - Routine,Pending
BLK-03964,TSK-03964,COR-003,Signal & Telecom,240,2026-09-25,P2 - High,Rejected
BLK-03965,TSK-03965,COR-063,Electrical,300,2026-09-26,P4 - Routine,Scheduled
BLK-03966,TSK-03966,COR-001,Engineering,180,2026-09-23,P3 - Medium,Pending
BLK-03967,TSK-03967,COR-001,Operating,180,2026-09-15,P3 - Medium,Pending
BLK-03968,TSK-03968,COR-074,Signal & Telecom,180,2026-09-15,P4 - Routine,Approved
BLK-03969,TSK-03969,COR-049,Signal & Telecom,120,2026-09-23,P1 - Emergency,Pending
BLK-03970,TSK-03970,COR-051,Signal & Telecom,60,2026-09-29,P4 - Routine,Rejected
BLK-03971,TSK-03971,COR-003,Operating,300,2026-09-16,P3 - Medium,Rejected
BLK-03972,TSK-03972,COR-001,Engineering,120,2026-09-29,P1 - Emergency,Conflict Flagged
BLK-03973,TSK-03973,COR-096,Operating,240,2026-09-27,P2 - High,Scheduled
BLK-03974,TSK-03974,COR-036,Operating,240,2026-09-16,P2 - High,Pending
BLK-03975,TSK-03975,COR-043,Engineering,180,2026-09-12,P1 - Emergency,Pending
BLK-03976,TSK-03976,COR-073,Signal & Telecom,120,2026-09-11,P1 - Emergency,Pending
BLK-03977,TSK-03977,COR-080,Engineering,240,2026-09-26,P1 - Emergency,Rejected
BLK-03978,TSK-03978,COR-089,Electrical,120,2026-09-16,P2 - High,Pending
BLK-03979,TSK-03979,COR-078,Signal & Telecom,300,2026-09-27,P3 - Medium,Approved
BLK-03980,TSK-03980,COR-048,Engineering,360,2026-09-20,P2 - High,Conflict Flagged
BLK-03981,TSK-03981,COR-067,Electrical,360,2026-09-11,P2 - High,Rejected
BLK-03982,TSK-03982,COR-096,Engineering,240,2026-09-25,P2 - High,Pending
BLK-03983,TSK-03983,COR-094,Electrical,300,2026-09-12,P2 - High,Pending
BLK-03984,TSK-03984,COR-022,Electrical,300,2026-09-13,P2 - High,Rejected
BLK-03985,TSK-03985,COR-085,Signal & Telecom,60,2026-09-20,P3 - Medium,Conflict Flagged
BLK-03986,TSK-03986,COR-019,Electrical,180,2026-09-23,P3 - Medium,Conflict Flagged
BLK-03987,TSK-03987,COR-096,Operating,300,2026-09-14,P3 - Medium,Approved
BLK-03988,TSK-03988,COR-001,Engineering,180,2026-09-14,P4 - Routine,Conflict Flagged
BLK-03989,TSK-03989,COR-048,Electrical,60,2026-09-16,P2 - High,Approved
BLK-03990,TSK-03990,COR-040,Signal & Telecom,240,2026-09-14,P4 - Routine,Scheduled
BLK-03991,TSK-03991,COR-044,Engineering,180,2026-09-20,P4 - Routine,Approved
BLK-03992,TSK-03992,COR-020,Operating,60,2026-09-22,P1 - Emergency,Scheduled
BLK-03993,TSK-03993,COR-075,Electrical,180,2026-09-19,P3 - Medium,Pending
BLK-03994,TSK-03994,COR-092,Electrical,60,2026-09-21,P1 - Emergency,Approved
BLK-03995,TSK-03995,COR-071,Signal & Telecom,300,2026-09-18,P2 - High,Scheduled
BLK-03996,TSK-03996,COR-080,Signal & Telecom,360,2026-09-22,P4 - Routine,Rejected
BLK-03997,TSK-03997,COR-081,Electrical,180,2026-09-22,P2 - High,Pending
BLK-03998,TSK-03998,COR-008,Signal & Telecom,360,2026-09-11,P2 - High,Approved
BLK-03999,TSK-03999,COR-040,Electrical,360,2026-09-28,P1 - Emergency,Approved
BLK-04000,TSK-04000,COR-004,Operating,360,2026-09-25,P2 - High,Conflict Flagged
BLK-04001,TSK-04001,COR-045,Signal & Telecom,300,2026-09-19,P1 - Emergency,Scheduled
BLK-04002,TSK-04002,COR-058,Operating,300,2026-09-27,P3 - Medium,Rejected
BLK-04003,TSK-04003,COR-079,Engineering,300,2026-09-19,P2 - High,Pending
BLK-04004,TSK-04004,COR-062,Signal & Telecom,300,2026-09-19,P3 - Medium,Pending
BLK-04005,TSK-04005,COR-098,Signal & Telecom,240,2026-09-13,P3 - Medium,Pending
BLK-04006,TSK-04006,COR-075,Operating,360,2026-09-27,P2 - High,Scheduled
BLK-04007,TSK-04007,COR-070,Operating,360,2026-09-17,P3 - Medium,Pending
BLK-04008,TSK-04008,COR-024,Engineering,60,2026-09-27,P4 - Routine,Conflict Flagged
BLK-04009,TSK-04009,COR-095,Operating,240,2026-09-18,P3 - Medium,Rejected
BLK-04010,TSK-04010,COR-083,Electrical,120,2026-09-23,P4 - Routine,Approved
BLK-04011,TSK-04011,COR-100,Electrical,300,2026-09-11,P2 - High,Conflict Flagged
BLK-04012,TSK-04012,COR-007,Operating,60,2026-09-29,P2 - High,Pending
BLK-04013,TSK-04013,COR-009,Operating,60,2026-09-20,P2 - High,Conflict Flagged
BLK-04014,TSK-04014,COR-048,Electrical,120,2026-09-15,P3 - Medium,Conflict Flagged
BLK-04015,TSK-04015,COR-064,Operating,120,2026-09-23,P4 - Routine,Approved
BLK-04016,TSK-04016,COR-093,Engineering,180,2026-09-15,P2 - High,Rejected
BLK-04017,TSK-04017,COR-003,Engineering,360,2026-09-18,P1 - Emergency,Scheduled
BLK-04018,TSK-04018,COR-049,Electrical,120,2026-09-12,P1 - Emergency,Conflict Flagged
BLK-04019,TSK-04019,COR-082,Electrical,180,2026-09-20,P4 - Routine,Rejected
BLK-04020,TSK-04020,COR-020,Signal & Telecom,360,2026-09-29,P4 - Routine,Pending
BLK-04021,TSK-04021,COR-044,Operating,60,2026-09-16,P4 - Routine,Conflict Flagged
BLK-04022,TSK-04022,COR-022,Operating,180,2026-09-24,P2 - High,Approved
BLK-04023,TSK-04023,COR-094,Electrical,60,2026-09-16,P3 - Medium,Approved
BLK-04024,TSK-04024,COR-086,Electrical,180,2026-09-25,P1 - Emergency,Rejected
BLK-04025,TSK-04025,COR-069,Engineering,60,2026-09-22,P3 - Medium,Scheduled
BLK-04026,TSK-04026,COR-090,Engineering,120,2026-09-16,P3 - Medium,Pending
BLK-04027,TSK-04027,COR-030,Electrical,120,2026-09-12,P2 - High,Approved
BLK-04028,TSK-04028,COR-088,Engineering,60,2026-09-16,P3 - Medium,Pending
BLK-04029,TSK-04029,COR-063,Operating,360,2026-09-13,P4 - Routine,Scheduled
BLK-04030,TSK-04030,COR-016,Engineering,120,2026-09-25,P1 - Emergency,Conflict Flagged
BLK-04031,TSK-04031,COR-027,Signal & Telecom,240,2026-09-27,P1 - Emergency,Conflict Flagged
BLK-04032,TSK-04032,COR-071,Electrical,60,2026-09-10,P3 - Medium,Scheduled
BLK-04033,TSK-04033,COR-081,Electrical,60,2026-09-29,P1 - Emergency,Conflict Flagged
BLK-04034,TSK-04034,COR-095,Engineering,180,2026-09-29,P3 - Medium,Scheduled
BLK-04035,TSK-04035,COR-034,Electrical,300,2026-09-14,P4 - Routine,Conflict Flagged
BLK-04036,TSK-04036,COR-005,Operating,240,2026-09-25,P4 - Routine,Rejected
BLK-04037,TSK-04037,COR-099,Electrical,180,2026-09-20,P2 - High,Conflict Flagged
BLK-04038,TSK-04038,COR-041,Operating,360,2026-09-13,P1 - Emergency,Approved
BLK-04039,TSK-04039,COR-015,Electrical,120,2026-09-17,P4 - Routine,Approved
BLK-04040,TSK-04040,COR-078,Signal & Telecom,60,2026-09-25,P2 - High,Pending
BLK-04041,TSK-04041,COR-052,Operating,360,2026-09-26,P1 - Emergency,Conflict Flagged
BLK-04042,TSK-04042,COR-002,Operating,360,2026-09-20,P4 - Routine,Rejected
BLK-04043,TSK-04043,COR-046,Engineering,60,2026-09-17,P1 - Emergency,Pending
BLK-04044,TSK-04044,COR-054,Electrical,240,2026-09-13,P3 - Medium,Conflict Flagged
BLK-04045,TSK-04045,COR-061,Electrical,240,2026-09-15,P3 - Medium,Conflict Flagged
BLK-04046,TSK-04046,COR-028,Engineering,120,2026-09-20,P4 - Routine,Rejected
BLK-04047,TSK-04047,COR-034,Electrical,120,2026-09-21,P4 - Routine,Conflict Flagged
BLK-04048,TSK-04048,COR-097,Signal & Telecom,60,2026-09-18,P3 - Medium,Scheduled
BLK-04049,TSK-04049,COR-010,Operating,300,2026-09-19,P3 - Medium,Pending
BLK-04050,TSK-04050,COR-057,Signal & Telecom,240,2026-09-27,P4 - Routine,Approved
BLK-04051,TSK-04051,COR-030,Operating,300,2026-09-09,P1 - Emergency,Approved
BLK-04052,TSK-04052,COR-041,Signal & Telecom,360,2026-09-13,P1 - Emergency,Rejected
BLK-04053,TSK-04053,COR-011,Engineering,120,2026-09-17,P2 - High,Conflict Flagged
BLK-04054,TSK-04054,COR-029,Engineering,360,2026-09-13,P4 - Routine,Rejected
BLK-04055,TSK-04055,COR-096,Operating,300,2026-09-17,P4 - Routine,Scheduled
BLK-04056,TSK-04056,COR-025,Signal & Telecom,60,2026-09-12,P4 - Routine,Rejected
BLK-04057,TSK-04057,COR-056,Signal & Telecom,60,2026-09-14,P1 - Emergency,Rejected
BLK-04058,TSK-04058,COR-077,Engineering,300,2026-09-25,P4 - Routine,Approved
BLK-04059,TSK-04059,COR-088,Electrical,60,2026-09-21,P1 - Emergency,Rejected
BLK-04060,TSK-04060,COR-054,Engineering,240,2026-09-22,P2 - High,Scheduled
BLK-04061,TSK-04061,COR-088,Signal & Telecom,360,2026-09-12,P4 - Routine,Pending
BLK-04062,TSK-04062,COR-033,Signal & Telecom,240,2026-09-15,P4 - Routine,Rejected
BLK-04063,TSK-04063,COR-002,Electrical,60,2026-09-19,P3 - Medium,Conflict Flagged
BLK-04064,TSK-04064,COR-084,Electrical,60,2026-09-15,P2 - High,Scheduled
BLK-04065,TSK-04065,COR-098,Signal & Telecom,360,2026-09-19,P3 - Medium,Rejected
BLK-04066,TSK-04066,COR-014,Electrical,180,2026-09-22,P1 - Emergency,Rejected
BLK-04067,TSK-04067,COR-099,Electrical,240,2026-09-22,P3 - Medium,Approved
BLK-04068,TSK-04068,COR-096,Operating,60,2026-09-19,P1 - Emergency,Pending
BLK-04069,TSK-04069,COR-028,Signal & Telecom,300,2026-09-24,P2 - High,Approved
BLK-04070,TSK-04070,COR-055,Engineering,240,2026-09-14,P1 - Emergency,Rejected
BLK-04071,TSK-04071,COR-017,Engineering,120,2026-09-18,P3 - Medium,Conflict Flagged
BLK-04072,TSK-04072,COR-068,Operating,360,2026-09-10,P1 - Emergency,Rejected
BLK-04073,TSK-04073,COR-035,Engineering,60,2026-09-23,P1 - Emergency,Scheduled
BLK-04074,TSK-04074,COR-096,Electrical,60,2026-09-13,P1 - Emergency,Rejected
BLK-04075,TSK-04075,COR-016,Signal & Telecom,120,2026-09-11,P2 - High,Approved
BLK-04076,TSK-04076,COR-030,Engineering,360,2026-09-21,P2 - High,Scheduled
BLK-04077,TSK-04077,COR-034,Engineering,120,2026-09-13,P4 - Routine,Scheduled
BLK-04078,TSK-04078,COR-021,Electrical,240,2026-09-13,P3 - Medium,Pending
BLK-04079,TSK-04079,COR-026,Electrical,360,2026-09-14,P2 - High,Conflict Flagged
BLK-04080,TSK-04080,COR-091,Operating,120,2026-09-11,P1 - Emergency,Rejected
BLK-04081,TSK-04081,COR-023,Operating,240,2026-09-18,P1 - Emergency,Approved
BLK-04082,TSK-04082,COR-025,Electrical,360,2026-09-19,P1 - Emergency,Conflict Flagged
BLK-04083,TSK-04083,COR-031,Operating,60,2026-09-18,P4 - Routine,Rejected
BLK-04084,TSK-04084,COR-058,Engineering,300,2026-09-28,P3 - Medium,Approved
BLK-04085,TSK-04085,COR-010,Signal & Telecom,120,2026-09-10,P2 - High,Pending
BLK-04086,TSK-04086,COR-034,Operating,120,2026-09-20,P2 - High,Rejected
BLK-04087,TSK-04087,COR-060,Electrical,240,2026-09-11,P2 - High,Pending
BLK-04088,TSK-04088,COR-075,Engineering,120,2026-09-09,P2 - High,Conflict Flagged
BLK-04089,TSK-04089,COR-030,Signal & Telecom,240,2026-09-21,P4 - Routine,Conflict Flagged
BLK-04090,TSK-04090,COR-073,Signal & Telecom,240,2026-09-20,P4 - Routine,Pending
BLK-04091,TSK-04091,COR-009,Engineering,240,2026-09-11,P4 - Routine,Approved
BLK-04092,TSK-04092,COR-042,Electrical,120,2026-09-18,P4 - Routine,Rejected
BLK-04093,TSK-04093,COR-041,Electrical,180,2026-09-16,P1 - Emergency,Scheduled
BLK-04094,TSK-04094,COR-044,Operating,120,2026-09-14,P2 - High,Scheduled
BLK-04095,TSK-04095,COR-006,Signal & Telecom,360,2026-09-13,P1 - Emergency,Scheduled
BLK-04096,TSK-04096,COR-082,Electrical,360,2026-09-20,P2 - High,Scheduled
BLK-04097,TSK-04097,COR-015,Operating,300,2026-09-18,P4 - Routine,Pending
BLK-04098,TSK-04098,COR-073,Signal & Telecom,360,2026-09-16,P1 - Emergency,Approved
BLK-04099,TSK-04099,COR-031,Signal & Telecom,360,2026-09-09,P1 - Emergency,Rejected
BLK-04100,TSK-04100,COR-046,Signal & Telecom,180,2026-09-25,P3 - Medium,Pending
BLK-04101,TSK-04101,COR-076,Signal & Telecom,300,2026-09-25,P1 - Emergency,Approved
BLK-04102,TSK-04102,COR-029,Engineering,60,2026-09-17,P1 - Emergency,Conflict Flagged
BLK-04103,TSK-04103,COR-018,Operating,360,2026-09-15,P3 - Medium,Conflict Flagged
BLK-04104,TSK-04104,COR-067,Signal & Telecom,60,2026-09-13,P4 - Routine,Rejected
BLK-04105,TSK-04105,COR-051,Operating,180,2026-09-19,P2 - High,Approved
BLK-04106,TSK-04106,COR-001,Engineering,360,2026-09-26,P4 - Routine,Pending
BLK-04107,TSK-04107,COR-058,Engineering,300,2026-09-17,P1 - Emergency,Approved
BLK-04108,TSK-04108,COR-079,Electrical,240,2026-09-23,P1 - Emergency,Pending
BLK-04109,TSK-04109,COR-089,Engineering,120,2026-09-27,P1 - Emergency,Pending
BLK-04110,TSK-04110,COR-042,Operating,120,2026-09-15,P2 - High,Rejected
BLK-04111,TSK-04111,COR-027,Signal & Telecom,120,2026-09-20,P4 - Routine,Approved
BLK-04112,TSK-04112,COR-022,Engineering,180,2026-09-29,P2 - High,Pending
BLK-04113,TSK-04113,COR-051,Electrical,60,2026-09-14,P4 - Routine,Approved
BLK-04114,TSK-04114,COR-010,Electrical,60,2026-09-20,P1 - Emergency,Approved
BLK-04115,TSK-04115,COR-038,Operating,240,2026-09-12,P2 - High,Approved
BLK-04116,TSK-04116,COR-093,Operating,300,2026-09-25,P1 - Emergency,Scheduled
BLK-04117,TSK-04117,COR-009,Electrical,360,2026-09-22,P3 - Medium,Conflict Flagged
BLK-04118,TSK-04118,COR-055,Signal & Telecom,300,2026-09-12,P4 - Routine,Rejected
BLK-04119,TSK-04119,COR-029,Operating,120,2026-09-19,P1 - Emergency,Rejected
BLK-04120,TSK-04120,COR-081,Engineering,300,2026-09-23,P4 - Routine,Scheduled
BLK-04121,TSK-04121,COR-075,Signal & Telecom,240,2026-09-11,P3 - Medium,Pending
BLK-04122,TSK-04122,COR-066,Electrical,180,2026-09-15,P4 - Routine,Conflict Flagged
BLK-04123,TSK-04123,COR-094,Signal & Telecom,180,2026-09-12,P1 - Emergency,Rejected
BLK-04124,TSK-04124,COR-045,Signal & Telecom,120,2026-09-12,P3 - Medium,Approved
BLK-04125,TSK-04125,COR-001,Signal & Telecom,300,2026-09-28,P4 - Routine,Pending
BLK-04126,TSK-04126,COR-037,Engineering,180,2026-09-22,P1 - Emergency,Scheduled
BLK-04127,TSK-04127,COR-082,Operating,180,2026-09-09,P1 - Emergency,Pending
BLK-04128,TSK-04128,COR-100,Electrical,120,2026-09-26,P3 - Medium,Rejected
BLK-04129,TSK-04129,COR-087,Engineering,360,2026-09-27,P3 - Medium,Pending
BLK-04130,TSK-04130,COR-023,Operating,300,2026-09-25,P1 - Emergency,Scheduled
BLK-04131,TSK-04131,COR-058,Electrical,300,2026-09-19,P4 - Routine,Scheduled
BLK-04132,TSK-04132,COR-015,Electrical,240,2026-09-14,P4 - Routine,Conflict Flagged
BLK-04133,TSK-04133,COR-076,Electrical,300,2026-09-19,P2 - High,Pending
BLK-04134,TSK-04134,COR-048,Engineering,300,2026-09-27,P1 - Emergency,Conflict Flagged
BLK-04135,TSK-04135,COR-003,Engineering,60,2026-09-19,P3 - Medium,Rejected
BLK-04136,TSK-04136,COR-043,Engineering,360,2026-09-11,P4 - Routine,Conflict Flagged
BLK-04137,TSK-04137,COR-046,Operating,180,2026-09-17,P3 - Medium,Approved
BLK-04138,TSK-04138,COR-015,Engineering,240,2026-09-29,P1 - Emergency,Approved
BLK-04139,TSK-04139,COR-013,Signal & Telecom,360,2026-09-29,P1 - Emergency,Scheduled
BLK-04140,TSK-04140,COR-099,Operating,180,2026-09-20,P1 - Emergency,Conflict Flagged
BLK-04141,TSK-04141,COR-095,Signal & Telecom,360,2026-09-23,P2 - High,Rejected
BLK-04142,TSK-04142,COR-078,Engineering,360,2026-09-16,P4 - Routine,Rejected
BLK-04143,TSK-04143,COR-019,Electrical,300,2026-09-16,P2 - High,Rejected
BLK-04144,TSK-04144,COR-064,Engineering,120,2026-09-15,P3 - Medium,Conflict Flagged
BLK-04145,TSK-04145,COR-029,Engineering,240,2026-09-16,P1 - Emergency,Pending
BLK-04146,TSK-04146,COR-032,Signal & Telecom,240,2026-09-22,P3 - Medium,Conflict Flagged
BLK-04147,TSK-04147,COR-071,Operating,240,2026-09-24,P4 - Routine,Rejected
BLK-04148,TSK-04148,COR-066,Engineering,120,2026-09-25,P4 - Routine,Rejected
BLK-04149,TSK-04149,COR-074,Signal & Telecom,300,2026-09-25,P1 - Emergency,Rejected
BLK-04150,TSK-04150,COR-004,Electrical,60,2026-09-13,P3 - Medium,Conflict Flagged
BLK-04151,TSK-04151,COR-046,Signal & Telecom,180,2026-09-23,P4 - Routine,Scheduled
BLK-04152,TSK-04152,COR-030,Operating,360,2026-09-26,P2 - High,Pending
BLK-04153,TSK-04153,COR-040,Operating,240,2026-09-12,P2 - High,Scheduled
BLK-04154,TSK-04154,COR-033,Engineering,360,2026-09-18,P3 - Medium,Rejected
BLK-04155,TSK-04155,COR-034,Electrical,240,2026-09-10,P3 - Medium,Pending
BLK-04156,TSK-04156,COR-021,Signal & Telecom,120,2026-09-29,P4 - Routine,Pending
BLK-04157,TSK-04157,COR-024,Engineering,60,2026-09-19,P4 - Routine,Rejected
BLK-04158,TSK-04158,COR-028,Electrical,120,2026-09-25,P1 - Emergency,Scheduled
BLK-04159,TSK-04159,COR-027,Operating,240,2026-09-22,P3 - Medium,Pending
BLK-04160,TSK-04160,COR-029,Operating,240,2026-09-24,P2 - High,Conflict Flagged
BLK-04161,TSK-04161,COR-068,Engineering,240,2026-09-18,P2 - High,Pending
BLK-04162,TSK-04162,COR-100,Signal & Telecom,360,2026-09-24,P4 - Routine,Conflict Flagged
BLK-04163,TSK-04163,COR-073,Electrical,120,2026-09-14,P4 - Routine,Conflict Flagged
BLK-04164,TSK-04164,COR-019,Electrical,60,2026-09-17,P3 - Medium,Scheduled
BLK-04165,TSK-04165,COR-018,Signal & Telecom,300,2026-09-22,P4 - Routine,Scheduled
BLK-04166,TSK-04166,COR-063,Engineering,360,2026-09-11,P1 - Emergency,Pending
BLK-04167,TSK-04167,COR-073,Engineering,60,2026-09-11,P3 - Medium,Rejected
BLK-04168,TSK-04168,COR-050,Operating,180,2026-09-19,P1 - Emergency,Scheduled
BLK-04169,TSK-04169,COR-014,Electrical,300,2026-09-22,P1 - Emergency,Approved
BLK-04170,TSK-04170,COR-060,Signal & Telecom,180,2026-09-22,P1 - Emergency,Scheduled
BLK-04171,TSK-04171,COR-005,Engineering,60,2026-09-21,P2 - High,Conflict Flagged
BLK-04172,TSK-04172,COR-058,Electrical,180,2026-09-26,P3 - Medium,Conflict Flagged
BLK-04173,TSK-04173,COR-023,Engineering,180,2026-09-17,P3 - Medium,Scheduled
BLK-04174,TSK-04174,COR-012,Engineering,60,2026-09-28,P2 - High,Conflict Flagged
BLK-04175,TSK-04175,COR-004,Operating,300,2026-09-29,P1 - Emergency,Conflict Flagged
BLK-04176,TSK-04176,COR-037,Electrical,120,2026-09-12,P1 - Emergency,Approved
BLK-04177,TSK-04177,COR-039,Engineering,120,2026-09-26,P3 - Medium,Scheduled
BLK-04178,TSK-04178,COR-021,Operating,240,2026-09-26,P4 - Routine,Pending
BLK-04179,TSK-04179,COR-039,Operating,180,2026-09-10,P2 - High,Pending
BLK-04180,TSK-04180,COR-047,Engineering,180,2026-09-18,P4 - Routine,Scheduled
BLK-04181,TSK-04181,COR-011,Operating,60,2026-09-20,P2 - High,Rejected
BLK-04182,TSK-04182,COR-009,Signal & Telecom,240,2026-09-09,P3 - Medium,Approved
BLK-04183,TSK-04183,COR-099,Engineering,60,2026-09-16,P3 - Medium,Rejected
BLK-04184,TSK-04184,COR-082,Signal & Telecom,240,2026-09-17,P2 - High,Conflict Flagged
BLK-04185,TSK-04185,COR-046,Electrical,360,2026-09-16,P3 - Medium,Conflict Flagged
BLK-04186,TSK-04186,COR-034,Operating,300,2026-09-10,P2 - High,Rejected
BLK-04187,TSK-04187,COR-042,Operating,180,2026-09-09,P3 - Medium,Pending
BLK-04188,TSK-04188,COR-030,Electrical,360,2026-09-16,P3 - Medium,Scheduled
BLK-04189,TSK-04189,COR-078,Engineering,360,2026-09-18,P1 - Emergency,Approved
BLK-04190,TSK-04190,COR-044,Operating,300,2026-09-24,P2 - High,Rejected
BLK-04191,TSK-04191,COR-041,Signal & Telecom,360,2026-09-09,P4 - Routine,Scheduled
BLK-04192,TSK-04192,COR-010,Operating,60,2026-09-20,P3 - Medium,Pending
BLK-04193,TSK-04193,COR-091,Signal & Telecom,60,2026-09-09,P1 - Emergency,Pending
BLK-04194,TSK-04194,COR-073,Operating,60,2026-09-15,P4 - Routine,Pending
BLK-04195,TSK-04195,COR-091,Signal & Telecom,360,2026-09-15,P1 - Emergency,Scheduled
BLK-04196,TSK-04196,COR-061,Signal & Telecom,360,2026-09-10,P2 - High,Approved
BLK-04197,TSK-04197,COR-007,Operating,180,2026-09-20,P3 - Medium,Approved
BLK-04198,TSK-04198,COR-009,Engineering,360,2026-09-23,P2 - High,Pending
BLK-04199,TSK-04199,COR-032,Electrical,120,2026-09-17,P3 - Medium,Rejected
BLK-04200,TSK-04200,COR-022,Engineering,180,2026-09-28,P1 - Emergency,Conflict Flagged
BLK-04201,TSK-04201,COR-073,Operating,60,2026-09-24,P2 - High,Pending
BLK-04202,TSK-04202,COR-015,Engineering,240,2026-09-14,P4 - Routine,Approved
BLK-04203,TSK-04203,COR-047,Signal & Telecom,120,2026-09-13,P3 - Medium,Scheduled
BLK-04204,TSK-04204,COR-063,Engineering,60,2026-09-09,P1 - Emergency,Scheduled
BLK-04205,TSK-04205,COR-092,Signal & Telecom,240,2026-09-22,P4 - Routine,Rejected
BLK-04206,TSK-04206,COR-001,Electrical,120,2026-09-26,P2 - High,Conflict Flagged
BLK-04207,TSK-04207,COR-015,Signal & Telecom,120,2026-09-10,P2 - High,Pending
BLK-04208,TSK-04208,COR-012,Operating,180,2026-09-25,P3 - Medium,Conflict Flagged
BLK-04209,TSK-04209,COR-023,Signal & Telecom,300,2026-09-29,P3 - Medium,Scheduled
BLK-04210,TSK-04210,COR-005,Signal & Telecom,360,2026-09-16,P1 - Emergency,Conflict Flagged
BLK-04211,TSK-04211,COR-084,Operating,120,2026-09-26,P3 - Medium,Scheduled
BLK-04212,TSK-04212,COR-042,Electrical,300,2026-09-17,P4 - Routine,Approved
BLK-04213,TSK-04213,COR-033,Signal & Telecom,120,2026-09-21,P1 - Emergency,Rejected
BLK-04214,TSK-04214,COR-060,Signal & Telecom,180,2026-09-26,P1 - Emergency,Rejected
BLK-04215,TSK-04215,COR-089,Operating,300,2026-09-26,P4 - Routine,Approved
BLK-04216,TSK-04216,COR-054,Operating,360,2026-09-29,P1 - Emergency,Approved
BLK-04217,TSK-04217,COR-040,Signal & Telecom,120,2026-09-27,P1 - Emergency,Scheduled
BLK-04218,TSK-04218,COR-099,Electrical,300,2026-09-24,P3 - Medium,Approved
BLK-04219,TSK-04219,COR-030,Signal & Telecom,360,2026-09-14,P1 - Emergency,Rejected
BLK-04220,TSK-04220,COR-040,Engineering,360,2026-09-27,P3 - Medium,Scheduled
BLK-04221,TSK-04221,COR-032,Electrical,120,2026-09-22,P2 - High,Rejected
BLK-04222,TSK-04222,COR-026,Operating,120,2026-09-29,P3 - Medium,Rejected
BLK-04223,TSK-04223,COR-005,Engineering,120,2026-09-17,P2 - High,Pending
BLK-04224,TSK-04224,COR-063,Operating,60,2026-09-09,P3 - Medium,Approved
BLK-04225,TSK-04225,COR-082,Engineering,120,2026-09-24,P2 - High,Conflict Flagged
BLK-04226,TSK-04226,COR-032,Electrical,240,2026-09-18,P3 - Medium,Scheduled
BLK-04227,TSK-04227,COR-093,Operating,120,2026-09-17,P4 - Routine,Scheduled
BLK-04228,TSK-04228,COR-094,Signal & Telecom,180,2026-09-24,P4 - Routine,Scheduled
BLK-04229,TSK-04229,COR-069,Electrical,240,2026-09-10,P3 - Medium,Approved
BLK-04230,TSK-04230,COR-084,Signal & Telecom,240,2026-09-15,P2 - High,Scheduled
BLK-04231,TSK-04231,COR-004,Electrical,180,2026-09-12,P1 - Emergency,Conflict Flagged
BLK-04232,TSK-04232,COR-015,Engineering,360,2026-09-24,P3 - Medium,Rejected
BLK-04233,TSK-04233,COR-091,Operating,300,2026-09-17,P4 - Routine,Scheduled
BLK-04234,TSK-04234,COR-005,Engineering,360,2026-09-13,P2 - High,Scheduled
BLK-04235,TSK-04235,COR-089,Operating,240,2026-09-14,P2 - High,Rejected
BLK-04236,TSK-04236,COR-068,Electrical,240,2026-09-29,P3 - Medium,Approved
BLK-04237,TSK-04237,COR-031,Operating,60,2026-09-12,P2 - High,Conflict Flagged
BLK-04238,TSK-04238,COR-044,Engineering,300,2026-09-21,P4 - Routine,Scheduled
BLK-04239,TSK-04239,COR-045,Signal & Telecom,60,2026-09-20,P1 - Emergency,Pending
BLK-04240,TSK-04240,COR-093,Signal & Telecom,120,2026-09-26,P2 - High,Scheduled
BLK-04241,TSK-04241,COR-071,Signal & Telecom,300,2026-09-25,P4 - Routine,Rejected
BLK-04242,TSK-04242,COR-085,Operating,120,2026-09-17,P2 - High,Scheduled
BLK-04243,TSK-04243,COR-094,Signal & Telecom,180,2026-09-25,P2 - High,Scheduled
BLK-04244,TSK-04244,COR-013,Signal & Telecom,240,2026-09-25,P1 - Emergency,Rejected
BLK-04245,TSK-04245,COR-067,Engineering,60,2026-09-09,P3 - Medium,Conflict Flagged
BLK-04246,TSK-04246,COR-022,Electrical,180,2026-09-29,P2 - High,Rejected
BLK-04247,TSK-04247,COR-083,Engineering,240,2026-09-25,P3 - Medium,Pending
BLK-04248,TSK-04248,COR-095,Operating,60,2026-09-20,P2 - High,Conflict Flagged
BLK-04249,TSK-04249,COR-052,Engineering,360,2026-09-13,P1 - Emergency,Conflict Flagged
BLK-04250,TSK-04250,COR-060,Electrical,300,2026-09-11,P4 - Routine,Scheduled
BLK-04251,TSK-04251,COR-055,Operating,360,2026-09-14,P3 - Medium,Rejected
BLK-04252,TSK-04252,COR-007,Engineering,180,2026-09-18,P1 - Emergency,Approved
BLK-04253,TSK-04253,COR-084,Engineering,180,2026-09-14,P2 - High,Approved
BLK-04254,TSK-04254,COR-041,Signal & Telecom,180,2026-09-27,P2 - High,Pending
BLK-04255,TSK-04255,COR-050,Engineering,300,2026-09-13,P4 - Routine,Pending
BLK-04256,TSK-04256,COR-079,Engineering,60,2026-09-20,P2 - High,Conflict Flagged
BLK-04257,TSK-04257,COR-059,Electrical,120,2026-09-28,P4 - Routine,Conflict Flagged
BLK-04258,TSK-04258,COR-017,Operating,240,2026-09-09,P2 - High,Rejected
BLK-04259,TSK-04259,COR-096,Electrical,300,2026-09-12,P4 - Routine,Approved
BLK-04260,TSK-04260,COR-018,Electrical,300,2026-09-20,P3 - Medium,Conflict Flagged
BLK-04261,TSK-04261,COR-009,Electrical,60,2026-09-29,P3 - Medium,Pending
BLK-04262,TSK-04262,COR-022,Operating,120,2026-09-21,P2 - High,Scheduled
BLK-04263,TSK-04263,COR-030,Engineering,180,2026-09-14,P4 - Routine,Approved
BLK-04264,TSK-04264,COR-058,Electrical,300,2026-09-21,P1 - Emergency,Rejected
BLK-04265,TSK-04265,COR-079,Signal & Telecom,60,2026-09-18,P4 - Routine,Approved
BLK-04266,TSK-04266,COR-006,Electrical,180,2026-09-27,P2 - High,Pending
BLK-04267,TSK-04267,COR-042,Operating,60,2026-09-28,P1 - Emergency,Scheduled
BLK-04268,TSK-04268,COR-040,Signal & Telecom,360,2026-09-22,P2 - High,Approved
BLK-04269,TSK-04269,COR-100,Electrical,60,2026-09-27,P2 - High,Approved
BLK-04270,TSK-04270,COR-092,Signal & Telecom,60,2026-09-10,P4 - Routine,Scheduled
BLK-04271,TSK-04271,COR-059,Operating,240,2026-09-14,P3 - Medium,Rejected
BLK-04272,TSK-04272,COR-091,Signal & Telecom,180,2026-09-24,P1 - Emergency,Scheduled
BLK-04273,TSK-04273,COR-063,Engineering,120,2026-09-16,P3 - Medium,Conflict Flagged
BLK-04274,TSK-04274,COR-013,Electrical,180,2026-09-12,P1 - Emergency,Rejected
BLK-04275,TSK-04275,COR-065,Electrical,120,2026-09-24,P1 - Emergency,Scheduled
BLK-04276,TSK-04276,COR-059,Engineering,180,2026-09-25,P1 - Emergency,Conflict Flagged
BLK-04277,TSK-04277,COR-003,Engineering,240,2026-09-15,P4 - Routine,Scheduled
BLK-04278,TSK-04278,COR-003,Signal & Telecom,120,2026-09-21,P1 - Emergency,Approved
BLK-04279,TSK-04279,COR-013,Engineering,180,2026-09-20,P4 - Routine,Scheduled
BLK-04280,TSK-04280,COR-061,Electrical,360,2026-09-10,P2 - High,Approved
BLK-04281,TSK-04281,COR-007,Operating,240,2026-09-25,P2 - High,Rejected
BLK-04282,TSK-04282,COR-049,Operating,240,2026-09-13,P3 - Medium,Rejected
BLK-04283,TSK-04283,COR-045,Engineering,60,2026-09-09,P3 - Medium,Scheduled
BLK-04284,TSK-04284,COR-009,Signal & Telecom,120,2026-09-24,P2 - High,Pending
BLK-04285,TSK-04285,COR-023,Engineering,300,2026-09-23,P1 - Emergency,Conflict Flagged
BLK-04286,TSK-04286,COR-010,Signal & Telecom,120,2026-09-27,P3 - Medium,Rejected
BLK-04287,TSK-04287,COR-021,Operating,120,2026-09-22,P2 - High,Scheduled
BLK-04288,TSK-04288,COR-064,Engineering,120,2026-09-21,P1 - Emergency,Conflict Flagged
BLK-04289,TSK-04289,COR-088,Operating,300,2026-09-25,P1 - Emergency,Approved
BLK-04290,TSK-04290,COR-012,Electrical,180,2026-09-20,P2 - High,Rejected
BLK-04291,TSK-04291,COR-021,Operating,300,2026-09-27,P1 - Emergency,Approved
BLK-04292,TSK-04292,COR-074,Engineering,300,2026-09-13,P1 - Emergency,Pending
BLK-04293,TSK-04293,COR-022,Signal & Telecom,240,2026-09-13,P4 - Routine,Conflict Flagged
BLK-04294,TSK-04294,COR-001,Signal & Telecom,180,2026-09-19,P4 - Routine,Pending
BLK-04295,TSK-04295,COR-095,Electrical,300,2026-09-20,P2 - High,Rejected
BLK-04296,TSK-04296,COR-090,Signal & Telecom,180,2026-09-13,P4 - Routine,Scheduled
BLK-04297,TSK-04297,COR-048,Electrical,120,2026-09-29,P3 - Medium,Approved
BLK-04298,TSK-04298,COR-075,Engineering,180,2026-09-28,P2 - High,Pending
BLK-04299,TSK-04299,COR-048,Operating,300,2026-09-09,P2 - High,Pending
BLK-04300,TSK-04300,COR-048,Electrical,360,2026-09-26,P3 - Medium,Rejected
BLK-04301,TSK-04301,COR-057,Operating,300,2026-09-09,P1 - Emergency,Approved
BLK-04302,TSK-04302,COR-041,Electrical,60,2026-09-13,P4 - Routine,Pending
BLK-04303,TSK-04303,COR-079,Operating,300,2026-09-27,P3 - Medium,Scheduled
BLK-04304,TSK-04304,COR-071,Operating,120,2026-09-24,P3 - Medium,Scheduled
BLK-04305,TSK-04305,COR-069,Operating,300,2026-09-26,P4 - Routine,Rejected
BLK-04306,TSK-04306,COR-070,Operating,120,2026-09-10,P3 - Medium,Pending
BLK-04307,TSK-04307,COR-086,Engineering,120,2026-09-23,P4 - Routine,Conflict Flagged
BLK-04308,TSK-04308,COR-053,Signal & Telecom,300,2026-09-10,P2 - High,Pending
BLK-04309,TSK-04309,COR-086,Operating,120,2026-09-10,P4 - Routine,Approved
BLK-04310,TSK-04310,COR-056,Electrical,120,2026-09-21,P2 - High,Scheduled
BLK-04311,TSK-04311,COR-021,Operating,240,2026-09-26,P1 - Emergency,Pending
BLK-04312,TSK-04312,COR-050,Signal & Telecom,120,2026-09-22,P2 - High,Rejected
BLK-04313,TSK-04313,COR-052,Engineering,120,2026-09-23,P3 - Medium,Scheduled
BLK-04314,TSK-04314,COR-051,Signal & Telecom,300,2026-09-23,P1 - Emergency,Approved
BLK-04315,TSK-04315,COR-075,Engineering,300,2026-09-12,P1 - Emergency,Scheduled
BLK-04316,TSK-04316,COR-035,Engineering,360,2026-09-17,P4 - Routine,Pending
BLK-04317,TSK-04317,COR-049,Signal & Telecom,300,2026-09-11,P4 - Routine,Pending
BLK-04318,TSK-04318,COR-019,Operating,360,2026-09-09,P1 - Emergency,Approved
BLK-04319,TSK-04319,COR-002,Engineering,360,2026-09-23,P4 - Routine,Rejected
BLK-04320,TSK-04320,COR-089,Operating,300,2026-09-18,P2 - High,Scheduled
BLK-04321,TSK-04321,COR-056,Engineering,180,2026-09-14,P3 - Medium,Approved
BLK-04322,TSK-04322,COR-079,Operating,120,2026-09-11,P3 - Medium,Rejected
BLK-04323,TSK-04323,COR-033,Electrical,120,2026-09-24,P2 - High,Pending
BLK-04324,TSK-04324,COR-099,Electrical,60,2026-09-13,P4 - Routine,Conflict Flagged
BLK-04325,TSK-04325,COR-007,Signal & Telecom,180,2026-09-14,P4 - Routine,Approved
BLK-04326,TSK-04326,COR-002,Engineering,300,2026-09-10,P2 - High,Scheduled
BLK-04327,TSK-04327,COR-009,Engineering,120,2026-09-27,P2 - High,Rejected
BLK-04328,TSK-04328,COR-070,Signal & Telecom,300,2026-09-18,P1 - Emergency,Approved
BLK-04329,TSK-04329,COR-071,Signal & Telecom,120,2026-09-12,P3 - Medium,Conflict Flagged
BLK-04330,TSK-04330,COR-074,Engineering,120,2026-09-17,P4 - Routine,Rejected
BLK-04331,TSK-04331,COR-071,Engineering,240,2026-09-28,P3 - Medium,Pending
BLK-04332,TSK-04332,COR-083,Operating,120,2026-09-15,P4 - Routine,Pending
BLK-04333,TSK-04333,COR-020,Operating,300,2026-09-16,P3 - Medium,Scheduled
BLK-04334,TSK-04334,COR-047,Engineering,300,2026-09-22,P1 - Emergency,Scheduled
BLK-04335,TSK-04335,COR-004,Electrical,120,2026-09-09,P2 - High,Conflict Flagged
BLK-04336,TSK-04336,COR-074,Operating,300,2026-09-27,P3 - Medium,Rejected
BLK-04337,TSK-04337,COR-042,Signal & Telecom,240,2026-09-14,P2 - High,Scheduled
BLK-04338,TSK-04338,COR-055,Operating,240,2026-09-09,P3 - Medium,Scheduled
BLK-04339,TSK-04339,COR-010,Engineering,180,2026-09-27,P1 - Emergency,Pending
BLK-04340,TSK-04340,COR-032,Signal & Telecom,360,2026-09-19,P1 - Emergency,Rejected
BLK-04341,TSK-04341,COR-040,Signal & Telecom,120,2026-09-23,P2 - High,Scheduled
BLK-04342,TSK-04342,COR-098,Operating,240,2026-09-24,P4 - Routine,Approved
BLK-04343,TSK-04343,COR-070,Signal & Telecom,180,2026-09-13,P4 - Routine,Conflict Flagged
BLK-04344,TSK-04344,COR-072,Engineering,120,2026-09-29,P1 - Emergency,Approved
BLK-04345,TSK-04345,COR-086,Electrical,60,2026-09-27,P3 - Medium,Approved
BLK-04346,TSK-04346,COR-012,Operating,120,2026-09-29,P1 - Emergency,Rejected
BLK-04347,TSK-04347,COR-041,Electrical,240,2026-09-26,P4 - Routine,Pending
BLK-04348,TSK-04348,COR-022,Engineering,360,2026-09-15,P3 - Medium,Conflict Flagged
BLK-04349,TSK-04349,COR-066,Electrical,60,2026-09-14,P3 - Medium,Rejected
BLK-04350,TSK-04350,COR-028,Operating,60,2026-09-27,P4 - Routine,Conflict Flagged
BLK-04351,TSK-04351,COR-087,Engineering,120,2026-09-15,P3 - Medium,Approved
BLK-04352,TSK-04352,COR-039,Signal & Telecom,240,2026-09-17,P1 - Emergency,Approved
BLK-04353,TSK-04353,COR-079,Engineering,240,2026-09-21,P1 - Emergency,Approved
BLK-04354,TSK-04354,COR-016,Signal & Telecom,180,2026-09-20,P4 - Routine,Conflict Flagged
BLK-04355,TSK-04355,COR-036,Operating,240,2026-09-09,P2 - High,Pending
BLK-04356,TSK-04356,COR-057,Electrical,300,2026-09-18,P4 - Routine,Approved
BLK-04357,TSK-04357,COR-065,Engineering,180,2026-09-27,P2 - High,Pending
BLK-04358,TSK-04358,COR-040,Signal & Telecom,60,2026-09-20,P3 - Medium,Approved
BLK-04359,TSK-04359,COR-040,Electrical,360,2026-09-09,P2 - High,Approved
BLK-04360,TSK-04360,COR-056,Electrical,120,2026-09-16,P1 - Emergency,Pending
BLK-04361,TSK-04361,COR-093,Engineering,300,2026-09-25,P3 - Medium,Rejected
BLK-04362,TSK-04362,COR-062,Electrical,300,2026-09-26,P1 - Emergency,Pending
BLK-04363,TSK-04363,COR-070,Signal & Telecom,300,2026-09-26,P1 - Emergency,Conflict Flagged
BLK-04364,TSK-04364,COR-069,Engineering,60,2026-09-14,P2 - High,Pending
BLK-04365,TSK-04365,COR-077,Engineering,120,2026-09-15,P3 - Medium,Rejected
BLK-04366,TSK-04366,COR-085,Engineering,240,2026-09-10,P1 - Emergency,Pending
BLK-04367,TSK-04367,COR-030,Operating,60,2026-09-09,P2 - High,Rejected
BLK-04368,TSK-04368,COR-064,Signal & Telecom,240,2026-09-13,P4 - Routine,Scheduled
BLK-04369,TSK-04369,COR-034,Engineering,60,2026-09-24,P2 - High,Approved
BLK-04370,TSK-04370,COR-073,Signal & Telecom,300,2026-09-24,P3 - Medium,Rejected
BLK-04371,TSK-04371,COR-008,Operating,240,2026-09-11,P3 - Medium,Pending
BLK-04372,TSK-04372,COR-034,Engineering,240,2026-09-17,P1 - Emergency,Pending
BLK-04373,TSK-04373,COR-054,Electrical,360,2026-09-17,P2 - High,Conflict Flagged
BLK-04374,TSK-04374,COR-070,Signal & Telecom,300,2026-09-09,P1 - Emergency,Pending
BLK-04375,TSK-04375,COR-074,Electrical,60,2026-09-17,P3 - Medium,Scheduled
BLK-04376,TSK-04376,COR-023,Electrical,180,2026-09-12,P1 - Emergency,Approved
BLK-04377,TSK-04377,COR-026,Operating,120,2026-09-22,P3 - Medium,Rejected
BLK-04378,TSK-04378,COR-017,Signal & Telecom,180,2026-09-10,P4 - Routine,Conflict Flagged
BLK-04379,TSK-04379,COR-043,Signal & Telecom,180,2026-09-10,P4 - Routine,Scheduled
BLK-04380,TSK-04380,COR-067,Operating,60,2026-09-19,P3 - Medium,Scheduled
BLK-04381,TSK-04381,COR-023,Electrical,360,2026-09-20,P2 - High,Pending
BLK-04382,TSK-04382,COR-061,Electrical,60,2026-09-17,P1 - Emergency,Rejected
BLK-04383,TSK-04383,COR-021,Engineering,120,2026-09-29,P3 - Medium,Approved
BLK-04384,TSK-04384,COR-025,Signal & Telecom,120,2026-09-14,P3 - Medium,Pending
BLK-04385,TSK-04385,COR-096,Operating,180,2026-09-18,P4 - Routine,Pending
BLK-04386,TSK-04386,COR-080,Engineering,300,2026-09-14,P2 - High,Pending
BLK-04387,TSK-04387,COR-023,Signal & Telecom,240,2026-09-25,P3 - Medium,Approved
BLK-04388,TSK-04388,COR-027,Engineering,180,2026-09-17,P3 - Medium,Pending
BLK-04389,TSK-04389,COR-023,Signal & Telecom,300,2026-09-23,P1 - Emergency,Scheduled
BLK-04390,TSK-04390,COR-001,Operating,60,2026-09-10,P1 - Emergency,Scheduled
BLK-04391,TSK-04391,COR-002,Electrical,120,2026-09-17,P1 - Emergency,Rejected
BLK-04392,TSK-04392,COR-035,Operating,240,2026-09-19,P4 - Routine,Pending
BLK-04393,TSK-04393,COR-015,Electrical,240,2026-09-25,P3 - Medium,Approved
BLK-04394,TSK-04394,COR-061,Signal & Telecom,240,2026-09-29,P1 - Emergency,Pending
BLK-04395,TSK-04395,COR-009,Signal & Telecom,300,2026-09-18,P2 - High,Scheduled
BLK-04396,TSK-04396,COR-027,Operating,300,2026-09-28,P1 - Emergency,Scheduled
BLK-04397,TSK-04397,COR-009,Operating,60,2026-09-12,P4 - Routine,Approved
BLK-04398,TSK-04398,COR-079,Operating,360,2026-09-10,P3 - Medium,Rejected
BLK-04399,TSK-04399,COR-022,Electrical,300,2026-09-16,P1 - Emergency,Conflict Flagged
BLK-04400,TSK-04400,COR-007,Electrical,360,2026-09-15,P2 - High,Conflict Flagged
BLK-04401,TSK-04401,COR-008,Electrical,180,2026-09-25,P3 - Medium,Conflict Flagged
BLK-04402,TSK-04402,COR-054,Signal & Telecom,120,2026-09-23,P1 - Emergency,Rejected
BLK-04403,TSK-04403,COR-044,Electrical,180,2026-09-11,P3 - Medium,Scheduled
BLK-04404,TSK-04404,COR-091,Electrical,180,2026-09-29,P4 - Routine,Conflict Flagged
BLK-04405,TSK-04405,COR-056,Operating,60,2026-09-10,P1 - Emergency,Pending
BLK-04406,TSK-04406,COR-034,Engineering,360,2026-09-11,P1 - Emergency,Scheduled
BLK-04407,TSK-04407,COR-078,Engineering,180,2026-09-11,P3 - Medium,Scheduled
BLK-04408,TSK-04408,COR-057,Engineering,180,2026-09-21,P1 - Emergency,Conflict Flagged
BLK-04409,TSK-04409,COR-060,Signal & Telecom,240,2026-09-18,P4 - Routine,Scheduled
BLK-04410,TSK-04410,COR-088,Engineering,360,2026-09-17,P1 - Emergency,Pending
BLK-04411,TSK-04411,COR-098,Operating,300,2026-09-19,P3 - Medium,Rejected
BLK-04412,TSK-04412,COR-070,Electrical,300,2026-09-09,P3 - Medium,Approved
BLK-04413,TSK-04413,COR-076,Engineering,300,2026-09-25,P4 - Routine,Approved
BLK-04414,TSK-04414,COR-082,Operating,180,2026-09-11,P1 - Emergency,Rejected
BLK-04415,TSK-04415,COR-096,Engineering,120,2026-09-10,P3 - Medium,Rejected
BLK-04416,TSK-04416,COR-093,Electrical,180,2026-09-23,P4 - Routine,Scheduled
BLK-04417,TSK-04417,COR-041,Operating,360,2026-09-26,P1 - Emergency,Approved
BLK-04418,TSK-04418,COR-037,Operating,180,2026-09-11,P3 - Medium,Scheduled
BLK-04419,TSK-04419,COR-058,Engineering,60,2026-09-14,P2 - High,Approved
BLK-04420,TSK-04420,COR-014,Electrical,240,2026-09-13,P4 - Routine,Pending
BLK-04421,TSK-04421,COR-020,Operating,240,2026-09-27,P2 - High,Rejected
BLK-04422,TSK-04422,COR-062,Operating,60,2026-09-26,P4 - Routine,Approved
BLK-04423,TSK-04423,COR-017,Signal & Telecom,240,2026-09-10,P1 - Emergency,Rejected
BLK-04424,TSK-04424,COR-010,Operating,240,2026-09-11,P3 - Medium,Approved
BLK-04425,TSK-04425,COR-054,Engineering,180,2026-09-19,P1 - Emergency,Conflict Flagged
BLK-04426,TSK-04426,COR-065,Signal & Telecom,360,2026-09-09,P4 - Routine,Scheduled
BLK-04427,TSK-04427,COR-079,Electrical,180,2026-09-14,P3 - Medium,Rejected
BLK-04428,TSK-04428,COR-055,Engineering,300,2026-09-21,P1 - Emergency,Rejected
BLK-04429,TSK-04429,COR-028,Operating,360,2026-09-22,P4 - Routine,Scheduled
BLK-04430,TSK-04430,COR-005,Signal & Telecom,120,2026-09-13,P4 - Routine,Pending
BLK-04431,TSK-04431,COR-014,Engineering,300,2026-09-19,P2 - High,Pending
BLK-04432,TSK-04432,COR-071,Operating,300,2026-09-27,P3 - Medium,Scheduled
BLK-04433,TSK-04433,COR-076,Signal & Telecom,60,2026-09-18,P4 - Routine,Rejected
BLK-04434,TSK-04434,COR-035,Operating,60,2026-09-17,P3 - Medium,Pending
BLK-04435,TSK-04435,COR-019,Operating,240,2026-09-26,P4 - Routine,Pending
BLK-04436,TSK-04436,COR-038,Engineering,60,2026-09-24,P2 - High,Pending
BLK-04437,TSK-04437,COR-081,Engineering,360,2026-09-28,P2 - High,Conflict Flagged
BLK-04438,TSK-04438,COR-057,Signal & Telecom,300,2026-09-28,P2 - High,Conflict Flagged
BLK-04439,TSK-04439,COR-053,Engineering,120,2026-09-11,P4 - Routine,Pending
BLK-04440,TSK-04440,COR-084,Engineering,360,2026-09-12,P1 - Emergency,Approved
BLK-04441,TSK-04441,COR-005,Engineering,60,2026-09-21,P2 - High,Pending
BLK-04442,TSK-04442,COR-069,Electrical,60,2026-09-11,P1 - Emergency,Conflict Flagged
BLK-04443,TSK-04443,COR-065,Operating,180,2026-09-12,P4 - Routine,Approved
BLK-04444,TSK-04444,COR-067,Electrical,360,2026-09-29,P3 - Medium,Approved
BLK-04445,TSK-04445,COR-013,Engineering,120,2026-09-09,P1 - Emergency,Rejected
BLK-04446,TSK-04446,COR-013,Engineering,180,2026-09-27,P2 - High,Scheduled
BLK-04447,TSK-04447,COR-049,Operating,180,2026-09-28,P4 - Routine,Scheduled
BLK-04448,TSK-04448,COR-066,Operating,300,2026-09-24,P2 - High,Approved
BLK-04449,TSK-04449,COR-045,Engineering,120,2026-09-28,P1 - Emergency,Conflict Flagged
BLK-04450,TSK-04450,COR-028,Engineering,360,2026-09-29,P1 - Emergency,Pending
BLK-04451,TSK-04451,COR-040,Electrical,180,2026-09-13,P1 - Emergency,Pending
BLK-04452,TSK-04452,COR-012,Engineering,360,2026-09-15,P3 - Medium,Approved
BLK-04453,TSK-04453,COR-086,Engineering,120,2026-09-26,P3 - Medium,Conflict Flagged
BLK-04454,TSK-04454,COR-050,Engineering,60,2026-09-16,P1 - Emergency,Approved
BLK-04455,TSK-04455,COR-099,Electrical,180,2026-09-27,P1 - Emergency,Rejected
BLK-04456,TSK-04456,COR-033,Electrical,300,2026-09-19,P1 - Emergency,Pending
BLK-04457,TSK-04457,COR-084,Signal & Telecom,120,2026-09-24,P2 - High,Approved
BLK-04458,TSK-04458,COR-025,Signal & Telecom,240,2026-09-18,P4 - Routine,Approved
BLK-04459,TSK-04459,COR-018,Operating,180,2026-09-18,P1 - Emergency,Pending
BLK-04460,TSK-04460,COR-006,Operating,360,2026-09-24,P2 - High,Scheduled
BLK-04461,TSK-04461,COR-013,Electrical,180,2026-09-16,P2 - High,Approved
BLK-04462,TSK-04462,COR-005,Signal & Telecom,120,2026-09-22,P3 - Medium,Conflict Flagged
BLK-04463,TSK-04463,COR-063,Operating,60,2026-09-20,P4 - Routine,Conflict Flagged
BLK-04464,TSK-04464,COR-004,Electrical,300,2026-09-12,P2 - High,Approved
BLK-04465,TSK-04465,COR-087,Operating,120,2026-09-29,P3 - Medium,Rejected
BLK-04466,TSK-04466,COR-070,Operating,120,2026-09-29,P1 - Emergency,Approved
BLK-04467,TSK-04467,COR-073,Engineering,120,2026-09-17,P2 - High,Approved
BLK-04468,TSK-04468,COR-039,Engineering,60,2026-09-21,P4 - Routine,Pending
BLK-04469,TSK-04469,COR-079,Electrical,60,2026-09-17,P2 - High,Scheduled
BLK-04470,TSK-04470,COR-067,Engineering,60,2026-09-28,P4 - Routine,Approved
BLK-04471,TSK-04471,COR-053,Engineering,300,2026-09-20,P2 - High,Approved
BLK-04472,TSK-04472,COR-092,Operating,360,2026-09-25,P2 - High,Pending
BLK-04473,TSK-04473,COR-086,Engineering,60,2026-09-19,P2 - High,Scheduled
BLK-04474,TSK-04474,COR-069,Engineering,360,2026-09-17,P1 - Emergency,Approved
BLK-04475,TSK-04475,COR-067,Operating,180,2026-09-17,P3 - Medium,Rejected
BLK-04476,TSK-04476,COR-036,Operating,120,2026-09-25,P4 - Routine,Rejected
BLK-04477,TSK-04477,COR-070,Signal & Telecom,360,2026-09-10,P2 - High,Rejected
BLK-04478,TSK-04478,COR-057,Electrical,240,2026-09-21,P4 - Routine,Conflict Flagged
BLK-04479,TSK-04479,COR-040,Signal & Telecom,60,2026-09-16,P2 - High,Rejected
BLK-04480,TSK-04480,COR-077,Electrical,120,2026-09-17,P4 - Routine,Conflict Flagged
BLK-04481,TSK-04481,COR-089,Engineering,120,2026-09-18,P2 - High,Approved
BLK-04482,TSK-04482,COR-077,Engineering,60,2026-09-24,P1 - Emergency,Rejected
BLK-04483,TSK-04483,COR-018,Operating,60,2026-09-20,P3 - Medium,Conflict Flagged
BLK-04484,TSK-04484,COR-004,Engineering,120,2026-09-12,P2 - High,Conflict Flagged
BLK-04485,TSK-04485,COR-021,Operating,300,2026-09-10,P2 - High,Scheduled
BLK-04486,TSK-04486,COR-042,Engineering,60,2026-09-29,P2 - High,Approved
BLK-04487,TSK-04487,COR-020,Signal & Telecom,120,2026-09-20,P4 - Routine,Approved
BLK-04488,TSK-04488,COR-063,Operating,120,2026-09-21,P1 - Emergency,Conflict Flagged
BLK-04489,TSK-04489,COR-065,Electrical,120,2026-09-15,P2 - High,Rejected
BLK-04490,TSK-04490,COR-045,Operating,240,2026-09-11,P2 - High,Conflict Flagged
BLK-04491,TSK-04491,COR-058,Signal & Telecom,360,2026-09-20,P4 - Routine,Scheduled
BLK-04492,TSK-04492,COR-027,Operating,240,2026-09-28,P4 - Routine,Rejected
BLK-04493,TSK-04493,COR-086,Operating,60,2026-09-24,P2 - High,Rejected
BLK-04494,TSK-04494,COR-064,Signal & Telecom,120,2026-09-17,P1 - Emergency,Conflict Flagged
BLK-04495,TSK-04495,COR-088,Electrical,360,2026-09-22,P3 - Medium,Conflict Flagged
BLK-04496,TSK-04496,COR-034,Signal & Telecom,360,2026-09-18,P1 - Emergency,Rejected
BLK-04497,TSK-04497,COR-038,Engineering,120,2026-09-10,P1 - Emergency,Rejected
BLK-04498,TSK-04498,COR-014,Electrical,240,2026-09-18,P3 - Medium,Conflict Flagged
BLK-04499,TSK-04499,COR-060,Operating,60,2026-09-27,P2 - High,Approved
BLK-04500,TSK-04500,COR-050,Electrical,180,2026-09-20,P1 - Emergency,Scheduled
BLK-04501,TSK-04501,COR-049,Engineering,360,2026-09-10,P2 - High,Pending
BLK-04502,TSK-04502,COR-019,Engineering,360,2026-09-26,P3 - Medium,Approved
BLK-04503,TSK-04503,COR-088,Operating,180,2026-09-17,P3 - Medium,Scheduled
BLK-04504,TSK-04504,COR-054,Signal & Telecom,180,2026-09-27,P4 - Routine,Pending
BLK-04505,TSK-04505,COR-077,Operating,60,2026-09-26,P3 - Medium,Approved
BLK-04506,TSK-04506,COR-061,Signal & Telecom,300,2026-09-15,P4 - Routine,Approved
BLK-04507,TSK-04507,COR-078,Engineering,360,2026-09-28,P4 - Routine,Scheduled
BLK-04508,TSK-04508,COR-052,Electrical,60,2026-09-29,P1 - Emergency,Scheduled
BLK-04509,TSK-04509,COR-011,Signal & Telecom,180,2026-09-16,P1 - Emergency,Rejected
BLK-04510,TSK-04510,COR-076,Engineering,60,2026-09-26,P4 - Routine,Rejected
BLK-04511,TSK-04511,COR-027,Engineering,60,2026-09-22,P1 - Emergency,Rejected
BLK-04512,TSK-04512,COR-099,Engineering,120,2026-09-17,P4 - Routine,Scheduled
BLK-04513,TSK-04513,COR-061,Engineering,60,2026-09-29,P3 - Medium,Pending
BLK-04514,TSK-04514,COR-035,Operating,300,2026-09-16,P4 - Routine,Approved
BLK-04515,TSK-04515,COR-058,Signal & Telecom,120,2026-09-24,P2 - High,Approved
BLK-04516,TSK-04516,COR-096,Operating,360,2026-09-17,P1 - Emergency,Approved
BLK-04517,TSK-04517,COR-046,Signal & Telecom,360,2026-09-29,P4 - Routine,Scheduled
BLK-04518,TSK-04518,COR-035,Engineering,240,2026-09-11,P3 - Medium,Scheduled
BLK-04519,TSK-04519,COR-039,Signal & Telecom,240,2026-09-21,P2 - High,Conflict Flagged
BLK-04520,TSK-04520,COR-015,Signal & Telecom,240,2026-09-13,P1 - Emergency,Pending
BLK-04521,TSK-04521,COR-050,Signal & Telecom,60,2026-09-28,P4 - Routine,Conflict Flagged
BLK-04522,TSK-04522,COR-002,Engineering,120,2026-09-28,P4 - Routine,Scheduled
BLK-04523,TSK-04523,COR-005,Electrical,180,2026-09-28,P4 - Routine,Approved
BLK-04524,TSK-04524,COR-021,Operating,360,2026-09-12,P2 - High,Approved
BLK-04525,TSK-04525,COR-049,Engineering,60,2026-09-16,P1 - Emergency,Rejected
BLK-04526,TSK-04526,COR-045,Signal & Telecom,300,2026-09-17,P4 - Routine,Rejected
BLK-04527,TSK-04527,COR-088,Engineering,300,2026-09-17,P2 - High,Rejected
BLK-04528,TSK-04528,COR-074,Signal & Telecom,240,2026-09-19,P4 - Routine,Pending
BLK-04529,TSK-04529,COR-002,Engineering,180,2026-09-23,P4 - Routine,Pending
BLK-04530,TSK-04530,COR-063,Engineering,180,2026-09-21,P4 - Routine,Conflict Flagged
BLK-04531,TSK-04531,COR-100,Operating,360,2026-09-12,P4 - Routine,Approved
BLK-04532,TSK-04532,COR-051,Engineering,300,2026-09-16,P1 - Emergency,Pending
BLK-04533,TSK-04533,COR-100,Electrical,360,2026-09-15,P3 - Medium,Rejected
BLK-04534,TSK-04534,COR-036,Engineering,120,2026-09-21,P3 - Medium,Pending
BLK-04535,TSK-04535,COR-066,Operating,120,2026-09-29,P2 - High,Approved
BLK-04536,TSK-04536,COR-062,Signal & Telecom,240,2026-09-20,P2 - High,Rejected
BLK-04537,TSK-04537,COR-036,Electrical,360,2026-09-13,P1 - Emergency,Conflict Flagged
BLK-04538,TSK-04538,COR-045,Engineering,180,2026-09-18,P1 - Emergency,Rejected
BLK-04539,TSK-04539,COR-039,Signal & Telecom,300,2026-09-29,P4 - Routine,Pending
BLK-04540,TSK-04540,COR-084,Engineering,120,2026-09-27,P1 - Emergency,Pending
BLK-04541,TSK-04541,COR-025,Signal & Telecom,360,2026-09-15,P1 - Emergency,Pending
BLK-04542,TSK-04542,COR-081,Signal & Telecom,60,2026-09-22,P1 - Emergency,Conflict Flagged
BLK-04543,TSK-04543,COR-052,Signal & Telecom,180,2026-09-16,P1 - Emergency,Conflict Flagged
BLK-04544,TSK-04544,COR-055,Engineering,300,2026-09-29,P4 - Routine,Conflict Flagged
BLK-04545,TSK-04545,COR-081,Engineering,180,2026-09-20,P2 - High,Approved
BLK-04546,TSK-04546,COR-089,Operating,60,2026-09-16,P4 - Routine,Pending
BLK-04547,TSK-04547,COR-095,Engineering,240,2026-09-28,P4 - Routine,Conflict Flagged
BLK-04548,TSK-04548,COR-047,Signal & Telecom,300,2026-09-24,P2 - High,Scheduled
BLK-04549,TSK-04549,COR-075,Operating,60,2026-09-21,P1 - Emergency,Approved
BLK-04550,TSK-04550,COR-076,Electrical,120,2026-09-12,P4 - Routine,Approved
BLK-04551,TSK-04551,COR-002,Engineering,360,2026-09-09,P2 - High,Conflict Flagged
BLK-04552,TSK-04552,COR-093,Engineering,360,2026-09-16,P4 - Routine,Rejected
BLK-04553,TSK-04553,COR-057,Signal & Telecom,180,2026-09-23,P3 - Medium,Scheduled
BLK-04554,TSK-04554,COR-065,Signal & Telecom,240,2026-09-14,P3 - Medium,Scheduled
BLK-04555,TSK-04555,COR-037,Signal & Telecom,120,2026-09-10,P4 - Routine,Approved
BLK-04556,TSK-04556,COR-081,Operating,240,2026-09-09,P3 - Medium,Conflict Flagged
BLK-04557,TSK-04557,COR-008,Signal & Telecom,120,2026-09-16,P4 - Routine,Scheduled
BLK-04558,TSK-04558,COR-099,Signal & Telecom,360,2026-09-27,P4 - Routine,Scheduled
BLK-04559,TSK-04559,COR-037,Electrical,180,2026-09-19,P1 - Emergency,Conflict Flagged
BLK-04560,TSK-04560,COR-089,Electrical,180,2026-09-10,P4 - Routine,Scheduled
BLK-04561,TSK-04561,COR-081,Engineering,240,2026-09-12,P3 - Medium,Conflict Flagged
BLK-04562,TSK-04562,COR-067,Signal & Telecom,360,2026-09-14,P1 - Emergency,Conflict Flagged
BLK-04563,TSK-04563,COR-049,Signal & Telecom,180,2026-09-10,P2 - High,Pending
BLK-04564,TSK-04564,COR-046,Operating,300,2026-09-22,P3 - Medium,Conflict Flagged
BLK-04565,TSK-04565,COR-056,Operating,300,2026-09-27,P3 - Medium,Conflict Flagged
BLK-04566,TSK-04566,COR-084,Signal & Telecom,60,2026-09-14,P3 - Medium,Rejected
BLK-04567,TSK-04567,COR-064,Operating,300,2026-09-26,P3 - Medium,Conflict Flagged
BLK-04568,TSK-04568,COR-096,Engineering,180,2026-09-10,P4 - Routine,Scheduled
BLK-04569,TSK-04569,COR-066,Electrical,240,2026-09-25,P3 - Medium,Pending
BLK-04570,TSK-04570,COR-100,Electrical,300,2026-09-13,P3 - Medium,Conflict Flagged
BLK-04571,TSK-04571,COR-057,Engineering,300,2026-09-17,P1 - Emergency,Pending
BLK-04572,TSK-04572,COR-029,Electrical,300,2026-09-15,P2 - High,Conflict Flagged
BLK-04573,TSK-04573,COR-016,Operating,120,2026-09-09,P1 - Emergency,Pending
BLK-04574,TSK-04574,COR-048,Operating,360,2026-09-10,P1 - Emergency,Conflict Flagged
BLK-04575,TSK-04575,COR-002,Electrical,300,2026-09-29,P2 - High,Conflict Flagged
BLK-04576,TSK-04576,COR-058,Operating,300,2026-09-22,P2 - High,Conflict Flagged
BLK-04577,TSK-04577,COR-092,Signal & Telecom,60,2026-09-09,P1 - Emergency,Scheduled
BLK-04578,TSK-04578,COR-005,Operating,180,2026-09-17,P4 - Routine,Rejected
BLK-04579,TSK-04579,COR-012,Electrical,360,2026-09-21,P1 - Emergency,Conflict Flagged
BLK-04580,TSK-04580,COR-054,Engineering,60,2026-09-22,P4 - Routine,Approved
BLK-04581,TSK-04581,COR-030,Signal & Telecom,120,2026-09-16,P3 - Medium,Pending
BLK-04582,TSK-04582,COR-023,Electrical,360,2026-09-26,P2 - High,Approved
BLK-04583,TSK-04583,COR-003,Operating,60,2026-09-14,P2 - High,Approved
BLK-04584,TSK-04584,COR-040,Engineering,60,2026-09-17,P2 - High,Conflict Flagged
BLK-04585,TSK-04585,COR-074,Engineering,120,2026-09-21,P2 - High,Conflict Flagged
BLK-04586,TSK-04586,COR-082,Electrical,60,2026-09-17,P2 - High,Scheduled
BLK-04587,TSK-04587,COR-055,Signal & Telecom,180,2026-09-21,P2 - High,Rejected
BLK-04588,TSK-04588,COR-083,Signal & Telecom,180,2026-09-16,P2 - High,Pending
BLK-04589,TSK-04589,COR-041,Signal & Telecom,120,2026-09-09,P3 - Medium,Rejected
BLK-04590,TSK-04590,COR-066,Signal & Telecom,360,2026-09-23,P3 - Medium,Rejected
BLK-04591,TSK-04591,COR-084,Signal & Telecom,300,2026-09-14,P3 - Medium,Rejected
BLK-04592,TSK-04592,COR-063,Engineering,180,2026-09-29,P1 - Emergency,Conflict Flagged
BLK-04593,TSK-04593,COR-094,Signal & Telecom,180,2026-09-20,P3 - Medium,Scheduled
BLK-04594,TSK-04594,COR-090,Electrical,180,2026-09-12,P1 - Emergency,Pending
BLK-04595,TSK-04595,COR-012,Operating,300,2026-09-14,P1 - Emergency,Pending
BLK-04596,TSK-04596,COR-071,Operating,360,2026-09-23,P1 - Emergency,Approved
BLK-04597,TSK-04597,COR-030,Operating,300,2026-09-22,P4 - Routine,Approved
BLK-04598,TSK-04598,COR-051,Signal & Telecom,240,2026-09-11,P2 - High,Pending
BLK-04599,TSK-04599,COR-045,Operating,360,2026-09-16,P4 - Routine,Pending
BLK-04600,TSK-04600,COR-001,Engineering,120,2026-09-27,P2 - High,Approved
BLK-04601,TSK-04601,COR-035,Signal & Telecom,300,2026-09-26,P3 - Medium,Conflict Flagged
BLK-04602,TSK-04602,COR-097,Engineering,60,2026-09-29,P1 - Emergency,Rejected
BLK-04603,TSK-04603,COR-004,Operating,240,2026-09-11,P4 - Routine,Rejected
BLK-04604,TSK-04604,COR-085,Signal & Telecom,120,2026-09-15,P3 - Medium,Conflict Flagged
BLK-04605,TSK-04605,COR-075,Electrical,300,2026-09-21,P3 - Medium,Conflict Flagged
BLK-04606,TSK-04606,COR-072,Engineering,360,2026-09-13,P1 - Emergency,Rejected
BLK-04607,TSK-04607,COR-075,Engineering,240,2026-09-18,P4 - Routine,Scheduled
BLK-04608,TSK-04608,COR-028,Engineering,360,2026-09-15,P2 - High,Approved
BLK-04609,TSK-04609,COR-022,Signal & Telecom,240,2026-09-15,P1 - Emergency,Rejected
BLK-04610,TSK-04610,COR-005,Operating,180,2026-09-28,P1 - Emergency,Rejected
BLK-04611,TSK-04611,COR-099,Operating,60,2026-09-13,P4 - Routine,Rejected
BLK-04612,TSK-04612,COR-087,Signal & Telecom,240,2026-09-29,P1 - Emergency,Rejected
BLK-04613,TSK-04613,COR-089,Operating,240,2026-09-19,P2 - High,Scheduled
BLK-04614,TSK-04614,COR-065,Electrical,240,2026-09-11,P2 - High,Conflict Flagged
BLK-04615,TSK-04615,COR-067,Electrical,240,2026-09-11,P4 - Routine,Scheduled
BLK-04616,TSK-04616,COR-043,Engineering,240,2026-09-10,P4 - Routine,Rejected
BLK-04617,TSK-04617,COR-057,Electrical,360,2026-09-12,P3 - Medium,Pending
BLK-04618,TSK-04618,COR-025,Electrical,120,2026-09-29,P3 - Medium,Rejected
BLK-04619,TSK-04619,COR-048,Engineering,240,2026-09-20,P2 - High,Scheduled
BLK-04620,TSK-04620,COR-008,Operating,360,2026-09-12,P4 - Routine,Pending
BLK-04621,TSK-04621,COR-077,Electrical,180,2026-09-15,P4 - Routine,Rejected
BLK-04622,TSK-04622,COR-051,Signal & Telecom,360,2026-09-09,P2 - High,Approved
BLK-04623,TSK-04623,COR-090,Engineering,300,2026-09-18,P3 - Medium,Scheduled
BLK-04624,TSK-04624,COR-031,Electrical,180,2026-09-21,P4 - Routine,Rejected
BLK-04625,TSK-04625,COR-065,Operating,360,2026-09-09,P2 - High,Rejected
BLK-04626,TSK-04626,COR-035,Signal & Telecom,300,2026-09-27,P1 - Emergency,Scheduled
BLK-04627,TSK-04627,COR-005,Engineering,240,2026-09-09,P3 - Medium,Pending
BLK-04628,TSK-04628,COR-051,Engineering,180,2026-09-24,P2 - High,Rejected
BLK-04629,TSK-04629,COR-001,Electrical,240,2026-09-22,P4 - Routine,Approved
BLK-04630,TSK-04630,COR-058,Operating,300,2026-09-15,P2 - High,Pending
BLK-04631,TSK-04631,COR-070,Engineering,240,2026-09-10,P1 - Emergency,Rejected
BLK-04632,TSK-04632,COR-068,Engineering,120,2026-09-13,P4 - Routine,Scheduled
BLK-04633,TSK-04633,COR-066,Operating,300,2026-09-13,P3 - Medium,Pending
BLK-04634,TSK-04634,COR-008,Signal & Telecom,300,2026-09-22,P4 - Routine,Rejected
BLK-04635,TSK-04635,COR-042,Signal & Telecom,120,2026-09-11,P1 - Emergency,Scheduled
BLK-04636,TSK-04636,COR-047,Engineering,60,2026-09-27,P2 - High,Conflict Flagged
BLK-04637,TSK-04637,COR-008,Engineering,300,2026-09-22,P2 - High,Scheduled
BLK-04638,TSK-04638,COR-033,Electrical,360,2026-09-12,P1 - Emergency,Scheduled
BLK-04639,TSK-04639,COR-009,Engineering,240,2026-09-12,P4 - Routine,Approved
BLK-04640,TSK-04640,COR-084,Signal & Telecom,120,2026-09-19,P3 - Medium,Rejected
BLK-04641,TSK-04641,COR-050,Operating,300,2026-09-13,P3 - Medium,Scheduled
BLK-04642,TSK-04642,COR-076,Operating,180,2026-09-19,P1 - Emergency,Scheduled
BLK-04643,TSK-04643,COR-071,Operating,300,2026-09-14,P1 - Emergency,Rejected
BLK-04644,TSK-04644,COR-059,Signal & Telecom,180,2026-09-11,P3 - Medium,Pending
BLK-04645,TSK-04645,COR-081,Operating,180,2026-09-27,P4 - Routine,Conflict Flagged
BLK-04646,TSK-04646,COR-084,Electrical,360,2026-09-21,P4 - Routine,Conflict Flagged
BLK-04647,TSK-04647,COR-022,Engineering,60,2026-09-19,P4 - Routine,Rejected
BLK-04648,TSK-04648,COR-070,Engineering,60,2026-09-24,P4 - Routine,Pending
BLK-04649,TSK-04649,COR-054,Electrical,360,2026-09-23,P3 - Medium,Approved
BLK-04650,TSK-04650,COR-037,Operating,360,2026-09-10,P2 - High,Conflict Flagged
BLK-04651,TSK-04651,COR-050,Operating,240,2026-09-12,P4 - Routine,Conflict Flagged
BLK-04652,TSK-04652,COR-001,Operating,60,2026-09-13,P4 - Routine,Rejected
BLK-04653,TSK-04653,COR-013,Electrical,300,2026-09-21,P2 - High,Approved
BLK-04654,TSK-04654,COR-090,Electrical,60,2026-09-26,P4 - Routine,Scheduled
BLK-04655,TSK-04655,COR-014,Engineering,120,2026-09-25,P1 - Emergency,Scheduled
BLK-04656,TSK-04656,COR-049,Electrical,60,2026-09-26,P3 - Medium,Approved
BLK-04657,TSK-04657,COR-017,Signal & Telecom,180,2026-09-15,P4 - Routine,Scheduled
BLK-04658,TSK-04658,COR-081,Operating,120,2026-09-21,P2 - High,Rejected
BLK-04659,TSK-04659,COR-054,Engineering,240,2026-09-14,P4 - Routine,Conflict Flagged
BLK-04660,TSK-04660,COR-006,Engineering,300,2026-09-21,P1 - Emergency,Conflict Flagged
BLK-04661,TSK-04661,COR-054,Operating,180,2026-09-12,P4 - Routine,Approved
BLK-04662,TSK-04662,COR-074,Signal & Telecom,300,2026-09-21,P2 - High,Conflict Flagged
BLK-04663,TSK-04663,COR-099,Operating,240,2026-09-21,P4 - Routine,Rejected
BLK-04664,TSK-04664,COR-071,Signal & Telecom,180,2026-09-15,P1 - Emergency,Pending
BLK-04665,TSK-04665,COR-075,Electrical,360,2026-09-20,P3 - Medium,Conflict Flagged
BLK-04666,TSK-04666,COR-021,Signal & Telecom,240,2026-09-20,P1 - Emergency,Approved
BLK-04667,TSK-04667,COR-086,Electrical,180,2026-09-18,P2 - High,Conflict Flagged
BLK-04668,TSK-04668,COR-080,Signal & Telecom,360,2026-09-21,P2 - High,Conflict Flagged
BLK-04669,TSK-04669,COR-030,Electrical,60,2026-09-19,P4 - Routine,Conflict Flagged
BLK-04670,TSK-04670,COR-034,Electrical,240,2026-09-25,P3 - Medium,Scheduled
BLK-04671,TSK-04671,COR-057,Operating,180,2026-09-22,P3 - Medium,Scheduled
BLK-04672,TSK-04672,COR-052,Electrical,120,2026-09-23,P3 - Medium,Scheduled
BLK-04673,TSK-04673,COR-067,Signal & Telecom,240,2026-09-16,P3 - Medium,Approved
BLK-04674,TSK-04674,COR-044,Electrical,180,2026-09-12,P3 - Medium,Conflict Flagged
BLK-04675,TSK-04675,COR-099,Operating,60,2026-09-16,P1 - Emergency,Rejected
BLK-04676,TSK-04676,COR-065,Signal & Telecom,120,2026-09-15,P4 - Routine,Approved
BLK-04677,TSK-04677,COR-027,Electrical,300,2026-09-14,P3 - Medium,Conflict Flagged
BLK-04678,TSK-04678,COR-001,Electrical,60,2026-09-19,P4 - Routine,Rejected
BLK-04679,TSK-04679,COR-046,Engineering,360,2026-09-09,P2 - High,Conflict Flagged
BLK-04680,TSK-04680,COR-022,Engineering,240,2026-09-22,P2 - High,Approved
BLK-04681,TSK-04681,COR-071,Signal & Telecom,300,2026-09-19,P3 - Medium,Conflict Flagged
BLK-04682,TSK-04682,COR-089,Electrical,180,2026-09-26,P3 - Medium,Pending
BLK-04683,TSK-04683,COR-047,Signal & Telecom,360,2026-09-21,P1 - Emergency,Conflict Flagged
BLK-04684,TSK-04684,COR-060,Signal & Telecom,60,2026-09-11,P1 - Emergency,Approved
BLK-04685,TSK-04685,COR-016,Signal & Telecom,240,2026-09-12,P4 - Routine,Conflict Flagged
BLK-04686,TSK-04686,COR-021,Signal & Telecom,120,2026-09-29,P1 - Emergency,Conflict Flagged
BLK-04687,TSK-04687,COR-002,Electrical,60,2026-09-10,P4 - Routine,Approved
BLK-04688,TSK-04688,COR-075,Signal & Telecom,180,2026-09-21,P1 - Emergency,Rejected
BLK-04689,TSK-04689,COR-004,Engineering,60,2026-09-18,P2 - High,Approved
BLK-04690,TSK-04690,COR-014,Operating,360,2026-09-16,P4 - Routine,Conflict Flagged
BLK-04691,TSK-04691,COR-091,Electrical,60,2026-09-27,P2 - High,Conflict Flagged
BLK-04692,TSK-04692,COR-061,Operating,300,2026-09-12,P3 - Medium,Approved
BLK-04693,TSK-04693,COR-034,Electrical,60,2026-09-15,P3 - Medium,Scheduled
BLK-04694,TSK-04694,COR-034,Engineering,120,2026-09-20,P3 - Medium,Pending
BLK-04695,TSK-04695,COR-076,Signal & Telecom,60,2026-09-22,P4 - Routine,Rejected
BLK-04696,TSK-04696,COR-040,Engineering,60,2026-09-28,P1 - Emergency,Approved
BLK-04697,TSK-04697,COR-084,Electrical,60,2026-09-29,P1 - Emergency,Scheduled
BLK-04698,TSK-04698,COR-044,Operating,240,2026-09-15,P3 - Medium,Scheduled
BLK-04699,TSK-04699,COR-049,Engineering,120,2026-09-23,P3 - Medium,Conflict Flagged
BLK-04700,TSK-04700,COR-064,Engineering,300,2026-09-27,P1 - Emergency,Scheduled
BLK-04701,TSK-04701,COR-042,Signal & Telecom,360,2026-09-18,P2 - High,Conflict Flagged
BLK-04702,TSK-04702,COR-010,Electrical,360,2026-09-26,P3 - Medium,Rejected
BLK-04703,TSK-04703,COR-088,Electrical,300,2026-09-20,P3 - Medium,Rejected
BLK-04704,TSK-04704,COR-023,Engineering,60,2026-09-20,P2 - High,Conflict Flagged
BLK-04705,TSK-04705,COR-060,Signal & Telecom,180,2026-09-10,P1 - Emergency,Approved
BLK-04706,TSK-04706,COR-087,Electrical,360,2026-09-12,P3 - Medium,Scheduled
BLK-04707,TSK-04707,COR-062,Engineering,240,2026-09-26,P1 - Emergency,Scheduled
BLK-04708,TSK-04708,COR-089,Operating,240,2026-09-17,P3 - Medium,Conflict Flagged
BLK-04709,TSK-04709,COR-073,Signal & Telecom,300,2026-09-22,P2 - High,Conflict Flagged
BLK-04710,TSK-04710,COR-036,Electrical,240,2026-09-13,P4 - Routine,Conflict Flagged
BLK-04711,TSK-04711,COR-088,Engineering,240,2026-09-09,P3 - Medium,Scheduled
BLK-04712,TSK-04712,COR-082,Operating,300,2026-09-12,P3 - Medium,Scheduled
BLK-04713,TSK-04713,COR-002,Engineering,180,2026-09-28,P4 - Routine,Conflict Flagged
BLK-04714,TSK-04714,COR-026,Electrical,180,2026-09-17,P2 - High,Conflict Flagged
BLK-04715,TSK-04715,COR-100,Signal & Telecom,300,2026-09-27,P4 - Routine,Pending
BLK-04716,TSK-04716,COR-099,Engineering,240,2026-09-15,P2 - High,Rejected
BLK-04717,TSK-04717,COR-086,Signal & Telecom,240,2026-09-18,P1 - Emergency,Conflict Flagged
BLK-04718,TSK-04718,COR-006,Engineering,360,2026-09-16,P1 - Emergency,Pending
BLK-04719,TSK-04719,COR-011,Signal & Telecom,120,2026-09-11,P2 - High,Scheduled
BLK-04720,TSK-04720,COR-034,Operating,60,2026-09-10,P4 - Routine,Scheduled
BLK-04721,TSK-04721,COR-083,Electrical,240,2026-09-09,P4 - Routine,Conflict Flagged
BLK-04722,TSK-04722,COR-001,Signal & Telecom,180,2026-09-11,P3 - Medium,Scheduled
BLK-04723,TSK-04723,COR-063,Operating,120,2026-09-09,P4 - Routine,Pending
BLK-04724,TSK-04724,COR-099,Operating,300,2026-09-28,P3 - Medium,Approved
BLK-04725,TSK-04725,COR-049,Operating,60,2026-09-26,P3 - Medium,Conflict Flagged
BLK-04726,TSK-04726,COR-036,Signal & Telecom,120,2026-09-29,P2 - High,Scheduled
BLK-04727,TSK-04727,COR-058,Engineering,60,2026-09-24,P3 - Medium,Pending
BLK-04728,TSK-04728,COR-043,Electrical,240,2026-09-20,P2 - High,Scheduled
BLK-04729,TSK-04729,COR-034,Electrical,240,2026-09-19,P1 - Emergency,Pending
BLK-04730,TSK-04730,COR-031,Engineering,120,2026-09-19,P4 - Routine,Rejected
BLK-04731,TSK-04731,COR-039,Signal & Telecom,240,2026-09-21,P4 - Routine,Scheduled
BLK-04732,TSK-04732,COR-100,Engineering,180,2026-09-16,P3 - Medium,Rejected
BLK-04733,TSK-04733,COR-020,Engineering,180,2026-09-18,P3 - Medium,Conflict Flagged
BLK-04734,TSK-04734,COR-018,Signal & Telecom,60,2026-09-21,P4 - Routine,Pending
BLK-04735,TSK-04735,COR-074,Signal & Telecom,300,2026-09-15,P1 - Emergency,Approved
BLK-04736,TSK-04736,COR-070,Signal & Telecom,360,2026-09-18,P2 - High,Rejected
BLK-04737,TSK-04737,COR-035,Electrical,240,2026-09-22,P4 - Routine,Conflict Flagged
BLK-04738,TSK-04738,COR-042,Signal & Telecom,300,2026-09-23,P1 - Emergency,Scheduled
BLK-04739,TSK-04739,COR-029,Signal & Telecom,300,2026-09-13,P3 - Medium,Conflict Flagged
BLK-04740,TSK-04740,COR-031,Signal & Telecom,360,2026-09-27,P3 - Medium,Scheduled
BLK-04741,TSK-04741,COR-060,Operating,240,2026-09-16,P4 - Routine,Rejected
BLK-04742,TSK-04742,COR-004,Operating,360,2026-09-23,P4 - Routine,Approved
BLK-04743,TSK-04743,COR-034,Signal & Telecom,240,2026-09-19,P4 - Routine,Pending
BLK-04744,TSK-04744,COR-073,Signal & Telecom,300,2026-09-26,P3 - Medium,Pending
BLK-04745,TSK-04745,COR-002,Engineering,360,2026-09-22,P1 - Emergency,Pending
BLK-04746,TSK-04746,COR-082,Operating,120,2026-09-12,P2 - High,Scheduled
BLK-04747,TSK-04747,COR-030,Signal & Telecom,60,2026-09-12,P4 - Routine,Scheduled
BLK-04748,TSK-04748,COR-021,Operating,120,2026-09-20,P4 - Routine,Scheduled
BLK-04749,TSK-04749,COR-053,Engineering,120,2026-09-25,P3 - Medium,Rejected
BLK-04750,TSK-04750,COR-061,Signal & Telecom,300,2026-09-28,P3 - Medium,Conflict Flagged
BLK-04751,TSK-04751,COR-070,Engineering,120,2026-09-19,P4 - Routine,Pending
BLK-04752,TSK-04752,COR-052,Signal & Telecom,300,2026-09-27,P4 - Routine,Scheduled
BLK-04753,TSK-04753,COR-091,Signal & Telecom,180,2026-09-14,P4 - Routine,Pending
BLK-04754,TSK-04754,COR-063,Signal & Telecom,240,2026-09-16,P4 - Routine,Pending
BLK-04755,TSK-04755,COR-032,Electrical,180,2026-09-12,P3 - Medium,Rejected
BLK-04756,TSK-04756,COR-056,Operating,300,2026-09-23,P3 - Medium,Pending
BLK-04757,TSK-04757,COR-045,Operating,300,2026-09-28,P2 - High,Conflict Flagged
BLK-04758,TSK-04758,COR-073,Operating,180,2026-09-10,P1 - Emergency,Pending
BLK-04759,TSK-04759,COR-045,Operating,300,2026-09-10,P3 - Medium,Rejected
BLK-04760,TSK-04760,COR-007,Electrical,180,2026-09-28,P4 - Routine,Conflict Flagged
BLK-04761,TSK-04761,COR-061,Electrical,360,2026-09-15,P1 - Emergency,Approved
BLK-04762,TSK-04762,COR-061,Signal & Telecom,180,2026-09-11,P1 - Emergency,Pending
BLK-04763,TSK-04763,COR-074,Operating,180,2026-09-09,P1 - Emergency,Rejected
BLK-04764,TSK-04764,COR-073,Signal & Telecom,180,2026-09-09,P3 - Medium,Conflict Flagged
BLK-04765,TSK-04765,COR-002,Electrical,240,2026-09-10,P2 - High,Scheduled
BLK-04766,TSK-04766,COR-069,Electrical,60,2026-09-22,P2 - High,Rejected
BLK-04767,TSK-04767,COR-049,Electrical,240,2026-09-15,P2 - High,Conflict Flagged
BLK-04768,TSK-04768,COR-069,Signal & Telecom,360,2026-09-14,P4 - Routine,Conflict Flagged
BLK-04769,TSK-04769,COR-099,Operating,60,2026-09-17,P2 - High,Pending
BLK-04770,TSK-04770,COR-051,Electrical,180,2026-09-29,P3 - Medium,Conflict Flagged
BLK-04771,TSK-04771,COR-055,Signal & Telecom,240,2026-09-22,P3 - Medium,Conflict Flagged
BLK-04772,TSK-04772,COR-088,Operating,120,2026-09-24,P2 - High,Conflict Flagged
BLK-04773,TSK-04773,COR-076,Operating,360,2026-09-13,P2 - High,Rejected
BLK-04774,TSK-04774,COR-010,Electrical,180,2026-09-23,P2 - High,Scheduled
BLK-04775,TSK-04775,COR-066,Operating,300,2026-09-26,P1 - Emergency,Pending
BLK-04776,TSK-04776,COR-071,Electrical,120,2026-09-24,P2 - High,Scheduled
BLK-04777,TSK-04777,COR-040,Electrical,300,2026-09-29,P2 - High,Approved
BLK-04778,TSK-04778,COR-050,Signal & Telecom,240,2026-09-11,P2 - High,Pending
BLK-04779,TSK-04779,COR-006,Engineering,60,2026-09-13,P4 - Routine,Conflict Flagged
BLK-04780,TSK-04780,COR-021,Signal & Telecom,180,2026-09-13,P2 - High,Pending
BLK-04781,TSK-04781,COR-046,Signal & Telecom,120,2026-09-12,P4 - Routine,Scheduled
BLK-04782,TSK-04782,COR-027,Electrical,240,2026-09-13,P1 - Emergency,Conflict Flagged
BLK-04783,TSK-04783,COR-003,Engineering,240,2026-09-27,P3 - Medium,Conflict Flagged
BLK-04784,TSK-04784,COR-040,Electrical,120,2026-09-16,P4 - Routine,Pending
BLK-04785,TSK-04785,COR-019,Engineering,300,2026-09-25,P1 - Emergency,Approved
BLK-04786,TSK-04786,COR-026,Electrical,240,2026-09-28,P4 - Routine,Pending
BLK-04787,TSK-04787,COR-022,Operating,360,2026-09-23,P1 - Emergency,Approved
BLK-04788,TSK-04788,COR-060,Operating,60,2026-09-28,P2 - High,Pending
BLK-04789,TSK-04789,COR-096,Operating,240,2026-09-16,P2 - High,Approved
BLK-04790,TSK-04790,COR-049,Operating,240,2026-09-29,P1 - Emergency,Pending
BLK-04791,TSK-04791,COR-036,Operating,300,2026-09-23,P4 - Routine,Conflict Flagged
BLK-04792,TSK-04792,COR-068,Operating,300,2026-09-09,P3 - Medium,Approved
BLK-04793,TSK-04793,COR-009,Engineering,360,2026-09-26,P1 - Emergency,Approved
BLK-04794,TSK-04794,COR-001,Signal & Telecom,60,2026-09-22,P2 - High,Approved
BLK-04795,TSK-04795,COR-034,Engineering,300,2026-09-11,P4 - Routine,Scheduled
BLK-04796,TSK-04796,COR-032,Engineering,120,2026-09-10,P3 - Medium,Pending
BLK-04797,TSK-04797,COR-053,Electrical,120,2026-09-09,P3 - Medium,Pending
BLK-04798,TSK-04798,COR-023,Electrical,360,2026-09-10,P3 - Medium,Pending
BLK-04799,TSK-04799,COR-013,Electrical,300,2026-09-20,P2 - High,Rejected
BLK-04800,TSK-04800,COR-002,Operating,360,2026-09-21,P2 - High,Rejected
BLK-04801,TSK-04801,COR-060,Engineering,360,2026-09-18,P4 - Routine,Pending
BLK-04802,TSK-04802,COR-051,Operating,180,2026-09-18,P4 - Routine,Approved
BLK-04803,TSK-04803,COR-090,Signal & Telecom,120,2026-09-23,P1 - Emergency,Conflict Flagged
BLK-04804,TSK-04804,COR-096,Signal & Telecom,60,2026-09-23,P3 - Medium,Conflict Flagged
BLK-04805,TSK-04805,COR-068,Signal & Telecom,120,2026-09-24,P1 - Emergency,Conflict Flagged
BLK-04806,TSK-04806,COR-014,Operating,240,2026-09-09,P4 - Routine,Approved
BLK-04807,TSK-04807,COR-075,Engineering,240,2026-09-29,P1 - Emergency,Approved
BLK-04808,TSK-04808,COR-094,Engineering,180,2026-09-28,P2 - High,Pending
BLK-04809,TSK-04809,COR-045,Signal & Telecom,240,2026-09-10,P4 - Routine,Conflict Flagged
BLK-04810,TSK-04810,COR-075,Signal & Telecom,300,2026-09-28,P1 - Emergency,Conflict Flagged
BLK-04811,TSK-04811,COR-018,Electrical,240,2026-09-11,P4 - Routine,Rejected
BLK-04812,TSK-04812,COR-036,Engineering,180,2026-09-15,P1 - Emergency,Scheduled
BLK-04813,TSK-04813,COR-023,Engineering,120,2026-09-25,P3 - Medium,Pending
BLK-04814,TSK-04814,COR-082,Electrical,300,2026-09-10,P1 - Emergency,Approved
BLK-04815,TSK-04815,COR-041,Operating,180,2026-09-24,P2 - High,Conflict Flagged
BLK-04816,TSK-04816,COR-087,Electrical,120,2026-09-19,P1 - Emergency,Approved
BLK-04817,TSK-04817,COR-086,Electrical,240,2026-09-21,P4 - Routine,Scheduled
BLK-04818,TSK-04818,COR-059,Engineering,120,2026-09-09,P1 - Emergency,Approved
BLK-04819,TSK-04819,COR-077,Electrical,180,2026-09-11,P1 - Emergency,Approved
BLK-04820,TSK-04820,COR-063,Engineering,120,2026-09-17,P1 - Emergency,Scheduled
BLK-04821,TSK-04821,COR-046,Engineering,60,2026-09-14,P2 - High,Conflict Flagged
BLK-04822,TSK-04822,COR-054,Operating,60,2026-09-10,P2 - High,Scheduled
BLK-04823,TSK-04823,COR-011,Operating,300,2026-09-20,P2 - High,Rejected
BLK-04824,TSK-04824,COR-058,Electrical,120,2026-09-16,P2 - High,Scheduled
BLK-04825,TSK-04825,COR-053,Electrical,300,2026-09-09,P2 - High,Conflict Flagged
BLK-04826,TSK-04826,COR-010,Engineering,180,2026-09-24,P3 - Medium,Pending
BLK-04827,TSK-04827,COR-039,Electrical,360,2026-09-23,P4 - Routine,Conflict Flagged
BLK-04828,TSK-04828,COR-074,Engineering,360,2026-09-12,P3 - Medium,Scheduled
BLK-04829,TSK-04829,COR-097,Electrical,360,2026-09-09,P4 - Routine,Approved
BLK-04830,TSK-04830,COR-012,Signal & Telecom,60,2026-09-26,P4 - Routine,Scheduled
BLK-04831,TSK-04831,COR-094,Electrical,240,2026-09-23,P3 - Medium,Approved
BLK-04832,TSK-04832,COR-049,Operating,360,2026-09-26,P1 - Emergency,Approved
BLK-04833,TSK-04833,COR-097,Signal & Telecom,180,2026-09-18,P4 - Routine,Approved
BLK-04834,TSK-04834,COR-083,Electrical,300,2026-09-16,P3 - Medium,Pending
BLK-04835,TSK-04835,COR-093,Signal & Telecom,300,2026-09-25,P3 - Medium,Scheduled
BLK-04836,TSK-04836,COR-044,Signal & Telecom,360,2026-09-29,P3 - Medium,Scheduled
BLK-04837,TSK-04837,COR-043,Signal & Telecom,240,2026-09-09,P3 - Medium,Rejected
BLK-04838,TSK-04838,COR-025,Engineering,240,2026-09-09,P3 - Medium,Rejected
BLK-04839,TSK-04839,COR-021,Signal & Telecom,60,2026-09-26,P4 - Routine,Approved
BLK-04840,TSK-04840,COR-007,Signal & Telecom,360,2026-09-17,P4 - Routine,Scheduled
BLK-04841,TSK-04841,COR-017,Engineering,240,2026-09-12,P2 - High,Pending
BLK-04842,TSK-04842,COR-044,Operating,120,2026-09-25,P4 - Routine,Pending
BLK-04843,TSK-04843,COR-038,Electrical,360,2026-09-11,P1 - Emergency,Approved
BLK-04844,TSK-04844,COR-020,Electrical,300,2026-09-10,P4 - Routine,Conflict Flagged
BLK-04845,TSK-04845,COR-024,Electrical,120,2026-09-15,P2 - High,Pending
BLK-04846,TSK-04846,COR-059,Operating,180,2026-09-09,P4 - Routine,Pending
BLK-04847,TSK-04847,COR-064,Electrical,180,2026-09-25,P4 - Routine,Pending
BLK-04848,TSK-04848,COR-045,Signal & Telecom,360,2026-09-22,P3 - Medium,Conflict Flagged
BLK-04849,TSK-04849,COR-043,Engineering,240,2026-09-20,P1 - Emergency,Approved
BLK-04850,TSK-04850,COR-053,Operating,120,2026-09-27,P4 - Routine,Rejected
BLK-04851,TSK-04851,COR-049,Electrical,180,2026-09-13,P4 - Routine,Approved
BLK-04852,TSK-04852,COR-037,Engineering,180,2026-09-29,P3 - Medium,Pending
BLK-04853,TSK-04853,COR-090,Engineering,180,2026-09-09,P2 - High,Pending
BLK-04854,TSK-04854,COR-017,Signal & Telecom,120,2026-09-14,P1 - Emergency,Pending
BLK-04855,TSK-04855,COR-097,Operating,360,2026-09-25,P1 - Emergency,Rejected
BLK-04856,TSK-04856,COR-035,Operating,300,2026-09-20,P2 - High,Approved
BLK-04857,TSK-04857,COR-037,Operating,240,2026-09-20,P3 - Medium,Pending
BLK-04858,TSK-04858,COR-068,Signal & Telecom,60,2026-09-09,P4 - Routine,Scheduled
BLK-04859,TSK-04859,COR-045,Signal & Telecom,180,2026-09-12,P1 - Emergency,Pending
BLK-04860,TSK-04860,COR-052,Electrical,240,2026-09-09,P1 - Emergency,Pending
BLK-04861,TSK-04861,COR-013,Signal & Telecom,120,2026-09-11,P3 - Medium,Pending
BLK-04862,TSK-04862,COR-088,Electrical,60,2026-09-24,P1 - Emergency,Approved
BLK-04863,TSK-04863,COR-047,Signal & Telecom,360,2026-09-23,P4 - Routine,Pending
BLK-04864,TSK-04864,COR-098,Electrical,300,2026-09-13,P1 - Emergency,Scheduled
BLK-04865,TSK-04865,COR-045,Engineering,120,2026-09-12,P3 - Medium,Conflict Flagged
BLK-04866,TSK-04866,COR-035,Operating,240,2026-09-09,P4 - Routine,Rejected
BLK-04867,TSK-04867,COR-021,Operating,60,2026-09-27,P1 - Emergency,Rejected
BLK-04868,TSK-04868,COR-053,Electrical,60,2026-09-19,P2 - High,Approved
BLK-04869,TSK-04869,COR-065,Operating,300,2026-09-11,P2 - High,Approved
BLK-04870,TSK-04870,COR-080,Electrical,300,2026-09-10,P3 - Medium,Pending
BLK-04871,TSK-04871,COR-049,Signal & Telecom,360,2026-09-26,P1 - Emergency,Scheduled
BLK-04872,TSK-04872,COR-051,Signal & Telecom,300,2026-09-28,P1 - Emergency,Pending
BLK-04873,TSK-04873,COR-069,Electrical,300,2026-09-20,P4 - Routine,Conflict Flagged
BLK-04874,TSK-04874,COR-049,Electrical,300,2026-09-11,P4 - Routine,Pending
BLK-04875,TSK-04875,COR-085,Signal & Telecom,300,2026-09-20,P3 - Medium,Rejected
BLK-04876,TSK-04876,COR-039,Engineering,360,2026-09-27,P1 - Emergency,Rejected
BLK-04877,TSK-04877,COR-095,Signal & Telecom,120,2026-09-18,P1 - Emergency,Scheduled
BLK-04878,TSK-04878,COR-004,Signal & Telecom,360,2026-09-28,P2 - High,Approved
BLK-04879,TSK-04879,COR-093,Engineering,300,2026-09-25,P1 - Emergency,Pending
BLK-04880,TSK-04880,COR-053,Signal & Telecom,360,2026-09-29,P1 - Emergency,Rejected
BLK-04881,TSK-04881,COR-089,Engineering,180,2026-09-14,P2 - High,Pending
BLK-04882,TSK-04882,COR-039,Engineering,360,2026-09-09,P4 - Routine,Approved
BLK-04883,TSK-04883,COR-065,Engineering,60,2026-09-14,P2 - High,Scheduled
BLK-04884,TSK-04884,COR-009,Signal & Telecom,180,2026-09-12,P4 - Routine,Approved
BLK-04885,TSK-04885,COR-005,Engineering,360,2026-09-23,P1 - Emergency,Scheduled
BLK-04886,TSK-04886,COR-039,Operating,360,2026-09-21,P2 - High,Conflict Flagged
BLK-04887,TSK-04887,COR-098,Electrical,360,2026-09-28,P1 - Emergency,Pending
BLK-04888,TSK-04888,COR-071,Electrical,60,2026-09-21,P4 - Routine,Pending
BLK-04889,TSK-04889,COR-048,Engineering,240,2026-09-27,P1 - Emergency,Conflict Flagged
BLK-04890,TSK-04890,COR-012,Electrical,240,2026-09-15,P2 - High,Rejected
BLK-04891,TSK-04891,COR-049,Engineering,360,2026-09-09,P3 - Medium,Conflict Flagged
BLK-04892,TSK-04892,COR-089,Engineering,60,2026-09-09,P3 - Medium,Pending
BLK-04893,TSK-04893,COR-047,Operating,300,2026-09-26,P3 - Medium,Conflict Flagged
BLK-04894,TSK-04894,COR-076,Electrical,60,2026-09-26,P2 - High,Rejected
BLK-04895,TSK-04895,COR-020,Electrical,240,2026-09-13,P4 - Routine,Pending
BLK-04896,TSK-04896,COR-054,Electrical,120,2026-09-19,P2 - High,Pending
BLK-04897,TSK-04897,COR-098,Engineering,360,2026-09-18,P1 - Emergency,Approved
BLK-04898,TSK-04898,COR-022,Signal & Telecom,240,2026-09-16,P4 - Routine,Pending
BLK-04899,TSK-04899,COR-008,Engineering,60,2026-09-17,P1 - Emergency,Rejected
BLK-04900,TSK-04900,COR-056,Engineering,360,2026-09-20,P1 - Emergency,Approved
BLK-04901,TSK-04901,COR-065,Signal & Telecom,360,2026-09-13,P3 - Medium,Rejected
BLK-04902,TSK-04902,COR-092,Engineering,360,2026-09-29,P3 - Medium,Pending
BLK-04903,TSK-04903,COR-026,Signal & Telecom,120,2026-09-28,P4 - Routine,Pending
BLK-04904,TSK-04904,COR-085,Electrical,60,2026-09-25,P4 - Routine,Scheduled
BLK-04905,TSK-04905,COR-079,Electrical,180,2026-09-18,P1 - Emergency,Conflict Flagged
BLK-04906,TSK-04906,COR-095,Operating,240,2026-09-16,P2 - High,Scheduled
BLK-04907,TSK-04907,COR-025,Electrical,60,2026-09-22,P4 - Routine,Rejected
BLK-04908,TSK-04908,COR-100,Signal & Telecom,240,2026-09-18,P4 - Routine,Approved
BLK-04909,TSK-04909,COR-006,Signal & Telecom,360,2026-09-27,P2 - High,Approved
BLK-04910,TSK-04910,COR-088,Engineering,180,2026-09-26,P2 - High,Pending
BLK-04911,TSK-04911,COR-026,Operating,120,2026-09-13,P2 - High,Conflict Flagged
BLK-04912,TSK-04912,COR-070,Signal & Telecom,60,2026-09-23,P2 - High,Approved
BLK-04913,TSK-04913,COR-091,Operating,60,2026-09-17,P2 - High,Conflict Flagged
BLK-04914,TSK-04914,COR-086,Engineering,360,2026-09-12,P2 - High,Approved
BLK-04915,TSK-04915,COR-091,Engineering,360,2026-09-11,P1 - Emergency,Pending
BLK-04916,TSK-04916,COR-050,Engineering,300,2026-09-10,P1 - Emergency,Rejected
BLK-04917,TSK-04917,COR-001,Signal & Telecom,300,2026-09-26,P2 - High,Scheduled
BLK-04918,TSK-04918,COR-038,Engineering,240,2026-09-26,P4 - Routine,Rejected
BLK-04919,TSK-04919,COR-031,Signal & Telecom,60,2026-09-14,P4 - Routine,Conflict Flagged
BLK-04920,TSK-04920,COR-070,Engineering,180,2026-09-10,P3 - Medium,Pending
BLK-04921,TSK-04921,COR-048,Electrical,120,2026-09-20,P3 - Medium,Scheduled
BLK-04922,TSK-04922,COR-008,Signal & Telecom,360,2026-09-15,P2 - High,Scheduled
BLK-04923,TSK-04923,COR-071,Signal & Telecom,180,2026-09-26,P3 - Medium,Approved
BLK-04924,TSK-04924,COR-063,Engineering,120,2026-09-09,P4 - Routine,Pending
BLK-04925,TSK-04925,COR-056,Electrical,180,2026-09-25,P1 - Emergency,Rejected
BLK-04926,TSK-04926,COR-098,Signal & Telecom,60,2026-09-16,P3 - Medium,Pending
BLK-04927,TSK-04927,COR-046,Operating,240,2026-09-15,P2 - High,Scheduled
BLK-04928,TSK-04928,COR-065,Engineering,360,2026-09-17,P2 - High,Rejected
BLK-04929,TSK-04929,COR-029,Operating,240,2026-09-09,P2 - High,Conflict Flagged
BLK-04930,TSK-04930,COR-019,Signal & Telecom,300,2026-09-16,P1 - Emergency,Rejected
BLK-04931,TSK-04931,COR-025,Operating,180,2026-09-29,P2 - High,Approved
BLK-04932,TSK-04932,COR-034,Engineering,360,2026-09-28,P3 - Medium,Pending
BLK-04933,TSK-04933,COR-097,Signal & Telecom,300,2026-09-16,P4 - Routine,Approved
BLK-04934,TSK-04934,COR-014,Electrical,180,2026-09-18,P4 - Routine,Rejected
BLK-04935,TSK-04935,COR-045,Operating,240,2026-09-29,P1 - Emergency,Rejected
BLK-04936,TSK-04936,COR-054,Signal & Telecom,300,2026-09-26,P4 - Routine,Rejected
BLK-04937,TSK-04937,COR-007,Signal & Telecom,180,2026-09-19,P4 - Routine,Scheduled
BLK-04938,TSK-04938,COR-020,Signal & Telecom,360,2026-09-29,P2 - High,Pending
BLK-04939,TSK-04939,COR-051,Operating,300,2026-09-09,P3 - Medium,Pending
BLK-04940,TSK-04940,COR-100,Electrical,120,2026-09-12,P4 - Routine,Pending
BLK-04941,TSK-04941,COR-050,Electrical,60,2026-09-27,P4 - Routine,Rejected
BLK-04942,TSK-04942,COR-053,Signal & Telecom,300,2026-09-15,P4 - Routine,Pending
BLK-04943,TSK-04943,COR-016,Signal & Telecom,300,2026-09-23,P1 - Emergency,Approved
BLK-04944,TSK-04944,COR-099,Engineering,360,2026-09-09,P3 - Medium,Rejected
BLK-04945,TSK-04945,COR-018,Operating,360,2026-09-11,P2 - High,Rejected
BLK-04946,TSK-04946,COR-027,Signal & Telecom,240,2026-09-17,P2 - High,Rejected
BLK-04947,TSK-04947,COR-029,Operating,60,2026-09-15,P4 - Routine,Conflict Flagged
BLK-04948,TSK-04948,COR-029,Operating,180,2026-09-13,P3 - Medium,Rejected
BLK-04949,TSK-04949,COR-005,Engineering,240,2026-09-25,P2 - High,Pending
BLK-04950,TSK-04950,COR-020,Operating,120,2026-09-26,P1 - Emergency,Approved
BLK-04951,TSK-04951,COR-094,Operating,240,2026-09-24,P3 - Medium,Pending
BLK-04952,TSK-04952,COR-052,Signal & Telecom,120,2026-09-16,P2 - High,Conflict Flagged
BLK-04953,TSK-04953,COR-066,Signal & Telecom,300,2026-09-11,P1 - Emergency,Pending
BLK-04954,TSK-04954,COR-077,Operating,60,2026-09-13,P2 - High,Approved
BLK-04955,TSK-04955,COR-091,Operating,360,2026-09-25,P3 - Medium,Scheduled
BLK-04956,TSK-04956,COR-023,Signal & Telecom,120,2026-09-10,P4 - Routine,Approved
BLK-04957,TSK-04957,COR-053,Operating,60,2026-09-19,P1 - Emergency,Rejected
BLK-04958,TSK-04958,COR-026,Signal & Telecom,360,2026-09-17,P2 - High,Rejected
BLK-04959,TSK-04959,COR-052,Operating,120,2026-09-18,P1 - Emergency,Pending
BLK-04960,TSK-04960,COR-087,Engineering,120,2026-09-17,P4 - Routine,Pending
BLK-04961,TSK-04961,COR-035,Operating,300,2026-09-18,P3 - Medium,Scheduled
BLK-04962,TSK-04962,COR-090,Engineering,120,2026-09-29,P4 - Routine,Conflict Flagged
BLK-04963,TSK-04963,COR-052,Operating,180,2026-09-21,P4 - Routine,Conflict Flagged
BLK-04964,TSK-04964,COR-066,Signal & Telecom,120,2026-09-24,P1 - Emergency,Rejected
BLK-04965,TSK-04965,COR-082,Signal & Telecom,120,2026-09-17,P1 - Emergency,Approved
BLK-04966,TSK-04966,COR-043,Operating,360,2026-09-20,P1 - Emergency,Approved
BLK-04967,TSK-04967,COR-078,Electrical,300,2026-09-22,P1 - Emergency,Approved
BLK-04968,TSK-04968,COR-008,Signal & Telecom,60,2026-09-27,P4 - Routine,Approved
BLK-04969,TSK-04969,COR-031,Electrical,180,2026-09-15,P1 - Emergency,Conflict Flagged
BLK-04970,TSK-04970,COR-071,Engineering,240,2026-09-26,P3 - Medium,Rejected
BLK-04971,TSK-04971,COR-085,Signal & Telecom,120,2026-09-10,P3 - Medium,Approved
BLK-04972,TSK-04972,COR-025,Engineering,120,2026-09-14,P3 - Medium,Scheduled
BLK-04973,TSK-04973,COR-093,Engineering,120,2026-09-29,P3 - Medium,Approved
BLK-04974,TSK-04974,COR-073,Signal & Telecom,300,2026-09-17,P4 - Routine,Scheduled
BLK-04975,TSK-04975,COR-084,Signal & Telecom,240,2026-09-24,P1 - Emergency,Pending
BLK-04976,TSK-04976,COR-019,Signal & Telecom,180,2026-09-18,P1 - Emergency,Approved
BLK-04977,TSK-04977,COR-068,Operating,60,2026-09-20,P2 - High,Scheduled
BLK-04978,TSK-04978,COR-063,Electrical,60,2026-09-10,P2 - High,Rejected
BLK-04979,TSK-04979,COR-012,Signal & Telecom,300,2026-09-17,P2 - High,Conflict Flagged
BLK-04980,TSK-04980,COR-007,Electrical,60,2026-09-11,P2 - High,Conflict Flagged
BLK-04981,TSK-04981,COR-063,Signal & Telecom,180,2026-09-14,P1 - Emergency,Pending
BLK-04982,TSK-04982,COR-086,Engineering,180,2026-09-11,P4 - Routine,Scheduled
BLK-04983,TSK-04983,COR-019,Signal & Telecom,60,2026-09-14,P1 - Emergency,Rejected
BLK-04984,TSK-04984,COR-022,Operating,120,2026-09-13,P1 - Emergency,Approved
BLK-04985,TSK-04985,COR-079,Engineering,360,2026-09-21,P1 - Emergency,Rejected
BLK-04986,TSK-04986,COR-049,Engineering,180,2026-09-29,P3 - Medium,Approved
BLK-04987,TSK-04987,COR-096,Operating,120,2026-09-22,P4 - Routine,Rejected
BLK-04988,TSK-04988,COR-090,Engineering,240,2026-09-28,P4 - Routine,Rejected
BLK-04989,TSK-04989,COR-097,Operating,60,2026-09-24,P2 - High,Rejected
BLK-04990,TSK-04990,COR-033,Signal & Telecom,240,2026-09-27,P4 - Routine,Pending
BLK-04991,TSK-04991,COR-050,Engineering,60,2026-09-11,P3 - Medium,Scheduled
BLK-04992,TSK-04992,COR-051,Engineering,180,2026-09-26,P2 - High,Conflict Flagged
BLK-04993,TSK-04993,COR-073,Engineering,60,2026-09-17,P4 - Routine,Pending
BLK-04994,TSK-04994,COR-030,Electrical,120,2026-09-19,P3 - Medium,Conflict Flagged
BLK-04995,TSK-04995,COR-075,Operating,300,2026-09-20,P4 - Routine,Approved
BLK-04996,TSK-04996,COR-029,Electrical,360,2026-09-23,P4 - Routine,Scheduled
BLK-04997,TSK-04997,COR-036,Operating,300,2026-09-18,P2 - High,Scheduled
BLK-04998,TSK-04998,COR-019,Engineering,180,2026-09-18,P2 - High,Approved
BLK-04999,TSK-04999,COR-014,Operating,180,2026-09-17,P2 - High,Pending
BLK-05000,TSK-05000,COR-002,Operating,60,2026-09-15,P2 - High,Conflict Flagged
BLK-05001,TSK-05001,COR-003,Electrical,240,2026-09-28,P4 - Routine,Rejected
BLK-05002,TSK-05002,COR-047,Electrical,240,2026-09-23,P3 - Medium,Rejected
BLK-05003,TSK-05003,COR-059,Operating,60,2026-09-29,P4 - Routine,Approved
BLK-05004,TSK-05004,COR-067,Electrical,240,2026-09-24,P4 - Routine,Rejected
BLK-05005,TSK-05005,COR-015,Operating,240,2026-09-11,P2 - High,Rejected
BLK-05006,TSK-05006,COR-050,Electrical,60,2026-09-25,P1 - Emergency,Rejected
BLK-05007,TSK-05007,COR-019,Signal & Telecom,120,2026-09-18,P4 - Routine,Pending
BLK-05008,TSK-05008,COR-032,Signal & Telecom,240,2026-09-18,P2 - High,Scheduled
BLK-05009,TSK-05009,COR-051,Engineering,60,2026-09-21,P2 - High,Approved
BLK-05010,TSK-05010,COR-048,Electrical,300,2026-09-26,P1 - Emergency,Pending
BLK-05011,TSK-05011,COR-036,Signal & Telecom,60,2026-09-20,P4 - Routine,Approved
BLK-05012,TSK-05012,COR-022,Operating,120,2026-09-19,P2 - High,Approved
BLK-05013,TSK-05013,COR-019,Electrical,120,2026-09-20,P1 - Emergency,Approved
BLK-05014,TSK-05014,COR-093,Engineering,300,2026-09-22,P3 - Medium,Scheduled
BLK-05015,TSK-05015,COR-097,Operating,120,2026-09-27,P4 - Routine,Rejected
BLK-05016,TSK-05016,COR-033,Signal & Telecom,60,2026-09-16,P4 - Routine,Conflict Flagged
BLK-05017,TSK-05017,COR-014,Operating,180,2026-09-20,P4 - Routine,Scheduled
BLK-05018,TSK-05018,COR-075,Engineering,60,2026-09-23,P4 - Routine,Rejected
BLK-05019,TSK-05019,COR-005,Electrical,360,2026-09-24,P2 - High,Conflict Flagged
BLK-05020,TSK-05020,COR-021,Operating,120,2026-09-28,P1 - Emergency,Conflict Flagged
BLK-05021,TSK-05021,COR-004,Signal & Telecom,360,2026-09-13,P4 - Routine,Conflict Flagged
BLK-05022,TSK-05022,COR-015,Engineering,300,2026-09-10,P3 - Medium,Scheduled
BLK-05023,TSK-05023,COR-052,Engineering,240,2026-09-27,P2 - High,Approved
BLK-05024,TSK-05024,COR-042,Signal & Telecom,360,2026-09-26,P1 - Emergency,Pending
BLK-05025,TSK-05025,COR-091,Signal & Telecom,120,2026-09-19,P4 - Routine,Conflict Flagged
BLK-05026,TSK-05026,COR-012,Electrical,300,2026-09-09,P2 - High,Conflict Flagged
BLK-05027,TSK-05027,COR-073,Electrical,300,2026-09-24,P1 - Emergency,Conflict Flagged
BLK-05028,TSK-05028,COR-048,Signal & Telecom,300,2026-09-11,P4 - Routine,Approved
BLK-05029,TSK-05029,COR-033,Engineering,360,2026-09-20,P3 - Medium,Conflict Flagged
BLK-05030,TSK-05030,COR-050,Signal & Telecom,360,2026-09-29,P4 - Routine,Rejected
BLK-05031,TSK-05031,COR-037,Signal & Telecom,180,2026-09-22,P4 - Routine,Conflict Flagged
BLK-05032,TSK-05032,COR-056,Operating,300,2026-09-19,P3 - Medium,Pending
BLK-05033,TSK-05033,COR-040,Operating,300,2026-09-16,P2 - High,Conflict Flagged
BLK-05034,TSK-05034,COR-013,Operating,120,2026-09-24,P2 - High,Scheduled
BLK-05035,TSK-05035,COR-094,Operating,120,2026-09-14,P2 - High,Approved
BLK-05036,TSK-05036,COR-020,Electrical,180,2026-09-11,P4 - Routine,Conflict Flagged
BLK-05037,TSK-05037,COR-029,Electrical,360,2026-09-11,P2 - High,Approved
BLK-05038,TSK-05038,COR-026,Operating,300,2026-09-20,P3 - Medium,Pending
BLK-05039,TSK-05039,COR-025,Engineering,120,2026-09-27,P1 - Emergency,Pending
BLK-05040,TSK-05040,COR-027,Operating,60,2026-09-15,P4 - Routine,Approved
BLK-05041,TSK-05041,COR-069,Engineering,180,2026-09-27,P1 - Emergency,Approved
BLK-05042,TSK-05042,COR-015,Electrical,60,2026-09-13,P2 - High,Rejected
BLK-05043,TSK-05043,COR-005,Engineering,120,2026-09-11,P2 - High,Rejected
BLK-05044,TSK-05044,COR-023,Signal & Telecom,180,2026-09-28,P2 - High,Approved
BLK-05045,TSK-05045,COR-097,Engineering,240,2026-09-29,P2 - High,Rejected
BLK-05046,TSK-05046,COR-075,Operating,360,2026-09-28,P2 - High,Approved
BLK-05047,TSK-05047,COR-038,Electrical,300,2026-09-19,P4 - Routine,Rejected
BLK-05048,TSK-05048,COR-022,Electrical,300,2026-09-09,P4 - Routine,Conflict Flagged
BLK-05049,TSK-05049,COR-020,Signal & Telecom,120,2026-09-11,P2 - High,Conflict Flagged
BLK-05050,TSK-05050,COR-039,Engineering,60,2026-09-10,P1 - Emergency,Approved
BLK-05051,TSK-05051,COR-094,Operating,300,2026-09-26,P3 - Medium,Rejected
BLK-05052,TSK-05052,COR-085,Engineering,240,2026-09-25,P4 - Routine,Conflict Flagged
BLK-05053,TSK-05053,COR-019,Engineering,60,2026-09-10,P2 - High,Conflict Flagged
BLK-05054,TSK-05054,COR-086,Operating,240,2026-09-09,P1 - Emergency,Scheduled
BLK-05055,TSK-05055,COR-088,Engineering,60,2026-09-09,P3 - Medium,Pending
BLK-05056,TSK-05056,COR-071,Operating,60,2026-09-24,P1 - Emergency,Rejected
BLK-05057,TSK-05057,COR-039,Operating,60,2026-09-14,P1 - Emergency,Rejected
BLK-05058,TSK-05058,COR-049,Electrical,360,2026-09-23,P4 - Routine,Rejected
BLK-05059,TSK-05059,COR-015,Engineering,300,2026-09-25,P3 - Medium,Scheduled
BLK-05060,TSK-05060,COR-044,Operating,240,2026-09-21,P2 - High,Pending
BLK-05061,TSK-05061,COR-080,Engineering,60,2026-09-13,P3 - Medium,Pending
BLK-05062,TSK-05062,COR-024,Operating,300,2026-09-16,P3 - Medium,Pending
BLK-05063,TSK-05063,COR-021,Electrical,120,2026-09-25,P1 - Emergency,Conflict Flagged
BLK-05064,TSK-05064,COR-021,Engineering,240,2026-09-20,P4 - Routine,Rejected
BLK-05065,TSK-05065,COR-021,Signal & Telecom,60,2026-09-24,P4 - Routine,Conflict Flagged
BLK-05066,TSK-05066,COR-074,Electrical,240,2026-09-20,P3 - Medium,Pending
BLK-05067,TSK-05067,COR-071,Engineering,240,2026-09-25,P3 - Medium,Conflict Flagged
BLK-05068,TSK-05068,COR-015,Engineering,360,2026-09-15,P2 - High,Approved
BLK-05069,TSK-05069,COR-015,Operating,180,2026-09-10,P2 - High,Conflict Flagged
BLK-05070,TSK-05070,COR-026,Operating,360,2026-09-13,P4 - Routine,Conflict Flagged
BLK-05071,TSK-05071,COR-075,Electrical,120,2026-09-10,P2 - High,Conflict Flagged
BLK-05072,TSK-05072,COR-009,Engineering,360,2026-09-16,P4 - Routine,Approved
BLK-05073,TSK-05073,COR-012,Operating,360,2026-09-11,P2 - High,Rejected
BLK-05074,TSK-05074,COR-013,Signal & Telecom,360,2026-09-16,P1 - Emergency,Approved
BLK-05075,TSK-05075,COR-069,Signal & Telecom,300,2026-09-15,P3 - Medium,Pending
BLK-05076,TSK-05076,COR-007,Signal & Telecom,300,2026-09-10,P3 - Medium,Conflict Flagged
BLK-05077,TSK-05077,COR-096,Signal & Telecom,300,2026-09-11,P1 - Emergency,Conflict Flagged
BLK-05078,TSK-05078,COR-095,Engineering,360,2026-09-26,P2 - High,Pending
BLK-05079,TSK-05079,COR-020,Electrical,300,2026-09-09,P4 - Routine,Pending
BLK-05080,TSK-05080,COR-092,Engineering,240,2026-09-18,P1 - Emergency,Conflict Flagged
BLK-05081,TSK-05081,COR-022,Electrical,180,2026-09-18,P2 - High,Conflict Flagged
BLK-05082,TSK-05082,COR-057,Engineering,60,2026-09-12,P1 - Emergency,Rejected
BLK-05083,TSK-05083,COR-087,Electrical,120,2026-09-16,P3 - Medium,Conflict Flagged
BLK-05084,TSK-05084,COR-031,Electrical,180,2026-09-10,P3 - Medium,Approved
BLK-05085,TSK-05085,COR-061,Electrical,180,2026-09-19,P4 - Routine,Approved
BLK-05086,TSK-05086,COR-100,Electrical,120,2026-09-22,P2 - High,Conflict Flagged
BLK-05087,TSK-05087,COR-092,Engineering,300,2026-09-17,P2 - High,Approved
BLK-05088,TSK-05088,COR-049,Engineering,240,2026-09-24,P1 - Emergency,Approved
BLK-05089,TSK-05089,COR-035,Signal & Telecom,180,2026-09-24,P3 - Medium,Rejected
BLK-05090,TSK-05090,COR-099,Engineering,360,2026-09-19,P3 - Medium,Rejected
BLK-05091,TSK-05091,COR-015,Electrical,240,2026-09-19,P1 - Emergency,Conflict Flagged
BLK-05092,TSK-05092,COR-073,Operating,240,2026-09-12,P4 - Routine,Approved
BLK-05093,TSK-05093,COR-040,Engineering,300,2026-09-20,P3 - Medium,Scheduled
BLK-05094,TSK-05094,COR-054,Electrical,240,2026-09-26,P4 - Routine,Conflict Flagged
BLK-05095,TSK-05095,COR-056,Operating,240,2026-09-11,P3 - Medium,Scheduled
BLK-05096,TSK-05096,COR-044,Signal & Telecom,120,2026-09-12,P1 - Emergency,Pending
BLK-05097,TSK-05097,COR-084,Engineering,120,2026-09-21,P2 - High,Rejected
BLK-05098,TSK-05098,COR-058,Electrical,180,2026-09-29,P2 - High,Scheduled
BLK-05099,TSK-05099,COR-075,Engineering,60,2026-09-10,P3 - Medium,Approved
BLK-05100,TSK-05100,COR-096,Electrical,360,2026-09-15,P4 - Routine,Scheduled
BLK-05101,TSK-05101,COR-066,Engineering,60,2026-09-27,P3 - Medium,Pending
BLK-05102,TSK-05102,COR-029,Operating,180,2026-09-13,P2 - High,Rejected
BLK-05103,TSK-05103,COR-014,Signal & Telecom,60,2026-09-23,P3 - Medium,Conflict Flagged
BLK-05104,TSK-05104,COR-079,Engineering,60,2026-09-12,P3 - Medium,Scheduled
BLK-05105,TSK-05105,COR-028,Signal & Telecom,60,2026-09-19,P2 - High,Rejected
BLK-05106,TSK-05106,COR-034,Signal & Telecom,360,2026-09-10,P2 - High,Rejected
BLK-05107,TSK-05107,COR-029,Signal & Telecom,60,2026-09-25,P4 - Routine,Pending
BLK-05108,TSK-05108,COR-047,Signal & Telecom,180,2026-09-12,P1 - Emergency,Pending
BLK-05109,TSK-05109,COR-018,Engineering,180,2026-09-15,P2 - High,Pending
BLK-05110,TSK-05110,COR-045,Operating,180,2026-09-14,P1 - Emergency,Pending
BLK-05111,TSK-05111,COR-091,Operating,300,2026-09-17,P4 - Routine,Approved
BLK-05112,TSK-05112,COR-059,Electrical,180,2026-09-18,P1 - Emergency,Pending
BLK-05113,TSK-05113,COR-014,Operating,360,2026-09-09,P2 - High,Pending
BLK-05114,TSK-05114,COR-008,Engineering,120,2026-09-21,P1 - Emergency,Approved
BLK-05115,TSK-05115,COR-086,Electrical,240,2026-09-22,P2 - High,Approved
BLK-05116,TSK-05116,COR-032,Signal & Telecom,120,2026-09-26,P1 - Emergency,Rejected
BLK-05117,TSK-05117,COR-046,Engineering,360,2026-09-23,P1 - Emergency,Conflict Flagged
BLK-05118,TSK-05118,COR-100,Signal & Telecom,60,2026-09-14,P2 - High,Scheduled
BLK-05119,TSK-05119,COR-060,Electrical,300,2026-09-29,P1 - Emergency,Rejected
BLK-05120,TSK-05120,COR-041,Signal & Telecom,180,2026-09-18,P3 - Medium,Scheduled
BLK-05121,TSK-05121,COR-096,Signal & Telecom,360,2026-09-17,P4 - Routine,Approved
BLK-05122,TSK-05122,COR-035,Electrical,240,2026-09-22,P2 - High,Rejected
BLK-05123,TSK-05123,COR-072,Electrical,240,2026-09-19,P2 - High,Scheduled
BLK-05124,TSK-05124,COR-075,Operating,300,2026-09-28,P2 - High,Conflict Flagged
BLK-05125,TSK-05125,COR-026,Operating,180,2026-09-23,P4 - Routine,Scheduled
BLK-05126,TSK-05126,COR-006,Operating,180,2026-09-28,P4 - Routine,Pending
BLK-05127,TSK-05127,COR-007,Electrical,360,2026-09-19,P4 - Routine,Scheduled
BLK-05128,TSK-05128,COR-087,Operating,60,2026-09-23,P3 - Medium,Approved
BLK-05129,TSK-05129,COR-039,Signal & Telecom,360,2026-09-27,P2 - High,Conflict Flagged
BLK-05130,TSK-05130,COR-004,Operating,60,2026-09-23,P1 - Emergency,Conflict Flagged
BLK-05131,TSK-05131,COR-078,Electrical,120,2026-09-18,P1 - Emergency,Rejected
BLK-05132,TSK-05132,COR-044,Electrical,240,2026-09-17,P2 - High,Scheduled
BLK-05133,TSK-05133,COR-092,Engineering,120,2026-09-21,P3 - Medium,Approved
BLK-05134,TSK-05134,COR-095,Operating,240,2026-09-21,P1 - Emergency,Pending
BLK-05135,TSK-05135,COR-089,Engineering,360,2026-09-23,P4 - Routine,Pending
BLK-05136,TSK-05136,COR-005,Electrical,360,2026-09-09,P3 - Medium,Rejected
BLK-05137,TSK-05137,COR-035,Engineering,300,2026-09-26,P2 - High,Rejected
BLK-05138,TSK-05138,COR-076,Signal & Telecom,120,2026-09-18,P3 - Medium,Scheduled
BLK-05139,TSK-05139,COR-074,Electrical,60,2026-09-10,P4 - Routine,Scheduled
BLK-05140,TSK-05140,COR-085,Operating,60,2026-09-22,P1 - Emergency,Scheduled
BLK-05141,TSK-05141,COR-046,Electrical,60,2026-09-15,P2 - High,Pending
BLK-05142,TSK-05142,COR-054,Operating,300,2026-09-29,P4 - Routine,Scheduled
BLK-05143,TSK-05143,COR-007,Engineering,360,2026-09-16,P2 - High,Pending
BLK-05144,TSK-05144,COR-052,Electrical,120,2026-09-15,P1 - Emergency,Approved
BLK-05145,TSK-05145,COR-100,Electrical,120,2026-09-13,P1 - Emergency,Conflict Flagged
BLK-05146,TSK-05146,COR-070,Electrical,180,2026-09-22,P1 - Emergency,Approved
BLK-05147,TSK-05147,COR-017,Engineering,180,2026-09-23,P1 - Emergency,Rejected
BLK-05148,TSK-05148,COR-038,Operating,120,2026-09-19,P4 - Routine,Scheduled
BLK-05149,TSK-05149,COR-010,Signal & Telecom,120,2026-09-16,P2 - High,Conflict Flagged
BLK-05150,TSK-05150,COR-062,Operating,240,2026-09-25,P3 - Medium,Pending
BLK-05151,TSK-05151,COR-077,Operating,60,2026-09-09,P2 - High,Pending
BLK-05152,TSK-05152,COR-029,Engineering,360,2026-09-17,P3 - Medium,Pending
BLK-05153,TSK-05153,COR-036,Signal & Telecom,360,2026-09-26,P2 - High,Scheduled
BLK-05154,TSK-05154,COR-073,Electrical,180,2026-09-21,P3 - Medium,Scheduled
BLK-05155,TSK-05155,COR-097,Electrical,120,2026-09-26,P3 - Medium,Pending
BLK-05156,TSK-05156,COR-030,Signal & Telecom,360,2026-09-10,P3 - Medium,Rejected
BLK-05157,TSK-05157,COR-058,Electrical,120,2026-09-23,P3 - Medium,Approved
BLK-05158,TSK-05158,COR-007,Operating,240,2026-09-29,P1 - Emergency,Pending
BLK-05159,TSK-05159,COR-091,Electrical,60,2026-09-17,P2 - High,Approved
BLK-05160,TSK-05160,COR-044,Operating,120,2026-09-24,P2 - High,Conflict Flagged
BLK-05161,TSK-05161,COR-051,Operating,120,2026-09-16,P4 - Routine,Rejected
BLK-05162,TSK-05162,COR-010,Signal & Telecom,240,2026-09-18,P3 - Medium,Pending
BLK-05163,TSK-05163,COR-043,Electrical,60,2026-09-22,P3 - Medium,Approved
BLK-05164,TSK-05164,COR-035,Electrical,240,2026-09-28,P2 - High,Rejected
BLK-05165,TSK-05165,COR-089,Operating,180,2026-09-22,P2 - High,Conflict Flagged
BLK-05166,TSK-05166,COR-014,Engineering,360,2026-09-11,P2 - High,Rejected
BLK-05167,TSK-05167,COR-063,Operating,60,2026-09-26,P1 - Emergency,Scheduled
BLK-05168,TSK-05168,COR-094,Engineering,60,2026-09-21,P1 - Emergency,Pending
BLK-05169,TSK-05169,COR-008,Electrical,240,2026-09-23,P1 - Emergency,Rejected
BLK-05170,TSK-05170,COR-014,Engineering,180,2026-09-13,P1 - Emergency,Pending
BLK-05171,TSK-05171,COR-015,Electrical,240,2026-09-23,P3 - Medium,Conflict Flagged
BLK-05172,TSK-05172,COR-004,Electrical,180,2026-09-14,P4 - Routine,Scheduled
BLK-05173,TSK-05173,COR-060,Electrical,120,2026-09-12,P2 - High,Approved
BLK-05174,TSK-05174,COR-081,Engineering,300,2026-09-14,P3 - Medium,Conflict Flagged
BLK-05175,TSK-05175,COR-038,Engineering,360,2026-09-25,P2 - High,Rejected
BLK-05176,TSK-05176,COR-045,Signal & Telecom,60,2026-09-17,P1 - Emergency,Approved
BLK-05177,TSK-05177,COR-024,Signal & Telecom,120,2026-09-23,P1 - Emergency,Rejected
BLK-05178,TSK-05178,COR-074,Electrical,360,2026-09-25,P4 - Routine,Pending
BLK-05179,TSK-05179,COR-001,Signal & Telecom,60,2026-09-09,P4 - Routine,Rejected
BLK-05180,TSK-05180,COR-020,Operating,300,2026-09-28,P3 - Medium,Conflict Flagged
BLK-05181,TSK-05181,COR-035,Engineering,180,2026-09-17,P2 - High,Scheduled
BLK-05182,TSK-05182,COR-099,Engineering,120,2026-09-13,P3 - Medium,Approved
BLK-05183,TSK-05183,COR-032,Electrical,180,2026-09-20,P2 - High,Conflict Flagged
BLK-05184,TSK-05184,COR-005,Electrical,300,2026-09-25,P1 - Emergency,Approved
BLK-05185,TSK-05185,COR-089,Engineering,300,2026-09-23,P3 - Medium,Pending
BLK-05186,TSK-05186,COR-006,Signal & Telecom,60,2026-09-18,P4 - Routine,Conflict Flagged
BLK-05187,TSK-05187,COR-071,Electrical,300,2026-09-22,P1 - Emergency,Pending
BLK-05188,TSK-05188,COR-025,Signal & Telecom,300,2026-09-28,P4 - Routine,Approved
BLK-05189,TSK-05189,COR-038,Operating,300,2026-09-22,P3 - Medium,Rejected
BLK-05190,TSK-05190,COR-045,Electrical,60,2026-09-22,P3 - Medium,Approved
BLK-05191,TSK-05191,COR-007,Operating,60,2026-09-13,P3 - Medium,Pending
BLK-05192,TSK-05192,COR-049,Engineering,240,2026-09-23,P4 - Routine,Conflict Flagged
BLK-05193,TSK-05193,COR-036,Signal & Telecom,240,2026-09-10,P3 - Medium,Conflict Flagged
BLK-05194,TSK-05194,COR-019,Electrical,60,2026-09-14,P3 - Medium,Conflict Flagged
BLK-05195,TSK-05195,COR-009,Signal & Telecom,300,2026-09-28,P2 - High,Rejected
BLK-05196,TSK-05196,COR-057,Signal & Telecom,300,2026-09-24,P1 - Emergency,Approved
BLK-05197,TSK-05197,COR-081,Signal & Telecom,240,2026-09-12,P2 - High,Conflict Flagged
BLK-05198,TSK-05198,COR-040,Operating,360,2026-09-19,P1 - Emergency,Pending
BLK-05199,TSK-05199,COR-094,Signal & Telecom,60,2026-09-17,P3 - Medium,Rejected
BLK-05200,TSK-05200,COR-098,Operating,180,2026-09-14,P4 - Routine,Scheduled
BLK-05201,TSK-05201,COR-016,Electrical,60,2026-09-13,P4 - Routine,Conflict Flagged
BLK-05202,TSK-05202,COR-018,Engineering,360,2026-09-23,P1 - Emergency,Pending
BLK-05203,TSK-05203,COR-077,Electrical,300,2026-09-15,P1 - Emergency,Approved
BLK-05204,TSK-05204,COR-074,Electrical,120,2026-09-11,P2 - High,Scheduled
BLK-05205,TSK-05205,COR-015,Signal & Telecom,240,2026-09-27,P4 - Routine,Rejected
BLK-05206,TSK-05206,COR-013,Operating,360,2026-09-19,P1 - Emergency,Approved
BLK-05207,TSK-05207,COR-047,Operating,300,2026-09-16,P2 - High,Scheduled
BLK-05208,TSK-05208,COR-027,Electrical,120,2026-09-25,P4 - Routine,Approved
BLK-05209,TSK-05209,COR-046,Operating,300,2026-09-19,P3 - Medium,Rejected
BLK-05210,TSK-05210,COR-036,Operating,120,2026-09-16,P4 - Routine,Pending
BLK-05211,TSK-05211,COR-025,Engineering,60,2026-09-17,P1 - Emergency,Conflict Flagged
BLK-05212,TSK-05212,COR-009,Electrical,180,2026-09-23,P1 - Emergency,Scheduled
BLK-05213,TSK-05213,COR-083,Engineering,300,2026-09-29,P4 - Routine,Rejected
BLK-05214,TSK-05214,COR-010,Operating,360,2026-09-18,P2 - High,Pending
BLK-05215,TSK-05215,COR-070,Electrical,300,2026-09-16,P1 - Emergency,Rejected
BLK-05216,TSK-05216,COR-002,Operating,360,2026-09-12,P4 - Routine,Rejected
BLK-05217,TSK-05217,COR-060,Operating,300,2026-09-26,P3 - Medium,Rejected
BLK-05218,TSK-05218,COR-090,Operating,120,2026-09-25,P3 - Medium,Approved
BLK-05219,TSK-05219,COR-002,Electrical,360,2026-09-18,P4 - Routine,Scheduled
BLK-05220,TSK-05220,COR-058,Electrical,180,2026-09-19,P4 - Routine,Conflict Flagged
BLK-05221,TSK-05221,COR-028,Signal & Telecom,60,2026-09-25,P4 - Routine,Pending
BLK-05222,TSK-05222,COR-085,Operating,240,2026-09-15,P4 - Routine,Pending
BLK-05223,TSK-05223,COR-012,Operating,300,2026-09-19,P2 - High,Pending
BLK-05224,TSK-05224,COR-062,Engineering,180,2026-09-27,P2 - High,Pending
BLK-05225,TSK-05225,COR-028,Engineering,180,2026-09-13,P4 - Routine,Approved
BLK-05226,TSK-05226,COR-063,Electrical,300,2026-09-11,P3 - Medium,Scheduled
BLK-05227,TSK-05227,COR-021,Electrical,120,2026-09-17,P4 - Routine,Approved
BLK-05228,TSK-05228,COR-038,Engineering,240,2026-09-20,P4 - Routine,Conflict Flagged
BLK-05229,TSK-05229,COR-031,Signal & Telecom,120,2026-09-29,P1 - Emergency,Pending
BLK-05230,TSK-05230,COR-100,Electrical,120,2026-09-25,P3 - Medium,Conflict Flagged
BLK-05231,TSK-05231,COR-051,Engineering,120,2026-09-29,P1 - Emergency,Pending
BLK-05232,TSK-05232,COR-090,Operating,120,2026-09-16,P1 - Emergency,Approved
BLK-05233,TSK-05233,COR-065,Operating,120,2026-09-13,P2 - High,Approved
BLK-05234,TSK-05234,COR-042,Electrical,300,2026-09-18,P1 - Emergency,Pending
BLK-05235,TSK-05235,COR-093,Engineering,180,2026-09-13,P1 - Emergency,Approved
BLK-05236,TSK-05236,COR-094,Engineering,180,2026-09-17,P1 - Emergency,Pending
BLK-05237,TSK-05237,COR-084,Operating,120,2026-09-28,P3 - Medium,Pending
BLK-05238,TSK-05238,COR-034,Engineering,120,2026-09-12,P3 - Medium,Approved
BLK-05239,TSK-05239,COR-057,Electrical,360,2026-09-16,P3 - Medium,Pending
BLK-05240,TSK-05240,COR-025,Signal & Telecom,60,2026-09-26,P3 - Medium,Pending
BLK-05241,TSK-05241,COR-066,Electrical,360,2026-09-12,P4 - Routine,Rejected
BLK-05242,TSK-05242,COR-020,Electrical,120,2026-09-27,P4 - Routine,Rejected
BLK-05243,TSK-05243,COR-021,Electrical,60,2026-09-25,P3 - Medium,Approved
BLK-05244,TSK-05244,COR-072,Electrical,60,2026-09-25,P4 - Routine,Rejected
BLK-05245,TSK-05245,COR-024,Engineering,60,2026-09-10,P3 - Medium,Approved
BLK-05246,TSK-05246,COR-096,Operating,60,2026-09-22,P2 - High,Scheduled
BLK-05247,TSK-05247,COR-025,Operating,300,2026-09-14,P4 - Routine,Conflict Flagged
BLK-05248,TSK-05248,COR-072,Electrical,180,2026-09-09,P4 - Routine,Rejected
BLK-05249,TSK-05249,COR-017,Engineering,180,2026-09-22,P2 - High,Pending
BLK-05250,TSK-05250,COR-070,Electrical,120,2026-09-12,P3 - Medium,Approved
BLK-05251,TSK-05251,COR-002,Engineering,180,2026-09-29,P3 - Medium,Conflict Flagged
BLK-05252,TSK-05252,COR-062,Engineering,240,2026-09-09,P2 - High,Rejected
BLK-05253,TSK-05253,COR-085,Electrical,60,2026-09-12,P1 - Emergency,Rejected
BLK-05254,TSK-05254,COR-042,Engineering,180,2026-09-29,P2 - High,Approved
BLK-05255,TSK-05255,COR-015,Engineering,360,2026-09-15,P2 - High,Conflict Flagged
BLK-05256,TSK-05256,COR-082,Operating,360,2026-09-18,P1 - Emergency,Approved
BLK-05257,TSK-05257,COR-088,Engineering,60,2026-09-10,P3 - Medium,Approved
BLK-05258,TSK-05258,COR-098,Operating,120,2026-09-12,P2 - High,Approved
BLK-05259,TSK-05259,COR-023,Signal & Telecom,120,2026-09-23,P4 - Routine,Approved
BLK-05260,TSK-05260,COR-042,Signal & Telecom,180,2026-09-21,P1 - Emergency,Conflict Flagged
BLK-05261,TSK-05261,COR-032,Engineering,120,2026-09-18,P1 - Emergency,Approved
BLK-05262,TSK-05262,COR-061,Signal & Telecom,60,2026-09-09,P3 - Medium,Approved
BLK-05263,TSK-05263,COR-097,Electrical,60,2026-09-16,P2 - High,Rejected
BLK-05264,TSK-05264,COR-073,Electrical,240,2026-09-24,P2 - High,Pending
BLK-05265,TSK-05265,COR-043,Electrical,300,2026-09-28,P4 - Routine,Conflict Flagged
BLK-05266,TSK-05266,COR-015,Operating,240,2026-09-10,P1 - Emergency,Conflict Flagged
BLK-05267,TSK-05267,COR-065,Engineering,360,2026-09-11,P4 - Routine,Scheduled
BLK-05268,TSK-05268,COR-068,Operating,60,2026-09-19,P4 - Routine,Pending
BLK-05269,TSK-05269,COR-100,Signal & Telecom,180,2026-09-25,P4 - Routine,Scheduled
BLK-05270,TSK-05270,COR-073,Engineering,300,2026-09-16,P4 - Routine,Pending
BLK-05271,TSK-05271,COR-056,Electrical,120,2026-09-27,P1 - Emergency,Conflict Flagged
BLK-05272,TSK-05272,COR-057,Operating,360,2026-09-14,P1 - Emergency,Scheduled
BLK-05273,TSK-05273,COR-046,Signal & Telecom,60,2026-09-22,P3 - Medium,Rejected
BLK-05274,TSK-05274,COR-058,Signal & Telecom,300,2026-09-14,P4 - Routine,Pending
BLK-05275,TSK-05275,COR-027,Signal & Telecom,120,2026-09-12,P4 - Routine,Conflict Flagged
BLK-05276,TSK-05276,COR-034,Operating,300,2026-09-21,P3 - Medium,Scheduled
BLK-05277,TSK-05277,COR-068,Engineering,60,2026-09-14,P2 - High,Rejected
BLK-05278,TSK-05278,COR-099,Operating,240,2026-09-29,P3 - Medium,Approved
BLK-05279,TSK-05279,COR-048,Signal & Telecom,360,2026-09-26,P3 - Medium,Rejected
BLK-05280,TSK-05280,COR-017,Operating,300,2026-09-09,P4 - Routine,Rejected
BLK-05281,TSK-05281,COR-067,Operating,180,2026-09-18,P3 - Medium,Rejected
BLK-05282,TSK-05282,COR-038,Electrical,300,2026-09-21,P3 - Medium,Scheduled
BLK-05283,TSK-05283,COR-086,Engineering,120,2026-09-10,P2 - High,Scheduled
BLK-05284,TSK-05284,COR-039,Signal & Telecom,180,2026-09-27,P2 - High,Approved
BLK-05285,TSK-05285,COR-004,Electrical,360,2026-09-16,P3 - Medium,Scheduled
BLK-05286,TSK-05286,COR-008,Operating,180,2026-09-18,P3 - Medium,Scheduled
BLK-05287,TSK-05287,COR-055,Engineering,240,2026-09-20,P3 - Medium,Scheduled
BLK-05288,TSK-05288,COR-093,Signal & Telecom,300,2026-09-20,P3 - Medium,Approved
BLK-05289,TSK-05289,COR-062,Engineering,360,2026-09-25,P2 - High,Approved
BLK-05290,TSK-05290,COR-057,Operating,180,2026-09-26,P2 - High,Pending
BLK-05291,TSK-05291,COR-072,Electrical,300,2026-09-17,P1 - Emergency,Pending
BLK-05292,TSK-05292,COR-019,Engineering,360,2026-09-25,P1 - Emergency,Rejected
BLK-05293,TSK-05293,COR-065,Operating,120,2026-09-21,P3 - Medium,Pending
BLK-05294,TSK-05294,COR-011,Operating,120,2026-09-16,P2 - High,Scheduled
BLK-05295,TSK-05295,COR-005,Engineering,60,2026-09-29,P2 - High,Scheduled
BLK-05296,TSK-05296,COR-001,Signal & Telecom,240,2026-09-21,P3 - Medium,Rejected
BLK-05297,TSK-05297,COR-049,Operating,360,2026-09-10,P4 - Routine,Rejected
BLK-05298,TSK-05298,COR-068,Engineering,300,2026-09-16,P4 - Routine,Pending
BLK-05299,TSK-05299,COR-003,Electrical,240,2026-09-26,P3 - Medium,Rejected
BLK-05300,TSK-05300,COR-083,Operating,180,2026-09-20,P1 - Emergency,Rejected
BLK-05301,TSK-05301,COR-040,Signal & Telecom,60,2026-09-16,P1 - Emergency,Conflict Flagged
BLK-05302,TSK-05302,COR-088,Engineering,120,2026-09-25,P3 - Medium,Pending
BLK-05303,TSK-05303,COR-096,Operating,120,2026-09-17,P3 - Medium,Conflict Flagged
BLK-05304,TSK-05304,COR-078,Electrical,180,2026-09-09,P1 - Emergency,Rejected
BLK-05305,TSK-05305,COR-047,Electrical,300,2026-09-20,P2 - High,Pending
BLK-05306,TSK-05306,COR-012,Electrical,240,2026-09-24,P4 - Routine,Approved
BLK-05307,TSK-05307,COR-095,Signal & Telecom,240,2026-09-23,P2 - High,Pending
BLK-05308,TSK-05308,COR-027,Signal & Telecom,360,2026-09-23,P2 - High,Conflict Flagged
BLK-05309,TSK-05309,COR-095,Signal & Telecom,60,2026-09-18,P3 - Medium,Rejected
BLK-05310,TSK-05310,COR-029,Signal & Telecom,180,2026-09-20,P3 - Medium,Rejected
BLK-05311,TSK-05311,COR-098,Engineering,180,2026-09-29,P2 - High,Rejected
BLK-05312,TSK-05312,COR-083,Electrical,360,2026-09-17,P1 - Emergency,Rejected
BLK-05313,TSK-05313,COR-063,Operating,240,2026-09-16,P4 - Routine,Approved
BLK-05314,TSK-05314,COR-037,Electrical,120,2026-09-19,P2 - High,Pending
BLK-05315,TSK-05315,COR-004,Operating,180,2026-09-22,P3 - Medium,Pending
BLK-05316,TSK-05316,COR-039,Engineering,120,2026-09-12,P4 - Routine,Conflict Flagged
BLK-05317,TSK-05317,COR-098,Electrical,240,2026-09-10,P2 - High,Pending
BLK-05318,TSK-05318,COR-036,Electrical,240,2026-09-25,P1 - Emergency,Conflict Flagged
BLK-05319,TSK-05319,COR-008,Operating,60,2026-09-29,P3 - Medium,Conflict Flagged
BLK-05320,TSK-05320,COR-050,Operating,120,2026-09-18,P4 - Routine,Rejected
BLK-05321,TSK-05321,COR-015,Operating,180,2026-09-10,P3 - Medium,Pending
BLK-05322,TSK-05322,COR-046,Electrical,360,2026-09-28,P2 - High,Approved
BLK-05323,TSK-05323,COR-003,Operating,360,2026-09-20,P2 - High,Rejected
BLK-05324,TSK-05324,COR-057,Electrical,120,2026-09-27,P4 - Routine,Rejected
BLK-05325,TSK-05325,COR-083,Signal & Telecom,300,2026-09-16,P1 - Emergency,Scheduled
BLK-05326,TSK-05326,COR-028,Electrical,240,2026-09-17,P2 - High,Scheduled
BLK-05327,TSK-05327,COR-027,Signal & Telecom,60,2026-09-24,P1 - Emergency,Approved
BLK-05328,TSK-05328,COR-013,Signal & Telecom,300,2026-09-15,P2 - High,Approved
BLK-05329,TSK-05329,COR-096,Electrical,60,2026-09-11,P1 - Emergency,Conflict Flagged
BLK-05330,TSK-05330,COR-061,Electrical,120,2026-09-28,P4 - Routine,Scheduled
BLK-05331,TSK-05331,COR-012,Engineering,360,2026-09-29,P2 - High,Approved
BLK-05332,TSK-05332,COR-037,Engineering,60,2026-09-21,P3 - Medium,Scheduled
BLK-05333,TSK-05333,COR-096,Electrical,360,2026-09-22,P3 - Medium,Scheduled
BLK-05334,TSK-05334,COR-035,Signal & Telecom,300,2026-09-12,P4 - Routine,Approved
BLK-05335,TSK-05335,COR-036,Electrical,300,2026-09-25,P2 - High,Rejected
BLK-05336,TSK-05336,COR-087,Electrical,300,2026-09-28,P2 - High,Scheduled
BLK-05337,TSK-05337,COR-057,Operating,180,2026-09-24,P4 - Routine,Scheduled
BLK-05338,TSK-05338,COR-085,Operating,360,2026-09-16,P4 - Routine,Scheduled
BLK-05339,TSK-05339,COR-035,Operating,120,2026-09-28,P2 - High,Pending
BLK-05340,TSK-05340,COR-042,Operating,60,2026-09-24,P2 - High,Approved
BLK-05341,TSK-05341,COR-059,Electrical,240,2026-09-16,P1 - Emergency,Rejected
BLK-05342,TSK-05342,COR-069,Operating,360,2026-09-16,P4 - Routine,Approved
BLK-05343,TSK-05343,COR-003,Signal & Telecom,180,2026-09-10,P3 - Medium,Scheduled
BLK-05344,TSK-05344,COR-017,Operating,240,2026-09-23,P4 - Routine,Pending
BLK-05345,TSK-05345,COR-042,Electrical,120,2026-09-09,P4 - Routine,Scheduled
BLK-05346,TSK-05346,COR-065,Electrical,240,2026-09-21,P3 - Medium,Rejected
BLK-05347,TSK-05347,COR-001,Signal & Telecom,360,2026-09-26,P4 - Routine,Rejected
BLK-05348,TSK-05348,COR-091,Signal & Telecom,360,2026-09-23,P4 - Routine,Pending
BLK-05349,TSK-05349,COR-005,Electrical,240,2026-09-11,P2 - High,Scheduled
BLK-05350,TSK-05350,COR-041,Operating,180,2026-09-26,P2 - High,Approved
BLK-05351,TSK-05351,COR-050,Electrical,60,2026-09-22,P3 - Medium,Rejected
BLK-05352,TSK-05352,COR-069,Operating,180,2026-09-17,P3 - Medium,Approved
BLK-05353,TSK-05353,COR-047,Electrical,120,2026-09-29,P4 - Routine,Conflict Flagged
BLK-05354,TSK-05354,COR-035,Electrical,300,2026-09-22,P3 - Medium,Scheduled
BLK-05355,TSK-05355,COR-008,Operating,360,2026-09-19,P3 - Medium,Approved
BLK-05356,TSK-05356,COR-024,Signal & Telecom,180,2026-09-12,P2 - High,Scheduled
BLK-05357,TSK-05357,COR-025,Signal & Telecom,360,2026-09-24,P3 - Medium,Rejected
BLK-05358,TSK-05358,COR-064,Signal & Telecom,60,2026-09-22,P2 - High,Pending
BLK-05359,TSK-05359,COR-029,Electrical,240,2026-09-20,P1 - Emergency,Scheduled
BLK-05360,TSK-05360,COR-082,Signal & Telecom,300,2026-09-25,P3 - Medium,Pending
BLK-05361,TSK-05361,COR-053,Operating,360,2026-09-21,P3 - Medium,Approved
BLK-05362,TSK-05362,COR-089,Operating,180,2026-09-16,P1 - Emergency,Approved
BLK-05363,TSK-05363,COR-053,Engineering,360,2026-09-19,P4 - Routine,Rejected
BLK-05364,TSK-05364,COR-056,Signal & Telecom,180,2026-09-24,P3 - Medium,Scheduled
BLK-05365,TSK-05365,COR-045,Operating,300,2026-09-21,P2 - High,Scheduled
BLK-05366,TSK-05366,COR-035,Electrical,120,2026-09-20,P3 - Medium,Approved
BLK-05367,TSK-05367,COR-099,Electrical,300,2026-09-25,P1 - Emergency,Approved
BLK-05368,TSK-05368,COR-015,Operating,360,2026-09-21,P3 - Medium,Pending
BLK-05369,TSK-05369,COR-002,Electrical,300,2026-09-24,P2 - High,Approved
BLK-05370,TSK-05370,COR-096,Operating,300,2026-09-28,P2 - High,Conflict Flagged
BLK-05371,TSK-05371,COR-071,Operating,60,2026-09-12,P1 - Emergency,Conflict Flagged
BLK-05372,TSK-05372,COR-075,Signal & Telecom,120,2026-09-21,P1 - Emergency,Scheduled
BLK-05373,TSK-05373,COR-027,Electrical,360,2026-09-27,P2 - High,Pending
BLK-05374,TSK-05374,COR-089,Electrical,120,2026-09-29,P4 - Routine,Pending
BLK-05375,TSK-05375,COR-056,Electrical,120,2026-09-11,P3 - Medium,Rejected
BLK-05376,TSK-05376,COR-033,Engineering,120,2026-09-27,P1 - Emergency,Scheduled
BLK-05377,TSK-05377,COR-035,Electrical,120,2026-09-10,P3 - Medium,Conflict Flagged
BLK-05378,TSK-05378,COR-017,Electrical,120,2026-09-20,P4 - Routine,Conflict Flagged
BLK-05379,TSK-05379,COR-077,Operating,180,2026-09-10,P1 - Emergency,Conflict Flagged
BLK-05380,TSK-05380,COR-091,Operating,60,2026-09-09,P3 - Medium,Pending
BLK-05381,TSK-05381,COR-045,Signal & Telecom,120,2026-09-14,P4 - Routine,Conflict Flagged
BLK-05382,TSK-05382,COR-049,Operating,120,2026-09-23,P4 - Routine,Rejected
BLK-05383,TSK-05383,COR-041,Signal & Telecom,120,2026-09-27,P4 - Routine,Rejected
BLK-05384,TSK-05384,COR-012,Electrical,60,2026-09-25,P4 - Routine,Scheduled
BLK-05385,TSK-05385,COR-059,Operating,300,2026-09-19,P4 - Routine,Approved
BLK-05386,TSK-05386,COR-040,Operating,180,2026-09-26,P2 - High,Rejected
BLK-05387,TSK-05387,COR-074,Operating,240,2026-09-10,P1 - Emergency,Approved
BLK-05388,TSK-05388,COR-040,Signal & Telecom,300,2026-09-21,P4 - Routine,Rejected
BLK-05389,TSK-05389,COR-077,Operating,60,2026-09-15,P3 - Medium,Approved
BLK-05390,TSK-05390,COR-007,Engineering,300,2026-09-19,P3 - Medium,Conflict Flagged
BLK-05391,TSK-05391,COR-043,Signal & Telecom,300,2026-09-17,P1 - Emergency,Rejected
BLK-05392,TSK-05392,COR-014,Operating,60,2026-09-26,P1 - Emergency,Rejected
BLK-05393,TSK-05393,COR-040,Operating,300,2026-09-20,P2 - High,Conflict Flagged
BLK-05394,TSK-05394,COR-023,Operating,360,2026-09-29,P3 - Medium,Approved
BLK-05395,TSK-05395,COR-059,Operating,300,2026-09-26,P3 - Medium,Rejected
BLK-05396,TSK-05396,COR-086,Signal & Telecom,360,2026-09-28,P2 - High,Scheduled
BLK-05397,TSK-05397,COR-081,Operating,240,2026-09-13,P3 - Medium,Conflict Flagged
BLK-05398,TSK-05398,COR-023,Operating,360,2026-09-16,P4 - Routine,Scheduled
BLK-05399,TSK-05399,COR-075,Engineering,180,2026-09-14,P2 - High,Conflict Flagged
BLK-05400,TSK-05400,COR-081,Signal & Telecom,120,2026-09-13,P2 - High,Approved
BLK-05401,TSK-05401,COR-012,Electrical,120,2026-09-19,P3 - Medium,Pending
BLK-05402,TSK-05402,COR-095,Operating,240,2026-09-19,P2 - High,Conflict Flagged
BLK-05403,TSK-05403,COR-008,Electrical,180,2026-09-23,P4 - Routine,Pending
BLK-05404,TSK-05404,COR-037,Electrical,180,2026-09-10,P2 - High,Conflict Flagged
BLK-05405,TSK-05405,COR-084,Electrical,180,2026-09-12,P1 - Emergency,Scheduled
BLK-05406,TSK-05406,COR-098,Electrical,300,2026-09-12,P1 - Emergency,Pending
BLK-05407,TSK-05407,COR-088,Electrical,240,2026-09-15,P2 - High,Pending
BLK-05408,TSK-05408,COR-076,Engineering,60,2026-09-12,P4 - Routine,Scheduled
BLK-05409,TSK-05409,COR-094,Electrical,180,2026-09-21,P4 - Routine,Conflict Flagged
BLK-05410,TSK-05410,COR-080,Operating,300,2026-09-12,P1 - Emergency,Scheduled
BLK-05411,TSK-05411,COR-074,Operating,120,2026-09-20,P4 - Routine,Rejected
BLK-05412,TSK-05412,COR-016,Signal & Telecom,60,2026-09-28,P2 - High,Rejected
BLK-05413,TSK-05413,COR-031,Signal & Telecom,120,2026-09-17,P1 - Emergency,Scheduled
BLK-05414,TSK-05414,COR-001,Operating,180,2026-09-09,P3 - Medium,Conflict Flagged
BLK-05415,TSK-05415,COR-089,Electrical,120,2026-09-28,P2 - High,Approved
BLK-05416,TSK-05416,COR-002,Engineering,60,2026-09-16,P1 - Emergency,Approved
BLK-05417,TSK-05417,COR-036,Signal & Telecom,300,2026-09-28,P3 - Medium,Pending
BLK-05418,TSK-05418,COR-003,Operating,60,2026-09-18,P2 - High,Conflict Flagged
BLK-05419,TSK-05419,COR-025,Signal & Telecom,240,2026-09-13,P1 - Emergency,Pending
BLK-05420,TSK-05420,COR-077,Operating,360,2026-09-21,P4 - Routine,Pending
BLK-05421,TSK-05421,COR-036,Engineering,60,2026-09-25,P1 - Emergency,Rejected
BLK-05422,TSK-05422,COR-010,Signal & Telecom,360,2026-09-25,P2 - High,Rejected
BLK-05423,TSK-05423,COR-049,Operating,60,2026-09-25,P1 - Emergency,Pending
BLK-05424,TSK-05424,COR-061,Signal & Telecom,60,2026-09-19,P2 - High,Conflict Flagged
BLK-05425,TSK-05425,COR-048,Signal & Telecom,240,2026-09-26,P1 - Emergency,Scheduled
BLK-05426,TSK-05426,COR-081,Operating,300,2026-09-17,P4 - Routine,Conflict Flagged
BLK-05427,TSK-05427,COR-001,Signal & Telecom,360,2026-09-20,P3 - Medium,Scheduled
BLK-05428,TSK-05428,COR-099,Electrical,60,2026-09-10,P2 - High,Rejected
BLK-05429,TSK-05429,COR-097,Operating,60,2026-09-23,P3 - Medium,Scheduled
BLK-05430,TSK-05430,COR-028,Electrical,360,2026-09-22,P1 - Emergency,Approved
BLK-05431,TSK-05431,COR-084,Operating,360,2026-09-17,P1 - Emergency,Rejected
BLK-05432,TSK-05432,COR-066,Electrical,240,2026-09-17,P3 - Medium,Conflict Flagged
BLK-05433,TSK-05433,COR-013,Signal & Telecom,180,2026-09-18,P3 - Medium,Pending
BLK-05434,TSK-05434,COR-011,Electrical,300,2026-09-27,P4 - Routine,Conflict Flagged
BLK-05435,TSK-05435,COR-042,Engineering,120,2026-09-29,P4 - Routine,Rejected
BLK-05436,TSK-05436,COR-070,Operating,180,2026-09-11,P3 - Medium,Rejected
BLK-05437,TSK-05437,COR-029,Engineering,120,2026-09-16,P3 - Medium,Scheduled
BLK-05438,TSK-05438,COR-036,Electrical,360,2026-09-27,P3 - Medium,Approved
BLK-05439,TSK-05439,COR-089,Signal & Telecom,300,2026-09-26,P2 - High,Conflict Flagged
BLK-05440,TSK-05440,COR-048,Engineering,60,2026-09-15,P1 - Emergency,Scheduled
BLK-05441,TSK-05441,COR-017,Signal & Telecom,300,2026-09-27,P4 - Routine,Rejected
BLK-05442,TSK-05442,COR-009,Operating,180,2026-09-18,P1 - Emergency,Approved
BLK-05443,TSK-05443,COR-089,Engineering,360,2026-09-09,P4 - Routine,Conflict Flagged
BLK-05444,TSK-05444,COR-012,Engineering,240,2026-09-17,P2 - High,Approved
BLK-05445,TSK-05445,COR-043,Signal & Telecom,240,2026-09-24,P1 - Emergency,Scheduled
BLK-05446,TSK-05446,COR-021,Electrical,60,2026-09-16,P4 - Routine,Approved
BLK-05447,TSK-05447,COR-058,Operating,240,2026-09-12,P2 - High,Scheduled
BLK-05448,TSK-05448,COR-012,Electrical,60,2026-09-10,P4 - Routine,Approved
BLK-05449,TSK-05449,COR-067,Engineering,120,2026-09-27,P1 - Emergency,Scheduled
BLK-05450,TSK-05450,COR-030,Operating,300,2026-09-11,P4 - Routine,Approved
BLK-05451,TSK-05451,COR-011,Operating,180,2026-09-21,P4 - Routine,Approved
BLK-05452,TSK-05452,COR-021,Operating,300,2026-09-29,P4 - Routine,Rejected
BLK-05453,TSK-05453,COR-033,Signal & Telecom,360,2026-09-26,P1 - Emergency,Pending
BLK-05454,TSK-05454,COR-083,Operating,60,2026-09-23,P3 - Medium,Rejected
BLK-05455,TSK-05455,COR-092,Electrical,180,2026-09-18,P4 - Routine,Approved
BLK-05456,TSK-05456,COR-059,Signal & Telecom,120,2026-09-10,P3 - Medium,Approved
BLK-05457,TSK-05457,COR-065,Engineering,120,2026-09-11,P2 - High,Pending
BLK-05458,TSK-05458,COR-060,Signal & Telecom,360,2026-09-17,P3 - Medium,Pending
BLK-05459,TSK-05459,COR-007,Engineering,240,2026-09-10,P2 - High,Conflict Flagged
BLK-05460,TSK-05460,COR-008,Engineering,240,2026-09-13,P2 - High,Pending
BLK-05461,TSK-05461,COR-019,Engineering,60,2026-09-22,P3 - Medium,Rejected
BLK-05462,TSK-05462,COR-093,Engineering,300,2026-09-29,P2 - High,Approved
BLK-05463,TSK-05463,COR-052,Signal & Telecom,360,2026-09-10,P2 - High,Conflict Flagged
BLK-05464,TSK-05464,COR-056,Operating,60,2026-09-10,P3 - Medium,Approved
BLK-05465,TSK-05465,COR-016,Signal & Telecom,240,2026-09-28,P3 - Medium,Pending
BLK-05466,TSK-05466,COR-032,Operating,180,2026-09-19,P2 - High,Scheduled
BLK-05467,TSK-05467,COR-093,Engineering,300,2026-09-10,P2 - High,Scheduled
BLK-05468,TSK-05468,COR-041,Operating,60,2026-09-25,P3 - Medium,Pending
BLK-05469,TSK-05469,COR-063,Electrical,300,2026-09-25,P4 - Routine,Approved
BLK-05470,TSK-05470,COR-075,Electrical,240,2026-09-23,P1 - Emergency,Scheduled
BLK-05471,TSK-05471,COR-097,Operating,60,2026-09-13,P2 - High,Scheduled
BLK-05472,TSK-05472,COR-064,Signal & Telecom,120,2026-09-26,P2 - High,Pending
BLK-05473,TSK-05473,COR-033,Signal & Telecom,60,2026-09-25,P3 - Medium,Approved
BLK-05474,TSK-05474,COR-084,Electrical,360,2026-09-23,P1 - Emergency,Approved
BLK-05475,TSK-05475,COR-031,Electrical,180,2026-09-09,P1 - Emergency,Rejected
BLK-05476,TSK-05476,COR-003,Operating,60,2026-09-22,P4 - Routine,Rejected
BLK-05477,TSK-05477,COR-055,Signal & Telecom,180,2026-09-26,P2 - High,Conflict Flagged
BLK-05478,TSK-05478,COR-070,Engineering,120,2026-09-11,P1 - Emergency,Scheduled
BLK-05479,TSK-05479,COR-075,Electrical,300,2026-09-17,P2 - High,Approved
BLK-05480,TSK-05480,COR-085,Engineering,360,2026-09-13,P2 - High,Approved
BLK-05481,TSK-05481,COR-072,Signal & Telecom,120,2026-09-26,P4 - Routine,Pending
BLK-05482,TSK-05482,COR-088,Engineering,180,2026-09-20,P1 - Emergency,Approved
BLK-05483,TSK-05483,COR-050,Signal & Telecom,120,2026-09-28,P4 - Routine,Pending
BLK-05484,TSK-05484,COR-099,Signal & Telecom,300,2026-09-24,P1 - Emergency,Scheduled
BLK-05485,TSK-05485,COR-082,Signal & Telecom,120,2026-09-17,P3 - Medium,Conflict Flagged
BLK-05486,TSK-05486,COR-041,Operating,120,2026-09-18,P1 - Emergency,Rejected
BLK-05487,TSK-05487,COR-023,Operating,300,2026-09-21,P3 - Medium,Pending
BLK-05488,TSK-05488,COR-093,Engineering,360,2026-09-26,P1 - Emergency,Conflict Flagged
BLK-05489,TSK-05489,COR-056,Signal & Telecom,60,2026-09-29,P1 - Emergency,Pending
BLK-05490,TSK-05490,COR-096,Signal & Telecom,180,2026-09-26,P1 - Emergency,Scheduled
BLK-05491,TSK-05491,COR-068,Operating,180,2026-09-26,P1 - Emergency,Conflict Flagged
BLK-05492,TSK-05492,COR-055,Signal & Telecom,300,2026-09-10,P3 - Medium,Approved
BLK-05493,TSK-05493,COR-010,Engineering,180,2026-09-13,P1 - Emergency,Scheduled
BLK-05494,TSK-05494,COR-057,Engineering,240,2026-09-14,P1 - Emergency,Pending
BLK-05495,TSK-05495,COR-015,Operating,360,2026-09-12,P3 - Medium,Approved
BLK-05496,TSK-05496,COR-093,Signal & Telecom,120,2026-09-27,P3 - Medium,Approved
BLK-05497,TSK-05497,COR-006,Operating,300,2026-09-23,P1 - Emergency,Conflict Flagged
BLK-05498,TSK-05498,COR-014,Operating,180,2026-09-24,P2 - High,Rejected
BLK-05499,TSK-05499,COR-041,Operating,300,2026-09-15,P4 - Routine,Scheduled
BLK-05500,TSK-05500,COR-060,Signal & Telecom,60,2026-09-20,P4 - Routine,Conflict Flagged
BLK-05501,TSK-05501,COR-088,Signal & Telecom,240,2026-09-22,P1 - Emergency,Scheduled
BLK-05502,TSK-05502,COR-083,Signal & Telecom,60,2026-09-29,P3 - Medium,Conflict Flagged
BLK-05503,TSK-05503,COR-070,Engineering,60,2026-09-26,P3 - Medium,Rejected
BLK-05504,TSK-05504,COR-060,Signal & Telecom,180,2026-09-19,P4 - Routine,Scheduled
BLK-05505,TSK-05505,COR-027,Operating,240,2026-09-24,P1 - Emergency,Pending
BLK-05506,TSK-05506,COR-002,Engineering,180,2026-09-18,P4 - Routine,Conflict Flagged
BLK-05507,TSK-05507,COR-034,Signal & Telecom,240,2026-09-24,P3 - Medium,Rejected
BLK-05508,TSK-05508,COR-053,Electrical,300,2026-09-24,P1 - Emergency,Pending
BLK-05509,TSK-05509,COR-069,Signal & Telecom,300,2026-09-13,P2 - High,Conflict Flagged
BLK-05510,TSK-05510,COR-060,Operating,120,2026-09-17,P3 - Medium,Conflict Flagged
BLK-05511,TSK-05511,COR-027,Engineering,240,2026-09-17,P1 - Emergency,Approved
BLK-05512,TSK-05512,COR-008,Signal & Telecom,60,2026-09-11,P4 - Routine,Approved
BLK-05513,TSK-05513,COR-024,Operating,180,2026-09-24,P4 - Routine,Pending
BLK-05514,TSK-05514,COR-047,Signal & Telecom,180,2026-09-23,P4 - Routine,Scheduled
BLK-05515,TSK-05515,COR-085,Operating,60,2026-09-19,P1 - Emergency,Pending
BLK-05516,TSK-05516,COR-025,Signal & Telecom,120,2026-09-23,P4 - Routine,Rejected
BLK-05517,TSK-05517,COR-087,Engineering,180,2026-09-09,P4 - Routine,Conflict Flagged
BLK-05518,TSK-05518,COR-027,Signal & Telecom,240,2026-09-23,P1 - Emergency,Conflict Flagged
BLK-05519,TSK-05519,COR-028,Engineering,240,2026-09-24,P2 - High,Rejected
BLK-05520,TSK-05520,COR-011,Engineering,60,2026-09-12,P1 - Emergency,Conflict Flagged
BLK-05521,TSK-05521,COR-092,Electrical,60,2026-09-23,P3 - Medium,Rejected
BLK-05522,TSK-05522,COR-004,Engineering,180,2026-09-13,P3 - Medium,Pending
BLK-05523,TSK-05523,COR-081,Engineering,120,2026-09-29,P1 - Emergency,Approved
BLK-05524,TSK-05524,COR-076,Engineering,360,2026-09-19,P2 - High,Scheduled
BLK-05525,TSK-05525,COR-060,Signal & Telecom,60,2026-09-10,P4 - Routine,Approved
BLK-05526,TSK-05526,COR-045,Operating,240,2026-09-21,P2 - High,Rejected
BLK-05527,TSK-05527,COR-035,Signal & Telecom,300,2026-09-23,P2 - High,Conflict Flagged
BLK-05528,TSK-05528,COR-014,Operating,120,2026-09-20,P4 - Routine,Rejected
BLK-05529,TSK-05529,COR-098,Operating,240,2026-09-26,P1 - Emergency,Approved
BLK-05530,TSK-05530,COR-057,Signal & Telecom,300,2026-09-16,P4 - Routine,Approved
BLK-05531,TSK-05531,COR-074,Electrical,60,2026-09-28,P2 - High,Scheduled
BLK-05532,TSK-05532,COR-029,Engineering,180,2026-09-11,P2 - High,Approved
BLK-05533,TSK-05533,COR-070,Engineering,180,2026-09-24,P2 - High,Conflict Flagged
BLK-05534,TSK-05534,COR-055,Operating,300,2026-09-18,P3 - Medium,Pending
BLK-05535,TSK-05535,COR-028,Engineering,120,2026-09-25,P4 - Routine,Pending
BLK-05536,TSK-05536,COR-039,Signal & Telecom,60,2026-09-19,P1 - Emergency,Conflict Flagged
BLK-05537,TSK-05537,COR-087,Engineering,240,2026-09-21,P3 - Medium,Pending
BLK-05538,TSK-05538,COR-022,Engineering,360,2026-09-18,P4 - Routine,Pending
BLK-05539,TSK-05539,COR-028,Engineering,120,2026-09-11,P3 - Medium,Conflict Flagged
BLK-05540,TSK-05540,COR-061,Operating,300,2026-09-19,P1 - Emergency,Rejected
BLK-05541,TSK-05541,COR-073,Electrical,240,2026-09-16,P2 - High,Scheduled
BLK-05542,TSK-05542,COR-062,Engineering,180,2026-09-27,P1 - Emergency,Scheduled
BLK-05543,TSK-05543,COR-028,Operating,300,2026-09-25,P2 - High,Conflict Flagged
BLK-05544,TSK-05544,COR-015,Operating,180,2026-09-25,P3 - Medium,Scheduled
BLK-05545,TSK-05545,COR-019,Electrical,180,2026-09-14,P1 - Emergency,Conflict Flagged
BLK-05546,TSK-05546,COR-071,Engineering,60,2026-09-14,P4 - Routine,Conflict Flagged
BLK-05547,TSK-05547,COR-054,Electrical,360,2026-09-13,P4 - Routine,Pending
BLK-05548,TSK-05548,COR-090,Engineering,180,2026-09-29,P4 - Routine,Approved
BLK-05549,TSK-05549,COR-032,Operating,300,2026-09-24,P3 - Medium,Approved
BLK-05550,TSK-05550,COR-052,Engineering,240,2026-09-22,P3 - Medium,Approved
BLK-05551,TSK-05551,COR-040,Signal & Telecom,240,2026-09-11,P3 - Medium,Rejected
BLK-05552,TSK-05552,COR-037,Engineering,360,2026-09-26,P3 - Medium,Rejected
BLK-05553,TSK-05553,COR-076,Signal & Telecom,60,2026-09-10,P1 - Emergency,Approved
BLK-05554,TSK-05554,COR-008,Engineering,240,2026-09-19,P4 - Routine,Scheduled
BLK-05555,TSK-05555,COR-094,Engineering,60,2026-09-20,P2 - High,Conflict Flagged
BLK-05556,TSK-05556,COR-018,Signal & Telecom,120,2026-09-27,P3 - Medium,Rejected
BLK-05557,TSK-05557,COR-006,Operating,240,2026-09-21,P3 - Medium,Conflict Flagged
BLK-05558,TSK-05558,COR-040,Signal & Telecom,300,2026-09-28,P3 - Medium,Conflict Flagged
BLK-05559,TSK-05559,COR-094,Electrical,180,2026-09-18,P3 - Medium,Pending
BLK-05560,TSK-05560,COR-021,Electrical,60,2026-09-20,P4 - Routine,Rejected
BLK-05561,TSK-05561,COR-078,Engineering,120,2026-09-21,P2 - High,Conflict Flagged
BLK-05562,TSK-05562,COR-035,Electrical,240,2026-09-20,P2 - High,Approved
BLK-05563,TSK-05563,COR-030,Signal & Telecom,120,2026-09-23,P3 - Medium,Pending
BLK-05564,TSK-05564,COR-012,Electrical,120,2026-09-27,P1 - Emergency,Pending
BLK-05565,TSK-05565,COR-045,Electrical,60,2026-09-28,P2 - High,Scheduled
BLK-05566,TSK-05566,COR-012,Operating,180,2026-09-29,P4 - Routine,Conflict Flagged
BLK-05567,TSK-05567,COR-003,Electrical,360,2026-09-28,P1 - Emergency,Approved
BLK-05568,TSK-05568,COR-057,Signal & Telecom,60,2026-09-13,P4 - Routine,Approved
BLK-05569,TSK-05569,COR-017,Signal & Telecom,300,2026-09-09,P2 - High,Conflict Flagged
BLK-05570,TSK-05570,COR-097,Engineering,60,2026-09-29,P3 - Medium,Approved
BLK-05571,TSK-05571,COR-072,Operating,120,2026-09-14,P1 - Emergency,Scheduled
BLK-05572,TSK-05572,COR-068,Signal & Telecom,60,2026-09-21,P2 - High,Rejected
BLK-05573,TSK-05573,COR-065,Electrical,240,2026-09-14,P4 - Routine,Scheduled
BLK-05574,TSK-05574,COR-026,Signal & Telecom,120,2026-09-28,P3 - Medium,Conflict Flagged
BLK-05575,TSK-05575,COR-044,Engineering,60,2026-09-20,P1 - Emergency,Approved
BLK-05576,TSK-05576,COR-080,Signal & Telecom,240,2026-09-24,P1 - Emergency,Scheduled
BLK-05577,TSK-05577,COR-037,Engineering,240,2026-09-21,P1 - Emergency,Scheduled
BLK-05578,TSK-05578,COR-026,Engineering,240,2026-09-12,P2 - High,Rejected
BLK-05579,TSK-05579,COR-098,Engineering,120,2026-09-11,P4 - Routine,Conflict Flagged
BLK-05580,TSK-05580,COR-098,Engineering,300,2026-09-13,P4 - Routine,Conflict Flagged
BLK-05581,TSK-05581,COR-013,Engineering,180,2026-09-12,P1 - Emergency,Scheduled
BLK-05582,TSK-05582,COR-087,Electrical,120,2026-09-16,P3 - Medium,Rejected
BLK-05583,TSK-05583,COR-007,Engineering,180,2026-09-29,P4 - Routine,Scheduled
BLK-05584,TSK-05584,COR-022,Signal & Telecom,180,2026-09-25,P2 - High,Rejected
BLK-05585,TSK-05585,COR-017,Signal & Telecom,60,2026-09-12,P3 - Medium,Rejected
BLK-05586,TSK-05586,COR-064,Engineering,60,2026-09-21,P2 - High,Rejected
BLK-05587,TSK-05587,COR-092,Operating,360,2026-09-23,P1 - Emergency,Pending
BLK-05588,TSK-05588,COR-048,Operating,60,2026-09-22,P3 - Medium,Conflict Flagged
BLK-05589,TSK-05589,COR-019,Engineering,180,2026-09-24,P3 - Medium,Pending
BLK-05590,TSK-05590,COR-028,Signal & Telecom,60,2026-09-21,P2 - High,Conflict Flagged
BLK-05591,TSK-05591,COR-034,Engineering,360,2026-09-21,P3 - Medium,Scheduled
BLK-05592,TSK-05592,COR-054,Operating,60,2026-09-18,P2 - High,Conflict Flagged
BLK-05593,TSK-05593,COR-016,Signal & Telecom,300,2026-09-20,P2 - High,Approved
BLK-05594,TSK-05594,COR-034,Operating,360,2026-09-22,P1 - Emergency,Pending
BLK-05595,TSK-05595,COR-081,Engineering,180,2026-09-26,P4 - Routine,Approved
BLK-05596,TSK-05596,COR-089,Electrical,180,2026-09-25,P3 - Medium,Pending
BLK-05597,TSK-05597,COR-059,Operating,300,2026-09-29,P2 - High,Scheduled
BLK-05598,TSK-05598,COR-038,Signal & Telecom,180,2026-09-14,P4 - Routine,Approved
BLK-05599,TSK-05599,COR-021,Electrical,120,2026-09-10,P2 - High,Conflict Flagged
BLK-05600,TSK-05600,COR-030,Electrical,180,2026-09-09,P2 - High,Scheduled
BLK-05601,TSK-05601,COR-059,Operating,300,2026-09-19,P4 - Routine,Approved
BLK-05602,TSK-05602,COR-007,Signal & Telecom,60,2026-09-10,P1 - Emergency,Conflict Flagged
BLK-05603,TSK-05603,COR-032,Signal & Telecom,360,2026-09-23,P4 - Routine,Scheduled
BLK-05604,TSK-05604,COR-072,Engineering,240,2026-09-28,P2 - High,Pending
BLK-05605,TSK-05605,COR-058,Operating,180,2026-09-14,P3 - Medium,Scheduled
BLK-05606,TSK-05606,COR-017,Engineering,180,2026-09-22,P4 - Routine,Scheduled
BLK-05607,TSK-05607,COR-047,Engineering,360,2026-09-18,P4 - Routine,Approved
BLK-05608,TSK-05608,COR-045,Electrical,120,2026-09-22,P3 - Medium,Approved
BLK-05609,TSK-05609,COR-025,Signal & Telecom,60,2026-09-09,P2 - High,Conflict Flagged
BLK-05610,TSK-05610,COR-008,Operating,120,2026-09-12,P1 - Emergency,Approved
BLK-05611,TSK-05611,COR-012,Signal & Telecom,360,2026-09-10,P4 - Routine,Pending
BLK-05612,TSK-05612,COR-044,Engineering,180,2026-09-25,P3 - Medium,Rejected
BLK-05613,TSK-05613,COR-080,Electrical,240,2026-09-10,P4 - Routine,Pending
BLK-05614,TSK-05614,COR-043,Electrical,120,2026-09-27,P3 - Medium,Rejected
BLK-05615,TSK-05615,COR-030,Engineering,60,2026-09-12,P4 - Routine,Approved
BLK-05616,TSK-05616,COR-032,Engineering,300,2026-09-17,P1 - Emergency,Pending
BLK-05617,TSK-05617,COR-023,Signal & Telecom,300,2026-09-20,P3 - Medium,Rejected
BLK-05618,TSK-05618,COR-043,Engineering,180,2026-09-14,P4 - Routine,Pending
BLK-05619,TSK-05619,COR-089,Operating,240,2026-09-19,P1 - Emergency,Rejected
BLK-05620,TSK-05620,COR-057,Electrical,240,2026-09-23,P1 - Emergency,Rejected
BLK-05621,TSK-05621,COR-040,Engineering,180,2026-09-22,P1 - Emergency,Approved
BLK-05622,TSK-05622,COR-087,Engineering,60,2026-09-09,P1 - Emergency,Rejected
BLK-05623,TSK-05623,COR-085,Operating,360,2026-09-26,P2 - High,Pending
BLK-05624,TSK-05624,COR-019,Engineering,360,2026-09-24,P3 - Medium,Scheduled
BLK-05625,TSK-05625,COR-068,Signal & Telecom,300,2026-09-13,P2 - High,Approved
BLK-05626,TSK-05626,COR-078,Engineering,60,2026-09-20,P1 - Emergency,Pending
BLK-05627,TSK-05627,COR-096,Engineering,60,2026-09-29,P4 - Routine,Pending
BLK-05628,TSK-05628,COR-024,Engineering,180,2026-09-16,P4 - Routine,Approved
BLK-05629,TSK-05629,COR-081,Operating,60,2026-09-21,P2 - High,Conflict Flagged
BLK-05630,TSK-05630,COR-093,Engineering,240,2026-09-19,P1 - Emergency,Conflict Flagged
BLK-05631,TSK-05631,COR-016,Signal & Telecom,120,2026-09-28,P2 - High,Rejected
BLK-05632,TSK-05632,COR-080,Electrical,120,2026-09-19,P4 - Routine,Pending
BLK-05633,TSK-05633,COR-041,Engineering,180,2026-09-27,P4 - Routine,Rejected
BLK-05634,TSK-05634,COR-069,Signal & Telecom,240,2026-09-09,P4 - Routine,Pending
BLK-05635,TSK-05635,COR-054,Operating,300,2026-09-11,P4 - Routine,Scheduled
BLK-05636,TSK-05636,COR-100,Engineering,180,2026-09-27,P3 - Medium,Conflict Flagged
BLK-05637,TSK-05637,COR-066,Signal & Telecom,180,2026-09-22,P2 - High,Approved
BLK-05638,TSK-05638,COR-081,Electrical,60,2026-09-25,P4 - Routine,Approved
BLK-05639,TSK-05639,COR-047,Operating,180,2026-09-27,P2 - High,Conflict Flagged
BLK-05640,TSK-05640,COR-059,Signal & Telecom,360,2026-09-17,P1 - Emergency,Scheduled
BLK-05641,TSK-05641,COR-010,Engineering,240,2026-09-29,P3 - Medium,Scheduled
BLK-05642,TSK-05642,COR-007,Signal & Telecom,300,2026-09-09,P1 - Emergency,Conflict Flagged
BLK-05643,TSK-05643,COR-081,Operating,120,2026-09-25,P2 - High,Rejected
BLK-05644,TSK-05644,COR-008,Signal & Telecom,60,2026-09-24,P1 - Emergency,Conflict Flagged
BLK-05645,TSK-05645,COR-043,Electrical,360,2026-09-27,P2 - High,Approved
BLK-05646,TSK-05646,COR-064,Operating,60,2026-09-17,P3 - Medium,Approved
BLK-05647,TSK-05647,COR-045,Signal & Telecom,60,2026-09-14,P2 - High,Pending
BLK-05648,TSK-05648,COR-080,Signal & Telecom,120,2026-09-15,P2 - High,Conflict Flagged
BLK-05649,TSK-05649,COR-042,Signal & Telecom,360,2026-09-16,P3 - Medium,Approved
BLK-05650,TSK-05650,COR-078,Operating,360,2026-09-25,P4 - Routine,Approved
BLK-05651,TSK-05651,COR-080,Engineering,300,2026-09-10,P3 - Medium,Rejected
BLK-05652,TSK-05652,COR-060,Signal & Telecom,300,2026-09-19,P2 - High,Rejected
BLK-05653,TSK-05653,COR-064,Operating,240,2026-09-23,P2 - High,Approved
BLK-05654,TSK-05654,COR-100,Electrical,360,2026-09-22,P2 - High,Rejected
BLK-05655,TSK-05655,COR-072,Operating,180,2026-09-19,P4 - Routine,Conflict Flagged
BLK-05656,TSK-05656,COR-017,Electrical,120,2026-09-15,P4 - Routine,Pending
BLK-05657,TSK-05657,COR-009,Engineering,60,2026-09-23,P2 - High,Approved
BLK-05658,TSK-05658,COR-021,Operating,240,2026-09-17,P3 - Medium,Conflict Flagged
BLK-05659,TSK-05659,COR-018,Engineering,240,2026-09-10,P4 - Routine,Scheduled
BLK-05660,TSK-05660,COR-020,Engineering,360,2026-09-24,P1 - Emergency,Rejected
BLK-05661,TSK-05661,COR-016,Engineering,240,2026-09-18,P2 - High,Conflict Flagged
BLK-05662,TSK-05662,COR-073,Electrical,120,2026-09-23,P4 - Routine,Rejected
BLK-05663,TSK-05663,COR-097,Engineering,300,2026-09-24,P2 - High,Scheduled
BLK-05664,TSK-05664,COR-078,Signal & Telecom,300,2026-09-16,P3 - Medium,Scheduled
BLK-05665,TSK-05665,COR-083,Engineering,300,2026-09-21,P4 - Routine,Rejected
BLK-05666,TSK-05666,COR-023,Electrical,180,2026-09-29,P3 - Medium,Conflict Flagged
BLK-05667,TSK-05667,COR-013,Signal & Telecom,360,2026-09-10,P3 - Medium,Conflict Flagged
BLK-05668,TSK-05668,COR-053,Electrical,360,2026-09-27,P1 - Emergency,Rejected
BLK-05669,TSK-05669,COR-054,Signal & Telecom,180,2026-09-28,P2 - High,Pending
BLK-05670,TSK-05670,COR-088,Operating,360,2026-09-09,P2 - High,Approved
BLK-05671,TSK-05671,COR-014,Operating,300,2026-09-28,P1 - Emergency,Approved
BLK-05672,TSK-05672,COR-090,Operating,60,2026-09-17,P4 - Routine,Scheduled
BLK-05673,TSK-05673,COR-024,Signal & Telecom,300,2026-09-20,P3 - Medium,Pending
BLK-05674,TSK-05674,COR-073,Operating,360,2026-09-09,P2 - High,Conflict Flagged
BLK-05675,TSK-05675,COR-059,Operating,360,2026-09-09,P4 - Routine,Pending
BLK-05676,TSK-05676,COR-063,Operating,60,2026-09-18,P3 - Medium,Pending
BLK-05677,TSK-05677,COR-028,Operating,180,2026-09-25,P3 - Medium,Scheduled
BLK-05678,TSK-05678,COR-078,Engineering,300,2026-09-27,P2 - High,Conflict Flagged
BLK-05679,TSK-05679,COR-019,Electrical,180,2026-09-26,P3 - Medium,Rejected
BLK-05680,TSK-05680,COR-017,Engineering,240,2026-09-29,P4 - Routine,Conflict Flagged
BLK-05681,TSK-05681,COR-062,Operating,240,2026-09-29,P3 - Medium,Approved
BLK-05682,TSK-05682,COR-028,Signal & Telecom,300,2026-09-16,P4 - Routine,Scheduled
BLK-05683,TSK-05683,COR-041,Engineering,60,2026-09-26,P2 - High,Scheduled
BLK-05684,TSK-05684,COR-063,Operating,360,2026-09-26,P3 - Medium,Pending
BLK-05685,TSK-05685,COR-097,Operating,300,2026-09-11,P2 - High,Pending
BLK-05686,TSK-05686,COR-026,Signal & Telecom,60,2026-09-25,P4 - Routine,Conflict Flagged
BLK-05687,TSK-05687,COR-099,Signal & Telecom,180,2026-09-12,P3 - Medium,Pending
BLK-05688,TSK-05688,COR-016,Electrical,360,2026-09-25,P3 - Medium,Pending
BLK-05689,TSK-05689,COR-016,Electrical,300,2026-09-12,P1 - Emergency,Scheduled
BLK-05690,TSK-05690,COR-071,Operating,180,2026-09-20,P4 - Routine,Pending
BLK-05691,TSK-05691,COR-022,Operating,120,2026-09-10,P2 - High,Approved
BLK-05692,TSK-05692,COR-062,Signal & Telecom,120,2026-09-09,P2 - High,Rejected
BLK-05693,TSK-05693,COR-068,Electrical,60,2026-09-10,P1 - Emergency,Scheduled
BLK-05694,TSK-05694,COR-095,Engineering,300,2026-09-14,P1 - Emergency,Rejected
BLK-05695,TSK-05695,COR-082,Engineering,120,2026-09-27,P4 - Routine,Pending
BLK-05696,TSK-05696,COR-040,Electrical,180,2026-09-12,P4 - Routine,Conflict Flagged
BLK-05697,TSK-05697,COR-037,Engineering,180,2026-09-23,P4 - Routine,Scheduled
BLK-05698,TSK-05698,COR-055,Signal & Telecom,60,2026-09-15,P3 - Medium,Scheduled
BLK-05699,TSK-05699,COR-092,Electrical,300,2026-09-14,P1 - Emergency,Pending
BLK-05700,TSK-05700,COR-094,Electrical,120,2026-09-25,P1 - Emergency,Pending
BLK-05701,TSK-05701,COR-069,Operating,300,2026-09-14,P1 - Emergency,Pending
BLK-05702,TSK-05702,COR-035,Electrical,240,2026-09-27,P1 - Emergency,Pending
BLK-05703,TSK-05703,COR-065,Engineering,360,2026-09-09,P3 - Medium,Approved
BLK-05704,TSK-05704,COR-024,Electrical,60,2026-09-22,P2 - High,Rejected
BLK-05705,TSK-05705,COR-043,Signal & Telecom,300,2026-09-16,P2 - High,Rejected
BLK-05706,TSK-05706,COR-051,Electrical,360,2026-09-12,P2 - High,Pending
BLK-05707,TSK-05707,COR-010,Engineering,180,2026-09-26,P1 - Emergency,Pending
BLK-05708,TSK-05708,COR-093,Electrical,120,2026-09-17,P1 - Emergency,Rejected
BLK-05709,TSK-05709,COR-067,Signal & Telecom,300,2026-09-17,P2 - High,Approved
BLK-05710,TSK-05710,COR-049,Signal & Telecom,180,2026-09-19,P1 - Emergency,Rejected
BLK-05711,TSK-05711,COR-063,Signal & Telecom,120,2026-09-22,P2 - High,Rejected
BLK-05712,TSK-05712,COR-054,Signal & Telecom,120,2026-09-25,P4 - Routine,Pending
BLK-05713,TSK-05713,COR-045,Operating,360,2026-09-17,P2 - High,Rejected
BLK-05714,TSK-05714,COR-080,Signal & Telecom,300,2026-09-09,P1 - Emergency,Approved
BLK-05715,TSK-05715,COR-094,Electrical,300,2026-09-24,P4 - Routine,Approved
BLK-05716,TSK-05716,COR-064,Signal & Telecom,60,2026-09-09,P4 - Routine,Scheduled
BLK-05717,TSK-05717,COR-007,Engineering,180,2026-09-17,P2 - High,Rejected
BLK-05718,TSK-05718,COR-074,Signal & Telecom,240,2026-09-15,P4 - Routine,Approved
BLK-05719,TSK-05719,COR-075,Engineering,300,2026-09-20,P1 - Emergency,Scheduled
BLK-05720,TSK-05720,COR-052,Operating,360,2026-09-19,P4 - Routine,Rejected
BLK-05721,TSK-05721,COR-031,Engineering,120,2026-09-24,P2 - High,Conflict Flagged
BLK-05722,TSK-05722,COR-055,Engineering,120,2026-09-09,P4 - Routine,Approved
BLK-05723,TSK-05723,COR-022,Operating,120,2026-09-29,P3 - Medium,Approved
BLK-05724,TSK-05724,COR-074,Electrical,300,2026-09-26,P2 - High,Scheduled
BLK-05725,TSK-05725,COR-069,Electrical,300,2026-09-24,P3 - Medium,Conflict Flagged
BLK-05726,TSK-05726,COR-027,Operating,180,2026-09-18,P1 - Emergency,Conflict Flagged
BLK-05727,TSK-05727,COR-087,Electrical,60,2026-09-18,P1 - Emergency,Approved
BLK-05728,TSK-05728,COR-038,Operating,360,2026-09-19,P4 - Routine,Rejected
BLK-05729,TSK-05729,COR-050,Signal & Telecom,180,2026-09-16,P1 - Emergency,Scheduled
BLK-05730,TSK-05730,COR-036,Signal & Telecom,120,2026-09-28,P1 - Emergency,Conflict Flagged
BLK-05731,TSK-05731,COR-038,Operating,300,2026-09-22,P3 - Medium,Rejected
BLK-05732,TSK-05732,COR-006,Operating,60,2026-09-27,P3 - Medium,Conflict Flagged
BLK-05733,TSK-05733,COR-025,Operating,240,2026-09-21,P2 - High,Pending
BLK-05734,TSK-05734,COR-060,Signal & Telecom,120,2026-09-25,P3 - Medium,Approved
BLK-05735,TSK-05735,COR-056,Engineering,360,2026-09-27,P3 - Medium,Approved
BLK-05736,TSK-05736,COR-043,Electrical,120,2026-09-14,P3 - Medium,Conflict Flagged
BLK-05737,TSK-05737,COR-047,Signal & Telecom,300,2026-09-16,P1 - Emergency,Rejected
BLK-05738,TSK-05738,COR-038,Engineering,120,2026-09-16,P3 - Medium,Approved
BLK-05739,TSK-05739,COR-067,Signal & Telecom,120,2026-09-27,P3 - Medium,Conflict Flagged
BLK-05740,TSK-05740,COR-095,Engineering,240,2026-09-18,P1 - Emergency,Scheduled
BLK-05741,TSK-05741,COR-089,Electrical,360,2026-09-10,P3 - Medium,Scheduled
BLK-05742,TSK-05742,COR-086,Engineering,300,2026-09-12,P3 - Medium,Approved
BLK-05743,TSK-05743,COR-100,Electrical,360,2026-09-22,P3 - Medium,Conflict Flagged
BLK-05744,TSK-05744,COR-091,Signal & Telecom,120,2026-09-20,P3 - Medium,Pending
BLK-05745,TSK-05745,COR-009,Operating,360,2026-09-29,P3 - Medium,Rejected
BLK-05746,TSK-05746,COR-006,Operating,360,2026-09-14,P3 - Medium,Scheduled
BLK-05747,TSK-05747,COR-035,Signal & Telecom,120,2026-09-15,P3 - Medium,Rejected
BLK-05748,TSK-05748,COR-097,Engineering,360,2026-09-14,P3 - Medium,Scheduled
BLK-05749,TSK-05749,COR-013,Operating,240,2026-09-11,P2 - High,Pending
BLK-05750,TSK-05750,COR-082,Signal & Telecom,360,2026-09-24,P1 - Emergency,Pending
BLK-05751,TSK-05751,COR-008,Engineering,300,2026-09-10,P1 - Emergency,Approved
BLK-05752,TSK-05752,COR-005,Electrical,180,2026-09-09,P1 - Emergency,Conflict Flagged
BLK-05753,TSK-05753,COR-027,Electrical,240,2026-09-28,P2 - High,Pending
BLK-05754,TSK-05754,COR-074,Operating,120,2026-09-15,P1 - Emergency,Pending
BLK-05755,TSK-05755,COR-060,Engineering,60,2026-09-24,P4 - Routine,Approved
BLK-05756,TSK-05756,COR-054,Signal & Telecom,360,2026-09-16,P3 - Medium,Pending
BLK-05757,TSK-05757,COR-063,Engineering,180,2026-09-22,P4 - Routine,Conflict Flagged
BLK-05758,TSK-05758,COR-019,Signal & Telecom,300,2026-09-14,P3 - Medium,Rejected
BLK-05759,TSK-05759,COR-027,Operating,60,2026-09-10,P2 - High,Conflict Flagged
BLK-05760,TSK-05760,COR-081,Operating,180,2026-09-22,P4 - Routine,Rejected
BLK-05761,TSK-05761,COR-095,Operating,60,2026-09-18,P3 - Medium,Scheduled
BLK-05762,TSK-05762,COR-005,Operating,360,2026-09-09,P2 - High,Rejected
BLK-05763,TSK-05763,COR-010,Electrical,360,2026-09-26,P1 - Emergency,Approved
BLK-05764,TSK-05764,COR-049,Signal & Telecom,60,2026-09-17,P4 - Routine,Approved
BLK-05765,TSK-05765,COR-077,Operating,300,2026-09-12,P2 - High,Conflict Flagged
BLK-05766,TSK-05766,COR-077,Signal & Telecom,300,2026-09-26,P4 - Routine,Scheduled
BLK-05767,TSK-05767,COR-026,Operating,60,2026-09-21,P2 - High,Pending
BLK-05768,TSK-05768,COR-015,Signal & Telecom,180,2026-09-26,P2 - High,Approved
BLK-05769,TSK-05769,COR-068,Electrical,360,2026-09-11,P3 - Medium,Rejected
BLK-05770,TSK-05770,COR-051,Signal & Telecom,360,2026-09-16,P4 - Routine,Approved
BLK-05771,TSK-05771,COR-009,Operating,300,2026-09-26,P2 - High,Scheduled
BLK-05772,TSK-05772,COR-021,Electrical,180,2026-09-22,P1 - Emergency,Pending
BLK-05773,TSK-05773,COR-038,Operating,60,2026-09-27,P4 - Routine,Pending
BLK-05774,TSK-05774,COR-061,Engineering,360,2026-09-15,P3 - Medium,Approved
BLK-05775,TSK-05775,COR-005,Operating,180,2026-09-17,P2 - High,Approved
BLK-05776,TSK-05776,COR-069,Signal & Telecom,120,2026-09-23,P4 - Routine,Pending
BLK-05777,TSK-05777,COR-008,Operating,180,2026-09-17,P2 - High,Conflict Flagged
BLK-05778,TSK-05778,COR-047,Electrical,120,2026-09-14,P2 - High,Conflict Flagged
BLK-05779,TSK-05779,COR-085,Signal & Telecom,120,2026-09-16,P1 - Emergency,Scheduled
BLK-05780,TSK-05780,COR-100,Electrical,60,2026-09-24,P4 - Routine,Conflict Flagged
BLK-05781,TSK-05781,COR-026,Engineering,60,2026-09-13,P1 - Emergency,Approved
BLK-05782,TSK-05782,COR-022,Engineering,240,2026-09-16,P4 - Routine,Pending
BLK-05783,TSK-05783,COR-063,Operating,300,2026-09-28,P4 - Routine,Pending
BLK-05784,TSK-05784,COR-098,Signal & Telecom,120,2026-09-20,P3 - Medium,Approved
BLK-05785,TSK-05785,COR-021,Electrical,60,2026-09-26,P4 - Routine,Approved
BLK-05786,TSK-05786,COR-053,Engineering,180,2026-09-19,P2 - High,Conflict Flagged
BLK-05787,TSK-05787,COR-006,Engineering,120,2026-09-29,P3 - Medium,Rejected
BLK-05788,TSK-05788,COR-035,Signal & Telecom,120,2026-09-14,P2 - High,Pending
BLK-05789,TSK-05789,COR-096,Signal & Telecom,120,2026-09-11,P4 - Routine,Rejected
BLK-05790,TSK-05790,COR-004,Operating,240,2026-09-16,P1 - Emergency,Rejected
BLK-05791,TSK-05791,COR-025,Engineering,180,2026-09-24,P4 - Routine,Approved
BLK-05792,TSK-05792,COR-001,Signal & Telecom,360,2026-09-26,P3 - Medium,Pending
BLK-05793,TSK-05793,COR-099,Electrical,120,2026-09-24,P3 - Medium,Rejected
BLK-05794,TSK-05794,COR-089,Operating,300,2026-09-10,P3 - Medium,Scheduled
BLK-05795,TSK-05795,COR-066,Operating,240,2026-09-14,P4 - Routine,Pending
BLK-05796,TSK-05796,COR-047,Electrical,120,2026-09-10,P1 - Emergency,Rejected
BLK-05797,TSK-05797,COR-053,Electrical,360,2026-09-12,P2 - High,Pending
BLK-05798,TSK-05798,COR-014,Signal & Telecom,360,2026-09-13,P4 - Routine,Approved
BLK-05799,TSK-05799,COR-033,Signal & Telecom,120,2026-09-09,P3 - Medium,Scheduled
BLK-05800,TSK-05800,COR-019,Electrical,240,2026-09-26,P3 - Medium,Rejected
BLK-05801,TSK-05801,COR-062,Electrical,300,2026-09-11,P2 - High,Conflict Flagged
BLK-05802,TSK-05802,COR-014,Signal & Telecom,300,2026-09-20,P4 - Routine,Conflict Flagged
BLK-05803,TSK-05803,COR-030,Electrical,360,2026-09-29,P2 - High,Conflict Flagged
BLK-05804,TSK-05804,COR-088,Electrical,60,2026-09-11,P3 - Medium,Conflict Flagged
BLK-05805,TSK-05805,COR-080,Engineering,240,2026-09-23,P3 - Medium,Scheduled
BLK-05806,TSK-05806,COR-100,Operating,60,2026-09-09,P2 - High,Scheduled
BLK-05807,TSK-05807,COR-014,Engineering,60,2026-09-19,P4 - Routine,Rejected
BLK-05808,TSK-05808,COR-081,Signal & Telecom,60,2026-09-09,P2 - High,Pending
BLK-05809,TSK-05809,COR-053,Engineering,60,2026-09-22,P3 - Medium,Scheduled
BLK-05810,TSK-05810,COR-034,Operating,240,2026-09-28,P2 - High,Conflict Flagged
BLK-05811,TSK-05811,COR-089,Electrical,300,2026-09-20,P1 - Emergency,Conflict Flagged
BLK-05812,TSK-05812,COR-042,Operating,360,2026-09-29,P2 - High,Pending
BLK-05813,TSK-05813,COR-021,Operating,360,2026-09-27,P4 - Routine,Scheduled
BLK-05814,TSK-05814,COR-037,Signal & Telecom,60,2026-09-16,P3 - Medium,Pending
BLK-05815,TSK-05815,COR-096,Engineering,360,2026-09-29,P2 - High,Scheduled
BLK-05816,TSK-05816,COR-075,Signal & Telecom,120,2026-09-12,P4 - Routine,Scheduled
BLK-05817,TSK-05817,COR-008,Electrical,360,2026-09-27,P1 - Emergency,Scheduled
BLK-05818,TSK-05818,COR-079,Electrical,60,2026-09-22,P4 - Routine,Conflict Flagged
BLK-05819,TSK-05819,COR-073,Engineering,180,2026-09-17,P2 - High,Rejected
BLK-05820,TSK-05820,COR-032,Signal & Telecom,60,2026-09-10,P1 - Emergency,Conflict Flagged
BLK-05821,TSK-05821,COR-079,Signal & Telecom,60,2026-09-12,P4 - Routine,Scheduled
BLK-05822,TSK-05822,COR-009,Electrical,120,2026-09-15,P2 - High,Pending
BLK-05823,TSK-05823,COR-051,Signal & Telecom,120,2026-09-12,P3 - Medium,Rejected
BLK-05824,TSK-05824,COR-080,Signal & Telecom,300,2026-09-17,P3 - Medium,Scheduled
BLK-05825,TSK-05825,COR-100,Electrical,180,2026-09-20,P1 - Emergency,Scheduled
BLK-05826,TSK-05826,COR-095,Engineering,240,2026-09-12,P1 - Emergency,Pending
BLK-05827,TSK-05827,COR-063,Signal & Telecom,60,2026-09-18,P1 - Emergency,Pending
BLK-05828,TSK-05828,COR-073,Engineering,240,2026-09-21,P4 - Routine,Pending
BLK-05829,TSK-05829,COR-004,Operating,300,2026-09-24,P4 - Routine,Conflict Flagged
BLK-05830,TSK-05830,COR-095,Electrical,300,2026-09-20,P1 - Emergency,Conflict Flagged
BLK-05831,TSK-05831,COR-026,Electrical,240,2026-09-21,P4 - Routine,Pending
BLK-05832,TSK-05832,COR-061,Engineering,300,2026-09-28,P2 - High,Pending
BLK-05833,TSK-05833,COR-086,Operating,300,2026-09-10,P4 - Routine,Rejected
BLK-05834,TSK-05834,COR-057,Engineering,360,2026-09-25,P3 - Medium,Rejected
BLK-05835,TSK-05835,COR-053,Signal & Telecom,120,2026-09-13,P2 - High,Scheduled
BLK-05836,TSK-05836,COR-044,Signal & Telecom,300,2026-09-24,P3 - Medium,Scheduled
BLK-05837,TSK-05837,COR-059,Electrical,240,2026-09-16,P2 - High,Approved
BLK-05838,TSK-05838,COR-040,Engineering,240,2026-09-18,P1 - Emergency,Rejected
BLK-05839,TSK-05839,COR-022,Electrical,300,2026-09-25,P1 - Emergency,Approved
BLK-05840,TSK-05840,COR-048,Operating,180,2026-09-11,P2 - High,Scheduled
BLK-05841,TSK-05841,COR-025,Signal & Telecom,120,2026-09-23,P3 - Medium,Approved
BLK-05842,TSK-05842,COR-065,Electrical,300,2026-09-10,P3 - Medium,Pending
BLK-05843,TSK-05843,COR-093,Signal & Telecom,300,2026-09-27,P3 - Medium,Rejected
BLK-05844,TSK-05844,COR-050,Signal & Telecom,360,2026-09-15,P1 - Emergency,Rejected
BLK-05845,TSK-05845,COR-056,Operating,60,2026-09-18,P1 - Emergency,Rejected
BLK-05846,TSK-05846,COR-067,Engineering,60,2026-09-14,P1 - Emergency,Pending
BLK-05847,TSK-05847,COR-064,Engineering,60,2026-09-19,P2 - High,Approved
BLK-05848,TSK-05848,COR-058,Electrical,300,2026-09-20,P4 - Routine,Scheduled
BLK-05849,TSK-05849,COR-093,Electrical,180,2026-09-25,P4 - Routine,Scheduled
BLK-05850,TSK-05850,COR-090,Engineering,60,2026-09-26,P3 - Medium,Rejected
BLK-05851,TSK-05851,COR-026,Engineering,300,2026-09-20,P2 - High,Pending
BLK-05852,TSK-05852,COR-076,Signal & Telecom,240,2026-09-29,P3 - Medium,Conflict Flagged
BLK-05853,TSK-05853,COR-022,Signal & Telecom,120,2026-09-12,P3 - Medium,Pending
BLK-05854,TSK-05854,COR-017,Electrical,360,2026-09-29,P3 - Medium,Approved
BLK-05855,TSK-05855,COR-058,Electrical,240,2026-09-10,P3 - Medium,Conflict Flagged
BLK-05856,TSK-05856,COR-061,Engineering,300,2026-09-23,P1 - Emergency,Rejected
BLK-05857,TSK-05857,COR-016,Signal & Telecom,300,2026-09-20,P4 - Routine,Conflict Flagged
BLK-05858,TSK-05858,COR-087,Engineering,360,2026-09-15,P1 - Emergency,Approved
BLK-05859,TSK-05859,COR-014,Electrical,240,2026-09-17,P1 - Emergency,Scheduled
BLK-05860,TSK-05860,COR-032,Signal & Telecom,120,2026-09-15,P1 - Emergency,Rejected
BLK-05861,TSK-05861,COR-021,Operating,300,2026-09-26,P4 - Routine,Scheduled
BLK-05862,TSK-05862,COR-095,Signal & Telecom,360,2026-09-25,P4 - Routine,Scheduled
BLK-05863,TSK-05863,COR-039,Operating,240,2026-09-14,P4 - Routine,Pending
BLK-05864,TSK-05864,COR-005,Engineering,180,2026-09-09,P1 - Emergency,Pending
BLK-05865,TSK-05865,COR-061,Operating,300,2026-09-20,P3 - Medium,Scheduled
BLK-05866,TSK-05866,COR-056,Signal & Telecom,240,2026-09-21,P3 - Medium,Rejected
BLK-05867,TSK-05867,COR-005,Engineering,60,2026-09-18,P4 - Routine,Approved
BLK-05868,TSK-05868,COR-072,Signal & Telecom,300,2026-09-13,P2 - High,Pending
BLK-05869,TSK-05869,COR-019,Signal & Telecom,120,2026-09-29,P3 - Medium,Scheduled
BLK-05870,TSK-05870,COR-089,Signal & Telecom,300,2026-09-16,P1 - Emergency,Conflict Flagged
BLK-05871,TSK-05871,COR-091,Signal & Telecom,120,2026-09-25,P2 - High,Scheduled
BLK-05872,TSK-05872,COR-024,Electrical,120,2026-09-28,P1 - Emergency,Rejected
BLK-05873,TSK-05873,COR-029,Operating,60,2026-09-12,P3 - Medium,Pending
BLK-05874,TSK-05874,COR-084,Electrical,120,2026-09-16,P2 - High,Approved
BLK-05875,TSK-05875,COR-041,Operating,180,2026-09-19,P1 - Emergency,Pending
BLK-05876,TSK-05876,COR-014,Operating,240,2026-09-19,P2 - High,Rejected
BLK-05877,TSK-05877,COR-010,Signal & Telecom,60,2026-09-22,P3 - Medium,Approved
BLK-05878,TSK-05878,COR-074,Operating,60,2026-09-21,P4 - Routine,Scheduled
BLK-05879,TSK-05879,COR-095,Operating,120,2026-09-19,P1 - Emergency,Scheduled
BLK-05880,TSK-05880,COR-024,Engineering,180,2026-09-21,P4 - Routine,Rejected
BLK-05881,TSK-05881,COR-033,Engineering,60,2026-09-22,P1 - Emergency,Scheduled
BLK-05882,TSK-05882,COR-045,Engineering,180,2026-09-13,P1 - Emergency,Pending
BLK-05883,TSK-05883,COR-088,Electrical,60,2026-09-27,P2 - High,Approved
BLK-05884,TSK-05884,COR-020,Engineering,180,2026-09-18,P4 - Routine,Approved
BLK-05885,TSK-05885,COR-041,Signal & Telecom,240,2026-09-16,P1 - Emergency,Rejected
BLK-05886,TSK-05886,COR-010,Engineering,120,2026-09-20,P2 - High,Scheduled
BLK-05887,TSK-05887,COR-060,Electrical,240,2026-09-19,P3 - Medium,Scheduled
BLK-05888,TSK-05888,COR-010,Engineering,180,2026-09-16,P4 - Routine,Approved
BLK-05889,TSK-05889,COR-079,Engineering,60,2026-09-26,P3 - Medium,Conflict Flagged
BLK-05890,TSK-05890,COR-006,Engineering,60,2026-09-14,P1 - Emergency,Rejected
BLK-05891,TSK-05891,COR-083,Signal & Telecom,360,2026-09-15,P4 - Routine,Scheduled
BLK-05892,TSK-05892,COR-023,Engineering,240,2026-09-26,P2 - High,Pending
BLK-05893,TSK-05893,COR-080,Engineering,180,2026-09-22,P4 - Routine,Scheduled
BLK-05894,TSK-05894,COR-046,Operating,180,2026-09-22,P3 - Medium,Scheduled
BLK-05895,TSK-05895,COR-016,Engineering,120,2026-09-13,P2 - High,Rejected
BLK-05896,TSK-05896,COR-058,Signal & Telecom,360,2026-09-13,P1 - Emergency,Conflict Flagged
BLK-05897,TSK-05897,COR-018,Operating,120,2026-09-19,P4 - Routine,Rejected
BLK-05898,TSK-05898,COR-064,Electrical,360,2026-09-11,P1 - Emergency,Rejected
BLK-05899,TSK-05899,COR-025,Signal & Telecom,300,2026-09-27,P3 - Medium,Rejected
BLK-05900,TSK-05900,COR-070,Engineering,240,2026-09-27,P2 - High,Pending
BLK-05901,TSK-05901,COR-090,Operating,300,2026-09-29,P2 - High,Rejected
BLK-05902,TSK-05902,COR-016,Signal & Telecom,120,2026-09-10,P4 - Routine,Pending
BLK-05903,TSK-05903,COR-016,Engineering,300,2026-09-20,P2 - High,Scheduled
BLK-05904,TSK-05904,COR-019,Signal & Telecom,120,2026-09-28,P1 - Emergency,Pending
BLK-05905,TSK-05905,COR-045,Signal & Telecom,180,2026-09-11,P4 - Routine,Conflict Flagged
BLK-05906,TSK-05906,COR-051,Engineering,120,2026-09-20,P2 - High,Scheduled
BLK-05907,TSK-05907,COR-078,Engineering,240,2026-09-23,P4 - Routine,Pending
BLK-05908,TSK-05908,COR-089,Operating,60,2026-09-11,P3 - Medium,Approved
BLK-05909,TSK-05909,COR-009,Engineering,120,2026-09-21,P2 - High,Pending
BLK-05910,TSK-05910,COR-080,Engineering,120,2026-09-14,P4 - Routine,Scheduled
BLK-05911,TSK-05911,COR-032,Operating,120,2026-09-12,P1 - Emergency,Rejected
BLK-05912,TSK-05912,COR-029,Operating,180,2026-09-17,P4 - Routine,Pending
BLK-05913,TSK-05913,COR-019,Signal & Telecom,240,2026-09-13,P3 - Medium,Scheduled
BLK-05914,TSK-05914,COR-037,Engineering,360,2026-09-15,P2 - High,Conflict Flagged
BLK-05915,TSK-05915,COR-044,Electrical,180,2026-09-10,P3 - Medium,Approved
BLK-05916,TSK-05916,COR-020,Operating,360,2026-09-28,P1 - Emergency,Scheduled
BLK-05917,TSK-05917,COR-031,Engineering,300,2026-09-10,P4 - Routine,Pending
BLK-05918,TSK-05918,COR-074,Signal & Telecom,240,2026-09-24,P2 - High,Approved
BLK-05919,TSK-05919,COR-065,Engineering,240,2026-09-27,P2 - High,Scheduled
BLK-05920,TSK-05920,COR-050,Engineering,240,2026-09-09,P2 - High,Approved
BLK-05921,TSK-05921,COR-050,Engineering,60,2026-09-14,P4 - Routine,Rejected
BLK-05922,TSK-05922,COR-039,Signal & Telecom,360,2026-09-15,P3 - Medium,Scheduled
BLK-05923,TSK-05923,COR-050,Operating,120,2026-09-19,P3 - Medium,Rejected
BLK-05924,TSK-05924,COR-051,Engineering,240,2026-09-22,P2 - High,Scheduled
BLK-05925,TSK-05925,COR-018,Electrical,300,2026-09-12,P4 - Routine,Rejected
BLK-05926,TSK-05926,COR-041,Operating,120,2026-09-14,P3 - Medium,Rejected
BLK-05927,TSK-05927,COR-002,Engineering,120,2026-09-22,P2 - High,Rejected
BLK-05928,TSK-05928,COR-006,Engineering,120,2026-09-09,P3 - Medium,Approved
BLK-05929,TSK-05929,COR-017,Electrical,180,2026-09-10,P2 - High,Conflict Flagged
BLK-05930,TSK-05930,COR-075,Signal & Telecom,180,2026-09-18,P4 - Routine,Scheduled
BLK-05931,TSK-05931,COR-097,Operating,360,2026-09-25,P2 - High,Pending
BLK-05932,TSK-05932,COR-027,Engineering,180,2026-09-18,P1 - Emergency,Pending
BLK-05933,TSK-05933,COR-089,Engineering,60,2026-09-28,P1 - Emergency,Pending
BLK-05934,TSK-05934,COR-028,Signal & Telecom,120,2026-09-27,P2 - High,Rejected
BLK-05935,TSK-05935,COR-021,Electrical,60,2026-09-29,P2 - High,Scheduled
BLK-05936,TSK-05936,COR-076,Engineering,60,2026-09-14,P1 - Emergency,Conflict Flagged
BLK-05937,TSK-05937,COR-084,Engineering,60,2026-09-26,P3 - Medium,Scheduled
BLK-05938,TSK-05938,COR-079,Operating,60,2026-09-25,P2 - High,Scheduled
BLK-05939,TSK-05939,COR-009,Operating,240,2026-09-11,P1 - Emergency,Scheduled
BLK-05940,TSK-05940,COR-038,Engineering,60,2026-09-27,P4 - Routine,Pending
BLK-05941,TSK-05941,COR-088,Engineering,360,2026-09-15,P2 - High,Conflict Flagged
BLK-05942,TSK-05942,COR-006,Operating,60,2026-09-22,P1 - Emergency,Approved
BLK-05943,TSK-05943,COR-060,Engineering,180,2026-09-27,P4 - Routine,Pending
BLK-05944,TSK-05944,COR-044,Engineering,120,2026-09-25,P1 - Emergency,Scheduled
BLK-05945,TSK-05945,COR-021,Electrical,240,2026-09-21,P2 - High,Approved
BLK-05946,TSK-05946,COR-020,Signal & Telecom,60,2026-09-26,P3 - Medium,Rejected
BLK-05947,TSK-05947,COR-075,Electrical,240,2026-09-12,P2 - High,Pending
BLK-05948,TSK-05948,COR-051,Engineering,180,2026-09-14,P4 - Routine,Approved
BLK-05949,TSK-05949,COR-067,Operating,120,2026-09-14,P3 - Medium,Conflict Flagged
BLK-05950,TSK-05950,COR-025,Operating,60,2026-09-19,P2 - High,Scheduled
BLK-05951,TSK-05951,COR-035,Electrical,120,2026-09-25,P3 - Medium,Conflict Flagged
BLK-05952,TSK-05952,COR-009,Electrical,360,2026-09-18,P1 - Emergency,Conflict Flagged
BLK-05953,TSK-05953,COR-009,Engineering,120,2026-09-22,P4 - Routine,Scheduled
BLK-05954,TSK-05954,COR-043,Electrical,180,2026-09-19,P2 - High,Rejected
BLK-05955,TSK-05955,COR-066,Engineering,180,2026-09-14,P4 - Routine,Approved
BLK-05956,TSK-05956,COR-023,Signal & Telecom,360,2026-09-27,P4 - Routine,Pending
BLK-05957,TSK-05957,COR-036,Operating,240,2026-09-29,P3 - Medium,Conflict Flagged
BLK-05958,TSK-05958,COR-082,Signal & Telecom,240,2026-09-13,P4 - Routine,Rejected
BLK-05959,TSK-05959,COR-063,Electrical,120,2026-09-12,P2 - High,Conflict Flagged
BLK-05960,TSK-05960,COR-084,Operating,120,2026-09-20,P3 - Medium,Rejected
BLK-05961,TSK-05961,COR-097,Signal & Telecom,180,2026-09-19,P2 - High,Rejected
BLK-05962,TSK-05962,COR-023,Operating,180,2026-09-27,P1 - Emergency,Rejected
BLK-05963,TSK-05963,COR-002,Signal & Telecom,240,2026-09-13,P1 - Emergency,Rejected
BLK-05964,TSK-05964,COR-087,Electrical,120,2026-09-26,P1 - Emergency,Conflict Flagged
BLK-05965,TSK-05965,COR-035,Signal & Telecom,360,2026-09-24,P1 - Emergency,Rejected
BLK-05966,TSK-05966,COR-028,Electrical,60,2026-09-17,P1 - Emergency,Conflict Flagged
BLK-05967,TSK-05967,COR-090,Signal & Telecom,60,2026-09-27,P2 - High,Conflict Flagged
BLK-05968,TSK-05968,COR-018,Signal & Telecom,120,2026-09-22,P1 - Emergency,Scheduled
BLK-05969,TSK-05969,COR-008,Electrical,180,2026-09-28,P1 - Emergency,Approved
BLK-05970,TSK-05970,COR-066,Electrical,60,2026-09-18,P1 - Emergency,Conflict Flagged
BLK-05971,TSK-05971,COR-097,Signal & Telecom,240,2026-09-12,P4 - Routine,Conflict Flagged
BLK-05972,TSK-05972,COR-032,Signal & Telecom,120,2026-09-15,P2 - High,Pending
BLK-05973,TSK-05973,COR-087,Operating,360,2026-09-15,P1 - Emergency,Pending
BLK-05974,TSK-05974,COR-058,Engineering,240,2026-09-18,P4 - Routine,Approved
BLK-05975,TSK-05975,COR-086,Operating,180,2026-09-09,P3 - Medium,Conflict Flagged
BLK-05976,TSK-05976,COR-082,Signal & Telecom,240,2026-09-19,P1 - Emergency,Approved
BLK-05977,TSK-05977,COR-083,Signal & Telecom,360,2026-09-29,P1 - Emergency,Pending
BLK-05978,TSK-05978,COR-012,Signal & Telecom,240,2026-09-11,P1 - Emergency,Pending
BLK-05979,TSK-05979,COR-079,Electrical,240,2026-09-15,P2 - High,Rejected
BLK-05980,TSK-05980,COR-053,Engineering,240,2026-09-15,P3 - Medium,Rejected
BLK-05981,TSK-05981,COR-024,Signal & Telecom,360,2026-09-21,P3 - Medium,Approved
BLK-05982,TSK-05982,COR-065,Operating,360,2026-09-09,P1 - Emergency,Approved
BLK-05983,TSK-05983,COR-017,Operating,180,2026-09-21,P3 - Medium,Conflict Flagged
BLK-05984,TSK-05984,COR-010,Operating,180,2026-09-15,P3 - Medium,Rejected
BLK-05985,TSK-05985,COR-002,Engineering,120,2026-09-20,P2 - High,Pending
BLK-05986,TSK-05986,COR-004,Operating,360,2026-09-22,P3 - Medium,Conflict Flagged
BLK-05987,TSK-05987,COR-049,Electrical,120,2026-09-12,P1 - Emergency,Conflict Flagged
BLK-05988,TSK-05988,COR-059,Signal & Telecom,180,2026-09-26,P1 - Emergency,Conflict Flagged
BLK-05989,TSK-05989,COR-041,Operating,180,2026-09-13,P4 - Routine,Conflict Flagged
BLK-05990,TSK-05990,COR-053,Operating,360,2026-09-10,P4 - Routine,Approved
BLK-05991,TSK-05991,COR-065,Operating,360,2026-09-21,P3 - Medium,Rejected
BLK-05992,TSK-05992,COR-044,Electrical,120,2026-09-15,P3 - Medium,Rejected
BLK-05993,TSK-05993,COR-087,Electrical,180,2026-09-17,P4 - Routine,Scheduled
BLK-05994,TSK-05994,COR-077,Engineering,360,2026-09-24,P1 - Emergency,Approved
BLK-05995,TSK-05995,COR-054,Electrical,180,2026-09-20,P1 - Emergency,Conflict Flagged
BLK-05996,TSK-05996,COR-095,Engineering,300,2026-09-18,P3 - Medium,Pending
BLK-05997,TSK-05997,COR-073,Engineering,60,2026-09-12,P4 - Routine,Rejected
BLK-05998,TSK-05998,COR-027,Electrical,240,2026-09-27,P4 - Routine,Conflict Flagged
BLK-05999,TSK-05999,COR-079,Signal & Telecom,240,2026-09-14,P3 - Medium,Scheduled
BLK-06000,TSK-06000,COR-014,Engineering,300,2026-09-29,P2 - High,Rejected
