forecast_id,corridor_id,forecast_date,forecast_goods_trains,peak_period,confidence_pct
FCST-00001,COR-028,2026-10-01,35,Night (22:00-04:00),78.9
FCST-00002,COR-032,2026-09-23,41,Afternoon (12:00-18:00),97.3
FCST-00003,COR-049,2026-09-24,28,Off-Peak,79.3
FCST-00004,COR-040,2026-09-08,10,Night (22:00-04:00),80.2
FCST-00005,COR-076,2026-09-29,39,Morning (06:00-12:00),83.9
FCST-00006,COR-083,2026-09-14,29,Afternoon (12:00-18:00),95.8
FCST-00007,COR-032,2026-09-10,37,Off-Peak,83.5
FCST-00008,COR-004,2026-09-23,20,Off-Peak,90.5
FCST-00009,COR-058,2026-09-13,40,Off-Peak,82.4
FCST-00010,COR-033,2026-09-05,28,Afternoon (12:00-18:00),94.1
FCST-00011,COR-034,2026-09-10,16,Off-Peak,82.2
FCST-00012,COR-075,2026-09-14,29,Night (22:00-04:00),94.4
FCST-00013,COR-015,2026-09-08,33,Afternoon (12:00-18:00),85.1
FCST-00014,COR-078,2026-09-25,33,Afternoon (12:00-18:00),96.1
FCST-00015,COR-075,2026-09-10,42,Night (22:00-04:00),80.8
FCST-00016,COR-085,2026-09-11,24,Night (22:00-04:00),87.6
FCST-00017,COR-025,2026-09-15,38,Morning (06:00-12:00),82.7
FCST-00018,COR-012,2026-09-09,43,Off-Peak,88.5
FCST-00019,COR-096,2026-09-11,36,Off-Peak,92.9
FCST-00020,COR-037,2026-09-09,12,Morning (06:00-12:00),96.4
FCST-00021,COR-096,2026-09-21,29,Morning (06:00-12:00),91.8
FCST-00022,COR-007,2026-10-04,41,Off-Peak,97.1
FCST-00023,COR-083,2026-09-30,18,Afternoon (12:00-18:00),81.1
FCST-00024,COR-058,2026-09-05,41,Off-Peak,87.8
FCST-00025,COR-090,2026-09-09,42,Off-Peak,96.9
FCST-00026,COR-100,2026-09-17,28,Morning (06:00-12:00),80.8
FCST-00027,COR-010,2026-09-19,30,Night (22:00-04:00),81.2
FCST-00028,COR-010,2026-09-09,32,Night (22:00-04:00),87.8
FCST-00029,COR-027,2026-09-15,39,Morning (06:00-12:00),96.8
FCST-00030,COR-054,2026-09-27,29,Afternoon (12:00-18:00),86.8
FCST-00031,COR-035,2026-09-12,37,Afternoon (12:00-18:00),83.2
FCST-00032,COR-048,2026-09-16,45,Night (22:00-04:00),96.0
FCST-00033,COR-029,2026-10-03,34,Afternoon (12:00-18:00),83.5
FCST-00034,COR-072,2026-09-11,40,Morning (06:00-12:00),79.2
FCST-00035,COR-082,2026-09-10,17,Night (22:00-04:00),85.9
FCST-00036,COR-012,2026-09-13,35,Night (22:00-04:00),86.7
FCST-00037,COR-036,2026-09-15,24,Night (22:00-04:00),91.2
FCST-00038,COR-030,2026-09-04,17,Off-Peak,82.4
FCST-00039,COR-095,2026-09-29,38,Night (22:00-04:00),95.1
FCST-00040,COR-072,2026-09-26,43,Morning (06:00-12:00),95.0
FCST-00041,COR-091,2026-09-26,11,Off-Peak,85.6
FCST-00042,COR-068,2026-09-06,41,Afternoon (12:00-18:00),95.5
FCST-00043,COR-088,2026-09-16,32,Morning (06:00-12:00),88.2
FCST-00044,COR-030,2026-09-15,22,Off-Peak,84.7
FCST-00045,COR-009,2026-09-06,8,Morning (06:00-12:00),80.4
FCST-00046,COR-046,2026-09-29,41,Off-Peak,83.1
FCST-00047,COR-041,2026-09-14,22,Afternoon (12:00-18:00),88.6
FCST-00048,COR-044,2026-09-21,35,Off-Peak,90.4
FCST-00049,COR-094,2026-09-07,25,Morning (06:00-12:00),85.0
FCST-00050,COR-041,2026-10-03,40,Afternoon (12:00-18:00),92.1
FCST-00051,COR-062,2026-09-15,29,Night (22:00-04:00),95.4
FCST-00052,COR-077,2026-09-17,28,Morning (06:00-12:00),94.6
FCST-00053,COR-048,2026-09-08,35,Night (22:00-04:00),88.7
FCST-00054,COR-070,2026-09-28,30,Off-Peak,93.5
FCST-00055,COR-023,2026-09-30,14,Night (22:00-04:00),89.3
FCST-00056,COR-070,2026-09-23,15,Afternoon (12:00-18:00),88.7
FCST-00057,COR-051,2026-09-25,41,Off-Peak,91.0
FCST-00058,COR-045,2026-10-03,20,Night (22:00-04:00),87.0
FCST-00059,COR-036,2026-09-28,21,Afternoon (12:00-18:00),85.7
FCST-00060,COR-058,2026-09-07,30,Night (22:00-04:00),97.3
FCST-00061,COR-016,2026-09-21,15,Night (22:00-04:00),87.9
FCST-00062,COR-061,2026-09-04,40,Afternoon (12:00-18:00),82.0
FCST-00063,COR-050,2026-09-16,36,Morning (06:00-12:00),96.4
FCST-00064,COR-064,2026-09-06,41,Morning (06:00-12:00),87.6
FCST-00065,COR-091,2026-10-04,21,Morning (06:00-12:00),87.5
FCST-00066,COR-033,2026-09-10,37,Off-Peak,87.5
FCST-00067,COR-088,2026-09-08,17,Off-Peak,95.0
FCST-00068,COR-080,2026-09-24,35,Morning (06:00-12:00),85.9
FCST-00069,COR-044,2026-09-05,32,Afternoon (12:00-18:00),88.3
FCST-00070,COR-076,2026-09-07,39,Afternoon (12:00-18:00),92.8
FCST-00071,COR-040,2026-09-05,11,Afternoon (12:00-18:00),88.2
FCST-00072,COR-044,2026-10-03,11,Afternoon (12:00-18:00),91.8
FCST-00073,COR-042,2026-09-21,32,Night (22:00-04:00),85.4
FCST-00074,COR-032,2026-09-29,9,Afternoon (12:00-18:00),92.0
FCST-00075,COR-057,2026-09-26,20,Morning (06:00-12:00),97.6
FCST-00076,COR-004,2026-09-10,44,Afternoon (12:00-18:00),93.2
FCST-00077,COR-089,2026-09-19,31,Off-Peak,96.7
FCST-00078,COR-007,2026-09-22,17,Off-Peak,82.0
FCST-00079,COR-069,2026-09-23,14,Morning (06:00-12:00),87.7
FCST-00080,COR-073,2026-09-30,39,Off-Peak,79.7
FCST-00081,COR-050,2026-09-24,35,Night (22:00-04:00),81.6
FCST-00082,COR-088,2026-10-01,8,Afternoon (12:00-18:00),92.3
FCST-00083,COR-072,2026-09-05,41,Off-Peak,86.3
FCST-00084,COR-002,2026-09-11,43,Off-Peak,94.0
FCST-00085,COR-070,2026-09-18,24,Morning (06:00-12:00),96.2
FCST-00086,COR-029,2026-10-03,8,Off-Peak,78.7
FCST-00087,COR-007,2026-09-28,19,Night (22:00-04:00),95.3
FCST-00088,COR-023,2026-09-15,16,Afternoon (12:00-18:00),80.7
FCST-00089,COR-038,2026-09-07,25,Morning (06:00-12:00),86.7
FCST-00090,COR-006,2026-10-04,11,Night (22:00-04:00),81.2
FCST-00091,COR-027,2026-09-30,29,Afternoon (12:00-18:00),95.3
FCST-00092,COR-028,2026-09-18,20,Morning (06:00-12:00),80.1
FCST-00093,COR-096,2026-09-17,17,Morning (06:00-12:00),92.9
FCST-00094,COR-052,2026-10-02,24,Morning (06:00-12:00),96.6
FCST-00095,COR-087,2026-10-02,45,Night (22:00-04:00),94.7
FCST-00096,COR-046,2026-09-17,9,Off-Peak,87.8
FCST-00097,COR-044,2026-09-23,18,Morning (06:00-12:00),95.1
FCST-00098,COR-070,2026-10-01,17,Off-Peak,98.0
FCST-00099,COR-031,2026-09-16,41,Morning (06:00-12:00),79.1
FCST-00100,COR-071,2026-09-14,11,Afternoon (12:00-18:00),79.5
FCST-00101,COR-043,2026-09-22,29,Off-Peak,90.0
FCST-00102,COR-012,2026-09-19,45,Off-Peak,86.7
FCST-00103,COR-029,2026-09-13,25,Off-Peak,95.8
FCST-00104,COR-058,2026-10-03,45,Afternoon (12:00-18:00),79.2
FCST-00105,COR-061,2026-09-14,30,Off-Peak,90.9
FCST-00106,COR-046,2026-09-08,41,Night (22:00-04:00),97.8
FCST-00107,COR-016,2026-09-08,10,Night (22:00-04:00),97.8
FCST-00108,COR-092,2026-10-02,13,Morning (06:00-12:00),85.3
FCST-00109,COR-047,2026-09-04,24,Off-Peak,90.4
FCST-00110,COR-090,2026-09-26,24,Morning (06:00-12:00),89.0
FCST-00111,COR-081,2026-10-02,13,Afternoon (12:00-18:00),84.3
FCST-00112,COR-025,2026-09-10,16,Morning (06:00-12:00),93.9
FCST-00113,COR-041,2026-09-14,9,Night (22:00-04:00),78.6
FCST-00114,COR-086,2026-09-05,8,Off-Peak,84.6
FCST-00115,COR-058,2026-09-25,23,Night (22:00-04:00),88.6
FCST-00116,COR-001,2026-09-29,35,Afternoon (12:00-18:00),83.9
FCST-00117,COR-027,2026-09-04,36,Off-Peak,96.2
FCST-00118,COR-039,2026-09-09,33,Night (22:00-04:00),80.4
FCST-00119,COR-069,2026-10-02,35,Off-Peak,81.2
FCST-00120,COR-098,2026-09-23,39,Night (22:00-04:00),82.6
FCST-00121,COR-024,2026-10-04,14,Morning (06:00-12:00),89.8
FCST-00122,COR-012,2026-09-23,18,Night (22:00-04:00),79.3
FCST-00123,COR-097,2026-09-16,32,Off-Peak,96.0
FCST-00124,COR-073,2026-10-04,41,Morning (06:00-12:00),94.1
FCST-00125,COR-059,2026-09-08,12,Afternoon (12:00-18:00),81.1
FCST-00126,COR-014,2026-09-19,24,Morning (06:00-12:00),96.3
FCST-00127,COR-032,2026-09-26,16,Off-Peak,94.6
FCST-00128,COR-019,2026-10-03,20,Night (22:00-04:00),85.9
FCST-00129,COR-050,2026-09-22,43,Morning (06:00-12:00),81.2
FCST-00130,COR-022,2026-09-27,33,Afternoon (12:00-18:00),89.0
FCST-00131,COR-046,2026-09-10,30,Off-Peak,86.9
FCST-00132,COR-087,2026-09-12,43,Night (22:00-04:00),79.7
FCST-00133,COR-069,2026-09-22,33,Night (22:00-04:00),91.3
FCST-00134,COR-017,2026-10-01,30,Morning (06:00-12:00),97.7
FCST-00135,COR-067,2026-09-10,37,Night (22:00-04:00),79.8
FCST-00136,COR-092,2026-09-04,14,Afternoon (12:00-18:00),95.3
FCST-00137,COR-080,2026-09-16,39,Afternoon (12:00-18:00),85.9
FCST-00138,COR-090,2026-09-06,14,Off-Peak,84.0
FCST-00139,COR-076,2026-09-11,18,Morning (06:00-12:00),92.2
FCST-00140,COR-014,2026-09-27,16,Morning (06:00-12:00),96.7
FCST-00141,COR-083,2026-09-25,26,Off-Peak,87.8
FCST-00142,COR-042,2026-09-30,25,Off-Peak,84.5
FCST-00143,COR-062,2026-09-06,25,Morning (06:00-12:00),79.8
FCST-00144,COR-080,2026-09-11,14,Night (22:00-04:00),96.4
FCST-00145,COR-072,2026-09-09,30,Off-Peak,97.8
FCST-00146,COR-070,2026-09-29,35,Morning (06:00-12:00),89.4
FCST-00147,COR-074,2026-09-24,11,Afternoon (12:00-18:00),97.9
FCST-00148,COR-072,2026-09-07,39,Morning (06:00-12:00),92.0
FCST-00149,COR-070,2026-09-12,31,Morning (06:00-12:00),97.6
FCST-00150,COR-040,2026-09-10,27,Night (22:00-04:00),91.9
FCST-00151,COR-030,2026-09-11,13,Night (22:00-04:00),92.5
FCST-00152,COR-087,2026-09-23,39,Night (22:00-04:00),94.7
FCST-00153,COR-074,2026-09-29,13,Night (22:00-04:00),93.4
FCST-00154,COR-011,2026-09-13,21,Morning (06:00-12:00),89.7
FCST-00155,COR-031,2026-09-07,8,Afternoon (12:00-18:00),81.6
FCST-00156,COR-022,2026-09-24,40,Afternoon (12:00-18:00),87.0
FCST-00157,COR-076,2026-09-20,13,Morning (06:00-12:00),92.9
FCST-00158,COR-077,2026-09-25,15,Morning (06:00-12:00),98.1
FCST-00159,COR-089,2026-10-02,37,Morning (06:00-12:00),79.5
FCST-00160,COR-071,2026-09-23,34,Afternoon (12:00-18:00),91.3
FCST-00161,COR-067,2026-09-24,8,Afternoon (12:00-18:00),95.0
FCST-00162,COR-086,2026-09-16,17,Afternoon (12:00-18:00),89.7
FCST-00163,COR-051,2026-09-25,37,Afternoon (12:00-18:00),85.4
FCST-00164,COR-056,2026-09-27,20,Afternoon (12:00-18:00),97.9
FCST-00165,COR-055,2026-09-17,34,Morning (06:00-12:00),84.7
FCST-00166,COR-030,2026-10-01,45,Morning (06:00-12:00),84.4
FCST-00167,COR-085,2026-09-15,16,Morning (06:00-12:00),95.1
FCST-00168,COR-095,2026-09-23,18,Night (22:00-04:00),85.5
FCST-00169,COR-007,2026-09-05,20,Afternoon (12:00-18:00),92.4
FCST-00170,COR-041,2026-09-18,25,Off-Peak,96.1
FCST-00171,COR-050,2026-09-25,45,Off-Peak,88.9
FCST-00172,COR-003,2026-10-03,39,Night (22:00-04:00),85.0
FCST-00173,COR-003,2026-09-25,25,Afternoon (12:00-18:00),92.6
FCST-00174,COR-066,2026-09-20,38,Morning (06:00-12:00),82.8
FCST-00175,COR-062,2026-09-07,15,Off-Peak,81.9
FCST-00176,COR-090,2026-10-02,25,Afternoon (12:00-18:00),88.7
FCST-00177,COR-094,2026-09-09,25,Off-Peak,81.7
FCST-00178,COR-093,2026-09-05,15,Afternoon (12:00-18:00),79.8
FCST-00179,COR-085,2026-09-30,22,Afternoon (12:00-18:00),82.4
FCST-00180,COR-080,2026-09-13,29,Morning (06:00-12:00),84.3
FCST-00181,COR-052,2026-09-16,44,Afternoon (12:00-18:00),90.9
FCST-00182,COR-042,2026-09-08,27,Off-Peak,82.9
FCST-00183,COR-007,2026-09-25,45,Afternoon (12:00-18:00),95.6
FCST-00184,COR-020,2026-09-28,33,Off-Peak,87.8
FCST-00185,COR-060,2026-09-19,28,Off-Peak,95.5
FCST-00186,COR-049,2026-09-26,26,Afternoon (12:00-18:00),86.0
FCST-00187,COR-033,2026-09-13,30,Night (22:00-04:00),84.5
FCST-00188,COR-015,2026-09-12,45,Afternoon (12:00-18:00),78.7
FCST-00189,COR-027,2026-09-09,33,Afternoon (12:00-18:00),83.9
FCST-00190,COR-069,2026-09-08,38,Night (22:00-04:00),80.7
FCST-00191,COR-012,2026-09-17,42,Afternoon (12:00-18:00),91.4
FCST-00192,COR-069,2026-09-27,36,Off-Peak,82.6
FCST-00193,COR-004,2026-10-01,25,Off-Peak,86.7
FCST-00194,COR-025,2026-09-30,15,Night (22:00-04:00),83.5
FCST-00195,COR-018,2026-09-20,43,Off-Peak,86.1
FCST-00196,COR-004,2026-09-20,19,Morning (06:00-12:00),96.3
FCST-00197,COR-066,2026-10-02,9,Night (22:00-04:00),87.4
FCST-00198,COR-071,2026-09-29,16,Morning (06:00-12:00),96.3
FCST-00199,COR-010,2026-09-28,21,Morning (06:00-12:00),91.6
FCST-00200,COR-002,2026-09-19,24,Off-Peak,95.8
FCST-00201,COR-073,2026-09-11,25,Night (22:00-04:00),88.0
FCST-00202,COR-024,2026-09-20,35,Night (22:00-04:00),91.2
FCST-00203,COR-070,2026-10-03,25,Afternoon (12:00-18:00),90.4
FCST-00204,COR-011,2026-09-16,21,Afternoon (12:00-18:00),80.5
FCST-00205,COR-050,2026-09-21,32,Night (22:00-04:00),89.7
FCST-00206,COR-007,2026-09-27,11,Off-Peak,94.8
FCST-00207,COR-051,2026-09-04,18,Morning (06:00-12:00),98.2
FCST-00208,COR-084,2026-09-12,22,Off-Peak,98.2
FCST-00209,COR-070,2026-09-11,24,Afternoon (12:00-18:00),86.5
FCST-00210,COR-061,2026-09-12,22,Off-Peak,93.4
FCST-00211,COR-021,2026-10-04,22,Night (22:00-04:00),88.3
FCST-00212,COR-070,2026-09-16,23,Morning (06:00-12:00),84.3
FCST-00213,COR-053,2026-09-06,22,Off-Peak,86.1
FCST-00214,COR-032,2026-09-21,11,Night (22:00-04:00),95.1
FCST-00215,COR-050,2026-09-11,10,Off-Peak,79.4
FCST-00216,COR-098,2026-09-25,13,Off-Peak,79.4
FCST-00217,COR-037,2026-09-12,29,Afternoon (12:00-18:00),89.3
FCST-00218,COR-020,2026-09-26,36,Afternoon (12:00-18:00),93.9
FCST-00219,COR-038,2026-09-17,28,Night (22:00-04:00),87.6
FCST-00220,COR-017,2026-09-04,39,Morning (06:00-12:00),96.8
FCST-00221,COR-096,2026-09-05,35,Night (22:00-04:00),93.9
FCST-00222,COR-010,2026-09-16,38,Afternoon (12:00-18:00),96.3
FCST-00223,COR-093,2026-09-11,38,Morning (06:00-12:00),92.9
FCST-00224,COR-032,2026-09-28,24,Off-Peak,96.5
FCST-00225,COR-004,2026-09-04,41,Night (22:00-04:00),90.8
FCST-00226,COR-012,2026-09-30,24,Off-Peak,86.1
FCST-00227,COR-031,2026-09-29,8,Off-Peak,79.1
FCST-00228,COR-037,2026-09-29,19,Morning (06:00-12:00),78.9
FCST-00229,COR-056,2026-09-14,45,Off-Peak,81.4
FCST-00230,COR-076,2026-09-04,8,Night (22:00-04:00),95.2
FCST-00231,COR-053,2026-09-27,40,Night (22:00-04:00),81.3
FCST-00232,COR-051,2026-09-18,25,Morning (06:00-12:00),81.9
FCST-00233,COR-090,2026-09-17,23,Night (22:00-04:00),95.4
FCST-00234,COR-025,2026-09-07,19,Night (22:00-04:00),83.4
FCST-00235,COR-056,2026-09-27,24,Morning (06:00-12:00),94.6
FCST-00236,COR-064,2026-09-11,40,Night (22:00-04:00),80.1
FCST-00237,COR-078,2026-09-17,44,Night (22:00-04:00),91.3
FCST-00238,COR-066,2026-09-21,24,Off-Peak,95.8
FCST-00239,COR-082,2026-09-07,43,Night (22:00-04:00),86.0
FCST-00240,COR-058,2026-09-23,27,Off-Peak,81.6
FCST-00241,COR-071,2026-09-22,38,Night (22:00-04:00),90.5
FCST-00242,COR-090,2026-09-07,8,Afternoon (12:00-18:00),97.1
FCST-00243,COR-025,2026-09-07,34,Off-Peak,83.5
FCST-00244,COR-018,2026-09-16,36,Night (22:00-04:00),90.8
FCST-00245,COR-077,2026-09-11,12,Afternoon (12:00-18:00),89.7
FCST-00246,COR-093,2026-09-09,32,Morning (06:00-12:00),79.1
FCST-00247,COR-048,2026-09-06,40,Afternoon (12:00-18:00),91.0
FCST-00248,COR-046,2026-09-14,39,Afternoon (12:00-18:00),90.7
FCST-00249,COR-020,2026-09-19,26,Morning (06:00-12:00),82.2
FCST-00250,COR-033,2026-10-01,17,Morning (06:00-12:00),89.0
FCST-00251,COR-037,2026-09-22,40,Night (22:00-04:00),87.2
FCST-00252,COR-092,2026-09-12,36,Afternoon (12:00-18:00),81.0
FCST-00253,COR-005,2026-09-21,9,Morning (06:00-12:00),97.8
FCST-00254,COR-030,2026-09-06,17,Off-Peak,97.4
FCST-00255,COR-007,2026-09-18,15,Morning (06:00-12:00),89.3
FCST-00256,COR-089,2026-09-25,33,Morning (06:00-12:00),81.1
FCST-00257,COR-069,2026-09-13,16,Night (22:00-04:00),94.0
FCST-00258,COR-054,2026-09-28,44,Night (22:00-04:00),91.3
FCST-00259,COR-074,2026-09-16,31,Off-Peak,93.2
FCST-00260,COR-048,2026-09-17,17,Night (22:00-04:00),93.2
FCST-00261,COR-004,2026-09-30,19,Morning (06:00-12:00),84.6
FCST-00262,COR-033,2026-09-07,32,Off-Peak,89.5
FCST-00263,COR-077,2026-09-13,41,Off-Peak,97.3
FCST-00264,COR-052,2026-09-12,22,Off-Peak,83.0
FCST-00265,COR-006,2026-09-17,17,Afternoon (12:00-18:00),95.0
FCST-00266,COR-077,2026-09-13,16,Off-Peak,85.9
FCST-00267,COR-054,2026-09-21,12,Night (22:00-04:00),97.5
FCST-00268,COR-037,2026-09-04,12,Off-Peak,86.2
FCST-00269,COR-062,2026-09-24,15,Morning (06:00-12:00),88.1
FCST-00270,COR-030,2026-09-25,25,Night (22:00-04:00),79.2
FCST-00271,COR-024,2026-09-15,45,Afternoon (12:00-18:00),80.5
FCST-00272,COR-006,2026-09-16,37,Off-Peak,81.3
FCST-00273,COR-034,2026-09-19,43,Off-Peak,90.8
FCST-00274,COR-083,2026-09-14,16,Off-Peak,95.8
FCST-00275,COR-023,2026-09-21,32,Off-Peak,79.6
FCST-00276,COR-031,2026-09-13,44,Afternoon (12:00-18:00),93.5
FCST-00277,COR-043,2026-10-04,22,Afternoon (12:00-18:00),95.4
FCST-00278,COR-087,2026-10-01,23,Night (22:00-04:00),95.5
FCST-00279,COR-043,2026-10-04,43,Morning (06:00-12:00),92.7
FCST-00280,COR-069,2026-09-20,33,Night (22:00-04:00),89.6
FCST-00281,COR-085,2026-09-05,17,Night (22:00-04:00),84.3
FCST-00282,COR-044,2026-09-07,14,Night (22:00-04:00),80.2
FCST-00283,COR-095,2026-09-07,24,Off-Peak,90.2
FCST-00284,COR-057,2026-09-09,37,Night (22:00-04:00),97.3
FCST-00285,COR-004,2026-09-21,16,Night (22:00-04:00),85.6
FCST-00286,COR-072,2026-09-20,41,Night (22:00-04:00),83.3
FCST-00287,COR-011,2026-09-17,45,Morning (06:00-12:00),88.3
FCST-00288,COR-017,2026-09-27,16,Off-Peak,95.8
FCST-00289,COR-088,2026-09-06,28,Night (22:00-04:00),86.3
FCST-00290,COR-098,2026-09-22,40,Afternoon (12:00-18:00),86.4
FCST-00291,COR-048,2026-09-19,36,Afternoon (12:00-18:00),93.3
FCST-00292,COR-059,2026-09-16,30,Morning (06:00-12:00),78.7
FCST-00293,COR-100,2026-09-06,39,Morning (06:00-12:00),81.2
FCST-00294,COR-007,2026-09-07,29,Night (22:00-04:00),87.8
FCST-00295,COR-003,2026-09-12,41,Morning (06:00-12:00),86.5
FCST-00296,COR-058,2026-09-18,36,Afternoon (12:00-18:00),92.4
FCST-00297,COR-030,2026-09-19,38,Night (22:00-04:00),82.1
FCST-00298,COR-034,2026-09-18,45,Off-Peak,96.9
FCST-00299,COR-039,2026-09-24,9,Night (22:00-04:00),97.5
FCST-00300,COR-057,2026-09-18,36,Night (22:00-04:00),82.0
FCST-00301,COR-030,2026-09-27,9,Afternoon (12:00-18:00),91.8
FCST-00302,COR-087,2026-10-03,24,Night (22:00-04:00),94.7
FCST-00303,COR-075,2026-09-13,34,Morning (06:00-12:00),87.1
FCST-00304,COR-091,2026-09-11,33,Afternoon (12:00-18:00),93.4
FCST-00305,COR-046,2026-09-25,32,Morning (06:00-12:00),80.5
FCST-00306,COR-008,2026-09-26,23,Night (22:00-04:00),84.1
FCST-00307,COR-008,2026-10-04,40,Night (22:00-04:00),87.1
FCST-00308,COR-045,2026-09-22,35,Afternoon (12:00-18:00),91.0
FCST-00309,COR-026,2026-09-11,25,Afternoon (12:00-18:00),89.3
FCST-00310,COR-044,2026-09-17,18,Afternoon (12:00-18:00),87.9
FCST-00311,COR-075,2026-09-23,18,Morning (06:00-12:00),82.7
FCST-00312,COR-004,2026-09-26,9,Off-Peak,79.9
FCST-00313,COR-072,2026-09-05,35,Night (22:00-04:00),79.2
FCST-00314,COR-084,2026-09-15,16,Afternoon (12:00-18:00),92.8
FCST-00315,COR-090,2026-09-24,35,Off-Peak,83.5
FCST-00316,COR-006,2026-09-18,35,Afternoon (12:00-18:00),82.9
FCST-00317,COR-050,2026-09-14,13,Afternoon (12:00-18:00),93.1
FCST-00318,COR-019,2026-09-30,23,Afternoon (12:00-18:00),85.5
FCST-00319,COR-093,2026-09-28,45,Morning (06:00-12:00),84.9
FCST-00320,COR-094,2026-09-14,33,Off-Peak,87.5
FCST-00321,COR-090,2026-09-13,13,Night (22:00-04:00),78.8
FCST-00322,COR-023,2026-09-07,37,Off-Peak,92.9
FCST-00323,COR-047,2026-09-08,28,Morning (06:00-12:00),93.3
FCST-00324,COR-027,2026-09-15,42,Night (22:00-04:00),97.5
FCST-00325,COR-070,2026-09-30,30,Afternoon (12:00-18:00),80.7
FCST-00326,COR-097,2026-09-19,25,Off-Peak,91.5
FCST-00327,COR-009,2026-10-01,18,Morning (06:00-12:00),83.7
FCST-00328,COR-065,2026-09-15,25,Afternoon (12:00-18:00),85.6
FCST-00329,COR-094,2026-09-30,30,Morning (06:00-12:00),81.3
FCST-00330,COR-001,2026-09-08,27,Morning (06:00-12:00),86.5
FCST-00331,COR-055,2026-09-21,10,Night (22:00-04:00),91.2
FCST-00332,COR-094,2026-09-09,42,Morning (06:00-12:00),82.4
FCST-00333,COR-044,2026-09-29,22,Morning (06:00-12:00),95.1
FCST-00334,COR-057,2026-09-16,15,Morning (06:00-12:00),83.2
FCST-00335,COR-083,2026-09-28,10,Off-Peak,87.6
FCST-00336,COR-074,2026-09-23,41,Afternoon (12:00-18:00),82.3
FCST-00337,COR-015,2026-10-01,33,Afternoon (12:00-18:00),98.0
FCST-00338,COR-068,2026-09-13,41,Morning (06:00-12:00),86.9
FCST-00339,COR-007,2026-09-04,32,Night (22:00-04:00),86.1
FCST-00340,COR-084,2026-10-04,18,Afternoon (12:00-18:00),92.0
FCST-00341,COR-005,2026-09-16,15,Morning (06:00-12:00),83.6
FCST-00342,COR-071,2026-09-10,25,Afternoon (12:00-18:00),86.6
FCST-00343,COR-092,2026-09-14,11,Night (22:00-04:00),84.7
FCST-00344,COR-043,2026-09-30,11,Off-Peak,95.1
FCST-00345,COR-043,2026-09-25,23,Morning (06:00-12:00),84.0
FCST-00346,COR-073,2026-10-04,30,Morning (06:00-12:00),92.6
FCST-00347,COR-013,2026-09-14,11,Off-Peak,86.4
FCST-00348,COR-093,2026-09-25,45,Afternoon (12:00-18:00),97.3
FCST-00349,COR-047,2026-09-04,24,Off-Peak,78.6
FCST-00350,COR-063,2026-09-09,35,Off-Peak,89.4
FCST-00351,COR-009,2026-09-20,30,Afternoon (12:00-18:00),87.1
FCST-00352,COR-050,2026-09-15,34,Off-Peak,93.8
FCST-00353,COR-039,2026-09-04,15,Morning (06:00-12:00),78.7
FCST-00354,COR-081,2026-10-01,11,Night (22:00-04:00),92.5
FCST-00355,COR-090,2026-09-21,44,Afternoon (12:00-18:00),86.9
FCST-00356,COR-055,2026-09-16,13,Off-Peak,83.7
FCST-00357,COR-033,2026-09-15,33,Afternoon (12:00-18:00),84.8
FCST-00358,COR-029,2026-10-02,20,Off-Peak,93.7
FCST-00359,COR-048,2026-09-11,32,Night (22:00-04:00),83.3
FCST-00360,COR-047,2026-10-04,19,Night (22:00-04:00),88.7
FCST-00361,COR-070,2026-09-09,39,Afternoon (12:00-18:00),92.3
FCST-00362,COR-079,2026-09-26,18,Off-Peak,80.4
FCST-00363,COR-075,2026-09-14,9,Night (22:00-04:00),82.1
FCST-00364,COR-093,2026-09-30,38,Off-Peak,88.3
FCST-00365,COR-065,2026-09-06,36,Off-Peak,88.3
FCST-00366,COR-100,2026-09-09,24,Night (22:00-04:00),79.7
FCST-00367,COR-089,2026-09-16,26,Afternoon (12:00-18:00),80.5
FCST-00368,COR-044,2026-09-26,10,Night (22:00-04:00),88.3
FCST-00369,COR-060,2026-09-23,16,Off-Peak,80.0
FCST-00370,COR-051,2026-09-08,24,Off-Peak,82.8
FCST-00371,COR-073,2026-09-13,39,Night (22:00-04:00),86.5
FCST-00372,COR-047,2026-09-16,39,Morning (06:00-12:00),92.9
FCST-00373,COR-094,2026-09-28,29,Morning (06:00-12:00),95.0
FCST-00374,COR-085,2026-09-13,17,Off-Peak,93.3
FCST-00375,COR-088,2026-09-05,16,Afternoon (12:00-18:00),79.6
FCST-00376,COR-100,2026-09-24,45,Afternoon (12:00-18:00),84.9
FCST-00377,COR-004,2026-09-09,11,Afternoon (12:00-18:00),95.1
FCST-00378,COR-083,2026-09-20,11,Night (22:00-04:00),85.5
FCST-00379,COR-095,2026-09-19,8,Afternoon (12:00-18:00),97.3
FCST-00380,COR-087,2026-09-14,11,Night (22:00-04:00),97.8
FCST-00381,COR-062,2026-09-26,10,Afternoon (12:00-18:00),80.8
FCST-00382,COR-002,2026-09-08,45,Night (22:00-04:00),87.7
FCST-00383,COR-088,2026-09-12,18,Night (22:00-04:00),97.3
FCST-00384,COR-032,2026-09-22,41,Off-Peak,83.8
FCST-00385,COR-094,2026-09-04,23,Night (22:00-04:00),92.3
FCST-00386,COR-029,2026-09-10,17,Off-Peak,84.0
FCST-00387,COR-007,2026-09-12,25,Night (22:00-04:00),86.5
FCST-00388,COR-047,2026-09-17,45,Night (22:00-04:00),93.7
FCST-00389,COR-004,2026-09-12,28,Off-Peak,87.3
FCST-00390,COR-060,2026-09-19,18,Afternoon (12:00-18:00),94.2
FCST-00391,COR-063,2026-10-01,25,Morning (06:00-12:00),90.5
FCST-00392,COR-041,2026-09-09,33,Morning (06:00-12:00),79.5
FCST-00393,COR-076,2026-09-08,42,Night (22:00-04:00),93.0
FCST-00394,COR-037,2026-09-05,31,Afternoon (12:00-18:00),98.1
FCST-00395,COR-042,2026-09-17,33,Afternoon (12:00-18:00),81.9
FCST-00396,COR-036,2026-09-24,12,Morning (06:00-12:00),97.6
FCST-00397,COR-074,2026-09-07,34,Night (22:00-04:00),97.9
FCST-00398,COR-036,2026-09-20,28,Morning (06:00-12:00),83.9
FCST-00399,COR-043,2026-10-01,36,Night (22:00-04:00),85.4
FCST-00400,COR-092,2026-09-16,13,Off-Peak,87.1
FCST-00401,COR-042,2026-09-15,35,Off-Peak,85.9
FCST-00402,COR-002,2026-09-19,11,Night (22:00-04:00),96.4
FCST-00403,COR-037,2026-09-28,40,Night (22:00-04:00),95.5
FCST-00404,COR-061,2026-09-14,29,Night (22:00-04:00),91.8
FCST-00405,COR-072,2026-09-18,20,Afternoon (12:00-18:00),80.4
FCST-00406,COR-041,2026-09-29,9,Afternoon (12:00-18:00),93.4
FCST-00407,COR-071,2026-09-13,24,Morning (06:00-12:00),96.6
FCST-00408,COR-085,2026-09-18,18,Morning (06:00-12:00),97.2
FCST-00409,COR-018,2026-09-28,26,Morning (06:00-12:00),85.8
FCST-00410,COR-100,2026-09-06,8,Afternoon (12:00-18:00),90.3
FCST-00411,COR-032,2026-09-29,15,Off-Peak,79.5
FCST-00412,COR-079,2026-09-22,27,Off-Peak,83.0
FCST-00413,COR-044,2026-09-23,41,Night (22:00-04:00),92.3
FCST-00414,COR-072,2026-10-02,15,Morning (06:00-12:00),87.0
FCST-00415,COR-084,2026-10-04,39,Afternoon (12:00-18:00),97.7
FCST-00416,COR-030,2026-09-07,36,Morning (06:00-12:00),98.1
FCST-00417,COR-008,2026-09-10,24,Morning (06:00-12:00),86.3
FCST-00418,COR-053,2026-09-21,11,Off-Peak,80.1
FCST-00419,COR-004,2026-09-27,41,Afternoon (12:00-18:00),89.9
FCST-00420,COR-003,2026-10-01,20,Morning (06:00-12:00),89.8
FCST-00421,COR-031,2026-10-02,16,Afternoon (12:00-18:00),90.5
FCST-00422,COR-093,2026-09-16,28,Morning (06:00-12:00),86.7
FCST-00423,COR-008,2026-09-04,10,Morning (06:00-12:00),92.7
FCST-00424,COR-043,2026-09-14,38,Off-Peak,94.5
FCST-00425,COR-072,2026-09-23,23,Night (22:00-04:00),90.7
FCST-00426,COR-054,2026-09-23,20,Night (22:00-04:00),91.4
FCST-00427,COR-014,2026-09-21,39,Night (22:00-04:00),97.0
FCST-00428,COR-028,2026-09-27,9,Morning (06:00-12:00),93.3
FCST-00429,COR-043,2026-09-29,21,Morning (06:00-12:00),79.3
FCST-00430,COR-047,2026-09-29,25,Afternoon (12:00-18:00),95.4
FCST-00431,COR-067,2026-09-27,19,Afternoon (12:00-18:00),82.7
FCST-00432,COR-004,2026-10-01,11,Off-Peak,88.7
FCST-00433,COR-097,2026-09-27,11,Afternoon (12:00-18:00),94.2
FCST-00434,COR-061,2026-09-27,42,Morning (06:00-12:00),93.4
FCST-00435,COR-001,2026-09-07,37,Afternoon (12:00-18:00),94.4
FCST-00436,COR-072,2026-09-15,8,Morning (06:00-12:00),93.4
FCST-00437,COR-032,2026-09-23,15,Morning (06:00-12:00),93.3
FCST-00438,COR-028,2026-10-02,8,Night (22:00-04:00),95.9
FCST-00439,COR-034,2026-10-02,16,Afternoon (12:00-18:00),97.9
FCST-00440,COR-048,2026-09-26,18,Off-Peak,84.4
FCST-00441,COR-087,2026-09-15,36,Morning (06:00-12:00),88.8
FCST-00442,COR-024,2026-09-13,16,Afternoon (12:00-18:00),87.7
FCST-00443,COR-068,2026-09-13,15,Off-Peak,86.6
FCST-00444,COR-015,2026-09-13,30,Off-Peak,89.1
FCST-00445,COR-086,2026-09-05,28,Morning (06:00-12:00),81.6
FCST-00446,COR-042,2026-09-09,17,Night (22:00-04:00),93.5
FCST-00447,COR-010,2026-09-28,35,Afternoon (12:00-18:00),85.6
FCST-00448,COR-049,2026-09-08,25,Night (22:00-04:00),85.9
FCST-00449,COR-046,2026-09-24,29,Night (22:00-04:00),92.7
FCST-00450,COR-002,2026-09-10,32,Night (22:00-04:00),85.5
FCST-00451,COR-041,2026-09-05,26,Morning (06:00-12:00),95.8
FCST-00452,COR-005,2026-09-13,28,Morning (06:00-12:00),97.6
FCST-00453,COR-046,2026-09-30,44,Morning (06:00-12:00),97.7
FCST-00454,COR-081,2026-09-08,22,Morning (06:00-12:00),81.7
FCST-00455,COR-013,2026-09-16,23,Afternoon (12:00-18:00),84.0
FCST-00456,COR-024,2026-09-27,10,Morning (06:00-12:00),92.2
FCST-00457,COR-047,2026-10-04,28,Afternoon (12:00-18:00),89.7
FCST-00458,COR-077,2026-09-06,13,Off-Peak,79.1
FCST-00459,COR-097,2026-09-13,30,Morning (06:00-12:00),93.1
FCST-00460,COR-100,2026-09-05,23,Morning (06:00-12:00),98.0
FCST-00461,COR-064,2026-09-05,37,Morning (06:00-12:00),92.6
FCST-00462,COR-089,2026-09-16,25,Night (22:00-04:00),92.0
FCST-00463,COR-016,2026-09-27,8,Night (22:00-04:00),92.9
FCST-00464,COR-034,2026-09-09,31,Off-Peak,97.1
FCST-00465,COR-030,2026-09-20,16,Afternoon (12:00-18:00),79.3
FCST-00466,COR-084,2026-09-22,26,Off-Peak,88.6
FCST-00467,COR-013,2026-09-05,38,Off-Peak,97.6
FCST-00468,COR-031,2026-09-29,32,Off-Peak,78.9
FCST-00469,COR-021,2026-09-27,20,Morning (06:00-12:00),85.2
FCST-00470,COR-064,2026-09-26,34,Night (22:00-04:00),98.0
FCST-00471,COR-061,2026-09-27,41,Off-Peak,85.9
FCST-00472,COR-052,2026-09-09,16,Off-Peak,85.7
FCST-00473,COR-022,2026-09-17,38,Night (22:00-04:00),85.0
FCST-00474,COR-091,2026-09-19,10,Morning (06:00-12:00),97.3
FCST-00475,COR-098,2026-09-18,39,Night (22:00-04:00),97.7
FCST-00476,COR-004,2026-09-13,30,Off-Peak,83.2
FCST-00477,COR-090,2026-09-21,44,Night (22:00-04:00),95.3
FCST-00478,COR-053,2026-09-26,14,Night (22:00-04:00),88.3
FCST-00479,COR-030,2026-09-15,14,Night (22:00-04:00),82.0
FCST-00480,COR-068,2026-09-15,20,Morning (06:00-12:00),95.7
FCST-00481,COR-094,2026-09-06,34,Off-Peak,97.7
FCST-00482,COR-028,2026-09-28,32,Afternoon (12:00-18:00),84.3
FCST-00483,COR-083,2026-09-26,43,Night (22:00-04:00),86.7
FCST-00484,COR-048,2026-09-08,29,Afternoon (12:00-18:00),89.6
FCST-00485,COR-080,2026-09-28,39,Morning (06:00-12:00),81.3
FCST-00486,COR-059,2026-09-09,16,Morning (06:00-12:00),97.4
FCST-00487,COR-075,2026-09-10,15,Morning (06:00-12:00),82.7
FCST-00488,COR-007,2026-09-16,38,Off-Peak,80.7
FCST-00489,COR-012,2026-09-22,25,Off-Peak,95.3
FCST-00490,COR-078,2026-09-13,19,Off-Peak,82.4
FCST-00491,COR-038,2026-09-04,12,Morning (06:00-12:00),89.1
FCST-00492,COR-082,2026-09-29,29,Off-Peak,84.0
FCST-00493,COR-030,2026-09-18,9,Night (22:00-04:00),84.5
FCST-00494,COR-051,2026-09-29,8,Night (22:00-04:00),86.8
FCST-00495,COR-086,2026-09-23,26,Morning (06:00-12:00),85.4
FCST-00496,COR-015,2026-09-29,34,Morning (06:00-12:00),93.2
FCST-00497,COR-076,2026-09-17,12,Morning (06:00-12:00),81.2
FCST-00498,COR-022,2026-09-20,17,Night (22:00-04:00),84.2
FCST-00499,COR-013,2026-10-04,30,Morning (06:00-12:00),82.0
FCST-00500,COR-053,2026-09-11,45,Morning (06:00-12:00),82.0
FCST-00501,COR-071,2026-09-26,9,Night (22:00-04:00),80.3
FCST-00502,COR-038,2026-09-28,14,Afternoon (12:00-18:00),79.0
FCST-00503,COR-057,2026-09-18,31,Afternoon (12:00-18:00),80.7
FCST-00504,COR-042,2026-09-11,33,Afternoon (12:00-18:00),97.5
FCST-00505,COR-008,2026-09-30,25,Off-Peak,96.0
FCST-00506,COR-088,2026-09-12,34,Night (22:00-04:00),90.2
FCST-00507,COR-054,2026-09-27,38,Morning (06:00-12:00),97.1
FCST-00508,COR-038,2026-09-30,20,Morning (06:00-12:00),86.3
FCST-00509,COR-030,2026-09-15,14,Night (22:00-04:00),92.8
FCST-00510,COR-042,2026-09-24,32,Afternoon (12:00-18:00),92.7
FCST-00511,COR-027,2026-09-27,30,Off-Peak,92.7
FCST-00512,COR-097,2026-09-19,24,Night (22:00-04:00),88.9
FCST-00513,COR-030,2026-09-12,40,Night (22:00-04:00),80.1
FCST-00514,COR-084,2026-09-10,35,Off-Peak,87.3
FCST-00515,COR-030,2026-09-05,38,Morning (06:00-12:00),93.4
FCST-00516,COR-020,2026-10-03,41,Off-Peak,79.8
FCST-00517,COR-075,2026-09-04,34,Off-Peak,79.0
FCST-00518,COR-052,2026-09-27,17,Night (22:00-04:00),94.2
FCST-00519,COR-008,2026-09-08,44,Off-Peak,85.8
FCST-00520,COR-095,2026-09-17,28,Afternoon (12:00-18:00),97.4
FCST-00521,COR-033,2026-09-20,10,Morning (06:00-12:00),86.1
FCST-00522,COR-088,2026-09-27,26,Afternoon (12:00-18:00),86.8
FCST-00523,COR-043,2026-09-17,21,Night (22:00-04:00),95.2
FCST-00524,COR-040,2026-09-11,31,Off-Peak,82.5
FCST-00525,COR-047,2026-09-17,34,Morning (06:00-12:00),85.5
FCST-00526,COR-073,2026-09-27,31,Off-Peak,82.4
FCST-00527,COR-016,2026-09-04,8,Night (22:00-04:00),96.7
FCST-00528,COR-089,2026-09-15,12,Night (22:00-04:00),90.5
FCST-00529,COR-065,2026-09-20,33,Morning (06:00-12:00),89.8
FCST-00530,COR-079,2026-09-24,8,Afternoon (12:00-18:00),93.8
FCST-00531,COR-090,2026-09-24,26,Afternoon (12:00-18:00),95.6
FCST-00532,COR-021,2026-09-07,21,Morning (06:00-12:00),93.5
FCST-00533,COR-033,2026-09-07,19,Night (22:00-04:00),78.9
FCST-00534,COR-013,2026-10-03,22,Afternoon (12:00-18:00),90.1
FCST-00535,COR-060,2026-09-05,36,Off-Peak,80.6
FCST-00536,COR-085,2026-09-11,24,Afternoon (12:00-18:00),81.5
FCST-00537,COR-086,2026-09-19,23,Afternoon (12:00-18:00),81.2
FCST-00538,COR-020,2026-09-21,42,Morning (06:00-12:00),94.2
FCST-00539,COR-019,2026-09-09,18,Morning (06:00-12:00),82.6
FCST-00540,COR-075,2026-09-08,35,Night (22:00-04:00),93.4
FCST-00541,COR-006,2026-09-24,13,Off-Peak,82.0
FCST-00542,COR-014,2026-10-03,14,Off-Peak,92.7
FCST-00543,COR-009,2026-09-29,12,Afternoon (12:00-18:00),95.3
FCST-00544,COR-009,2026-09-04,30,Night (22:00-04:00),84.1
FCST-00545,COR-086,2026-09-08,24,Morning (06:00-12:00),96.7
FCST-00546,COR-086,2026-09-07,20,Off-Peak,84.1
FCST-00547,COR-020,2026-09-23,32,Night (22:00-04:00),90.9
FCST-00548,COR-035,2026-09-21,9,Afternoon (12:00-18:00),84.7
FCST-00549,COR-043,2026-09-27,37,Off-Peak,90.0
FCST-00550,COR-038,2026-09-20,14,Night (22:00-04:00),87.9
FCST-00551,COR-011,2026-09-18,38,Afternoon (12:00-18:00),88.7
FCST-00552,COR-063,2026-09-04,21,Off-Peak,81.2
FCST-00553,COR-095,2026-09-05,12,Morning (06:00-12:00),87.7
FCST-00554,COR-002,2026-09-12,38,Night (22:00-04:00),87.7
FCST-00555,COR-022,2026-09-17,16,Afternoon (12:00-18:00),85.7
FCST-00556,COR-004,2026-09-18,23,Afternoon (12:00-18:00),96.0
FCST-00557,COR-017,2026-09-30,36,Afternoon (12:00-18:00),82.1
FCST-00558,COR-048,2026-09-30,34,Afternoon (12:00-18:00),80.5
FCST-00559,COR-017,2026-09-18,20,Off-Peak,81.3
FCST-00560,COR-046,2026-09-30,39,Night (22:00-04:00),83.4
FCST-00561,COR-043,2026-09-24,40,Off-Peak,89.2
FCST-00562,COR-038,2026-09-24,35,Morning (06:00-12:00),90.9
FCST-00563,COR-043,2026-09-19,36,Afternoon (12:00-18:00),82.2
FCST-00564,COR-046,2026-10-02,17,Morning (06:00-12:00),92.5
FCST-00565,COR-071,2026-09-04,44,Morning (06:00-12:00),91.8
FCST-00566,COR-034,2026-09-29,37,Afternoon (12:00-18:00),78.8
FCST-00567,COR-085,2026-09-22,15,Off-Peak,81.6
FCST-00568,COR-059,2026-09-27,17,Off-Peak,88.6
FCST-00569,COR-006,2026-09-07,23,Afternoon (12:00-18:00),86.4
FCST-00570,COR-089,2026-09-17,37,Morning (06:00-12:00),81.2
FCST-00571,COR-037,2026-09-22,26,Morning (06:00-12:00),81.7
FCST-00572,COR-092,2026-09-15,8,Night (22:00-04:00),89.0
FCST-00573,COR-087,2026-09-22,19,Off-Peak,94.7
FCST-00574,COR-091,2026-09-06,11,Afternoon (12:00-18:00),90.0
FCST-00575,COR-030,2026-09-20,24,Off-Peak,79.8
FCST-00576,COR-083,2026-09-19,12,Afternoon (12:00-18:00),85.1
FCST-00577,COR-049,2026-09-14,26,Morning (06:00-12:00),96.7
FCST-00578,COR-013,2026-09-27,41,Off-Peak,91.9
FCST-00579,COR-073,2026-09-25,20,Off-Peak,82.7
FCST-00580,COR-030,2026-09-22,22,Morning (06:00-12:00),93.2
FCST-00581,COR-053,2026-09-23,13,Off-Peak,85.9
FCST-00582,COR-081,2026-09-06,35,Night (22:00-04:00),81.7
FCST-00583,COR-065,2026-09-06,31,Afternoon (12:00-18:00),85.3
FCST-00584,COR-015,2026-09-29,45,Off-Peak,96.0
FCST-00585,COR-022,2026-09-23,45,Afternoon (12:00-18:00),85.5
FCST-00586,COR-026,2026-09-04,36,Morning (06:00-12:00),79.2
FCST-00587,COR-035,2026-09-07,38,Afternoon (12:00-18:00),84.8
FCST-00588,COR-075,2026-10-03,17,Off-Peak,83.4
FCST-00589,COR-073,2026-09-26,45,Night (22:00-04:00),88.6
FCST-00590,COR-066,2026-10-01,35,Morning (06:00-12:00),80.2
FCST-00591,COR-008,2026-09-11,15,Off-Peak,96.2
FCST-00592,COR-035,2026-09-18,31,Off-Peak,91.9
FCST-00593,COR-012,2026-10-02,35,Night (22:00-04:00),86.7
FCST-00594,COR-030,2026-09-15,39,Off-Peak,79.7
FCST-00595,COR-061,2026-09-09,18,Morning (06:00-12:00),96.5
FCST-00596,COR-099,2026-09-22,9,Night (22:00-04:00),94.1
FCST-00597,COR-081,2026-09-28,23,Off-Peak,85.7
FCST-00598,COR-063,2026-10-04,29,Morning (06:00-12:00),91.2
FCST-00599,COR-071,2026-09-14,16,Off-Peak,86.3
FCST-00600,COR-058,2026-09-06,16,Night (22:00-04:00),93.1
FCST-00601,COR-004,2026-09-12,8,Night (22:00-04:00),89.8
FCST-00602,COR-025,2026-09-22,24,Morning (06:00-12:00),90.3
FCST-00603,COR-054,2026-09-13,11,Off-Peak,98.2
FCST-00604,COR-082,2026-09-23,14,Off-Peak,91.9
FCST-00605,COR-035,2026-09-04,18,Morning (06:00-12:00),82.1
FCST-00606,COR-095,2026-09-09,40,Afternoon (12:00-18:00),83.3
FCST-00607,COR-005,2026-09-19,26,Off-Peak,81.7
FCST-00608,COR-042,2026-09-26,38,Afternoon (12:00-18:00),94.8
FCST-00609,COR-075,2026-09-08,45,Morning (06:00-12:00),85.8
FCST-00610,COR-045,2026-09-22,9,Off-Peak,87.0
FCST-00611,COR-018,2026-09-23,35,Night (22:00-04:00),88.6
FCST-00612,COR-091,2026-09-18,16,Afternoon (12:00-18:00),96.6
FCST-00613,COR-029,2026-10-02,14,Night (22:00-04:00),97.5
FCST-00614,COR-050,2026-10-02,28,Off-Peak,91.7
FCST-00615,COR-094,2026-09-30,42,Morning (06:00-12:00),81.5
FCST-00616,COR-056,2026-09-19,10,Afternoon (12:00-18:00),86.2
FCST-00617,COR-002,2026-10-01,25,Afternoon (12:00-18:00),96.4
FCST-00618,COR-088,2026-09-29,12,Afternoon (12:00-18:00),95.8
FCST-00619,COR-011,2026-09-26,13,Off-Peak,85.6
FCST-00620,COR-061,2026-09-14,11,Off-Peak,93.3
FCST-00621,COR-092,2026-09-22,33,Afternoon (12:00-18:00),78.5
FCST-00622,COR-020,2026-09-23,26,Off-Peak,84.1
FCST-00623,COR-054,2026-09-17,45,Night (22:00-04:00),86.0
FCST-00624,COR-021,2026-09-13,39,Night (22:00-04:00),96.5
FCST-00625,COR-074,2026-09-08,16,Afternoon (12:00-18:00),79.1
FCST-00626,COR-035,2026-09-23,22,Afternoon (12:00-18:00),91.3
FCST-00627,COR-028,2026-09-25,12,Night (22:00-04:00),96.9
FCST-00628,COR-011,2026-10-01,24,Off-Peak,86.9
FCST-00629,COR-085,2026-09-07,23,Morning (06:00-12:00),96.9
FCST-00630,COR-091,2026-09-08,24,Afternoon (12:00-18:00),82.0
FCST-00631,COR-051,2026-09-17,10,Off-Peak,90.5
FCST-00632,COR-075,2026-09-12,15,Afternoon (12:00-18:00),86.3
FCST-00633,COR-054,2026-09-10,36,Off-Peak,78.9
FCST-00634,COR-034,2026-09-28,16,Morning (06:00-12:00),80.0
FCST-00635,COR-072,2026-09-11,44,Morning (06:00-12:00),84.1
FCST-00636,COR-097,2026-09-05,42,Off-Peak,86.4
FCST-00637,COR-026,2026-09-14,32,Morning (06:00-12:00),83.4
FCST-00638,COR-081,2026-09-07,20,Night (22:00-04:00),83.4
FCST-00639,COR-011,2026-09-09,36,Night (22:00-04:00),86.7
FCST-00640,COR-035,2026-09-17,37,Night (22:00-04:00),91.0
FCST-00641,COR-050,2026-10-01,19,Night (22:00-04:00),92.3
FCST-00642,COR-031,2026-09-08,34,Afternoon (12:00-18:00),84.7
FCST-00643,COR-019,2026-09-15,13,Off-Peak,90.8
FCST-00644,COR-078,2026-09-19,18,Afternoon (12:00-18:00),79.6
FCST-00645,COR-053,2026-09-26,30,Off-Peak,97.9
FCST-00646,COR-011,2026-09-15,38,Afternoon (12:00-18:00),85.1
FCST-00647,COR-057,2026-10-04,31,Off-Peak,95.6
FCST-00648,COR-012,2026-09-24,10,Morning (06:00-12:00),89.3
FCST-00649,COR-015,2026-09-05,26,Night (22:00-04:00),86.7
FCST-00650,COR-065,2026-09-13,24,Night (22:00-04:00),91.0
FCST-00651,COR-036,2026-10-01,23,Off-Peak,88.8
FCST-00652,COR-077,2026-09-16,16,Afternoon (12:00-18:00),89.2
FCST-00653,COR-043,2026-09-30,8,Night (22:00-04:00),83.2
FCST-00654,COR-043,2026-09-27,41,Morning (06:00-12:00),89.2
FCST-00655,COR-058,2026-09-09,28,Off-Peak,85.2
FCST-00656,COR-071,2026-09-17,25,Off-Peak,79.3
FCST-00657,COR-075,2026-09-16,27,Morning (06:00-12:00),89.4
FCST-00658,COR-057,2026-09-22,10,Night (22:00-04:00),96.9
FCST-00659,COR-064,2026-09-23,34,Morning (06:00-12:00),88.1
FCST-00660,COR-046,2026-09-25,36,Morning (06:00-12:00),94.6
FCST-00661,COR-043,2026-09-07,21,Morning (06:00-12:00),93.4
FCST-00662,COR-089,2026-09-10,32,Off-Peak,81.1
FCST-00663,COR-011,2026-09-25,42,Morning (06:00-12:00),89.9
FCST-00664,COR-098,2026-10-02,37,Afternoon (12:00-18:00),94.9
FCST-00665,COR-098,2026-09-27,9,Night (22:00-04:00),88.0
FCST-00666,COR-019,2026-09-15,15,Afternoon (12:00-18:00),79.4
FCST-00667,COR-049,2026-09-18,45,Afternoon (12:00-18:00),82.6
FCST-00668,COR-059,2026-09-26,34,Off-Peak,94.6
FCST-00669,COR-098,2026-09-12,40,Afternoon (12:00-18:00),81.7
FCST-00670,COR-042,2026-09-16,15,Night (22:00-04:00),78.6
FCST-00671,COR-070,2026-09-25,37,Afternoon (12:00-18:00),83.4
FCST-00672,COR-034,2026-09-29,25,Off-Peak,80.8
FCST-00673,COR-015,2026-09-10,9,Morning (06:00-12:00),91.2
FCST-00674,COR-098,2026-09-27,28,Night (22:00-04:00),80.7
FCST-00675,COR-030,2026-09-15,41,Night (22:00-04:00),95.0
FCST-00676,COR-029,2026-09-30,11,Afternoon (12:00-18:00),93.8
FCST-00677,COR-100,2026-09-22,31,Night (22:00-04:00),91.8
FCST-00678,COR-068,2026-09-27,20,Morning (06:00-12:00),90.1
FCST-00679,COR-058,2026-09-10,35,Morning (06:00-12:00),94.4
FCST-00680,COR-041,2026-09-28,43,Off-Peak,82.1
FCST-00681,COR-093,2026-09-10,13,Afternoon (12:00-18:00),87.1
FCST-00682,COR-068,2026-10-01,9,Morning (06:00-12:00),94.1
FCST-00683,COR-035,2026-10-03,31,Off-Peak,90.0
FCST-00684,COR-068,2026-09-08,31,Night (22:00-04:00),87.6
FCST-00685,COR-020,2026-09-13,24,Off-Peak,83.9
FCST-00686,COR-017,2026-09-15,31,Night (22:00-04:00),80.6
FCST-00687,COR-040,2026-09-27,12,Morning (06:00-12:00),90.3
FCST-00688,COR-091,2026-09-12,42,Afternoon (12:00-18:00),87.8
FCST-00689,COR-009,2026-09-16,20,Morning (06:00-12:00),94.6
FCST-00690,COR-027,2026-09-17,27,Off-Peak,84.0
FCST-00691,COR-014,2026-09-22,10,Afternoon (12:00-18:00),84.9
FCST-00692,COR-100,2026-10-02,17,Morning (06:00-12:00),94.8
FCST-00693,COR-018,2026-09-18,9,Morning (06:00-12:00),92.5
FCST-00694,COR-071,2026-10-04,29,Night (22:00-04:00),91.2
FCST-00695,COR-061,2026-09-19,24,Off-Peak,82.7
FCST-00696,COR-062,2026-09-12,33,Night (22:00-04:00),91.4
FCST-00697,COR-086,2026-09-16,28,Off-Peak,81.3
FCST-00698,COR-078,2026-09-10,37,Night (22:00-04:00),94.1
FCST-00699,COR-032,2026-09-07,26,Morning (06:00-12:00),81.8
FCST-00700,COR-039,2026-09-09,9,Morning (06:00-12:00),88.1
FCST-00701,COR-075,2026-09-12,25,Morning (06:00-12:00),84.8
FCST-00702,COR-082,2026-09-14,31,Morning (06:00-12:00),94.0
FCST-00703,COR-085,2026-09-25,19,Afternoon (12:00-18:00),96.2
FCST-00704,COR-058,2026-10-01,42,Afternoon (12:00-18:00),89.9
FCST-00705,COR-074,2026-09-29,26,Night (22:00-04:00),80.5
FCST-00706,COR-073,2026-09-12,23,Morning (06:00-12:00),89.6
FCST-00707,COR-009,2026-09-12,12,Afternoon (12:00-18:00),94.4
FCST-00708,COR-002,2026-09-18,18,Night (22:00-04:00),79.5
FCST-00709,COR-084,2026-09-14,23,Night (22:00-04:00),97.3
FCST-00710,COR-035,2026-09-17,29,Night (22:00-04:00),81.5
FCST-00711,COR-082,2026-09-18,20,Off-Peak,84.6
FCST-00712,COR-051,2026-09-08,39,Morning (06:00-12:00),79.8
FCST-00713,COR-094,2026-09-24,22,Morning (06:00-12:00),94.3
FCST-00714,COR-068,2026-09-10,16,Morning (06:00-12:00),91.5
FCST-00715,COR-071,2026-10-04,12,Night (22:00-04:00),94.6
FCST-00716,COR-088,2026-09-05,12,Off-Peak,85.9
FCST-00717,COR-042,2026-10-01,34,Off-Peak,93.0
FCST-00718,COR-080,2026-09-15,27,Afternoon (12:00-18:00),79.4
FCST-00719,COR-027,2026-09-21,35,Off-Peak,96.1
FCST-00720,COR-011,2026-10-01,37,Off-Peak,79.2
FCST-00721,COR-076,2026-09-11,23,Off-Peak,81.8
FCST-00722,COR-091,2026-09-09,22,Afternoon (12:00-18:00),88.5
FCST-00723,COR-066,2026-10-02,11,Off-Peak,84.1
FCST-00724,COR-094,2026-10-02,41,Afternoon (12:00-18:00),92.0
FCST-00725,COR-022,2026-09-14,28,Off-Peak,93.5
FCST-00726,COR-100,2026-09-28,17,Night (22:00-04:00),79.6
FCST-00727,COR-034,2026-09-10,18,Afternoon (12:00-18:00),82.2
FCST-00728,COR-047,2026-10-01,41,Off-Peak,92.3
FCST-00729,COR-071,2026-09-04,10,Morning (06:00-12:00),88.4
FCST-00730,COR-020,2026-09-14,34,Morning (06:00-12:00),85.6
FCST-00731,COR-071,2026-09-26,22,Afternoon (12:00-18:00),81.0
FCST-00732,COR-042,2026-09-23,11,Off-Peak,86.3
FCST-00733,COR-002,2026-09-13,33,Off-Peak,92.9
FCST-00734,COR-038,2026-09-09,34,Morning (06:00-12:00),80.8
FCST-00735,COR-055,2026-09-23,19,Afternoon (12:00-18:00),85.7
FCST-00736,COR-025,2026-09-30,26,Morning (06:00-12:00),96.7
FCST-00737,COR-091,2026-10-03,9,Morning (06:00-12:00),82.7
FCST-00738,COR-015,2026-09-29,37,Night (22:00-04:00),80.4
FCST-00739,COR-096,2026-09-20,18,Afternoon (12:00-18:00),87.1
FCST-00740,COR-022,2026-09-19,39,Afternoon (12:00-18:00),93.4
FCST-00741,COR-040,2026-09-16,9,Off-Peak,90.5
FCST-00742,COR-049,2026-09-16,33,Night (22:00-04:00),83.8
FCST-00743,COR-094,2026-09-12,35,Morning (06:00-12:00),81.0
FCST-00744,COR-069,2026-09-17,17,Afternoon (12:00-18:00),81.0
FCST-00745,COR-030,2026-09-23,24,Off-Peak,92.6
FCST-00746,COR-018,2026-09-23,26,Night (22:00-04:00),88.8
FCST-00747,COR-070,2026-09-25,21,Afternoon (12:00-18:00),83.6
FCST-00748,COR-034,2026-10-03,18,Morning (06:00-12:00),86.6
FCST-00749,COR-078,2026-10-03,20,Afternoon (12:00-18:00),91.7
FCST-00750,COR-082,2026-09-28,33,Off-Peak,96.7
FCST-00751,COR-007,2026-10-01,43,Night (22:00-04:00),84.7
FCST-00752,COR-078,2026-09-21,44,Morning (06:00-12:00),92.0
FCST-00753,COR-037,2026-10-03,13,Morning (06:00-12:00),91.9
FCST-00754,COR-091,2026-09-24,21,Night (22:00-04:00),87.1
FCST-00755,COR-037,2026-10-02,32,Morning (06:00-12:00),81.3
FCST-00756,COR-038,2026-09-28,23,Morning (06:00-12:00),87.8
FCST-00757,COR-070,2026-09-29,36,Afternoon (12:00-18:00),96.1
FCST-00758,COR-064,2026-09-13,42,Morning (06:00-12:00),89.5
FCST-00759,COR-057,2026-09-11,22,Night (22:00-04:00),80.7
FCST-00760,COR-032,2026-09-04,32,Morning (06:00-12:00),97.7
FCST-00761,COR-011,2026-09-07,8,Morning (06:00-12:00),80.0
FCST-00762,COR-016,2026-09-27,28,Afternoon (12:00-18:00),97.7
FCST-00763,COR-093,2026-09-23,42,Night (22:00-04:00),97.6
FCST-00764,COR-045,2026-09-22,29,Night (22:00-04:00),83.4
FCST-00765,COR-073,2026-09-23,9,Afternoon (12:00-18:00),96.2
FCST-00766,COR-013,2026-09-09,11,Off-Peak,98.0
FCST-00767,COR-098,2026-09-16,14,Off-Peak,94.6
FCST-00768,COR-075,2026-09-09,24,Afternoon (12:00-18:00),81.6
FCST-00769,COR-048,2026-10-04,26,Night (22:00-04:00),83.1
FCST-00770,COR-025,2026-09-15,28,Night (22:00-04:00),79.2
FCST-00771,COR-036,2026-09-27,32,Morning (06:00-12:00),80.1
FCST-00772,COR-007,2026-09-09,10,Afternoon (12:00-18:00),91.2
FCST-00773,COR-092,2026-09-30,12,Morning (06:00-12:00),80.1
FCST-00774,COR-007,2026-09-25,26,Off-Peak,94.5
FCST-00775,COR-057,2026-09-08,20,Night (22:00-04:00),88.4
FCST-00776,COR-098,2026-09-11,22,Night (22:00-04:00),93.4
FCST-00777,COR-012,2026-10-02,45,Afternoon (12:00-18:00),83.9
FCST-00778,COR-036,2026-09-25,34,Off-Peak,91.9
FCST-00779,COR-046,2026-09-05,11,Off-Peak,79.3
FCST-00780,COR-062,2026-09-06,40,Night (22:00-04:00),86.6
FCST-00781,COR-064,2026-09-27,35,Morning (06:00-12:00),86.3
FCST-00782,COR-088,2026-09-16,24,Night (22:00-04:00),81.9
FCST-00783,COR-027,2026-10-04,9,Afternoon (12:00-18:00),93.7
FCST-00784,COR-046,2026-09-27,11,Afternoon (12:00-18:00),94.0
FCST-00785,COR-012,2026-09-10,13,Afternoon (12:00-18:00),97.2
FCST-00786,COR-062,2026-09-24,45,Afternoon (12:00-18:00),92.3
FCST-00787,COR-034,2026-09-06,41,Off-Peak,96.7
FCST-00788,COR-071,2026-09-23,28,Night (22:00-04:00),94.4
FCST-00789,COR-096,2026-09-19,30,Morning (06:00-12:00),79.5
FCST-00790,COR-001,2026-09-05,15,Off-Peak,86.0
FCST-00791,COR-063,2026-09-08,45,Afternoon (12:00-18:00),82.3
FCST-00792,COR-028,2026-10-04,31,Afternoon (12:00-18:00),94.4
FCST-00793,COR-052,2026-09-22,9,Night (22:00-04:00),91.0
FCST-00794,COR-096,2026-09-08,35,Morning (06:00-12:00),88.9
FCST-00795,COR-025,2026-09-14,24,Morning (06:00-12:00),93.5
FCST-00796,COR-068,2026-09-30,36,Morning (06:00-12:00),90.5
FCST-00797,COR-012,2026-09-06,28,Afternoon (12:00-18:00),86.0
FCST-00798,COR-075,2026-10-01,17,Off-Peak,86.5
FCST-00799,COR-077,2026-09-13,30,Afternoon (12:00-18:00),88.0
FCST-00800,COR-028,2026-09-27,28,Off-Peak,90.8
FCST-00801,COR-067,2026-10-04,31,Off-Peak,79.9
FCST-00802,COR-098,2026-10-01,13,Night (22:00-04:00),88.0
FCST-00803,COR-027,2026-09-05,8,Night (22:00-04:00),78.8
FCST-00804,COR-096,2026-09-16,21,Night (22:00-04:00),94.8
FCST-00805,COR-011,2026-09-08,18,Afternoon (12:00-18:00),79.1
FCST-00806,COR-100,2026-09-16,43,Off-Peak,90.7
FCST-00807,COR-085,2026-10-01,37,Night (22:00-04:00),82.9
FCST-00808,COR-041,2026-09-20,34,Afternoon (12:00-18:00),97.3
FCST-00809,COR-063,2026-10-03,41,Morning (06:00-12:00),88.2
FCST-00810,COR-064,2026-09-14,25,Morning (06:00-12:00),81.0
FCST-00811,COR-042,2026-09-19,22,Off-Peak,81.1
FCST-00812,COR-095,2026-10-03,15,Afternoon (12:00-18:00),81.5
FCST-00813,COR-013,2026-09-18,30,Afternoon (12:00-18:00),87.7
FCST-00814,COR-012,2026-09-04,18,Night (22:00-04:00),82.6
FCST-00815,COR-045,2026-09-28,25,Morning (06:00-12:00),94.5
FCST-00816,COR-059,2026-09-07,12,Night (22:00-04:00),96.7
FCST-00817,COR-040,2026-09-09,20,Night (22:00-04:00),94.1
FCST-00818,COR-090,2026-09-11,12,Afternoon (12:00-18:00),90.4
FCST-00819,COR-059,2026-09-10,45,Night (22:00-04:00),90.3
FCST-00820,COR-029,2026-09-04,28,Afternoon (12:00-18:00),86.6
FCST-00821,COR-083,2026-10-01,42,Afternoon (12:00-18:00),83.7
FCST-00822,COR-065,2026-09-23,15,Night (22:00-04:00),94.4
FCST-00823,COR-002,2026-09-25,35,Morning (06:00-12:00),94.4
FCST-00824,COR-017,2026-10-01,12,Night (22:00-04:00),87.0
FCST-00825,COR-043,2026-09-24,38,Night (22:00-04:00),87.5
FCST-00826,COR-083,2026-10-02,35,Morning (06:00-12:00),86.2
FCST-00827,COR-004,2026-10-03,19,Night (22:00-04:00),85.6
FCST-00828,COR-061,2026-10-03,33,Afternoon (12:00-18:00),93.9
FCST-00829,COR-021,2026-09-22,40,Night (22:00-04:00),83.8
FCST-00830,COR-024,2026-09-17,30,Night (22:00-04:00),86.4
FCST-00831,COR-008,2026-09-10,44,Afternoon (12:00-18:00),94.2
FCST-00832,COR-034,2026-09-15,28,Morning (06:00-12:00),98.1
FCST-00833,COR-096,2026-09-17,29,Off-Peak,78.9
FCST-00834,COR-074,2026-09-18,22,Morning (06:00-12:00),97.1
FCST-00835,COR-042,2026-09-07,26,Night (22:00-04:00),79.5
FCST-00836,COR-050,2026-09-04,30,Off-Peak,88.1
FCST-00837,COR-008,2026-09-10,28,Morning (06:00-12:00),83.5
FCST-00838,COR-047,2026-09-10,44,Morning (06:00-12:00),88.6
FCST-00839,COR-028,2026-09-09,43,Night (22:00-04:00),91.4
FCST-00840,COR-094,2026-09-11,39,Morning (06:00-12:00),81.3
FCST-00841,COR-031,2026-09-23,31,Off-Peak,89.7
FCST-00842,COR-097,2026-09-21,24,Night (22:00-04:00),86.6
FCST-00843,COR-040,2026-09-12,8,Night (22:00-04:00),95.3
FCST-00844,COR-053,2026-09-25,12,Afternoon (12:00-18:00),89.8
FCST-00845,COR-060,2026-09-21,20,Morning (06:00-12:00),83.1
FCST-00846,COR-039,2026-09-10,37,Morning (06:00-12:00),84.7
FCST-00847,COR-092,2026-09-08,33,Off-Peak,80.4
FCST-00848,COR-003,2026-09-24,45,Off-Peak,85.8
FCST-00849,COR-097,2026-09-28,43,Night (22:00-04:00),81.5
FCST-00850,COR-005,2026-09-04,43,Night (22:00-04:00),95.5
FCST-00851,COR-009,2026-09-21,32,Off-Peak,82.9
FCST-00852,COR-089,2026-09-10,13,Afternoon (12:00-18:00),96.2
FCST-00853,COR-053,2026-09-05,29,Afternoon (12:00-18:00),86.5
FCST-00854,COR-085,2026-09-15,43,Afternoon (12:00-18:00),92.1
FCST-00855,COR-084,2026-09-19,24,Night (22:00-04:00),93.5
FCST-00856,COR-086,2026-09-10,16,Afternoon (12:00-18:00),96.7
FCST-00857,COR-077,2026-09-22,23,Night (22:00-04:00),86.6
FCST-00858,COR-032,2026-09-18,10,Night (22:00-04:00),90.2
FCST-00859,COR-088,2026-09-04,26,Night (22:00-04:00),96.8
FCST-00860,COR-055,2026-09-17,44,Afternoon (12:00-18:00),85.2
FCST-00861,COR-063,2026-10-04,9,Afternoon (12:00-18:00),92.6
FCST-00862,COR-018,2026-10-03,23,Night (22:00-04:00),89.1
FCST-00863,COR-034,2026-09-13,24,Off-Peak,82.6
FCST-00864,COR-006,2026-09-28,45,Morning (06:00-12:00),86.3
FCST-00865,COR-047,2026-09-11,18,Night (22:00-04:00),81.2
FCST-00866,COR-002,2026-09-04,32,Morning (06:00-12:00),95.7
FCST-00867,COR-086,2026-09-19,25,Afternoon (12:00-18:00),91.4
FCST-00868,COR-047,2026-09-16,28,Off-Peak,90.8
FCST-00869,COR-046,2026-09-29,32,Night (22:00-04:00),78.9
FCST-00870,COR-017,2026-09-10,45,Off-Peak,89.8
FCST-00871,COR-072,2026-09-17,18,Night (22:00-04:00),92.2
FCST-00872,COR-023,2026-09-28,40,Afternoon (12:00-18:00),84.7
FCST-00873,COR-025,2026-09-14,18,Night (22:00-04:00),82.8
FCST-00874,COR-050,2026-09-15,11,Night (22:00-04:00),91.6
FCST-00875,COR-022,2026-09-14,39,Morning (06:00-12:00),81.8
FCST-00876,COR-015,2026-09-29,24,Night (22:00-04:00),81.9
FCST-00877,COR-077,2026-09-20,15,Night (22:00-04:00),92.6
FCST-00878,COR-053,2026-09-18,12,Off-Peak,94.1
FCST-00879,COR-021,2026-09-15,45,Afternoon (12:00-18:00),88.6
FCST-00880,COR-001,2026-09-16,31,Afternoon (12:00-18:00),86.3
FCST-00881,COR-026,2026-09-22,43,Morning (06:00-12:00),93.0
FCST-00882,COR-041,2026-09-26,10,Off-Peak,95.4
FCST-00883,COR-093,2026-09-06,18,Night (22:00-04:00),86.2
FCST-00884,COR-035,2026-09-20,23,Afternoon (12:00-18:00),82.0
FCST-00885,COR-076,2026-09-09,17,Morning (06:00-12:00),96.3
FCST-00886,COR-084,2026-10-01,42,Off-Peak,87.5
FCST-00887,COR-026,2026-09-05,17,Morning (06:00-12:00),83.2
FCST-00888,COR-037,2026-09-25,25,Night (22:00-04:00),81.4
FCST-00889,COR-078,2026-09-05,10,Night (22:00-04:00),83.3
FCST-00890,COR-026,2026-09-16,45,Afternoon (12:00-18:00),92.8
FCST-00891,COR-032,2026-09-12,8,Morning (06:00-12:00),78.9
FCST-00892,COR-045,2026-09-23,15,Night (22:00-04:00),86.2
FCST-00893,COR-085,2026-09-21,36,Afternoon (12:00-18:00),90.5
FCST-00894,COR-030,2026-09-26,11,Night (22:00-04:00),81.3
FCST-00895,COR-057,2026-09-27,15,Afternoon (12:00-18:00),97.1
FCST-00896,COR-022,2026-09-25,10,Morning (06:00-12:00),89.3
FCST-00897,COR-033,2026-09-16,14,Night (22:00-04:00),85.6
FCST-00898,COR-046,2026-09-13,34,Night (22:00-04:00),92.9
FCST-00899,COR-044,2026-09-04,31,Afternoon (12:00-18:00),97.5
FCST-00900,COR-082,2026-09-17,40,Morning (06:00-12:00),88.3
FCST-00901,COR-096,2026-09-11,20,Afternoon (12:00-18:00),86.1
FCST-00902,COR-030,2026-09-07,37,Morning (06:00-12:00),78.7
FCST-00903,COR-002,2026-09-13,35,Morning (06:00-12:00),83.5
FCST-00904,COR-046,2026-09-20,35,Morning (06:00-12:00),87.0
FCST-00905,COR-055,2026-09-18,19,Morning (06:00-12:00),90.5
FCST-00906,COR-071,2026-09-18,28,Off-Peak,90.7
FCST-00907,COR-031,2026-09-06,14,Morning (06:00-12:00),91.6
FCST-00908,COR-025,2026-10-02,37,Afternoon (12:00-18:00),96.0
FCST-00909,COR-041,2026-09-25,23,Afternoon (12:00-18:00),81.8
FCST-00910,COR-069,2026-09-08,28,Morning (06:00-12:00),84.8
FCST-00911,COR-079,2026-09-28,42,Afternoon (12:00-18:00),97.8
FCST-00912,COR-045,2026-09-16,20,Morning (06:00-12:00),82.4
FCST-00913,COR-076,2026-09-06,14,Off-Peak,92.7
FCST-00914,COR-062,2026-09-08,34,Afternoon (12:00-18:00),86.2
FCST-00915,COR-024,2026-09-27,31,Off-Peak,78.5
FCST-00916,COR-012,2026-10-03,35,Afternoon (12:00-18:00),84.8
FCST-00917,COR-048,2026-09-21,38,Off-Peak,81.7
FCST-00918,COR-079,2026-10-02,41,Night (22:00-04:00),78.9
FCST-00919,COR-037,2026-10-01,10,Afternoon (12:00-18:00),83.5
FCST-00920,COR-021,2026-09-25,44,Off-Peak,90.6
FCST-00921,COR-060,2026-09-11,35,Afternoon (12:00-18:00),93.0
FCST-00922,COR-037,2026-10-04,13,Off-Peak,88.6
FCST-00923,COR-050,2026-09-19,29,Morning (06:00-12:00),98.1
FCST-00924,COR-007,2026-09-04,35,Afternoon (12:00-18:00),84.7
FCST-00925,COR-075,2026-10-04,45,Night (22:00-04:00),97.5
FCST-00926,COR-046,2026-09-15,44,Morning (06:00-12:00),86.6
FCST-00927,COR-027,2026-09-18,10,Afternoon (12:00-18:00),85.5
FCST-00928,COR-015,2026-09-05,8,Off-Peak,91.4
FCST-00929,COR-061,2026-09-10,35,Afternoon (12:00-18:00),97.1
FCST-00930,COR-085,2026-09-25,32,Morning (06:00-12:00),90.2
FCST-00931,COR-062,2026-10-02,11,Off-Peak,90.1
FCST-00932,COR-074,2026-09-23,15,Morning (06:00-12:00),80.7
FCST-00933,COR-039,2026-09-20,34,Night (22:00-04:00),97.7
FCST-00934,COR-084,2026-09-13,21,Afternoon (12:00-18:00),97.4
FCST-00935,COR-005,2026-09-25,38,Night (22:00-04:00),96.0
FCST-00936,COR-045,2026-09-20,43,Night (22:00-04:00),83.8
FCST-00937,COR-072,2026-09-14,16,Morning (06:00-12:00),89.0
FCST-00938,COR-075,2026-09-11,32,Off-Peak,83.0
FCST-00939,COR-064,2026-10-02,30,Afternoon (12:00-18:00),90.1
FCST-00940,COR-010,2026-10-02,43,Night (22:00-04:00),96.4
FCST-00941,COR-047,2026-09-21,33,Morning (06:00-12:00),92.7
FCST-00942,COR-075,2026-09-05,13,Off-Peak,78.9
FCST-00943,COR-016,2026-09-06,31,Off-Peak,90.3
FCST-00944,COR-078,2026-09-18,13,Off-Peak,86.5
FCST-00945,COR-081,2026-10-04,23,Afternoon (12:00-18:00),85.6
FCST-00946,COR-046,2026-09-12,22,Off-Peak,83.4
FCST-00947,COR-021,2026-09-22,14,Off-Peak,86.1
FCST-00948,COR-098,2026-09-10,16,Night (22:00-04:00),84.7
FCST-00949,COR-047,2026-09-20,15,Afternoon (12:00-18:00),82.7
FCST-00950,COR-081,2026-09-13,9,Afternoon (12:00-18:00),86.0
FCST-00951,COR-048,2026-10-04,14,Afternoon (12:00-18:00),79.0
FCST-00952,COR-033,2026-09-06,20,Afternoon (12:00-18:00),84.5
FCST-00953,COR-054,2026-09-25,21,Afternoon (12:00-18:00),95.6
FCST-00954,COR-036,2026-09-17,8,Night (22:00-04:00),79.5
FCST-00955,COR-089,2026-09-23,17,Night (22:00-04:00),91.4
FCST-00956,COR-010,2026-09-11,20,Morning (06:00-12:00),92.3
FCST-00957,COR-043,2026-09-05,14,Morning (06:00-12:00),89.2
FCST-00958,COR-028,2026-09-20,42,Afternoon (12:00-18:00),82.0
FCST-00959,COR-007,2026-10-04,20,Night (22:00-04:00),83.2
FCST-00960,COR-047,2026-10-01,16,Off-Peak,85.7
FCST-00961,COR-026,2026-10-01,24,Off-Peak,94.3
FCST-00962,COR-024,2026-10-04,39,Afternoon (12:00-18:00),83.0
FCST-00963,COR-019,2026-09-04,20,Morning (06:00-12:00),78.8
FCST-00964,COR-039,2026-09-19,38,Afternoon (12:00-18:00),82.4
FCST-00965,COR-088,2026-09-27,40,Afternoon (12:00-18:00),97.0
FCST-00966,COR-052,2026-09-17,43,Afternoon (12:00-18:00),82.3
FCST-00967,COR-002,2026-09-28,11,Afternoon (12:00-18:00),91.9
FCST-00968,COR-037,2026-09-08,25,Night (22:00-04:00),86.1
FCST-00969,COR-097,2026-09-20,40,Off-Peak,98.1
FCST-00970,COR-012,2026-10-01,41,Afternoon (12:00-18:00),93.4
FCST-00971,COR-028,2026-09-06,40,Morning (06:00-12:00),87.7
FCST-00972,COR-044,2026-09-08,11,Afternoon (12:00-18:00),86.3
FCST-00973,COR-007,2026-09-19,12,Morning (06:00-12:00),86.0
FCST-00974,COR-089,2026-09-28,26,Afternoon (12:00-18:00),86.3
FCST-00975,COR-069,2026-09-13,17,Off-Peak,88.7
FCST-00976,COR-096,2026-09-13,14,Afternoon (12:00-18:00),97.0
FCST-00977,COR-048,2026-09-30,18,Night (22:00-04:00),89.8
FCST-00978,COR-066,2026-09-20,21,Night (22:00-04:00),94.5
FCST-00979,COR-039,2026-09-29,29,Night (22:00-04:00),95.3
FCST-00980,COR-003,2026-09-25,38,Off-Peak,90.5
FCST-00981,COR-029,2026-09-24,13,Off-Peak,85.9
FCST-00982,COR-038,2026-09-19,31,Off-Peak,81.9
FCST-00983,COR-073,2026-09-12,21,Afternoon (12:00-18:00),84.0
FCST-00984,COR-007,2026-09-14,15,Night (22:00-04:00),86.9
FCST-00985,COR-021,2026-09-26,9,Off-Peak,86.0
FCST-00986,COR-100,2026-09-04,19,Morning (06:00-12:00),93.9
FCST-00987,COR-044,2026-09-30,42,Off-Peak,92.8
FCST-00988,COR-035,2026-09-05,41,Afternoon (12:00-18:00),89.3
FCST-00989,COR-034,2026-09-22,35,Afternoon (12:00-18:00),86.5
FCST-00990,COR-040,2026-10-03,24,Afternoon (12:00-18:00),81.0
FCST-00991,COR-093,2026-09-22,42,Night (22:00-04:00),96.6
FCST-00992,COR-011,2026-09-08,9,Afternoon (12:00-18:00),97.5
FCST-00993,COR-050,2026-09-20,11,Night (22:00-04:00),82.2
FCST-00994,COR-003,2026-09-16,10,Night (22:00-04:00),85.4
FCST-00995,COR-071,2026-10-01,13,Afternoon (12:00-18:00),79.3
FCST-00996,COR-055,2026-09-08,20,Night (22:00-04:00),86.3
FCST-00997,COR-003,2026-09-18,45,Afternoon (12:00-18:00),79.8
FCST-00998,COR-007,2026-09-13,26,Morning (06:00-12:00),84.4
FCST-00999,COR-001,2026-09-19,35,Afternoon (12:00-18:00),81.0
FCST-01000,COR-038,2026-09-16,17,Night (22:00-04:00),82.4
FCST-01001,COR-009,2026-09-30,15,Afternoon (12:00-18:00),97.8
FCST-01002,COR-066,2026-09-17,39,Morning (06:00-12:00),82.5
FCST-01003,COR-068,2026-09-09,22,Afternoon (12:00-18:00),92.9
FCST-01004,COR-043,2026-09-12,19,Off-Peak,78.6
FCST-01005,COR-010,2026-09-22,27,Morning (06:00-12:00),87.1
FCST-01006,COR-041,2026-09-20,36,Afternoon (12:00-18:00),86.9
FCST-01007,COR-061,2026-09-22,35,Off-Peak,95.9
FCST-01008,COR-049,2026-10-03,30,Morning (06:00-12:00),89.8
FCST-01009,COR-092,2026-09-22,14,Afternoon (12:00-18:00),90.8
FCST-01010,COR-011,2026-10-04,27,Night (22:00-04:00),87.5
FCST-01011,COR-051,2026-09-05,17,Off-Peak,97.5
FCST-01012,COR-044,2026-09-12,8,Afternoon (12:00-18:00),94.1
FCST-01013,COR-071,2026-09-04,28,Morning (06:00-12:00),81.6
FCST-01014,COR-015,2026-09-09,19,Morning (06:00-12:00),91.8
FCST-01015,COR-002,2026-09-25,31,Night (22:00-04:00),92.0
FCST-01016,COR-013,2026-09-22,8,Night (22:00-04:00),86.4
FCST-01017,COR-067,2026-10-02,18,Afternoon (12:00-18:00),82.9
FCST-01018,COR-042,2026-09-23,9,Morning (06:00-12:00),94.2
FCST-01019,COR-031,2026-09-16,23,Morning (06:00-12:00),83.7
FCST-01020,COR-028,2026-09-07,30,Morning (06:00-12:00),97.7
FCST-01021,COR-058,2026-09-24,27,Morning (06:00-12:00),86.6
FCST-01022,COR-006,2026-10-04,29,Morning (06:00-12:00),81.0
FCST-01023,COR-056,2026-09-07,31,Afternoon (12:00-18:00),90.4
FCST-01024,COR-014,2026-09-05,39,Night (22:00-04:00),84.5
FCST-01025,COR-091,2026-09-10,9,Off-Peak,83.9
FCST-01026,COR-078,2026-09-07,43,Afternoon (12:00-18:00),81.1
FCST-01027,COR-077,2026-09-24,21,Off-Peak,82.7
FCST-01028,COR-032,2026-09-18,12,Night (22:00-04:00),81.1
FCST-01029,COR-084,2026-09-28,33,Morning (06:00-12:00),89.0
FCST-01030,COR-010,2026-09-07,36,Off-Peak,88.3
FCST-01031,COR-033,2026-09-21,31,Morning (06:00-12:00),90.6
FCST-01032,COR-062,2026-09-13,14,Morning (06:00-12:00),81.0
FCST-01033,COR-098,2026-09-10,32,Morning (06:00-12:00),96.7
FCST-01034,COR-050,2026-09-29,34,Morning (06:00-12:00),97.3
FCST-01035,COR-029,2026-09-24,24,Afternoon (12:00-18:00),96.8
FCST-01036,COR-008,2026-10-01,13,Afternoon (12:00-18:00),83.5
FCST-01037,COR-016,2026-09-04,39,Night (22:00-04:00),96.0
FCST-01038,COR-077,2026-09-27,36,Morning (06:00-12:00),95.9
FCST-01039,COR-024,2026-09-09,38,Afternoon (12:00-18:00),85.6
FCST-01040,COR-029,2026-09-23,11,Afternoon (12:00-18:00),79.0
FCST-01041,COR-082,2026-09-20,30,Night (22:00-04:00),92.4
FCST-01042,COR-096,2026-10-02,44,Off-Peak,81.1
FCST-01043,COR-085,2026-09-19,37,Afternoon (12:00-18:00),85.3
FCST-01044,COR-044,2026-09-22,41,Afternoon (12:00-18:00),95.1
FCST-01045,COR-005,2026-09-04,21,Night (22:00-04:00),87.1
FCST-01046,COR-016,2026-09-22,36,Afternoon (12:00-18:00),89.3
FCST-01047,COR-090,2026-09-22,19,Morning (06:00-12:00),90.0
FCST-01048,COR-089,2026-09-09,24,Off-Peak,87.6
FCST-01049,COR-011,2026-09-27,20,Morning (06:00-12:00),80.7
FCST-01050,COR-060,2026-09-20,24,Night (22:00-04:00),91.9
FCST-01051,COR-100,2026-09-21,18,Morning (06:00-12:00),93.4
FCST-01052,COR-015,2026-09-18,34,Off-Peak,80.7
FCST-01053,COR-082,2026-10-02,30,Off-Peak,81.2
FCST-01054,COR-090,2026-09-16,19,Night (22:00-04:00),85.6
FCST-01055,COR-098,2026-09-04,10,Afternoon (12:00-18:00),88.3
FCST-01056,COR-049,2026-09-19,13,Morning (06:00-12:00),83.7
FCST-01057,COR-006,2026-09-13,33,Night (22:00-04:00),89.9
FCST-01058,COR-003,2026-09-22,35,Off-Peak,84.5
FCST-01059,COR-010,2026-09-06,45,Morning (06:00-12:00),88.3
FCST-01060,COR-002,2026-09-28,8,Morning (06:00-12:00),97.4
FCST-01061,COR-096,2026-09-20,32,Afternoon (12:00-18:00),82.3
FCST-01062,COR-079,2026-09-24,43,Morning (06:00-12:00),81.1
FCST-01063,COR-085,2026-10-03,22,Night (22:00-04:00),94.2
FCST-01064,COR-058,2026-09-06,44,Night (22:00-04:00),83.7
FCST-01065,COR-039,2026-09-21,9,Night (22:00-04:00),89.8
FCST-01066,COR-078,2026-09-10,43,Night (22:00-04:00),88.0
FCST-01067,COR-043,2026-09-06,26,Off-Peak,81.7
FCST-01068,COR-027,2026-10-03,38,Night (22:00-04:00),88.8
FCST-01069,COR-100,2026-09-22,24,Afternoon (12:00-18:00),91.8
FCST-01070,COR-043,2026-09-20,21,Morning (06:00-12:00),96.3
FCST-01071,COR-007,2026-09-07,44,Night (22:00-04:00),93.8
FCST-01072,COR-008,2026-09-17,42,Night (22:00-04:00),95.3
FCST-01073,COR-097,2026-09-06,16,Afternoon (12:00-18:00),89.8
FCST-01074,COR-033,2026-09-27,16,Morning (06:00-12:00),85.4
FCST-01075,COR-042,2026-09-07,42,Morning (06:00-12:00),92.7
FCST-01076,COR-067,2026-09-12,44,Morning (06:00-12:00),88.1
FCST-01077,COR-042,2026-09-25,42,Afternoon (12:00-18:00),81.2
FCST-01078,COR-008,2026-09-11,17,Night (22:00-04:00),97.7
FCST-01079,COR-006,2026-10-04,30,Off-Peak,90.6
FCST-01080,COR-059,2026-09-07,36,Afternoon (12:00-18:00),93.2
FCST-01081,COR-094,2026-09-24,31,Morning (06:00-12:00),79.6
FCST-01082,COR-077,2026-10-03,17,Off-Peak,82.9
FCST-01083,COR-014,2026-09-07,34,Night (22:00-04:00),87.7
FCST-01084,COR-069,2026-09-16,42,Off-Peak,87.1
FCST-01085,COR-007,2026-09-08,37,Night (22:00-04:00),98.1
FCST-01086,COR-084,2026-09-15,23,Morning (06:00-12:00),79.6
FCST-01087,COR-052,2026-09-27,45,Morning (06:00-12:00),90.1
FCST-01088,COR-071,2026-09-14,8,Morning (06:00-12:00),80.7
FCST-01089,COR-054,2026-09-26,31,Off-Peak,97.1
FCST-01090,COR-096,2026-09-21,19,Night (22:00-04:00),91.4
FCST-01091,COR-070,2026-09-12,22,Afternoon (12:00-18:00),92.3
FCST-01092,COR-064,2026-09-05,42,Afternoon (12:00-18:00),94.2
FCST-01093,COR-066,2026-10-02,15,Night (22:00-04:00),95.3
FCST-01094,COR-048,2026-09-15,39,Morning (06:00-12:00),84.7
FCST-01095,COR-031,2026-09-14,44,Off-Peak,81.1
FCST-01096,COR-077,2026-09-15,24,Night (22:00-04:00),82.5
FCST-01097,COR-054,2026-09-26,23,Morning (06:00-12:00),83.8
FCST-01098,COR-022,2026-09-11,14,Morning (06:00-12:00),86.1
FCST-01099,COR-059,2026-10-01,35,Afternoon (12:00-18:00),83.6
FCST-01100,COR-091,2026-09-14,18,Afternoon (12:00-18:00),84.3
FCST-01101,COR-069,2026-09-24,24,Night (22:00-04:00),86.6
FCST-01102,COR-027,2026-09-29,25,Off-Peak,97.7
FCST-01103,COR-002,2026-10-04,21,Off-Peak,96.4
FCST-01104,COR-004,2026-09-29,24,Afternoon (12:00-18:00),83.4
FCST-01105,COR-038,2026-09-08,13,Morning (06:00-12:00),89.6
FCST-01106,COR-069,2026-09-05,11,Morning (06:00-12:00),80.7
FCST-01107,COR-057,2026-09-20,12,Off-Peak,83.0
FCST-01108,COR-004,2026-09-27,32,Night (22:00-04:00),94.6
FCST-01109,COR-089,2026-09-22,13,Night (22:00-04:00),91.6
FCST-01110,COR-059,2026-09-11,45,Off-Peak,96.3
FCST-01111,COR-054,2026-09-11,17,Morning (06:00-12:00),91.4
FCST-01112,COR-095,2026-09-18,12,Afternoon (12:00-18:00),78.6
FCST-01113,COR-056,2026-09-10,8,Off-Peak,86.5
FCST-01114,COR-034,2026-09-06,38,Afternoon (12:00-18:00),86.7
FCST-01115,COR-056,2026-09-07,18,Off-Peak,94.0
FCST-01116,COR-033,2026-09-06,29,Night (22:00-04:00),83.1
FCST-01117,COR-080,2026-10-02,39,Morning (06:00-12:00),86.8
FCST-01118,COR-095,2026-10-01,28,Off-Peak,87.7
FCST-01119,COR-053,2026-09-06,8,Afternoon (12:00-18:00),91.8
FCST-01120,COR-008,2026-09-23,15,Afternoon (12:00-18:00),96.3
FCST-01121,COR-012,2026-09-21,37,Night (22:00-04:00),94.6
FCST-01122,COR-064,2026-09-16,15,Afternoon (12:00-18:00),80.7
FCST-01123,COR-009,2026-09-15,14,Night (22:00-04:00),82.1
FCST-01124,COR-021,2026-09-27,34,Morning (06:00-12:00),92.7
FCST-01125,COR-024,2026-10-03,14,Off-Peak,83.2
FCST-01126,COR-069,2026-09-23,26,Off-Peak,90.2
FCST-01127,COR-020,2026-09-27,15,Off-Peak,87.1
FCST-01128,COR-003,2026-09-06,36,Afternoon (12:00-18:00),82.8
FCST-01129,COR-077,2026-09-28,45,Afternoon (12:00-18:00),88.6
FCST-01130,COR-051,2026-10-03,22,Night (22:00-04:00),87.2
FCST-01131,COR-013,2026-09-15,42,Night (22:00-04:00),91.4
FCST-01132,COR-028,2026-09-21,13,Off-Peak,91.9
FCST-01133,COR-044,2026-09-19,29,Afternoon (12:00-18:00),89.3
FCST-01134,COR-038,2026-09-13,24,Night (22:00-04:00),85.8
FCST-01135,COR-055,2026-09-13,37,Night (22:00-04:00),85.3
FCST-01136,COR-013,2026-09-24,36,Morning (06:00-12:00),94.8
FCST-01137,COR-011,2026-10-04,13,Night (22:00-04:00),83.0
FCST-01138,COR-049,2026-09-24,13,Night (22:00-04:00),93.5
FCST-01139,COR-015,2026-09-11,32,Morning (06:00-12:00),91.6
FCST-01140,COR-054,2026-09-13,19,Off-Peak,85.3
FCST-01141,COR-008,2026-09-11,40,Night (22:00-04:00),86.0
FCST-01142,COR-060,2026-09-29,32,Afternoon (12:00-18:00),95.1
FCST-01143,COR-009,2026-09-09,17,Off-Peak,85.8
FCST-01144,COR-045,2026-09-15,37,Afternoon (12:00-18:00),79.3
FCST-01145,COR-020,2026-09-30,15,Off-Peak,95.2
FCST-01146,COR-018,2026-09-29,19,Night (22:00-04:00),89.6
FCST-01147,COR-007,2026-09-28,23,Night (22:00-04:00),89.6
FCST-01148,COR-037,2026-09-23,42,Morning (06:00-12:00),79.9
FCST-01149,COR-052,2026-09-15,9,Night (22:00-04:00),85.3
FCST-01150,COR-064,2026-09-24,13,Morning (06:00-12:00),91.7
FCST-01151,COR-014,2026-09-13,12,Afternoon (12:00-18:00),96.6
FCST-01152,COR-020,2026-10-03,16,Morning (06:00-12:00),88.2
FCST-01153,COR-087,2026-09-22,14,Afternoon (12:00-18:00),93.8
FCST-01154,COR-087,2026-09-22,34,Afternoon (12:00-18:00),89.0
FCST-01155,COR-030,2026-09-04,29,Night (22:00-04:00),80.0
FCST-01156,COR-089,2026-09-18,11,Afternoon (12:00-18:00),93.9
FCST-01157,COR-014,2026-09-30,41,Off-Peak,80.0
FCST-01158,COR-056,2026-09-06,31,Morning (06:00-12:00),91.5
FCST-01159,COR-048,2026-09-27,28,Morning (06:00-12:00),88.8
FCST-01160,COR-097,2026-09-08,26,Off-Peak,82.8
FCST-01161,COR-010,2026-09-30,37,Afternoon (12:00-18:00),93.6
FCST-01162,COR-068,2026-09-09,27,Afternoon (12:00-18:00),90.9
FCST-01163,COR-026,2026-09-23,22,Afternoon (12:00-18:00),86.1
FCST-01164,COR-021,2026-09-20,9,Off-Peak,91.6
FCST-01165,COR-047,2026-10-04,22,Afternoon (12:00-18:00),98.2
FCST-01166,COR-042,2026-09-28,16,Night (22:00-04:00),93.0
FCST-01167,COR-084,2026-09-19,10,Afternoon (12:00-18:00),88.4
FCST-01168,COR-096,2026-10-04,27,Morning (06:00-12:00),89.6
FCST-01169,COR-060,2026-09-23,30,Morning (06:00-12:00),96.5
FCST-01170,COR-044,2026-10-01,44,Off-Peak,94.4
FCST-01171,COR-019,2026-09-04,38,Morning (06:00-12:00),92.0
FCST-01172,COR-097,2026-09-21,12,Afternoon (12:00-18:00),96.2
FCST-01173,COR-067,2026-09-19,45,Night (22:00-04:00),85.0
FCST-01174,COR-016,2026-09-21,38,Morning (06:00-12:00),79.6
FCST-01175,COR-083,2026-10-02,17,Morning (06:00-12:00),89.8
FCST-01176,COR-089,2026-09-29,16,Off-Peak,91.7
FCST-01177,COR-035,2026-09-29,19,Off-Peak,92.6
FCST-01178,COR-090,2026-09-29,25,Night (22:00-04:00),97.8
FCST-01179,COR-073,2026-09-29,8,Afternoon (12:00-18:00),91.5
FCST-01180,COR-035,2026-10-02,31,Off-Peak,78.8
FCST-01181,COR-047,2026-09-15,13,Afternoon (12:00-18:00),84.7
FCST-01182,COR-098,2026-09-14,11,Night (22:00-04:00),86.5
FCST-01183,COR-001,2026-09-19,19,Morning (06:00-12:00),80.0
FCST-01184,COR-084,2026-09-07,13,Morning (06:00-12:00),85.8
FCST-01185,COR-019,2026-09-24,17,Off-Peak,93.1
FCST-01186,COR-054,2026-09-07,16,Morning (06:00-12:00),90.8
FCST-01187,COR-068,2026-09-05,34,Afternoon (12:00-18:00),81.1
FCST-01188,COR-088,2026-09-28,11,Night (22:00-04:00),83.6
FCST-01189,COR-041,2026-09-27,19,Morning (06:00-12:00),85.5
FCST-01190,COR-067,2026-09-22,10,Morning (06:00-12:00),91.6
FCST-01191,COR-086,2026-09-22,18,Morning (06:00-12:00),96.3
FCST-01192,COR-085,2026-09-28,36,Night (22:00-04:00),89.7
FCST-01193,COR-034,2026-09-27,25,Night (22:00-04:00),79.2
FCST-01194,COR-039,2026-09-10,24,Off-Peak,92.4
FCST-01195,COR-041,2026-10-01,21,Off-Peak,83.8
FCST-01196,COR-055,2026-09-18,8,Night (22:00-04:00),94.5
FCST-01197,COR-080,2026-09-24,24,Night (22:00-04:00),80.3
FCST-01198,COR-018,2026-09-20,9,Afternoon (12:00-18:00),96.7
FCST-01199,COR-091,2026-09-12,9,Night (22:00-04:00),94.0
FCST-01200,COR-034,2026-09-21,44,Off-Peak,80.7
FCST-01201,COR-048,2026-09-09,24,Off-Peak,78.8
FCST-01202,COR-064,2026-09-23,28,Afternoon (12:00-18:00),79.5
FCST-01203,COR-100,2026-09-17,43,Morning (06:00-12:00),84.2
FCST-01204,COR-068,2026-09-26,21,Morning (06:00-12:00),81.1
FCST-01205,COR-062,2026-09-28,29,Afternoon (12:00-18:00),97.6
FCST-01206,COR-002,2026-09-12,42,Night (22:00-04:00),85.0
FCST-01207,COR-051,2026-09-15,26,Night (22:00-04:00),92.9
FCST-01208,COR-093,2026-09-27,41,Off-Peak,87.4
FCST-01209,COR-073,2026-10-02,17,Afternoon (12:00-18:00),90.9
FCST-01210,COR-094,2026-10-01,40,Off-Peak,82.0
FCST-01211,COR-093,2026-09-30,26,Afternoon (12:00-18:00),91.8
FCST-01212,COR-008,2026-09-11,28,Morning (06:00-12:00),83.1
FCST-01213,COR-072,2026-10-03,8,Night (22:00-04:00),86.7
FCST-01214,COR-004,2026-09-05,23,Off-Peak,95.8
FCST-01215,COR-025,2026-09-12,45,Night (22:00-04:00),83.8
FCST-01216,COR-077,2026-09-22,11,Afternoon (12:00-18:00),91.6
FCST-01217,COR-011,2026-10-04,9,Off-Peak,90.1
FCST-01218,COR-098,2026-09-24,22,Off-Peak,85.9
FCST-01219,COR-050,2026-09-25,24,Afternoon (12:00-18:00),96.8
FCST-01220,COR-038,2026-09-09,27,Night (22:00-04:00),95.5
FCST-01221,COR-068,2026-09-07,21,Night (22:00-04:00),97.8
FCST-01222,COR-026,2026-09-04,27,Afternoon (12:00-18:00),83.0
FCST-01223,COR-089,2026-09-05,26,Off-Peak,78.9
FCST-01224,COR-004,2026-09-05,35,Night (22:00-04:00),90.6
FCST-01225,COR-023,2026-09-22,33,Night (22:00-04:00),95.3
FCST-01226,COR-030,2026-09-11,42,Night (22:00-04:00),95.1
FCST-01227,COR-055,2026-09-22,8,Night (22:00-04:00),84.0
FCST-01228,COR-007,2026-10-01,10,Off-Peak,82.3
FCST-01229,COR-099,2026-10-03,16,Off-Peak,87.4
FCST-01230,COR-037,2026-09-26,32,Morning (06:00-12:00),95.7
FCST-01231,COR-061,2026-09-11,22,Afternoon (12:00-18:00),86.7
FCST-01232,COR-006,2026-09-25,19,Afternoon (12:00-18:00),83.1
FCST-01233,COR-075,2026-09-13,10,Afternoon (12:00-18:00),97.6
FCST-01234,COR-033,2026-09-29,21,Morning (06:00-12:00),98.1
FCST-01235,COR-031,2026-09-23,39,Afternoon (12:00-18:00),89.6
FCST-01236,COR-002,2026-09-20,35,Night (22:00-04:00),85.2
FCST-01237,COR-016,2026-10-02,25,Afternoon (12:00-18:00),97.3
FCST-01238,COR-019,2026-10-04,27,Off-Peak,87.1
FCST-01239,COR-077,2026-09-24,17,Afternoon (12:00-18:00),92.6
FCST-01240,COR-057,2026-09-09,20,Off-Peak,78.7
FCST-01241,COR-038,2026-09-17,43,Afternoon (12:00-18:00),84.4
FCST-01242,COR-002,2026-09-28,45,Off-Peak,84.0
FCST-01243,COR-031,2026-09-07,18,Off-Peak,97.4
FCST-01244,COR-080,2026-09-23,38,Night (22:00-04:00),83.4
FCST-01245,COR-095,2026-09-06,44,Afternoon (12:00-18:00),86.4
FCST-01246,COR-011,2026-09-10,9,Night (22:00-04:00),97.1
FCST-01247,COR-054,2026-09-07,11,Night (22:00-04:00),81.3
FCST-01248,COR-082,2026-09-20,45,Night (22:00-04:00),79.9
FCST-01249,COR-044,2026-09-24,41,Afternoon (12:00-18:00),81.3
FCST-01250,COR-051,2026-09-20,8,Afternoon (12:00-18:00),79.8
FCST-01251,COR-045,2026-09-27,39,Night (22:00-04:00),90.4
FCST-01252,COR-038,2026-09-26,26,Afternoon (12:00-18:00),91.1
FCST-01253,COR-017,2026-09-12,34,Afternoon (12:00-18:00),79.7
FCST-01254,COR-087,2026-09-09,13,Off-Peak,94.0
FCST-01255,COR-026,2026-09-29,39,Off-Peak,90.3
FCST-01256,COR-075,2026-09-20,35,Off-Peak,97.0
FCST-01257,COR-029,2026-09-13,25,Afternoon (12:00-18:00),97.7
FCST-01258,COR-049,2026-09-25,34,Afternoon (12:00-18:00),86.4
FCST-01259,COR-043,2026-09-25,12,Night (22:00-04:00),88.4
FCST-01260,COR-065,2026-09-14,21,Morning (06:00-12:00),90.5
FCST-01261,COR-014,2026-09-14,35,Night (22:00-04:00),79.2
FCST-01262,COR-094,2026-09-07,8,Afternoon (12:00-18:00),83.2
FCST-01263,COR-065,2026-09-17,43,Afternoon (12:00-18:00),96.0
FCST-01264,COR-073,2026-09-30,45,Night (22:00-04:00),81.0
FCST-01265,COR-032,2026-09-21,36,Afternoon (12:00-18:00),89.8
FCST-01266,COR-040,2026-09-12,38,Off-Peak,86.6
FCST-01267,COR-012,2026-09-18,34,Afternoon (12:00-18:00),84.1
FCST-01268,COR-086,2026-09-08,39,Afternoon (12:00-18:00),87.6
FCST-01269,COR-062,2026-09-16,26,Afternoon (12:00-18:00),98.1
FCST-01270,COR-069,2026-09-28,34,Night (22:00-04:00),86.8
FCST-01271,COR-050,2026-09-08,27,Off-Peak,91.5
FCST-01272,COR-079,2026-09-26,43,Night (22:00-04:00),95.7
FCST-01273,COR-079,2026-10-02,25,Afternoon (12:00-18:00),94.3
FCST-01274,COR-072,2026-09-06,45,Morning (06:00-12:00),94.5
FCST-01275,COR-044,2026-10-03,28,Off-Peak,90.5
FCST-01276,COR-058,2026-09-23,28,Afternoon (12:00-18:00),81.0
FCST-01277,COR-046,2026-09-30,8,Night (22:00-04:00),89.4
FCST-01278,COR-070,2026-10-03,16,Morning (06:00-12:00),86.2
FCST-01279,COR-076,2026-09-18,28,Night (22:00-04:00),80.7
FCST-01280,COR-049,2026-09-28,44,Afternoon (12:00-18:00),91.5
FCST-01281,COR-100,2026-10-01,25,Night (22:00-04:00),80.1
FCST-01282,COR-099,2026-09-23,45,Off-Peak,79.7
FCST-01283,COR-069,2026-09-19,35,Night (22:00-04:00),79.4
FCST-01284,COR-014,2026-09-27,15,Night (22:00-04:00),87.5
FCST-01285,COR-018,2026-09-21,39,Night (22:00-04:00),89.1
FCST-01286,COR-039,2026-09-27,12,Morning (06:00-12:00),81.1
FCST-01287,COR-026,2026-09-26,22,Morning (06:00-12:00),95.7
FCST-01288,COR-089,2026-09-08,26,Off-Peak,87.7
FCST-01289,COR-008,2026-09-22,38,Afternoon (12:00-18:00),80.8
FCST-01290,COR-049,2026-09-06,11,Night (22:00-04:00),91.4
FCST-01291,COR-070,2026-09-30,30,Morning (06:00-12:00),89.8
FCST-01292,COR-095,2026-09-29,12,Off-Peak,92.3
FCST-01293,COR-056,2026-09-20,13,Off-Peak,90.1
FCST-01294,COR-061,2026-09-18,35,Off-Peak,89.9
FCST-01295,COR-004,2026-09-13,19,Night (22:00-04:00),92.6
FCST-01296,COR-030,2026-09-21,27,Morning (06:00-12:00),93.8
FCST-01297,COR-059,2026-09-14,24,Off-Peak,90.1
FCST-01298,COR-015,2026-09-13,42,Night (22:00-04:00),90.7
FCST-01299,COR-074,2026-09-30,19,Off-Peak,87.3
FCST-01300,COR-033,2026-09-08,12,Off-Peak,82.4
FCST-01301,COR-029,2026-09-28,10,Morning (06:00-12:00),97.4
FCST-01302,COR-098,2026-09-23,25,Morning (06:00-12:00),81.4
FCST-01303,COR-057,2026-09-08,36,Night (22:00-04:00),95.4
FCST-01304,COR-084,2026-09-18,13,Afternoon (12:00-18:00),92.2
FCST-01305,COR-082,2026-09-05,33,Night (22:00-04:00),88.8
FCST-01306,COR-030,2026-09-20,21,Night (22:00-04:00),85.9
FCST-01307,COR-083,2026-10-01,36,Night (22:00-04:00),91.6
FCST-01308,COR-090,2026-09-19,8,Morning (06:00-12:00),88.7
FCST-01309,COR-059,2026-09-26,33,Night (22:00-04:00),96.3
FCST-01310,COR-084,2026-09-21,41,Afternoon (12:00-18:00),82.3
FCST-01311,COR-084,2026-09-23,35,Off-Peak,83.1
FCST-01312,COR-074,2026-09-28,40,Night (22:00-04:00),84.5
FCST-01313,COR-053,2026-10-01,31,Afternoon (12:00-18:00),80.5
FCST-01314,COR-025,2026-09-12,22,Afternoon (12:00-18:00),86.0
FCST-01315,COR-013,2026-09-09,21,Morning (06:00-12:00),92.9
FCST-01316,COR-008,2026-09-05,45,Off-Peak,87.5
FCST-01317,COR-019,2026-09-04,27,Night (22:00-04:00),87.2
FCST-01318,COR-091,2026-09-24,31,Night (22:00-04:00),93.1
FCST-01319,COR-013,2026-10-03,25,Morning (06:00-12:00),78.9
FCST-01320,COR-028,2026-09-06,37,Night (22:00-04:00),89.2
FCST-01321,COR-029,2026-09-22,10,Night (22:00-04:00),87.8
FCST-01322,COR-030,2026-09-06,15,Afternoon (12:00-18:00),83.9
FCST-01323,COR-068,2026-09-04,39,Night (22:00-04:00),97.0
FCST-01324,COR-042,2026-09-28,11,Night (22:00-04:00),97.8
FCST-01325,COR-001,2026-09-23,24,Morning (06:00-12:00),83.7
FCST-01326,COR-037,2026-09-20,30,Night (22:00-04:00),97.6
FCST-01327,COR-087,2026-09-17,8,Night (22:00-04:00),82.2
FCST-01328,COR-001,2026-09-30,38,Morning (06:00-12:00),80.0
FCST-01329,COR-036,2026-09-27,45,Off-Peak,89.1
FCST-01330,COR-089,2026-09-15,37,Night (22:00-04:00),82.2
FCST-01331,COR-031,2026-09-09,19,Morning (06:00-12:00),95.2
FCST-01332,COR-072,2026-09-19,22,Morning (06:00-12:00),95.9
FCST-01333,COR-036,2026-10-02,39,Night (22:00-04:00),89.0
FCST-01334,COR-055,2026-09-06,41,Off-Peak,95.4
FCST-01335,COR-085,2026-09-12,36,Morning (06:00-12:00),80.8
FCST-01336,COR-038,2026-09-15,23,Night (22:00-04:00),90.3
FCST-01337,COR-092,2026-09-30,21,Morning (06:00-12:00),97.1
FCST-01338,COR-055,2026-09-27,44,Night (22:00-04:00),89.1
FCST-01339,COR-059,2026-09-06,33,Afternoon (12:00-18:00),95.8
FCST-01340,COR-001,2026-10-03,16,Morning (06:00-12:00),85.6
FCST-01341,COR-027,2026-09-04,34,Off-Peak,84.2
FCST-01342,COR-056,2026-09-29,22,Night (22:00-04:00),86.4
FCST-01343,COR-008,2026-09-06,39,Morning (06:00-12:00),84.4
FCST-01344,COR-072,2026-09-07,45,Off-Peak,80.0
FCST-01345,COR-013,2026-10-01,36,Off-Peak,90.8
FCST-01346,COR-069,2026-09-24,8,Morning (06:00-12:00),90.0
FCST-01347,COR-089,2026-09-13,35,Afternoon (12:00-18:00),92.3
FCST-01348,COR-092,2026-09-30,26,Afternoon (12:00-18:00),92.1
FCST-01349,COR-050,2026-09-06,23,Morning (06:00-12:00),96.5
FCST-01350,COR-090,2026-09-18,9,Off-Peak,85.5
FCST-01351,COR-078,2026-09-08,33,Off-Peak,78.6
FCST-01352,COR-052,2026-09-05,8,Night (22:00-04:00),80.3
FCST-01353,COR-081,2026-09-13,17,Afternoon (12:00-18:00),95.1
FCST-01354,COR-020,2026-09-09,44,Off-Peak,93.6
FCST-01355,COR-046,2026-09-28,34,Off-Peak,94.4
FCST-01356,COR-060,2026-09-29,42,Afternoon (12:00-18:00),81.0
FCST-01357,COR-067,2026-09-25,38,Afternoon (12:00-18:00),97.8
FCST-01358,COR-047,2026-09-15,30,Morning (06:00-12:00),78.6
FCST-01359,COR-074,2026-09-12,21,Night (22:00-04:00),82.8
FCST-01360,COR-013,2026-09-19,36,Afternoon (12:00-18:00),84.1
FCST-01361,COR-013,2026-10-03,14,Afternoon (12:00-18:00),95.3
FCST-01362,COR-052,2026-09-10,18,Night (22:00-04:00),89.6
FCST-01363,COR-040,2026-09-27,42,Night (22:00-04:00),87.4
FCST-01364,COR-088,2026-09-09,30,Off-Peak,87.9
FCST-01365,COR-015,2026-10-03,45,Morning (06:00-12:00),82.9
FCST-01366,COR-095,2026-09-16,33,Off-Peak,92.9
FCST-01367,COR-035,2026-09-20,36,Morning (06:00-12:00),89.8
FCST-01368,COR-037,2026-09-27,11,Afternoon (12:00-18:00),88.5
FCST-01369,COR-043,2026-09-27,39,Night (22:00-04:00),82.2
FCST-01370,COR-074,2026-09-28,27,Morning (06:00-12:00),88.7
FCST-01371,COR-047,2026-09-25,39,Afternoon (12:00-18:00),79.9
FCST-01372,COR-011,2026-09-27,20,Morning (06:00-12:00),80.7
FCST-01373,COR-052,2026-09-19,32,Night (22:00-04:00),88.6
FCST-01374,COR-074,2026-09-17,17,Night (22:00-04:00),79.5
FCST-01375,COR-074,2026-09-17,38,Morning (06:00-12:00),96.3
FCST-01376,COR-053,2026-09-07,20,Morning (06:00-12:00),81.9
FCST-01377,COR-004,2026-09-25,42,Morning (06:00-12:00),83.3
FCST-01378,COR-098,2026-10-04,10,Night (22:00-04:00),82.2
FCST-01379,COR-007,2026-09-25,37,Afternoon (12:00-18:00),83.5
FCST-01380,COR-066,2026-09-26,29,Morning (06:00-12:00),91.1
FCST-01381,COR-046,2026-09-13,13,Morning (06:00-12:00),83.9
FCST-01382,COR-036,2026-09-21,27,Morning (06:00-12:00),90.9
FCST-01383,COR-042,2026-09-16,25,Off-Peak,93.7
FCST-01384,COR-049,2026-09-27,11,Morning (06:00-12:00),80.5
FCST-01385,COR-057,2026-10-01,41,Night (22:00-04:00),92.2
FCST-01386,COR-031,2026-09-18,28,Afternoon (12:00-18:00),79.0
FCST-01387,COR-090,2026-10-01,45,Night (22:00-04:00),92.7
FCST-01388,COR-061,2026-10-02,29,Afternoon (12:00-18:00),78.9
FCST-01389,COR-056,2026-09-29,30,Off-Peak,87.6
FCST-01390,COR-026,2026-09-07,25,Afternoon (12:00-18:00),80.4
FCST-01391,COR-001,2026-09-08,34,Morning (06:00-12:00),85.8
FCST-01392,COR-008,2026-09-22,16,Off-Peak,94.1
FCST-01393,COR-088,2026-09-10,19,Afternoon (12:00-18:00),81.3
FCST-01394,COR-088,2026-10-02,19,Afternoon (12:00-18:00),92.9
FCST-01395,COR-076,2026-09-19,10,Off-Peak,92.8
FCST-01396,COR-016,2026-09-20,35,Off-Peak,98.1
FCST-01397,COR-058,2026-09-26,43,Night (22:00-04:00),91.8
FCST-01398,COR-035,2026-10-03,29,Morning (06:00-12:00),87.4
FCST-01399,COR-028,2026-09-13,39,Night (22:00-04:00),80.4
FCST-01400,COR-096,2026-10-01,32,Night (22:00-04:00),85.9
FCST-01401,COR-072,2026-09-08,19,Off-Peak,88.8
FCST-01402,COR-086,2026-09-24,15,Morning (06:00-12:00),97.6
FCST-01403,COR-033,2026-10-04,44,Off-Peak,89.5
FCST-01404,COR-024,2026-10-04,43,Afternoon (12:00-18:00),94.2
FCST-01405,COR-009,2026-09-27,36,Afternoon (12:00-18:00),82.9
FCST-01406,COR-078,2026-09-24,30,Off-Peak,93.1
FCST-01407,COR-029,2026-09-10,45,Morning (06:00-12:00),94.1
FCST-01408,COR-087,2026-09-28,35,Night (22:00-04:00),94.9
FCST-01409,COR-006,2026-09-29,38,Morning (06:00-12:00),94.0
FCST-01410,COR-005,2026-09-07,30,Night (22:00-04:00),98.1
FCST-01411,COR-095,2026-09-21,19,Night (22:00-04:00),97.2
FCST-01412,COR-072,2026-09-04,21,Afternoon (12:00-18:00),96.9
FCST-01413,COR-002,2026-10-03,31,Morning (06:00-12:00),88.7
FCST-01414,COR-070,2026-09-08,36,Morning (06:00-12:00),83.9
FCST-01415,COR-013,2026-09-20,8,Morning (06:00-12:00),89.4
FCST-01416,COR-062,2026-09-04,24,Morning (06:00-12:00),96.3
FCST-01417,COR-099,2026-09-12,25,Morning (06:00-12:00),92.0
FCST-01418,COR-090,2026-09-11,28,Off-Peak,89.6
FCST-01419,COR-035,2026-09-29,12,Morning (06:00-12:00),84.6
FCST-01420,COR-047,2026-09-05,38,Morning (06:00-12:00),95.3
FCST-01421,COR-099,2026-09-21,29,Off-Peak,81.2
FCST-01422,COR-089,2026-09-13,19,Afternoon (12:00-18:00),82.9
FCST-01423,COR-078,2026-09-20,14,Morning (06:00-12:00),92.1
FCST-01424,COR-006,2026-09-06,45,Afternoon (12:00-18:00),80.9
FCST-01425,COR-080,2026-09-10,29,Morning (06:00-12:00),96.8
FCST-01426,COR-080,2026-09-26,31,Off-Peak,82.6
FCST-01427,COR-048,2026-09-30,30,Off-Peak,84.4
FCST-01428,COR-096,2026-09-23,29,Night (22:00-04:00),84.4
FCST-01429,COR-060,2026-09-22,37,Off-Peak,88.4
FCST-01430,COR-024,2026-09-06,22,Off-Peak,93.6
FCST-01431,COR-065,2026-09-25,30,Morning (06:00-12:00),79.0
FCST-01432,COR-048,2026-09-04,38,Night (22:00-04:00),85.0
FCST-01433,COR-085,2026-09-17,23,Night (22:00-04:00),85.9
FCST-01434,COR-036,2026-09-04,24,Afternoon (12:00-18:00),84.1
FCST-01435,COR-100,2026-09-05,29,Off-Peak,97.5
FCST-01436,COR-054,2026-09-04,38,Afternoon (12:00-18:00),79.3
FCST-01437,COR-097,2026-09-22,15,Night (22:00-04:00),90.2
FCST-01438,COR-099,2026-09-27,43,Off-Peak,92.5
FCST-01439,COR-025,2026-09-25,31,Night (22:00-04:00),93.7
FCST-01440,COR-090,2026-09-23,11,Morning (06:00-12:00),86.6
FCST-01441,COR-084,2026-09-06,17,Night (22:00-04:00),90.2
FCST-01442,COR-055,2026-10-02,35,Night (22:00-04:00),80.3
FCST-01443,COR-059,2026-09-13,32,Afternoon (12:00-18:00),90.6
FCST-01444,COR-088,2026-09-06,8,Afternoon (12:00-18:00),94.3
FCST-01445,COR-048,2026-09-16,41,Morning (06:00-12:00),85.3
FCST-01446,COR-055,2026-09-14,32,Night (22:00-04:00),79.3
FCST-01447,COR-068,2026-09-30,24,Night (22:00-04:00),86.1
FCST-01448,COR-099,2026-09-11,16,Off-Peak,92.9
FCST-01449,COR-070,2026-10-02,23,Afternoon (12:00-18:00),80.8
FCST-01450,COR-030,2026-09-19,14,Night (22:00-04:00),85.8
FCST-01451,COR-003,2026-09-24,28,Afternoon (12:00-18:00),84.0
FCST-01452,COR-085,2026-09-06,44,Morning (06:00-12:00),94.7
FCST-01453,COR-004,2026-09-08,18,Morning (06:00-12:00),78.6
FCST-01454,COR-087,2026-09-13,37,Afternoon (12:00-18:00),93.9
FCST-01455,COR-072,2026-09-07,31,Night (22:00-04:00),91.6
FCST-01456,COR-096,2026-10-03,21,Night (22:00-04:00),80.5
FCST-01457,COR-035,2026-10-04,33,Morning (06:00-12:00),85.6
FCST-01458,COR-037,2026-09-07,11,Night (22:00-04:00),94.4
FCST-01459,COR-045,2026-09-14,32,Afternoon (12:00-18:00),91.0
FCST-01460,COR-065,2026-09-30,29,Morning (06:00-12:00),88.3
FCST-01461,COR-036,2026-09-23,38,Afternoon (12:00-18:00),83.1
FCST-01462,COR-090,2026-09-12,16,Night (22:00-04:00),89.6
FCST-01463,COR-023,2026-09-27,14,Night (22:00-04:00),93.5
FCST-01464,COR-050,2026-09-27,19,Night (22:00-04:00),88.9
FCST-01465,COR-004,2026-09-13,29,Morning (06:00-12:00),86.5
FCST-01466,COR-027,2026-09-28,22,Off-Peak,82.6
FCST-01467,COR-021,2026-10-03,14,Night (22:00-04:00),86.3
FCST-01468,COR-086,2026-09-25,29,Morning (06:00-12:00),87.9
FCST-01469,COR-064,2026-09-08,43,Off-Peak,86.0
FCST-01470,COR-020,2026-09-20,38,Night (22:00-04:00),89.1
FCST-01471,COR-009,2026-09-28,22,Night (22:00-04:00),91.6
FCST-01472,COR-047,2026-09-22,29,Morning (06:00-12:00),94.7
FCST-01473,COR-090,2026-09-27,20,Night (22:00-04:00),87.8
FCST-01474,COR-024,2026-09-23,10,Night (22:00-04:00),92.7
FCST-01475,COR-017,2026-09-13,40,Morning (06:00-12:00),90.5
FCST-01476,COR-073,2026-09-09,35,Night (22:00-04:00),80.2
FCST-01477,COR-098,2026-09-26,43,Morning (06:00-12:00),88.5
FCST-01478,COR-032,2026-09-27,19,Afternoon (12:00-18:00),94.7
FCST-01479,COR-033,2026-09-17,27,Morning (06:00-12:00),81.4
FCST-01480,COR-057,2026-09-23,42,Morning (06:00-12:00),92.9
FCST-01481,COR-001,2026-09-20,19,Morning (06:00-12:00),82.4
FCST-01482,COR-077,2026-09-20,14,Off-Peak,89.0
FCST-01483,COR-074,2026-09-26,26,Morning (06:00-12:00),86.6
FCST-01484,COR-098,2026-09-30,31,Morning (06:00-12:00),84.4
FCST-01485,COR-100,2026-09-18,42,Off-Peak,82.7
FCST-01486,COR-061,2026-10-01,10,Morning (06:00-12:00),95.4
FCST-01487,COR-091,2026-10-01,31,Off-Peak,78.8
FCST-01488,COR-088,2026-09-15,27,Afternoon (12:00-18:00),95.8
FCST-01489,COR-041,2026-09-18,32,Night (22:00-04:00),92.6
FCST-01490,COR-044,2026-09-28,20,Morning (06:00-12:00),86.2
FCST-01491,COR-050,2026-09-23,23,Night (22:00-04:00),93.9
FCST-01492,COR-098,2026-10-02,20,Morning (06:00-12:00),84.3
FCST-01493,COR-039,2026-09-29,41,Afternoon (12:00-18:00),92.3
FCST-01494,COR-093,2026-09-08,43,Night (22:00-04:00),82.5
FCST-01495,COR-067,2026-09-11,29,Off-Peak,82.1
FCST-01496,COR-077,2026-09-26,26,Morning (06:00-12:00),90.8
FCST-01497,COR-076,2026-09-04,25,Afternoon (12:00-18:00),79.8
FCST-01498,COR-078,2026-09-06,11,Morning (06:00-12:00),87.9
FCST-01499,COR-056,2026-09-05,44,Night (22:00-04:00),79.6
FCST-01500,COR-074,2026-09-26,9,Morning (06:00-12:00),83.8
FCST-01501,COR-032,2026-09-08,21,Night (22:00-04:00),88.0
FCST-01502,COR-096,2026-10-02,15,Afternoon (12:00-18:00),97.0
FCST-01503,COR-059,2026-10-03,30,Afternoon (12:00-18:00),97.2
FCST-01504,COR-078,2026-09-09,18,Afternoon (12:00-18:00),89.0
FCST-01505,COR-071,2026-09-23,20,Night (22:00-04:00),80.3
FCST-01506,COR-091,2026-09-17,36,Afternoon (12:00-18:00),93.4
FCST-01507,COR-064,2026-09-16,32,Night (22:00-04:00),97.8
FCST-01508,COR-060,2026-09-26,21,Night (22:00-04:00),88.2
FCST-01509,COR-083,2026-09-20,44,Off-Peak,88.7
FCST-01510,COR-090,2026-09-18,33,Morning (06:00-12:00),92.7
FCST-01511,COR-010,2026-09-19,18,Afternoon (12:00-18:00),81.3
FCST-01512,COR-066,2026-10-02,13,Night (22:00-04:00),84.9
FCST-01513,COR-091,2026-10-04,32,Morning (06:00-12:00),81.0
FCST-01514,COR-067,2026-10-03,33,Off-Peak,90.5
FCST-01515,COR-003,2026-10-01,21,Afternoon (12:00-18:00),82.1
FCST-01516,COR-040,2026-09-09,24,Off-Peak,85.6
FCST-01517,COR-097,2026-09-22,16,Morning (06:00-12:00),92.6
FCST-01518,COR-030,2026-09-25,44,Morning (06:00-12:00),80.1
FCST-01519,COR-071,2026-09-20,13,Off-Peak,97.8
FCST-01520,COR-045,2026-09-30,22,Night (22:00-04:00),89.4
FCST-01521,COR-016,2026-09-24,35,Off-Peak,95.0
FCST-01522,COR-046,2026-09-04,45,Morning (06:00-12:00),83.4
FCST-01523,COR-050,2026-09-23,8,Off-Peak,97.6
FCST-01524,COR-084,2026-10-02,16,Night (22:00-04:00),94.4
FCST-01525,COR-074,2026-09-18,40,Afternoon (12:00-18:00),81.7
FCST-01526,COR-060,2026-09-29,14,Afternoon (12:00-18:00),89.2
FCST-01527,COR-079,2026-09-20,29,Afternoon (12:00-18:00),87.7
FCST-01528,COR-055,2026-09-15,44,Afternoon (12:00-18:00),95.3
FCST-01529,COR-080,2026-10-01,17,Morning (06:00-12:00),88.6
FCST-01530,COR-050,2026-09-11,31,Off-Peak,79.9
FCST-01531,COR-088,2026-10-03,24,Night (22:00-04:00),84.6
FCST-01532,COR-051,2026-09-26,45,Morning (06:00-12:00),90.2
FCST-01533,COR-043,2026-09-17,34,Afternoon (12:00-18:00),98.1
FCST-01534,COR-013,2026-10-02,30,Off-Peak,78.7
FCST-01535,COR-035,2026-09-10,16,Afternoon (12:00-18:00),93.9
FCST-01536,COR-064,2026-09-24,17,Off-Peak,82.9
FCST-01537,COR-092,2026-09-14,44,Morning (06:00-12:00),79.7
FCST-01538,COR-031,2026-09-11,24,Morning (06:00-12:00),96.2
FCST-01539,COR-073,2026-09-15,22,Afternoon (12:00-18:00),90.8
FCST-01540,COR-082,2026-09-24,35,Off-Peak,79.7
FCST-01541,COR-060,2026-09-07,23,Afternoon (12:00-18:00),89.8
FCST-01542,COR-057,2026-09-30,37,Off-Peak,92.1
FCST-01543,COR-032,2026-09-21,44,Off-Peak,96.7
FCST-01544,COR-037,2026-09-24,41,Off-Peak,96.5
FCST-01545,COR-067,2026-09-14,36,Off-Peak,79.6
FCST-01546,COR-052,2026-09-20,17,Night (22:00-04:00),96.1
FCST-01547,COR-069,2026-09-13,35,Night (22:00-04:00),82.8
FCST-01548,COR-085,2026-10-02,36,Night (22:00-04:00),97.8
FCST-01549,COR-012,2026-09-16,22,Afternoon (12:00-18:00),86.2
FCST-01550,COR-015,2026-09-12,23,Off-Peak,87.3
FCST-01551,COR-003,2026-09-05,16,Morning (06:00-12:00),96.4
FCST-01552,COR-019,2026-09-24,37,Afternoon (12:00-18:00),85.1
FCST-01553,COR-046,2026-09-26,44,Morning (06:00-12:00),81.8
FCST-01554,COR-079,2026-09-10,26,Afternoon (12:00-18:00),90.7
FCST-01555,COR-099,2026-09-17,44,Afternoon (12:00-18:00),85.7
FCST-01556,COR-034,2026-10-04,19,Off-Peak,86.0
FCST-01557,COR-010,2026-09-08,37,Night (22:00-04:00),80.1
FCST-01558,COR-021,2026-09-07,24,Off-Peak,83.1
FCST-01559,COR-065,2026-09-20,11,Afternoon (12:00-18:00),82.6
FCST-01560,COR-074,2026-09-16,33,Afternoon (12:00-18:00),83.8
FCST-01561,COR-027,2026-09-16,22,Morning (06:00-12:00),87.6
FCST-01562,COR-021,2026-09-24,29,Night (22:00-04:00),97.2
FCST-01563,COR-016,2026-09-21,11,Off-Peak,82.5
FCST-01564,COR-027,2026-09-15,28,Afternoon (12:00-18:00),92.7
FCST-01565,COR-034,2026-10-03,28,Morning (06:00-12:00),96.4
FCST-01566,COR-077,2026-09-13,42,Night (22:00-04:00),94.1
FCST-01567,COR-006,2026-09-06,38,Off-Peak,93.8
FCST-01568,COR-044,2026-09-30,29,Morning (06:00-12:00),90.7
FCST-01569,COR-033,2026-09-18,32,Morning (06:00-12:00),91.4
FCST-01570,COR-084,2026-09-26,9,Off-Peak,87.4
FCST-01571,COR-024,2026-09-29,25,Night (22:00-04:00),81.5
FCST-01572,COR-004,2026-09-07,31,Afternoon (12:00-18:00),83.8
FCST-01573,COR-039,2026-09-14,23,Night (22:00-04:00),85.8
FCST-01574,COR-005,2026-09-06,33,Morning (06:00-12:00),82.2
FCST-01575,COR-012,2026-09-21,37,Off-Peak,86.9
FCST-01576,COR-034,2026-09-17,26,Off-Peak,90.5
FCST-01577,COR-055,2026-09-22,38,Off-Peak,79.1
FCST-01578,COR-076,2026-09-13,45,Off-Peak,90.3
FCST-01579,COR-008,2026-09-25,45,Morning (06:00-12:00),91.4
FCST-01580,COR-038,2026-09-23,35,Off-Peak,92.0
FCST-01581,COR-060,2026-09-17,32,Night (22:00-04:00),83.9
FCST-01582,COR-040,2026-09-16,16,Morning (06:00-12:00),95.8
FCST-01583,COR-037,2026-09-26,28,Morning (06:00-12:00),91.3
FCST-01584,COR-086,2026-09-20,21,Night (22:00-04:00),95.0
FCST-01585,COR-014,2026-09-27,30,Night (22:00-04:00),80.4
FCST-01586,COR-009,2026-09-25,31,Morning (06:00-12:00),85.7
FCST-01587,COR-004,2026-09-15,40,Morning (06:00-12:00),80.4
FCST-01588,COR-002,2026-09-26,20,Morning (06:00-12:00),96.7
FCST-01589,COR-080,2026-09-05,27,Night (22:00-04:00),79.8
FCST-01590,COR-011,2026-09-07,36,Night (22:00-04:00),88.0
FCST-01591,COR-011,2026-10-03,13,Morning (06:00-12:00),82.1
FCST-01592,COR-053,2026-09-17,24,Morning (06:00-12:00),80.9
FCST-01593,COR-006,2026-09-30,39,Morning (06:00-12:00),89.6
FCST-01594,COR-069,2026-09-18,21,Off-Peak,85.1
FCST-01595,COR-087,2026-09-26,22,Night (22:00-04:00),89.4
FCST-01596,COR-017,2026-09-15,9,Night (22:00-04:00),88.5
FCST-01597,COR-031,2026-09-15,12,Morning (06:00-12:00),92.1
FCST-01598,COR-051,2026-09-15,35,Off-Peak,83.3
FCST-01599,COR-048,2026-09-05,17,Morning (06:00-12:00),93.1
FCST-01600,COR-061,2026-09-05,18,Off-Peak,94.9
FCST-01601,COR-002,2026-09-11,17,Night (22:00-04:00),92.8
FCST-01602,COR-005,2026-09-10,16,Night (22:00-04:00),97.8
FCST-01603,COR-085,2026-09-20,9,Night (22:00-04:00),83.4
FCST-01604,COR-062,2026-09-27,40,Afternoon (12:00-18:00),91.4
FCST-01605,COR-063,2026-10-03,17,Off-Peak,86.6
FCST-01606,COR-096,2026-10-01,11,Afternoon (12:00-18:00),82.7
FCST-01607,COR-087,2026-09-26,41,Off-Peak,94.0
FCST-01608,COR-016,2026-09-28,31,Off-Peak,91.4
FCST-01609,COR-082,2026-09-13,34,Afternoon (12:00-18:00),97.3
FCST-01610,COR-063,2026-09-26,27,Off-Peak,87.5
FCST-01611,COR-014,2026-09-13,41,Off-Peak,96.3
FCST-01612,COR-016,2026-09-11,30,Night (22:00-04:00),86.6
FCST-01613,COR-031,2026-09-07,34,Afternoon (12:00-18:00),80.5
FCST-01614,COR-094,2026-09-19,32,Off-Peak,93.3
FCST-01615,COR-004,2026-09-25,37,Afternoon (12:00-18:00),85.3
FCST-01616,COR-001,2026-09-05,9,Morning (06:00-12:00),85.0
FCST-01617,COR-090,2026-09-16,24,Night (22:00-04:00),97.5
FCST-01618,COR-024,2026-09-19,42,Morning (06:00-12:00),89.3
FCST-01619,COR-030,2026-09-09,40,Night (22:00-04:00),96.8
FCST-01620,COR-079,2026-09-25,24,Afternoon (12:00-18:00),80.0
FCST-01621,COR-027,2026-09-08,26,Morning (06:00-12:00),94.2
FCST-01622,COR-021,2026-09-05,34,Off-Peak,80.1
FCST-01623,COR-087,2026-09-18,36,Off-Peak,93.3
FCST-01624,COR-057,2026-09-28,26,Afternoon (12:00-18:00),86.2
FCST-01625,COR-010,2026-10-04,14,Off-Peak,84.6
FCST-01626,COR-079,2026-09-30,45,Night (22:00-04:00),90.3
FCST-01627,COR-068,2026-10-01,16,Afternoon (12:00-18:00),95.7
FCST-01628,COR-051,2026-09-13,12,Morning (06:00-12:00),84.3
FCST-01629,COR-052,2026-09-29,28,Night (22:00-04:00),80.9
FCST-01630,COR-092,2026-09-26,21,Afternoon (12:00-18:00),90.7
FCST-01631,COR-005,2026-09-05,10,Morning (06:00-12:00),87.4
FCST-01632,COR-053,2026-09-12,9,Night (22:00-04:00),95.8
FCST-01633,COR-041,2026-09-16,36,Night (22:00-04:00),84.5
FCST-01634,COR-035,2026-09-14,26,Afternoon (12:00-18:00),95.8
FCST-01635,COR-040,2026-09-27,39,Off-Peak,97.8
FCST-01636,COR-077,2026-09-19,35,Off-Peak,87.7
FCST-01637,COR-082,2026-09-26,42,Night (22:00-04:00),89.5
FCST-01638,COR-049,2026-09-20,30,Morning (06:00-12:00),90.5
FCST-01639,COR-056,2026-09-19,24,Afternoon (12:00-18:00),94.3
FCST-01640,COR-081,2026-09-12,26,Off-Peak,96.1
FCST-01641,COR-025,2026-09-12,17,Morning (06:00-12:00),91.4
FCST-01642,COR-090,2026-09-08,15,Morning (06:00-12:00),90.2
FCST-01643,COR-079,2026-09-04,28,Off-Peak,85.0
FCST-01644,COR-045,2026-09-05,19,Afternoon (12:00-18:00),89.7
FCST-01645,COR-095,2026-09-27,34,Morning (06:00-12:00),96.1
FCST-01646,COR-074,2026-09-04,9,Off-Peak,82.9
FCST-01647,COR-099,2026-09-24,15,Afternoon (12:00-18:00),83.8
FCST-01648,COR-077,2026-10-03,33,Afternoon (12:00-18:00),86.3
FCST-01649,COR-072,2026-10-04,17,Afternoon (12:00-18:00),78.8
FCST-01650,COR-034,2026-09-25,42,Off-Peak,83.9
FCST-01651,COR-080,2026-09-24,42,Morning (06:00-12:00),91.3
FCST-01652,COR-053,2026-09-08,21,Afternoon (12:00-18:00),91.0
FCST-01653,COR-003,2026-09-11,38,Off-Peak,86.9
FCST-01654,COR-063,2026-09-24,38,Morning (06:00-12:00),97.4
FCST-01655,COR-031,2026-09-12,11,Morning (06:00-12:00),97.4
FCST-01656,COR-088,2026-09-10,31,Night (22:00-04:00),97.3
FCST-01657,COR-012,2026-09-28,11,Afternoon (12:00-18:00),81.4
FCST-01658,COR-092,2026-09-25,32,Off-Peak,89.9
FCST-01659,COR-044,2026-10-01,24,Off-Peak,90.9
FCST-01660,COR-018,2026-09-25,25,Night (22:00-04:00),83.1
FCST-01661,COR-042,2026-09-11,24,Morning (06:00-12:00),89.5
FCST-01662,COR-065,2026-09-27,23,Off-Peak,93.9
FCST-01663,COR-031,2026-10-03,39,Off-Peak,81.3
FCST-01664,COR-017,2026-10-02,16,Morning (06:00-12:00),95.6
FCST-01665,COR-018,2026-09-27,12,Night (22:00-04:00),87.9
FCST-01666,COR-043,2026-09-28,34,Off-Peak,85.2
FCST-01667,COR-048,2026-09-07,17,Morning (06:00-12:00),78.5
FCST-01668,COR-064,2026-09-27,42,Off-Peak,91.0
FCST-01669,COR-011,2026-09-19,19,Morning (06:00-12:00),86.3
FCST-01670,COR-054,2026-09-18,41,Off-Peak,97.8
FCST-01671,COR-025,2026-09-26,30,Morning (06:00-12:00),81.1
FCST-01672,COR-012,2026-09-30,17,Night (22:00-04:00),78.7
FCST-01673,COR-081,2026-09-04,39,Morning (06:00-12:00),92.9
FCST-01674,COR-028,2026-09-25,41,Off-Peak,92.1
FCST-01675,COR-007,2026-09-29,9,Off-Peak,96.2
FCST-01676,COR-066,2026-09-30,44,Off-Peak,88.3
FCST-01677,COR-037,2026-09-26,44,Night (22:00-04:00),87.4
FCST-01678,COR-090,2026-09-22,12,Night (22:00-04:00),96.8
FCST-01679,COR-097,2026-10-01,11,Off-Peak,82.0
FCST-01680,COR-034,2026-09-26,11,Morning (06:00-12:00),83.5
FCST-01681,COR-080,2026-09-15,38,Night (22:00-04:00),81.5
FCST-01682,COR-035,2026-09-11,30,Afternoon (12:00-18:00),93.3
FCST-01683,COR-067,2026-09-30,18,Afternoon (12:00-18:00),79.2
FCST-01684,COR-048,2026-09-26,15,Night (22:00-04:00),89.4
FCST-01685,COR-094,2026-10-02,10,Morning (06:00-12:00),80.7
FCST-01686,COR-058,2026-09-14,20,Morning (06:00-12:00),80.0
FCST-01687,COR-042,2026-10-04,35,Morning (06:00-12:00),83.2
FCST-01688,COR-062,2026-09-10,30,Night (22:00-04:00),83.6
FCST-01689,COR-003,2026-09-23,34,Night (22:00-04:00),93.6
FCST-01690,COR-036,2026-09-11,26,Night (22:00-04:00),79.1
FCST-01691,COR-007,2026-09-20,25,Afternoon (12:00-18:00),81.8
FCST-01692,COR-048,2026-09-15,41,Off-Peak,92.5
FCST-01693,COR-081,2026-09-09,32,Afternoon (12:00-18:00),89.9
FCST-01694,COR-080,2026-09-08,28,Off-Peak,82.7
FCST-01695,COR-054,2026-10-01,8,Afternoon (12:00-18:00),79.2
FCST-01696,COR-049,2026-09-12,32,Night (22:00-04:00),94.0
FCST-01697,COR-035,2026-09-12,41,Afternoon (12:00-18:00),83.5
FCST-01698,COR-065,2026-09-22,20,Off-Peak,92.3
FCST-01699,COR-078,2026-09-19,34,Afternoon (12:00-18:00),96.9
FCST-01700,COR-063,2026-09-30,14,Night (22:00-04:00),96.2
FCST-01701,COR-075,2026-09-25,42,Morning (06:00-12:00),88.1
FCST-01702,COR-001,2026-09-25,23,Afternoon (12:00-18:00),84.5
FCST-01703,COR-055,2026-09-25,13,Night (22:00-04:00),82.2
FCST-01704,COR-084,2026-09-21,25,Night (22:00-04:00),96.4
FCST-01705,COR-005,2026-09-16,23,Off-Peak,90.9
FCST-01706,COR-059,2026-09-11,29,Off-Peak,87.7
FCST-01707,COR-063,2026-09-23,25,Morning (06:00-12:00),91.0
FCST-01708,COR-034,2026-09-18,35,Afternoon (12:00-18:00),95.7
FCST-01709,COR-091,2026-09-08,8,Night (22:00-04:00),97.1
FCST-01710,COR-057,2026-10-04,45,Morning (06:00-12:00),83.2
FCST-01711,COR-009,2026-09-09,17,Off-Peak,82.5
FCST-01712,COR-069,2026-09-05,32,Afternoon (12:00-18:00),83.5
FCST-01713,COR-006,2026-09-07,31,Night (22:00-04:00),85.3
FCST-01714,COR-044,2026-09-25,12,Morning (06:00-12:00),95.8
FCST-01715,COR-015,2026-09-20,21,Morning (06:00-12:00),86.2
FCST-01716,COR-016,2026-10-01,33,Off-Peak,87.0
FCST-01717,COR-069,2026-09-09,30,Afternoon (12:00-18:00),90.5
FCST-01718,COR-100,2026-09-14,42,Afternoon (12:00-18:00),87.2
FCST-01719,COR-052,2026-09-27,31,Morning (06:00-12:00),86.3
FCST-01720,COR-070,2026-09-19,11,Off-Peak,79.9
FCST-01721,COR-049,2026-09-24,31,Off-Peak,82.5
FCST-01722,COR-054,2026-09-18,30,Off-Peak,95.9
FCST-01723,COR-008,2026-09-09,35,Off-Peak,85.3
FCST-01724,COR-017,2026-09-07,11,Morning (06:00-12:00),82.8
FCST-01725,COR-085,2026-09-12,25,Night (22:00-04:00),87.8
FCST-01726,COR-026,2026-09-09,34,Afternoon (12:00-18:00),97.4
FCST-01727,COR-061,2026-09-08,26,Night (22:00-04:00),82.8
FCST-01728,COR-010,2026-09-07,28,Afternoon (12:00-18:00),95.5
FCST-01729,COR-017,2026-09-19,39,Morning (06:00-12:00),85.9
FCST-01730,COR-077,2026-09-25,45,Off-Peak,92.1
FCST-01731,COR-069,2026-09-11,33,Night (22:00-04:00),84.5
FCST-01732,COR-098,2026-09-25,11,Off-Peak,79.0
FCST-01733,COR-070,2026-09-14,9,Night (22:00-04:00),81.8
FCST-01734,COR-031,2026-09-07,21,Afternoon (12:00-18:00),92.6
FCST-01735,COR-040,2026-09-14,10,Afternoon (12:00-18:00),78.5
FCST-01736,COR-063,2026-09-07,8,Morning (06:00-12:00),97.0
FCST-01737,COR-035,2026-10-03,39,Afternoon (12:00-18:00),94.0
FCST-01738,COR-063,2026-09-19,29,Afternoon (12:00-18:00),81.9
FCST-01739,COR-033,2026-09-21,44,Afternoon (12:00-18:00),86.7
FCST-01740,COR-056,2026-09-29,35,Night (22:00-04:00),79.5
FCST-01741,COR-096,2026-09-14,8,Afternoon (12:00-18:00),96.3
FCST-01742,COR-094,2026-09-05,37,Night (22:00-04:00),97.0
FCST-01743,COR-015,2026-09-27,32,Afternoon (12:00-18:00),91.5
FCST-01744,COR-083,2026-09-04,35,Morning (06:00-12:00),97.6
FCST-01745,COR-026,2026-09-13,22,Off-Peak,94.5
FCST-01746,COR-082,2026-09-09,14,Afternoon (12:00-18:00),89.5
FCST-01747,COR-091,2026-09-20,35,Night (22:00-04:00),80.7
FCST-01748,COR-067,2026-09-20,16,Night (22:00-04:00),86.0
FCST-01749,COR-085,2026-09-26,45,Morning (06:00-12:00),92.3
FCST-01750,COR-044,2026-09-17,31,Night (22:00-04:00),95.9
FCST-01751,COR-051,2026-09-05,28,Night (22:00-04:00),79.0
FCST-01752,COR-094,2026-10-01,13,Night (22:00-04:00),84.8
FCST-01753,COR-040,2026-09-12,40,Off-Peak,90.7
FCST-01754,COR-046,2026-09-19,35,Afternoon (12:00-18:00),94.3
FCST-01755,COR-001,2026-09-13,30,Afternoon (12:00-18:00),82.1
FCST-01756,COR-038,2026-09-19,19,Night (22:00-04:00),84.3
FCST-01757,COR-031,2026-09-06,44,Morning (06:00-12:00),87.9
FCST-01758,COR-013,2026-09-21,36,Night (22:00-04:00),78.9
FCST-01759,COR-008,2026-10-02,35,Night (22:00-04:00),87.5
FCST-01760,COR-099,2026-09-20,24,Night (22:00-04:00),90.6
FCST-01761,COR-047,2026-09-10,15,Afternoon (12:00-18:00),93.1
FCST-01762,COR-046,2026-09-05,30,Night (22:00-04:00),81.1
FCST-01763,COR-078,2026-09-15,20,Afternoon (12:00-18:00),90.7
FCST-01764,COR-091,2026-09-23,29,Night (22:00-04:00),82.7
FCST-01765,COR-027,2026-09-13,35,Morning (06:00-12:00),79.3
FCST-01766,COR-044,2026-09-23,31,Afternoon (12:00-18:00),90.1
FCST-01767,COR-021,2026-09-17,14,Night (22:00-04:00),88.6
FCST-01768,COR-063,2026-10-04,44,Off-Peak,87.5
FCST-01769,COR-022,2026-09-17,22,Night (22:00-04:00),83.7
FCST-01770,COR-081,2026-10-01,21,Morning (06:00-12:00),95.3
FCST-01771,COR-075,2026-09-17,17,Morning (06:00-12:00),91.0
FCST-01772,COR-004,2026-09-18,42,Afternoon (12:00-18:00),86.3
FCST-01773,COR-046,2026-09-04,44,Night (22:00-04:00),96.9
FCST-01774,COR-011,2026-09-14,28,Afternoon (12:00-18:00),85.7
FCST-01775,COR-012,2026-09-17,20,Afternoon (12:00-18:00),94.9
FCST-01776,COR-046,2026-09-08,29,Afternoon (12:00-18:00),92.9
FCST-01777,COR-046,2026-09-23,42,Afternoon (12:00-18:00),87.6
FCST-01778,COR-090,2026-09-29,32,Morning (06:00-12:00),93.9
FCST-01779,COR-007,2026-09-04,10,Morning (06:00-12:00),92.4
FCST-01780,COR-040,2026-10-02,29,Night (22:00-04:00),84.2
FCST-01781,COR-007,2026-09-30,39,Off-Peak,96.1
FCST-01782,COR-029,2026-09-26,13,Off-Peak,84.0
FCST-01783,COR-036,2026-09-25,33,Night (22:00-04:00),98.0
FCST-01784,COR-087,2026-09-27,28,Off-Peak,79.2
FCST-01785,COR-003,2026-09-05,11,Morning (06:00-12:00),82.9
FCST-01786,COR-091,2026-09-08,32,Off-Peak,86.6
FCST-01787,COR-015,2026-09-29,16,Night (22:00-04:00),90.8
FCST-01788,COR-069,2026-09-19,9,Afternoon (12:00-18:00),88.7
FCST-01789,COR-050,2026-09-09,21,Afternoon (12:00-18:00),93.7
FCST-01790,COR-049,2026-09-30,9,Off-Peak,82.3
FCST-01791,COR-026,2026-09-30,43,Night (22:00-04:00),82.3
FCST-01792,COR-028,2026-09-30,35,Night (22:00-04:00),92.4
FCST-01793,COR-065,2026-09-08,9,Off-Peak,97.3
FCST-01794,COR-004,2026-09-05,44,Afternoon (12:00-18:00),79.1
FCST-01795,COR-008,2026-10-01,39,Afternoon (12:00-18:00),79.8
FCST-01796,COR-097,2026-09-08,18,Night (22:00-04:00),86.6
FCST-01797,COR-032,2026-09-26,14,Morning (06:00-12:00),88.6
FCST-01798,COR-036,2026-09-13,17,Morning (06:00-12:00),83.4
FCST-01799,COR-090,2026-09-13,14,Afternoon (12:00-18:00),81.7
FCST-01800,COR-053,2026-09-12,17,Morning (06:00-12:00),81.1
FCST-01801,COR-075,2026-09-11,25,Afternoon (12:00-18:00),94.6
FCST-01802,COR-081,2026-09-27,27,Afternoon (12:00-18:00),85.6
FCST-01803,COR-022,2026-09-11,36,Off-Peak,87.9
FCST-01804,COR-008,2026-09-06,25,Morning (06:00-12:00),80.6
FCST-01805,COR-084,2026-09-10,37,Night (22:00-04:00),82.1
FCST-01806,COR-090,2026-09-23,13,Morning (06:00-12:00),90.8
FCST-01807,COR-082,2026-09-27,27,Night (22:00-04:00),85.9
FCST-01808,COR-065,2026-09-12,37,Morning (06:00-12:00),86.6
FCST-01809,COR-014,2026-09-04,43,Afternoon (12:00-18:00),83.4
FCST-01810,COR-082,2026-09-20,37,Off-Peak,96.6
FCST-01811,COR-076,2026-10-03,45,Night (22:00-04:00),88.1
FCST-01812,COR-061,2026-09-15,34,Morning (06:00-12:00),88.8
FCST-01813,COR-024,2026-09-24,15,Afternoon (12:00-18:00),93.7
FCST-01814,COR-050,2026-09-18,25,Morning (06:00-12:00),86.9
FCST-01815,COR-015,2026-09-26,44,Night (22:00-04:00),90.4
FCST-01816,COR-037,2026-09-30,32,Off-Peak,87.5
FCST-01817,COR-068,2026-10-02,33,Afternoon (12:00-18:00),97.2
FCST-01818,COR-019,2026-09-29,31,Afternoon (12:00-18:00),82.4
FCST-01819,COR-081,2026-09-26,44,Off-Peak,95.7
FCST-01820,COR-035,2026-09-26,29,Morning (06:00-12:00),96.8
FCST-01821,COR-002,2026-09-29,25,Night (22:00-04:00),82.1
FCST-01822,COR-069,2026-10-02,11,Morning (06:00-12:00),91.1
FCST-01823,COR-060,2026-10-04,28,Morning (06:00-12:00),80.7
FCST-01824,COR-058,2026-09-13,36,Off-Peak,83.2
FCST-01825,COR-019,2026-09-13,40,Afternoon (12:00-18:00),83.1
FCST-01826,COR-075,2026-09-07,14,Off-Peak,88.8
FCST-01827,COR-018,2026-09-21,18,Night (22:00-04:00),84.9
FCST-01828,COR-093,2026-09-04,9,Afternoon (12:00-18:00),86.5
FCST-01829,COR-082,2026-10-02,42,Morning (06:00-12:00),98.0
FCST-01830,COR-080,2026-09-29,25,Afternoon (12:00-18:00),98.0
FCST-01831,COR-025,2026-09-30,24,Morning (06:00-12:00),81.3
FCST-01832,COR-065,2026-09-17,45,Afternoon (12:00-18:00),82.9
FCST-01833,COR-073,2026-09-20,18,Afternoon (12:00-18:00),98.1
FCST-01834,COR-022,2026-10-04,17,Off-Peak,96.6
FCST-01835,COR-057,2026-09-14,43,Afternoon (12:00-18:00),87.2
FCST-01836,COR-081,2026-10-01,8,Afternoon (12:00-18:00),89.6
FCST-01837,COR-060,2026-09-27,19,Morning (06:00-12:00),83.2
FCST-01838,COR-081,2026-10-03,43,Night (22:00-04:00),94.6
FCST-01839,COR-073,2026-09-14,30,Morning (06:00-12:00),98.0
FCST-01840,COR-049,2026-10-01,28,Off-Peak,84.6
FCST-01841,COR-087,2026-09-08,21,Night (22:00-04:00),97.0
FCST-01842,COR-095,2026-09-12,35,Afternoon (12:00-18:00),80.5
FCST-01843,COR-024,2026-09-12,16,Morning (06:00-12:00),84.0
FCST-01844,COR-076,2026-09-17,18,Night (22:00-04:00),87.9
FCST-01845,COR-001,2026-09-28,41,Afternoon (12:00-18:00),91.7
FCST-01846,COR-054,2026-09-10,14,Afternoon (12:00-18:00),86.2
FCST-01847,COR-095,2026-09-24,11,Afternoon (12:00-18:00),98.2
FCST-01848,COR-086,2026-09-20,14,Afternoon (12:00-18:00),95.7
FCST-01849,COR-029,2026-10-01,10,Off-Peak,87.1
FCST-01850,COR-052,2026-09-06,21,Morning (06:00-12:00),87.8
FCST-01851,COR-014,2026-09-04,19,Off-Peak,85.6
FCST-01852,COR-035,2026-09-07,16,Off-Peak,78.7
FCST-01853,COR-020,2026-09-20,38,Morning (06:00-12:00),81.1
FCST-01854,COR-045,2026-09-20,25,Off-Peak,88.7
FCST-01855,COR-096,2026-09-25,11,Afternoon (12:00-18:00),92.1
FCST-01856,COR-065,2026-09-14,43,Morning (06:00-12:00),92.7
FCST-01857,COR-096,2026-10-01,26,Morning (06:00-12:00),91.9
FCST-01858,COR-001,2026-09-15,10,Morning (06:00-12:00),86.7
FCST-01859,COR-083,2026-09-10,33,Morning (06:00-12:00),82.1
FCST-01860,COR-056,2026-10-01,31,Afternoon (12:00-18:00),81.4
FCST-01861,COR-009,2026-10-04,18,Night (22:00-04:00),95.8
FCST-01862,COR-080,2026-09-14,16,Afternoon (12:00-18:00),91.3
FCST-01863,COR-026,2026-09-22,45,Morning (06:00-12:00),91.4
FCST-01864,COR-087,2026-10-01,26,Morning (06:00-12:00),96.2
FCST-01865,COR-082,2026-09-24,40,Off-Peak,79.4
FCST-01866,COR-094,2026-09-05,34,Off-Peak,89.4
FCST-01867,COR-070,2026-09-29,35,Afternoon (12:00-18:00),80.4
FCST-01868,COR-076,2026-09-05,17,Morning (06:00-12:00),89.4
FCST-01869,COR-028,2026-09-22,31,Off-Peak,86.1
FCST-01870,COR-096,2026-10-04,8,Afternoon (12:00-18:00),88.2
FCST-01871,COR-061,2026-09-22,32,Afternoon (12:00-18:00),93.2
FCST-01872,COR-022,2026-09-06,21,Night (22:00-04:00),93.4
FCST-01873,COR-017,2026-09-06,9,Afternoon (12:00-18:00),91.8
FCST-01874,COR-029,2026-09-19,17,Night (22:00-04:00),85.4
FCST-01875,COR-023,2026-09-20,29,Afternoon (12:00-18:00),86.4
FCST-01876,COR-030,2026-09-21,16,Afternoon (12:00-18:00),94.1
FCST-01877,COR-048,2026-10-02,31,Afternoon (12:00-18:00),85.5
FCST-01878,COR-087,2026-09-22,25,Off-Peak,80.7
FCST-01879,COR-040,2026-09-05,45,Off-Peak,98.2
FCST-01880,COR-041,2026-09-12,28,Afternoon (12:00-18:00),84.2
FCST-01881,COR-076,2026-09-23,28,Off-Peak,91.2
FCST-01882,COR-021,2026-09-19,12,Afternoon (12:00-18:00),93.2
FCST-01883,COR-005,2026-09-06,10,Night (22:00-04:00),95.4
FCST-01884,COR-038,2026-09-17,19,Off-Peak,96.9
FCST-01885,COR-100,2026-09-04,21,Off-Peak,94.1
FCST-01886,COR-054,2026-09-20,39,Afternoon (12:00-18:00),87.1
FCST-01887,COR-099,2026-09-16,27,Off-Peak,86.2
FCST-01888,COR-066,2026-09-05,26,Off-Peak,93.2
FCST-01889,COR-081,2026-09-07,11,Morning (06:00-12:00),79.3
FCST-01890,COR-075,2026-09-17,34,Morning (06:00-12:00),98.0
FCST-01891,COR-095,2026-09-25,32,Morning (06:00-12:00),88.5
FCST-01892,COR-002,2026-09-11,36,Night (22:00-04:00),84.2
FCST-01893,COR-029,2026-09-18,28,Night (22:00-04:00),87.6
FCST-01894,COR-037,2026-09-14,12,Night (22:00-04:00),97.8
FCST-01895,COR-085,2026-09-26,28,Afternoon (12:00-18:00),92.5
FCST-01896,COR-045,2026-09-11,17,Morning (06:00-12:00),96.9
FCST-01897,COR-085,2026-09-26,34,Afternoon (12:00-18:00),89.2
FCST-01898,COR-005,2026-09-25,36,Morning (06:00-12:00),96.4
FCST-01899,COR-018,2026-09-19,31,Morning (06:00-12:00),89.3
FCST-01900,COR-073,2026-09-22,16,Off-Peak,91.1
FCST-01901,COR-079,2026-09-04,17,Morning (06:00-12:00),81.1
FCST-01902,COR-049,2026-10-02,27,Morning (06:00-12:00),90.3
FCST-01903,COR-017,2026-09-10,14,Off-Peak,85.5
FCST-01904,COR-090,2026-09-30,20,Morning (06:00-12:00),81.1
FCST-01905,COR-070,2026-09-12,31,Night (22:00-04:00),91.8
FCST-01906,COR-099,2026-09-29,24,Night (22:00-04:00),84.5
FCST-01907,COR-069,2026-09-12,33,Morning (06:00-12:00),88.4
FCST-01908,COR-060,2026-09-21,38,Night (22:00-04:00),95.4
FCST-01909,COR-052,2026-09-04,21,Afternoon (12:00-18:00),89.5
FCST-01910,COR-095,2026-09-30,27,Morning (06:00-12:00),91.4
FCST-01911,COR-094,2026-09-06,22,Afternoon (12:00-18:00),87.6
FCST-01912,COR-043,2026-10-04,43,Morning (06:00-12:00),78.6
FCST-01913,COR-016,2026-09-28,20,Night (22:00-04:00),92.6
FCST-01914,COR-089,2026-09-09,21,Night (22:00-04:00),89.9
FCST-01915,COR-086,2026-09-30,12,Morning (06:00-12:00),83.0
FCST-01916,COR-082,2026-09-16,33,Afternoon (12:00-18:00),80.0
FCST-01917,COR-056,2026-09-20,8,Night (22:00-04:00),83.3
FCST-01918,COR-016,2026-09-23,10,Afternoon (12:00-18:00),78.8
FCST-01919,COR-070,2026-09-06,30,Afternoon (12:00-18:00),90.9
FCST-01920,COR-045,2026-09-09,22,Off-Peak,92.9
FCST-01921,COR-069,2026-09-10,41,Night (22:00-04:00),85.7
FCST-01922,COR-089,2026-10-02,40,Morning (06:00-12:00),98.2
FCST-01923,COR-038,2026-09-19,15,Night (22:00-04:00),98.1
FCST-01924,COR-050,2026-09-05,9,Night (22:00-04:00),95.4
FCST-01925,COR-062,2026-09-15,39,Morning (06:00-12:00),87.1
FCST-01926,COR-058,2026-09-17,13,Night (22:00-04:00),95.5
FCST-01927,COR-068,2026-09-23,32,Morning (06:00-12:00),96.2
FCST-01928,COR-046,2026-09-20,26,Morning (06:00-12:00),90.8
FCST-01929,COR-073,2026-09-29,32,Night (22:00-04:00),97.0
FCST-01930,COR-037,2026-09-14,24,Night (22:00-04:00),85.0
FCST-01931,COR-044,2026-09-16,41,Morning (06:00-12:00),87.5
FCST-01932,COR-071,2026-09-13,21,Off-Peak,82.5
FCST-01933,COR-034,2026-10-04,34,Night (22:00-04:00),91.2
FCST-01934,COR-038,2026-09-26,18,Night (22:00-04:00),80.6
FCST-01935,COR-028,2026-09-13,9,Morning (06:00-12:00),84.3
FCST-01936,COR-074,2026-09-06,14,Afternoon (12:00-18:00),83.1
FCST-01937,COR-044,2026-09-26,21,Night (22:00-04:00),80.9
FCST-01938,COR-039,2026-09-22,19,Afternoon (12:00-18:00),81.3
FCST-01939,COR-063,2026-09-17,37,Afternoon (12:00-18:00),89.7
FCST-01940,COR-015,2026-09-28,17,Afternoon (12:00-18:00),91.6
FCST-01941,COR-037,2026-09-23,35,Afternoon (12:00-18:00),96.6
FCST-01942,COR-081,2026-09-12,44,Afternoon (12:00-18:00),81.1
FCST-01943,COR-019,2026-09-06,27,Morning (06:00-12:00),90.0
FCST-01944,COR-090,2026-09-11,25,Afternoon (12:00-18:00),84.4
FCST-01945,COR-042,2026-09-04,10,Afternoon (12:00-18:00),81.9
FCST-01946,COR-064,2026-09-29,38,Off-Peak,81.9
FCST-01947,COR-010,2026-09-22,42,Night (22:00-04:00),79.1
FCST-01948,COR-088,2026-09-29,11,Off-Peak,93.2
FCST-01949,COR-025,2026-09-16,32,Off-Peak,97.0
FCST-01950,COR-083,2026-09-30,33,Off-Peak,80.5
FCST-01951,COR-038,2026-09-05,10,Afternoon (12:00-18:00),96.0
FCST-01952,COR-021,2026-09-29,44,Off-Peak,81.9
FCST-01953,COR-012,2026-09-11,20,Morning (06:00-12:00),83.1
FCST-01954,COR-094,2026-09-12,30,Night (22:00-04:00),87.5
FCST-01955,COR-095,2026-09-27,19,Night (22:00-04:00),95.7
FCST-01956,COR-099,2026-09-13,16,Morning (06:00-12:00),82.6
FCST-01957,COR-076,2026-09-11,36,Night (22:00-04:00),97.1
FCST-01958,COR-032,2026-10-04,29,Off-Peak,84.1
FCST-01959,COR-093,2026-09-06,13,Afternoon (12:00-18:00),83.3
FCST-01960,COR-097,2026-09-16,32,Morning (06:00-12:00),84.2
FCST-01961,COR-028,2026-09-15,39,Off-Peak,96.5
FCST-01962,COR-069,2026-09-07,40,Night (22:00-04:00),89.2
FCST-01963,COR-044,2026-09-22,38,Night (22:00-04:00),79.1
FCST-01964,COR-032,2026-10-02,12,Off-Peak,98.2
FCST-01965,COR-064,2026-09-12,44,Night (22:00-04:00),98.1
FCST-01966,COR-042,2026-09-26,28,Morning (06:00-12:00),86.7
FCST-01967,COR-094,2026-10-04,19,Morning (06:00-12:00),80.3
FCST-01968,COR-065,2026-09-15,19,Afternoon (12:00-18:00),90.8
FCST-01969,COR-082,2026-10-01,38,Off-Peak,90.7
FCST-01970,COR-079,2026-10-04,43,Afternoon (12:00-18:00),88.2
FCST-01971,COR-048,2026-09-26,29,Afternoon (12:00-18:00),91.8
FCST-01972,COR-014,2026-09-12,40,Off-Peak,87.1
FCST-01973,COR-056,2026-09-30,21,Night (22:00-04:00),82.7
FCST-01974,COR-087,2026-09-06,8,Morning (06:00-12:00),96.8
FCST-01975,COR-007,2026-09-07,31,Morning (06:00-12:00),85.7
FCST-01976,COR-002,2026-09-29,28,Afternoon (12:00-18:00),95.3
FCST-01977,COR-086,2026-09-10,18,Morning (06:00-12:00),91.1
FCST-01978,COR-061,2026-09-09,9,Morning (06:00-12:00),80.7
FCST-01979,COR-068,2026-09-30,27,Morning (06:00-12:00),78.8
FCST-01980,COR-007,2026-09-20,32,Afternoon (12:00-18:00),78.6
FCST-01981,COR-014,2026-09-09,34,Off-Peak,79.8
FCST-01982,COR-050,2026-09-06,43,Off-Peak,85.7
FCST-01983,COR-072,2026-09-04,26,Morning (06:00-12:00),92.5
FCST-01984,COR-086,2026-09-17,31,Night (22:00-04:00),82.4
FCST-01985,COR-061,2026-09-29,31,Night (22:00-04:00),96.7
FCST-01986,COR-087,2026-09-25,17,Morning (06:00-12:00),96.4
FCST-01987,COR-022,2026-09-29,23,Off-Peak,82.0
FCST-01988,COR-032,2026-09-21,31,Night (22:00-04:00),97.9
FCST-01989,COR-089,2026-09-11,27,Morning (06:00-12:00),81.1
FCST-01990,COR-072,2026-09-09,20,Morning (06:00-12:00),96.7
FCST-01991,COR-056,2026-09-19,38,Morning (06:00-12:00),80.0
FCST-01992,COR-087,2026-09-06,15,Off-Peak,96.5
FCST-01993,COR-098,2026-09-22,31,Night (22:00-04:00),80.2
FCST-01994,COR-097,2026-09-30,16,Morning (06:00-12:00),92.9
FCST-01995,COR-064,2026-09-28,13,Off-Peak,95.2
FCST-01996,COR-082,2026-09-10,36,Night (22:00-04:00),83.9
FCST-01997,COR-013,2026-10-01,39,Morning (06:00-12:00),78.5
FCST-01998,COR-073,2026-09-13,37,Afternoon (12:00-18:00),92.1
FCST-01999,COR-052,2026-09-16,15,Night (22:00-04:00),82.1
FCST-02000,COR-045,2026-09-27,24,Afternoon (12:00-18:00),89.3
FCST-02001,COR-091,2026-09-09,43,Afternoon (12:00-18:00),89.2
FCST-02002,COR-003,2026-09-21,38,Morning (06:00-12:00),81.3
FCST-02003,COR-068,2026-09-22,37,Off-Peak,93.7
FCST-02004,COR-037,2026-09-23,23,Off-Peak,95.3
FCST-02005,COR-091,2026-10-04,36,Off-Peak,82.8
FCST-02006,COR-093,2026-09-27,27,Afternoon (12:00-18:00),83.8
FCST-02007,COR-077,2026-09-12,43,Afternoon (12:00-18:00),90.8
FCST-02008,COR-016,2026-09-08,27,Night (22:00-04:00),90.1
FCST-02009,COR-085,2026-09-23,34,Morning (06:00-12:00),87.4
FCST-02010,COR-033,2026-09-16,20,Morning (06:00-12:00),83.6
FCST-02011,COR-076,2026-09-12,9,Off-Peak,85.4
FCST-02012,COR-046,2026-09-26,11,Afternoon (12:00-18:00),88.9
FCST-02013,COR-088,2026-09-07,25,Off-Peak,93.6
FCST-02014,COR-078,2026-09-15,17,Off-Peak,86.4
FCST-02015,COR-098,2026-09-11,16,Afternoon (12:00-18:00),88.4
FCST-02016,COR-004,2026-09-22,43,Afternoon (12:00-18:00),90.2
FCST-02017,COR-030,2026-09-25,30,Afternoon (12:00-18:00),91.1
FCST-02018,COR-001,2026-09-15,16,Afternoon (12:00-18:00),96.0
FCST-02019,COR-067,2026-10-03,8,Morning (06:00-12:00),86.7
FCST-02020,COR-020,2026-09-14,14,Night (22:00-04:00),93.6
FCST-02021,COR-024,2026-09-07,19,Night (22:00-04:00),83.9
FCST-02022,COR-004,2026-10-02,30,Off-Peak,94.1
FCST-02023,COR-078,2026-09-24,30,Off-Peak,83.9
FCST-02024,COR-054,2026-09-27,23,Off-Peak,86.6
FCST-02025,COR-055,2026-09-21,8,Off-Peak,96.5
FCST-02026,COR-074,2026-09-22,36,Night (22:00-04:00),81.4
FCST-02027,COR-053,2026-09-21,15,Night (22:00-04:00),79.8
FCST-02028,COR-077,2026-09-24,12,Off-Peak,90.0
FCST-02029,COR-052,2026-09-05,14,Off-Peak,93.2
FCST-02030,COR-045,2026-09-20,25,Night (22:00-04:00),87.7
FCST-02031,COR-013,2026-09-23,38,Off-Peak,85.9
FCST-02032,COR-044,2026-09-28,15,Night (22:00-04:00),89.6
FCST-02033,COR-021,2026-09-17,40,Night (22:00-04:00),92.0
FCST-02034,COR-022,2026-09-13,25,Night (22:00-04:00),92.0
FCST-02035,COR-052,2026-09-19,43,Morning (06:00-12:00),98.1
FCST-02036,COR-033,2026-09-28,13,Night (22:00-04:00),86.1
FCST-02037,COR-006,2026-09-09,30,Morning (06:00-12:00),97.9
FCST-02038,COR-007,2026-09-24,20,Off-Peak,89.3
FCST-02039,COR-084,2026-10-04,28,Morning (06:00-12:00),89.8
FCST-02040,COR-022,2026-09-14,36,Morning (06:00-12:00),80.6
FCST-02041,COR-098,2026-09-29,24,Night (22:00-04:00),81.6
FCST-02042,COR-021,2026-09-26,30,Afternoon (12:00-18:00),88.2
FCST-02043,COR-100,2026-09-27,31,Afternoon (12:00-18:00),82.3
FCST-02044,COR-037,2026-09-16,16,Morning (06:00-12:00),91.7
FCST-02045,COR-031,2026-10-02,33,Night (22:00-04:00),84.1
FCST-02046,COR-025,2026-09-25,20,Night (22:00-04:00),95.8
FCST-02047,COR-074,2026-09-21,15,Morning (06:00-12:00),84.0
FCST-02048,COR-053,2026-09-11,29,Night (22:00-04:00),85.0
FCST-02049,COR-064,2026-09-04,9,Off-Peak,88.1
FCST-02050,COR-003,2026-10-03,35,Night (22:00-04:00),89.0
FCST-02051,COR-005,2026-09-30,18,Afternoon (12:00-18:00),94.6
FCST-02052,COR-012,2026-09-14,30,Morning (06:00-12:00),91.2
FCST-02053,COR-089,2026-09-15,19,Afternoon (12:00-18:00),78.7
FCST-02054,COR-081,2026-09-25,12,Night (22:00-04:00),94.1
FCST-02055,COR-005,2026-09-06,10,Morning (06:00-12:00),89.3
FCST-02056,COR-069,2026-09-20,27,Night (22:00-04:00),84.7
FCST-02057,COR-077,2026-09-26,32,Afternoon (12:00-18:00),96.1
FCST-02058,COR-049,2026-09-05,15,Off-Peak,88.0
FCST-02059,COR-100,2026-09-20,34,Off-Peak,84.3
FCST-02060,COR-026,2026-09-26,43,Off-Peak,92.5
FCST-02061,COR-075,2026-09-27,25,Morning (06:00-12:00),92.4
FCST-02062,COR-002,2026-09-24,13,Off-Peak,97.8
FCST-02063,COR-031,2026-09-11,10,Off-Peak,87.2
FCST-02064,COR-044,2026-09-10,31,Night (22:00-04:00),96.2
FCST-02065,COR-040,2026-09-11,34,Afternoon (12:00-18:00),80.7
FCST-02066,COR-090,2026-10-02,40,Off-Peak,83.0
FCST-02067,COR-012,2026-10-01,44,Morning (06:00-12:00),95.1
FCST-02068,COR-035,2026-09-18,34,Off-Peak,84.2
FCST-02069,COR-056,2026-09-22,30,Off-Peak,95.4
FCST-02070,COR-022,2026-09-04,16,Morning (06:00-12:00),95.7
FCST-02071,COR-055,2026-09-04,40,Afternoon (12:00-18:00),91.2
FCST-02072,COR-048,2026-09-11,31,Afternoon (12:00-18:00),86.6
FCST-02073,COR-050,2026-09-27,45,Off-Peak,90.2
FCST-02074,COR-008,2026-09-17,11,Afternoon (12:00-18:00),92.6
FCST-02075,COR-028,2026-10-03,18,Night (22:00-04:00),87.9
FCST-02076,COR-021,2026-09-04,8,Afternoon (12:00-18:00),93.3
FCST-02077,COR-096,2026-09-26,28,Morning (06:00-12:00),97.0
FCST-02078,COR-024,2026-10-02,28,Morning (06:00-12:00),93.8
FCST-02079,COR-027,2026-10-01,18,Morning (06:00-12:00),98.0
FCST-02080,COR-034,2026-10-04,45,Morning (06:00-12:00),82.6
FCST-02081,COR-040,2026-09-25,14,Off-Peak,96.0
FCST-02082,COR-050,2026-09-22,40,Afternoon (12:00-18:00),80.2
FCST-02083,COR-077,2026-09-12,45,Morning (06:00-12:00),85.5
FCST-02084,COR-088,2026-09-13,18,Morning (06:00-12:00),82.8
FCST-02085,COR-085,2026-09-06,16,Afternoon (12:00-18:00),89.3
FCST-02086,COR-054,2026-09-20,14,Morning (06:00-12:00),83.5
FCST-02087,COR-070,2026-09-04,42,Morning (06:00-12:00),96.6
FCST-02088,COR-057,2026-10-04,25,Morning (06:00-12:00),86.8
FCST-02089,COR-026,2026-10-02,9,Morning (06:00-12:00),97.9
FCST-02090,COR-035,2026-09-14,43,Afternoon (12:00-18:00),82.4
FCST-02091,COR-048,2026-09-15,13,Morning (06:00-12:00),96.3
FCST-02092,COR-085,2026-09-04,44,Morning (06:00-12:00),91.3
FCST-02093,COR-084,2026-09-16,17,Afternoon (12:00-18:00),95.3
FCST-02094,COR-072,2026-09-28,45,Off-Peak,83.8
FCST-02095,COR-022,2026-10-04,34,Off-Peak,85.4
FCST-02096,COR-073,2026-10-04,12,Off-Peak,89.3
FCST-02097,COR-065,2026-09-23,33,Morning (06:00-12:00),98.1
FCST-02098,COR-095,2026-09-18,33,Off-Peak,93.2
FCST-02099,COR-036,2026-09-17,44,Afternoon (12:00-18:00),97.6
FCST-02100,COR-032,2026-09-06,45,Morning (06:00-12:00),79.4
FCST-02101,COR-033,2026-09-30,19,Afternoon (12:00-18:00),81.0
FCST-02102,COR-025,2026-09-23,21,Off-Peak,86.9
FCST-02103,COR-034,2026-09-28,9,Night (22:00-04:00),96.7
FCST-02104,COR-065,2026-09-23,18,Off-Peak,89.7
FCST-02105,COR-004,2026-09-25,39,Night (22:00-04:00),79.8
FCST-02106,COR-019,2026-09-07,9,Off-Peak,89.5
FCST-02107,COR-007,2026-09-30,15,Morning (06:00-12:00),91.4
FCST-02108,COR-046,2026-09-27,22,Night (22:00-04:00),90.7
FCST-02109,COR-036,2026-09-22,38,Off-Peak,90.7
FCST-02110,COR-019,2026-09-06,17,Off-Peak,94.7
FCST-02111,COR-078,2026-09-20,41,Morning (06:00-12:00),88.0
FCST-02112,COR-100,2026-09-06,26,Off-Peak,89.3
FCST-02113,COR-081,2026-10-02,9,Afternoon (12:00-18:00),80.3
FCST-02114,COR-005,2026-09-04,32,Afternoon (12:00-18:00),92.6
FCST-02115,COR-032,2026-10-04,25,Morning (06:00-12:00),95.3
FCST-02116,COR-001,2026-09-13,38,Afternoon (12:00-18:00),97.7
FCST-02117,COR-045,2026-09-09,23,Afternoon (12:00-18:00),80.7
FCST-02118,COR-075,2026-09-28,20,Off-Peak,94.0
FCST-02119,COR-087,2026-09-21,31,Night (22:00-04:00),83.7
FCST-02120,COR-012,2026-10-04,40,Morning (06:00-12:00),82.4
FCST-02121,COR-094,2026-09-24,23,Afternoon (12:00-18:00),89.9
FCST-02122,COR-075,2026-09-14,42,Off-Peak,97.5
FCST-02123,COR-013,2026-09-17,30,Afternoon (12:00-18:00),87.9
FCST-02124,COR-092,2026-09-07,41,Afternoon (12:00-18:00),85.2
FCST-02125,COR-062,2026-09-11,21,Morning (06:00-12:00),78.8
FCST-02126,COR-083,2026-09-19,36,Morning (06:00-12:00),93.5
FCST-02127,COR-073,2026-09-10,12,Afternoon (12:00-18:00),96.2
FCST-02128,COR-074,2026-09-10,43,Night (22:00-04:00),88.3
FCST-02129,COR-043,2026-09-11,44,Night (22:00-04:00),78.5
FCST-02130,COR-027,2026-10-01,9,Afternoon (12:00-18:00),82.4
FCST-02131,COR-073,2026-09-19,13,Night (22:00-04:00),97.2
FCST-02132,COR-015,2026-09-10,42,Off-Peak,96.3
FCST-02133,COR-075,2026-09-11,37,Afternoon (12:00-18:00),83.3
FCST-02134,COR-042,2026-09-30,34,Afternoon (12:00-18:00),86.7
FCST-02135,COR-030,2026-09-25,25,Morning (06:00-12:00),79.3
FCST-02136,COR-018,2026-09-17,45,Afternoon (12:00-18:00),95.8
FCST-02137,COR-082,2026-09-14,27,Morning (06:00-12:00),91.7
FCST-02138,COR-026,2026-09-06,43,Morning (06:00-12:00),84.7
FCST-02139,COR-042,2026-10-02,34,Off-Peak,98.1
FCST-02140,COR-057,2026-09-12,23,Night (22:00-04:00),87.6
FCST-02141,COR-084,2026-10-03,27,Afternoon (12:00-18:00),82.6
FCST-02142,COR-079,2026-09-06,25,Morning (06:00-12:00),95.6
FCST-02143,COR-009,2026-09-06,37,Off-Peak,83.2
FCST-02144,COR-084,2026-10-01,14,Afternoon (12:00-18:00),87.6
FCST-02145,COR-065,2026-09-05,32,Afternoon (12:00-18:00),94.4
FCST-02146,COR-091,2026-09-11,34,Morning (06:00-12:00),94.7
FCST-02147,COR-029,2026-09-23,26,Morning (06:00-12:00),89.6
FCST-02148,COR-078,2026-09-27,41,Morning (06:00-12:00),97.6
FCST-02149,COR-034,2026-09-07,9,Night (22:00-04:00),83.2
FCST-02150,COR-049,2026-09-27,22,Off-Peak,97.6
FCST-02151,COR-053,2026-09-22,39,Afternoon (12:00-18:00),91.6
FCST-02152,COR-089,2026-09-16,37,Morning (06:00-12:00),79.2
FCST-02153,COR-091,2026-09-09,38,Night (22:00-04:00),87.0
FCST-02154,COR-038,2026-09-23,34,Morning (06:00-12:00),92.0
FCST-02155,COR-080,2026-09-13,13,Off-Peak,93.4
FCST-02156,COR-082,2026-09-15,33,Morning (06:00-12:00),84.1
FCST-02157,COR-047,2026-09-30,29,Morning (06:00-12:00),85.3
FCST-02158,COR-038,2026-09-14,42,Night (22:00-04:00),92.9
FCST-02159,COR-072,2026-09-26,10,Night (22:00-04:00),86.4
FCST-02160,COR-094,2026-09-21,24,Night (22:00-04:00),90.1
FCST-02161,COR-016,2026-09-06,16,Morning (06:00-12:00),92.8
FCST-02162,COR-074,2026-09-15,35,Afternoon (12:00-18:00),80.7
FCST-02163,COR-071,2026-09-24,17,Night (22:00-04:00),86.5
FCST-02164,COR-038,2026-09-06,23,Morning (06:00-12:00),84.7
FCST-02165,COR-007,2026-10-01,23,Night (22:00-04:00),86.4
FCST-02166,COR-055,2026-09-20,17,Night (22:00-04:00),80.6
FCST-02167,COR-022,2026-09-05,28,Off-Peak,87.0
FCST-02168,COR-015,2026-09-11,14,Morning (06:00-12:00),79.6
FCST-02169,COR-012,2026-09-26,11,Night (22:00-04:00),91.4
FCST-02170,COR-079,2026-09-17,27,Afternoon (12:00-18:00),83.3
FCST-02171,COR-031,2026-09-06,20,Off-Peak,79.1
FCST-02172,COR-016,2026-09-13,38,Afternoon (12:00-18:00),84.9
FCST-02173,COR-081,2026-09-28,35,Afternoon (12:00-18:00),90.4
FCST-02174,COR-062,2026-09-04,34,Night (22:00-04:00),80.8
FCST-02175,COR-072,2026-09-25,26,Morning (06:00-12:00),85.5
FCST-02176,COR-015,2026-09-11,27,Morning (06:00-12:00),79.6
FCST-02177,COR-026,2026-09-09,22,Morning (06:00-12:00),82.9
FCST-02178,COR-014,2026-09-26,8,Afternoon (12:00-18:00),91.7
FCST-02179,COR-013,2026-09-16,13,Night (22:00-04:00),80.3
FCST-02180,COR-022,2026-09-21,21,Off-Peak,88.7
FCST-02181,COR-050,2026-09-17,23,Off-Peak,84.3
FCST-02182,COR-047,2026-09-23,23,Morning (06:00-12:00),89.4
FCST-02183,COR-028,2026-09-26,34,Afternoon (12:00-18:00),91.9
FCST-02184,COR-067,2026-09-13,32,Afternoon (12:00-18:00),85.4
FCST-02185,COR-003,2026-09-24,34,Morning (06:00-12:00),81.8
FCST-02186,COR-007,2026-10-01,28,Morning (06:00-12:00),89.6
FCST-02187,COR-076,2026-09-22,12,Night (22:00-04:00),85.1
FCST-02188,COR-040,2026-09-10,12,Morning (06:00-12:00),91.5
FCST-02189,COR-078,2026-09-23,22,Morning (06:00-12:00),91.8
FCST-02190,COR-049,2026-09-18,24,Morning (06:00-12:00),89.3
FCST-02191,COR-001,2026-10-02,31,Morning (06:00-12:00),94.7
FCST-02192,COR-028,2026-09-13,35,Morning (06:00-12:00),82.4
FCST-02193,COR-070,2026-09-11,24,Off-Peak,95.6
FCST-02194,COR-088,2026-09-26,15,Afternoon (12:00-18:00),84.3
FCST-02195,COR-025,2026-09-29,30,Night (22:00-04:00),96.9
FCST-02196,COR-069,2026-09-22,32,Afternoon (12:00-18:00),81.0
FCST-02197,COR-029,2026-09-15,32,Off-Peak,95.7
FCST-02198,COR-009,2026-09-10,13,Afternoon (12:00-18:00),97.8
FCST-02199,COR-078,2026-09-28,44,Morning (06:00-12:00),81.9
FCST-02200,COR-090,2026-09-06,16,Off-Peak,79.7
FCST-02201,COR-073,2026-09-21,10,Afternoon (12:00-18:00),84.1
FCST-02202,COR-085,2026-09-19,12,Night (22:00-04:00),88.8
FCST-02203,COR-091,2026-10-02,17,Off-Peak,82.7
FCST-02204,COR-033,2026-09-20,20,Night (22:00-04:00),84.0
FCST-02205,COR-004,2026-09-19,41,Night (22:00-04:00),97.6
FCST-02206,COR-067,2026-10-03,45,Off-Peak,96.0
FCST-02207,COR-013,2026-10-03,24,Afternoon (12:00-18:00),91.7
FCST-02208,COR-011,2026-09-06,40,Night (22:00-04:00),93.2
FCST-02209,COR-022,2026-09-21,33,Night (22:00-04:00),95.3
FCST-02210,COR-048,2026-09-29,8,Night (22:00-04:00),92.2
FCST-02211,COR-002,2026-09-16,29,Afternoon (12:00-18:00),90.8
FCST-02212,COR-019,2026-09-18,17,Off-Peak,94.0
FCST-02213,COR-033,2026-09-28,38,Afternoon (12:00-18:00),89.4
FCST-02214,COR-066,2026-10-01,27,Afternoon (12:00-18:00),87.4
FCST-02215,COR-092,2026-09-22,40,Night (22:00-04:00),81.9
FCST-02216,COR-093,2026-09-28,36,Night (22:00-04:00),94.7
FCST-02217,COR-069,2026-09-08,19,Afternoon (12:00-18:00),88.0
FCST-02218,COR-077,2026-09-11,27,Night (22:00-04:00),90.4
FCST-02219,COR-035,2026-09-25,21,Night (22:00-04:00),96.9
FCST-02220,COR-001,2026-09-12,41,Morning (06:00-12:00),94.7
FCST-02221,COR-086,2026-09-09,44,Afternoon (12:00-18:00),82.3
FCST-02222,COR-043,2026-09-30,17,Night (22:00-04:00),94.5
FCST-02223,COR-060,2026-09-20,16,Night (22:00-04:00),90.1
FCST-02224,COR-042,2026-09-25,29,Night (22:00-04:00),88.3
FCST-02225,COR-001,2026-09-08,11,Afternoon (12:00-18:00),90.4
FCST-02226,COR-035,2026-09-12,14,Afternoon (12:00-18:00),86.7
FCST-02227,COR-032,2026-09-29,42,Afternoon (12:00-18:00),95.3
FCST-02228,COR-019,2026-09-13,8,Night (22:00-04:00),96.9
FCST-02229,COR-058,2026-09-09,24,Night (22:00-04:00),97.9
FCST-02230,COR-089,2026-09-07,38,Afternoon (12:00-18:00),91.5
FCST-02231,COR-029,2026-09-29,34,Afternoon (12:00-18:00),91.5
FCST-02232,COR-045,2026-09-05,19,Afternoon (12:00-18:00),79.1
FCST-02233,COR-020,2026-09-30,45,Afternoon (12:00-18:00),95.3
FCST-02234,COR-089,2026-09-17,15,Morning (06:00-12:00),83.4
FCST-02235,COR-005,2026-09-06,14,Afternoon (12:00-18:00),80.3
FCST-02236,COR-037,2026-10-03,33,Night (22:00-04:00),91.5
FCST-02237,COR-079,2026-09-28,8,Afternoon (12:00-18:00),82.6
FCST-02238,COR-017,2026-09-15,45,Off-Peak,79.4
FCST-02239,COR-045,2026-09-27,44,Afternoon (12:00-18:00),93.2
FCST-02240,COR-004,2026-09-07,34,Afternoon (12:00-18:00),81.2
FCST-02241,COR-079,2026-09-20,23,Morning (06:00-12:00),91.2
FCST-02242,COR-030,2026-09-05,38,Morning (06:00-12:00),78.8
FCST-02243,COR-100,2026-09-29,34,Off-Peak,84.9
FCST-02244,COR-025,2026-09-19,34,Afternoon (12:00-18:00),94.6
FCST-02245,COR-049,2026-10-03,33,Night (22:00-04:00),85.5
FCST-02246,COR-060,2026-10-02,24,Off-Peak,88.3
FCST-02247,COR-094,2026-10-02,15,Night (22:00-04:00),84.4
FCST-02248,COR-007,2026-09-23,29,Afternoon (12:00-18:00),84.4
FCST-02249,COR-081,2026-09-05,10,Morning (06:00-12:00),94.8
FCST-02250,COR-075,2026-09-30,16,Afternoon (12:00-18:00),88.9
FCST-02251,COR-091,2026-09-16,41,Morning (06:00-12:00),85.6
FCST-02252,COR-030,2026-09-21,13,Night (22:00-04:00),93.4
FCST-02253,COR-074,2026-09-06,38,Morning (06:00-12:00),91.0
FCST-02254,COR-004,2026-09-07,37,Off-Peak,89.0
FCST-02255,COR-030,2026-09-14,30,Night (22:00-04:00),87.9
FCST-02256,COR-056,2026-09-05,38,Night (22:00-04:00),87.1
FCST-02257,COR-081,2026-09-19,13,Afternoon (12:00-18:00),87.7
FCST-02258,COR-011,2026-09-04,34,Morning (06:00-12:00),97.8
FCST-02259,COR-099,2026-09-04,38,Afternoon (12:00-18:00),80.6
FCST-02260,COR-073,2026-09-12,19,Off-Peak,79.2
FCST-02261,COR-085,2026-09-12,21,Morning (06:00-12:00),94.9
FCST-02262,COR-031,2026-09-16,16,Afternoon (12:00-18:00),79.1
FCST-02263,COR-076,2026-09-09,24,Morning (06:00-12:00),86.8
FCST-02264,COR-043,2026-09-22,42,Afternoon (12:00-18:00),96.6
FCST-02265,COR-090,2026-09-23,8,Off-Peak,95.8
FCST-02266,COR-098,2026-09-05,39,Morning (06:00-12:00),79.0
FCST-02267,COR-026,2026-09-15,44,Morning (06:00-12:00),94.3
FCST-02268,COR-019,2026-09-06,30,Off-Peak,81.8
FCST-02269,COR-078,2026-10-02,22,Morning (06:00-12:00),94.3
FCST-02270,COR-054,2026-09-07,44,Afternoon (12:00-18:00),80.4
FCST-02271,COR-027,2026-09-25,12,Morning (06:00-12:00),95.3
FCST-02272,COR-091,2026-09-19,8,Morning (06:00-12:00),80.2
FCST-02273,COR-056,2026-09-10,38,Morning (06:00-12:00),89.4
FCST-02274,COR-054,2026-10-02,22,Afternoon (12:00-18:00),90.3
FCST-02275,COR-067,2026-09-19,40,Off-Peak,93.0
FCST-02276,COR-061,2026-09-10,8,Afternoon (12:00-18:00),83.3
FCST-02277,COR-028,2026-09-27,21,Off-Peak,94.3
FCST-02278,COR-071,2026-09-16,43,Night (22:00-04:00),94.6
FCST-02279,COR-034,2026-09-10,26,Afternoon (12:00-18:00),87.3
FCST-02280,COR-088,2026-09-25,38,Off-Peak,87.8
FCST-02281,COR-011,2026-09-08,33,Morning (06:00-12:00),95.4
FCST-02282,COR-083,2026-09-25,40,Afternoon (12:00-18:00),94.5
FCST-02283,COR-100,2026-09-25,14,Afternoon (12:00-18:00),86.2
FCST-02284,COR-038,2026-09-06,37,Off-Peak,81.3
FCST-02285,COR-071,2026-09-22,14,Night (22:00-04:00),88.2
FCST-02286,COR-028,2026-09-29,15,Afternoon (12:00-18:00),93.2
FCST-02287,COR-083,2026-09-09,30,Afternoon (12:00-18:00),83.9
FCST-02288,COR-029,2026-09-15,32,Off-Peak,90.6
FCST-02289,COR-053,2026-09-06,29,Night (22:00-04:00),90.2
FCST-02290,COR-036,2026-09-09,11,Night (22:00-04:00),89.7
FCST-02291,COR-092,2026-09-20,42,Off-Peak,89.0
FCST-02292,COR-011,2026-10-02,25,Afternoon (12:00-18:00),83.1
FCST-02293,COR-013,2026-10-02,19,Night (22:00-04:00),96.3
FCST-02294,COR-014,2026-09-26,25,Afternoon (12:00-18:00),94.8
FCST-02295,COR-017,2026-09-11,9,Afternoon (12:00-18:00),87.3
FCST-02296,COR-038,2026-09-04,38,Afternoon (12:00-18:00),83.8
FCST-02297,COR-010,2026-09-09,42,Night (22:00-04:00),86.1
FCST-02298,COR-003,2026-09-28,34,Afternoon (12:00-18:00),83.0
FCST-02299,COR-052,2026-09-14,31,Night (22:00-04:00),80.8
FCST-02300,COR-014,2026-09-18,15,Off-Peak,78.9
FCST-02301,COR-008,2026-09-24,41,Off-Peak,80.1
FCST-02302,COR-081,2026-09-18,25,Morning (06:00-12:00),85.7
FCST-02303,COR-090,2026-09-30,19,Off-Peak,93.9
FCST-02304,COR-024,2026-09-25,27,Off-Peak,86.3
FCST-02305,COR-036,2026-09-10,45,Afternoon (12:00-18:00),95.1
FCST-02306,COR-086,2026-09-04,45,Afternoon (12:00-18:00),92.8
FCST-02307,COR-017,2026-09-24,43,Morning (06:00-12:00),83.2
FCST-02308,COR-027,2026-09-29,13,Off-Peak,93.5
FCST-02309,COR-076,2026-09-27,15,Night (22:00-04:00),91.8
FCST-02310,COR-063,2026-09-16,21,Afternoon (12:00-18:00),92.4
FCST-02311,COR-100,2026-10-04,34,Afternoon (12:00-18:00),90.8
FCST-02312,COR-083,2026-09-05,8,Afternoon (12:00-18:00),91.2
FCST-02313,COR-014,2026-09-24,37,Off-Peak,98.2
FCST-02314,COR-058,2026-09-11,20,Off-Peak,83.6
FCST-02315,COR-009,2026-09-11,43,Off-Peak,91.3
FCST-02316,COR-099,2026-09-05,18,Afternoon (12:00-18:00),89.3
FCST-02317,COR-028,2026-09-28,13,Afternoon (12:00-18:00),88.9
FCST-02318,COR-003,2026-09-21,23,Night (22:00-04:00),83.4
FCST-02319,COR-053,2026-09-16,36,Off-Peak,94.2
FCST-02320,COR-072,2026-09-04,40,Off-Peak,91.6
FCST-02321,COR-049,2026-09-20,20,Afternoon (12:00-18:00),89.5
FCST-02322,COR-007,2026-09-07,12,Afternoon (12:00-18:00),86.4
FCST-02323,COR-051,2026-09-05,14,Afternoon (12:00-18:00),91.8
FCST-02324,COR-019,2026-09-29,28,Morning (06:00-12:00),92.3
FCST-02325,COR-026,2026-09-10,33,Afternoon (12:00-18:00),96.2
FCST-02326,COR-035,2026-09-24,33,Off-Peak,86.3
FCST-02327,COR-042,2026-09-06,16,Night (22:00-04:00),91.6
FCST-02328,COR-007,2026-09-19,45,Afternoon (12:00-18:00),84.5
FCST-02329,COR-004,2026-10-01,33,Night (22:00-04:00),87.5
FCST-02330,COR-033,2026-09-27,41,Afternoon (12:00-18:00),78.7
FCST-02331,COR-019,2026-09-26,45,Night (22:00-04:00),90.7
FCST-02332,COR-088,2026-09-20,34,Morning (06:00-12:00),88.3
FCST-02333,COR-004,2026-09-16,27,Morning (06:00-12:00),79.8
FCST-02334,COR-081,2026-09-19,19,Afternoon (12:00-18:00),93.7
FCST-02335,COR-087,2026-09-07,17,Night (22:00-04:00),86.2
FCST-02336,COR-085,2026-10-04,43,Afternoon (12:00-18:00),93.4
FCST-02337,COR-090,2026-09-05,39,Afternoon (12:00-18:00),89.3
FCST-02338,COR-090,2026-09-14,10,Morning (06:00-12:00),94.8
FCST-02339,COR-092,2026-09-09,14,Morning (06:00-12:00),89.2
FCST-02340,COR-087,2026-09-10,37,Afternoon (12:00-18:00),89.5
FCST-02341,COR-066,2026-10-02,8,Off-Peak,82.8
FCST-02342,COR-013,2026-09-05,35,Night (22:00-04:00),88.0
FCST-02343,COR-066,2026-09-12,26,Night (22:00-04:00),91.5
FCST-02344,COR-043,2026-09-04,29,Off-Peak,84.9
FCST-02345,COR-038,2026-09-07,23,Night (22:00-04:00),78.6
FCST-02346,COR-013,2026-09-20,14,Afternoon (12:00-18:00),83.0
FCST-02347,COR-011,2026-10-01,14,Night (22:00-04:00),78.6
FCST-02348,COR-032,2026-10-01,39,Off-Peak,79.8
FCST-02349,COR-021,2026-09-25,26,Night (22:00-04:00),96.6
FCST-02350,COR-014,2026-09-29,45,Night (22:00-04:00),87.3
FCST-02351,COR-054,2026-09-04,27,Afternoon (12:00-18:00),91.3
FCST-02352,COR-044,2026-09-11,31,Night (22:00-04:00),96.4
FCST-02353,COR-067,2026-09-04,17,Night (22:00-04:00),89.1
FCST-02354,COR-093,2026-09-21,30,Morning (06:00-12:00),79.6
FCST-02355,COR-014,2026-09-25,39,Off-Peak,88.2
FCST-02356,COR-007,2026-09-20,22,Off-Peak,80.0
FCST-02357,COR-024,2026-10-04,31,Morning (06:00-12:00),89.3
FCST-02358,COR-010,2026-09-22,35,Night (22:00-04:00),90.9
FCST-02359,COR-029,2026-10-03,8,Off-Peak,93.7
FCST-02360,COR-069,2026-10-03,26,Morning (06:00-12:00),87.7
FCST-02361,COR-033,2026-09-09,38,Morning (06:00-12:00),94.0
FCST-02362,COR-023,2026-09-16,17,Night (22:00-04:00),92.9
FCST-02363,COR-081,2026-09-24,30,Morning (06:00-12:00),82.9
FCST-02364,COR-034,2026-09-08,45,Off-Peak,96.4
FCST-02365,COR-029,2026-09-23,33,Night (22:00-04:00),96.9
FCST-02366,COR-048,2026-10-04,29,Night (22:00-04:00),88.7
FCST-02367,COR-021,2026-09-15,12,Off-Peak,95.6
FCST-02368,COR-004,2026-09-07,42,Afternoon (12:00-18:00),87.2
FCST-02369,COR-076,2026-09-27,16,Night (22:00-04:00),89.4
FCST-02370,COR-013,2026-09-09,37,Off-Peak,82.7
FCST-02371,COR-042,2026-09-05,40,Morning (06:00-12:00),88.1
FCST-02372,COR-047,2026-09-23,33,Off-Peak,80.7
FCST-02373,COR-055,2026-09-25,19,Off-Peak,97.8
FCST-02374,COR-042,2026-09-12,39,Morning (06:00-12:00),95.6
FCST-02375,COR-030,2026-09-27,21,Afternoon (12:00-18:00),95.8
FCST-02376,COR-061,2026-09-26,44,Off-Peak,85.8
FCST-02377,COR-075,2026-09-10,18,Morning (06:00-12:00),83.0
FCST-02378,COR-034,2026-09-23,22,Off-Peak,85.9
FCST-02379,COR-009,2026-09-05,32,Night (22:00-04:00),79.7
FCST-02380,COR-060,2026-09-27,8,Night (22:00-04:00),91.7
FCST-02381,COR-058,2026-09-09,43,Off-Peak,86.7
FCST-02382,COR-051,2026-09-05,16,Morning (06:00-12:00),84.8
FCST-02383,COR-022,2026-09-26,40,Morning (06:00-12:00),90.3
FCST-02384,COR-027,2026-09-06,24,Afternoon (12:00-18:00),90.2
FCST-02385,COR-069,2026-09-25,8,Off-Peak,90.2
FCST-02386,COR-073,2026-09-19,24,Night (22:00-04:00),82.4
FCST-02387,COR-018,2026-09-15,34,Off-Peak,85.1
FCST-02388,COR-038,2026-09-10,20,Morning (06:00-12:00),96.5
FCST-02389,COR-024,2026-09-17,37,Morning (06:00-12:00),80.9
FCST-02390,COR-078,2026-09-23,32,Afternoon (12:00-18:00),89.7
FCST-02391,COR-055,2026-09-26,22,Morning (06:00-12:00),82.5
FCST-02392,COR-089,2026-09-07,24,Off-Peak,91.3
FCST-02393,COR-062,2026-09-12,15,Afternoon (12:00-18:00),82.8
FCST-02394,COR-006,2026-10-02,12,Afternoon (12:00-18:00),94.4
FCST-02395,COR-041,2026-09-15,35,Afternoon (12:00-18:00),97.5
FCST-02396,COR-049,2026-10-04,14,Off-Peak,96.9
FCST-02397,COR-082,2026-09-18,18,Off-Peak,97.4
FCST-02398,COR-019,2026-09-27,19,Night (22:00-04:00),92.7
FCST-02399,COR-074,2026-09-23,43,Morning (06:00-12:00),96.7
FCST-02400,COR-029,2026-10-03,10,Night (22:00-04:00),94.1
FCST-02401,COR-044,2026-09-05,9,Afternoon (12:00-18:00),92.9
FCST-02402,COR-050,2026-09-09,38,Night (22:00-04:00),95.5
FCST-02403,COR-040,2026-09-20,35,Off-Peak,94.8
FCST-02404,COR-015,2026-09-13,24,Morning (06:00-12:00),86.0
FCST-02405,COR-083,2026-09-07,16,Night (22:00-04:00),97.5
FCST-02406,COR-059,2026-09-09,24,Night (22:00-04:00),97.1
FCST-02407,COR-096,2026-09-15,29,Night (22:00-04:00),94.5
FCST-02408,COR-094,2026-09-24,10,Morning (06:00-12:00),82.6
FCST-02409,COR-011,2026-10-01,24,Morning (06:00-12:00),84.2
FCST-02410,COR-030,2026-10-02,29,Off-Peak,93.5
FCST-02411,COR-063,2026-09-29,23,Off-Peak,94.0
FCST-02412,COR-022,2026-09-09,45,Afternoon (12:00-18:00),84.9
FCST-02413,COR-072,2026-09-12,13,Off-Peak,88.5
FCST-02414,COR-046,2026-10-04,44,Night (22:00-04:00),95.4
FCST-02415,COR-022,2026-09-13,44,Morning (06:00-12:00),87.0
FCST-02416,COR-022,2026-09-28,10,Off-Peak,89.9
FCST-02417,COR-044,2026-09-13,37,Night (22:00-04:00),79.4
FCST-02418,COR-037,2026-09-17,44,Morning (06:00-12:00),83.4
FCST-02419,COR-062,2026-09-10,14,Night (22:00-04:00),88.2
FCST-02420,COR-090,2026-09-22,19,Night (22:00-04:00),84.9
FCST-02421,COR-021,2026-09-05,42,Night (22:00-04:00),86.9
FCST-02422,COR-020,2026-10-02,35,Morning (06:00-12:00),85.4
FCST-02423,COR-090,2026-09-09,44,Afternoon (12:00-18:00),88.4
FCST-02424,COR-008,2026-09-22,35,Off-Peak,79.4
FCST-02425,COR-075,2026-09-23,15,Off-Peak,85.6
FCST-02426,COR-066,2026-09-24,10,Night (22:00-04:00),96.4
FCST-02427,COR-095,2026-09-21,38,Morning (06:00-12:00),85.9
FCST-02428,COR-075,2026-09-14,37,Night (22:00-04:00),94.6
FCST-02429,COR-026,2026-09-27,34,Morning (06:00-12:00),85.8
FCST-02430,COR-090,2026-09-18,36,Off-Peak,90.5
FCST-02431,COR-057,2026-09-07,45,Morning (06:00-12:00),82.2
FCST-02432,COR-027,2026-10-01,32,Off-Peak,96.6
FCST-02433,COR-072,2026-09-26,27,Morning (06:00-12:00),80.1
FCST-02434,COR-100,2026-09-20,36,Night (22:00-04:00),93.1
FCST-02435,COR-002,2026-09-30,14,Afternoon (12:00-18:00),96.2
FCST-02436,COR-094,2026-09-24,33,Morning (06:00-12:00),92.1
FCST-02437,COR-087,2026-09-09,20,Morning (06:00-12:00),83.7
FCST-02438,COR-096,2026-09-13,20,Morning (06:00-12:00),87.7
FCST-02439,COR-057,2026-09-30,23,Afternoon (12:00-18:00),82.2
FCST-02440,COR-002,2026-09-28,43,Morning (06:00-12:00),92.0
FCST-02441,COR-046,2026-09-07,10,Off-Peak,91.5
FCST-02442,COR-030,2026-09-22,9,Off-Peak,80.7
FCST-02443,COR-023,2026-09-26,26,Night (22:00-04:00),97.4
FCST-02444,COR-055,2026-09-13,24,Night (22:00-04:00),79.4
FCST-02445,COR-061,2026-09-05,28,Morning (06:00-12:00),93.1
FCST-02446,COR-022,2026-09-09,29,Off-Peak,96.7
FCST-02447,COR-061,2026-09-19,8,Afternoon (12:00-18:00),85.8
FCST-02448,COR-064,2026-09-25,10,Afternoon (12:00-18:00),84.2
FCST-02449,COR-008,2026-09-15,24,Afternoon (12:00-18:00),93.0
FCST-02450,COR-059,2026-09-28,33,Night (22:00-04:00),78.9
FCST-02451,COR-038,2026-09-18,13,Off-Peak,96.5
FCST-02452,COR-021,2026-09-27,36,Afternoon (12:00-18:00),87.9
FCST-02453,COR-062,2026-09-13,30,Afternoon (12:00-18:00),92.8
FCST-02454,COR-031,2026-09-10,32,Afternoon (12:00-18:00),80.7
FCST-02455,COR-005,2026-09-10,27,Night (22:00-04:00),86.0
FCST-02456,COR-074,2026-09-26,19,Night (22:00-04:00),78.7
FCST-02457,COR-059,2026-10-03,23,Night (22:00-04:00),87.0
FCST-02458,COR-008,2026-09-14,14,Night (22:00-04:00),97.9
FCST-02459,COR-007,2026-09-28,41,Morning (06:00-12:00),93.7
FCST-02460,COR-044,2026-09-14,25,Morning (06:00-12:00),91.0
FCST-02461,COR-004,2026-09-04,35,Morning (06:00-12:00),88.7
FCST-02462,COR-089,2026-09-05,9,Night (22:00-04:00),92.2
FCST-02463,COR-008,2026-09-09,24,Afternoon (12:00-18:00),86.1
FCST-02464,COR-075,2026-09-04,10,Afternoon (12:00-18:00),89.4
FCST-02465,COR-099,2026-09-04,27,Afternoon (12:00-18:00),82.1
FCST-02466,COR-019,2026-09-30,27,Morning (06:00-12:00),80.1
FCST-02467,COR-080,2026-09-11,25,Off-Peak,81.8
FCST-02468,COR-060,2026-09-07,37,Afternoon (12:00-18:00),85.0
FCST-02469,COR-092,2026-09-05,11,Off-Peak,85.9
FCST-02470,COR-088,2026-09-12,34,Morning (06:00-12:00),81.3
FCST-02471,COR-075,2026-09-09,25,Off-Peak,96.3
FCST-02472,COR-089,2026-09-06,30,Night (22:00-04:00),79.8
FCST-02473,COR-081,2026-09-09,10,Night (22:00-04:00),80.9
FCST-02474,COR-055,2026-09-29,28,Afternoon (12:00-18:00),81.2
FCST-02475,COR-040,2026-09-15,29,Off-Peak,93.5
FCST-02476,COR-070,2026-09-06,18,Off-Peak,87.6
FCST-02477,COR-020,2026-09-05,11,Afternoon (12:00-18:00),91.1
FCST-02478,COR-043,2026-09-21,40,Off-Peak,87.2
FCST-02479,COR-018,2026-09-23,30,Morning (06:00-12:00),92.3
FCST-02480,COR-065,2026-09-24,8,Night (22:00-04:00),78.7
FCST-02481,COR-014,2026-09-09,42,Morning (06:00-12:00),83.9
FCST-02482,COR-094,2026-09-07,29,Night (22:00-04:00),90.3
FCST-02483,COR-057,2026-09-05,9,Morning (06:00-12:00),85.3
FCST-02484,COR-073,2026-09-21,13,Off-Peak,93.6
FCST-02485,COR-047,2026-09-24,28,Off-Peak,79.3
FCST-02486,COR-012,2026-09-22,30,Off-Peak,94.8
FCST-02487,COR-057,2026-09-20,38,Off-Peak,92.9
FCST-02488,COR-004,2026-09-29,42,Night (22:00-04:00),92.7
FCST-02489,COR-070,2026-09-09,42,Morning (06:00-12:00),97.4
FCST-02490,COR-094,2026-09-29,40,Morning (06:00-12:00),93.1
FCST-02491,COR-003,2026-09-22,22,Off-Peak,87.4
FCST-02492,COR-072,2026-09-18,21,Off-Peak,88.0
FCST-02493,COR-050,2026-09-17,24,Night (22:00-04:00),91.3
FCST-02494,COR-094,2026-09-16,37,Night (22:00-04:00),83.8
FCST-02495,COR-066,2026-09-16,38,Afternoon (12:00-18:00),95.7
FCST-02496,COR-066,2026-09-11,14,Morning (06:00-12:00),94.2
FCST-02497,COR-084,2026-10-04,37,Off-Peak,90.6
FCST-02498,COR-080,2026-09-26,21,Night (22:00-04:00),92.7
FCST-02499,COR-037,2026-09-30,29,Morning (06:00-12:00),95.0
FCST-02500,COR-070,2026-10-03,40,Afternoon (12:00-18:00),93.9
FCST-02501,COR-012,2026-09-28,35,Afternoon (12:00-18:00),93.2
FCST-02502,COR-059,2026-09-08,24,Afternoon (12:00-18:00),80.1
FCST-02503,COR-058,2026-10-03,30,Night (22:00-04:00),90.1
FCST-02504,COR-086,2026-09-22,36,Night (22:00-04:00),79.7
FCST-02505,COR-088,2026-09-29,18,Afternoon (12:00-18:00),82.1
FCST-02506,COR-095,2026-09-24,21,Night (22:00-04:00),94.0
FCST-02507,COR-100,2026-09-22,12,Off-Peak,81.9
FCST-02508,COR-068,2026-09-10,39,Morning (06:00-12:00),78.8
FCST-02509,COR-021,2026-09-11,20,Off-Peak,94.0
FCST-02510,COR-041,2026-09-08,34,Morning (06:00-12:00),78.8
FCST-02511,COR-051,2026-09-29,22,Night (22:00-04:00),86.8
FCST-02512,COR-019,2026-09-06,26,Afternoon (12:00-18:00),87.6
FCST-02513,COR-012,2026-09-06,16,Afternoon (12:00-18:00),96.4
FCST-02514,COR-089,2026-09-24,14,Night (22:00-04:00),94.7
FCST-02515,COR-033,2026-09-22,41,Off-Peak,87.5
FCST-02516,COR-005,2026-09-29,32,Off-Peak,88.9
FCST-02517,COR-019,2026-10-02,12,Night (22:00-04:00),92.3
FCST-02518,COR-074,2026-09-05,17,Off-Peak,90.3
FCST-02519,COR-016,2026-09-17,43,Night (22:00-04:00),88.7
FCST-02520,COR-075,2026-09-09,18,Night (22:00-04:00),79.4
FCST-02521,COR-025,2026-09-22,42,Night (22:00-04:00),92.3
FCST-02522,COR-025,2026-09-18,20,Morning (06:00-12:00),84.6
FCST-02523,COR-082,2026-09-23,33,Afternoon (12:00-18:00),85.6
FCST-02524,COR-052,2026-09-06,8,Night (22:00-04:00),92.8
FCST-02525,COR-034,2026-10-03,34,Afternoon (12:00-18:00),85.2
FCST-02526,COR-082,2026-09-04,37,Morning (06:00-12:00),88.9
FCST-02527,COR-079,2026-09-27,19,Morning (06:00-12:00),83.9
FCST-02528,COR-059,2026-09-28,9,Afternoon (12:00-18:00),90.1
FCST-02529,COR-089,2026-09-07,22,Afternoon (12:00-18:00),83.9
FCST-02530,COR-093,2026-09-27,17,Off-Peak,87.5
FCST-02531,COR-065,2026-09-30,36,Night (22:00-04:00),94.7
FCST-02532,COR-083,2026-09-26,26,Morning (06:00-12:00),94.6
FCST-02533,COR-009,2026-09-29,33,Morning (06:00-12:00),97.3
FCST-02534,COR-037,2026-09-13,20,Night (22:00-04:00),95.9
FCST-02535,COR-090,2026-09-14,9,Afternoon (12:00-18:00),81.4
FCST-02536,COR-027,2026-09-25,40,Morning (06:00-12:00),79.7
FCST-02537,COR-028,2026-09-29,10,Morning (06:00-12:00),83.5
FCST-02538,COR-044,2026-09-06,36,Off-Peak,97.7
FCST-02539,COR-025,2026-09-29,13,Afternoon (12:00-18:00),81.0
FCST-02540,COR-038,2026-09-12,29,Afternoon (12:00-18:00),96.3
FCST-02541,COR-050,2026-09-30,10,Night (22:00-04:00),91.3
FCST-02542,COR-043,2026-09-13,15,Night (22:00-04:00),96.5
FCST-02543,COR-030,2026-09-27,22,Morning (06:00-12:00),89.9
FCST-02544,COR-009,2026-10-01,41,Off-Peak,96.9
FCST-02545,COR-090,2026-09-14,32,Morning (06:00-12:00),90.3
FCST-02546,COR-063,2026-09-15,20,Off-Peak,87.1
FCST-02547,COR-036,2026-09-16,24,Afternoon (12:00-18:00),81.0
FCST-02548,COR-079,2026-09-08,35,Morning (06:00-12:00),93.2
FCST-02549,COR-011,2026-09-22,27,Afternoon (12:00-18:00),78.5
FCST-02550,COR-078,2026-09-22,17,Morning (06:00-12:00),95.7
FCST-02551,COR-010,2026-09-30,39,Afternoon (12:00-18:00),81.0
FCST-02552,COR-089,2026-09-23,30,Afternoon (12:00-18:00),89.0
FCST-02553,COR-064,2026-09-12,22,Morning (06:00-12:00),94.0
FCST-02554,COR-049,2026-09-30,23,Afternoon (12:00-18:00),83.3
FCST-02555,COR-070,2026-09-26,25,Afternoon (12:00-18:00),90.7
FCST-02556,COR-073,2026-09-10,29,Afternoon (12:00-18:00),92.1
FCST-02557,COR-046,2026-09-26,25,Morning (06:00-12:00),86.9
FCST-02558,COR-045,2026-09-08,44,Night (22:00-04:00),84.5
FCST-02559,COR-085,2026-09-16,8,Afternoon (12:00-18:00),82.6
FCST-02560,COR-027,2026-09-27,43,Off-Peak,78.6
FCST-02561,COR-039,2026-09-22,30,Afternoon (12:00-18:00),90.5
FCST-02562,COR-019,2026-09-04,14,Night (22:00-04:00),81.1
FCST-02563,COR-024,2026-09-13,23,Afternoon (12:00-18:00),98.1
FCST-02564,COR-095,2026-10-02,43,Night (22:00-04:00),97.4
FCST-02565,COR-047,2026-09-19,45,Afternoon (12:00-18:00),84.1
FCST-02566,COR-017,2026-09-22,35,Night (22:00-04:00),86.5
FCST-02567,COR-090,2026-09-25,15,Morning (06:00-12:00),97.6
FCST-02568,COR-079,2026-09-28,12,Afternoon (12:00-18:00),91.0
FCST-02569,COR-072,2026-09-28,40,Off-Peak,96.0
FCST-02570,COR-042,2026-09-15,41,Morning (06:00-12:00),80.0
FCST-02571,COR-052,2026-09-29,37,Off-Peak,91.0
FCST-02572,COR-020,2026-09-18,39,Night (22:00-04:00),79.1
FCST-02573,COR-037,2026-09-13,8,Morning (06:00-12:00),88.5
FCST-02574,COR-039,2026-09-29,29,Off-Peak,83.9
FCST-02575,COR-020,2026-09-17,45,Morning (06:00-12:00),93.8
FCST-02576,COR-071,2026-09-18,14,Afternoon (12:00-18:00),82.4
FCST-02577,COR-092,2026-09-11,14,Morning (06:00-12:00),92.0
FCST-02578,COR-097,2026-09-12,10,Night (22:00-04:00),81.9
FCST-02579,COR-095,2026-09-27,18,Night (22:00-04:00),95.3
FCST-02580,COR-019,2026-09-22,16,Morning (06:00-12:00),94.2
FCST-02581,COR-098,2026-09-18,28,Night (22:00-04:00),80.7
FCST-02582,COR-048,2026-09-07,19,Night (22:00-04:00),79.2
FCST-02583,COR-032,2026-09-08,29,Off-Peak,81.1
FCST-02584,COR-100,2026-09-13,23,Night (22:00-04:00),95.9
FCST-02585,COR-029,2026-09-27,25,Night (22:00-04:00),85.7
FCST-02586,COR-069,2026-09-25,25,Off-Peak,79.7
FCST-02587,COR-024,2026-09-11,36,Off-Peak,83.4
FCST-02588,COR-011,2026-09-20,30,Off-Peak,87.9
FCST-02589,COR-059,2026-10-01,37,Night (22:00-04:00),90.5
FCST-02590,COR-089,2026-09-18,42,Night (22:00-04:00),86.9
FCST-02591,COR-034,2026-09-27,21,Afternoon (12:00-18:00),78.8
FCST-02592,COR-028,2026-09-15,44,Night (22:00-04:00),81.7
FCST-02593,COR-047,2026-09-13,36,Night (22:00-04:00),83.7
FCST-02594,COR-084,2026-09-09,20,Morning (06:00-12:00),85.8
FCST-02595,COR-065,2026-09-12,21,Night (22:00-04:00),94.3
FCST-02596,COR-043,2026-10-04,15,Afternoon (12:00-18:00),94.9
FCST-02597,COR-008,2026-09-18,32,Off-Peak,81.7
FCST-02598,COR-001,2026-09-28,43,Afternoon (12:00-18:00),88.3
FCST-02599,COR-034,2026-10-04,26,Morning (06:00-12:00),87.7
FCST-02600,COR-032,2026-09-10,26,Off-Peak,84.3
FCST-02601,COR-014,2026-09-26,28,Off-Peak,97.6
FCST-02602,COR-036,2026-09-08,20,Off-Peak,92.6
FCST-02603,COR-057,2026-09-15,13,Night (22:00-04:00),80.1
FCST-02604,COR-028,2026-09-29,20,Night (22:00-04:00),95.5
FCST-02605,COR-056,2026-09-24,14,Night (22:00-04:00),81.0
FCST-02606,COR-010,2026-09-25,15,Morning (06:00-12:00),90.1
FCST-02607,COR-072,2026-09-13,11,Night (22:00-04:00),83.5
FCST-02608,COR-024,2026-09-09,13,Afternoon (12:00-18:00),82.5
FCST-02609,COR-047,2026-09-17,18,Afternoon (12:00-18:00),90.5
FCST-02610,COR-080,2026-09-20,33,Afternoon (12:00-18:00),81.2
FCST-02611,COR-065,2026-10-04,43,Morning (06:00-12:00),87.6
FCST-02612,COR-012,2026-09-09,28,Off-Peak,97.3
FCST-02613,COR-085,2026-09-07,39,Night (22:00-04:00),78.9
FCST-02614,COR-036,2026-09-14,27,Afternoon (12:00-18:00),89.8
FCST-02615,COR-042,2026-10-03,15,Morning (06:00-12:00),96.6
FCST-02616,COR-082,2026-09-24,13,Morning (06:00-12:00),79.9
FCST-02617,COR-048,2026-09-04,42,Morning (06:00-12:00),86.9
FCST-02618,COR-077,2026-09-27,33,Afternoon (12:00-18:00),88.2
FCST-02619,COR-029,2026-09-06,10,Morning (06:00-12:00),94.6
FCST-02620,COR-013,2026-10-03,10,Morning (06:00-12:00),94.8
FCST-02621,COR-020,2026-09-23,30,Night (22:00-04:00),97.0
FCST-02622,COR-029,2026-10-03,39,Afternoon (12:00-18:00),81.2
FCST-02623,COR-100,2026-09-25,14,Afternoon (12:00-18:00),97.3
FCST-02624,COR-077,2026-09-12,34,Afternoon (12:00-18:00),88.0
FCST-02625,COR-068,2026-09-07,40,Off-Peak,87.9
FCST-02626,COR-034,2026-09-11,17,Night (22:00-04:00),95.8
FCST-02627,COR-079,2026-09-25,43,Night (22:00-04:00),94.6
FCST-02628,COR-095,2026-09-24,45,Afternoon (12:00-18:00),92.4
FCST-02629,COR-099,2026-10-01,37,Off-Peak,97.2
FCST-02630,COR-079,2026-09-06,24,Morning (06:00-12:00),96.2
FCST-02631,COR-009,2026-09-15,18,Afternoon (12:00-18:00),78.6
FCST-02632,COR-040,2026-09-10,9,Morning (06:00-12:00),97.7
FCST-02633,COR-034,2026-09-11,40,Afternoon (12:00-18:00),82.1
FCST-02634,COR-093,2026-10-01,22,Night (22:00-04:00),80.6
FCST-02635,COR-041,2026-09-14,16,Off-Peak,79.7
FCST-02636,COR-058,2026-09-05,44,Night (22:00-04:00),93.8
FCST-02637,COR-082,2026-09-26,30,Afternoon (12:00-18:00),86.0
FCST-02638,COR-024,2026-09-08,36,Morning (06:00-12:00),82.3
FCST-02639,COR-048,2026-09-30,32,Off-Peak,82.1
FCST-02640,COR-033,2026-09-14,14,Off-Peak,80.8
FCST-02641,COR-007,2026-09-14,32,Night (22:00-04:00),92.5
FCST-02642,COR-077,2026-09-07,20,Night (22:00-04:00),83.2
FCST-02643,COR-001,2026-09-22,41,Morning (06:00-12:00),80.3
FCST-02644,COR-060,2026-09-16,18,Night (22:00-04:00),86.6
FCST-02645,COR-081,2026-09-06,12,Morning (06:00-12:00),83.2
FCST-02646,COR-010,2026-09-22,9,Morning (06:00-12:00),88.0
FCST-02647,COR-057,2026-09-10,44,Off-Peak,97.5
FCST-02648,COR-033,2026-09-11,32,Morning (06:00-12:00),92.1
FCST-02649,COR-050,2026-09-16,11,Off-Peak,90.2
FCST-02650,COR-066,2026-09-21,19,Night (22:00-04:00),78.9
FCST-02651,COR-031,2026-09-26,24,Afternoon (12:00-18:00),80.0
FCST-02652,COR-034,2026-10-04,34,Night (22:00-04:00),82.4
FCST-02653,COR-052,2026-09-19,32,Afternoon (12:00-18:00),90.8
FCST-02654,COR-002,2026-09-14,42,Off-Peak,93.3
FCST-02655,COR-094,2026-09-21,8,Afternoon (12:00-18:00),78.7
FCST-02656,COR-011,2026-09-05,20,Morning (06:00-12:00),81.0
FCST-02657,COR-049,2026-09-14,38,Morning (06:00-12:00),94.9
FCST-02658,COR-024,2026-10-02,11,Afternoon (12:00-18:00),90.0
FCST-02659,COR-048,2026-09-19,22,Night (22:00-04:00),90.6
FCST-02660,COR-018,2026-09-06,13,Night (22:00-04:00),83.2
FCST-02661,COR-003,2026-09-23,31,Off-Peak,93.4
FCST-02662,COR-076,2026-09-04,8,Off-Peak,79.1
FCST-02663,COR-025,2026-09-11,35,Off-Peak,95.2
FCST-02664,COR-082,2026-09-16,16,Night (22:00-04:00),95.6
FCST-02665,COR-051,2026-09-27,13,Afternoon (12:00-18:00),86.6
FCST-02666,COR-096,2026-09-11,41,Afternoon (12:00-18:00),86.3
FCST-02667,COR-059,2026-10-02,11,Afternoon (12:00-18:00),97.9
FCST-02668,COR-029,2026-09-25,19,Off-Peak,97.0
FCST-02669,COR-014,2026-09-30,32,Afternoon (12:00-18:00),88.9
FCST-02670,COR-082,2026-09-10,18,Afternoon (12:00-18:00),90.0
FCST-02671,COR-059,2026-09-11,12,Morning (06:00-12:00),81.5
FCST-02672,COR-022,2026-09-17,18,Night (22:00-04:00),82.7
FCST-02673,COR-086,2026-09-10,42,Afternoon (12:00-18:00),88.1
FCST-02674,COR-030,2026-09-04,34,Off-Peak,95.3
FCST-02675,COR-053,2026-09-24,13,Night (22:00-04:00),89.8
FCST-02676,COR-060,2026-09-25,25,Morning (06:00-12:00),93.9
FCST-02677,COR-048,2026-09-04,39,Morning (06:00-12:00),95.0
FCST-02678,COR-054,2026-09-06,20,Afternoon (12:00-18:00),91.8
FCST-02679,COR-060,2026-09-18,21,Afternoon (12:00-18:00),89.7
FCST-02680,COR-092,2026-10-01,22,Morning (06:00-12:00),80.7
FCST-02681,COR-010,2026-09-09,8,Afternoon (12:00-18:00),90.2
FCST-02682,COR-083,2026-09-05,39,Afternoon (12:00-18:00),80.5
FCST-02683,COR-081,2026-09-21,15,Afternoon (12:00-18:00),83.5
FCST-02684,COR-010,2026-10-04,31,Night (22:00-04:00),95.7
FCST-02685,COR-004,2026-09-08,21,Night (22:00-04:00),89.4
FCST-02686,COR-035,2026-09-24,25,Off-Peak,83.0
FCST-02687,COR-065,2026-09-11,41,Night (22:00-04:00),97.3
FCST-02688,COR-034,2026-10-03,10,Afternoon (12:00-18:00),87.9
FCST-02689,COR-037,2026-09-04,10,Afternoon (12:00-18:00),98.0
FCST-02690,COR-060,2026-09-21,41,Off-Peak,91.5
FCST-02691,COR-037,2026-09-27,12,Morning (06:00-12:00),90.6
FCST-02692,COR-059,2026-09-13,9,Morning (06:00-12:00),91.7
FCST-02693,COR-047,2026-09-13,32,Off-Peak,94.9
FCST-02694,COR-014,2026-09-27,30,Off-Peak,89.0
FCST-02695,COR-004,2026-09-20,32,Off-Peak,95.6
FCST-02696,COR-058,2026-09-30,26,Off-Peak,86.0
FCST-02697,COR-045,2026-09-29,45,Off-Peak,95.7
FCST-02698,COR-003,2026-10-03,43,Afternoon (12:00-18:00),93.4
FCST-02699,COR-016,2026-09-08,19,Morning (06:00-12:00),83.1
FCST-02700,COR-063,2026-09-24,39,Night (22:00-04:00),79.1
FCST-02701,COR-058,2026-09-16,15,Off-Peak,87.1
FCST-02702,COR-014,2026-09-24,29,Morning (06:00-12:00),85.0
FCST-02703,COR-019,2026-09-15,9,Morning (06:00-12:00),94.1
FCST-02704,COR-098,2026-09-09,34,Night (22:00-04:00),95.7
FCST-02705,COR-050,2026-09-15,45,Morning (06:00-12:00),98.0
FCST-02706,COR-042,2026-09-29,30,Afternoon (12:00-18:00),88.7
FCST-02707,COR-038,2026-09-21,29,Afternoon (12:00-18:00),97.0
FCST-02708,COR-054,2026-09-26,8,Afternoon (12:00-18:00),80.2
FCST-02709,COR-042,2026-09-23,13,Morning (06:00-12:00),84.8
FCST-02710,COR-019,2026-09-27,32,Off-Peak,97.9
FCST-02711,COR-094,2026-09-27,28,Off-Peak,78.9
FCST-02712,COR-025,2026-09-26,19,Off-Peak,90.8
FCST-02713,COR-078,2026-09-24,11,Morning (06:00-12:00),94.2
FCST-02714,COR-039,2026-09-20,38,Off-Peak,87.8
FCST-02715,COR-041,2026-10-04,43,Off-Peak,93.4
FCST-02716,COR-039,2026-09-08,35,Morning (06:00-12:00),82.9
FCST-02717,COR-042,2026-09-20,39,Afternoon (12:00-18:00),97.8
FCST-02718,COR-071,2026-09-04,26,Night (22:00-04:00),79.9
FCST-02719,COR-062,2026-09-30,14,Night (22:00-04:00),97.0
FCST-02720,COR-053,2026-09-11,33,Morning (06:00-12:00),80.7
FCST-02721,COR-005,2026-09-13,28,Afternoon (12:00-18:00),93.5
FCST-02722,COR-067,2026-09-16,45,Night (22:00-04:00),91.8
FCST-02723,COR-008,2026-09-14,8,Morning (06:00-12:00),85.8
FCST-02724,COR-084,2026-09-26,24,Afternoon (12:00-18:00),91.4
FCST-02725,COR-041,2026-09-29,26,Afternoon (12:00-18:00),91.9
FCST-02726,COR-001,2026-09-11,15,Morning (06:00-12:00),89.8
FCST-02727,COR-098,2026-09-22,12,Off-Peak,80.7
FCST-02728,COR-014,2026-09-09,19,Morning (06:00-12:00),98.0
FCST-02729,COR-072,2026-09-07,33,Night (22:00-04:00),91.7
FCST-02730,COR-021,2026-09-13,35,Afternoon (12:00-18:00),82.1
FCST-02731,COR-050,2026-10-01,28,Night (22:00-04:00),90.4
FCST-02732,COR-021,2026-09-13,16,Night (22:00-04:00),91.8
FCST-02733,COR-021,2026-10-01,8,Off-Peak,82.6
FCST-02734,COR-063,2026-09-04,42,Morning (06:00-12:00),84.0
FCST-02735,COR-056,2026-09-09,20,Off-Peak,94.0
FCST-02736,COR-054,2026-09-29,43,Morning (06:00-12:00),83.0
FCST-02737,COR-030,2026-09-15,8,Night (22:00-04:00),97.4
FCST-02738,COR-057,2026-09-24,44,Morning (06:00-12:00),97.2
FCST-02739,COR-038,2026-09-09,17,Off-Peak,89.8
FCST-02740,COR-087,2026-10-01,31,Night (22:00-04:00),88.9
FCST-02741,COR-029,2026-09-06,24,Morning (06:00-12:00),86.1
FCST-02742,COR-092,2026-09-26,19,Night (22:00-04:00),80.0
FCST-02743,COR-004,2026-09-16,24,Afternoon (12:00-18:00),81.6
FCST-02744,COR-035,2026-09-08,31,Night (22:00-04:00),89.2
FCST-02745,COR-006,2026-09-26,20,Off-Peak,93.8
FCST-02746,COR-005,2026-09-29,15,Afternoon (12:00-18:00),95.5
FCST-02747,COR-065,2026-10-04,26,Morning (06:00-12:00),86.7
FCST-02748,COR-009,2026-09-16,17,Morning (06:00-12:00),90.2
FCST-02749,COR-088,2026-09-26,14,Off-Peak,93.8
FCST-02750,COR-059,2026-09-15,41,Morning (06:00-12:00),90.2
FCST-02751,COR-086,2026-09-07,31,Morning (06:00-12:00),93.3
FCST-02752,COR-046,2026-09-29,12,Afternoon (12:00-18:00),78.7
FCST-02753,COR-040,2026-09-05,34,Night (22:00-04:00),83.9
FCST-02754,COR-012,2026-09-04,39,Night (22:00-04:00),90.8
FCST-02755,COR-008,2026-10-01,35,Morning (06:00-12:00),98.0
FCST-02756,COR-020,2026-09-11,28,Off-Peak,83.6
FCST-02757,COR-026,2026-09-17,45,Morning (06:00-12:00),95.3
FCST-02758,COR-043,2026-09-21,15,Off-Peak,87.9
FCST-02759,COR-083,2026-09-08,11,Afternoon (12:00-18:00),92.5
FCST-02760,COR-055,2026-09-07,34,Afternoon (12:00-18:00),96.6
FCST-02761,COR-091,2026-09-20,13,Night (22:00-04:00),95.2
FCST-02762,COR-045,2026-09-18,27,Off-Peak,83.4
FCST-02763,COR-070,2026-09-12,27,Off-Peak,90.3
FCST-02764,COR-061,2026-09-04,16,Afternoon (12:00-18:00),85.3
FCST-02765,COR-041,2026-09-28,25,Off-Peak,79.9
FCST-02766,COR-037,2026-10-03,38,Off-Peak,84.1
FCST-02767,COR-029,2026-09-30,44,Afternoon (12:00-18:00),93.2
FCST-02768,COR-011,2026-09-20,13,Afternoon (12:00-18:00),87.5
FCST-02769,COR-082,2026-09-25,39,Afternoon (12:00-18:00),85.0
FCST-02770,COR-029,2026-09-22,39,Afternoon (12:00-18:00),79.2
FCST-02771,COR-004,2026-09-11,19,Night (22:00-04:00),85.2
FCST-02772,COR-007,2026-09-04,24,Off-Peak,85.2
FCST-02773,COR-037,2026-09-19,9,Afternoon (12:00-18:00),86.4
FCST-02774,COR-049,2026-09-22,37,Off-Peak,87.7
FCST-02775,COR-055,2026-09-23,30,Afternoon (12:00-18:00),95.9
FCST-02776,COR-007,2026-09-14,9,Morning (06:00-12:00),91.7
FCST-02777,COR-064,2026-09-29,15,Afternoon (12:00-18:00),86.3
FCST-02778,COR-066,2026-09-10,37,Night (22:00-04:00),81.2
FCST-02779,COR-095,2026-09-25,30,Night (22:00-04:00),84.9
FCST-02780,COR-030,2026-09-30,8,Off-Peak,89.0
FCST-02781,COR-063,2026-09-29,8,Morning (06:00-12:00),87.8
FCST-02782,COR-050,2026-09-18,19,Afternoon (12:00-18:00),79.7
FCST-02783,COR-029,2026-09-20,25,Night (22:00-04:00),82.7
FCST-02784,COR-057,2026-09-24,34,Off-Peak,88.2
FCST-02785,COR-034,2026-09-05,24,Night (22:00-04:00),91.4
FCST-02786,COR-065,2026-09-14,16,Off-Peak,94.2
FCST-02787,COR-002,2026-09-14,22,Afternoon (12:00-18:00),95.0
FCST-02788,COR-050,2026-09-08,13,Afternoon (12:00-18:00),87.8
FCST-02789,COR-072,2026-09-12,13,Afternoon (12:00-18:00),93.4
FCST-02790,COR-097,2026-09-27,13,Off-Peak,85.9
FCST-02791,COR-068,2026-09-27,23,Afternoon (12:00-18:00),96.9
FCST-02792,COR-001,2026-09-24,44,Afternoon (12:00-18:00),82.5
FCST-02793,COR-052,2026-09-28,38,Morning (06:00-12:00),83.1
FCST-02794,COR-056,2026-09-28,29,Morning (06:00-12:00),94.8
FCST-02795,COR-014,2026-09-20,25,Morning (06:00-12:00),82.8
FCST-02796,COR-089,2026-09-11,15,Morning (06:00-12:00),90.8
FCST-02797,COR-037,2026-09-05,23,Morning (06:00-12:00),88.9
FCST-02798,COR-088,2026-09-04,35,Afternoon (12:00-18:00),82.4
FCST-02799,COR-084,2026-09-14,20,Off-Peak,93.4
FCST-02800,COR-085,2026-09-26,14,Morning (06:00-12:00),93.0
FCST-02801,COR-032,2026-09-06,22,Morning (06:00-12:00),83.8
FCST-02802,COR-082,2026-09-18,42,Night (22:00-04:00),87.0
FCST-02803,COR-090,2026-09-11,14,Off-Peak,87.6
FCST-02804,COR-060,2026-09-18,9,Morning (06:00-12:00),80.3
FCST-02805,COR-073,2026-09-29,17,Off-Peak,92.5
FCST-02806,COR-067,2026-09-18,38,Morning (06:00-12:00),84.1
FCST-02807,COR-064,2026-09-13,43,Afternoon (12:00-18:00),81.3
FCST-02808,COR-042,2026-09-13,23,Morning (06:00-12:00),93.9
FCST-02809,COR-045,2026-09-24,33,Afternoon (12:00-18:00),88.9
FCST-02810,COR-066,2026-09-28,13,Night (22:00-04:00),93.5
FCST-02811,COR-093,2026-10-04,27,Night (22:00-04:00),91.3
FCST-02812,COR-011,2026-09-22,43,Morning (06:00-12:00),82.8
FCST-02813,COR-030,2026-09-11,41,Afternoon (12:00-18:00),92.0
FCST-02814,COR-022,2026-09-16,13,Afternoon (12:00-18:00),96.1
FCST-02815,COR-061,2026-09-22,42,Afternoon (12:00-18:00),88.1
FCST-02816,COR-035,2026-09-25,12,Night (22:00-04:00),85.9
FCST-02817,COR-074,2026-09-14,34,Morning (06:00-12:00),94.1
FCST-02818,COR-083,2026-09-07,26,Off-Peak,88.4
FCST-02819,COR-082,2026-09-23,8,Afternoon (12:00-18:00),91.1
FCST-02820,COR-006,2026-09-17,28,Afternoon (12:00-18:00),78.6
FCST-02821,COR-034,2026-09-04,13,Night (22:00-04:00),96.3
FCST-02822,COR-037,2026-09-23,36,Off-Peak,91.2
FCST-02823,COR-089,2026-09-16,19,Afternoon (12:00-18:00),84.4
FCST-02824,COR-047,2026-10-03,9,Morning (06:00-12:00),97.9
FCST-02825,COR-029,2026-09-29,35,Off-Peak,83.5
FCST-02826,COR-031,2026-09-10,44,Night (22:00-04:00),92.6
FCST-02827,COR-003,2026-09-26,16,Off-Peak,93.1
FCST-02828,COR-010,2026-09-30,28,Off-Peak,95.1
FCST-02829,COR-083,2026-09-17,8,Night (22:00-04:00),92.3
FCST-02830,COR-093,2026-09-30,19,Off-Peak,83.5
FCST-02831,COR-075,2026-10-02,14,Afternoon (12:00-18:00),80.2
FCST-02832,COR-097,2026-09-26,15,Off-Peak,85.3
FCST-02833,COR-049,2026-09-27,28,Morning (06:00-12:00),79.0
FCST-02834,COR-075,2026-09-23,26,Afternoon (12:00-18:00),87.8
FCST-02835,COR-031,2026-09-06,41,Afternoon (12:00-18:00),83.4
FCST-02836,COR-003,2026-09-11,22,Off-Peak,95.6
FCST-02837,COR-070,2026-09-24,19,Morning (06:00-12:00),96.0
FCST-02838,COR-046,2026-09-12,40,Night (22:00-04:00),90.2
FCST-02839,COR-087,2026-09-13,38,Afternoon (12:00-18:00),85.0
FCST-02840,COR-040,2026-09-19,30,Off-Peak,78.5
FCST-02841,COR-073,2026-09-24,35,Afternoon (12:00-18:00),90.9
FCST-02842,COR-018,2026-09-17,42,Morning (06:00-12:00),82.2
FCST-02843,COR-021,2026-09-13,37,Afternoon (12:00-18:00),80.2
FCST-02844,COR-069,2026-09-16,19,Off-Peak,80.8
FCST-02845,COR-100,2026-10-04,45,Night (22:00-04:00),92.1
FCST-02846,COR-065,2026-09-24,8,Night (22:00-04:00),83.5
FCST-02847,COR-053,2026-09-15,16,Off-Peak,94.4
FCST-02848,COR-072,2026-09-08,29,Afternoon (12:00-18:00),92.8
FCST-02849,COR-062,2026-09-18,22,Afternoon (12:00-18:00),79.9
FCST-02850,COR-044,2026-09-06,32,Morning (06:00-12:00),93.2
FCST-02851,COR-006,2026-09-18,43,Night (22:00-04:00),80.9
FCST-02852,COR-084,2026-09-06,22,Afternoon (12:00-18:00),78.7
FCST-02853,COR-019,2026-10-01,8,Off-Peak,90.4
FCST-02854,COR-047,2026-09-29,20,Morning (06:00-12:00),96.7
FCST-02855,COR-075,2026-09-28,19,Night (22:00-04:00),93.7
FCST-02856,COR-060,2026-09-11,8,Off-Peak,95.9
FCST-02857,COR-007,2026-09-30,38,Morning (06:00-12:00),92.0
FCST-02858,COR-089,2026-09-11,18,Afternoon (12:00-18:00),93.2
FCST-02859,COR-081,2026-10-03,31,Night (22:00-04:00),85.8
FCST-02860,COR-045,2026-09-12,33,Off-Peak,82.1
FCST-02861,COR-082,2026-10-02,20,Afternoon (12:00-18:00),94.0
FCST-02862,COR-018,2026-09-17,19,Afternoon (12:00-18:00),93.9
FCST-02863,COR-096,2026-09-26,39,Afternoon (12:00-18:00),84.8
FCST-02864,COR-100,2026-09-26,21,Afternoon (12:00-18:00),94.3
FCST-02865,COR-003,2026-09-04,43,Afternoon (12:00-18:00),80.1
FCST-02866,COR-051,2026-09-11,45,Morning (06:00-12:00),84.0
FCST-02867,COR-014,2026-09-12,23,Afternoon (12:00-18:00),93.2
FCST-02868,COR-055,2026-09-04,25,Afternoon (12:00-18:00),87.1
FCST-02869,COR-010,2026-09-13,27,Morning (06:00-12:00),95.1
FCST-02870,COR-045,2026-09-26,44,Night (22:00-04:00),84.2
FCST-02871,COR-029,2026-09-09,9,Afternoon (12:00-18:00),79.6
FCST-02872,COR-004,2026-09-05,30,Morning (06:00-12:00),82.7
FCST-02873,COR-033,2026-10-02,24,Off-Peak,96.1
FCST-02874,COR-041,2026-09-24,32,Off-Peak,88.8
FCST-02875,COR-045,2026-09-10,19,Night (22:00-04:00),98.1
FCST-02876,COR-083,2026-09-16,26,Afternoon (12:00-18:00),86.2
FCST-02877,COR-017,2026-09-20,18,Night (22:00-04:00),94.6
FCST-02878,COR-065,2026-09-25,16,Off-Peak,91.7
FCST-02879,COR-084,2026-09-06,18,Night (22:00-04:00),84.9
FCST-02880,COR-060,2026-10-04,24,Off-Peak,95.0
FCST-02881,COR-060,2026-10-01,10,Morning (06:00-12:00),83.3
FCST-02882,COR-013,2026-09-20,32,Morning (06:00-12:00),82.8
FCST-02883,COR-070,2026-09-09,16,Night (22:00-04:00),94.9
FCST-02884,COR-071,2026-09-26,25,Off-Peak,91.9
FCST-02885,COR-061,2026-09-04,24,Off-Peak,87.8
FCST-02886,COR-093,2026-10-03,33,Night (22:00-04:00),78.7
FCST-02887,COR-018,2026-09-08,42,Morning (06:00-12:00),96.2
FCST-02888,COR-029,2026-09-30,35,Afternoon (12:00-18:00),84.7
FCST-02889,COR-088,2026-09-04,12,Morning (06:00-12:00),79.5
FCST-02890,COR-009,2026-09-25,17,Night (22:00-04:00),83.2
FCST-02891,COR-011,2026-09-16,12,Afternoon (12:00-18:00),94.9
FCST-02892,COR-056,2026-09-07,42,Night (22:00-04:00),82.7
FCST-02893,COR-025,2026-09-14,24,Afternoon (12:00-18:00),94.5
FCST-02894,COR-078,2026-09-09,34,Morning (06:00-12:00),91.4
FCST-02895,COR-057,2026-10-03,8,Afternoon (12:00-18:00),88.4
FCST-02896,COR-009,2026-09-22,25,Morning (06:00-12:00),87.7
FCST-02897,COR-091,2026-09-17,14,Off-Peak,86.6
FCST-02898,COR-082,2026-09-28,12,Night (22:00-04:00),87.5
FCST-02899,COR-039,2026-09-25,38,Night (22:00-04:00),83.1
FCST-02900,COR-025,2026-09-17,10,Afternoon (12:00-18:00),85.2
FCST-02901,COR-012,2026-10-04,14,Morning (06:00-12:00),85.8
FCST-02902,COR-088,2026-10-01,22,Off-Peak,97.9
FCST-02903,COR-064,2026-09-10,12,Afternoon (12:00-18:00),94.3
FCST-02904,COR-075,2026-09-09,19,Morning (06:00-12:00),90.4
FCST-02905,COR-095,2026-09-19,32,Night (22:00-04:00),90.7
FCST-02906,COR-028,2026-09-19,41,Afternoon (12:00-18:00),82.7
FCST-02907,COR-047,2026-09-30,40,Off-Peak,96.7
FCST-02908,COR-064,2026-09-15,9,Afternoon (12:00-18:00),86.1
FCST-02909,COR-054,2026-09-21,18,Morning (06:00-12:00),82.0
FCST-02910,COR-032,2026-10-01,45,Night (22:00-04:00),89.5
FCST-02911,COR-014,2026-09-27,39,Afternoon (12:00-18:00),82.8
FCST-02912,COR-084,2026-09-09,13,Afternoon (12:00-18:00),83.4
FCST-02913,COR-071,2026-09-26,26,Afternoon (12:00-18:00),88.2
FCST-02914,COR-072,2026-09-21,11,Off-Peak,81.4
FCST-02915,COR-097,2026-10-04,36,Night (22:00-04:00),85.9
FCST-02916,COR-012,2026-09-05,36,Morning (06:00-12:00),87.2
FCST-02917,COR-063,2026-09-18,10,Morning (06:00-12:00),97.1
FCST-02918,COR-019,2026-10-04,9,Afternoon (12:00-18:00),86.7
FCST-02919,COR-025,2026-09-21,13,Afternoon (12:00-18:00),97.4
FCST-02920,COR-089,2026-09-15,23,Afternoon (12:00-18:00),89.2
FCST-02921,COR-051,2026-09-30,35,Afternoon (12:00-18:00),86.5
FCST-02922,COR-007,2026-09-11,43,Morning (06:00-12:00),83.9
FCST-02923,COR-057,2026-09-28,40,Afternoon (12:00-18:00),89.9
FCST-02924,COR-014,2026-09-19,39,Night (22:00-04:00),84.0
FCST-02925,COR-081,2026-09-23,40,Off-Peak,84.0
FCST-02926,COR-023,2026-09-11,13,Afternoon (12:00-18:00),87.2
FCST-02927,COR-023,2026-09-29,14,Night (22:00-04:00),85.9
FCST-02928,COR-085,2026-09-21,24,Off-Peak,90.8
FCST-02929,COR-100,2026-09-11,11,Morning (06:00-12:00),80.6
FCST-02930,COR-036,2026-09-26,32,Off-Peak,82.1
FCST-02931,COR-015,2026-09-23,39,Afternoon (12:00-18:00),91.3
FCST-02932,COR-053,2026-09-11,37,Afternoon (12:00-18:00),92.0
FCST-02933,COR-089,2026-10-01,23,Afternoon (12:00-18:00),79.8
FCST-02934,COR-038,2026-10-03,29,Afternoon (12:00-18:00),84.4
FCST-02935,COR-064,2026-09-10,27,Off-Peak,97.4
FCST-02936,COR-082,2026-09-27,22,Off-Peak,91.7
FCST-02937,COR-010,2026-09-17,10,Off-Peak,95.4
FCST-02938,COR-045,2026-09-11,34,Afternoon (12:00-18:00),78.8
FCST-02939,COR-025,2026-09-05,41,Off-Peak,97.2
FCST-02940,COR-075,2026-09-25,44,Off-Peak,83.6
FCST-02941,COR-086,2026-09-17,29,Night (22:00-04:00),81.6
FCST-02942,COR-097,2026-09-20,38,Morning (06:00-12:00),78.7
FCST-02943,COR-080,2026-09-11,34,Morning (06:00-12:00),79.3
FCST-02944,COR-083,2026-09-13,27,Night (22:00-04:00),94.4
FCST-02945,COR-035,2026-09-23,18,Morning (06:00-12:00),94.2
FCST-02946,COR-093,2026-09-08,14,Afternoon (12:00-18:00),88.9
FCST-02947,COR-081,2026-09-17,22,Off-Peak,83.2
FCST-02948,COR-003,2026-09-15,18,Morning (06:00-12:00),95.1
FCST-02949,COR-086,2026-09-19,20,Morning (06:00-12:00),94.3
FCST-02950,COR-011,2026-10-04,39,Night (22:00-04:00),81.0
FCST-02951,COR-048,2026-09-26,18,Night (22:00-04:00),93.6
FCST-02952,COR-016,2026-10-04,16,Morning (06:00-12:00),92.4
FCST-02953,COR-010,2026-09-20,21,Morning (06:00-12:00),93.2
FCST-02954,COR-094,2026-09-25,30,Night (22:00-04:00),80.2
FCST-02955,COR-073,2026-09-16,30,Morning (06:00-12:00),97.6
FCST-02956,COR-063,2026-09-04,40,Night (22:00-04:00),88.8
FCST-02957,COR-014,2026-09-13,16,Morning (06:00-12:00),83.3
FCST-02958,COR-036,2026-09-21,31,Night (22:00-04:00),80.9
FCST-02959,COR-089,2026-09-07,12,Off-Peak,85.5
FCST-02960,COR-010,2026-09-14,21,Off-Peak,86.0
FCST-02961,COR-016,2026-09-05,23,Night (22:00-04:00),82.8
FCST-02962,COR-010,2026-09-20,40,Morning (06:00-12:00),90.2
FCST-02963,COR-042,2026-09-06,33,Morning (06:00-12:00),89.2
FCST-02964,COR-007,2026-09-21,29,Night (22:00-04:00),91.6
FCST-02965,COR-079,2026-09-27,12,Off-Peak,91.2
FCST-02966,COR-080,2026-09-07,36,Morning (06:00-12:00),98.1
FCST-02967,COR-003,2026-09-24,40,Afternoon (12:00-18:00),90.0
FCST-02968,COR-051,2026-09-05,21,Night (22:00-04:00),79.2
FCST-02969,COR-027,2026-09-26,42,Off-Peak,86.5
FCST-02970,COR-098,2026-09-24,34,Morning (06:00-12:00),94.1
FCST-02971,COR-051,2026-09-10,9,Afternoon (12:00-18:00),95.3
FCST-02972,COR-064,2026-09-13,10,Morning (06:00-12:00),91.8
FCST-02973,COR-016,2026-09-07,38,Night (22:00-04:00),86.3
FCST-02974,COR-096,2026-09-08,31,Off-Peak,83.5
FCST-02975,COR-079,2026-10-04,9,Morning (06:00-12:00),86.0
FCST-02976,COR-011,2026-09-28,11,Night (22:00-04:00),84.6
FCST-02977,COR-017,2026-09-29,18,Afternoon (12:00-18:00),96.6
FCST-02978,COR-017,2026-09-05,14,Afternoon (12:00-18:00),93.1
FCST-02979,COR-044,2026-09-15,31,Morning (06:00-12:00),97.1
FCST-02980,COR-045,2026-09-22,16,Afternoon (12:00-18:00),91.5
FCST-02981,COR-012,2026-10-04,27,Off-Peak,82.8
FCST-02982,COR-093,2026-10-02,28,Off-Peak,84.6
FCST-02983,COR-007,2026-10-04,44,Off-Peak,90.3
FCST-02984,COR-018,2026-10-01,20,Afternoon (12:00-18:00),91.9
FCST-02985,COR-010,2026-09-27,33,Morning (06:00-12:00),83.6
FCST-02986,COR-063,2026-09-16,44,Morning (06:00-12:00),95.4
FCST-02987,COR-012,2026-09-16,27,Morning (06:00-12:00),86.7
FCST-02988,COR-021,2026-09-06,40,Afternoon (12:00-18:00),83.7
FCST-02989,COR-070,2026-09-06,16,Night (22:00-04:00),80.1
FCST-02990,COR-032,2026-10-01,27,Night (22:00-04:00),92.0
FCST-02991,COR-033,2026-09-24,21,Afternoon (12:00-18:00),81.7
FCST-02992,COR-049,2026-09-08,45,Off-Peak,80.6
FCST-02993,COR-081,2026-10-02,34,Morning (06:00-12:00),94.1
FCST-02994,COR-041,2026-09-22,32,Morning (06:00-12:00),84.9
FCST-02995,COR-075,2026-09-10,12,Night (22:00-04:00),93.3
FCST-02996,COR-018,2026-09-12,44,Afternoon (12:00-18:00),87.7
FCST-02997,COR-057,2026-09-23,43,Off-Peak,84.4
FCST-02998,COR-045,2026-09-24,18,Off-Peak,86.5
FCST-02999,COR-085,2026-10-01,18,Off-Peak,90.9
FCST-03000,COR-040,2026-09-21,15,Off-Peak,85.9
