historical_plan_id,block_request_id,corridor_id,planned_date,planned_start_time,planned_duration_min,planning_method,conflict_count,utilization_pct,status
HIST-00001,BLK-00001,COR-044,2026-09-09,21:00,360,AI Optimization Engine,0,94.3,Executed Cleanly
HIST-00002,BLK-00002,COR-073,2026-09-25,23:45,360,Manual Rule-Based,8,73.7,Cancelled
HIST-00003,BLK-00003,COR-057,2026-09-12,06:30,120,Manual Rule-Based,7,73.2,Cancelled
HIST-00004,BLK-00004,COR-085,2026-09-17,11:45,240,AI Optimization Engine,0,92.9,Executed Cleanly
HIST-00005,BLK-00005,COR-037,2026-09-10,03:00,300,AI Optimization Engine,1,85.7,Partial Conflict
HIST-00006,BLK-00006,COR-083,2026-09-27,18:45,300,AI Optimization Engine,0,92.2,Executed Cleanly
HIST-00007,BLK-00007,COR-060,2026-09-23,23:00,120,AI Optimization Engine,1,96.9,Partial Conflict
HIST-00008,BLK-00008,COR-004,2026-09-18,03:30,180,Manual Rule-Based,3,73.2,Partial Conflict
HIST-00009,BLK-00009,COR-024,2026-09-28,10:15,360,AI Optimization Engine,1,90.0,Partial Conflict
HIST-00010,BLK-00010,COR-089,2026-09-26,21:45,360,Manual Rule-Based,6,60.2,Cancelled
HIST-00011,BLK-00011,COR-066,2026-09-15,13:00,240,AI Optimization Engine,0,90.3,Executed Cleanly
HIST-00012,BLK-00012,COR-027,2026-09-21,18:45,120,AI Optimization Engine,0,92.0,Executed Cleanly
HIST-00013,BLK-00013,COR-071,2026-09-09,21:00,240,AI Optimization Engine,1,91.4,Partial Conflict
HIST-00014,BLK-00014,COR-062,2026-09-28,16:00,120,AI Optimization Engine,0,91.5,Executed Cleanly
HIST-00015,BLK-00015,COR-037,2026-09-11,11:30,180,AI Optimization Engine,1,93.5,Partial Conflict
HIST-00016,BLK-00016,COR-059,2026-09-10,21:15,360,AI Optimization Engine,1,97.1,Partial Conflict
HIST-00017,BLK-00017,COR-064,2026-09-14,21:30,300,Manual Rule-Based,4,63.6,Cancelled
HIST-00018,BLK-00018,COR-084,2026-09-11,11:00,60,Manual Rule-Based,4,69.5,Cancelled
HIST-00019,BLK-00019,COR-081,2026-09-24,10:45,120,Manual Rule-Based,3,62.6,Partial Conflict
HIST-00020,BLK-00020,COR-057,2026-09-11,01:45,360,AI Optimization Engine,0,97.0,Executed Cleanly
HIST-00021,BLK-00021,COR-068,2026-09-11,23:00,60,Manual Rule-Based,6,74.8,Cancelled
HIST-00022,BLK-00022,COR-060,2026-09-26,08:30,300,Manual Rule-Based,5,66.8,Cancelled
HIST-00023,BLK-00023,COR-082,2026-09-17,10:15,180,AI Optimization Engine,1,88.6,Partial Conflict
HIST-00024,BLK-00024,COR-090,2026-09-21,10:45,360,Manual Rule-Based,5,72.8,Cancelled
HIST-00025,BLK-00025,COR-029,2026-09-25,14:15,60,Manual Rule-Based,4,69.3,Cancelled
HIST-00026,BLK-00026,COR-012,2026-09-09,20:15,120,Manual Rule-Based,8,69.1,Cancelled
HIST-00027,BLK-00027,COR-038,2026-09-09,09:15,300,AI Optimization Engine,0,89.2,Executed Cleanly
HIST-00028,BLK-00028,COR-051,2026-09-16,13:00,180,AI Optimization Engine,0,96.0,Executed Cleanly
HIST-00029,BLK-00029,COR-004,2026-09-19,15:30,180,AI Optimization Engine,1,95.1,Partial Conflict
HIST-00030,BLK-00030,COR-006,2026-09-26,11:45,60,Manual Rule-Based,6,61.4,Cancelled
HIST-00031,BLK-00031,COR-054,2026-09-22,14:30,360,Manual Rule-Based,3,74.6,Partial Conflict
HIST-00032,BLK-00032,COR-031,2026-09-11,16:00,240,AI Optimization Engine,1,85.8,Partial Conflict
HIST-00033,BLK-00033,COR-012,2026-09-25,07:00,120,AI Optimization Engine,0,92.3,Executed Cleanly
HIST-00034,BLK-00034,COR-076,2026-09-15,00:00,240,Manual Rule-Based,8,72.3,Cancelled
HIST-00035,BLK-00035,COR-015,2026-09-24,16:15,60,Manual Rule-Based,7,68.2,Cancelled
HIST-00036,BLK-00036,COR-017,2026-09-13,09:15,240,AI Optimization Engine,1,89.2,Partial Conflict
HIST-00037,BLK-00037,COR-094,2026-09-17,17:00,120,Manual Rule-Based,8,72.6,Cancelled
HIST-00038,BLK-00038,COR-092,2026-09-19,03:30,240,AI Optimization Engine,1,96.4,Partial Conflict
HIST-00039,BLK-00039,COR-077,2026-09-15,05:30,360,AI Optimization Engine,0,88.5,Executed Cleanly
HIST-00040,BLK-00040,COR-053,2026-09-22,07:15,300,AI Optimization Engine,1,86.0,Partial Conflict
HIST-00041,BLK-00041,COR-009,2026-09-28,09:45,120,Manual Rule-Based,7,62.5,Cancelled
HIST-00042,BLK-00042,COR-053,2026-09-23,11:00,120,Manual Rule-Based,5,68.6,Cancelled
HIST-00043,BLK-00043,COR-085,2026-09-18,12:45,360,AI Optimization Engine,1,88.3,Partial Conflict
HIST-00044,BLK-00044,COR-004,2026-09-09,06:15,360,AI Optimization Engine,1,88.9,Partial Conflict
HIST-00045,BLK-00045,COR-012,2026-09-22,05:15,180,AI Optimization Engine,1,96.3,Partial Conflict
HIST-00046,BLK-00046,COR-020,2026-09-26,20:45,240,Manual Rule-Based,7,75.9,Cancelled
HIST-00047,BLK-00047,COR-097,2026-09-28,07:30,60,Manual Rule-Based,3,69.2,Partial Conflict
HIST-00048,BLK-00048,COR-077,2026-09-24,19:00,120,AI Optimization Engine,0,94.8,Executed Cleanly
HIST-00049,BLK-00049,COR-023,2026-09-29,23:30,300,AI Optimization Engine,0,92.2,Executed Cleanly
HIST-00050,BLK-00050,COR-010,2026-09-10,10:00,300,Manual Rule-Based,3,68.9,Partial Conflict
HIST-00051,BLK-00051,COR-080,2026-09-18,18:30,300,AI Optimization Engine,1,85.6,Partial Conflict
HIST-00052,BLK-00052,COR-040,2026-09-10,07:15,120,Manual Rule-Based,7,75.0,Cancelled
HIST-00053,BLK-00053,COR-031,2026-09-23,10:15,360,AI Optimization Engine,1,91.2,Partial Conflict
HIST-00054,BLK-00054,COR-081,2026-09-12,11:30,60,AI Optimization Engine,1,88.5,Partial Conflict
HIST-00055,BLK-00055,COR-060,2026-09-29,22:00,180,AI Optimization Engine,0,95.8,Executed Cleanly
HIST-00056,BLK-00056,COR-058,2026-09-17,19:45,240,Manual Rule-Based,8,65.1,Cancelled
HIST-00057,BLK-00057,COR-006,2026-09-11,11:00,300,AI Optimization Engine,0,96.3,Executed Cleanly
HIST-00058,BLK-00058,COR-087,2026-09-23,19:00,120,Manual Rule-Based,3,69.0,Partial Conflict
HIST-00059,BLK-00059,COR-045,2026-09-26,10:45,60,AI Optimization Engine,0,88.6,Executed Cleanly
HIST-00060,BLK-00060,COR-083,2026-09-25,11:00,180,AI Optimization Engine,1,93.0,Partial Conflict
HIST-00061,BLK-00061,COR-020,2026-09-09,05:00,120,Manual Rule-Based,7,62.5,Cancelled
HIST-00062,BLK-00062,COR-021,2026-09-21,06:30,240,AI Optimization Engine,1,93.9,Partial Conflict
HIST-00063,BLK-00063,COR-097,2026-09-15,09:30,120,AI Optimization Engine,1,96.5,Partial Conflict
HIST-00064,BLK-00064,COR-100,2026-09-22,15:00,120,AI Optimization Engine,1,87.4,Partial Conflict
HIST-00065,BLK-00065,COR-037,2026-09-28,17:00,60,Manual Rule-Based,8,72.2,Cancelled
HIST-00066,BLK-00066,COR-054,2026-09-28,10:00,180,Manual Rule-Based,6,75.7,Cancelled
HIST-00067,BLK-00067,COR-018,2026-09-22,20:45,360,AI Optimization Engine,1,92.7,Partial Conflict
HIST-00068,BLK-00068,COR-028,2026-09-20,03:15,360,Manual Rule-Based,5,75.5,Cancelled
HIST-00069,BLK-00069,COR-082,2026-09-27,03:45,180,Manual Rule-Based,7,66.9,Cancelled
HIST-00070,BLK-00070,COR-001,2026-09-24,10:30,120,Manual Rule-Based,4,62.4,Cancelled
HIST-00071,BLK-00071,COR-061,2026-09-29,21:00,180,Manual Rule-Based,6,68.4,Cancelled
HIST-00072,BLK-00072,COR-018,2026-09-10,19:30,300,AI Optimization Engine,1,96.1,Partial Conflict
HIST-00073,BLK-00073,COR-038,2026-09-14,21:30,60,AI Optimization Engine,0,92.2,Executed Cleanly
HIST-00074,BLK-00074,COR-046,2026-09-28,04:30,180,Manual Rule-Based,8,64.3,Cancelled
HIST-00075,BLK-00075,COR-024,2026-09-09,12:00,300,Manual Rule-Based,4,60.8,Cancelled
HIST-00076,BLK-00076,COR-014,2026-09-21,00:00,60,AI Optimization Engine,1,91.3,Partial Conflict
HIST-00077,BLK-00077,COR-094,2026-09-14,23:45,120,Manual Rule-Based,4,66.5,Cancelled
HIST-00078,BLK-00078,COR-019,2026-09-20,10:15,180,Manual Rule-Based,6,63.5,Cancelled
HIST-00079,BLK-00079,COR-087,2026-09-24,09:30,240,Manual Rule-Based,7,72.2,Cancelled
HIST-00080,BLK-00080,COR-015,2026-09-10,21:15,300,AI Optimization Engine,1,85.3,Partial Conflict
HIST-00081,BLK-00081,COR-089,2026-09-11,15:45,120,AI Optimization Engine,0,96.4,Executed Cleanly
HIST-00082,BLK-00082,COR-091,2026-09-25,11:30,60,Manual Rule-Based,6,65.4,Cancelled
HIST-00083,BLK-00083,COR-031,2026-09-26,07:45,240,Manual Rule-Based,8,60.8,Cancelled
HIST-00084,BLK-00084,COR-092,2026-09-20,00:30,120,AI Optimization Engine,0,86.3,Executed Cleanly
HIST-00085,BLK-00085,COR-100,2026-09-23,12:30,60,AI Optimization Engine,0,94.0,Executed Cleanly
HIST-00086,BLK-00086,COR-042,2026-09-19,19:00,120,Manual Rule-Based,6,74.9,Cancelled
HIST-00087,BLK-00087,COR-079,2026-09-20,07:30,120,Manual Rule-Based,3,65.6,Partial Conflict
HIST-00088,BLK-00088,COR-011,2026-09-15,05:30,240,Manual Rule-Based,4,67.8,Cancelled
HIST-00089,BLK-00089,COR-062,2026-09-17,14:15,180,Manual Rule-Based,7,75.7,Cancelled
HIST-00090,BLK-00090,COR-044,2026-09-13,21:00,300,Manual Rule-Based,8,61.5,Cancelled
HIST-00091,BLK-00091,COR-031,2026-09-16,13:15,120,Manual Rule-Based,8,72.5,Cancelled
HIST-00092,BLK-00092,COR-074,2026-09-19,18:45,120,Manual Rule-Based,7,74.2,Cancelled
HIST-00093,BLK-00093,COR-051,2026-09-11,00:30,300,Manual Rule-Based,5,63.9,Cancelled
HIST-00094,BLK-00094,COR-056,2026-09-10,12:15,120,Manual Rule-Based,4,70.2,Cancelled
HIST-00095,BLK-00095,COR-071,2026-09-09,02:00,120,Manual Rule-Based,4,75.0,Cancelled
HIST-00096,BLK-00096,COR-097,2026-09-13,01:45,120,Manual Rule-Based,4,64.2,Cancelled
HIST-00097,BLK-00097,COR-078,2026-09-27,05:30,120,Manual Rule-Based,4,75.6,Cancelled
HIST-00098,BLK-00098,COR-061,2026-09-26,08:30,360,Manual Rule-Based,6,72.3,Cancelled
HIST-00099,BLK-00099,COR-075,2026-09-09,03:30,300,Manual Rule-Based,3,74.9,Partial Conflict
HIST-00100,BLK-00100,COR-057,2026-09-28,12:45,300,Manual Rule-Based,5,60.9,Cancelled
HIST-00101,BLK-00101,COR-085,2026-09-15,04:30,120,Manual Rule-Based,8,70.0,Cancelled
HIST-00102,BLK-00102,COR-032,2026-09-11,22:45,360,Manual Rule-Based,3,64.0,Partial Conflict
HIST-00103,BLK-00103,COR-016,2026-09-12,05:15,240,Manual Rule-Based,6,73.2,Cancelled
HIST-00104,BLK-00104,COR-084,2026-09-24,23:30,120,Manual Rule-Based,6,72.5,Cancelled
HIST-00105,BLK-00105,COR-086,2026-09-09,12:30,180,AI Optimization Engine,0,85.2,Executed Cleanly
HIST-00106,BLK-00106,COR-084,2026-09-09,07:15,60,AI Optimization Engine,1,95.4,Partial Conflict
HIST-00107,BLK-00107,COR-023,2026-09-18,01:15,240,AI Optimization Engine,1,96.5,Partial Conflict
HIST-00108,BLK-00108,COR-043,2026-09-17,08:45,360,AI Optimization Engine,0,93.4,Executed Cleanly
HIST-00109,BLK-00109,COR-021,2026-09-11,02:45,240,Manual Rule-Based,4,74.3,Cancelled
HIST-00110,BLK-00110,COR-066,2026-09-29,17:15,300,AI Optimization Engine,1,93.7,Partial Conflict
HIST-00111,BLK-00111,COR-031,2026-09-28,06:15,300,Manual Rule-Based,3,63.1,Partial Conflict
HIST-00112,BLK-00112,COR-060,2026-09-26,05:15,360,Manual Rule-Based,6,64.0,Cancelled
HIST-00113,BLK-00113,COR-020,2026-09-26,06:45,120,Manual Rule-Based,4,68.0,Cancelled
HIST-00114,BLK-00114,COR-068,2026-09-14,18:15,120,AI Optimization Engine,0,88.3,Executed Cleanly
HIST-00115,BLK-00115,COR-015,2026-09-19,06:45,360,Manual Rule-Based,6,65.7,Cancelled
HIST-00116,BLK-00116,COR-073,2026-09-13,00:15,120,Manual Rule-Based,6,66.5,Cancelled
HIST-00117,BLK-00117,COR-055,2026-09-22,14:30,240,Manual Rule-Based,8,65.3,Cancelled
HIST-00118,BLK-00118,COR-048,2026-09-25,11:00,360,AI Optimization Engine,0,96.4,Executed Cleanly
HIST-00119,BLK-00119,COR-094,2026-09-19,12:45,60,AI Optimization Engine,1,88.5,Partial Conflict
HIST-00120,BLK-00120,COR-020,2026-09-26,01:30,180,AI Optimization Engine,0,88.7,Executed Cleanly
HIST-00121,BLK-00121,COR-013,2026-09-29,21:15,360,Manual Rule-Based,8,70.1,Cancelled
HIST-00122,BLK-00122,COR-065,2026-09-12,13:30,60,AI Optimization Engine,0,94.1,Executed Cleanly
HIST-00123,BLK-00123,COR-039,2026-09-19,20:30,300,AI Optimization Engine,0,90.3,Executed Cleanly
HIST-00124,BLK-00124,COR-090,2026-09-10,14:15,120,AI Optimization Engine,0,96.5,Executed Cleanly
HIST-00125,BLK-00125,COR-008,2026-09-16,22:15,240,Manual Rule-Based,7,69.8,Cancelled
HIST-00126,BLK-00126,COR-012,2026-09-25,04:00,120,Manual Rule-Based,7,71.4,Cancelled
HIST-00127,BLK-00127,COR-027,2026-09-26,21:30,60,Manual Rule-Based,6,69.8,Cancelled
HIST-00128,BLK-00128,COR-031,2026-09-20,12:30,300,Manual Rule-Based,5,61.0,Cancelled
HIST-00129,BLK-00129,COR-013,2026-09-14,19:15,60,AI Optimization Engine,1,95.0,Partial Conflict
HIST-00130,BLK-00130,COR-071,2026-09-28,14:00,60,AI Optimization Engine,1,93.8,Partial Conflict
HIST-00131,BLK-00131,COR-033,2026-09-18,02:30,300,Manual Rule-Based,8,73.9,Cancelled
HIST-00132,BLK-00132,COR-068,2026-09-18,03:45,360,AI Optimization Engine,1,88.6,Partial Conflict
HIST-00133,BLK-00133,COR-048,2026-09-25,01:00,300,AI Optimization Engine,0,90.3,Executed Cleanly
HIST-00134,BLK-00134,COR-068,2026-09-14,17:15,240,AI Optimization Engine,0,85.9,Executed Cleanly
HIST-00135,BLK-00135,COR-025,2026-09-25,01:30,120,Manual Rule-Based,4,64.8,Cancelled
HIST-00136,BLK-00136,COR-039,2026-09-17,14:00,300,Manual Rule-Based,8,61.9,Cancelled
HIST-00137,BLK-00137,COR-064,2026-09-25,01:45,240,Manual Rule-Based,5,69.6,Cancelled
HIST-00138,BLK-00138,COR-035,2026-09-24,12:15,120,Manual Rule-Based,5,68.9,Cancelled
HIST-00139,BLK-00139,COR-097,2026-09-17,03:15,360,Manual Rule-Based,6,74.1,Cancelled
HIST-00140,BLK-00140,COR-097,2026-09-26,18:30,120,AI Optimization Engine,0,91.4,Executed Cleanly
HIST-00141,BLK-00141,COR-078,2026-09-14,11:45,180,Manual Rule-Based,7,66.7,Cancelled
HIST-00142,BLK-00142,COR-024,2026-09-13,16:00,240,AI Optimization Engine,0,91.4,Executed Cleanly
HIST-00143,BLK-00143,COR-095,2026-09-21,00:15,120,Manual Rule-Based,8,72.9,Cancelled
HIST-00144,BLK-00144,COR-024,2026-09-27,13:15,120,Manual Rule-Based,4,69.0,Cancelled
HIST-00145,BLK-00145,COR-002,2026-09-09,04:30,180,AI Optimization Engine,1,87.7,Partial Conflict
HIST-00146,BLK-00146,COR-035,2026-09-22,22:30,60,AI Optimization Engine,1,95.6,Partial Conflict
HIST-00147,BLK-00147,COR-093,2026-09-23,14:00,120,Manual Rule-Based,8,69.6,Cancelled
HIST-00148,BLK-00148,COR-057,2026-09-12,01:45,60,Manual Rule-Based,3,60.5,Partial Conflict
HIST-00149,BLK-00149,COR-095,2026-09-28,20:15,240,AI Optimization Engine,0,94.1,Executed Cleanly
HIST-00150,BLK-00150,COR-076,2026-09-14,13:30,60,AI Optimization Engine,0,94.1,Executed Cleanly
HIST-00151,BLK-00151,COR-018,2026-09-20,05:30,120,Manual Rule-Based,6,70.9,Cancelled
HIST-00152,BLK-00152,COR-070,2026-09-27,06:45,240,Manual Rule-Based,3,75.2,Partial Conflict
HIST-00153,BLK-00153,COR-073,2026-09-25,05:45,300,AI Optimization Engine,0,85.1,Executed Cleanly
HIST-00154,BLK-00154,COR-058,2026-09-18,00:15,300,AI Optimization Engine,1,85.7,Partial Conflict
HIST-00155,BLK-00155,COR-015,2026-09-24,12:45,240,AI Optimization Engine,0,92.6,Executed Cleanly
HIST-00156,BLK-00156,COR-093,2026-09-21,13:15,300,AI Optimization Engine,0,88.0,Executed Cleanly
HIST-00157,BLK-00157,COR-067,2026-09-16,13:00,240,Manual Rule-Based,4,61.2,Cancelled
HIST-00158,BLK-00158,COR-004,2026-09-22,10:00,300,AI Optimization Engine,1,90.8,Partial Conflict
HIST-00159,BLK-00159,COR-047,2026-09-20,00:15,300,AI Optimization Engine,1,88.3,Partial Conflict
HIST-00160,BLK-00160,COR-046,2026-09-24,18:30,120,Manual Rule-Based,4,69.9,Cancelled
HIST-00161,BLK-00161,COR-048,2026-09-20,00:00,300,Manual Rule-Based,6,69.2,Cancelled
HIST-00162,BLK-00162,COR-063,2026-09-11,14:45,180,AI Optimization Engine,0,95.0,Executed Cleanly
HIST-00163,BLK-00163,COR-053,2026-09-16,19:15,360,Manual Rule-Based,8,63.8,Cancelled
HIST-00164,BLK-00164,COR-022,2026-09-24,03:45,300,AI Optimization Engine,1,96.1,Partial Conflict
HIST-00165,BLK-00165,COR-070,2026-09-23,09:45,300,Manual Rule-Based,6,63.2,Cancelled
HIST-00166,BLK-00166,COR-100,2026-09-22,18:00,180,AI Optimization Engine,0,89.9,Executed Cleanly
HIST-00167,BLK-00167,COR-073,2026-09-26,22:30,300,Manual Rule-Based,4,64.8,Cancelled
HIST-00168,BLK-00168,COR-097,2026-09-17,04:45,360,AI Optimization Engine,0,95.9,Executed Cleanly
HIST-00169,BLK-00169,COR-019,2026-09-23,20:30,120,Manual Rule-Based,5,69.1,Cancelled
HIST-00170,BLK-00170,COR-042,2026-09-21,20:15,120,AI Optimization Engine,1,93.9,Partial Conflict
HIST-00171,BLK-00171,COR-028,2026-09-15,18:30,360,Manual Rule-Based,3,70.2,Partial Conflict
HIST-00172,BLK-00172,COR-013,2026-09-22,07:45,60,Manual Rule-Based,4,65.6,Cancelled
HIST-00173,BLK-00173,COR-084,2026-09-18,17:15,180,AI Optimization Engine,1,95.0,Partial Conflict
HIST-00174,BLK-00174,COR-093,2026-09-16,13:15,120,Manual Rule-Based,6,62.5,Cancelled
HIST-00175,BLK-00175,COR-002,2026-09-28,23:00,180,Manual Rule-Based,8,67.9,Cancelled
HIST-00176,BLK-00176,COR-041,2026-09-10,04:45,60,AI Optimization Engine,1,92.7,Partial Conflict
HIST-00177,BLK-00177,COR-057,2026-09-27,18:45,240,Manual Rule-Based,3,69.8,Partial Conflict
HIST-00178,BLK-00178,COR-045,2026-09-21,03:30,120,AI Optimization Engine,1,96.1,Partial Conflict
HIST-00179,BLK-00179,COR-067,2026-09-12,07:45,120,Manual Rule-Based,8,62.8,Cancelled
HIST-00180,BLK-00180,COR-068,2026-09-12,01:00,60,Manual Rule-Based,8,65.3,Cancelled
HIST-00181,BLK-00181,COR-076,2026-09-29,15:30,300,Manual Rule-Based,3,61.1,Partial Conflict
HIST-00182,BLK-00182,COR-011,2026-09-28,06:15,360,Manual Rule-Based,7,69.8,Cancelled
HIST-00183,BLK-00183,COR-076,2026-09-28,07:30,120,AI Optimization Engine,1,92.1,Partial Conflict
HIST-00184,BLK-00184,COR-079,2026-09-12,16:15,120,AI Optimization Engine,0,90.8,Executed Cleanly
HIST-00185,BLK-00185,COR-048,2026-09-11,03:45,120,AI Optimization Engine,0,90.4,Executed Cleanly
HIST-00186,BLK-00186,COR-092,2026-09-24,13:00,120,AI Optimization Engine,0,91.1,Executed Cleanly
HIST-00187,BLK-00187,COR-033,2026-09-25,15:45,240,AI Optimization Engine,0,89.7,Executed Cleanly
HIST-00188,BLK-00188,COR-047,2026-09-17,00:45,120,AI Optimization Engine,0,86.8,Executed Cleanly
HIST-00189,BLK-00189,COR-010,2026-09-22,04:15,360,Manual Rule-Based,8,75.5,Cancelled
HIST-00190,BLK-00190,COR-012,2026-09-21,14:15,300,Manual Rule-Based,4,66.7,Cancelled
HIST-00191,BLK-00191,COR-094,2026-09-18,13:45,120,Manual Rule-Based,5,62.1,Cancelled
HIST-00192,BLK-00192,COR-001,2026-09-18,17:00,360,AI Optimization Engine,1,94.4,Partial Conflict
HIST-00193,BLK-00193,COR-006,2026-09-24,06:15,180,Manual Rule-Based,5,66.4,Cancelled
HIST-00194,BLK-00194,COR-082,2026-09-26,12:00,60,AI Optimization Engine,0,97.2,Executed Cleanly
HIST-00195,BLK-00195,COR-041,2026-09-18,08:00,300,Manual Rule-Based,4,71.9,Cancelled
HIST-00196,BLK-00196,COR-053,2026-09-28,11:15,60,Manual Rule-Based,7,61.1,Cancelled
HIST-00197,BLK-00197,COR-042,2026-09-11,13:00,360,AI Optimization Engine,0,88.9,Executed Cleanly
HIST-00198,BLK-00198,COR-072,2026-09-18,06:45,180,AI Optimization Engine,0,95.5,Executed Cleanly
HIST-00199,BLK-00199,COR-052,2026-09-20,02:00,120,AI Optimization Engine,0,92.4,Executed Cleanly
HIST-00200,BLK-00200,COR-043,2026-09-17,14:00,360,AI Optimization Engine,0,95.4,Executed Cleanly
HIST-00201,BLK-00201,COR-046,2026-09-15,12:00,360,AI Optimization Engine,0,95.6,Executed Cleanly
HIST-00202,BLK-00202,COR-071,2026-09-22,03:45,120,Manual Rule-Based,4,71.9,Cancelled
HIST-00203,BLK-00203,COR-070,2026-09-20,16:00,180,AI Optimization Engine,1,94.2,Partial Conflict
HIST-00204,BLK-00204,COR-100,2026-09-21,00:15,180,Manual Rule-Based,6,71.5,Cancelled
HIST-00205,BLK-00205,COR-098,2026-09-11,14:00,120,AI Optimization Engine,1,93.6,Partial Conflict
HIST-00206,BLK-00206,COR-091,2026-09-22,07:15,360,AI Optimization Engine,1,91.4,Partial Conflict
HIST-00207,BLK-00207,COR-012,2026-09-20,08:30,120,Manual Rule-Based,4,63.0,Cancelled
HIST-00208,BLK-00208,COR-008,2026-09-15,15:00,300,Manual Rule-Based,3,74.3,Partial Conflict
HIST-00209,BLK-00209,COR-039,2026-09-20,08:00,180,AI Optimization Engine,1,92.4,Partial Conflict
HIST-00210,BLK-00210,COR-086,2026-09-21,02:45,120,Manual Rule-Based,8,74.1,Cancelled
HIST-00211,BLK-00211,COR-024,2026-09-16,11:00,180,Manual Rule-Based,6,65.0,Cancelled
HIST-00212,BLK-00212,COR-041,2026-09-25,08:30,180,AI Optimization Engine,1,89.2,Partial Conflict
HIST-00213,BLK-00213,COR-045,2026-09-18,20:15,300,AI Optimization Engine,1,94.4,Partial Conflict
HIST-00214,BLK-00214,COR-070,2026-09-15,07:30,360,Manual Rule-Based,3,72.6,Partial Conflict
HIST-00215,BLK-00215,COR-041,2026-09-18,08:45,360,AI Optimization Engine,0,92.0,Executed Cleanly
HIST-00216,BLK-00216,COR-056,2026-09-09,11:45,360,AI Optimization Engine,1,85.4,Partial Conflict
HIST-00217,BLK-00217,COR-039,2026-09-13,06:00,180,Manual Rule-Based,7,65.9,Cancelled
HIST-00218,BLK-00218,COR-085,2026-09-12,20:45,240,AI Optimization Engine,0,91.0,Executed Cleanly
HIST-00219,BLK-00219,COR-063,2026-09-19,23:00,120,AI Optimization Engine,1,94.6,Partial Conflict
HIST-00220,BLK-00220,COR-060,2026-09-11,13:30,180,Manual Rule-Based,8,72.2,Cancelled
HIST-00221,BLK-00221,COR-071,2026-09-10,21:00,60,Manual Rule-Based,6,70.5,Cancelled
HIST-00222,BLK-00222,COR-051,2026-09-20,10:15,120,AI Optimization Engine,0,92.7,Executed Cleanly
HIST-00223,BLK-00223,COR-025,2026-09-11,12:15,180,Manual Rule-Based,7,72.4,Cancelled
HIST-00224,BLK-00224,COR-072,2026-09-09,01:45,300,Manual Rule-Based,4,60.6,Cancelled
HIST-00225,BLK-00225,COR-020,2026-09-23,11:30,180,AI Optimization Engine,1,94.2,Partial Conflict
HIST-00226,BLK-00226,COR-050,2026-09-14,05:30,240,Manual Rule-Based,4,62.8,Cancelled
HIST-00227,BLK-00227,COR-089,2026-09-22,21:30,360,AI Optimization Engine,1,94.6,Partial Conflict
HIST-00228,BLK-00228,COR-039,2026-09-26,18:30,360,AI Optimization Engine,1,85.8,Partial Conflict
HIST-00229,BLK-00229,COR-008,2026-09-29,14:00,240,AI Optimization Engine,0,94.1,Executed Cleanly
HIST-00230,BLK-00230,COR-026,2026-09-10,20:30,300,AI Optimization Engine,1,89.6,Partial Conflict
HIST-00231,BLK-00231,COR-088,2026-09-19,00:15,60,Manual Rule-Based,7,72.4,Cancelled
HIST-00232,BLK-00232,COR-096,2026-09-28,00:30,60,AI Optimization Engine,1,87.7,Partial Conflict
HIST-00233,BLK-00233,COR-066,2026-09-13,11:30,180,Manual Rule-Based,6,62.7,Cancelled
HIST-00234,BLK-00234,COR-092,2026-09-23,09:30,180,Manual Rule-Based,6,70.4,Cancelled
HIST-00235,BLK-00235,COR-001,2026-09-22,18:15,60,AI Optimization Engine,1,85.5,Partial Conflict
HIST-00236,BLK-00236,COR-036,2026-09-16,21:15,60,Manual Rule-Based,6,75.0,Cancelled
HIST-00237,BLK-00237,COR-085,2026-09-16,16:00,180,AI Optimization Engine,1,88.7,Partial Conflict
HIST-00238,BLK-00238,COR-075,2026-09-23,00:15,240,Manual Rule-Based,7,75.4,Cancelled
HIST-00239,BLK-00239,COR-085,2026-09-27,23:45,360,AI Optimization Engine,0,91.8,Executed Cleanly
HIST-00240,BLK-00240,COR-046,2026-09-21,09:30,120,Manual Rule-Based,6,61.5,Cancelled
HIST-00241,BLK-00241,COR-007,2026-09-19,20:30,60,AI Optimization Engine,0,95.4,Executed Cleanly
HIST-00242,BLK-00242,COR-007,2026-09-16,05:45,360,Manual Rule-Based,6,74.2,Cancelled
HIST-00243,BLK-00243,COR-081,2026-09-24,22:30,120,AI Optimization Engine,0,87.9,Executed Cleanly
HIST-00244,BLK-00244,COR-079,2026-09-13,06:00,300,AI Optimization Engine,0,88.9,Executed Cleanly
HIST-00245,BLK-00245,COR-003,2026-09-10,05:15,60,AI Optimization Engine,0,94.9,Executed Cleanly
HIST-00246,BLK-00246,COR-009,2026-09-25,15:45,120,Manual Rule-Based,6,70.5,Cancelled
HIST-00247,BLK-00247,COR-097,2026-09-29,17:30,60,Manual Rule-Based,8,64.5,Cancelled
HIST-00248,BLK-00248,COR-047,2026-09-14,06:30,180,AI Optimization Engine,1,87.8,Partial Conflict
HIST-00249,BLK-00249,COR-054,2026-09-11,11:00,240,AI Optimization Engine,1,87.2,Partial Conflict
HIST-00250,BLK-00250,COR-054,2026-09-20,03:45,300,AI Optimization Engine,1,89.1,Partial Conflict
HIST-00251,BLK-00251,COR-091,2026-09-14,19:30,300,Manual Rule-Based,5,67.3,Cancelled
HIST-00252,BLK-00252,COR-074,2026-09-24,16:15,360,AI Optimization Engine,1,92.2,Partial Conflict
HIST-00253,BLK-00253,COR-060,2026-09-20,22:00,360,AI Optimization Engine,0,89.4,Executed Cleanly
HIST-00254,BLK-00254,COR-018,2026-09-16,15:00,180,Manual Rule-Based,5,68.8,Cancelled
HIST-00255,BLK-00255,COR-052,2026-09-19,07:45,240,AI Optimization Engine,1,86.1,Partial Conflict
HIST-00256,BLK-00256,COR-054,2026-09-20,12:30,60,Manual Rule-Based,8,68.9,Cancelled
HIST-00257,BLK-00257,COR-015,2026-09-16,02:45,300,AI Optimization Engine,1,94.2,Partial Conflict
HIST-00258,BLK-00258,COR-067,2026-09-13,00:15,240,Manual Rule-Based,8,69.1,Cancelled
HIST-00259,BLK-00259,COR-083,2026-09-12,17:00,180,AI Optimization Engine,0,91.9,Executed Cleanly
HIST-00260,BLK-00260,COR-065,2026-09-27,02:30,300,AI Optimization Engine,0,92.5,Executed Cleanly
HIST-00261,BLK-00261,COR-016,2026-09-24,03:15,240,Manual Rule-Based,4,60.9,Cancelled
HIST-00262,BLK-00262,COR-084,2026-09-23,17:00,180,AI Optimization Engine,0,89.0,Executed Cleanly
HIST-00263,BLK-00263,COR-013,2026-09-21,16:15,60,AI Optimization Engine,0,95.9,Executed Cleanly
HIST-00264,BLK-00264,COR-064,2026-09-14,09:15,360,Manual Rule-Based,8,61.5,Cancelled
HIST-00265,BLK-00265,COR-092,2026-09-28,19:15,180,Manual Rule-Based,3,75.2,Partial Conflict
HIST-00266,BLK-00266,COR-001,2026-09-26,02:30,60,AI Optimization Engine,1,91.1,Partial Conflict
HIST-00267,BLK-00267,COR-065,2026-09-28,14:45,180,Manual Rule-Based,6,63.4,Cancelled
HIST-00268,BLK-00268,COR-053,2026-09-22,14:30,60,Manual Rule-Based,7,76.0,Cancelled
HIST-00269,BLK-00269,COR-088,2026-09-14,03:45,120,Manual Rule-Based,7,68.9,Cancelled
HIST-00270,BLK-00270,COR-087,2026-09-20,18:00,60,Manual Rule-Based,4,65.8,Cancelled
HIST-00271,BLK-00271,COR-035,2026-09-11,15:30,300,AI Optimization Engine,1,96.7,Partial Conflict
HIST-00272,BLK-00272,COR-014,2026-09-25,23:15,120,AI Optimization Engine,0,97.1,Executed Cleanly
HIST-00273,BLK-00273,COR-054,2026-09-23,20:45,120,Manual Rule-Based,5,72.4,Cancelled
HIST-00274,BLK-00274,COR-100,2026-09-24,08:45,300,Manual Rule-Based,7,75.4,Cancelled
HIST-00275,BLK-00275,COR-055,2026-09-14,17:45,360,AI Optimization Engine,0,96.4,Executed Cleanly
HIST-00276,BLK-00276,COR-077,2026-09-20,00:00,120,AI Optimization Engine,1,96.3,Partial Conflict
HIST-00277,BLK-00277,COR-067,2026-09-21,20:45,60,Manual Rule-Based,5,75.1,Cancelled
HIST-00278,BLK-00278,COR-038,2026-09-26,05:30,120,Manual Rule-Based,4,61.8,Cancelled
HIST-00279,BLK-00279,COR-006,2026-09-26,22:45,240,Manual Rule-Based,8,64.0,Cancelled
HIST-00280,BLK-00280,COR-006,2026-09-10,12:30,180,Manual Rule-Based,4,64.1,Cancelled
HIST-00281,BLK-00281,COR-027,2026-09-16,10:15,60,AI Optimization Engine,1,96.3,Partial Conflict
HIST-00282,BLK-00282,COR-005,2026-09-16,19:00,120,AI Optimization Engine,0,92.2,Executed Cleanly
HIST-00283,BLK-00283,COR-041,2026-09-19,04:15,360,Manual Rule-Based,5,73.7,Cancelled
HIST-00284,BLK-00284,COR-088,2026-09-23,08:00,180,Manual Rule-Based,3,62.0,Partial Conflict
HIST-00285,BLK-00285,COR-070,2026-09-21,19:00,180,AI Optimization Engine,0,94.3,Executed Cleanly
HIST-00286,BLK-00286,COR-001,2026-09-09,04:15,360,AI Optimization Engine,0,87.2,Executed Cleanly
HIST-00287,BLK-00287,COR-029,2026-09-15,11:00,240,Manual Rule-Based,7,62.0,Cancelled
HIST-00288,BLK-00288,COR-033,2026-09-12,18:45,360,Manual Rule-Based,4,60.8,Cancelled
HIST-00289,BLK-00289,COR-058,2026-09-18,00:30,360,AI Optimization Engine,0,90.6,Executed Cleanly
HIST-00290,BLK-00290,COR-029,2026-09-23,18:00,180,AI Optimization Engine,0,89.8,Executed Cleanly
HIST-00291,BLK-00291,COR-071,2026-09-09,07:45,120,AI Optimization Engine,1,91.3,Partial Conflict
HIST-00292,BLK-00292,COR-003,2026-09-20,18:30,240,Manual Rule-Based,6,70.4,Cancelled
HIST-00293,BLK-00293,COR-047,2026-09-26,00:00,360,AI Optimization Engine,0,94.2,Executed Cleanly
HIST-00294,BLK-00294,COR-065,2026-09-16,08:30,300,AI Optimization Engine,1,88.7,Partial Conflict
HIST-00295,BLK-00295,COR-046,2026-09-20,15:00,240,Manual Rule-Based,6,61.1,Cancelled
HIST-00296,BLK-00296,COR-061,2026-09-26,15:15,60,Manual Rule-Based,3,75.0,Partial Conflict
HIST-00297,BLK-00297,COR-084,2026-09-27,14:30,360,Manual Rule-Based,3,70.5,Partial Conflict
HIST-00298,BLK-00298,COR-078,2026-09-10,09:30,120,Manual Rule-Based,4,67.4,Cancelled
HIST-00299,BLK-00299,COR-085,2026-09-29,00:15,180,AI Optimization Engine,1,90.4,Partial Conflict
HIST-00300,BLK-00300,COR-006,2026-09-22,18:30,120,Manual Rule-Based,5,71.1,Cancelled
HIST-00301,BLK-00301,COR-093,2026-09-24,14:45,240,AI Optimization Engine,0,86.8,Executed Cleanly
HIST-00302,BLK-00302,COR-080,2026-09-10,10:00,360,Manual Rule-Based,8,69.3,Cancelled
HIST-00303,BLK-00303,COR-026,2026-09-13,04:15,180,AI Optimization Engine,0,88.8,Executed Cleanly
HIST-00304,BLK-00304,COR-062,2026-09-13,20:30,60,AI Optimization Engine,0,96.7,Executed Cleanly
HIST-00305,BLK-00305,COR-062,2026-09-22,21:15,240,AI Optimization Engine,0,92.3,Executed Cleanly
HIST-00306,BLK-00306,COR-037,2026-09-21,14:45,360,Manual Rule-Based,6,69.1,Cancelled
HIST-00307,BLK-00307,COR-084,2026-09-18,17:45,360,Manual Rule-Based,3,69.0,Partial Conflict
HIST-00308,BLK-00308,COR-079,2026-09-28,11:15,360,Manual Rule-Based,6,60.6,Cancelled
HIST-00309,BLK-00309,COR-040,2026-09-29,19:45,240,AI Optimization Engine,1,91.2,Partial Conflict
HIST-00310,BLK-00310,COR-044,2026-09-20,03:30,240,AI Optimization Engine,0,88.6,Executed Cleanly
HIST-00311,BLK-00311,COR-009,2026-09-11,04:45,360,AI Optimization Engine,0,97.0,Executed Cleanly
HIST-00312,BLK-00312,COR-082,2026-09-16,03:00,60,Manual Rule-Based,6,69.3,Cancelled
HIST-00313,BLK-00313,COR-021,2026-09-18,16:15,360,AI Optimization Engine,1,89.6,Partial Conflict
HIST-00314,BLK-00314,COR-071,2026-09-29,04:45,60,AI Optimization Engine,1,91.6,Partial Conflict
HIST-00315,BLK-00315,COR-034,2026-09-27,08:45,180,AI Optimization Engine,1,86.1,Partial Conflict
HIST-00316,BLK-00316,COR-049,2026-09-27,04:15,240,AI Optimization Engine,1,85.8,Partial Conflict
HIST-00317,BLK-00317,COR-009,2026-09-25,14:30,60,Manual Rule-Based,5,66.3,Cancelled
HIST-00318,BLK-00318,COR-032,2026-09-28,11:15,240,AI Optimization Engine,1,93.5,Partial Conflict
HIST-00319,BLK-00319,COR-096,2026-09-14,19:45,240,AI Optimization Engine,1,97.2,Partial Conflict
HIST-00320,BLK-00320,COR-020,2026-09-28,07:00,120,AI Optimization Engine,0,91.9,Executed Cleanly
HIST-00321,BLK-00321,COR-080,2026-09-14,21:15,360,Manual Rule-Based,3,62.5,Partial Conflict
HIST-00322,BLK-00322,COR-062,2026-09-25,14:00,360,Manual Rule-Based,3,74.7,Partial Conflict
HIST-00323,BLK-00323,COR-002,2026-09-20,11:15,360,Manual Rule-Based,8,61.9,Cancelled
HIST-00324,BLK-00324,COR-079,2026-09-27,10:00,360,Manual Rule-Based,3,68.5,Partial Conflict
HIST-00325,BLK-00325,COR-074,2026-09-27,21:15,120,AI Optimization Engine,1,85.2,Partial Conflict
HIST-00326,BLK-00326,COR-061,2026-09-10,00:45,180,AI Optimization Engine,1,95.8,Partial Conflict
HIST-00327,BLK-00327,COR-013,2026-09-23,21:45,120,Manual Rule-Based,8,62.0,Cancelled
HIST-00328,BLK-00328,COR-072,2026-09-15,22:30,300,Manual Rule-Based,3,70.8,Partial Conflict
HIST-00329,BLK-00329,COR-046,2026-09-27,02:45,120,AI Optimization Engine,1,87.8,Partial Conflict
HIST-00330,BLK-00330,COR-081,2026-09-23,10:30,240,AI Optimization Engine,1,88.1,Partial Conflict
HIST-00331,BLK-00331,COR-057,2026-09-18,23:00,180,Manual Rule-Based,6,66.3,Cancelled
HIST-00332,BLK-00332,COR-096,2026-09-24,03:00,360,AI Optimization Engine,0,95.5,Executed Cleanly
HIST-00333,BLK-00333,COR-014,2026-09-24,21:00,180,Manual Rule-Based,6,75.7,Cancelled
HIST-00334,BLK-00334,COR-005,2026-09-18,11:15,60,AI Optimization Engine,1,97.4,Partial Conflict
HIST-00335,BLK-00335,COR-081,2026-09-24,09:15,360,AI Optimization Engine,0,89.2,Executed Cleanly
HIST-00336,BLK-00336,COR-040,2026-09-21,06:00,60,Manual Rule-Based,8,72.3,Cancelled
HIST-00337,BLK-00337,COR-097,2026-09-19,12:00,120,AI Optimization Engine,0,95.6,Executed Cleanly
HIST-00338,BLK-00338,COR-051,2026-09-09,02:45,360,Manual Rule-Based,8,66.7,Cancelled
HIST-00339,BLK-00339,COR-084,2026-09-15,11:15,360,AI Optimization Engine,0,94.2,Executed Cleanly
HIST-00340,BLK-00340,COR-090,2026-09-10,05:30,180,AI Optimization Engine,1,90.0,Partial Conflict
HIST-00341,BLK-00341,COR-094,2026-09-09,07:30,360,Manual Rule-Based,4,72.7,Cancelled
HIST-00342,BLK-00342,COR-043,2026-09-21,20:15,120,AI Optimization Engine,1,88.0,Partial Conflict
HIST-00343,BLK-00343,COR-049,2026-09-23,04:30,120,Manual Rule-Based,5,67.1,Cancelled
HIST-00344,BLK-00344,COR-067,2026-09-29,16:30,120,AI Optimization Engine,0,89.2,Executed Cleanly
HIST-00345,BLK-00345,COR-062,2026-09-21,02:45,60,AI Optimization Engine,0,96.0,Executed Cleanly
HIST-00346,BLK-00346,COR-036,2026-09-12,09:00,300,Manual Rule-Based,6,63.6,Cancelled
HIST-00347,BLK-00347,COR-064,2026-09-24,08:45,360,Manual Rule-Based,6,61.3,Cancelled
HIST-00348,BLK-00348,COR-041,2026-09-11,14:45,300,Manual Rule-Based,8,74.6,Cancelled
HIST-00349,BLK-00349,COR-006,2026-09-27,14:30,180,AI Optimization Engine,1,91.0,Partial Conflict
HIST-00350,BLK-00350,COR-036,2026-09-29,06:45,60,Manual Rule-Based,4,75.0,Cancelled
HIST-00351,BLK-00351,COR-001,2026-09-29,20:15,180,Manual Rule-Based,6,61.9,Cancelled
HIST-00352,BLK-00352,COR-068,2026-09-26,14:00,60,Manual Rule-Based,5,65.4,Cancelled
HIST-00353,BLK-00353,COR-017,2026-09-27,01:00,360,Manual Rule-Based,5,68.2,Cancelled
HIST-00354,BLK-00354,COR-047,2026-09-29,09:45,240,Manual Rule-Based,8,70.2,Cancelled
HIST-00355,BLK-00355,COR-091,2026-09-14,18:15,120,Manual Rule-Based,6,74.1,Cancelled
HIST-00356,BLK-00356,COR-069,2026-09-10,10:45,120,Manual Rule-Based,5,69.6,Cancelled
HIST-00357,BLK-00357,COR-087,2026-09-21,21:15,240,Manual Rule-Based,3,62.4,Partial Conflict
HIST-00358,BLK-00358,COR-041,2026-09-10,02:15,180,Manual Rule-Based,3,74.0,Partial Conflict
HIST-00359,BLK-00359,COR-099,2026-09-19,14:30,240,AI Optimization Engine,1,87.2,Partial Conflict
HIST-00360,BLK-00360,COR-039,2026-09-21,14:00,240,Manual Rule-Based,3,72.8,Partial Conflict
HIST-00361,BLK-00361,COR-005,2026-09-29,03:45,300,AI Optimization Engine,0,95.6,Executed Cleanly
HIST-00362,BLK-00362,COR-094,2026-09-11,09:00,120,Manual Rule-Based,4,72.0,Cancelled
HIST-00363,BLK-00363,COR-100,2026-09-20,05:15,60,Manual Rule-Based,6,75.9,Cancelled
HIST-00364,BLK-00364,COR-068,2026-09-27,05:15,240,AI Optimization Engine,1,90.3,Partial Conflict
HIST-00365,BLK-00365,COR-056,2026-09-14,11:15,360,Manual Rule-Based,8,61.0,Cancelled
HIST-00366,BLK-00366,COR-100,2026-09-28,15:00,120,Manual Rule-Based,4,67.7,Cancelled
HIST-00367,BLK-00367,COR-010,2026-09-10,13:00,120,AI Optimization Engine,1,91.2,Partial Conflict
HIST-00368,BLK-00368,COR-077,2026-09-18,22:45,300,AI Optimization Engine,0,94.9,Executed Cleanly
HIST-00369,BLK-00369,COR-088,2026-09-25,02:15,360,Manual Rule-Based,5,72.1,Cancelled
HIST-00370,BLK-00370,COR-089,2026-09-17,07:45,240,AI Optimization Engine,0,94.7,Executed Cleanly
HIST-00371,BLK-00371,COR-089,2026-09-27,20:15,360,Manual Rule-Based,3,62.4,Partial Conflict
HIST-00372,BLK-00372,COR-060,2026-09-16,17:00,240,Manual Rule-Based,3,64.7,Partial Conflict
HIST-00373,BLK-00373,COR-066,2026-09-29,11:30,360,Manual Rule-Based,6,67.0,Cancelled
HIST-00374,BLK-00374,COR-032,2026-09-22,03:45,60,Manual Rule-Based,5,69.5,Cancelled
HIST-00375,BLK-00375,COR-065,2026-09-29,01:30,60,AI Optimization Engine,1,87.7,Partial Conflict
HIST-00376,BLK-00376,COR-085,2026-09-17,16:00,120,Manual Rule-Based,7,71.9,Cancelled
HIST-00377,BLK-00377,COR-078,2026-09-29,07:00,360,Manual Rule-Based,5,72.4,Cancelled
HIST-00378,BLK-00378,COR-084,2026-09-11,00:45,300,Manual Rule-Based,5,74.7,Cancelled
HIST-00379,BLK-00379,COR-053,2026-09-28,18:45,240,Manual Rule-Based,7,72.2,Cancelled
HIST-00380,BLK-00380,COR-077,2026-09-23,06:15,120,AI Optimization Engine,1,93.6,Partial Conflict
HIST-00381,BLK-00381,COR-063,2026-09-20,23:00,240,Manual Rule-Based,3,67.0,Partial Conflict
HIST-00382,BLK-00382,COR-023,2026-09-25,03:45,180,AI Optimization Engine,1,85.2,Partial Conflict
HIST-00383,BLK-00383,COR-051,2026-09-18,12:00,120,AI Optimization Engine,1,92.9,Partial Conflict
HIST-00384,BLK-00384,COR-067,2026-09-09,21:15,300,AI Optimization Engine,0,87.4,Executed Cleanly
HIST-00385,BLK-00385,COR-060,2026-09-15,14:45,360,AI Optimization Engine,1,92.5,Partial Conflict
HIST-00386,BLK-00386,COR-100,2026-09-13,04:00,60,AI Optimization Engine,0,93.3,Executed Cleanly
HIST-00387,BLK-00387,COR-012,2026-09-19,19:15,360,Manual Rule-Based,5,73.2,Cancelled
HIST-00388,BLK-00388,COR-094,2026-09-18,08:00,180,Manual Rule-Based,8,66.6,Cancelled
HIST-00389,BLK-00389,COR-019,2026-09-29,19:30,300,AI Optimization Engine,1,91.0,Partial Conflict
HIST-00390,BLK-00390,COR-001,2026-09-15,13:45,300,Manual Rule-Based,6,62.1,Cancelled
HIST-00391,BLK-00391,COR-059,2026-09-20,14:00,360,AI Optimization Engine,0,87.4,Executed Cleanly
HIST-00392,BLK-00392,COR-019,2026-09-21,14:30,60,Manual Rule-Based,8,71.0,Cancelled
HIST-00393,BLK-00393,COR-023,2026-09-14,15:45,240,AI Optimization Engine,1,95.6,Partial Conflict
HIST-00394,BLK-00394,COR-099,2026-09-27,06:45,180,AI Optimization Engine,0,93.2,Executed Cleanly
HIST-00395,BLK-00395,COR-068,2026-09-16,04:00,60,AI Optimization Engine,0,96.5,Executed Cleanly
HIST-00396,BLK-00396,COR-068,2026-09-10,23:00,240,AI Optimization Engine,1,94.1,Partial Conflict
HIST-00397,BLK-00397,COR-025,2026-09-24,11:15,120,AI Optimization Engine,0,88.2,Executed Cleanly
HIST-00398,BLK-00398,COR-082,2026-09-24,02:30,60,Manual Rule-Based,5,61.9,Cancelled
HIST-00399,BLK-00399,COR-023,2026-09-24,12:45,360,Manual Rule-Based,5,73.1,Cancelled
HIST-00400,BLK-00400,COR-053,2026-09-21,05:15,360,AI Optimization Engine,0,94.0,Executed Cleanly
HIST-00401,BLK-00401,COR-009,2026-09-16,01:45,240,AI Optimization Engine,1,92.8,Partial Conflict
HIST-00402,BLK-00402,COR-091,2026-09-27,16:30,60,Manual Rule-Based,3,62.0,Partial Conflict
HIST-00403,BLK-00403,COR-015,2026-09-10,00:00,360,Manual Rule-Based,3,67.7,Partial Conflict
HIST-00404,BLK-00404,COR-062,2026-09-09,07:30,300,Manual Rule-Based,5,60.1,Cancelled
HIST-00405,BLK-00405,COR-050,2026-09-17,04:30,300,Manual Rule-Based,7,74.3,Cancelled
HIST-00406,BLK-00406,COR-074,2026-09-28,05:15,360,AI Optimization Engine,1,94.9,Partial Conflict
HIST-00407,BLK-00407,COR-020,2026-09-16,14:30,300,Manual Rule-Based,5,75.5,Cancelled
HIST-00408,BLK-00408,COR-091,2026-09-22,10:00,360,AI Optimization Engine,1,89.9,Partial Conflict
HIST-00409,BLK-00409,COR-087,2026-09-20,23:15,60,AI Optimization Engine,0,88.0,Executed Cleanly
HIST-00410,BLK-00410,COR-097,2026-09-22,09:45,360,Manual Rule-Based,6,66.9,Cancelled
HIST-00411,BLK-00411,COR-029,2026-09-19,12:00,360,AI Optimization Engine,0,96.2,Executed Cleanly
HIST-00412,BLK-00412,COR-015,2026-09-18,18:45,300,AI Optimization Engine,1,91.3,Partial Conflict
HIST-00413,BLK-00413,COR-039,2026-09-11,22:15,60,Manual Rule-Based,8,70.4,Cancelled
HIST-00414,BLK-00414,COR-056,2026-09-09,02:45,240,Manual Rule-Based,6,69.1,Cancelled
HIST-00415,BLK-00415,COR-072,2026-09-23,20:00,300,AI Optimization Engine,1,95.8,Partial Conflict
HIST-00416,BLK-00416,COR-012,2026-09-15,07:00,300,AI Optimization Engine,0,96.7,Executed Cleanly
HIST-00417,BLK-00417,COR-079,2026-09-27,12:45,180,Manual Rule-Based,3,62.7,Partial Conflict
HIST-00418,BLK-00418,COR-017,2026-09-27,00:45,180,Manual Rule-Based,3,64.5,Partial Conflict
HIST-00419,BLK-00419,COR-090,2026-09-12,03:30,240,AI Optimization Engine,0,90.8,Executed Cleanly
HIST-00420,BLK-00420,COR-054,2026-09-25,02:30,120,AI Optimization Engine,1,89.3,Partial Conflict
HIST-00421,BLK-00421,COR-018,2026-09-16,16:45,300,AI Optimization Engine,1,86.0,Partial Conflict
HIST-00422,BLK-00422,COR-050,2026-09-16,08:45,240,Manual Rule-Based,6,66.6,Cancelled
HIST-00423,BLK-00423,COR-005,2026-09-24,14:15,120,AI Optimization Engine,0,89.3,Executed Cleanly
HIST-00424,BLK-00424,COR-067,2026-09-27,01:30,180,Manual Rule-Based,6,67.0,Cancelled
HIST-00425,BLK-00425,COR-069,2026-09-21,19:15,60,Manual Rule-Based,6,61.7,Cancelled
HIST-00426,BLK-00426,COR-089,2026-09-20,19:15,360,AI Optimization Engine,1,97.0,Partial Conflict
HIST-00427,BLK-00427,COR-037,2026-09-09,13:15,360,AI Optimization Engine,0,90.0,Executed Cleanly
HIST-00428,BLK-00428,COR-078,2026-09-15,17:30,240,AI Optimization Engine,0,90.9,Executed Cleanly
HIST-00429,BLK-00429,COR-044,2026-09-29,15:30,360,Manual Rule-Based,7,67.0,Cancelled
HIST-00430,BLK-00430,COR-007,2026-09-16,20:15,60,Manual Rule-Based,3,63.0,Partial Conflict
HIST-00431,BLK-00431,COR-088,2026-09-19,14:00,180,AI Optimization Engine,0,91.8,Executed Cleanly
HIST-00432,BLK-00432,COR-013,2026-09-18,02:45,60,AI Optimization Engine,0,92.2,Executed Cleanly
HIST-00433,BLK-00433,COR-060,2026-09-26,01:30,240,Manual Rule-Based,4,74.1,Cancelled
HIST-00434,BLK-00434,COR-002,2026-09-10,21:45,240,Manual Rule-Based,3,65.9,Partial Conflict
HIST-00435,BLK-00435,COR-077,2026-09-10,11:45,60,AI Optimization Engine,0,94.1,Executed Cleanly
HIST-00436,BLK-00436,COR-090,2026-09-17,07:30,300,AI Optimization Engine,0,87.2,Executed Cleanly
HIST-00437,BLK-00437,COR-036,2026-09-12,12:15,240,AI Optimization Engine,0,92.8,Executed Cleanly
HIST-00438,BLK-00438,COR-023,2026-09-28,01:00,300,AI Optimization Engine,0,90.7,Executed Cleanly
HIST-00439,BLK-00439,COR-010,2026-09-19,09:15,300,AI Optimization Engine,0,93.2,Executed Cleanly
HIST-00440,BLK-00440,COR-090,2026-09-13,12:15,60,Manual Rule-Based,7,69.8,Cancelled
HIST-00441,BLK-00441,COR-050,2026-09-29,05:30,60,AI Optimization Engine,1,86.2,Partial Conflict
HIST-00442,BLK-00442,COR-047,2026-09-21,14:00,180,Manual Rule-Based,4,61.5,Cancelled
HIST-00443,BLK-00443,COR-039,2026-09-20,23:45,240,Manual Rule-Based,8,60.3,Cancelled
HIST-00444,BLK-00444,COR-063,2026-09-22,13:00,360,Manual Rule-Based,6,60.3,Cancelled
HIST-00445,BLK-00445,COR-052,2026-09-25,02:15,60,AI Optimization Engine,0,96.8,Executed Cleanly
HIST-00446,BLK-00446,COR-084,2026-09-27,14:45,120,Manual Rule-Based,6,63.7,Cancelled
HIST-00447,BLK-00447,COR-079,2026-09-13,02:00,180,Manual Rule-Based,3,69.2,Partial Conflict
HIST-00448,BLK-00448,COR-042,2026-09-21,08:00,180,Manual Rule-Based,3,68.3,Partial Conflict
HIST-00449,BLK-00449,COR-036,2026-09-28,04:00,180,Manual Rule-Based,5,71.2,Cancelled
HIST-00450,BLK-00450,COR-003,2026-09-13,22:45,60,AI Optimization Engine,0,86.4,Executed Cleanly
HIST-00451,BLK-00451,COR-082,2026-09-09,12:30,300,Manual Rule-Based,8,62.3,Cancelled
HIST-00452,BLK-00452,COR-045,2026-09-17,04:45,60,AI Optimization Engine,0,86.2,Executed Cleanly
HIST-00453,BLK-00453,COR-099,2026-09-27,12:15,360,AI Optimization Engine,0,93.0,Executed Cleanly
HIST-00454,BLK-00454,COR-083,2026-09-16,06:30,300,AI Optimization Engine,0,94.5,Executed Cleanly
HIST-00455,BLK-00455,COR-004,2026-09-17,09:00,60,Manual Rule-Based,3,68.4,Partial Conflict
HIST-00456,BLK-00456,COR-030,2026-09-13,03:15,240,AI Optimization Engine,0,85.6,Executed Cleanly
HIST-00457,BLK-00457,COR-028,2026-09-10,01:15,360,AI Optimization Engine,1,93.8,Partial Conflict
HIST-00458,BLK-00458,COR-089,2026-09-26,21:30,120,AI Optimization Engine,0,96.2,Executed Cleanly
HIST-00459,BLK-00459,COR-074,2026-09-25,18:30,180,Manual Rule-Based,8,71.8,Cancelled
HIST-00460,BLK-00460,COR-094,2026-09-23,11:45,300,AI Optimization Engine,0,85.2,Executed Cleanly
HIST-00461,BLK-00461,COR-006,2026-09-12,17:00,360,AI Optimization Engine,0,86.9,Executed Cleanly
HIST-00462,BLK-00462,COR-011,2026-09-18,03:15,360,Manual Rule-Based,8,62.5,Cancelled
HIST-00463,BLK-00463,COR-021,2026-09-18,15:15,60,Manual Rule-Based,8,61.0,Cancelled
HIST-00464,BLK-00464,COR-091,2026-09-15,20:45,360,Manual Rule-Based,8,72.8,Cancelled
HIST-00465,BLK-00465,COR-088,2026-09-14,15:00,180,Manual Rule-Based,6,71.1,Cancelled
HIST-00466,BLK-00466,COR-047,2026-09-26,13:45,60,Manual Rule-Based,8,67.3,Cancelled
HIST-00467,BLK-00467,COR-095,2026-09-20,04:45,60,Manual Rule-Based,8,68.5,Cancelled
HIST-00468,BLK-00468,COR-007,2026-09-14,13:00,360,Manual Rule-Based,4,61.2,Cancelled
HIST-00469,BLK-00469,COR-080,2026-09-13,18:30,120,Manual Rule-Based,6,72.3,Cancelled
HIST-00470,BLK-00470,COR-014,2026-09-20,07:30,180,AI Optimization Engine,1,94.1,Partial Conflict
HIST-00471,BLK-00471,COR-061,2026-09-15,19:45,300,Manual Rule-Based,3,66.4,Partial Conflict
HIST-00472,BLK-00472,COR-084,2026-09-25,02:15,180,AI Optimization Engine,0,95.5,Executed Cleanly
HIST-00473,BLK-00473,COR-034,2026-09-26,20:00,120,Manual Rule-Based,7,66.9,Cancelled
HIST-00474,BLK-00474,COR-024,2026-09-09,07:30,240,Manual Rule-Based,5,68.5,Cancelled
HIST-00475,BLK-00475,COR-024,2026-09-23,13:45,60,Manual Rule-Based,7,62.2,Cancelled
HIST-00476,BLK-00476,COR-052,2026-09-10,11:15,120,Manual Rule-Based,7,66.5,Cancelled
HIST-00477,BLK-00477,COR-044,2026-09-13,23:15,240,Manual Rule-Based,5,67.0,Cancelled
HIST-00478,BLK-00478,COR-046,2026-09-20,01:15,60,Manual Rule-Based,4,60.3,Cancelled
HIST-00479,BLK-00479,COR-066,2026-09-12,11:45,240,Manual Rule-Based,4,70.6,Cancelled
HIST-00480,BLK-00480,COR-048,2026-09-13,11:45,360,Manual Rule-Based,8,74.9,Cancelled
HIST-00481,BLK-00481,COR-021,2026-09-15,23:15,240,AI Optimization Engine,1,91.7,Partial Conflict
HIST-00482,BLK-00482,COR-061,2026-09-29,04:00,360,Manual Rule-Based,3,71.6,Partial Conflict
HIST-00483,BLK-00483,COR-072,2026-09-18,11:00,60,Manual Rule-Based,3,69.6,Partial Conflict
HIST-00484,BLK-00484,COR-064,2026-09-22,10:15,60,Manual Rule-Based,3,62.7,Partial Conflict
HIST-00485,BLK-00485,COR-023,2026-09-14,02:15,300,Manual Rule-Based,4,73.0,Cancelled
HIST-00486,BLK-00486,COR-034,2026-09-21,21:00,300,Manual Rule-Based,7,60.1,Cancelled
HIST-00487,BLK-00487,COR-060,2026-09-12,12:15,240,Manual Rule-Based,8,68.8,Cancelled
HIST-00488,BLK-00488,COR-099,2026-09-28,05:00,60,Manual Rule-Based,3,72.5,Partial Conflict
HIST-00489,BLK-00489,COR-069,2026-09-22,07:15,60,AI Optimization Engine,0,86.2,Executed Cleanly
HIST-00490,BLK-00490,COR-020,2026-09-29,03:15,300,AI Optimization Engine,1,95.6,Partial Conflict
HIST-00491,BLK-00491,COR-062,2026-09-28,05:15,180,Manual Rule-Based,7,74.6,Cancelled
HIST-00492,BLK-00492,COR-017,2026-09-09,15:45,120,AI Optimization Engine,0,87.4,Executed Cleanly
HIST-00493,BLK-00493,COR-097,2026-09-26,10:30,300,Manual Rule-Based,8,70.5,Cancelled
HIST-00494,BLK-00494,COR-086,2026-09-13,14:30,60,Manual Rule-Based,8,73.7,Cancelled
HIST-00495,BLK-00495,COR-096,2026-09-21,17:00,180,AI Optimization Engine,0,87.1,Executed Cleanly
HIST-00496,BLK-00496,COR-092,2026-09-17,22:45,180,Manual Rule-Based,7,66.5,Cancelled
HIST-00497,BLK-00497,COR-057,2026-09-25,12:15,360,Manual Rule-Based,8,62.2,Cancelled
HIST-00498,BLK-00498,COR-067,2026-09-15,02:15,360,Manual Rule-Based,5,67.6,Cancelled
HIST-00499,BLK-00499,COR-077,2026-09-28,22:00,300,AI Optimization Engine,0,89.6,Executed Cleanly
HIST-00500,BLK-00500,COR-002,2026-09-22,10:45,120,Manual Rule-Based,4,60.1,Cancelled
HIST-00501,BLK-00501,COR-009,2026-09-16,14:15,240,Manual Rule-Based,5,66.0,Cancelled
HIST-00502,BLK-00502,COR-097,2026-09-24,04:45,240,Manual Rule-Based,7,64.1,Cancelled
HIST-00503,BLK-00503,COR-016,2026-09-19,00:45,120,Manual Rule-Based,3,62.9,Partial Conflict
HIST-00504,BLK-00504,COR-020,2026-09-18,11:00,360,AI Optimization Engine,0,85.1,Executed Cleanly
HIST-00505,BLK-00505,COR-070,2026-09-12,04:45,120,AI Optimization Engine,1,86.1,Partial Conflict
HIST-00506,BLK-00506,COR-049,2026-09-28,06:30,60,AI Optimization Engine,0,93.5,Executed Cleanly
HIST-00507,BLK-00507,COR-063,2026-09-23,01:15,120,Manual Rule-Based,8,75.9,Cancelled
HIST-00508,BLK-00508,COR-034,2026-09-13,11:30,60,Manual Rule-Based,8,64.8,Cancelled
HIST-00509,BLK-00509,COR-047,2026-09-18,07:00,180,Manual Rule-Based,4,67.2,Cancelled
HIST-00510,BLK-00510,COR-045,2026-09-26,00:30,180,Manual Rule-Based,7,62.7,Cancelled
HIST-00511,BLK-00511,COR-003,2026-09-11,15:45,360,AI Optimization Engine,0,86.4,Executed Cleanly
HIST-00512,BLK-00512,COR-049,2026-09-11,19:00,360,AI Optimization Engine,0,91.9,Executed Cleanly
HIST-00513,BLK-00513,COR-047,2026-09-23,02:45,180,AI Optimization Engine,1,90.1,Partial Conflict
HIST-00514,BLK-00514,COR-092,2026-09-19,00:30,360,AI Optimization Engine,0,94.6,Executed Cleanly
HIST-00515,BLK-00515,COR-056,2026-09-10,12:45,360,Manual Rule-Based,6,74.5,Cancelled
HIST-00516,BLK-00516,COR-028,2026-09-19,05:45,240,AI Optimization Engine,0,93.7,Executed Cleanly
HIST-00517,BLK-00517,COR-060,2026-09-14,19:00,360,Manual Rule-Based,4,75.7,Cancelled
HIST-00518,BLK-00518,COR-033,2026-09-10,07:15,300,Manual Rule-Based,5,73.6,Cancelled
HIST-00519,BLK-00519,COR-055,2026-09-12,11:15,240,AI Optimization Engine,1,86.5,Partial Conflict
HIST-00520,BLK-00520,COR-003,2026-09-19,19:45,60,AI Optimization Engine,1,87.7,Partial Conflict
HIST-00521,BLK-00521,COR-031,2026-09-27,18:15,180,AI Optimization Engine,1,97.5,Partial Conflict
HIST-00522,BLK-00522,COR-043,2026-09-26,09:45,240,AI Optimization Engine,0,96.9,Executed Cleanly
HIST-00523,BLK-00523,COR-076,2026-09-25,21:45,240,AI Optimization Engine,0,92.5,Executed Cleanly
HIST-00524,BLK-00524,COR-040,2026-09-12,18:15,300,Manual Rule-Based,8,70.2,Cancelled
HIST-00525,BLK-00525,COR-088,2026-09-13,01:30,180,AI Optimization Engine,0,92.9,Executed Cleanly
HIST-00526,BLK-00526,COR-021,2026-09-10,10:30,120,AI Optimization Engine,0,96.5,Executed Cleanly
HIST-00527,BLK-00527,COR-021,2026-09-28,23:00,240,AI Optimization Engine,0,96.0,Executed Cleanly
HIST-00528,BLK-00528,COR-083,2026-09-28,01:45,240,Manual Rule-Based,4,60.7,Cancelled
HIST-00529,BLK-00529,COR-058,2026-09-21,07:00,360,AI Optimization Engine,1,94.3,Partial Conflict
HIST-00530,BLK-00530,COR-051,2026-09-19,05:45,240,Manual Rule-Based,5,67.1,Cancelled
HIST-00531,BLK-00531,COR-034,2026-09-25,17:45,180,AI Optimization Engine,1,92.1,Partial Conflict
HIST-00532,BLK-00532,COR-092,2026-09-12,18:15,180,AI Optimization Engine,0,93.3,Executed Cleanly
HIST-00533,BLK-00533,COR-017,2026-09-14,03:00,180,Manual Rule-Based,4,65.8,Cancelled
HIST-00534,BLK-00534,COR-034,2026-09-15,21:30,120,Manual Rule-Based,6,73.9,Cancelled
HIST-00535,BLK-00535,COR-088,2026-09-21,19:45,240,Manual Rule-Based,5,69.9,Cancelled
HIST-00536,BLK-00536,COR-061,2026-09-28,01:15,60,AI Optimization Engine,1,85.2,Partial Conflict
HIST-00537,BLK-00537,COR-051,2026-09-21,12:45,360,Manual Rule-Based,7,68.2,Cancelled
HIST-00538,BLK-00538,COR-012,2026-09-17,18:45,120,Manual Rule-Based,4,65.9,Cancelled
HIST-00539,BLK-00539,COR-034,2026-09-29,02:00,300,AI Optimization Engine,0,97.1,Executed Cleanly
HIST-00540,BLK-00540,COR-025,2026-09-11,19:00,180,Manual Rule-Based,3,65.3,Partial Conflict
HIST-00541,BLK-00541,COR-091,2026-09-10,06:30,240,Manual Rule-Based,8,75.3,Cancelled
HIST-00542,BLK-00542,COR-096,2026-09-12,18:30,120,AI Optimization Engine,0,90.5,Executed Cleanly
HIST-00543,BLK-00543,COR-032,2026-09-11,22:30,120,Manual Rule-Based,6,74.9,Cancelled
HIST-00544,BLK-00544,COR-004,2026-09-25,19:30,120,Manual Rule-Based,7,65.5,Cancelled
HIST-00545,BLK-00545,COR-042,2026-09-13,20:15,120,Manual Rule-Based,6,68.0,Cancelled
HIST-00546,BLK-00546,COR-052,2026-09-09,16:00,180,Manual Rule-Based,8,75.2,Cancelled
HIST-00547,BLK-00547,COR-039,2026-09-23,18:45,60,AI Optimization Engine,0,92.6,Executed Cleanly
HIST-00548,BLK-00548,COR-058,2026-09-21,13:45,240,Manual Rule-Based,3,67.9,Partial Conflict
HIST-00549,BLK-00549,COR-006,2026-09-28,00:15,360,AI Optimization Engine,1,94.6,Partial Conflict
HIST-00550,BLK-00550,COR-056,2026-09-15,14:30,180,AI Optimization Engine,0,97.4,Executed Cleanly
HIST-00551,BLK-00551,COR-006,2026-09-22,04:45,120,Manual Rule-Based,5,72.8,Cancelled
HIST-00552,BLK-00552,COR-095,2026-09-21,03:45,120,AI Optimization Engine,0,96.6,Executed Cleanly
HIST-00553,BLK-00553,COR-044,2026-09-26,04:00,60,Manual Rule-Based,7,64.4,Cancelled
HIST-00554,BLK-00554,COR-015,2026-09-27,10:00,180,AI Optimization Engine,1,93.5,Partial Conflict
HIST-00555,BLK-00555,COR-017,2026-09-10,18:00,120,AI Optimization Engine,1,94.1,Partial Conflict
HIST-00556,BLK-00556,COR-012,2026-09-15,07:15,360,AI Optimization Engine,0,88.5,Executed Cleanly
HIST-00557,BLK-00557,COR-058,2026-09-10,02:45,60,AI Optimization Engine,0,92.6,Executed Cleanly
HIST-00558,BLK-00558,COR-005,2026-09-11,12:15,60,Manual Rule-Based,7,68.3,Cancelled
HIST-00559,BLK-00559,COR-074,2026-09-22,05:30,180,AI Optimization Engine,0,86.2,Executed Cleanly
HIST-00560,BLK-00560,COR-093,2026-09-09,13:45,240,AI Optimization Engine,1,92.5,Partial Conflict
HIST-00561,BLK-00561,COR-054,2026-09-10,12:00,120,AI Optimization Engine,1,87.5,Partial Conflict
HIST-00562,BLK-00562,COR-023,2026-09-28,20:15,360,AI Optimization Engine,1,91.6,Partial Conflict
HIST-00563,BLK-00563,COR-046,2026-09-25,11:00,120,Manual Rule-Based,6,72.0,Cancelled
HIST-00564,BLK-00564,COR-072,2026-09-17,20:15,360,Manual Rule-Based,7,66.4,Cancelled
HIST-00565,BLK-00565,COR-057,2026-09-13,14:15,360,Manual Rule-Based,7,65.8,Cancelled
HIST-00566,BLK-00566,COR-027,2026-09-09,11:00,240,Manual Rule-Based,7,61.8,Cancelled
HIST-00567,BLK-00567,COR-026,2026-09-19,04:15,60,AI Optimization Engine,0,86.6,Executed Cleanly
HIST-00568,BLK-00568,COR-048,2026-09-19,10:00,180,Manual Rule-Based,5,70.2,Cancelled
HIST-00569,BLK-00569,COR-067,2026-09-20,14:45,300,Manual Rule-Based,8,61.3,Cancelled
HIST-00570,BLK-00570,COR-099,2026-09-19,23:45,240,Manual Rule-Based,4,61.0,Cancelled
HIST-00571,BLK-00571,COR-088,2026-09-10,20:45,360,Manual Rule-Based,7,69.2,Cancelled
HIST-00572,BLK-00572,COR-070,2026-09-12,00:45,300,Manual Rule-Based,7,71.4,Cancelled
HIST-00573,BLK-00573,COR-050,2026-09-25,15:45,120,AI Optimization Engine,0,87.6,Executed Cleanly
HIST-00574,BLK-00574,COR-097,2026-09-18,12:15,240,Manual Rule-Based,3,60.4,Partial Conflict
HIST-00575,BLK-00575,COR-081,2026-09-15,00:30,360,Manual Rule-Based,8,63.0,Cancelled
HIST-00576,BLK-00576,COR-039,2026-09-29,19:15,240,AI Optimization Engine,1,95.3,Partial Conflict
HIST-00577,BLK-00577,COR-100,2026-09-13,23:00,180,Manual Rule-Based,3,75.8,Partial Conflict
HIST-00578,BLK-00578,COR-010,2026-09-15,22:15,240,Manual Rule-Based,7,75.0,Cancelled
HIST-00579,BLK-00579,COR-094,2026-09-22,02:45,180,Manual Rule-Based,5,70.2,Cancelled
HIST-00580,BLK-00580,COR-059,2026-09-14,10:45,60,Manual Rule-Based,8,67.7,Cancelled
HIST-00581,BLK-00581,COR-074,2026-09-27,06:30,120,AI Optimization Engine,0,86.0,Executed Cleanly
HIST-00582,BLK-00582,COR-076,2026-09-24,07:45,240,Manual Rule-Based,7,60.3,Cancelled
HIST-00583,BLK-00583,COR-054,2026-09-17,09:30,60,AI Optimization Engine,0,86.0,Executed Cleanly
HIST-00584,BLK-00584,COR-086,2026-09-09,06:45,300,AI Optimization Engine,0,87.2,Executed Cleanly
HIST-00585,BLK-00585,COR-095,2026-09-27,22:15,360,AI Optimization Engine,1,96.0,Partial Conflict
HIST-00586,BLK-00586,COR-080,2026-09-14,15:45,180,AI Optimization Engine,0,91.8,Executed Cleanly
HIST-00587,BLK-00587,COR-036,2026-09-25,07:15,180,Manual Rule-Based,4,61.2,Cancelled
HIST-00588,BLK-00588,COR-056,2026-09-17,16:00,180,Manual Rule-Based,6,65.8,Cancelled
HIST-00589,BLK-00589,COR-024,2026-09-15,05:30,60,AI Optimization Engine,1,94.7,Partial Conflict
HIST-00590,BLK-00590,COR-050,2026-09-11,11:45,360,Manual Rule-Based,8,68.6,Cancelled
HIST-00591,BLK-00591,COR-066,2026-09-28,06:45,360,Manual Rule-Based,6,70.1,Cancelled
HIST-00592,BLK-00592,COR-082,2026-09-18,17:30,300,Manual Rule-Based,3,69.5,Partial Conflict
HIST-00593,BLK-00593,COR-058,2026-09-15,05:30,360,AI Optimization Engine,0,91.8,Executed Cleanly
HIST-00594,BLK-00594,COR-006,2026-09-25,19:15,360,Manual Rule-Based,3,65.0,Partial Conflict
HIST-00595,BLK-00595,COR-045,2026-09-13,14:00,120,Manual Rule-Based,8,68.7,Cancelled
HIST-00596,BLK-00596,COR-056,2026-09-12,15:00,360,Manual Rule-Based,4,67.3,Cancelled
HIST-00597,BLK-00597,COR-059,2026-09-23,16:30,120,Manual Rule-Based,4,66.7,Cancelled
HIST-00598,BLK-00598,COR-098,2026-09-15,13:30,120,AI Optimization Engine,0,91.7,Executed Cleanly
HIST-00599,BLK-00599,COR-023,2026-09-09,19:00,360,Manual Rule-Based,3,61.8,Partial Conflict
HIST-00600,BLK-00600,COR-025,2026-09-14,14:15,60,AI Optimization Engine,0,87.4,Executed Cleanly
HIST-00601,BLK-00601,COR-001,2026-09-14,10:45,240,Manual Rule-Based,7,66.0,Cancelled
HIST-00602,BLK-00602,COR-076,2026-09-21,13:30,60,Manual Rule-Based,4,62.6,Cancelled
HIST-00603,BLK-00603,COR-001,2026-09-12,03:30,180,Manual Rule-Based,8,75.0,Cancelled
HIST-00604,BLK-00604,COR-067,2026-09-17,02:00,300,Manual Rule-Based,8,71.9,Cancelled
HIST-00605,BLK-00605,COR-043,2026-09-10,17:45,180,Manual Rule-Based,3,69.6,Partial Conflict
HIST-00606,BLK-00606,COR-040,2026-09-21,04:15,360,AI Optimization Engine,1,86.0,Partial Conflict
HIST-00607,BLK-00607,COR-061,2026-09-20,05:00,240,Manual Rule-Based,8,61.6,Cancelled
HIST-00608,BLK-00608,COR-011,2026-09-15,13:00,120,AI Optimization Engine,1,95.0,Partial Conflict
HIST-00609,BLK-00609,COR-009,2026-09-28,00:45,120,Manual Rule-Based,5,75.9,Cancelled
HIST-00610,BLK-00610,COR-050,2026-09-22,13:00,360,Manual Rule-Based,5,68.0,Cancelled
HIST-00611,BLK-00611,COR-014,2026-09-17,00:00,180,Manual Rule-Based,6,68.9,Cancelled
HIST-00612,BLK-00612,COR-024,2026-09-27,12:45,300,AI Optimization Engine,1,94.0,Partial Conflict
HIST-00613,BLK-00613,COR-061,2026-09-17,03:30,180,Manual Rule-Based,6,62.0,Cancelled
HIST-00614,BLK-00614,COR-045,2026-09-22,06:00,300,AI Optimization Engine,1,85.3,Partial Conflict
HIST-00615,BLK-00615,COR-079,2026-09-24,00:00,60,AI Optimization Engine,1,88.2,Partial Conflict
HIST-00616,BLK-00616,COR-080,2026-09-19,16:00,180,AI Optimization Engine,0,97.0,Executed Cleanly
HIST-00617,BLK-00617,COR-046,2026-09-09,02:15,60,Manual Rule-Based,7,69.9,Cancelled
HIST-00618,BLK-00618,COR-029,2026-09-14,15:30,240,Manual Rule-Based,5,74.8,Cancelled
HIST-00619,BLK-00619,COR-049,2026-09-26,03:15,240,Manual Rule-Based,5,73.3,Cancelled
HIST-00620,BLK-00620,COR-016,2026-09-24,06:45,240,AI Optimization Engine,0,87.7,Executed Cleanly
HIST-00621,BLK-00621,COR-069,2026-09-22,11:45,360,AI Optimization Engine,1,87.9,Partial Conflict
HIST-00622,BLK-00622,COR-094,2026-09-18,22:30,120,Manual Rule-Based,3,68.1,Partial Conflict
HIST-00623,BLK-00623,COR-042,2026-09-11,16:30,360,AI Optimization Engine,0,95.7,Executed Cleanly
HIST-00624,BLK-00624,COR-029,2026-09-15,17:30,360,AI Optimization Engine,1,86.1,Partial Conflict
HIST-00625,BLK-00625,COR-018,2026-09-09,06:15,120,Manual Rule-Based,3,66.1,Partial Conflict
HIST-00626,BLK-00626,COR-056,2026-09-29,00:15,300,Manual Rule-Based,3,75.3,Partial Conflict
HIST-00627,BLK-00627,COR-038,2026-09-27,10:00,300,Manual Rule-Based,5,62.0,Cancelled
HIST-00628,BLK-00628,COR-043,2026-09-24,18:15,240,Manual Rule-Based,8,75.4,Cancelled
HIST-00629,BLK-00629,COR-099,2026-09-18,14:30,360,Manual Rule-Based,4,67.5,Cancelled
HIST-00630,BLK-00630,COR-030,2026-09-22,12:30,360,AI Optimization Engine,1,97.2,Partial Conflict
HIST-00631,BLK-00631,COR-099,2026-09-13,23:00,180,Manual Rule-Based,5,71.4,Cancelled
HIST-00632,BLK-00632,COR-064,2026-09-26,17:00,120,Manual Rule-Based,7,68.8,Cancelled
HIST-00633,BLK-00633,COR-018,2026-09-09,22:45,180,AI Optimization Engine,1,87.4,Partial Conflict
HIST-00634,BLK-00634,COR-061,2026-09-25,18:15,180,AI Optimization Engine,0,88.0,Executed Cleanly
HIST-00635,BLK-00635,COR-004,2026-09-27,15:00,300,AI Optimization Engine,1,88.1,Partial Conflict
HIST-00636,BLK-00636,COR-022,2026-09-25,18:45,360,AI Optimization Engine,1,95.5,Partial Conflict
HIST-00637,BLK-00637,COR-017,2026-09-27,17:00,300,AI Optimization Engine,1,92.2,Partial Conflict
HIST-00638,BLK-00638,COR-001,2026-09-12,19:30,360,AI Optimization Engine,0,95.4,Executed Cleanly
HIST-00639,BLK-00639,COR-095,2026-09-15,22:45,60,Manual Rule-Based,4,65.7,Cancelled
HIST-00640,BLK-00640,COR-080,2026-09-21,20:15,60,AI Optimization Engine,1,89.9,Partial Conflict
HIST-00641,BLK-00641,COR-090,2026-09-12,10:45,120,AI Optimization Engine,1,90.0,Partial Conflict
HIST-00642,BLK-00642,COR-058,2026-09-26,20:15,300,AI Optimization Engine,1,94.6,Partial Conflict
HIST-00643,BLK-00643,COR-002,2026-09-24,09:45,300,AI Optimization Engine,1,90.2,Partial Conflict
HIST-00644,BLK-00644,COR-018,2026-09-15,14:45,360,Manual Rule-Based,7,61.1,Cancelled
HIST-00645,BLK-00645,COR-010,2026-09-17,14:15,180,AI Optimization Engine,1,87.9,Partial Conflict
HIST-00646,BLK-00646,COR-090,2026-09-15,18:15,60,AI Optimization Engine,1,89.0,Partial Conflict
HIST-00647,BLK-00647,COR-007,2026-09-23,08:45,300,AI Optimization Engine,1,90.8,Partial Conflict
HIST-00648,BLK-00648,COR-025,2026-09-29,10:15,360,Manual Rule-Based,5,63.3,Cancelled
HIST-00649,BLK-00649,COR-042,2026-09-12,14:45,60,Manual Rule-Based,8,64.9,Cancelled
HIST-00650,BLK-00650,COR-023,2026-09-09,03:45,60,Manual Rule-Based,3,64.9,Partial Conflict
HIST-00651,BLK-00651,COR-009,2026-09-14,14:45,180,Manual Rule-Based,7,64.0,Cancelled
HIST-00652,BLK-00652,COR-077,2026-09-14,09:30,300,Manual Rule-Based,6,74.8,Cancelled
HIST-00653,BLK-00653,COR-003,2026-09-15,03:00,60,AI Optimization Engine,1,97.3,Partial Conflict
HIST-00654,BLK-00654,COR-040,2026-09-26,15:00,60,Manual Rule-Based,7,70.7,Cancelled
HIST-00655,BLK-00655,COR-027,2026-09-22,17:45,360,Manual Rule-Based,5,61.1,Cancelled
HIST-00656,BLK-00656,COR-097,2026-09-17,18:15,60,Manual Rule-Based,8,73.0,Cancelled
HIST-00657,BLK-00657,COR-024,2026-09-29,11:45,120,AI Optimization Engine,1,86.2,Partial Conflict
HIST-00658,BLK-00658,COR-031,2026-09-21,05:00,300,Manual Rule-Based,4,61.9,Cancelled
HIST-00659,BLK-00659,COR-037,2026-09-18,13:15,240,Manual Rule-Based,3,61.2,Partial Conflict
HIST-00660,BLK-00660,COR-057,2026-09-13,00:00,360,Manual Rule-Based,7,75.1,Cancelled
HIST-00661,BLK-00661,COR-077,2026-09-23,02:30,120,Manual Rule-Based,7,62.4,Cancelled
HIST-00662,BLK-00662,COR-043,2026-09-20,09:30,120,AI Optimization Engine,1,85.9,Partial Conflict
HIST-00663,BLK-00663,COR-063,2026-09-12,10:15,120,AI Optimization Engine,1,94.6,Partial Conflict
HIST-00664,BLK-00664,COR-033,2026-09-25,11:45,180,Manual Rule-Based,7,67.3,Cancelled
HIST-00665,BLK-00665,COR-062,2026-09-15,03:15,360,AI Optimization Engine,0,95.4,Executed Cleanly
HIST-00666,BLK-00666,COR-078,2026-09-13,16:30,300,AI Optimization Engine,0,87.0,Executed Cleanly
HIST-00667,BLK-00667,COR-022,2026-09-15,23:00,300,AI Optimization Engine,0,93.1,Executed Cleanly
HIST-00668,BLK-00668,COR-019,2026-09-12,02:15,60,AI Optimization Engine,0,87.7,Executed Cleanly
HIST-00669,BLK-00669,COR-084,2026-09-20,11:30,180,Manual Rule-Based,3,70.9,Partial Conflict
HIST-00670,BLK-00670,COR-073,2026-09-13,10:00,360,Manual Rule-Based,6,68.5,Cancelled
HIST-00671,BLK-00671,COR-011,2026-09-10,01:15,240,Manual Rule-Based,7,73.1,Cancelled
HIST-00672,BLK-00672,COR-097,2026-09-12,04:30,120,AI Optimization Engine,0,90.0,Executed Cleanly
HIST-00673,BLK-00673,COR-097,2026-09-12,19:30,120,AI Optimization Engine,1,94.3,Partial Conflict
HIST-00674,BLK-00674,COR-043,2026-09-28,15:00,360,Manual Rule-Based,3,67.1,Partial Conflict
HIST-00675,BLK-00675,COR-048,2026-09-17,01:45,300,AI Optimization Engine,1,93.2,Partial Conflict
HIST-00676,BLK-00676,COR-095,2026-09-20,23:15,120,Manual Rule-Based,7,67.7,Cancelled
HIST-00677,BLK-00677,COR-078,2026-09-28,16:45,120,Manual Rule-Based,8,65.0,Cancelled
HIST-00678,BLK-00678,COR-058,2026-09-21,09:30,300,AI Optimization Engine,1,90.5,Partial Conflict
HIST-00679,BLK-00679,COR-050,2026-09-14,04:00,180,AI Optimization Engine,0,91.3,Executed Cleanly
HIST-00680,BLK-00680,COR-029,2026-09-28,06:00,120,Manual Rule-Based,7,69.6,Cancelled
HIST-00681,BLK-00681,COR-034,2026-09-15,05:00,360,AI Optimization Engine,1,87.1,Partial Conflict
HIST-00682,BLK-00682,COR-074,2026-09-19,01:00,120,Manual Rule-Based,6,64.0,Cancelled
HIST-00683,BLK-00683,COR-051,2026-09-13,00:00,60,Manual Rule-Based,8,75.0,Cancelled
HIST-00684,BLK-00684,COR-096,2026-09-13,00:15,300,Manual Rule-Based,6,72.3,Cancelled
HIST-00685,BLK-00685,COR-038,2026-09-24,12:45,180,Manual Rule-Based,5,62.6,Cancelled
HIST-00686,BLK-00686,COR-039,2026-09-09,00:15,360,AI Optimization Engine,0,96.5,Executed Cleanly
HIST-00687,BLK-00687,COR-010,2026-09-18,17:00,240,Manual Rule-Based,3,69.3,Partial Conflict
HIST-00688,BLK-00688,COR-059,2026-09-12,10:15,240,Manual Rule-Based,7,67.2,Cancelled
HIST-00689,BLK-00689,COR-087,2026-09-23,05:00,120,Manual Rule-Based,8,75.8,Cancelled
HIST-00690,BLK-00690,COR-016,2026-09-25,02:30,300,Manual Rule-Based,5,63.1,Cancelled
HIST-00691,BLK-00691,COR-039,2026-09-13,15:30,60,AI Optimization Engine,0,94.5,Executed Cleanly
HIST-00692,BLK-00692,COR-002,2026-09-23,09:30,300,Manual Rule-Based,3,73.5,Partial Conflict
HIST-00693,BLK-00693,COR-089,2026-09-19,14:15,180,AI Optimization Engine,0,97.0,Executed Cleanly
HIST-00694,BLK-00694,COR-092,2026-09-19,15:45,300,AI Optimization Engine,1,90.2,Partial Conflict
HIST-00695,BLK-00695,COR-067,2026-09-12,09:45,60,AI Optimization Engine,0,85.3,Executed Cleanly
HIST-00696,BLK-00696,COR-016,2026-09-27,23:30,120,AI Optimization Engine,0,88.4,Executed Cleanly
HIST-00697,BLK-00697,COR-055,2026-09-10,15:45,360,Manual Rule-Based,8,61.7,Cancelled
HIST-00698,BLK-00698,COR-067,2026-09-25,01:15,180,Manual Rule-Based,7,70.7,Cancelled
HIST-00699,BLK-00699,COR-028,2026-09-16,10:30,300,Manual Rule-Based,6,67.0,Cancelled
HIST-00700,BLK-00700,COR-049,2026-09-15,23:45,180,AI Optimization Engine,0,90.5,Executed Cleanly
HIST-00701,BLK-00701,COR-092,2026-09-20,17:15,180,Manual Rule-Based,8,75.3,Cancelled
HIST-00702,BLK-00702,COR-010,2026-09-20,09:30,300,Manual Rule-Based,3,73.2,Partial Conflict
HIST-00703,BLK-00703,COR-036,2026-09-24,13:45,300,Manual Rule-Based,7,61.8,Cancelled
HIST-00704,BLK-00704,COR-068,2026-09-19,05:45,360,AI Optimization Engine,1,91.9,Partial Conflict
HIST-00705,BLK-00705,COR-095,2026-09-12,15:30,120,AI Optimization Engine,1,97.4,Partial Conflict
HIST-00706,BLK-00706,COR-085,2026-09-10,08:15,60,AI Optimization Engine,1,88.8,Partial Conflict
HIST-00707,BLK-00707,COR-046,2026-09-14,04:00,300,Manual Rule-Based,7,63.2,Cancelled
HIST-00708,BLK-00708,COR-012,2026-09-17,22:15,360,Manual Rule-Based,5,70.9,Cancelled
HIST-00709,BLK-00709,COR-055,2026-09-15,14:15,360,Manual Rule-Based,8,70.4,Cancelled
HIST-00710,BLK-00710,COR-032,2026-09-20,19:30,300,AI Optimization Engine,1,90.0,Partial Conflict
HIST-00711,BLK-00711,COR-047,2026-09-22,08:00,120,Manual Rule-Based,7,60.6,Cancelled
HIST-00712,BLK-00712,COR-039,2026-09-22,07:30,120,Manual Rule-Based,4,72.5,Cancelled
HIST-00713,BLK-00713,COR-080,2026-09-27,19:30,360,AI Optimization Engine,1,92.7,Partial Conflict
HIST-00714,BLK-00714,COR-046,2026-09-13,02:45,300,Manual Rule-Based,6,63.6,Cancelled
HIST-00715,BLK-00715,COR-029,2026-09-15,07:15,300,Manual Rule-Based,5,66.6,Cancelled
HIST-00716,BLK-00716,COR-096,2026-09-19,00:00,360,AI Optimization Engine,0,86.6,Executed Cleanly
HIST-00717,BLK-00717,COR-086,2026-09-14,20:30,120,Manual Rule-Based,7,64.4,Cancelled
HIST-00718,BLK-00718,COR-015,2026-09-18,23:30,300,Manual Rule-Based,4,62.7,Cancelled
HIST-00719,BLK-00719,COR-062,2026-09-23,12:15,360,AI Optimization Engine,0,90.0,Executed Cleanly
HIST-00720,BLK-00720,COR-026,2026-09-20,05:30,240,AI Optimization Engine,1,96.1,Partial Conflict
HIST-00721,BLK-00721,COR-017,2026-09-15,22:15,240,AI Optimization Engine,0,90.9,Executed Cleanly
HIST-00722,BLK-00722,COR-090,2026-09-19,22:45,300,AI Optimization Engine,1,87.0,Partial Conflict
HIST-00723,BLK-00723,COR-045,2026-09-28,23:15,300,Manual Rule-Based,7,62.3,Cancelled
HIST-00724,BLK-00724,COR-056,2026-09-28,03:30,120,AI Optimization Engine,0,90.3,Executed Cleanly
HIST-00725,BLK-00725,COR-095,2026-09-11,04:15,360,Manual Rule-Based,4,72.7,Cancelled
HIST-00726,BLK-00726,COR-017,2026-09-13,15:15,60,Manual Rule-Based,8,60.2,Cancelled
HIST-00727,BLK-00727,COR-039,2026-09-29,09:15,240,Manual Rule-Based,5,63.9,Cancelled
HIST-00728,BLK-00728,COR-047,2026-09-24,15:45,60,Manual Rule-Based,4,73.7,Cancelled
HIST-00729,BLK-00729,COR-073,2026-09-28,09:00,120,Manual Rule-Based,3,65.3,Partial Conflict
HIST-00730,BLK-00730,COR-097,2026-09-14,02:30,120,AI Optimization Engine,1,91.5,Partial Conflict
HIST-00731,BLK-00731,COR-066,2026-09-18,17:00,240,AI Optimization Engine,1,88.9,Partial Conflict
HIST-00732,BLK-00732,COR-029,2026-09-26,09:45,180,AI Optimization Engine,0,89.3,Executed Cleanly
HIST-00733,BLK-00733,COR-001,2026-09-15,13:30,180,Manual Rule-Based,4,64.4,Cancelled
HIST-00734,BLK-00734,COR-046,2026-09-18,23:00,180,AI Optimization Engine,0,96.4,Executed Cleanly
HIST-00735,BLK-00735,COR-029,2026-09-18,00:30,180,Manual Rule-Based,7,65.4,Cancelled
HIST-00736,BLK-00736,COR-059,2026-09-09,00:45,180,AI Optimization Engine,1,89.2,Partial Conflict
HIST-00737,BLK-00737,COR-088,2026-09-26,16:45,360,AI Optimization Engine,1,94.9,Partial Conflict
HIST-00738,BLK-00738,COR-049,2026-09-10,18:00,300,AI Optimization Engine,0,91.4,Executed Cleanly
HIST-00739,BLK-00739,COR-002,2026-09-25,12:15,60,Manual Rule-Based,7,73.4,Cancelled
HIST-00740,BLK-00740,COR-043,2026-09-14,05:45,240,AI Optimization Engine,1,92.2,Partial Conflict
HIST-00741,BLK-00741,COR-066,2026-09-15,19:30,300,AI Optimization Engine,1,94.9,Partial Conflict
HIST-00742,BLK-00742,COR-088,2026-09-13,08:15,180,AI Optimization Engine,1,96.0,Partial Conflict
HIST-00743,BLK-00743,COR-016,2026-09-16,12:00,180,AI Optimization Engine,0,96.8,Executed Cleanly
HIST-00744,BLK-00744,COR-020,2026-09-10,01:45,180,Manual Rule-Based,5,71.2,Cancelled
HIST-00745,BLK-00745,COR-001,2026-09-21,01:00,120,AI Optimization Engine,1,92.0,Partial Conflict
HIST-00746,BLK-00746,COR-019,2026-09-29,22:15,300,AI Optimization Engine,1,95.5,Partial Conflict
HIST-00747,BLK-00747,COR-084,2026-09-17,11:15,120,AI Optimization Engine,1,91.5,Partial Conflict
HIST-00748,BLK-00748,COR-068,2026-09-16,16:15,60,AI Optimization Engine,1,93.7,Partial Conflict
HIST-00749,BLK-00749,COR-015,2026-09-26,18:45,60,Manual Rule-Based,7,60.7,Cancelled
HIST-00750,BLK-00750,COR-090,2026-09-12,12:30,360,Manual Rule-Based,6,67.9,Cancelled
HIST-00751,BLK-00751,COR-077,2026-09-25,21:00,240,AI Optimization Engine,1,96.1,Partial Conflict
HIST-00752,BLK-00752,COR-096,2026-09-29,03:00,60,AI Optimization Engine,1,93.1,Partial Conflict
HIST-00753,BLK-00753,COR-008,2026-09-24,16:15,360,Manual Rule-Based,4,68.2,Cancelled
HIST-00754,BLK-00754,COR-091,2026-09-16,03:30,240,AI Optimization Engine,0,97.2,Executed Cleanly
HIST-00755,BLK-00755,COR-096,2026-09-27,22:45,360,Manual Rule-Based,7,68.9,Cancelled
HIST-00756,BLK-00756,COR-083,2026-09-17,23:00,60,AI Optimization Engine,1,97.0,Partial Conflict
HIST-00757,BLK-00757,COR-028,2026-09-09,14:45,180,AI Optimization Engine,0,95.2,Executed Cleanly
HIST-00758,BLK-00758,COR-006,2026-09-22,03:30,120,Manual Rule-Based,7,60.2,Cancelled
HIST-00759,BLK-00759,COR-017,2026-09-27,02:00,180,Manual Rule-Based,5,60.2,Cancelled
HIST-00760,BLK-00760,COR-021,2026-09-27,18:15,60,AI Optimization Engine,1,89.8,Partial Conflict
HIST-00761,BLK-00761,COR-017,2026-09-25,07:45,120,Manual Rule-Based,7,74.4,Cancelled
HIST-00762,BLK-00762,COR-002,2026-09-17,06:15,180,Manual Rule-Based,8,70.4,Cancelled
HIST-00763,BLK-00763,COR-021,2026-09-11,07:15,240,AI Optimization Engine,1,96.8,Partial Conflict
HIST-00764,BLK-00764,COR-073,2026-09-21,17:30,60,Manual Rule-Based,3,71.4,Partial Conflict
HIST-00765,BLK-00765,COR-011,2026-09-18,21:00,300,AI Optimization Engine,0,85.8,Executed Cleanly
HIST-00766,BLK-00766,COR-038,2026-09-26,08:15,60,Manual Rule-Based,3,66.9,Partial Conflict
HIST-00767,BLK-00767,COR-011,2026-09-26,11:15,60,AI Optimization Engine,0,95.5,Executed Cleanly
HIST-00768,BLK-00768,COR-090,2026-09-26,08:45,300,AI Optimization Engine,0,91.1,Executed Cleanly
HIST-00769,BLK-00769,COR-008,2026-09-12,10:45,240,AI Optimization Engine,1,86.9,Partial Conflict
HIST-00770,BLK-00770,COR-011,2026-09-16,04:00,360,AI Optimization Engine,1,88.9,Partial Conflict
HIST-00771,BLK-00771,COR-012,2026-09-23,15:15,300,AI Optimization Engine,0,85.7,Executed Cleanly
HIST-00772,BLK-00772,COR-089,2026-09-11,13:30,120,Manual Rule-Based,3,63.2,Partial Conflict
HIST-00773,BLK-00773,COR-086,2026-09-11,19:30,240,AI Optimization Engine,0,89.3,Executed Cleanly
HIST-00774,BLK-00774,COR-067,2026-09-14,16:00,120,AI Optimization Engine,1,89.2,Partial Conflict
HIST-00775,BLK-00775,COR-028,2026-09-12,10:30,360,AI Optimization Engine,1,89.3,Partial Conflict
HIST-00776,BLK-00776,COR-084,2026-09-12,16:30,60,Manual Rule-Based,3,62.3,Partial Conflict
HIST-00777,BLK-00777,COR-055,2026-09-29,07:00,180,AI Optimization Engine,0,89.5,Executed Cleanly
HIST-00778,BLK-00778,COR-014,2026-09-15,09:30,360,Manual Rule-Based,4,64.8,Cancelled
HIST-00779,BLK-00779,COR-028,2026-09-14,15:30,300,AI Optimization Engine,1,96.9,Partial Conflict
HIST-00780,BLK-00780,COR-048,2026-09-14,09:30,360,Manual Rule-Based,6,62.6,Cancelled
HIST-00781,BLK-00781,COR-020,2026-09-10,23:00,300,Manual Rule-Based,3,64.7,Partial Conflict
HIST-00782,BLK-00782,COR-079,2026-09-15,21:00,120,AI Optimization Engine,0,85.9,Executed Cleanly
HIST-00783,BLK-00783,COR-030,2026-09-13,05:30,240,AI Optimization Engine,1,91.7,Partial Conflict
HIST-00784,BLK-00784,COR-012,2026-09-20,15:30,360,Manual Rule-Based,4,68.6,Cancelled
HIST-00785,BLK-00785,COR-024,2026-09-29,00:15,60,AI Optimization Engine,0,88.1,Executed Cleanly
HIST-00786,BLK-00786,COR-019,2026-09-18,05:30,360,AI Optimization Engine,0,97.1,Executed Cleanly
HIST-00787,BLK-00787,COR-010,2026-09-19,11:30,180,Manual Rule-Based,8,67.9,Cancelled
HIST-00788,BLK-00788,COR-088,2026-09-17,05:45,120,AI Optimization Engine,1,85.6,Partial Conflict
HIST-00789,BLK-00789,COR-044,2026-09-09,11:15,240,Manual Rule-Based,8,75.4,Cancelled
HIST-00790,BLK-00790,COR-069,2026-09-11,01:15,120,AI Optimization Engine,0,94.3,Executed Cleanly
HIST-00791,BLK-00791,COR-094,2026-09-25,22:45,120,Manual Rule-Based,6,69.7,Cancelled
HIST-00792,BLK-00792,COR-056,2026-09-24,08:00,120,Manual Rule-Based,4,74.2,Cancelled
HIST-00793,BLK-00793,COR-027,2026-09-15,07:00,240,Manual Rule-Based,7,61.1,Cancelled
HIST-00794,BLK-00794,COR-026,2026-09-16,03:45,300,AI Optimization Engine,0,91.4,Executed Cleanly
HIST-00795,BLK-00795,COR-051,2026-09-25,19:45,60,Manual Rule-Based,3,60.4,Partial Conflict
HIST-00796,BLK-00796,COR-100,2026-09-11,23:30,180,Manual Rule-Based,5,73.6,Cancelled
HIST-00797,BLK-00797,COR-037,2026-09-25,20:15,120,Manual Rule-Based,7,72.5,Cancelled
HIST-00798,BLK-00798,COR-026,2026-09-10,11:30,300,Manual Rule-Based,8,63.5,Cancelled
HIST-00799,BLK-00799,COR-031,2026-09-21,22:15,300,Manual Rule-Based,5,61.7,Cancelled
HIST-00800,BLK-00800,COR-083,2026-09-15,21:30,120,AI Optimization Engine,1,85.2,Partial Conflict
HIST-00801,BLK-00801,COR-079,2026-09-21,12:00,360,Manual Rule-Based,3,62.4,Partial Conflict
HIST-00802,BLK-00802,COR-002,2026-09-16,18:00,120,AI Optimization Engine,0,87.4,Executed Cleanly
HIST-00803,BLK-00803,COR-006,2026-09-19,23:15,300,AI Optimization Engine,1,85.4,Partial Conflict
HIST-00804,BLK-00804,COR-017,2026-09-12,18:30,120,Manual Rule-Based,8,66.6,Cancelled
HIST-00805,BLK-00805,COR-036,2026-09-22,04:00,120,Manual Rule-Based,5,73.9,Cancelled
HIST-00806,BLK-00806,COR-010,2026-09-17,02:15,180,Manual Rule-Based,3,66.1,Partial Conflict
HIST-00807,BLK-00807,COR-098,2026-09-26,06:00,60,AI Optimization Engine,0,95.1,Executed Cleanly
HIST-00808,BLK-00808,COR-100,2026-09-24,03:00,60,AI Optimization Engine,1,96.7,Partial Conflict
HIST-00809,BLK-00809,COR-059,2026-09-24,01:15,360,AI Optimization Engine,0,86.2,Executed Cleanly
HIST-00810,BLK-00810,COR-051,2026-09-10,22:15,180,Manual Rule-Based,7,66.8,Cancelled
HIST-00811,BLK-00811,COR-025,2026-09-25,13:30,120,Manual Rule-Based,8,67.8,Cancelled
HIST-00812,BLK-00812,COR-015,2026-09-21,14:00,180,AI Optimization Engine,0,86.2,Executed Cleanly
HIST-00813,BLK-00813,COR-029,2026-09-16,00:30,180,Manual Rule-Based,7,72.0,Cancelled
HIST-00814,BLK-00814,COR-013,2026-09-27,01:00,360,AI Optimization Engine,1,86.6,Partial Conflict
HIST-00815,BLK-00815,COR-059,2026-09-15,01:15,300,Manual Rule-Based,6,72.8,Cancelled
HIST-00816,BLK-00816,COR-061,2026-09-28,06:15,360,AI Optimization Engine,0,86.2,Executed Cleanly
HIST-00817,BLK-00817,COR-100,2026-09-17,15:30,300,AI Optimization Engine,1,87.9,Partial Conflict
HIST-00818,BLK-00818,COR-002,2026-09-21,07:30,120,AI Optimization Engine,0,90.5,Executed Cleanly
HIST-00819,BLK-00819,COR-029,2026-09-17,03:30,180,Manual Rule-Based,4,67.3,Cancelled
HIST-00820,BLK-00820,COR-036,2026-09-27,01:45,360,Manual Rule-Based,3,66.5,Partial Conflict
HIST-00821,BLK-00821,COR-025,2026-09-28,20:15,300,Manual Rule-Based,3,72.5,Partial Conflict
HIST-00822,BLK-00822,COR-064,2026-09-27,20:15,120,Manual Rule-Based,3,71.0,Partial Conflict
HIST-00823,BLK-00823,COR-059,2026-09-14,14:00,60,AI Optimization Engine,1,91.9,Partial Conflict
HIST-00824,BLK-00824,COR-018,2026-09-19,04:45,360,AI Optimization Engine,0,90.4,Executed Cleanly
HIST-00825,BLK-00825,COR-075,2026-09-12,19:30,360,Manual Rule-Based,5,60.2,Cancelled
HIST-00826,BLK-00826,COR-077,2026-09-29,07:15,300,AI Optimization Engine,1,86.6,Partial Conflict
HIST-00827,BLK-00827,COR-040,2026-09-12,09:45,60,AI Optimization Engine,0,85.9,Executed Cleanly
HIST-00828,BLK-00828,COR-060,2026-09-21,02:45,300,AI Optimization Engine,0,86.0,Executed Cleanly
HIST-00829,BLK-00829,COR-075,2026-09-15,06:15,120,AI Optimization Engine,1,96.0,Partial Conflict
HIST-00830,BLK-00830,COR-007,2026-09-16,18:00,180,Manual Rule-Based,5,68.3,Cancelled
HIST-00831,BLK-00831,COR-090,2026-09-17,18:15,300,AI Optimization Engine,1,96.9,Partial Conflict
HIST-00832,BLK-00832,COR-015,2026-09-10,04:15,240,AI Optimization Engine,0,96.2,Executed Cleanly
HIST-00833,BLK-00833,COR-008,2026-09-16,21:45,300,Manual Rule-Based,3,66.6,Partial Conflict
HIST-00834,BLK-00834,COR-019,2026-09-12,23:45,360,AI Optimization Engine,0,94.5,Executed Cleanly
HIST-00835,BLK-00835,COR-048,2026-09-18,22:00,120,AI Optimization Engine,0,97.1,Executed Cleanly
HIST-00836,BLK-00836,COR-002,2026-09-29,06:45,180,AI Optimization Engine,0,86.3,Executed Cleanly
HIST-00837,BLK-00837,COR-046,2026-09-25,11:00,180,Manual Rule-Based,6,72.0,Cancelled
HIST-00838,BLK-00838,COR-059,2026-09-25,07:30,180,AI Optimization Engine,0,85.2,Executed Cleanly
HIST-00839,BLK-00839,COR-074,2026-09-14,02:15,240,Manual Rule-Based,6,68.9,Cancelled
HIST-00840,BLK-00840,COR-006,2026-09-28,02:30,360,AI Optimization Engine,1,87.4,Partial Conflict
HIST-00841,BLK-00841,COR-094,2026-09-21,16:00,60,Manual Rule-Based,7,65.5,Cancelled
HIST-00842,BLK-00842,COR-023,2026-09-11,12:45,240,AI Optimization Engine,0,86.8,Executed Cleanly
HIST-00843,BLK-00843,COR-026,2026-09-23,05:30,120,Manual Rule-Based,6,67.2,Cancelled
HIST-00844,BLK-00844,COR-001,2026-09-10,23:45,180,Manual Rule-Based,6,68.0,Cancelled
HIST-00845,BLK-00845,COR-046,2026-09-13,11:15,120,AI Optimization Engine,1,90.0,Partial Conflict
HIST-00846,BLK-00846,COR-067,2026-09-09,08:00,120,AI Optimization Engine,1,87.3,Partial Conflict
HIST-00847,BLK-00847,COR-009,2026-09-28,05:45,300,Manual Rule-Based,6,65.8,Cancelled
HIST-00848,BLK-00848,COR-070,2026-09-17,01:30,180,AI Optimization Engine,1,96.9,Partial Conflict
HIST-00849,BLK-00849,COR-018,2026-09-27,06:00,240,Manual Rule-Based,6,75.7,Cancelled
HIST-00850,BLK-00850,COR-010,2026-09-29,18:30,180,Manual Rule-Based,4,71.4,Cancelled
HIST-00851,BLK-00851,COR-065,2026-09-26,18:00,120,AI Optimization Engine,1,87.2,Partial Conflict
HIST-00852,BLK-00852,COR-088,2026-09-15,06:45,120,Manual Rule-Based,7,61.9,Cancelled
HIST-00853,BLK-00853,COR-057,2026-09-16,07:15,300,Manual Rule-Based,5,67.1,Cancelled
HIST-00854,BLK-00854,COR-053,2026-09-21,09:15,180,AI Optimization Engine,1,90.2,Partial Conflict
HIST-00855,BLK-00855,COR-057,2026-09-14,17:30,360,Manual Rule-Based,6,66.8,Cancelled
HIST-00856,BLK-00856,COR-010,2026-09-13,17:15,240,AI Optimization Engine,0,90.7,Executed Cleanly
HIST-00857,BLK-00857,COR-068,2026-09-29,00:00,240,Manual Rule-Based,3,65.9,Partial Conflict
HIST-00858,BLK-00858,COR-018,2026-09-29,00:00,360,AI Optimization Engine,0,91.4,Executed Cleanly
HIST-00859,BLK-00859,COR-084,2026-09-21,22:00,300,Manual Rule-Based,3,61.7,Partial Conflict
HIST-00860,BLK-00860,COR-036,2026-09-13,17:00,360,AI Optimization Engine,0,90.0,Executed Cleanly
HIST-00861,BLK-00861,COR-085,2026-09-22,13:30,180,AI Optimization Engine,1,93.6,Partial Conflict
HIST-00862,BLK-00862,COR-093,2026-09-13,20:15,360,Manual Rule-Based,8,67.4,Cancelled
HIST-00863,BLK-00863,COR-074,2026-09-28,13:45,360,Manual Rule-Based,5,67.1,Cancelled
HIST-00864,BLK-00864,COR-032,2026-09-19,11:30,360,Manual Rule-Based,5,71.2,Cancelled
HIST-00865,BLK-00865,COR-040,2026-09-09,04:45,120,Manual Rule-Based,3,74.2,Partial Conflict
HIST-00866,BLK-00866,COR-082,2026-09-24,21:45,300,AI Optimization Engine,0,87.0,Executed Cleanly
HIST-00867,BLK-00867,COR-034,2026-09-21,18:00,60,AI Optimization Engine,0,85.6,Executed Cleanly
HIST-00868,BLK-00868,COR-024,2026-09-11,00:30,240,AI Optimization Engine,1,91.5,Partial Conflict
HIST-00869,BLK-00869,COR-070,2026-09-20,00:30,120,Manual Rule-Based,4,63.4,Cancelled
HIST-00870,BLK-00870,COR-074,2026-09-17,06:00,300,AI Optimization Engine,0,88.0,Executed Cleanly
HIST-00871,BLK-00871,COR-053,2026-09-25,21:00,300,Manual Rule-Based,4,60.1,Cancelled
HIST-00872,BLK-00872,COR-078,2026-09-19,06:30,240,Manual Rule-Based,8,73.1,Cancelled
HIST-00873,BLK-00873,COR-098,2026-09-17,06:30,180,Manual Rule-Based,6,63.0,Cancelled
HIST-00874,BLK-00874,COR-085,2026-09-14,17:30,180,Manual Rule-Based,3,68.2,Partial Conflict
HIST-00875,BLK-00875,COR-041,2026-09-23,03:45,180,AI Optimization Engine,0,88.9,Executed Cleanly
HIST-00876,BLK-00876,COR-084,2026-09-23,06:00,60,AI Optimization Engine,0,95.1,Executed Cleanly
HIST-00877,BLK-00877,COR-037,2026-09-11,17:45,120,Manual Rule-Based,6,61.5,Cancelled
HIST-00878,BLK-00878,COR-022,2026-09-15,08:45,360,Manual Rule-Based,4,64.7,Cancelled
HIST-00879,BLK-00879,COR-010,2026-09-12,18:15,360,AI Optimization Engine,1,90.7,Partial Conflict
HIST-00880,BLK-00880,COR-076,2026-09-18,00:45,240,AI Optimization Engine,1,92.7,Partial Conflict
HIST-00881,BLK-00881,COR-097,2026-09-13,06:00,300,Manual Rule-Based,3,60.9,Partial Conflict
HIST-00882,BLK-00882,COR-049,2026-09-23,14:30,240,Manual Rule-Based,4,62.9,Cancelled
HIST-00883,BLK-00883,COR-037,2026-09-12,19:00,120,AI Optimization Engine,1,93.2,Partial Conflict
HIST-00884,BLK-00884,COR-045,2026-09-21,00:45,180,Manual Rule-Based,5,63.5,Cancelled
HIST-00885,BLK-00885,COR-086,2026-09-16,06:45,240,AI Optimization Engine,0,89.8,Executed Cleanly
HIST-00886,BLK-00886,COR-063,2026-09-25,00:45,300,Manual Rule-Based,4,73.1,Cancelled
HIST-00887,BLK-00887,COR-092,2026-09-14,23:15,240,Manual Rule-Based,6,72.3,Cancelled
HIST-00888,BLK-00888,COR-094,2026-09-19,16:15,300,AI Optimization Engine,1,89.0,Partial Conflict
HIST-00889,BLK-00889,COR-025,2026-09-16,00:45,180,Manual Rule-Based,7,66.2,Cancelled
HIST-00890,BLK-00890,COR-061,2026-09-18,00:15,60,Manual Rule-Based,7,67.7,Cancelled
HIST-00891,BLK-00891,COR-063,2026-09-23,04:15,60,Manual Rule-Based,4,74.2,Cancelled
HIST-00892,BLK-00892,COR-068,2026-09-21,18:15,300,AI Optimization Engine,1,88.4,Partial Conflict
HIST-00893,BLK-00893,COR-038,2026-09-17,05:30,120,AI Optimization Engine,1,89.6,Partial Conflict
HIST-00894,BLK-00894,COR-041,2026-09-29,02:30,240,Manual Rule-Based,3,64.1,Partial Conflict
HIST-00895,BLK-00895,COR-035,2026-09-23,12:15,240,Manual Rule-Based,5,74.5,Cancelled
HIST-00896,BLK-00896,COR-055,2026-09-28,19:45,360,Manual Rule-Based,6,61.4,Cancelled
HIST-00897,BLK-00897,COR-069,2026-09-19,08:30,120,AI Optimization Engine,0,94.6,Executed Cleanly
HIST-00898,BLK-00898,COR-099,2026-09-09,13:30,360,AI Optimization Engine,0,86.2,Executed Cleanly
HIST-00899,BLK-00899,COR-021,2026-09-16,11:00,360,AI Optimization Engine,1,93.9,Partial Conflict
HIST-00900,BLK-00900,COR-063,2026-09-20,19:00,120,AI Optimization Engine,1,96.5,Partial Conflict
HIST-00901,BLK-00901,COR-095,2026-09-28,14:45,300,Manual Rule-Based,7,68.0,Cancelled
HIST-00902,BLK-00902,COR-095,2026-09-15,08:15,180,AI Optimization Engine,1,85.6,Partial Conflict
HIST-00903,BLK-00903,COR-026,2026-09-14,16:00,180,AI Optimization Engine,0,94.9,Executed Cleanly
HIST-00904,BLK-00904,COR-037,2026-09-17,15:15,240,Manual Rule-Based,3,64.4,Partial Conflict
HIST-00905,BLK-00905,COR-074,2026-09-29,05:15,120,Manual Rule-Based,5,61.2,Cancelled
HIST-00906,BLK-00906,COR-027,2026-09-27,14:15,60,AI Optimization Engine,0,89.4,Executed Cleanly
HIST-00907,BLK-00907,COR-033,2026-09-15,21:00,360,Manual Rule-Based,6,62.4,Cancelled
HIST-00908,BLK-00908,COR-041,2026-09-18,17:15,360,AI Optimization Engine,0,95.4,Executed Cleanly
HIST-00909,BLK-00909,COR-021,2026-09-20,04:30,240,AI Optimization Engine,1,91.8,Partial Conflict
HIST-00910,BLK-00910,COR-018,2026-09-20,02:15,120,Manual Rule-Based,3,62.8,Partial Conflict
HIST-00911,BLK-00911,COR-073,2026-09-10,04:30,360,AI Optimization Engine,1,91.6,Partial Conflict
HIST-00912,BLK-00912,COR-043,2026-09-21,17:15,300,Manual Rule-Based,8,71.1,Cancelled
HIST-00913,BLK-00913,COR-009,2026-09-20,08:45,120,Manual Rule-Based,7,71.1,Cancelled
HIST-00914,BLK-00914,COR-009,2026-09-10,13:15,180,AI Optimization Engine,1,96.3,Partial Conflict
HIST-00915,BLK-00915,COR-080,2026-09-20,01:45,120,Manual Rule-Based,8,60.2,Cancelled
HIST-00916,BLK-00916,COR-023,2026-09-22,04:30,240,Manual Rule-Based,4,62.1,Cancelled
HIST-00917,BLK-00917,COR-027,2026-09-24,19:30,60,AI Optimization Engine,0,96.0,Executed Cleanly
HIST-00918,BLK-00918,COR-007,2026-09-15,02:15,300,AI Optimization Engine,0,96.6,Executed Cleanly
HIST-00919,BLK-00919,COR-100,2026-09-24,11:45,240,AI Optimization Engine,0,95.1,Executed Cleanly
HIST-00920,BLK-00920,COR-056,2026-09-22,20:45,300,Manual Rule-Based,5,70.9,Cancelled
HIST-00921,BLK-00921,COR-094,2026-09-24,05:45,120,Manual Rule-Based,4,63.5,Cancelled
HIST-00922,BLK-00922,COR-076,2026-09-09,16:00,240,Manual Rule-Based,8,75.3,Cancelled
HIST-00923,BLK-00923,COR-006,2026-09-26,19:00,180,Manual Rule-Based,5,67.2,Cancelled
HIST-00924,BLK-00924,COR-096,2026-09-09,12:00,300,Manual Rule-Based,7,62.3,Cancelled
HIST-00925,BLK-00925,COR-008,2026-09-11,12:30,120,Manual Rule-Based,6,67.2,Cancelled
HIST-00926,BLK-00926,COR-076,2026-09-24,22:30,240,AI Optimization Engine,1,90.3,Partial Conflict
HIST-00927,BLK-00927,COR-023,2026-09-28,07:30,300,AI Optimization Engine,0,94.6,Executed Cleanly
HIST-00928,BLK-00928,COR-044,2026-09-16,20:15,120,Manual Rule-Based,3,65.3,Partial Conflict
HIST-00929,BLK-00929,COR-041,2026-09-28,17:15,360,AI Optimization Engine,0,87.7,Executed Cleanly
HIST-00930,BLK-00930,COR-040,2026-09-28,18:15,360,Manual Rule-Based,5,65.2,Cancelled
HIST-00931,BLK-00931,COR-038,2026-09-28,16:45,180,Manual Rule-Based,6,60.3,Cancelled
HIST-00932,BLK-00932,COR-075,2026-09-25,01:45,240,AI Optimization Engine,1,86.5,Partial Conflict
HIST-00933,BLK-00933,COR-066,2026-09-26,19:00,360,Manual Rule-Based,7,62.4,Cancelled
HIST-00934,BLK-00934,COR-076,2026-09-16,12:30,300,AI Optimization Engine,1,87.8,Partial Conflict
HIST-00935,BLK-00935,COR-043,2026-09-15,05:45,120,AI Optimization Engine,0,95.8,Executed Cleanly
HIST-00936,BLK-00936,COR-094,2026-09-15,19:00,60,AI Optimization Engine,1,94.0,Partial Conflict
HIST-00937,BLK-00937,COR-098,2026-09-26,15:00,60,AI Optimization Engine,0,95.4,Executed Cleanly
HIST-00938,BLK-00938,COR-039,2026-09-23,09:15,120,AI Optimization Engine,1,86.9,Partial Conflict
HIST-00939,BLK-00939,COR-099,2026-09-28,19:15,240,AI Optimization Engine,0,88.1,Executed Cleanly
HIST-00940,BLK-00940,COR-024,2026-09-26,21:30,180,AI Optimization Engine,1,92.9,Partial Conflict
HIST-00941,BLK-00941,COR-071,2026-09-23,13:45,180,AI Optimization Engine,1,87.6,Partial Conflict
HIST-00942,BLK-00942,COR-098,2026-09-13,09:00,360,AI Optimization Engine,1,89.1,Partial Conflict
HIST-00943,BLK-00943,COR-086,2026-09-20,13:15,240,Manual Rule-Based,4,71.9,Cancelled
HIST-00944,BLK-00944,COR-010,2026-09-13,10:15,60,Manual Rule-Based,4,74.1,Cancelled
HIST-00945,BLK-00945,COR-037,2026-09-27,00:00,360,AI Optimization Engine,0,85.5,Executed Cleanly
HIST-00946,BLK-00946,COR-011,2026-09-24,12:00,60,AI Optimization Engine,0,95.5,Executed Cleanly
HIST-00947,BLK-00947,COR-002,2026-09-10,00:00,240,Manual Rule-Based,8,67.5,Cancelled
HIST-00948,BLK-00948,COR-100,2026-09-17,17:15,180,Manual Rule-Based,8,71.8,Cancelled
HIST-00949,BLK-00949,COR-044,2026-09-11,07:00,300,Manual Rule-Based,5,65.7,Cancelled
HIST-00950,BLK-00950,COR-063,2026-09-27,04:15,360,Manual Rule-Based,3,66.3,Partial Conflict
HIST-00951,BLK-00951,COR-038,2026-09-25,14:00,240,Manual Rule-Based,7,61.8,Cancelled
HIST-00952,BLK-00952,COR-023,2026-09-27,11:45,120,Manual Rule-Based,8,61.9,Cancelled
HIST-00953,BLK-00953,COR-010,2026-09-13,11:00,360,AI Optimization Engine,0,96.1,Executed Cleanly
HIST-00954,BLK-00954,COR-052,2026-09-19,06:30,300,AI Optimization Engine,1,90.1,Partial Conflict
HIST-00955,BLK-00955,COR-079,2026-09-11,22:30,240,Manual Rule-Based,4,64.4,Cancelled
HIST-00956,BLK-00956,COR-036,2026-09-14,09:00,180,AI Optimization Engine,1,85.9,Partial Conflict
HIST-00957,BLK-00957,COR-036,2026-09-26,04:30,360,Manual Rule-Based,4,69.9,Cancelled
HIST-00958,BLK-00958,COR-076,2026-09-20,17:00,360,AI Optimization Engine,1,86.1,Partial Conflict
HIST-00959,BLK-00959,COR-060,2026-09-17,05:00,180,Manual Rule-Based,5,71.4,Cancelled
HIST-00960,BLK-00960,COR-072,2026-09-28,00:30,300,Manual Rule-Based,7,60.5,Cancelled
HIST-00961,BLK-00961,COR-080,2026-09-19,17:15,120,Manual Rule-Based,6,71.9,Cancelled
HIST-00962,BLK-00962,COR-013,2026-09-25,22:30,300,AI Optimization Engine,1,96.0,Partial Conflict
HIST-00963,BLK-00963,COR-077,2026-09-28,22:00,180,AI Optimization Engine,0,93.6,Executed Cleanly
HIST-00964,BLK-00964,COR-064,2026-09-15,17:00,300,AI Optimization Engine,0,90.3,Executed Cleanly
HIST-00965,BLK-00965,COR-084,2026-09-23,01:00,300,Manual Rule-Based,5,66.4,Cancelled
HIST-00966,BLK-00966,COR-079,2026-09-28,11:45,120,AI Optimization Engine,1,91.4,Partial Conflict
HIST-00967,BLK-00967,COR-048,2026-09-29,08:15,120,AI Optimization Engine,0,89.8,Executed Cleanly
HIST-00968,BLK-00968,COR-092,2026-09-14,17:15,300,AI Optimization Engine,1,94.5,Partial Conflict
HIST-00969,BLK-00969,COR-023,2026-09-24,21:15,360,AI Optimization Engine,0,94.6,Executed Cleanly
HIST-00970,BLK-00970,COR-088,2026-09-19,16:00,60,AI Optimization Engine,0,93.1,Executed Cleanly
HIST-00971,BLK-00971,COR-062,2026-09-19,07:45,240,AI Optimization Engine,1,86.0,Partial Conflict
HIST-00972,BLK-00972,COR-014,2026-09-10,10:45,300,AI Optimization Engine,1,94.3,Partial Conflict
HIST-00973,BLK-00973,COR-027,2026-09-09,22:30,180,Manual Rule-Based,3,66.0,Partial Conflict
HIST-00974,BLK-00974,COR-043,2026-09-10,22:30,60,Manual Rule-Based,6,71.7,Cancelled
HIST-00975,BLK-00975,COR-073,2026-09-24,00:45,240,AI Optimization Engine,0,97.4,Executed Cleanly
HIST-00976,BLK-00976,COR-078,2026-09-19,12:00,120,Manual Rule-Based,8,73.9,Cancelled
HIST-00977,BLK-00977,COR-062,2026-09-14,01:30,240,AI Optimization Engine,1,89.1,Partial Conflict
HIST-00978,BLK-00978,COR-023,2026-09-16,23:00,240,Manual Rule-Based,4,68.9,Cancelled
HIST-00979,BLK-00979,COR-046,2026-09-20,08:45,60,AI Optimization Engine,0,85.4,Executed Cleanly
HIST-00980,BLK-00980,COR-065,2026-09-23,09:30,240,AI Optimization Engine,1,95.6,Partial Conflict
HIST-00981,BLK-00981,COR-033,2026-09-12,03:00,180,Manual Rule-Based,8,68.7,Cancelled
HIST-00982,BLK-00982,COR-096,2026-09-17,19:15,120,AI Optimization Engine,0,92.1,Executed Cleanly
HIST-00983,BLK-00983,COR-013,2026-09-19,14:15,120,Manual Rule-Based,7,73.0,Cancelled
HIST-00984,BLK-00984,COR-013,2026-09-21,08:30,360,Manual Rule-Based,4,60.2,Cancelled
HIST-00985,BLK-00985,COR-033,2026-09-29,15:00,180,Manual Rule-Based,8,74.4,Cancelled
HIST-00986,BLK-00986,COR-036,2026-09-11,13:30,240,Manual Rule-Based,5,61.4,Cancelled
HIST-00987,BLK-00987,COR-021,2026-09-24,08:30,360,AI Optimization Engine,1,94.0,Partial Conflict
HIST-00988,BLK-00988,COR-098,2026-09-10,06:15,180,Manual Rule-Based,3,72.7,Partial Conflict
HIST-00989,BLK-00989,COR-042,2026-09-12,09:15,300,AI Optimization Engine,0,93.3,Executed Cleanly
HIST-00990,BLK-00990,COR-030,2026-09-19,01:45,300,Manual Rule-Based,6,72.1,Cancelled
HIST-00991,BLK-00991,COR-073,2026-09-14,01:15,240,AI Optimization Engine,1,95.1,Partial Conflict
HIST-00992,BLK-00992,COR-085,2026-09-25,03:30,240,AI Optimization Engine,1,89.3,Partial Conflict
HIST-00993,BLK-00993,COR-036,2026-09-26,00:45,60,AI Optimization Engine,0,87.4,Executed Cleanly
HIST-00994,BLK-00994,COR-078,2026-09-28,13:45,60,AI Optimization Engine,1,85.1,Partial Conflict
HIST-00995,BLK-00995,COR-096,2026-09-22,09:00,60,AI Optimization Engine,1,93.5,Partial Conflict
HIST-00996,BLK-00996,COR-042,2026-09-19,18:45,300,AI Optimization Engine,0,94.6,Executed Cleanly
HIST-00997,BLK-00997,COR-096,2026-09-22,21:15,60,AI Optimization Engine,0,86.9,Executed Cleanly
HIST-00998,BLK-00998,COR-016,2026-09-17,17:45,360,Manual Rule-Based,4,65.0,Cancelled
HIST-00999,BLK-00999,COR-065,2026-09-22,12:45,120,AI Optimization Engine,1,90.2,Partial Conflict
HIST-01000,BLK-01000,COR-069,2026-09-17,17:15,300,Manual Rule-Based,5,63.4,Cancelled
HIST-01001,BLK-01001,COR-095,2026-09-21,07:45,180,Manual Rule-Based,7,72.2,Cancelled
HIST-01002,BLK-01002,COR-001,2026-09-25,04:45,180,AI Optimization Engine,0,91.3,Executed Cleanly
HIST-01003,BLK-01003,COR-084,2026-09-10,12:00,180,Manual Rule-Based,7,74.4,Cancelled
HIST-01004,BLK-01004,COR-013,2026-09-29,01:00,360,AI Optimization Engine,1,85.7,Partial Conflict
HIST-01005,BLK-01005,COR-039,2026-09-20,17:15,120,Manual Rule-Based,4,67.6,Cancelled
HIST-01006,BLK-01006,COR-057,2026-09-27,13:30,300,Manual Rule-Based,7,64.6,Cancelled
HIST-01007,BLK-01007,COR-023,2026-09-28,05:15,300,Manual Rule-Based,3,68.1,Partial Conflict
HIST-01008,BLK-01008,COR-027,2026-09-25,10:00,180,AI Optimization Engine,0,90.6,Executed Cleanly
HIST-01009,BLK-01009,COR-013,2026-09-16,19:15,240,Manual Rule-Based,5,61.6,Cancelled
HIST-01010,BLK-01010,COR-036,2026-09-14,12:45,240,Manual Rule-Based,5,64.0,Cancelled
HIST-01011,BLK-01011,COR-089,2026-09-13,13:15,300,AI Optimization Engine,1,95.0,Partial Conflict
HIST-01012,BLK-01012,COR-023,2026-09-26,16:00,240,AI Optimization Engine,0,95.4,Executed Cleanly
HIST-01013,BLK-01013,COR-081,2026-09-13,17:00,240,AI Optimization Engine,0,86.8,Executed Cleanly
HIST-01014,BLK-01014,COR-006,2026-09-13,05:15,180,Manual Rule-Based,5,74.9,Cancelled
HIST-01015,BLK-01015,COR-015,2026-09-25,07:45,180,AI Optimization Engine,1,90.0,Partial Conflict
HIST-01016,BLK-01016,COR-085,2026-09-27,13:45,60,AI Optimization Engine,1,92.4,Partial Conflict
HIST-01017,BLK-01017,COR-085,2026-09-16,13:30,180,Manual Rule-Based,5,62.1,Cancelled
HIST-01018,BLK-01018,COR-091,2026-09-20,07:30,120,Manual Rule-Based,5,73.7,Cancelled
HIST-01019,BLK-01019,COR-096,2026-09-19,03:45,240,AI Optimization Engine,0,94.9,Executed Cleanly
HIST-01020,BLK-01020,COR-042,2026-09-23,20:15,300,Manual Rule-Based,3,70.4,Partial Conflict
HIST-01021,BLK-01021,COR-016,2026-09-21,02:15,180,AI Optimization Engine,0,85.7,Executed Cleanly
HIST-01022,BLK-01022,COR-086,2026-09-29,18:15,300,Manual Rule-Based,5,69.3,Cancelled
HIST-01023,BLK-01023,COR-015,2026-09-22,05:45,300,AI Optimization Engine,1,86.7,Partial Conflict
HIST-01024,BLK-01024,COR-019,2026-09-13,11:30,180,Manual Rule-Based,8,70.6,Cancelled
HIST-01025,BLK-01025,COR-070,2026-09-25,17:00,120,Manual Rule-Based,3,66.7,Partial Conflict
HIST-01026,BLK-01026,COR-036,2026-09-21,03:15,120,Manual Rule-Based,4,61.5,Cancelled
HIST-01027,BLK-01027,COR-010,2026-09-16,18:30,240,Manual Rule-Based,4,71.8,Cancelled
HIST-01028,BLK-01028,COR-021,2026-09-19,18:45,60,Manual Rule-Based,8,75.3,Cancelled
HIST-01029,BLK-01029,COR-029,2026-09-18,14:00,300,Manual Rule-Based,4,71.8,Cancelled
HIST-01030,BLK-01030,COR-082,2026-09-10,03:00,60,AI Optimization Engine,0,97.1,Executed Cleanly
HIST-01031,BLK-01031,COR-020,2026-09-19,11:00,300,Manual Rule-Based,6,60.8,Cancelled
HIST-01032,BLK-01032,COR-075,2026-09-11,03:30,180,AI Optimization Engine,0,96.1,Executed Cleanly
HIST-01033,BLK-01033,COR-054,2026-09-28,02:30,60,AI Optimization Engine,0,93.5,Executed Cleanly
HIST-01034,BLK-01034,COR-002,2026-09-13,18:30,360,Manual Rule-Based,3,67.8,Partial Conflict
HIST-01035,BLK-01035,COR-006,2026-09-13,05:15,120,Manual Rule-Based,8,65.6,Cancelled
HIST-01036,BLK-01036,COR-083,2026-09-17,20:45,300,AI Optimization Engine,1,90.4,Partial Conflict
HIST-01037,BLK-01037,COR-081,2026-09-28,01:45,60,AI Optimization Engine,0,85.6,Executed Cleanly
HIST-01038,BLK-01038,COR-058,2026-09-10,01:00,120,AI Optimization Engine,1,96.6,Partial Conflict
HIST-01039,BLK-01039,COR-100,2026-09-14,11:15,300,AI Optimization Engine,0,92.1,Executed Cleanly
HIST-01040,BLK-01040,COR-041,2026-09-22,12:45,360,Manual Rule-Based,4,63.6,Cancelled
HIST-01041,BLK-01041,COR-042,2026-09-22,23:15,180,Manual Rule-Based,4,69.6,Cancelled
HIST-01042,BLK-01042,COR-012,2026-09-17,03:00,180,AI Optimization Engine,0,97.2,Executed Cleanly
HIST-01043,BLK-01043,COR-095,2026-09-18,21:00,180,AI Optimization Engine,1,88.3,Partial Conflict
HIST-01044,BLK-01044,COR-086,2026-09-09,21:30,60,Manual Rule-Based,7,60.7,Cancelled
HIST-01045,BLK-01045,COR-032,2026-09-20,00:00,60,Manual Rule-Based,7,75.1,Cancelled
HIST-01046,BLK-01046,COR-096,2026-09-25,12:00,180,AI Optimization Engine,0,92.3,Executed Cleanly
HIST-01047,BLK-01047,COR-089,2026-09-17,04:15,240,AI Optimization Engine,0,85.8,Executed Cleanly
HIST-01048,BLK-01048,COR-078,2026-09-12,00:30,180,Manual Rule-Based,5,62.2,Cancelled
HIST-01049,BLK-01049,COR-022,2026-09-21,02:00,180,Manual Rule-Based,3,65.5,Partial Conflict
HIST-01050,BLK-01050,COR-094,2026-09-20,18:30,180,AI Optimization Engine,1,94.2,Partial Conflict
HIST-01051,BLK-01051,COR-030,2026-09-29,02:30,240,Manual Rule-Based,3,68.4,Partial Conflict
HIST-01052,BLK-01052,COR-079,2026-09-26,06:30,60,Manual Rule-Based,6,68.6,Cancelled
HIST-01053,BLK-01053,COR-013,2026-09-19,14:45,300,Manual Rule-Based,4,74.6,Cancelled
HIST-01054,BLK-01054,COR-046,2026-09-16,03:45,360,Manual Rule-Based,8,64.2,Cancelled
HIST-01055,BLK-01055,COR-058,2026-09-12,23:30,360,AI Optimization Engine,1,96.7,Partial Conflict
HIST-01056,BLK-01056,COR-042,2026-09-11,23:00,360,AI Optimization Engine,1,90.5,Partial Conflict
HIST-01057,BLK-01057,COR-013,2026-09-19,11:45,240,Manual Rule-Based,6,74.8,Cancelled
HIST-01058,BLK-01058,COR-069,2026-09-15,11:30,300,AI Optimization Engine,1,86.4,Partial Conflict
HIST-01059,BLK-01059,COR-064,2026-09-21,06:00,300,Manual Rule-Based,7,62.4,Cancelled
HIST-01060,BLK-01060,COR-047,2026-09-28,13:30,120,Manual Rule-Based,6,61.0,Cancelled
HIST-01061,BLK-01061,COR-085,2026-09-20,18:45,360,AI Optimization Engine,0,87.8,Executed Cleanly
HIST-01062,BLK-01062,COR-058,2026-09-26,17:30,360,AI Optimization Engine,1,94.0,Partial Conflict
HIST-01063,BLK-01063,COR-079,2026-09-28,04:15,300,AI Optimization Engine,0,87.9,Executed Cleanly
HIST-01064,BLK-01064,COR-076,2026-09-21,12:45,300,AI Optimization Engine,0,97.2,Executed Cleanly
HIST-01065,BLK-01065,COR-046,2026-09-17,17:00,300,Manual Rule-Based,6,72.0,Cancelled
HIST-01066,BLK-01066,COR-024,2026-09-16,02:30,180,AI Optimization Engine,0,96.1,Executed Cleanly
HIST-01067,BLK-01067,COR-089,2026-09-11,11:15,300,AI Optimization Engine,1,88.1,Partial Conflict
HIST-01068,BLK-01068,COR-020,2026-09-29,04:45,300,Manual Rule-Based,5,65.7,Cancelled
HIST-01069,BLK-01069,COR-053,2026-09-10,16:00,240,AI Optimization Engine,0,87.8,Executed Cleanly
HIST-01070,BLK-01070,COR-082,2026-09-12,11:15,300,AI Optimization Engine,1,86.6,Partial Conflict
HIST-01071,BLK-01071,COR-037,2026-09-24,13:15,180,Manual Rule-Based,4,71.1,Cancelled
HIST-01072,BLK-01072,COR-061,2026-09-09,10:30,360,Manual Rule-Based,4,60.0,Cancelled
HIST-01073,BLK-01073,COR-077,2026-09-18,13:45,300,AI Optimization Engine,1,97.0,Partial Conflict
HIST-01074,BLK-01074,COR-033,2026-09-19,02:30,360,Manual Rule-Based,8,67.3,Cancelled
HIST-01075,BLK-01075,COR-081,2026-09-15,06:45,300,Manual Rule-Based,8,62.3,Cancelled
HIST-01076,BLK-01076,COR-071,2026-09-14,08:30,240,AI Optimization Engine,0,96.3,Executed Cleanly
HIST-01077,BLK-01077,COR-019,2026-09-22,23:30,180,AI Optimization Engine,0,95.1,Executed Cleanly
HIST-01078,BLK-01078,COR-073,2026-09-29,18:30,60,AI Optimization Engine,1,94.9,Partial Conflict
HIST-01079,BLK-01079,COR-045,2026-09-29,02:00,360,Manual Rule-Based,8,62.0,Cancelled
HIST-01080,BLK-01080,COR-021,2026-09-15,08:00,180,Manual Rule-Based,7,66.3,Cancelled
HIST-01081,BLK-01081,COR-027,2026-09-19,20:15,60,Manual Rule-Based,7,71.4,Cancelled
HIST-01082,BLK-01082,COR-018,2026-09-21,07:15,360,AI Optimization Engine,1,89.5,Partial Conflict
HIST-01083,BLK-01083,COR-083,2026-09-11,11:30,60,Manual Rule-Based,8,74.0,Cancelled
HIST-01084,BLK-01084,COR-044,2026-09-16,15:00,240,Manual Rule-Based,8,75.6,Cancelled
HIST-01085,BLK-01085,COR-096,2026-09-26,14:30,300,AI Optimization Engine,1,94.0,Partial Conflict
HIST-01086,BLK-01086,COR-098,2026-09-23,08:30,180,Manual Rule-Based,5,63.8,Cancelled
HIST-01087,BLK-01087,COR-007,2026-09-21,16:15,180,Manual Rule-Based,6,70.1,Cancelled
HIST-01088,BLK-01088,COR-061,2026-09-15,18:45,240,AI Optimization Engine,1,89.2,Partial Conflict
HIST-01089,BLK-01089,COR-072,2026-09-24,16:45,240,AI Optimization Engine,0,97.0,Executed Cleanly
HIST-01090,BLK-01090,COR-018,2026-09-12,23:15,300,AI Optimization Engine,1,85.4,Partial Conflict
HIST-01091,BLK-01091,COR-063,2026-09-18,14:45,300,AI Optimization Engine,0,92.1,Executed Cleanly
HIST-01092,BLK-01092,COR-086,2026-09-24,10:30,180,AI Optimization Engine,0,92.7,Executed Cleanly
HIST-01093,BLK-01093,COR-047,2026-09-13,10:15,300,Manual Rule-Based,7,62.3,Cancelled
HIST-01094,BLK-01094,COR-034,2026-09-10,05:30,60,AI Optimization Engine,1,88.7,Partial Conflict
HIST-01095,BLK-01095,COR-095,2026-09-18,11:30,240,AI Optimization Engine,0,86.7,Executed Cleanly
HIST-01096,BLK-01096,COR-053,2026-09-26,20:00,240,AI Optimization Engine,1,89.8,Partial Conflict
HIST-01097,BLK-01097,COR-086,2026-09-15,17:15,60,Manual Rule-Based,5,63.5,Cancelled
HIST-01098,BLK-01098,COR-074,2026-09-27,03:15,300,Manual Rule-Based,5,74.1,Cancelled
HIST-01099,BLK-01099,COR-086,2026-09-14,14:00,60,AI Optimization Engine,1,97.4,Partial Conflict
HIST-01100,BLK-01100,COR-027,2026-09-18,19:30,120,AI Optimization Engine,0,96.9,Executed Cleanly
HIST-01101,BLK-01101,COR-037,2026-09-27,04:30,240,Manual Rule-Based,3,64.0,Partial Conflict
HIST-01102,BLK-01102,COR-090,2026-09-17,19:00,120,AI Optimization Engine,1,93.1,Partial Conflict
HIST-01103,BLK-01103,COR-028,2026-09-28,22:00,60,AI Optimization Engine,1,95.1,Partial Conflict
HIST-01104,BLK-01104,COR-064,2026-09-18,18:15,120,AI Optimization Engine,0,85.8,Executed Cleanly
HIST-01105,BLK-01105,COR-073,2026-09-28,15:00,60,AI Optimization Engine,0,97.2,Executed Cleanly
HIST-01106,BLK-01106,COR-030,2026-09-20,11:15,180,Manual Rule-Based,6,64.6,Cancelled
HIST-01107,BLK-01107,COR-020,2026-09-10,15:15,240,Manual Rule-Based,8,65.3,Cancelled
HIST-01108,BLK-01108,COR-056,2026-09-17,06:30,60,AI Optimization Engine,0,92.1,Executed Cleanly
HIST-01109,BLK-01109,COR-035,2026-09-16,08:45,60,Manual Rule-Based,4,74.3,Cancelled
HIST-01110,BLK-01110,COR-056,2026-09-09,06:00,360,Manual Rule-Based,6,70.6,Cancelled
HIST-01111,BLK-01111,COR-031,2026-09-26,23:00,60,Manual Rule-Based,3,65.1,Partial Conflict
HIST-01112,BLK-01112,COR-077,2026-09-27,16:30,180,AI Optimization Engine,0,95.3,Executed Cleanly
HIST-01113,BLK-01113,COR-048,2026-09-15,15:30,120,Manual Rule-Based,7,68.2,Cancelled
HIST-01114,BLK-01114,COR-090,2026-09-27,13:00,60,AI Optimization Engine,0,95.0,Executed Cleanly
HIST-01115,BLK-01115,COR-003,2026-09-10,18:45,240,AI Optimization Engine,1,86.1,Partial Conflict
HIST-01116,BLK-01116,COR-058,2026-09-10,03:45,300,AI Optimization Engine,0,95.9,Executed Cleanly
HIST-01117,BLK-01117,COR-080,2026-09-22,08:45,360,Manual Rule-Based,3,66.0,Partial Conflict
HIST-01118,BLK-01118,COR-038,2026-09-13,01:45,240,AI Optimization Engine,0,89.1,Executed Cleanly
HIST-01119,BLK-01119,COR-034,2026-09-29,13:15,300,Manual Rule-Based,6,64.5,Cancelled
HIST-01120,BLK-01120,COR-072,2026-09-22,22:15,180,Manual Rule-Based,3,73.5,Partial Conflict
HIST-01121,BLK-01121,COR-042,2026-09-10,15:30,120,Manual Rule-Based,8,65.1,Cancelled
HIST-01122,BLK-01122,COR-083,2026-09-10,11:45,360,AI Optimization Engine,0,94.8,Executed Cleanly
HIST-01123,BLK-01123,COR-064,2026-09-10,08:00,360,AI Optimization Engine,1,86.6,Partial Conflict
HIST-01124,BLK-01124,COR-053,2026-09-17,13:00,360,AI Optimization Engine,0,87.4,Executed Cleanly
HIST-01125,BLK-01125,COR-058,2026-09-23,05:30,360,Manual Rule-Based,8,70.2,Cancelled
HIST-01126,BLK-01126,COR-029,2026-09-29,08:30,300,Manual Rule-Based,3,75.7,Partial Conflict
HIST-01127,BLK-01127,COR-086,2026-09-21,06:45,240,Manual Rule-Based,4,63.5,Cancelled
HIST-01128,BLK-01128,COR-090,2026-09-28,23:15,240,AI Optimization Engine,0,94.2,Executed Cleanly
HIST-01129,BLK-01129,COR-021,2026-09-10,09:15,120,AI Optimization Engine,0,87.6,Executed Cleanly
HIST-01130,BLK-01130,COR-078,2026-09-29,12:45,360,Manual Rule-Based,7,60.2,Cancelled
HIST-01131,BLK-01131,COR-089,2026-09-19,15:15,180,Manual Rule-Based,4,67.0,Cancelled
HIST-01132,BLK-01132,COR-002,2026-09-27,06:45,120,AI Optimization Engine,1,85.5,Partial Conflict
HIST-01133,BLK-01133,COR-062,2026-09-11,21:30,240,AI Optimization Engine,0,96.7,Executed Cleanly
HIST-01134,BLK-01134,COR-039,2026-09-13,04:00,120,Manual Rule-Based,4,66.4,Cancelled
HIST-01135,BLK-01135,COR-084,2026-09-14,22:15,360,Manual Rule-Based,6,61.2,Cancelled
HIST-01136,BLK-01136,COR-015,2026-09-10,19:30,120,AI Optimization Engine,0,91.4,Executed Cleanly
HIST-01137,BLK-01137,COR-028,2026-09-11,00:00,60,Manual Rule-Based,8,72.7,Cancelled
HIST-01138,BLK-01138,COR-099,2026-09-20,14:00,180,AI Optimization Engine,1,96.1,Partial Conflict
HIST-01139,BLK-01139,COR-084,2026-09-09,04:30,60,Manual Rule-Based,6,65.8,Cancelled
HIST-01140,BLK-01140,COR-077,2026-09-09,22:15,240,AI Optimization Engine,0,89.6,Executed Cleanly
HIST-01141,BLK-01141,COR-023,2026-09-21,09:30,300,Manual Rule-Based,8,69.4,Cancelled
HIST-01142,BLK-01142,COR-018,2026-09-15,04:30,360,AI Optimization Engine,0,93.2,Executed Cleanly
HIST-01143,BLK-01143,COR-070,2026-09-16,04:00,120,Manual Rule-Based,6,60.6,Cancelled
HIST-01144,BLK-01144,COR-074,2026-09-23,02:00,120,AI Optimization Engine,1,95.4,Partial Conflict
HIST-01145,BLK-01145,COR-029,2026-09-27,05:00,60,AI Optimization Engine,0,90.5,Executed Cleanly
HIST-01146,BLK-01146,COR-019,2026-09-15,19:30,120,Manual Rule-Based,6,74.3,Cancelled
HIST-01147,BLK-01147,COR-004,2026-09-27,19:00,300,AI Optimization Engine,1,91.4,Partial Conflict
HIST-01148,BLK-01148,COR-050,2026-09-24,07:15,300,AI Optimization Engine,1,89.0,Partial Conflict
HIST-01149,BLK-01149,COR-033,2026-09-13,02:00,360,AI Optimization Engine,0,89.2,Executed Cleanly
HIST-01150,BLK-01150,COR-004,2026-09-20,00:45,360,Manual Rule-Based,5,63.2,Cancelled
HIST-01151,BLK-01151,COR-031,2026-09-16,01:15,180,Manual Rule-Based,5,73.0,Cancelled
HIST-01152,BLK-01152,COR-076,2026-09-24,13:45,180,Manual Rule-Based,4,75.3,Cancelled
HIST-01153,BLK-01153,COR-075,2026-09-11,03:30,300,AI Optimization Engine,1,94.6,Partial Conflict
HIST-01154,BLK-01154,COR-010,2026-09-14,02:15,240,AI Optimization Engine,0,93.2,Executed Cleanly
HIST-01155,BLK-01155,COR-088,2026-09-14,20:30,120,AI Optimization Engine,1,95.6,Partial Conflict
HIST-01156,BLK-01156,COR-064,2026-09-10,22:15,180,Manual Rule-Based,5,71.9,Cancelled
HIST-01157,BLK-01157,COR-056,2026-09-09,04:00,360,Manual Rule-Based,7,71.1,Cancelled
HIST-01158,BLK-01158,COR-004,2026-09-22,21:45,180,AI Optimization Engine,0,97.4,Executed Cleanly
HIST-01159,BLK-01159,COR-015,2026-09-22,14:30,300,Manual Rule-Based,7,75.8,Cancelled
HIST-01160,BLK-01160,COR-068,2026-09-24,12:15,300,AI Optimization Engine,0,95.0,Executed Cleanly
HIST-01161,BLK-01161,COR-085,2026-09-12,05:00,120,Manual Rule-Based,3,66.7,Partial Conflict
HIST-01162,BLK-01162,COR-062,2026-09-17,21:45,60,Manual Rule-Based,6,69.9,Cancelled
HIST-01163,BLK-01163,COR-006,2026-09-26,12:45,120,AI Optimization Engine,0,92.7,Executed Cleanly
HIST-01164,BLK-01164,COR-083,2026-09-29,11:45,300,AI Optimization Engine,1,91.6,Partial Conflict
HIST-01165,BLK-01165,COR-091,2026-09-20,19:00,120,AI Optimization Engine,0,89.9,Executed Cleanly
HIST-01166,BLK-01166,COR-061,2026-09-20,22:15,60,AI Optimization Engine,0,92.9,Executed Cleanly
HIST-01167,BLK-01167,COR-033,2026-09-23,14:00,300,AI Optimization Engine,0,97.4,Executed Cleanly
HIST-01168,BLK-01168,COR-040,2026-09-16,01:30,60,Manual Rule-Based,6,69.8,Cancelled
HIST-01169,BLK-01169,COR-092,2026-09-29,06:45,180,AI Optimization Engine,0,91.8,Executed Cleanly
HIST-01170,BLK-01170,COR-083,2026-09-19,22:00,360,Manual Rule-Based,3,69.2,Partial Conflict
HIST-01171,BLK-01171,COR-016,2026-09-11,22:45,360,Manual Rule-Based,8,60.8,Cancelled
HIST-01172,BLK-01172,COR-026,2026-09-24,23:00,240,Manual Rule-Based,3,63.2,Partial Conflict
HIST-01173,BLK-01173,COR-047,2026-09-13,20:30,180,Manual Rule-Based,6,72.6,Cancelled
HIST-01174,BLK-01174,COR-085,2026-09-21,16:30,300,AI Optimization Engine,1,94.6,Partial Conflict
HIST-01175,BLK-01175,COR-031,2026-09-24,00:15,180,AI Optimization Engine,0,86.7,Executed Cleanly
HIST-01176,BLK-01176,COR-063,2026-09-25,13:00,180,Manual Rule-Based,8,74.9,Cancelled
HIST-01177,BLK-01177,COR-031,2026-09-24,20:45,180,Manual Rule-Based,4,65.0,Cancelled
HIST-01178,BLK-01178,COR-020,2026-09-24,07:45,300,AI Optimization Engine,0,85.8,Executed Cleanly
HIST-01179,BLK-01179,COR-003,2026-09-19,20:15,300,Manual Rule-Based,6,72.8,Cancelled
HIST-01180,BLK-01180,COR-028,2026-09-20,14:45,240,Manual Rule-Based,6,61.9,Cancelled
HIST-01181,BLK-01181,COR-058,2026-09-27,11:00,180,AI Optimization Engine,0,96.5,Executed Cleanly
HIST-01182,BLK-01182,COR-033,2026-09-15,21:45,120,Manual Rule-Based,3,67.7,Partial Conflict
HIST-01183,BLK-01183,COR-049,2026-09-23,15:30,240,Manual Rule-Based,3,66.6,Partial Conflict
HIST-01184,BLK-01184,COR-068,2026-09-20,18:45,360,AI Optimization Engine,1,95.7,Partial Conflict
HIST-01185,BLK-01185,COR-030,2026-09-20,04:15,180,Manual Rule-Based,5,71.6,Cancelled
HIST-01186,BLK-01186,COR-003,2026-09-27,11:30,360,AI Optimization Engine,0,94.7,Executed Cleanly
HIST-01187,BLK-01187,COR-020,2026-09-15,14:45,360,Manual Rule-Based,6,67.0,Cancelled
HIST-01188,BLK-01188,COR-018,2026-09-29,11:00,240,Manual Rule-Based,3,68.7,Partial Conflict
HIST-01189,BLK-01189,COR-023,2026-09-09,00:00,120,AI Optimization Engine,1,91.2,Partial Conflict
HIST-01190,BLK-01190,COR-068,2026-09-12,18:30,360,Manual Rule-Based,3,74.8,Partial Conflict
HIST-01191,BLK-01191,COR-068,2026-09-28,19:15,180,Manual Rule-Based,6,60.8,Cancelled
HIST-01192,BLK-01192,COR-049,2026-09-09,16:15,360,Manual Rule-Based,4,60.3,Cancelled
HIST-01193,BLK-01193,COR-051,2026-09-27,08:30,120,AI Optimization Engine,1,87.2,Partial Conflict
HIST-01194,BLK-01194,COR-017,2026-09-24,20:15,300,Manual Rule-Based,8,65.0,Cancelled
HIST-01195,BLK-01195,COR-010,2026-09-10,05:30,360,AI Optimization Engine,1,91.6,Partial Conflict
HIST-01196,BLK-01196,COR-002,2026-09-12,00:30,180,AI Optimization Engine,0,95.8,Executed Cleanly
HIST-01197,BLK-01197,COR-079,2026-09-26,08:30,300,AI Optimization Engine,0,92.8,Executed Cleanly
HIST-01198,BLK-01198,COR-020,2026-09-12,03:45,60,Manual Rule-Based,7,73.5,Cancelled
HIST-01199,BLK-01199,COR-051,2026-09-20,19:30,120,AI Optimization Engine,1,91.4,Partial Conflict
HIST-01200,BLK-01200,COR-001,2026-09-29,08:15,120,AI Optimization Engine,0,92.7,Executed Cleanly
HIST-01201,BLK-01201,COR-086,2026-09-24,00:45,120,AI Optimization Engine,0,92.2,Executed Cleanly
HIST-01202,BLK-01202,COR-068,2026-09-13,12:45,120,Manual Rule-Based,4,75.0,Cancelled
HIST-01203,BLK-01203,COR-043,2026-09-10,17:45,240,Manual Rule-Based,8,61.9,Cancelled
HIST-01204,BLK-01204,COR-032,2026-09-16,11:15,360,Manual Rule-Based,7,74.3,Cancelled
HIST-01205,BLK-01205,COR-011,2026-09-15,08:45,240,AI Optimization Engine,1,93.5,Partial Conflict
HIST-01206,BLK-01206,COR-004,2026-09-25,05:45,300,AI Optimization Engine,1,92.5,Partial Conflict
HIST-01207,BLK-01207,COR-037,2026-09-26,18:15,240,AI Optimization Engine,1,94.8,Partial Conflict
HIST-01208,BLK-01208,COR-070,2026-09-21,20:00,120,AI Optimization Engine,0,86.1,Executed Cleanly
HIST-01209,BLK-01209,COR-006,2026-09-25,18:45,180,AI Optimization Engine,1,85.5,Partial Conflict
HIST-01210,BLK-01210,COR-063,2026-09-10,09:00,60,Manual Rule-Based,8,63.5,Cancelled
HIST-01211,BLK-01211,COR-083,2026-09-09,03:45,360,AI Optimization Engine,0,94.8,Executed Cleanly
HIST-01212,BLK-01212,COR-046,2026-09-24,12:45,60,Manual Rule-Based,3,75.1,Partial Conflict
HIST-01213,BLK-01213,COR-020,2026-09-24,07:00,360,Manual Rule-Based,3,67.7,Partial Conflict
HIST-01214,BLK-01214,COR-099,2026-09-16,08:00,180,Manual Rule-Based,8,66.7,Cancelled
HIST-01215,BLK-01215,COR-061,2026-09-18,03:45,240,Manual Rule-Based,3,63.1,Partial Conflict
HIST-01216,BLK-01216,COR-060,2026-09-22,13:15,300,AI Optimization Engine,1,93.1,Partial Conflict
HIST-01217,BLK-01217,COR-022,2026-09-17,22:30,360,Manual Rule-Based,5,75.7,Cancelled
HIST-01218,BLK-01218,COR-054,2026-09-25,04:30,120,Manual Rule-Based,6,75.7,Cancelled
HIST-01219,BLK-01219,COR-019,2026-09-25,14:45,240,Manual Rule-Based,4,63.0,Cancelled
HIST-01220,BLK-01220,COR-006,2026-09-20,05:15,360,AI Optimization Engine,1,86.7,Partial Conflict
HIST-01221,BLK-01221,COR-076,2026-09-26,19:45,120,AI Optimization Engine,1,93.2,Partial Conflict
HIST-01222,BLK-01222,COR-029,2026-09-16,13:15,300,AI Optimization Engine,1,96.3,Partial Conflict
HIST-01223,BLK-01223,COR-099,2026-09-14,23:15,60,Manual Rule-Based,8,74.6,Cancelled
HIST-01224,BLK-01224,COR-070,2026-09-17,12:00,240,Manual Rule-Based,7,68.1,Cancelled
HIST-01225,BLK-01225,COR-085,2026-09-27,15:00,180,AI Optimization Engine,0,87.4,Executed Cleanly
HIST-01226,BLK-01226,COR-020,2026-09-28,02:45,60,AI Optimization Engine,0,96.9,Executed Cleanly
HIST-01227,BLK-01227,COR-066,2026-09-12,07:30,180,Manual Rule-Based,6,61.2,Cancelled
HIST-01228,BLK-01228,COR-080,2026-09-22,04:00,240,AI Optimization Engine,0,87.1,Executed Cleanly
HIST-01229,BLK-01229,COR-004,2026-09-26,22:15,300,AI Optimization Engine,1,95.3,Partial Conflict
HIST-01230,BLK-01230,COR-096,2026-09-11,19:30,300,AI Optimization Engine,0,95.7,Executed Cleanly
HIST-01231,BLK-01231,COR-058,2026-09-20,13:45,120,Manual Rule-Based,8,73.0,Cancelled
HIST-01232,BLK-01232,COR-018,2026-09-18,09:15,360,Manual Rule-Based,3,63.8,Partial Conflict
HIST-01233,BLK-01233,COR-080,2026-09-26,22:45,120,Manual Rule-Based,6,63.0,Cancelled
HIST-01234,BLK-01234,COR-090,2026-09-16,07:45,300,AI Optimization Engine,1,94.8,Partial Conflict
HIST-01235,BLK-01235,COR-095,2026-09-21,21:15,300,AI Optimization Engine,1,93.4,Partial Conflict
HIST-01236,BLK-01236,COR-015,2026-09-17,19:30,360,Manual Rule-Based,5,67.8,Cancelled
HIST-01237,BLK-01237,COR-036,2026-09-24,21:00,300,AI Optimization Engine,0,92.3,Executed Cleanly
HIST-01238,BLK-01238,COR-040,2026-09-11,08:45,300,Manual Rule-Based,4,72.7,Cancelled
HIST-01239,BLK-01239,COR-006,2026-09-11,04:15,180,Manual Rule-Based,6,75.6,Cancelled
HIST-01240,BLK-01240,COR-061,2026-09-13,01:15,120,AI Optimization Engine,1,92.1,Partial Conflict
HIST-01241,BLK-01241,COR-071,2026-09-23,18:15,360,Manual Rule-Based,7,60.2,Cancelled
HIST-01242,BLK-01242,COR-035,2026-09-27,16:45,300,Manual Rule-Based,5,66.6,Cancelled
HIST-01243,BLK-01243,COR-089,2026-09-18,05:30,360,AI Optimization Engine,1,89.6,Partial Conflict
HIST-01244,BLK-01244,COR-094,2026-09-17,04:00,240,AI Optimization Engine,1,91.9,Partial Conflict
HIST-01245,BLK-01245,COR-044,2026-09-17,01:45,360,AI Optimization Engine,1,87.7,Partial Conflict
HIST-01246,BLK-01246,COR-082,2026-09-28,17:00,120,AI Optimization Engine,0,92.4,Executed Cleanly
HIST-01247,BLK-01247,COR-001,2026-09-15,09:00,60,Manual Rule-Based,6,71.2,Cancelled
HIST-01248,BLK-01248,COR-036,2026-09-16,10:45,180,Manual Rule-Based,8,63.6,Cancelled
HIST-01249,BLK-01249,COR-026,2026-09-15,09:00,120,AI Optimization Engine,0,94.6,Executed Cleanly
HIST-01250,BLK-01250,COR-050,2026-09-20,06:15,180,AI Optimization Engine,1,93.7,Partial Conflict
HIST-01251,BLK-01251,COR-035,2026-09-14,00:45,240,AI Optimization Engine,1,85.8,Partial Conflict
HIST-01252,BLK-01252,COR-032,2026-09-12,23:45,300,Manual Rule-Based,8,60.1,Cancelled
HIST-01253,BLK-01253,COR-099,2026-09-11,13:15,120,Manual Rule-Based,6,62.0,Cancelled
HIST-01254,BLK-01254,COR-076,2026-09-28,02:30,240,AI Optimization Engine,1,91.4,Partial Conflict
HIST-01255,BLK-01255,COR-044,2026-09-12,20:30,300,AI Optimization Engine,0,88.7,Executed Cleanly
HIST-01256,BLK-01256,COR-053,2026-09-23,22:30,300,AI Optimization Engine,0,87.7,Executed Cleanly
HIST-01257,BLK-01257,COR-095,2026-09-17,06:30,60,AI Optimization Engine,0,92.4,Executed Cleanly
HIST-01258,BLK-01258,COR-044,2026-09-10,07:15,240,Manual Rule-Based,6,65.2,Cancelled
HIST-01259,BLK-01259,COR-063,2026-09-12,08:30,300,AI Optimization Engine,1,93.9,Partial Conflict
HIST-01260,BLK-01260,COR-097,2026-09-09,22:30,120,Manual Rule-Based,3,67.9,Partial Conflict
HIST-01261,BLK-01261,COR-094,2026-09-27,00:30,360,AI Optimization Engine,1,85.1,Partial Conflict
HIST-01262,BLK-01262,COR-047,2026-09-19,18:45,240,AI Optimization Engine,1,97.4,Partial Conflict
HIST-01263,BLK-01263,COR-005,2026-09-26,16:45,60,Manual Rule-Based,6,72.6,Cancelled
HIST-01264,BLK-01264,COR-030,2026-09-14,20:45,300,Manual Rule-Based,4,67.4,Cancelled
HIST-01265,BLK-01265,COR-055,2026-09-10,08:45,60,AI Optimization Engine,0,87.5,Executed Cleanly
HIST-01266,BLK-01266,COR-012,2026-09-13,20:15,120,AI Optimization Engine,1,96.7,Partial Conflict
HIST-01267,BLK-01267,COR-067,2026-09-25,23:00,300,AI Optimization Engine,1,87.0,Partial Conflict
HIST-01268,BLK-01268,COR-034,2026-09-22,02:30,180,Manual Rule-Based,8,73.6,Cancelled
HIST-01269,BLK-01269,COR-010,2026-09-28,19:45,180,Manual Rule-Based,6,60.9,Cancelled
HIST-01270,BLK-01270,COR-098,2026-09-23,00:00,180,Manual Rule-Based,8,74.9,Cancelled
HIST-01271,BLK-01271,COR-062,2026-09-12,22:15,240,Manual Rule-Based,6,65.3,Cancelled
HIST-01272,BLK-01272,COR-097,2026-09-16,00:45,180,AI Optimization Engine,1,88.4,Partial Conflict
HIST-01273,BLK-01273,COR-098,2026-09-12,20:30,120,Manual Rule-Based,3,63.0,Partial Conflict
HIST-01274,BLK-01274,COR-001,2026-09-18,11:00,180,Manual Rule-Based,8,72.9,Cancelled
HIST-01275,BLK-01275,COR-049,2026-09-12,14:00,360,Manual Rule-Based,4,68.5,Cancelled
HIST-01276,BLK-01276,COR-074,2026-09-09,12:45,300,Manual Rule-Based,6,60.9,Cancelled
HIST-01277,BLK-01277,COR-003,2026-09-24,06:15,360,AI Optimization Engine,1,91.7,Partial Conflict
HIST-01278,BLK-01278,COR-068,2026-09-22,02:15,60,AI Optimization Engine,1,97.3,Partial Conflict
HIST-01279,BLK-01279,COR-049,2026-09-18,08:30,180,AI Optimization Engine,0,89.0,Executed Cleanly
HIST-01280,BLK-01280,COR-067,2026-09-18,15:15,240,Manual Rule-Based,3,74.7,Partial Conflict
HIST-01281,BLK-01281,COR-028,2026-09-16,14:00,180,Manual Rule-Based,4,73.0,Cancelled
HIST-01282,BLK-01282,COR-097,2026-09-25,07:45,300,Manual Rule-Based,4,75.5,Cancelled
HIST-01283,BLK-01283,COR-086,2026-09-13,13:30,360,AI Optimization Engine,1,96.6,Partial Conflict
HIST-01284,BLK-01284,COR-094,2026-09-12,03:15,180,AI Optimization Engine,0,89.5,Executed Cleanly
HIST-01285,BLK-01285,COR-005,2026-09-16,22:30,120,Manual Rule-Based,8,75.1,Cancelled
HIST-01286,BLK-01286,COR-091,2026-09-17,04:15,120,Manual Rule-Based,6,62.7,Cancelled
HIST-01287,BLK-01287,COR-078,2026-09-13,13:15,300,AI Optimization Engine,1,86.2,Partial Conflict
HIST-01288,BLK-01288,COR-053,2026-09-18,18:45,180,AI Optimization Engine,1,93.9,Partial Conflict
HIST-01289,BLK-01289,COR-002,2026-09-21,10:30,120,Manual Rule-Based,7,61.5,Cancelled
HIST-01290,BLK-01290,COR-032,2026-09-21,02:15,60,Manual Rule-Based,3,75.9,Partial Conflict
HIST-01291,BLK-01291,COR-048,2026-09-12,07:30,300,Manual Rule-Based,4,69.2,Cancelled
HIST-01292,BLK-01292,COR-070,2026-09-24,22:00,240,Manual Rule-Based,8,60.1,Cancelled
HIST-01293,BLK-01293,COR-028,2026-09-23,03:15,120,AI Optimization Engine,1,85.5,Partial Conflict
HIST-01294,BLK-01294,COR-090,2026-09-26,07:15,300,AI Optimization Engine,1,89.8,Partial Conflict
HIST-01295,BLK-01295,COR-051,2026-09-24,07:15,300,AI Optimization Engine,0,90.0,Executed Cleanly
HIST-01296,BLK-01296,COR-067,2026-09-12,07:30,120,AI Optimization Engine,1,90.8,Partial Conflict
HIST-01297,BLK-01297,COR-013,2026-09-22,11:00,60,Manual Rule-Based,6,68.7,Cancelled
HIST-01298,BLK-01298,COR-081,2026-09-28,21:30,240,AI Optimization Engine,1,89.3,Partial Conflict
HIST-01299,BLK-01299,COR-031,2026-09-22,17:00,300,Manual Rule-Based,7,62.5,Cancelled
HIST-01300,BLK-01300,COR-006,2026-09-19,22:30,60,Manual Rule-Based,5,65.3,Cancelled
HIST-01301,BLK-01301,COR-073,2026-09-24,21:30,240,AI Optimization Engine,1,95.7,Partial Conflict
HIST-01302,BLK-01302,COR-099,2026-09-14,00:00,240,AI Optimization Engine,1,87.1,Partial Conflict
HIST-01303,BLK-01303,COR-075,2026-09-19,03:15,360,Manual Rule-Based,5,74.5,Cancelled
HIST-01304,BLK-01304,COR-025,2026-09-11,08:30,60,AI Optimization Engine,1,86.2,Partial Conflict
HIST-01305,BLK-01305,COR-072,2026-09-11,03:30,60,AI Optimization Engine,0,88.4,Executed Cleanly
HIST-01306,BLK-01306,COR-042,2026-09-23,19:30,120,Manual Rule-Based,3,70.9,Partial Conflict
HIST-01307,BLK-01307,COR-053,2026-09-21,23:15,300,AI Optimization Engine,1,93.9,Partial Conflict
HIST-01308,BLK-01308,COR-070,2026-09-29,02:45,60,Manual Rule-Based,7,67.3,Cancelled
HIST-01309,BLK-01309,COR-002,2026-09-15,14:15,180,Manual Rule-Based,3,75.6,Partial Conflict
HIST-01310,BLK-01310,COR-033,2026-09-16,17:15,180,AI Optimization Engine,1,86.5,Partial Conflict
HIST-01311,BLK-01311,COR-097,2026-09-29,17:00,180,AI Optimization Engine,1,88.8,Partial Conflict
HIST-01312,BLK-01312,COR-011,2026-09-18,00:30,60,Manual Rule-Based,5,66.0,Cancelled
HIST-01313,BLK-01313,COR-038,2026-09-11,20:30,60,Manual Rule-Based,5,70.1,Cancelled
HIST-01314,BLK-01314,COR-007,2026-09-14,13:30,180,Manual Rule-Based,5,61.8,Cancelled
HIST-01315,BLK-01315,COR-092,2026-09-25,18:30,180,Manual Rule-Based,4,61.0,Cancelled
HIST-01316,BLK-01316,COR-093,2026-09-21,03:30,300,Manual Rule-Based,5,69.1,Cancelled
HIST-01317,BLK-01317,COR-025,2026-09-23,04:15,360,AI Optimization Engine,0,91.4,Executed Cleanly
HIST-01318,BLK-01318,COR-014,2026-09-12,02:15,360,Manual Rule-Based,8,74.9,Cancelled
HIST-01319,BLK-01319,COR-029,2026-09-28,18:45,120,AI Optimization Engine,1,96.8,Partial Conflict
HIST-01320,BLK-01320,COR-025,2026-09-11,16:00,360,AI Optimization Engine,0,85.5,Executed Cleanly
HIST-01321,BLK-01321,COR-051,2026-09-12,18:30,120,AI Optimization Engine,1,94.3,Partial Conflict
HIST-01322,BLK-01322,COR-061,2026-09-16,18:45,240,Manual Rule-Based,7,72.9,Cancelled
HIST-01323,BLK-01323,COR-076,2026-09-10,05:45,360,AI Optimization Engine,0,86.3,Executed Cleanly
HIST-01324,BLK-01324,COR-030,2026-09-18,11:15,300,Manual Rule-Based,8,70.6,Cancelled
HIST-01325,BLK-01325,COR-044,2026-09-11,21:30,240,Manual Rule-Based,5,63.6,Cancelled
HIST-01326,BLK-01326,COR-052,2026-09-29,22:45,60,AI Optimization Engine,0,90.2,Executed Cleanly
HIST-01327,BLK-01327,COR-085,2026-09-10,03:00,360,AI Optimization Engine,0,89.0,Executed Cleanly
HIST-01328,BLK-01328,COR-014,2026-09-29,14:15,360,Manual Rule-Based,7,66.2,Cancelled
HIST-01329,BLK-01329,COR-097,2026-09-17,03:30,180,AI Optimization Engine,0,94.9,Executed Cleanly
HIST-01330,BLK-01330,COR-017,2026-09-09,16:30,180,AI Optimization Engine,0,96.0,Executed Cleanly
HIST-01331,BLK-01331,COR-039,2026-09-13,09:00,240,Manual Rule-Based,3,70.6,Partial Conflict
HIST-01332,BLK-01332,COR-089,2026-09-14,18:45,60,AI Optimization Engine,0,90.5,Executed Cleanly
HIST-01333,BLK-01333,COR-079,2026-09-18,18:45,240,AI Optimization Engine,1,91.4,Partial Conflict
HIST-01334,BLK-01334,COR-080,2026-09-16,04:15,120,AI Optimization Engine,0,85.6,Executed Cleanly
HIST-01335,BLK-01335,COR-083,2026-09-20,11:15,240,AI Optimization Engine,1,93.9,Partial Conflict
HIST-01336,BLK-01336,COR-049,2026-09-18,14:00,300,Manual Rule-Based,7,63.6,Cancelled
HIST-01337,BLK-01337,COR-035,2026-09-14,11:15,60,Manual Rule-Based,8,66.9,Cancelled
HIST-01338,BLK-01338,COR-088,2026-09-12,22:00,300,Manual Rule-Based,4,65.4,Cancelled
HIST-01339,BLK-01339,COR-022,2026-09-15,03:00,180,AI Optimization Engine,1,85.4,Partial Conflict
HIST-01340,BLK-01340,COR-052,2026-09-15,18:30,120,AI Optimization Engine,0,95.7,Executed Cleanly
HIST-01341,BLK-01341,COR-047,2026-09-23,11:45,300,AI Optimization Engine,1,92.2,Partial Conflict
HIST-01342,BLK-01342,COR-029,2026-09-22,13:30,300,AI Optimization Engine,1,95.4,Partial Conflict
HIST-01343,BLK-01343,COR-007,2026-09-28,10:30,180,AI Optimization Engine,0,93.8,Executed Cleanly
HIST-01344,BLK-01344,COR-012,2026-09-14,00:45,240,AI Optimization Engine,0,88.5,Executed Cleanly
HIST-01345,BLK-01345,COR-031,2026-09-17,15:00,180,AI Optimization Engine,1,89.6,Partial Conflict
HIST-01346,BLK-01346,COR-100,2026-09-28,18:45,300,Manual Rule-Based,5,72.7,Cancelled
HIST-01347,BLK-01347,COR-097,2026-09-18,15:15,180,AI Optimization Engine,0,95.4,Executed Cleanly
HIST-01348,BLK-01348,COR-008,2026-09-25,07:45,300,Manual Rule-Based,5,63.0,Cancelled
HIST-01349,BLK-01349,COR-064,2026-09-23,02:45,60,Manual Rule-Based,7,71.6,Cancelled
HIST-01350,BLK-01350,COR-065,2026-09-25,18:15,240,AI Optimization Engine,1,96.3,Partial Conflict
HIST-01351,BLK-01351,COR-020,2026-09-18,15:15,60,AI Optimization Engine,1,96.1,Partial Conflict
HIST-01352,BLK-01352,COR-009,2026-09-15,12:00,120,AI Optimization Engine,0,92.4,Executed Cleanly
HIST-01353,BLK-01353,COR-037,2026-09-16,19:30,60,AI Optimization Engine,1,87.1,Partial Conflict
HIST-01354,BLK-01354,COR-093,2026-09-16,22:45,60,AI Optimization Engine,0,88.4,Executed Cleanly
HIST-01355,BLK-01355,COR-009,2026-09-21,23:00,300,AI Optimization Engine,1,91.5,Partial Conflict
HIST-01356,BLK-01356,COR-083,2026-09-24,01:00,180,Manual Rule-Based,4,70.3,Cancelled
HIST-01357,BLK-01357,COR-021,2026-09-09,04:45,120,AI Optimization Engine,1,91.5,Partial Conflict
HIST-01358,BLK-01358,COR-045,2026-09-20,23:00,240,AI Optimization Engine,1,95.2,Partial Conflict
HIST-01359,BLK-01359,COR-019,2026-09-27,23:30,60,AI Optimization Engine,0,96.4,Executed Cleanly
HIST-01360,BLK-01360,COR-016,2026-09-21,20:00,240,AI Optimization Engine,0,90.7,Executed Cleanly
HIST-01361,BLK-01361,COR-042,2026-09-21,08:30,240,AI Optimization Engine,1,88.7,Partial Conflict
HIST-01362,BLK-01362,COR-031,2026-09-15,18:00,120,AI Optimization Engine,0,87.3,Executed Cleanly
HIST-01363,BLK-01363,COR-035,2026-09-09,14:15,180,Manual Rule-Based,4,66.8,Cancelled
HIST-01364,BLK-01364,COR-074,2026-09-19,00:30,60,AI Optimization Engine,0,96.2,Executed Cleanly
HIST-01365,BLK-01365,COR-001,2026-09-25,13:00,60,AI Optimization Engine,0,93.5,Executed Cleanly
HIST-01366,BLK-01366,COR-063,2026-09-22,08:30,240,Manual Rule-Based,7,70.2,Cancelled
HIST-01367,BLK-01367,COR-051,2026-09-20,19:15,180,AI Optimization Engine,0,92.1,Executed Cleanly
HIST-01368,BLK-01368,COR-045,2026-09-28,06:15,240,Manual Rule-Based,4,69.2,Cancelled
HIST-01369,BLK-01369,COR-026,2026-09-24,10:00,300,Manual Rule-Based,4,66.2,Cancelled
HIST-01370,BLK-01370,COR-094,2026-09-13,20:30,360,AI Optimization Engine,0,85.2,Executed Cleanly
HIST-01371,BLK-01371,COR-026,2026-09-14,19:30,300,Manual Rule-Based,3,61.2,Partial Conflict
HIST-01372,BLK-01372,COR-088,2026-09-14,18:45,240,AI Optimization Engine,0,94.9,Executed Cleanly
HIST-01373,BLK-01373,COR-053,2026-09-24,15:00,120,Manual Rule-Based,5,65.1,Cancelled
HIST-01374,BLK-01374,COR-024,2026-09-10,22:30,60,Manual Rule-Based,7,72.9,Cancelled
HIST-01375,BLK-01375,COR-005,2026-09-18,11:15,360,Manual Rule-Based,3,60.2,Partial Conflict
HIST-01376,BLK-01376,COR-098,2026-09-10,12:15,300,Manual Rule-Based,3,63.5,Partial Conflict
HIST-01377,BLK-01377,COR-020,2026-09-19,02:30,180,Manual Rule-Based,4,61.2,Cancelled
HIST-01378,BLK-01378,COR-092,2026-09-09,20:00,180,Manual Rule-Based,3,70.6,Partial Conflict
HIST-01379,BLK-01379,COR-019,2026-09-26,11:00,180,AI Optimization Engine,0,93.1,Executed Cleanly
HIST-01380,BLK-01380,COR-010,2026-09-10,22:00,240,Manual Rule-Based,3,63.2,Partial Conflict
HIST-01381,BLK-01381,COR-030,2026-09-26,21:45,300,AI Optimization Engine,1,90.3,Partial Conflict
HIST-01382,BLK-01382,COR-030,2026-09-28,10:00,240,Manual Rule-Based,7,66.5,Cancelled
HIST-01383,BLK-01383,COR-090,2026-09-28,16:45,300,AI Optimization Engine,0,85.8,Executed Cleanly
HIST-01384,BLK-01384,COR-040,2026-09-14,06:45,60,AI Optimization Engine,0,86.9,Executed Cleanly
HIST-01385,BLK-01385,COR-062,2026-09-26,07:30,120,AI Optimization Engine,0,85.8,Executed Cleanly
HIST-01386,BLK-01386,COR-027,2026-09-19,17:45,180,Manual Rule-Based,5,69.5,Cancelled
HIST-01387,BLK-01387,COR-067,2026-09-21,00:00,360,AI Optimization Engine,0,91.5,Executed Cleanly
HIST-01388,BLK-01388,COR-044,2026-09-11,11:15,60,Manual Rule-Based,5,65.0,Cancelled
HIST-01389,BLK-01389,COR-011,2026-09-17,09:30,120,AI Optimization Engine,0,97.4,Executed Cleanly
HIST-01390,BLK-01390,COR-091,2026-09-25,19:45,240,AI Optimization Engine,1,87.8,Partial Conflict
HIST-01391,BLK-01391,COR-004,2026-09-14,06:00,360,Manual Rule-Based,5,72.9,Cancelled
HIST-01392,BLK-01392,COR-051,2026-09-16,18:30,60,AI Optimization Engine,1,94.7,Partial Conflict
HIST-01393,BLK-01393,COR-035,2026-09-22,14:30,360,AI Optimization Engine,1,86.0,Partial Conflict
HIST-01394,BLK-01394,COR-086,2026-09-27,05:15,360,Manual Rule-Based,3,74.9,Partial Conflict
HIST-01395,BLK-01395,COR-074,2026-09-26,11:00,180,Manual Rule-Based,6,61.2,Cancelled
HIST-01396,BLK-01396,COR-051,2026-09-29,16:30,60,Manual Rule-Based,3,64.6,Partial Conflict
HIST-01397,BLK-01397,COR-049,2026-09-17,20:00,120,AI Optimization Engine,0,89.3,Executed Cleanly
HIST-01398,BLK-01398,COR-062,2026-09-09,14:30,60,Manual Rule-Based,5,62.7,Cancelled
HIST-01399,BLK-01399,COR-079,2026-09-19,21:30,360,AI Optimization Engine,1,87.8,Partial Conflict
HIST-01400,BLK-01400,COR-014,2026-09-13,16:00,360,Manual Rule-Based,3,61.1,Partial Conflict
HIST-01401,BLK-01401,COR-088,2026-09-23,00:15,120,Manual Rule-Based,6,66.8,Cancelled
HIST-01402,BLK-01402,COR-094,2026-09-12,14:45,180,AI Optimization Engine,1,93.5,Partial Conflict
HIST-01403,BLK-01403,COR-021,2026-09-22,03:30,240,AI Optimization Engine,1,95.2,Partial Conflict
HIST-01404,BLK-01404,COR-070,2026-09-28,19:30,240,Manual Rule-Based,7,66.3,Cancelled
HIST-01405,BLK-01405,COR-073,2026-09-20,02:15,180,Manual Rule-Based,4,68.7,Cancelled
HIST-01406,BLK-01406,COR-077,2026-09-26,04:45,180,Manual Rule-Based,8,65.3,Cancelled
HIST-01407,BLK-01407,COR-076,2026-09-27,10:30,60,AI Optimization Engine,0,91.9,Executed Cleanly
HIST-01408,BLK-01408,COR-023,2026-09-12,15:45,360,AI Optimization Engine,1,89.3,Partial Conflict
HIST-01409,BLK-01409,COR-038,2026-09-09,08:45,60,AI Optimization Engine,0,94.3,Executed Cleanly
HIST-01410,BLK-01410,COR-035,2026-09-20,04:00,60,Manual Rule-Based,4,64.4,Cancelled
HIST-01411,BLK-01411,COR-081,2026-09-25,17:15,300,AI Optimization Engine,0,91.1,Executed Cleanly
HIST-01412,BLK-01412,COR-056,2026-09-26,23:15,300,AI Optimization Engine,1,87.0,Partial Conflict
HIST-01413,BLK-01413,COR-012,2026-09-25,15:30,60,Manual Rule-Based,4,75.2,Cancelled
HIST-01414,BLK-01414,COR-030,2026-09-25,13:15,180,Manual Rule-Based,8,64.9,Cancelled
HIST-01415,BLK-01415,COR-043,2026-09-21,21:00,240,AI Optimization Engine,1,92.2,Partial Conflict
HIST-01416,BLK-01416,COR-055,2026-09-15,19:15,240,Manual Rule-Based,7,67.2,Cancelled
HIST-01417,BLK-01417,COR-096,2026-09-16,20:15,300,Manual Rule-Based,7,69.8,Cancelled
HIST-01418,BLK-01418,COR-013,2026-09-25,22:30,300,AI Optimization Engine,1,85.8,Partial Conflict
HIST-01419,BLK-01419,COR-081,2026-09-18,23:15,360,Manual Rule-Based,4,63.6,Cancelled
HIST-01420,BLK-01420,COR-073,2026-09-25,19:00,240,Manual Rule-Based,4,65.3,Cancelled
HIST-01421,BLK-01421,COR-093,2026-09-14,04:00,240,Manual Rule-Based,8,69.3,Cancelled
HIST-01422,BLK-01422,COR-055,2026-09-27,06:00,180,AI Optimization Engine,1,94.9,Partial Conflict
HIST-01423,BLK-01423,COR-013,2026-09-09,21:00,60,AI Optimization Engine,1,85.8,Partial Conflict
HIST-01424,BLK-01424,COR-039,2026-09-12,18:15,240,AI Optimization Engine,1,88.5,Partial Conflict
HIST-01425,BLK-01425,COR-064,2026-09-19,00:30,60,Manual Rule-Based,7,68.2,Cancelled
HIST-01426,BLK-01426,COR-069,2026-09-15,06:45,300,Manual Rule-Based,5,74.2,Cancelled
HIST-01427,BLK-01427,COR-017,2026-09-09,19:15,360,AI Optimization Engine,1,88.2,Partial Conflict
HIST-01428,BLK-01428,COR-007,2026-09-28,12:00,120,Manual Rule-Based,7,64.2,Cancelled
HIST-01429,BLK-01429,COR-023,2026-09-10,03:30,60,AI Optimization Engine,1,88.6,Partial Conflict
HIST-01430,BLK-01430,COR-050,2026-09-22,00:15,180,Manual Rule-Based,3,71.3,Partial Conflict
HIST-01431,BLK-01431,COR-001,2026-09-16,13:45,240,Manual Rule-Based,8,70.8,Cancelled
HIST-01432,BLK-01432,COR-011,2026-09-12,11:45,240,Manual Rule-Based,8,70.9,Cancelled
HIST-01433,BLK-01433,COR-082,2026-09-17,01:30,360,Manual Rule-Based,7,64.0,Cancelled
HIST-01434,BLK-01434,COR-045,2026-09-18,10:30,360,Manual Rule-Based,6,61.7,Cancelled
HIST-01435,BLK-01435,COR-017,2026-09-26,04:45,300,AI Optimization Engine,1,85.9,Partial Conflict
HIST-01436,BLK-01436,COR-033,2026-09-14,09:00,240,Manual Rule-Based,7,75.8,Cancelled
HIST-01437,BLK-01437,COR-037,2026-09-27,01:30,120,AI Optimization Engine,0,94.0,Executed Cleanly
HIST-01438,BLK-01438,COR-083,2026-09-21,10:45,240,AI Optimization Engine,0,96.5,Executed Cleanly
HIST-01439,BLK-01439,COR-084,2026-09-16,07:00,300,AI Optimization Engine,1,95.4,Partial Conflict
HIST-01440,BLK-01440,COR-078,2026-09-13,10:45,180,Manual Rule-Based,6,73.3,Cancelled
HIST-01441,BLK-01441,COR-002,2026-09-27,03:45,120,Manual Rule-Based,6,74.4,Cancelled
HIST-01442,BLK-01442,COR-045,2026-09-17,14:45,360,Manual Rule-Based,3,69.6,Partial Conflict
HIST-01443,BLK-01443,COR-089,2026-09-21,08:45,240,Manual Rule-Based,7,65.3,Cancelled
HIST-01444,BLK-01444,COR-069,2026-09-27,07:30,60,Manual Rule-Based,3,72.9,Partial Conflict
HIST-01445,BLK-01445,COR-041,2026-09-11,02:30,180,AI Optimization Engine,1,89.2,Partial Conflict
HIST-01446,BLK-01446,COR-094,2026-09-20,06:45,360,Manual Rule-Based,8,71.4,Cancelled
HIST-01447,BLK-01447,COR-021,2026-09-25,18:15,120,Manual Rule-Based,5,62.0,Cancelled
HIST-01448,BLK-01448,COR-067,2026-09-24,02:00,120,Manual Rule-Based,6,73.8,Cancelled
HIST-01449,BLK-01449,COR-030,2026-09-17,02:15,60,AI Optimization Engine,1,86.0,Partial Conflict
HIST-01450,BLK-01450,COR-092,2026-09-26,04:45,300,AI Optimization Engine,0,89.8,Executed Cleanly
HIST-01451,BLK-01451,COR-084,2026-09-26,12:00,300,Manual Rule-Based,8,61.9,Cancelled
HIST-01452,BLK-01452,COR-040,2026-09-25,18:30,120,Manual Rule-Based,8,67.5,Cancelled
HIST-01453,BLK-01453,COR-001,2026-09-22,00:30,180,Manual Rule-Based,7,64.2,Cancelled
HIST-01454,BLK-01454,COR-086,2026-09-21,03:30,60,Manual Rule-Based,8,62.2,Cancelled
HIST-01455,BLK-01455,COR-001,2026-09-17,04:45,300,Manual Rule-Based,4,68.7,Cancelled
HIST-01456,BLK-01456,COR-099,2026-09-15,06:30,120,Manual Rule-Based,8,62.9,Cancelled
HIST-01457,BLK-01457,COR-050,2026-09-12,17:00,60,AI Optimization Engine,0,96.5,Executed Cleanly
HIST-01458,BLK-01458,COR-004,2026-09-18,10:45,180,AI Optimization Engine,0,87.4,Executed Cleanly
HIST-01459,BLK-01459,COR-003,2026-09-29,20:45,300,Manual Rule-Based,5,65.2,Cancelled
HIST-01460,BLK-01460,COR-018,2026-09-16,07:15,300,AI Optimization Engine,0,89.1,Executed Cleanly
HIST-01461,BLK-01461,COR-063,2026-09-17,21:45,180,Manual Rule-Based,4,68.1,Cancelled
HIST-01462,BLK-01462,COR-035,2026-09-14,05:15,180,Manual Rule-Based,8,63.6,Cancelled
HIST-01463,BLK-01463,COR-014,2026-09-19,22:15,240,AI Optimization Engine,0,94.9,Executed Cleanly
HIST-01464,BLK-01464,COR-017,2026-09-28,22:45,180,Manual Rule-Based,4,61.2,Cancelled
HIST-01465,BLK-01465,COR-036,2026-09-14,11:15,180,AI Optimization Engine,1,88.5,Partial Conflict
HIST-01466,BLK-01466,COR-001,2026-09-12,09:45,180,Manual Rule-Based,7,64.6,Cancelled
HIST-01467,BLK-01467,COR-050,2026-09-22,14:00,360,Manual Rule-Based,8,64.3,Cancelled
HIST-01468,BLK-01468,COR-001,2026-09-10,02:15,120,Manual Rule-Based,8,72.8,Cancelled
HIST-01469,BLK-01469,COR-007,2026-09-29,12:45,300,Manual Rule-Based,7,72.1,Cancelled
HIST-01470,BLK-01470,COR-090,2026-09-14,13:45,300,AI Optimization Engine,1,87.2,Partial Conflict
HIST-01471,BLK-01471,COR-076,2026-09-09,17:15,240,AI Optimization Engine,0,93.2,Executed Cleanly
HIST-01472,BLK-01472,COR-061,2026-09-16,19:00,120,AI Optimization Engine,1,86.0,Partial Conflict
HIST-01473,BLK-01473,COR-100,2026-09-10,08:45,360,Manual Rule-Based,3,72.0,Partial Conflict
HIST-01474,BLK-01474,COR-044,2026-09-20,20:00,120,Manual Rule-Based,6,70.9,Cancelled
HIST-01475,BLK-01475,COR-076,2026-09-17,23:45,300,Manual Rule-Based,3,72.5,Partial Conflict
HIST-01476,BLK-01476,COR-081,2026-09-29,18:15,240,AI Optimization Engine,0,91.6,Executed Cleanly
HIST-01477,BLK-01477,COR-047,2026-09-20,19:45,120,AI Optimization Engine,1,94.2,Partial Conflict
HIST-01478,BLK-01478,COR-099,2026-09-14,10:45,240,Manual Rule-Based,5,72.3,Cancelled
HIST-01479,BLK-01479,COR-013,2026-09-28,18:30,360,Manual Rule-Based,4,73.7,Cancelled
HIST-01480,BLK-01480,COR-092,2026-09-22,21:45,180,Manual Rule-Based,4,75.8,Cancelled
HIST-01481,BLK-01481,COR-041,2026-09-21,04:30,180,Manual Rule-Based,7,64.9,Cancelled
HIST-01482,BLK-01482,COR-093,2026-09-23,15:30,120,Manual Rule-Based,4,70.2,Cancelled
HIST-01483,BLK-01483,COR-006,2026-09-13,01:15,180,Manual Rule-Based,5,62.5,Cancelled
HIST-01484,BLK-01484,COR-083,2026-09-21,11:15,60,AI Optimization Engine,0,87.3,Executed Cleanly
HIST-01485,BLK-01485,COR-089,2026-09-19,18:15,60,AI Optimization Engine,1,97.0,Partial Conflict
HIST-01486,BLK-01486,COR-010,2026-09-16,16:15,60,Manual Rule-Based,5,62.4,Cancelled
HIST-01487,BLK-01487,COR-098,2026-09-25,03:30,180,Manual Rule-Based,4,68.3,Cancelled
HIST-01488,BLK-01488,COR-073,2026-09-12,11:00,120,AI Optimization Engine,1,85.1,Partial Conflict
HIST-01489,BLK-01489,COR-006,2026-09-16,15:15,180,Manual Rule-Based,8,71.2,Cancelled
HIST-01490,BLK-01490,COR-075,2026-09-13,07:45,60,Manual Rule-Based,8,70.5,Cancelled
HIST-01491,BLK-01491,COR-028,2026-09-13,06:30,120,AI Optimization Engine,0,96.8,Executed Cleanly
HIST-01492,BLK-01492,COR-014,2026-09-18,03:15,60,AI Optimization Engine,1,95.1,Partial Conflict
HIST-01493,BLK-01493,COR-009,2026-09-18,11:30,180,AI Optimization Engine,0,91.6,Executed Cleanly
HIST-01494,BLK-01494,COR-032,2026-09-29,09:00,300,Manual Rule-Based,5,66.8,Cancelled
HIST-01495,BLK-01495,COR-087,2026-09-17,05:15,180,AI Optimization Engine,1,87.1,Partial Conflict
HIST-01496,BLK-01496,COR-076,2026-09-19,18:45,120,Manual Rule-Based,4,71.5,Cancelled
HIST-01497,BLK-01497,COR-048,2026-09-19,02:00,180,Manual Rule-Based,6,71.0,Cancelled
HIST-01498,BLK-01498,COR-045,2026-09-29,18:30,240,AI Optimization Engine,0,87.8,Executed Cleanly
HIST-01499,BLK-01499,COR-067,2026-09-22,10:45,120,AI Optimization Engine,1,94.1,Partial Conflict
HIST-01500,BLK-01500,COR-069,2026-09-12,02:00,180,Manual Rule-Based,3,65.7,Partial Conflict
HIST-01501,BLK-01501,COR-049,2026-09-19,01:15,300,AI Optimization Engine,0,86.7,Executed Cleanly
HIST-01502,BLK-01502,COR-071,2026-09-12,11:45,300,AI Optimization Engine,1,91.4,Partial Conflict
HIST-01503,BLK-01503,COR-007,2026-09-21,03:00,360,Manual Rule-Based,6,71.5,Cancelled
HIST-01504,BLK-01504,COR-069,2026-09-25,04:30,300,Manual Rule-Based,3,61.4,Partial Conflict
HIST-01505,BLK-01505,COR-036,2026-09-21,15:15,180,Manual Rule-Based,8,72.2,Cancelled
HIST-01506,BLK-01506,COR-017,2026-09-19,22:30,360,Manual Rule-Based,3,69.7,Partial Conflict
HIST-01507,BLK-01507,COR-046,2026-09-11,13:30,120,Manual Rule-Based,3,72.5,Partial Conflict
HIST-01508,BLK-01508,COR-043,2026-09-17,15:30,60,Manual Rule-Based,8,66.3,Cancelled
HIST-01509,BLK-01509,COR-046,2026-09-11,06:00,60,AI Optimization Engine,0,88.5,Executed Cleanly
HIST-01510,BLK-01510,COR-088,2026-09-18,10:30,360,Manual Rule-Based,3,65.5,Partial Conflict
HIST-01511,BLK-01511,COR-034,2026-09-12,11:30,240,AI Optimization Engine,0,85.5,Executed Cleanly
HIST-01512,BLK-01512,COR-016,2026-09-29,01:15,360,AI Optimization Engine,1,95.9,Partial Conflict
HIST-01513,BLK-01513,COR-030,2026-09-26,02:15,360,Manual Rule-Based,8,68.3,Cancelled
HIST-01514,BLK-01514,COR-039,2026-09-19,08:30,300,Manual Rule-Based,6,64.6,Cancelled
HIST-01515,BLK-01515,COR-002,2026-09-13,02:15,180,AI Optimization Engine,1,85.6,Partial Conflict
HIST-01516,BLK-01516,COR-019,2026-09-17,17:15,240,Manual Rule-Based,3,70.5,Partial Conflict
HIST-01517,BLK-01517,COR-077,2026-09-09,15:45,240,AI Optimization Engine,1,87.4,Partial Conflict
HIST-01518,BLK-01518,COR-029,2026-09-17,17:45,300,AI Optimization Engine,0,94.5,Executed Cleanly
HIST-01519,BLK-01519,COR-029,2026-09-24,11:15,360,AI Optimization Engine,0,85.5,Executed Cleanly
HIST-01520,BLK-01520,COR-004,2026-09-26,05:15,240,AI Optimization Engine,1,85.4,Partial Conflict
HIST-01521,BLK-01521,COR-052,2026-09-28,00:45,300,Manual Rule-Based,6,60.5,Cancelled
HIST-01522,BLK-01522,COR-035,2026-09-23,17:15,360,Manual Rule-Based,3,68.2,Partial Conflict
HIST-01523,BLK-01523,COR-044,2026-09-17,04:15,120,Manual Rule-Based,7,73.7,Cancelled
HIST-01524,BLK-01524,COR-042,2026-09-12,13:15,300,Manual Rule-Based,3,65.3,Partial Conflict
HIST-01525,BLK-01525,COR-018,2026-09-18,16:45,300,Manual Rule-Based,5,74.4,Cancelled
HIST-01526,BLK-01526,COR-032,2026-09-25,01:30,60,Manual Rule-Based,5,61.2,Cancelled
HIST-01527,BLK-01527,COR-085,2026-09-17,10:30,300,Manual Rule-Based,8,70.7,Cancelled
HIST-01528,BLK-01528,COR-011,2026-09-20,04:00,120,Manual Rule-Based,8,72.1,Cancelled
HIST-01529,BLK-01529,COR-034,2026-09-21,05:30,300,Manual Rule-Based,8,60.7,Cancelled
HIST-01530,BLK-01530,COR-095,2026-09-12,20:15,120,Manual Rule-Based,8,69.5,Cancelled
HIST-01531,BLK-01531,COR-060,2026-09-23,12:45,300,Manual Rule-Based,7,60.9,Cancelled
HIST-01532,BLK-01532,COR-048,2026-09-15,00:00,300,Manual Rule-Based,3,70.1,Partial Conflict
HIST-01533,BLK-01533,COR-024,2026-09-20,14:45,120,AI Optimization Engine,1,86.1,Partial Conflict
HIST-01534,BLK-01534,COR-064,2026-09-22,21:30,180,Manual Rule-Based,7,71.1,Cancelled
HIST-01535,BLK-01535,COR-093,2026-09-14,21:15,300,AI Optimization Engine,0,91.2,Executed Cleanly
HIST-01536,BLK-01536,COR-031,2026-09-27,08:30,360,AI Optimization Engine,1,93.2,Partial Conflict
HIST-01537,BLK-01537,COR-061,2026-09-22,20:45,360,Manual Rule-Based,3,72.4,Partial Conflict
HIST-01538,BLK-01538,COR-061,2026-09-24,17:15,300,AI Optimization Engine,0,87.4,Executed Cleanly
HIST-01539,BLK-01539,COR-049,2026-09-24,03:15,240,AI Optimization Engine,1,86.5,Partial Conflict
HIST-01540,BLK-01540,COR-064,2026-09-24,17:00,120,Manual Rule-Based,7,68.2,Cancelled
HIST-01541,BLK-01541,COR-017,2026-09-17,12:15,360,Manual Rule-Based,8,71.4,Cancelled
HIST-01542,BLK-01542,COR-033,2026-09-14,20:00,120,AI Optimization Engine,1,88.8,Partial Conflict
HIST-01543,BLK-01543,COR-024,2026-09-17,18:45,120,AI Optimization Engine,0,86.4,Executed Cleanly
HIST-01544,BLK-01544,COR-069,2026-09-10,16:15,360,AI Optimization Engine,0,88.5,Executed Cleanly
HIST-01545,BLK-01545,COR-084,2026-09-09,01:15,300,AI Optimization Engine,1,95.4,Partial Conflict
HIST-01546,BLK-01546,COR-030,2026-09-15,02:00,180,Manual Rule-Based,5,70.2,Cancelled
HIST-01547,BLK-01547,COR-023,2026-09-25,06:00,240,AI Optimization Engine,1,96.8,Partial Conflict
HIST-01548,BLK-01548,COR-035,2026-09-13,20:00,120,AI Optimization Engine,0,90.2,Executed Cleanly
HIST-01549,BLK-01549,COR-024,2026-09-13,12:00,120,AI Optimization Engine,1,94.4,Partial Conflict
HIST-01550,BLK-01550,COR-018,2026-09-25,14:30,60,AI Optimization Engine,0,86.2,Executed Cleanly
HIST-01551,BLK-01551,COR-005,2026-09-17,04:30,300,Manual Rule-Based,6,66.6,Cancelled
HIST-01552,BLK-01552,COR-057,2026-09-24,00:45,120,AI Optimization Engine,1,87.3,Partial Conflict
HIST-01553,BLK-01553,COR-026,2026-09-23,08:15,240,AI Optimization Engine,1,95.2,Partial Conflict
HIST-01554,BLK-01554,COR-016,2026-09-23,12:00,180,Manual Rule-Based,4,61.0,Cancelled
HIST-01555,BLK-01555,COR-037,2026-09-09,03:30,180,AI Optimization Engine,1,87.6,Partial Conflict
HIST-01556,BLK-01556,COR-052,2026-09-18,04:30,300,AI Optimization Engine,0,88.1,Executed Cleanly
HIST-01557,BLK-01557,COR-089,2026-09-09,11:30,300,Manual Rule-Based,4,63.1,Cancelled
HIST-01558,BLK-01558,COR-076,2026-09-20,06:45,120,Manual Rule-Based,6,67.8,Cancelled
HIST-01559,BLK-01559,COR-073,2026-09-12,02:00,60,Manual Rule-Based,7,72.9,Cancelled
HIST-01560,BLK-01560,COR-068,2026-09-18,08:15,120,Manual Rule-Based,6,67.0,Cancelled
HIST-01561,BLK-01561,COR-045,2026-09-27,11:00,240,AI Optimization Engine,0,87.1,Executed Cleanly
HIST-01562,BLK-01562,COR-010,2026-09-21,16:00,180,Manual Rule-Based,4,72.1,Cancelled
HIST-01563,BLK-01563,COR-029,2026-09-13,19:00,120,Manual Rule-Based,7,62.8,Cancelled
HIST-01564,BLK-01564,COR-017,2026-09-14,15:15,120,Manual Rule-Based,5,62.1,Cancelled
HIST-01565,BLK-01565,COR-017,2026-09-23,20:30,240,AI Optimization Engine,0,93.1,Executed Cleanly
HIST-01566,BLK-01566,COR-081,2026-09-26,04:15,240,AI Optimization Engine,0,95.9,Executed Cleanly
HIST-01567,BLK-01567,COR-036,2026-09-24,06:30,60,AI Optimization Engine,1,93.2,Partial Conflict
HIST-01568,BLK-01568,COR-018,2026-09-17,06:00,180,AI Optimization Engine,0,94.1,Executed Cleanly
HIST-01569,BLK-01569,COR-081,2026-09-22,18:45,180,Manual Rule-Based,3,64.7,Partial Conflict
HIST-01570,BLK-01570,COR-071,2026-09-21,08:45,120,AI Optimization Engine,1,94.9,Partial Conflict
HIST-01571,BLK-01571,COR-027,2026-09-29,03:15,60,AI Optimization Engine,0,86.2,Executed Cleanly
HIST-01572,BLK-01572,COR-038,2026-09-22,11:00,120,AI Optimization Engine,0,86.2,Executed Cleanly
HIST-01573,BLK-01573,COR-071,2026-09-12,11:00,60,AI Optimization Engine,0,89.1,Executed Cleanly
HIST-01574,BLK-01574,COR-084,2026-09-16,13:00,120,Manual Rule-Based,4,73.8,Cancelled
HIST-01575,BLK-01575,COR-041,2026-09-26,03:45,360,AI Optimization Engine,1,97.4,Partial Conflict
HIST-01576,BLK-01576,COR-094,2026-09-09,02:00,60,AI Optimization Engine,1,89.3,Partial Conflict
HIST-01577,BLK-01577,COR-018,2026-09-20,15:15,300,AI Optimization Engine,0,96.3,Executed Cleanly
HIST-01578,BLK-01578,COR-060,2026-09-29,16:30,180,Manual Rule-Based,4,72.7,Cancelled
HIST-01579,BLK-01579,COR-100,2026-09-26,06:15,240,Manual Rule-Based,4,72.3,Cancelled
HIST-01580,BLK-01580,COR-023,2026-09-14,23:00,180,Manual Rule-Based,3,75.2,Partial Conflict
HIST-01581,BLK-01581,COR-006,2026-09-10,03:15,240,AI Optimization Engine,0,94.3,Executed Cleanly
HIST-01582,BLK-01582,COR-007,2026-09-12,12:30,60,Manual Rule-Based,4,72.7,Cancelled
HIST-01583,BLK-01583,COR-053,2026-09-29,11:15,60,Manual Rule-Based,7,71.4,Cancelled
HIST-01584,BLK-01584,COR-087,2026-09-15,12:30,180,AI Optimization Engine,0,87.1,Executed Cleanly
HIST-01585,BLK-01585,COR-098,2026-09-29,03:00,360,Manual Rule-Based,5,71.1,Cancelled
HIST-01586,BLK-01586,COR-013,2026-09-26,02:45,60,Manual Rule-Based,7,61.7,Cancelled
HIST-01587,BLK-01587,COR-086,2026-09-24,10:45,180,AI Optimization Engine,0,96.1,Executed Cleanly
HIST-01588,BLK-01588,COR-014,2026-09-11,05:15,360,AI Optimization Engine,1,86.3,Partial Conflict
HIST-01589,BLK-01589,COR-064,2026-09-17,19:00,60,Manual Rule-Based,6,72.4,Cancelled
HIST-01590,BLK-01590,COR-015,2026-09-18,00:00,180,Manual Rule-Based,5,67.2,Cancelled
HIST-01591,BLK-01591,COR-038,2026-09-17,17:15,360,AI Optimization Engine,1,86.1,Partial Conflict
HIST-01592,BLK-01592,COR-060,2026-09-26,22:45,240,AI Optimization Engine,0,95.0,Executed Cleanly
HIST-01593,BLK-01593,COR-033,2026-09-13,06:30,240,AI Optimization Engine,0,90.3,Executed Cleanly
HIST-01594,BLK-01594,COR-024,2026-09-22,21:45,120,Manual Rule-Based,4,61.8,Cancelled
HIST-01595,BLK-01595,COR-045,2026-09-14,00:45,360,AI Optimization Engine,0,87.1,Executed Cleanly
HIST-01596,BLK-01596,COR-010,2026-09-20,00:45,180,Manual Rule-Based,8,73.2,Cancelled
HIST-01597,BLK-01597,COR-032,2026-09-19,16:45,60,AI Optimization Engine,0,92.6,Executed Cleanly
HIST-01598,BLK-01598,COR-085,2026-09-25,21:30,180,Manual Rule-Based,6,72.4,Cancelled
HIST-01599,BLK-01599,COR-074,2026-09-20,23:00,300,Manual Rule-Based,5,61.2,Cancelled
HIST-01600,BLK-01600,COR-048,2026-09-25,13:15,300,Manual Rule-Based,7,66.1,Cancelled
HIST-01601,BLK-01601,COR-039,2026-09-10,07:15,120,Manual Rule-Based,7,65.2,Cancelled
HIST-01602,BLK-01602,COR-097,2026-09-22,13:15,240,AI Optimization Engine,1,86.6,Partial Conflict
HIST-01603,BLK-01603,COR-032,2026-09-22,03:45,240,AI Optimization Engine,1,92.9,Partial Conflict
HIST-01604,BLK-01604,COR-028,2026-09-24,17:30,240,AI Optimization Engine,1,87.0,Partial Conflict
HIST-01605,BLK-01605,COR-040,2026-09-19,18:30,360,AI Optimization Engine,0,91.9,Executed Cleanly
HIST-01606,BLK-01606,COR-061,2026-09-24,13:00,240,AI Optimization Engine,0,87.1,Executed Cleanly
HIST-01607,BLK-01607,COR-015,2026-09-18,16:00,300,Manual Rule-Based,3,75.9,Partial Conflict
HIST-01608,BLK-01608,COR-026,2026-09-22,19:00,300,AI Optimization Engine,1,88.7,Partial Conflict
HIST-01609,BLK-01609,COR-032,2026-09-11,22:15,360,Manual Rule-Based,5,62.7,Cancelled
HIST-01610,BLK-01610,COR-008,2026-09-10,13:45,240,AI Optimization Engine,0,92.8,Executed Cleanly
HIST-01611,BLK-01611,COR-087,2026-09-18,21:45,180,Manual Rule-Based,6,69.1,Cancelled
HIST-01612,BLK-01612,COR-051,2026-09-24,10:45,300,AI Optimization Engine,0,87.8,Executed Cleanly
HIST-01613,BLK-01613,COR-029,2026-09-28,21:15,120,Manual Rule-Based,4,68.1,Cancelled
HIST-01614,BLK-01614,COR-042,2026-09-19,00:00,120,AI Optimization Engine,1,85.3,Partial Conflict
HIST-01615,BLK-01615,COR-075,2026-09-17,11:30,120,AI Optimization Engine,0,95.9,Executed Cleanly
HIST-01616,BLK-01616,COR-078,2026-09-18,03:30,120,Manual Rule-Based,4,75.3,Cancelled
HIST-01617,BLK-01617,COR-045,2026-09-09,12:30,360,Manual Rule-Based,5,61.1,Cancelled
HIST-01618,BLK-01618,COR-079,2026-09-23,13:00,60,Manual Rule-Based,6,68.3,Cancelled
HIST-01619,BLK-01619,COR-042,2026-09-09,18:15,60,AI Optimization Engine,0,92.7,Executed Cleanly
HIST-01620,BLK-01620,COR-035,2026-09-21,14:30,60,Manual Rule-Based,7,67.3,Cancelled
HIST-01621,BLK-01621,COR-003,2026-09-24,23:45,120,AI Optimization Engine,0,90.8,Executed Cleanly
HIST-01622,BLK-01622,COR-036,2026-09-18,16:45,300,Manual Rule-Based,8,74.1,Cancelled
HIST-01623,BLK-01623,COR-067,2026-09-11,06:45,120,AI Optimization Engine,0,87.6,Executed Cleanly
HIST-01624,BLK-01624,COR-038,2026-09-29,05:45,180,AI Optimization Engine,1,89.9,Partial Conflict
HIST-01625,BLK-01625,COR-052,2026-09-28,01:45,180,Manual Rule-Based,5,75.8,Cancelled
HIST-01626,BLK-01626,COR-046,2026-09-25,09:45,180,Manual Rule-Based,6,66.9,Cancelled
HIST-01627,BLK-01627,COR-034,2026-09-20,13:00,180,Manual Rule-Based,4,69.2,Cancelled
HIST-01628,BLK-01628,COR-001,2026-09-17,09:45,360,AI Optimization Engine,1,93.1,Partial Conflict
HIST-01629,BLK-01629,COR-050,2026-09-15,02:15,60,AI Optimization Engine,1,94.9,Partial Conflict
HIST-01630,BLK-01630,COR-084,2026-09-09,12:45,120,Manual Rule-Based,5,67.1,Cancelled
HIST-01631,BLK-01631,COR-007,2026-09-18,00:00,180,Manual Rule-Based,4,69.2,Cancelled
HIST-01632,BLK-01632,COR-048,2026-09-12,04:15,60,AI Optimization Engine,0,94.4,Executed Cleanly
HIST-01633,BLK-01633,COR-018,2026-09-25,23:45,120,AI Optimization Engine,1,91.4,Partial Conflict
HIST-01634,BLK-01634,COR-082,2026-09-25,12:45,240,AI Optimization Engine,1,96.7,Partial Conflict
HIST-01635,BLK-01635,COR-077,2026-09-18,01:15,60,AI Optimization Engine,0,87.5,Executed Cleanly
HIST-01636,BLK-01636,COR-018,2026-09-16,15:00,180,AI Optimization Engine,1,96.2,Partial Conflict
HIST-01637,BLK-01637,COR-012,2026-09-26,20:30,360,AI Optimization Engine,0,90.8,Executed Cleanly
HIST-01638,BLK-01638,COR-080,2026-09-13,14:00,360,AI Optimization Engine,1,97.3,Partial Conflict
HIST-01639,BLK-01639,COR-092,2026-09-12,10:45,60,AI Optimization Engine,0,93.1,Executed Cleanly
HIST-01640,BLK-01640,COR-007,2026-09-18,00:30,240,Manual Rule-Based,6,72.5,Cancelled
HIST-01641,BLK-01641,COR-098,2026-09-09,17:15,180,AI Optimization Engine,0,95.3,Executed Cleanly
HIST-01642,BLK-01642,COR-090,2026-09-13,19:45,60,Manual Rule-Based,6,62.0,Cancelled
HIST-01643,BLK-01643,COR-025,2026-09-20,02:30,240,AI Optimization Engine,0,93.8,Executed Cleanly
HIST-01644,BLK-01644,COR-005,2026-09-16,07:45,60,AI Optimization Engine,1,95.8,Partial Conflict
HIST-01645,BLK-01645,COR-002,2026-09-21,13:45,180,AI Optimization Engine,0,92.3,Executed Cleanly
HIST-01646,BLK-01646,COR-085,2026-09-12,09:15,360,Manual Rule-Based,7,60.7,Cancelled
HIST-01647,BLK-01647,COR-088,2026-09-14,00:30,180,Manual Rule-Based,8,74.8,Cancelled
HIST-01648,BLK-01648,COR-040,2026-09-13,15:00,60,AI Optimization Engine,1,95.3,Partial Conflict
HIST-01649,BLK-01649,COR-079,2026-09-18,01:30,240,Manual Rule-Based,8,65.5,Cancelled
HIST-01650,BLK-01650,COR-074,2026-09-21,14:30,360,Manual Rule-Based,3,60.6,Partial Conflict
HIST-01651,BLK-01651,COR-022,2026-09-20,15:30,180,Manual Rule-Based,7,66.0,Cancelled
HIST-01652,BLK-01652,COR-043,2026-09-17,14:00,180,AI Optimization Engine,1,96.3,Partial Conflict
HIST-01653,BLK-01653,COR-096,2026-09-19,15:15,240,AI Optimization Engine,1,87.7,Partial Conflict
HIST-01654,BLK-01654,COR-011,2026-09-20,17:15,180,Manual Rule-Based,6,64.0,Cancelled
HIST-01655,BLK-01655,COR-064,2026-09-27,23:30,60,Manual Rule-Based,6,69.9,Cancelled
HIST-01656,BLK-01656,COR-069,2026-09-09,01:00,180,AI Optimization Engine,0,89.9,Executed Cleanly
HIST-01657,BLK-01657,COR-095,2026-09-09,00:00,120,Manual Rule-Based,7,69.7,Cancelled
HIST-01658,BLK-01658,COR-019,2026-09-23,06:15,120,AI Optimization Engine,0,88.4,Executed Cleanly
HIST-01659,BLK-01659,COR-096,2026-09-16,16:15,300,Manual Rule-Based,6,73.0,Cancelled
HIST-01660,BLK-01660,COR-002,2026-09-10,23:45,180,Manual Rule-Based,5,65.9,Cancelled
HIST-01661,BLK-01661,COR-093,2026-09-18,10:45,300,Manual Rule-Based,4,65.8,Cancelled
HIST-01662,BLK-01662,COR-008,2026-09-21,05:30,360,AI Optimization Engine,1,97.1,Partial Conflict
HIST-01663,BLK-01663,COR-057,2026-09-17,23:00,180,AI Optimization Engine,0,89.5,Executed Cleanly
HIST-01664,BLK-01664,COR-081,2026-09-25,03:30,180,Manual Rule-Based,8,67.0,Cancelled
HIST-01665,BLK-01665,COR-049,2026-09-10,15:15,300,Manual Rule-Based,3,74.9,Partial Conflict
HIST-01666,BLK-01666,COR-085,2026-09-14,17:45,240,Manual Rule-Based,8,64.7,Cancelled
HIST-01667,BLK-01667,COR-053,2026-09-21,14:00,300,AI Optimization Engine,1,97.0,Partial Conflict
HIST-01668,BLK-01668,COR-014,2026-09-23,16:00,120,AI Optimization Engine,0,92.3,Executed Cleanly
HIST-01669,BLK-01669,COR-048,2026-09-21,11:30,240,Manual Rule-Based,6,63.6,Cancelled
HIST-01670,BLK-01670,COR-027,2026-09-09,23:00,240,AI Optimization Engine,1,96.2,Partial Conflict
HIST-01671,BLK-01671,COR-028,2026-09-21,19:00,240,AI Optimization Engine,1,87.5,Partial Conflict
HIST-01672,BLK-01672,COR-065,2026-09-27,05:30,300,Manual Rule-Based,4,67.3,Cancelled
HIST-01673,BLK-01673,COR-069,2026-09-23,20:30,180,AI Optimization Engine,0,87.5,Executed Cleanly
HIST-01674,BLK-01674,COR-097,2026-09-14,10:45,240,AI Optimization Engine,1,91.9,Partial Conflict
HIST-01675,BLK-01675,COR-027,2026-09-29,05:15,300,Manual Rule-Based,6,60.1,Cancelled
HIST-01676,BLK-01676,COR-033,2026-09-20,20:15,360,Manual Rule-Based,3,72.3,Partial Conflict
HIST-01677,BLK-01677,COR-070,2026-09-18,07:00,300,AI Optimization Engine,1,97.1,Partial Conflict
HIST-01678,BLK-01678,COR-093,2026-09-23,03:30,360,Manual Rule-Based,8,71.9,Cancelled
HIST-01679,BLK-01679,COR-073,2026-09-27,02:45,120,AI Optimization Engine,1,95.7,Partial Conflict
HIST-01680,BLK-01680,COR-097,2026-09-10,05:15,60,AI Optimization Engine,0,89.0,Executed Cleanly
HIST-01681,BLK-01681,COR-024,2026-09-14,20:00,240,AI Optimization Engine,1,93.9,Partial Conflict
HIST-01682,BLK-01682,COR-013,2026-09-21,17:30,300,Manual Rule-Based,8,64.6,Cancelled
HIST-01683,BLK-01683,COR-061,2026-09-15,08:15,360,AI Optimization Engine,0,92.6,Executed Cleanly
HIST-01684,BLK-01684,COR-051,2026-09-27,07:45,360,AI Optimization Engine,1,96.7,Partial Conflict
HIST-01685,BLK-01685,COR-060,2026-09-13,11:15,300,AI Optimization Engine,1,87.2,Partial Conflict
HIST-01686,BLK-01686,COR-028,2026-09-13,11:00,180,AI Optimization Engine,1,94.3,Partial Conflict
HIST-01687,BLK-01687,COR-096,2026-09-17,10:30,180,AI Optimization Engine,1,94.1,Partial Conflict
HIST-01688,BLK-01688,COR-015,2026-09-27,16:15,360,Manual Rule-Based,8,70.2,Cancelled
HIST-01689,BLK-01689,COR-032,2026-09-20,20:45,60,Manual Rule-Based,7,63.8,Cancelled
HIST-01690,BLK-01690,COR-002,2026-09-20,00:45,300,AI Optimization Engine,0,88.1,Executed Cleanly
HIST-01691,BLK-01691,COR-024,2026-09-10,09:45,120,AI Optimization Engine,1,88.2,Partial Conflict
HIST-01692,BLK-01692,COR-011,2026-09-20,20:45,360,Manual Rule-Based,8,71.8,Cancelled
HIST-01693,BLK-01693,COR-049,2026-09-22,00:45,240,Manual Rule-Based,4,72.5,Cancelled
HIST-01694,BLK-01694,COR-094,2026-09-12,16:15,60,Manual Rule-Based,7,60.6,Cancelled
HIST-01695,BLK-01695,COR-049,2026-09-21,12:30,240,AI Optimization Engine,0,92.5,Executed Cleanly
HIST-01696,BLK-01696,COR-073,2026-09-21,13:45,240,AI Optimization Engine,0,88.7,Executed Cleanly
HIST-01697,BLK-01697,COR-074,2026-09-26,12:15,180,AI Optimization Engine,0,88.6,Executed Cleanly
HIST-01698,BLK-01698,COR-066,2026-09-10,23:45,60,Manual Rule-Based,8,65.5,Cancelled
HIST-01699,BLK-01699,COR-024,2026-09-21,14:15,120,AI Optimization Engine,1,96.1,Partial Conflict
HIST-01700,BLK-01700,COR-001,2026-09-25,06:00,240,Manual Rule-Based,7,71.4,Cancelled
HIST-01701,BLK-01701,COR-076,2026-09-22,17:00,120,Manual Rule-Based,6,63.6,Cancelled
HIST-01702,BLK-01702,COR-075,2026-09-28,16:00,180,AI Optimization Engine,0,91.2,Executed Cleanly
HIST-01703,BLK-01703,COR-095,2026-09-17,01:30,180,Manual Rule-Based,5,68.8,Cancelled
HIST-01704,BLK-01704,COR-034,2026-09-24,11:15,360,Manual Rule-Based,5,69.4,Cancelled
HIST-01705,BLK-01705,COR-058,2026-09-24,03:45,60,Manual Rule-Based,7,69.8,Cancelled
HIST-01706,BLK-01706,COR-003,2026-09-09,10:15,360,AI Optimization Engine,1,92.0,Partial Conflict
HIST-01707,BLK-01707,COR-042,2026-09-28,16:30,120,AI Optimization Engine,0,88.4,Executed Cleanly
HIST-01708,BLK-01708,COR-008,2026-09-24,08:00,360,AI Optimization Engine,0,95.6,Executed Cleanly
HIST-01709,BLK-01709,COR-001,2026-09-09,18:15,60,Manual Rule-Based,3,63.9,Partial Conflict
HIST-01710,BLK-01710,COR-046,2026-09-12,14:45,360,Manual Rule-Based,6,67.2,Cancelled
HIST-01711,BLK-01711,COR-021,2026-09-12,14:30,60,Manual Rule-Based,8,73.3,Cancelled
HIST-01712,BLK-01712,COR-081,2026-09-13,16:15,240,AI Optimization Engine,1,89.5,Partial Conflict
HIST-01713,BLK-01713,COR-029,2026-09-26,23:00,60,Manual Rule-Based,6,69.0,Cancelled
HIST-01714,BLK-01714,COR-093,2026-09-09,08:45,180,Manual Rule-Based,8,68.9,Cancelled
HIST-01715,BLK-01715,COR-069,2026-09-29,01:00,120,Manual Rule-Based,5,74.7,Cancelled
HIST-01716,BLK-01716,COR-019,2026-09-21,21:30,180,AI Optimization Engine,1,87.3,Partial Conflict
HIST-01717,BLK-01717,COR-047,2026-09-21,17:45,240,AI Optimization Engine,0,92.1,Executed Cleanly
HIST-01718,BLK-01718,COR-063,2026-09-19,22:45,240,Manual Rule-Based,5,63.0,Cancelled
HIST-01719,BLK-01719,COR-066,2026-09-13,16:45,240,AI Optimization Engine,0,92.1,Executed Cleanly
HIST-01720,BLK-01720,COR-053,2026-09-09,21:15,120,Manual Rule-Based,8,66.6,Cancelled
HIST-01721,BLK-01721,COR-047,2026-09-11,02:45,180,Manual Rule-Based,5,67.6,Cancelled
HIST-01722,BLK-01722,COR-027,2026-09-10,02:15,180,Manual Rule-Based,3,62.6,Partial Conflict
HIST-01723,BLK-01723,COR-078,2026-09-21,08:30,240,Manual Rule-Based,5,74.2,Cancelled
HIST-01724,BLK-01724,COR-013,2026-09-10,02:00,360,Manual Rule-Based,3,64.6,Partial Conflict
HIST-01725,BLK-01725,COR-029,2026-09-12,01:15,240,Manual Rule-Based,8,63.4,Cancelled
HIST-01726,BLK-01726,COR-052,2026-09-19,12:15,120,Manual Rule-Based,4,73.8,Cancelled
HIST-01727,BLK-01727,COR-026,2026-09-29,02:15,180,AI Optimization Engine,1,95.1,Partial Conflict
HIST-01728,BLK-01728,COR-031,2026-09-25,20:00,360,Manual Rule-Based,6,63.3,Cancelled
HIST-01729,BLK-01729,COR-071,2026-09-16,20:15,180,Manual Rule-Based,6,63.7,Cancelled
HIST-01730,BLK-01730,COR-031,2026-09-16,16:30,180,AI Optimization Engine,1,86.0,Partial Conflict
HIST-01731,BLK-01731,COR-088,2026-09-24,06:00,120,Manual Rule-Based,4,75.4,Cancelled
HIST-01732,BLK-01732,COR-002,2026-09-13,07:00,180,AI Optimization Engine,0,86.1,Executed Cleanly
HIST-01733,BLK-01733,COR-061,2026-09-15,16:15,300,Manual Rule-Based,3,72.0,Partial Conflict
HIST-01734,BLK-01734,COR-020,2026-09-18,11:15,120,Manual Rule-Based,7,65.9,Cancelled
HIST-01735,BLK-01735,COR-044,2026-09-23,02:45,180,Manual Rule-Based,7,68.9,Cancelled
HIST-01736,BLK-01736,COR-046,2026-09-18,06:45,120,AI Optimization Engine,1,93.1,Partial Conflict
HIST-01737,BLK-01737,COR-021,2026-09-25,10:15,360,Manual Rule-Based,5,61.9,Cancelled
HIST-01738,BLK-01738,COR-034,2026-09-09,22:30,180,Manual Rule-Based,3,66.5,Partial Conflict
HIST-01739,BLK-01739,COR-012,2026-09-22,07:30,240,Manual Rule-Based,6,71.9,Cancelled
HIST-01740,BLK-01740,COR-047,2026-09-24,10:15,360,Manual Rule-Based,4,63.5,Cancelled
HIST-01741,BLK-01741,COR-037,2026-09-17,23:00,240,Manual Rule-Based,6,68.4,Cancelled
HIST-01742,BLK-01742,COR-041,2026-09-16,15:15,120,Manual Rule-Based,7,72.3,Cancelled
HIST-01743,BLK-01743,COR-052,2026-09-25,18:00,60,Manual Rule-Based,8,62.9,Cancelled
HIST-01744,BLK-01744,COR-064,2026-09-28,11:30,300,AI Optimization Engine,1,87.5,Partial Conflict
HIST-01745,BLK-01745,COR-096,2026-09-22,19:45,120,AI Optimization Engine,1,89.4,Partial Conflict
HIST-01746,BLK-01746,COR-098,2026-09-11,01:30,60,AI Optimization Engine,1,96.8,Partial Conflict
HIST-01747,BLK-01747,COR-003,2026-09-19,17:00,300,Manual Rule-Based,3,66.2,Partial Conflict
HIST-01748,BLK-01748,COR-046,2026-09-22,07:00,240,Manual Rule-Based,3,63.8,Partial Conflict
HIST-01749,BLK-01749,COR-062,2026-09-11,20:00,240,AI Optimization Engine,1,93.2,Partial Conflict
HIST-01750,BLK-01750,COR-039,2026-09-19,21:45,120,AI Optimization Engine,1,86.7,Partial Conflict
HIST-01751,BLK-01751,COR-088,2026-09-23,23:45,120,Manual Rule-Based,3,70.7,Partial Conflict
HIST-01752,BLK-01752,COR-002,2026-09-19,23:00,240,Manual Rule-Based,8,73.7,Cancelled
HIST-01753,BLK-01753,COR-054,2026-09-15,03:00,120,AI Optimization Engine,1,86.2,Partial Conflict
HIST-01754,BLK-01754,COR-086,2026-09-20,19:00,300,Manual Rule-Based,5,73.6,Cancelled
HIST-01755,BLK-01755,COR-001,2026-09-28,13:45,180,AI Optimization Engine,0,86.6,Executed Cleanly
HIST-01756,BLK-01756,COR-055,2026-09-25,18:45,120,Manual Rule-Based,5,64.9,Cancelled
HIST-01757,BLK-01757,COR-091,2026-09-15,09:30,180,Manual Rule-Based,8,68.0,Cancelled
HIST-01758,BLK-01758,COR-062,2026-09-29,18:45,120,AI Optimization Engine,0,93.2,Executed Cleanly
HIST-01759,BLK-01759,COR-014,2026-09-23,12:45,180,AI Optimization Engine,0,89.0,Executed Cleanly
HIST-01760,BLK-01760,COR-022,2026-09-23,10:30,360,Manual Rule-Based,7,64.0,Cancelled
HIST-01761,BLK-01761,COR-048,2026-09-11,13:00,120,Manual Rule-Based,6,68.5,Cancelled
HIST-01762,BLK-01762,COR-035,2026-09-10,03:45,360,Manual Rule-Based,8,72.6,Cancelled
HIST-01763,BLK-01763,COR-052,2026-09-14,09:30,180,AI Optimization Engine,0,85.7,Executed Cleanly
HIST-01764,BLK-01764,COR-059,2026-09-15,04:30,120,Manual Rule-Based,8,67.2,Cancelled
HIST-01765,BLK-01765,COR-031,2026-09-18,16:45,360,Manual Rule-Based,5,73.5,Cancelled
HIST-01766,BLK-01766,COR-014,2026-09-24,22:30,240,AI Optimization Engine,1,96.6,Partial Conflict
HIST-01767,BLK-01767,COR-050,2026-09-27,15:45,180,AI Optimization Engine,1,96.8,Partial Conflict
HIST-01768,BLK-01768,COR-083,2026-09-22,09:15,60,Manual Rule-Based,8,70.1,Cancelled
HIST-01769,BLK-01769,COR-058,2026-09-19,01:15,360,Manual Rule-Based,7,71.9,Cancelled
HIST-01770,BLK-01770,COR-022,2026-09-18,12:00,60,AI Optimization Engine,1,96.0,Partial Conflict
HIST-01771,BLK-01771,COR-100,2026-09-17,17:45,60,AI Optimization Engine,0,88.9,Executed Cleanly
HIST-01772,BLK-01772,COR-021,2026-09-17,15:30,60,AI Optimization Engine,0,85.2,Executed Cleanly
HIST-01773,BLK-01773,COR-084,2026-09-19,20:45,300,AI Optimization Engine,1,85.7,Partial Conflict
HIST-01774,BLK-01774,COR-075,2026-09-17,04:45,300,Manual Rule-Based,5,73.5,Cancelled
HIST-01775,BLK-01775,COR-032,2026-09-11,10:30,120,AI Optimization Engine,1,93.4,Partial Conflict
HIST-01776,BLK-01776,COR-035,2026-09-19,18:45,360,Manual Rule-Based,3,60.1,Partial Conflict
HIST-01777,BLK-01777,COR-016,2026-09-21,12:45,60,AI Optimization Engine,0,86.5,Executed Cleanly
HIST-01778,BLK-01778,COR-002,2026-09-23,19:15,60,Manual Rule-Based,5,69.1,Cancelled
HIST-01779,BLK-01779,COR-051,2026-09-21,15:15,180,Manual Rule-Based,3,70.3,Partial Conflict
HIST-01780,BLK-01780,COR-086,2026-09-24,15:00,360,Manual Rule-Based,8,61.9,Cancelled
HIST-01781,BLK-01781,COR-004,2026-09-23,08:45,120,Manual Rule-Based,5,70.2,Cancelled
HIST-01782,BLK-01782,COR-046,2026-09-13,15:15,300,AI Optimization Engine,0,86.7,Executed Cleanly
HIST-01783,BLK-01783,COR-031,2026-09-20,16:00,360,AI Optimization Engine,0,87.4,Executed Cleanly
HIST-01784,BLK-01784,COR-089,2026-09-12,10:30,240,AI Optimization Engine,1,85.4,Partial Conflict
HIST-01785,BLK-01785,COR-095,2026-09-09,08:00,240,AI Optimization Engine,1,89.8,Partial Conflict
HIST-01786,BLK-01786,COR-031,2026-09-22,16:15,360,Manual Rule-Based,4,70.5,Cancelled
HIST-01787,BLK-01787,COR-056,2026-09-14,07:15,300,AI Optimization Engine,0,97.1,Executed Cleanly
HIST-01788,BLK-01788,COR-090,2026-09-22,01:30,120,AI Optimization Engine,1,92.8,Partial Conflict
HIST-01789,BLK-01789,COR-047,2026-09-13,03:45,360,AI Optimization Engine,1,94.6,Partial Conflict
HIST-01790,BLK-01790,COR-002,2026-09-12,15:45,300,Manual Rule-Based,5,72.1,Cancelled
HIST-01791,BLK-01791,COR-025,2026-09-20,13:00,60,AI Optimization Engine,0,87.8,Executed Cleanly
HIST-01792,BLK-01792,COR-077,2026-09-09,04:45,360,AI Optimization Engine,1,87.3,Partial Conflict
HIST-01793,BLK-01793,COR-044,2026-09-17,10:00,240,Manual Rule-Based,5,70.7,Cancelled
HIST-01794,BLK-01794,COR-079,2026-09-11,08:45,300,AI Optimization Engine,1,85.5,Partial Conflict
HIST-01795,BLK-01795,COR-060,2026-09-09,17:15,180,AI Optimization Engine,1,90.3,Partial Conflict
HIST-01796,BLK-01796,COR-085,2026-09-18,15:30,240,AI Optimization Engine,1,85.6,Partial Conflict
HIST-01797,BLK-01797,COR-028,2026-09-11,07:45,180,AI Optimization Engine,1,88.3,Partial Conflict
HIST-01798,BLK-01798,COR-012,2026-09-09,20:15,240,AI Optimization Engine,0,90.3,Executed Cleanly
HIST-01799,BLK-01799,COR-037,2026-09-28,03:30,300,AI Optimization Engine,1,91.4,Partial Conflict
HIST-01800,BLK-01800,COR-059,2026-09-09,13:00,180,AI Optimization Engine,1,91.3,Partial Conflict
HIST-01801,BLK-01801,COR-080,2026-09-28,04:45,360,Manual Rule-Based,5,71.6,Cancelled
HIST-01802,BLK-01802,COR-012,2026-09-19,11:00,360,Manual Rule-Based,4,75.8,Cancelled
HIST-01803,BLK-01803,COR-040,2026-09-26,22:00,240,Manual Rule-Based,7,63.2,Cancelled
HIST-01804,BLK-01804,COR-058,2026-09-11,20:15,240,AI Optimization Engine,1,94.7,Partial Conflict
HIST-01805,BLK-01805,COR-089,2026-09-15,15:00,60,AI Optimization Engine,1,95.9,Partial Conflict
HIST-01806,BLK-01806,COR-062,2026-09-18,00:00,180,AI Optimization Engine,0,95.7,Executed Cleanly
HIST-01807,BLK-01807,COR-075,2026-09-10,04:45,120,AI Optimization Engine,1,92.8,Partial Conflict
HIST-01808,BLK-01808,COR-059,2026-09-19,23:45,60,AI Optimization Engine,1,90.3,Partial Conflict
HIST-01809,BLK-01809,COR-054,2026-09-17,21:30,360,Manual Rule-Based,8,72.9,Cancelled
HIST-01810,BLK-01810,COR-089,2026-09-25,11:45,300,AI Optimization Engine,0,87.3,Executed Cleanly
HIST-01811,BLK-01811,COR-002,2026-09-28,00:30,300,AI Optimization Engine,1,95.3,Partial Conflict
HIST-01812,BLK-01812,COR-005,2026-09-14,00:30,240,Manual Rule-Based,4,66.4,Cancelled
HIST-01813,BLK-01813,COR-062,2026-09-26,11:30,240,AI Optimization Engine,0,93.0,Executed Cleanly
HIST-01814,BLK-01814,COR-053,2026-09-20,05:45,360,Manual Rule-Based,7,69.2,Cancelled
HIST-01815,BLK-01815,COR-028,2026-09-29,08:30,300,AI Optimization Engine,0,96.1,Executed Cleanly
HIST-01816,BLK-01816,COR-039,2026-09-10,15:15,120,Manual Rule-Based,7,70.9,Cancelled
HIST-01817,BLK-01817,COR-074,2026-09-11,03:30,120,AI Optimization Engine,1,92.3,Partial Conflict
HIST-01818,BLK-01818,COR-051,2026-09-29,03:45,360,AI Optimization Engine,0,96.3,Executed Cleanly
HIST-01819,BLK-01819,COR-087,2026-09-21,19:45,300,AI Optimization Engine,1,85.7,Partial Conflict
HIST-01820,BLK-01820,COR-012,2026-09-20,15:15,360,AI Optimization Engine,0,94.5,Executed Cleanly
HIST-01821,BLK-01821,COR-004,2026-09-13,20:45,180,Manual Rule-Based,7,68.4,Cancelled
HIST-01822,BLK-01822,COR-015,2026-09-12,13:30,240,AI Optimization Engine,1,87.3,Partial Conflict
HIST-01823,BLK-01823,COR-025,2026-09-15,18:00,180,AI Optimization Engine,0,90.6,Executed Cleanly
HIST-01824,BLK-01824,COR-090,2026-09-27,19:15,180,Manual Rule-Based,7,71.7,Cancelled
HIST-01825,BLK-01825,COR-083,2026-09-18,14:30,360,AI Optimization Engine,1,88.2,Partial Conflict
HIST-01826,BLK-01826,COR-043,2026-09-19,20:00,60,AI Optimization Engine,1,92.7,Partial Conflict
HIST-01827,BLK-01827,COR-027,2026-09-25,06:30,360,Manual Rule-Based,8,72.2,Cancelled
HIST-01828,BLK-01828,COR-071,2026-09-18,14:00,300,AI Optimization Engine,1,88.1,Partial Conflict
HIST-01829,BLK-01829,COR-073,2026-09-27,13:00,60,AI Optimization Engine,0,87.2,Executed Cleanly
HIST-01830,BLK-01830,COR-022,2026-09-12,14:15,180,AI Optimization Engine,1,85.7,Partial Conflict
HIST-01831,BLK-01831,COR-054,2026-09-24,23:15,240,AI Optimization Engine,0,87.8,Executed Cleanly
HIST-01832,BLK-01832,COR-001,2026-09-16,18:00,300,Manual Rule-Based,3,64.1,Partial Conflict
HIST-01833,BLK-01833,COR-075,2026-09-17,02:00,240,AI Optimization Engine,1,92.6,Partial Conflict
HIST-01834,BLK-01834,COR-091,2026-09-22,18:00,240,AI Optimization Engine,1,87.2,Partial Conflict
HIST-01835,BLK-01835,COR-046,2026-09-29,00:15,180,AI Optimization Engine,1,90.7,Partial Conflict
HIST-01836,BLK-01836,COR-032,2026-09-13,07:00,120,Manual Rule-Based,7,71.0,Cancelled
HIST-01837,BLK-01837,COR-067,2026-09-28,20:30,120,AI Optimization Engine,1,90.1,Partial Conflict
HIST-01838,BLK-01838,COR-060,2026-09-20,21:45,60,AI Optimization Engine,0,94.3,Executed Cleanly
HIST-01839,BLK-01839,COR-018,2026-09-13,03:45,180,AI Optimization Engine,0,85.4,Executed Cleanly
HIST-01840,BLK-01840,COR-050,2026-09-29,10:15,240,Manual Rule-Based,8,67.7,Cancelled
HIST-01841,BLK-01841,COR-028,2026-09-15,12:30,360,AI Optimization Engine,0,96.3,Executed Cleanly
HIST-01842,BLK-01842,COR-039,2026-09-20,13:30,120,AI Optimization Engine,0,88.6,Executed Cleanly
HIST-01843,BLK-01843,COR-078,2026-09-22,22:15,60,Manual Rule-Based,6,74.2,Cancelled
HIST-01844,BLK-01844,COR-039,2026-09-25,00:00,360,AI Optimization Engine,1,89.5,Partial Conflict
HIST-01845,BLK-01845,COR-028,2026-09-20,15:45,180,Manual Rule-Based,7,71.9,Cancelled
HIST-01846,BLK-01846,COR-076,2026-09-22,18:30,240,AI Optimization Engine,0,96.3,Executed Cleanly
HIST-01847,BLK-01847,COR-067,2026-09-09,17:00,360,Manual Rule-Based,6,66.1,Cancelled
HIST-01848,BLK-01848,COR-017,2026-09-14,20:15,120,Manual Rule-Based,6,71.1,Cancelled
HIST-01849,BLK-01849,COR-085,2026-09-16,21:45,360,AI Optimization Engine,0,87.4,Executed Cleanly
HIST-01850,BLK-01850,COR-020,2026-09-22,23:15,180,Manual Rule-Based,4,65.9,Cancelled
HIST-01851,BLK-01851,COR-010,2026-09-15,11:45,60,Manual Rule-Based,3,71.5,Partial Conflict
HIST-01852,BLK-01852,COR-083,2026-09-25,07:45,180,Manual Rule-Based,5,72.6,Cancelled
HIST-01853,BLK-01853,COR-080,2026-09-10,09:15,60,AI Optimization Engine,0,97.3,Executed Cleanly
HIST-01854,BLK-01854,COR-094,2026-09-27,01:15,300,AI Optimization Engine,1,87.5,Partial Conflict
HIST-01855,BLK-01855,COR-004,2026-09-27,00:00,120,Manual Rule-Based,7,70.4,Cancelled
HIST-01856,BLK-01856,COR-010,2026-09-28,10:45,300,Manual Rule-Based,3,67.2,Partial Conflict
HIST-01857,BLK-01857,COR-035,2026-09-09,19:45,120,AI Optimization Engine,0,94.1,Executed Cleanly
HIST-01858,BLK-01858,COR-045,2026-09-10,09:45,120,Manual Rule-Based,3,61.6,Partial Conflict
HIST-01859,BLK-01859,COR-051,2026-09-16,21:30,180,AI Optimization Engine,1,97.2,Partial Conflict
HIST-01860,BLK-01860,COR-016,2026-09-13,01:45,60,Manual Rule-Based,5,71.5,Cancelled
HIST-01861,BLK-01861,COR-051,2026-09-16,08:15,120,AI Optimization Engine,1,85.3,Partial Conflict
HIST-01862,BLK-01862,COR-051,2026-09-27,02:00,240,Manual Rule-Based,6,71.4,Cancelled
HIST-01863,BLK-01863,COR-093,2026-09-25,15:00,300,AI Optimization Engine,0,88.8,Executed Cleanly
HIST-01864,BLK-01864,COR-098,2026-09-19,07:15,360,Manual Rule-Based,5,61.5,Cancelled
HIST-01865,BLK-01865,COR-070,2026-09-20,12:30,60,AI Optimization Engine,0,85.3,Executed Cleanly
HIST-01866,BLK-01866,COR-043,2026-09-18,09:30,360,AI Optimization Engine,1,90.7,Partial Conflict
HIST-01867,BLK-01867,COR-038,2026-09-17,00:45,360,AI Optimization Engine,1,96.7,Partial Conflict
HIST-01868,BLK-01868,COR-035,2026-09-19,03:00,300,AI Optimization Engine,0,89.7,Executed Cleanly
HIST-01869,BLK-01869,COR-097,2026-09-28,10:45,120,AI Optimization Engine,1,86.5,Partial Conflict
HIST-01870,BLK-01870,COR-017,2026-09-25,18:00,240,AI Optimization Engine,0,88.4,Executed Cleanly
HIST-01871,BLK-01871,COR-010,2026-09-18,20:30,120,Manual Rule-Based,4,72.4,Cancelled
HIST-01872,BLK-01872,COR-043,2026-09-16,07:15,60,AI Optimization Engine,1,95.8,Partial Conflict
HIST-01873,BLK-01873,COR-094,2026-09-10,20:30,300,Manual Rule-Based,4,72.1,Cancelled
HIST-01874,BLK-01874,COR-022,2026-09-25,23:15,300,Manual Rule-Based,6,71.2,Cancelled
HIST-01875,BLK-01875,COR-097,2026-09-10,01:30,120,AI Optimization Engine,1,91.8,Partial Conflict
HIST-01876,BLK-01876,COR-080,2026-09-17,16:30,300,Manual Rule-Based,4,60.3,Cancelled
HIST-01877,BLK-01877,COR-006,2026-09-18,19:45,360,AI Optimization Engine,1,95.1,Partial Conflict
HIST-01878,BLK-01878,COR-092,2026-09-10,21:15,120,Manual Rule-Based,6,65.8,Cancelled
HIST-01879,BLK-01879,COR-020,2026-09-10,05:15,240,Manual Rule-Based,4,68.3,Cancelled
HIST-01880,BLK-01880,COR-040,2026-09-21,23:00,180,Manual Rule-Based,8,63.3,Cancelled
HIST-01881,BLK-01881,COR-046,2026-09-25,16:30,360,Manual Rule-Based,3,69.8,Partial Conflict
HIST-01882,BLK-01882,COR-087,2026-09-28,15:00,240,AI Optimization Engine,0,97.1,Executed Cleanly
HIST-01883,BLK-01883,COR-048,2026-09-11,06:00,120,AI Optimization Engine,0,85.6,Executed Cleanly
HIST-01884,BLK-01884,COR-034,2026-09-22,23:15,60,Manual Rule-Based,3,71.8,Partial Conflict
HIST-01885,BLK-01885,COR-098,2026-09-11,21:45,300,AI Optimization Engine,1,94.5,Partial Conflict
HIST-01886,BLK-01886,COR-016,2026-09-14,01:00,360,AI Optimization Engine,0,87.4,Executed Cleanly
HIST-01887,BLK-01887,COR-088,2026-09-26,14:15,180,AI Optimization Engine,1,95.5,Partial Conflict
HIST-01888,BLK-01888,COR-073,2026-09-27,18:15,120,Manual Rule-Based,8,66.7,Cancelled
HIST-01889,BLK-01889,COR-088,2026-09-24,14:00,360,Manual Rule-Based,5,72.4,Cancelled
HIST-01890,BLK-01890,COR-051,2026-09-23,13:15,180,AI Optimization Engine,1,90.2,Partial Conflict
HIST-01891,BLK-01891,COR-029,2026-09-17,21:00,60,Manual Rule-Based,5,61.5,Cancelled
HIST-01892,BLK-01892,COR-055,2026-09-21,23:30,180,AI Optimization Engine,0,86.9,Executed Cleanly
HIST-01893,BLK-01893,COR-087,2026-09-22,00:30,300,AI Optimization Engine,0,89.4,Executed Cleanly
HIST-01894,BLK-01894,COR-056,2026-09-10,06:45,360,Manual Rule-Based,7,68.4,Cancelled
HIST-01895,BLK-01895,COR-028,2026-09-29,08:45,240,Manual Rule-Based,4,72.8,Cancelled
HIST-01896,BLK-01896,COR-027,2026-09-12,04:00,60,Manual Rule-Based,4,63.6,Cancelled
HIST-01897,BLK-01897,COR-001,2026-09-13,05:00,180,AI Optimization Engine,1,90.2,Partial Conflict
HIST-01898,BLK-01898,COR-081,2026-09-20,20:30,300,AI Optimization Engine,0,94.2,Executed Cleanly
HIST-01899,BLK-01899,COR-061,2026-09-14,13:15,300,Manual Rule-Based,6,68.3,Cancelled
HIST-01900,BLK-01900,COR-006,2026-09-25,10:30,360,AI Optimization Engine,1,94.5,Partial Conflict
HIST-01901,BLK-01901,COR-041,2026-09-19,22:45,360,AI Optimization Engine,1,95.4,Partial Conflict
HIST-01902,BLK-01902,COR-033,2026-09-27,17:15,60,AI Optimization Engine,0,97.2,Executed Cleanly
HIST-01903,BLK-01903,COR-054,2026-09-14,09:30,300,AI Optimization Engine,1,93.0,Partial Conflict
HIST-01904,BLK-01904,COR-021,2026-09-29,19:45,300,AI Optimization Engine,1,85.5,Partial Conflict
HIST-01905,BLK-01905,COR-033,2026-09-22,12:00,180,AI Optimization Engine,1,96.9,Partial Conflict
HIST-01906,BLK-01906,COR-039,2026-09-20,08:45,240,Manual Rule-Based,6,60.4,Cancelled
HIST-01907,BLK-01907,COR-027,2026-09-14,04:30,120,AI Optimization Engine,1,90.2,Partial Conflict
HIST-01908,BLK-01908,COR-094,2026-09-15,21:00,60,AI Optimization Engine,1,85.3,Partial Conflict
HIST-01909,BLK-01909,COR-004,2026-09-28,23:00,120,Manual Rule-Based,4,75.2,Cancelled
HIST-01910,BLK-01910,COR-080,2026-09-19,20:30,240,Manual Rule-Based,5,62.6,Cancelled
HIST-01911,BLK-01911,COR-050,2026-09-19,12:45,360,AI Optimization Engine,0,89.1,Executed Cleanly
HIST-01912,BLK-01912,COR-064,2026-09-12,03:30,60,AI Optimization Engine,1,87.0,Partial Conflict
HIST-01913,BLK-01913,COR-056,2026-09-15,07:00,60,AI Optimization Engine,0,86.6,Executed Cleanly
HIST-01914,BLK-01914,COR-010,2026-09-29,05:00,120,AI Optimization Engine,1,90.3,Partial Conflict
HIST-01915,BLK-01915,COR-001,2026-09-10,12:45,300,AI Optimization Engine,0,88.0,Executed Cleanly
HIST-01916,BLK-01916,COR-094,2026-09-18,09:30,300,AI Optimization Engine,1,89.7,Partial Conflict
HIST-01917,BLK-01917,COR-023,2026-09-25,21:30,120,AI Optimization Engine,1,95.6,Partial Conflict
HIST-01918,BLK-01918,COR-086,2026-09-27,19:30,180,AI Optimization Engine,0,87.8,Executed Cleanly
HIST-01919,BLK-01919,COR-044,2026-09-23,19:15,360,Manual Rule-Based,5,70.8,Cancelled
HIST-01920,BLK-01920,COR-027,2026-09-23,04:00,120,Manual Rule-Based,6,68.5,Cancelled
HIST-01921,BLK-01921,COR-044,2026-09-28,05:30,60,AI Optimization Engine,1,87.0,Partial Conflict
HIST-01922,BLK-01922,COR-030,2026-09-28,15:45,360,AI Optimization Engine,0,90.6,Executed Cleanly
HIST-01923,BLK-01923,COR-025,2026-09-25,13:00,180,AI Optimization Engine,1,86.8,Partial Conflict
HIST-01924,BLK-01924,COR-047,2026-09-14,23:15,360,AI Optimization Engine,1,86.9,Partial Conflict
HIST-01925,BLK-01925,COR-065,2026-09-22,18:45,300,AI Optimization Engine,0,94.2,Executed Cleanly
HIST-01926,BLK-01926,COR-032,2026-09-13,08:45,240,Manual Rule-Based,5,75.2,Cancelled
HIST-01927,BLK-01927,COR-062,2026-09-21,00:15,120,Manual Rule-Based,4,75.6,Cancelled
HIST-01928,BLK-01928,COR-048,2026-09-17,14:15,300,AI Optimization Engine,0,92.8,Executed Cleanly
HIST-01929,BLK-01929,COR-073,2026-09-13,05:00,60,AI Optimization Engine,0,95.1,Executed Cleanly
HIST-01930,BLK-01930,COR-016,2026-09-09,08:15,240,Manual Rule-Based,7,67.7,Cancelled
HIST-01931,BLK-01931,COR-041,2026-09-22,18:30,360,Manual Rule-Based,4,70.0,Cancelled
HIST-01932,BLK-01932,COR-010,2026-09-23,16:45,360,Manual Rule-Based,7,68.7,Cancelled
HIST-01933,BLK-01933,COR-066,2026-09-28,21:45,120,Manual Rule-Based,3,63.4,Partial Conflict
HIST-01934,BLK-01934,COR-065,2026-09-12,06:15,300,Manual Rule-Based,4,71.8,Cancelled
HIST-01935,BLK-01935,COR-031,2026-09-14,05:00,120,Manual Rule-Based,5,66.3,Cancelled
HIST-01936,BLK-01936,COR-073,2026-09-17,11:45,360,AI Optimization Engine,1,95.6,Partial Conflict
HIST-01937,BLK-01937,COR-052,2026-09-13,03:45,240,Manual Rule-Based,8,60.6,Cancelled
HIST-01938,BLK-01938,COR-076,2026-09-21,03:15,60,Manual Rule-Based,6,71.5,Cancelled
HIST-01939,BLK-01939,COR-006,2026-09-17,17:30,120,AI Optimization Engine,1,90.4,Partial Conflict
HIST-01940,BLK-01940,COR-057,2026-09-22,20:00,180,AI Optimization Engine,1,91.7,Partial Conflict
HIST-01941,BLK-01941,COR-057,2026-09-15,08:00,300,AI Optimization Engine,0,96.2,Executed Cleanly
HIST-01942,BLK-01942,COR-034,2026-09-24,17:00,180,Manual Rule-Based,7,60.3,Cancelled
HIST-01943,BLK-01943,COR-097,2026-09-15,06:30,240,Manual Rule-Based,8,75.9,Cancelled
HIST-01944,BLK-01944,COR-075,2026-09-14,13:30,180,AI Optimization Engine,1,86.6,Partial Conflict
HIST-01945,BLK-01945,COR-055,2026-09-27,14:45,300,Manual Rule-Based,4,72.9,Cancelled
HIST-01946,BLK-01946,COR-009,2026-09-22,03:00,360,AI Optimization Engine,0,93.9,Executed Cleanly
HIST-01947,BLK-01947,COR-047,2026-09-29,23:45,300,AI Optimization Engine,1,89.4,Partial Conflict
HIST-01948,BLK-01948,COR-018,2026-09-29,16:30,180,Manual Rule-Based,4,73.0,Cancelled
HIST-01949,BLK-01949,COR-012,2026-09-25,22:45,180,Manual Rule-Based,3,68.3,Partial Conflict
HIST-01950,BLK-01950,COR-060,2026-09-18,07:45,60,AI Optimization Engine,0,91.2,Executed Cleanly
HIST-01951,BLK-01951,COR-084,2026-09-24,16:00,180,AI Optimization Engine,1,96.2,Partial Conflict
HIST-01952,BLK-01952,COR-021,2026-09-20,12:45,360,Manual Rule-Based,5,60.4,Cancelled
HIST-01953,BLK-01953,COR-086,2026-09-20,00:15,120,AI Optimization Engine,1,88.0,Partial Conflict
HIST-01954,BLK-01954,COR-076,2026-09-25,19:30,60,AI Optimization Engine,0,95.7,Executed Cleanly
HIST-01955,BLK-01955,COR-096,2026-09-17,04:45,360,AI Optimization Engine,0,91.0,Executed Cleanly
HIST-01956,BLK-01956,COR-059,2026-09-25,18:45,60,Manual Rule-Based,3,65.8,Partial Conflict
HIST-01957,BLK-01957,COR-023,2026-09-11,01:30,240,AI Optimization Engine,0,85.7,Executed Cleanly
HIST-01958,BLK-01958,COR-027,2026-09-24,18:30,180,Manual Rule-Based,5,64.5,Cancelled
HIST-01959,BLK-01959,COR-079,2026-09-27,10:00,180,Manual Rule-Based,4,71.9,Cancelled
HIST-01960,BLK-01960,COR-032,2026-09-20,10:30,180,Manual Rule-Based,6,66.0,Cancelled
HIST-01961,BLK-01961,COR-015,2026-09-17,07:15,120,Manual Rule-Based,7,75.7,Cancelled
HIST-01962,BLK-01962,COR-063,2026-09-17,07:00,60,AI Optimization Engine,0,97.3,Executed Cleanly
HIST-01963,BLK-01963,COR-096,2026-09-21,10:45,360,AI Optimization Engine,1,89.1,Partial Conflict
HIST-01964,BLK-01964,COR-024,2026-09-26,12:00,240,AI Optimization Engine,0,95.5,Executed Cleanly
HIST-01965,BLK-01965,COR-094,2026-09-22,02:00,180,Manual Rule-Based,6,74.6,Cancelled
HIST-01966,BLK-01966,COR-068,2026-09-23,06:00,360,Manual Rule-Based,6,72.7,Cancelled
HIST-01967,BLK-01967,COR-057,2026-09-18,23:30,60,AI Optimization Engine,1,96.7,Partial Conflict
HIST-01968,BLK-01968,COR-011,2026-09-21,01:15,60,AI Optimization Engine,1,97.3,Partial Conflict
HIST-01969,BLK-01969,COR-081,2026-09-19,10:15,60,AI Optimization Engine,0,92.8,Executed Cleanly
HIST-01970,BLK-01970,COR-039,2026-09-12,00:45,180,AI Optimization Engine,1,93.7,Partial Conflict
HIST-01971,BLK-01971,COR-093,2026-09-14,22:45,240,Manual Rule-Based,8,73.9,Cancelled
HIST-01972,BLK-01972,COR-024,2026-09-10,22:00,300,AI Optimization Engine,1,95.7,Partial Conflict
HIST-01973,BLK-01973,COR-095,2026-09-13,18:00,120,Manual Rule-Based,7,64.6,Cancelled
HIST-01974,BLK-01974,COR-095,2026-09-17,20:45,360,Manual Rule-Based,8,66.7,Cancelled
HIST-01975,BLK-01975,COR-018,2026-09-20,12:30,60,Manual Rule-Based,4,65.1,Cancelled
HIST-01976,BLK-01976,COR-018,2026-09-09,02:15,120,AI Optimization Engine,0,88.2,Executed Cleanly
HIST-01977,BLK-01977,COR-029,2026-09-15,09:30,180,AI Optimization Engine,1,85.5,Partial Conflict
HIST-01978,BLK-01978,COR-043,2026-09-12,02:45,120,AI Optimization Engine,1,90.8,Partial Conflict
HIST-01979,BLK-01979,COR-055,2026-09-22,08:45,120,Manual Rule-Based,8,65.0,Cancelled
HIST-01980,BLK-01980,COR-056,2026-09-27,23:30,180,AI Optimization Engine,1,86.5,Partial Conflict
HIST-01981,BLK-01981,COR-080,2026-09-09,07:15,120,Manual Rule-Based,5,65.8,Cancelled
HIST-01982,BLK-01982,COR-063,2026-09-25,04:15,240,AI Optimization Engine,1,94.0,Partial Conflict
HIST-01983,BLK-01983,COR-035,2026-09-09,04:00,360,AI Optimization Engine,0,93.9,Executed Cleanly
HIST-01984,BLK-01984,COR-093,2026-09-11,07:15,120,AI Optimization Engine,1,88.5,Partial Conflict
HIST-01985,BLK-01985,COR-020,2026-09-21,14:00,300,AI Optimization Engine,1,96.2,Partial Conflict
HIST-01986,BLK-01986,COR-083,2026-09-09,15:15,240,AI Optimization Engine,0,85.8,Executed Cleanly
HIST-01987,BLK-01987,COR-065,2026-09-10,05:15,240,Manual Rule-Based,6,65.5,Cancelled
HIST-01988,BLK-01988,COR-076,2026-09-18,11:00,60,AI Optimization Engine,1,96.9,Partial Conflict
HIST-01989,BLK-01989,COR-051,2026-09-12,02:45,300,AI Optimization Engine,1,87.1,Partial Conflict
HIST-01990,BLK-01990,COR-049,2026-09-20,17:15,240,Manual Rule-Based,5,66.4,Cancelled
HIST-01991,BLK-01991,COR-094,2026-09-25,03:30,300,AI Optimization Engine,0,92.4,Executed Cleanly
HIST-01992,BLK-01992,COR-042,2026-09-11,16:30,240,AI Optimization Engine,0,87.5,Executed Cleanly
HIST-01993,BLK-01993,COR-059,2026-09-14,13:15,240,Manual Rule-Based,4,66.5,Cancelled
HIST-01994,BLK-01994,COR-024,2026-09-21,23:00,360,Manual Rule-Based,3,70.5,Partial Conflict
HIST-01995,BLK-01995,COR-088,2026-09-12,14:00,360,Manual Rule-Based,7,63.2,Cancelled
HIST-01996,BLK-01996,COR-015,2026-09-21,12:30,60,AI Optimization Engine,1,89.7,Partial Conflict
HIST-01997,BLK-01997,COR-028,2026-09-18,13:00,60,Manual Rule-Based,6,70.4,Cancelled
HIST-01998,BLK-01998,COR-012,2026-09-12,21:15,300,AI Optimization Engine,1,93.6,Partial Conflict
HIST-01999,BLK-01999,COR-002,2026-09-12,09:15,120,AI Optimization Engine,0,87.8,Executed Cleanly
HIST-02000,BLK-02000,COR-068,2026-09-12,17:45,240,Manual Rule-Based,6,68.8,Cancelled
HIST-02001,BLK-02001,COR-016,2026-09-09,12:15,60,Manual Rule-Based,8,66.1,Cancelled
HIST-02002,BLK-02002,COR-041,2026-09-23,21:00,120,Manual Rule-Based,7,70.9,Cancelled
HIST-02003,BLK-02003,COR-008,2026-09-23,23:15,180,AI Optimization Engine,1,86.9,Partial Conflict
HIST-02004,BLK-02004,COR-018,2026-09-10,20:00,180,AI Optimization Engine,1,86.2,Partial Conflict
HIST-02005,BLK-02005,COR-041,2026-09-26,09:00,240,Manual Rule-Based,6,75.7,Cancelled
HIST-02006,BLK-02006,COR-038,2026-09-17,16:00,240,Manual Rule-Based,3,64.9,Partial Conflict
HIST-02007,BLK-02007,COR-016,2026-09-29,19:00,180,Manual Rule-Based,5,72.7,Cancelled
HIST-02008,BLK-02008,COR-043,2026-09-10,13:45,180,Manual Rule-Based,5,69.1,Cancelled
HIST-02009,BLK-02009,COR-044,2026-09-09,18:30,120,AI Optimization Engine,0,92.8,Executed Cleanly
HIST-02010,BLK-02010,COR-091,2026-09-10,15:00,360,Manual Rule-Based,6,66.8,Cancelled
HIST-02011,BLK-02011,COR-004,2026-09-17,00:45,300,AI Optimization Engine,0,85.7,Executed Cleanly
HIST-02012,BLK-02012,COR-024,2026-09-11,05:15,240,AI Optimization Engine,0,86.1,Executed Cleanly
HIST-02013,BLK-02013,COR-002,2026-09-16,05:45,120,AI Optimization Engine,1,91.5,Partial Conflict
HIST-02014,BLK-02014,COR-024,2026-09-29,22:45,240,Manual Rule-Based,8,71.1,Cancelled
HIST-02015,BLK-02015,COR-098,2026-09-09,10:30,120,AI Optimization Engine,0,89.0,Executed Cleanly
HIST-02016,BLK-02016,COR-018,2026-09-14,00:00,120,AI Optimization Engine,0,85.5,Executed Cleanly
HIST-02017,BLK-02017,COR-068,2026-09-09,10:00,180,Manual Rule-Based,8,64.3,Cancelled
HIST-02018,BLK-02018,COR-078,2026-09-15,05:00,120,AI Optimization Engine,0,88.4,Executed Cleanly
HIST-02019,BLK-02019,COR-100,2026-09-26,12:30,240,Manual Rule-Based,7,72.5,Cancelled
HIST-02020,BLK-02020,COR-063,2026-09-27,06:15,120,AI Optimization Engine,0,90.3,Executed Cleanly
HIST-02021,BLK-02021,COR-080,2026-09-16,19:00,180,Manual Rule-Based,6,69.1,Cancelled
HIST-02022,BLK-02022,COR-061,2026-09-15,17:00,300,AI Optimization Engine,1,92.8,Partial Conflict
HIST-02023,BLK-02023,COR-050,2026-09-22,11:00,240,Manual Rule-Based,4,63.6,Cancelled
HIST-02024,BLK-02024,COR-013,2026-09-25,04:15,120,AI Optimization Engine,1,91.5,Partial Conflict
HIST-02025,BLK-02025,COR-071,2026-09-25,19:00,60,Manual Rule-Based,5,69.3,Cancelled
HIST-02026,BLK-02026,COR-078,2026-09-15,05:00,180,Manual Rule-Based,4,67.6,Cancelled
HIST-02027,BLK-02027,COR-009,2026-09-11,08:30,120,Manual Rule-Based,3,65.4,Partial Conflict
HIST-02028,BLK-02028,COR-041,2026-09-23,14:00,60,AI Optimization Engine,0,95.6,Executed Cleanly
HIST-02029,BLK-02029,COR-029,2026-09-20,08:00,180,Manual Rule-Based,6,62.6,Cancelled
HIST-02030,BLK-02030,COR-059,2026-09-10,07:00,360,AI Optimization Engine,1,91.8,Partial Conflict
HIST-02031,BLK-02031,COR-023,2026-09-23,02:15,360,AI Optimization Engine,0,96.6,Executed Cleanly
HIST-02032,BLK-02032,COR-077,2026-09-14,08:30,180,AI Optimization Engine,1,90.3,Partial Conflict
HIST-02033,BLK-02033,COR-021,2026-09-14,16:00,120,Manual Rule-Based,8,64.2,Cancelled
HIST-02034,BLK-02034,COR-046,2026-09-29,20:45,180,AI Optimization Engine,0,88.5,Executed Cleanly
HIST-02035,BLK-02035,COR-018,2026-09-09,06:45,300,AI Optimization Engine,0,89.4,Executed Cleanly
HIST-02036,BLK-02036,COR-004,2026-09-09,06:45,240,Manual Rule-Based,3,61.0,Partial Conflict
HIST-02037,BLK-02037,COR-049,2026-09-24,09:00,300,AI Optimization Engine,0,97.4,Executed Cleanly
HIST-02038,BLK-02038,COR-076,2026-09-10,22:00,60,AI Optimization Engine,1,91.0,Partial Conflict
HIST-02039,BLK-02039,COR-086,2026-09-28,08:45,240,AI Optimization Engine,1,90.3,Partial Conflict
HIST-02040,BLK-02040,COR-078,2026-09-23,07:15,300,Manual Rule-Based,8,65.8,Cancelled
HIST-02041,BLK-02041,COR-049,2026-09-16,22:45,300,AI Optimization Engine,1,93.6,Partial Conflict
HIST-02042,BLK-02042,COR-030,2026-09-19,19:00,240,AI Optimization Engine,0,91.0,Executed Cleanly
HIST-02043,BLK-02043,COR-060,2026-09-27,07:45,180,Manual Rule-Based,6,72.1,Cancelled
HIST-02044,BLK-02044,COR-095,2026-09-09,05:15,180,Manual Rule-Based,4,72.2,Cancelled
HIST-02045,BLK-02045,COR-092,2026-09-11,11:45,360,AI Optimization Engine,1,93.2,Partial Conflict
HIST-02046,BLK-02046,COR-090,2026-09-14,08:45,240,AI Optimization Engine,1,91.2,Partial Conflict
HIST-02047,BLK-02047,COR-062,2026-09-24,14:30,60,Manual Rule-Based,4,69.0,Cancelled
HIST-02048,BLK-02048,COR-026,2026-09-23,03:30,180,AI Optimization Engine,1,91.4,Partial Conflict
HIST-02049,BLK-02049,COR-029,2026-09-25,05:45,360,Manual Rule-Based,8,67.2,Cancelled
HIST-02050,BLK-02050,COR-099,2026-09-21,02:45,180,Manual Rule-Based,5,74.7,Cancelled
HIST-02051,BLK-02051,COR-056,2026-09-21,21:45,300,AI Optimization Engine,1,91.6,Partial Conflict
HIST-02052,BLK-02052,COR-085,2026-09-25,22:30,240,AI Optimization Engine,0,85.5,Executed Cleanly
HIST-02053,BLK-02053,COR-013,2026-09-13,23:45,120,AI Optimization Engine,0,88.3,Executed Cleanly
HIST-02054,BLK-02054,COR-029,2026-09-18,21:15,300,Manual Rule-Based,7,60.0,Cancelled
HIST-02055,BLK-02055,COR-087,2026-09-13,12:45,300,Manual Rule-Based,3,64.1,Partial Conflict
HIST-02056,BLK-02056,COR-021,2026-09-13,15:30,360,AI Optimization Engine,0,90.8,Executed Cleanly
HIST-02057,BLK-02057,COR-001,2026-09-24,05:45,240,Manual Rule-Based,6,73.3,Cancelled
HIST-02058,BLK-02058,COR-054,2026-09-10,02:00,120,AI Optimization Engine,0,96.5,Executed Cleanly
HIST-02059,BLK-02059,COR-018,2026-09-13,21:15,300,Manual Rule-Based,6,66.1,Cancelled
HIST-02060,BLK-02060,COR-060,2026-09-11,03:00,360,AI Optimization Engine,1,89.0,Partial Conflict
HIST-02061,BLK-02061,COR-090,2026-09-21,10:00,360,Manual Rule-Based,6,64.8,Cancelled
HIST-02062,BLK-02062,COR-025,2026-09-09,21:30,240,AI Optimization Engine,1,91.3,Partial Conflict
HIST-02063,BLK-02063,COR-002,2026-09-25,18:30,120,AI Optimization Engine,1,91.3,Partial Conflict
HIST-02064,BLK-02064,COR-004,2026-09-14,03:45,360,AI Optimization Engine,0,90.8,Executed Cleanly
HIST-02065,BLK-02065,COR-097,2026-09-27,12:45,240,AI Optimization Engine,0,93.3,Executed Cleanly
HIST-02066,BLK-02066,COR-049,2026-09-23,05:30,240,Manual Rule-Based,6,66.7,Cancelled
HIST-02067,BLK-02067,COR-036,2026-09-22,07:15,60,Manual Rule-Based,5,71.5,Cancelled
HIST-02068,BLK-02068,COR-084,2026-09-29,10:30,60,Manual Rule-Based,6,68.3,Cancelled
HIST-02069,BLK-02069,COR-028,2026-09-27,01:45,360,AI Optimization Engine,0,87.9,Executed Cleanly
HIST-02070,BLK-02070,COR-035,2026-09-10,10:45,300,AI Optimization Engine,1,87.5,Partial Conflict
HIST-02071,BLK-02071,COR-062,2026-09-22,12:00,60,AI Optimization Engine,0,92.5,Executed Cleanly
HIST-02072,BLK-02072,COR-037,2026-09-17,02:45,120,AI Optimization Engine,0,93.1,Executed Cleanly
HIST-02073,BLK-02073,COR-078,2026-09-25,19:30,120,AI Optimization Engine,0,89.7,Executed Cleanly
HIST-02074,BLK-02074,COR-067,2026-09-17,04:15,240,Manual Rule-Based,4,68.0,Cancelled
HIST-02075,BLK-02075,COR-021,2026-09-21,14:00,300,Manual Rule-Based,5,64.1,Cancelled
HIST-02076,BLK-02076,COR-046,2026-09-20,07:45,120,AI Optimization Engine,1,86.7,Partial Conflict
HIST-02077,BLK-02077,COR-075,2026-09-14,22:00,240,Manual Rule-Based,6,60.2,Cancelled
HIST-02078,BLK-02078,COR-043,2026-09-19,22:15,60,Manual Rule-Based,5,63.5,Cancelled
HIST-02079,BLK-02079,COR-100,2026-09-09,16:30,180,Manual Rule-Based,6,62.5,Cancelled
HIST-02080,BLK-02080,COR-041,2026-09-18,07:45,120,AI Optimization Engine,1,88.4,Partial Conflict
HIST-02081,BLK-02081,COR-025,2026-09-27,12:30,360,Manual Rule-Based,6,69.7,Cancelled
HIST-02082,BLK-02082,COR-061,2026-09-22,14:30,60,AI Optimization Engine,1,94.4,Partial Conflict
HIST-02083,BLK-02083,COR-001,2026-09-09,05:45,300,Manual Rule-Based,8,75.7,Cancelled
HIST-02084,BLK-02084,COR-087,2026-09-13,15:45,240,AI Optimization Engine,1,94.4,Partial Conflict
HIST-02085,BLK-02085,COR-087,2026-09-27,07:30,60,AI Optimization Engine,1,86.2,Partial Conflict
HIST-02086,BLK-02086,COR-038,2026-09-22,04:15,360,AI Optimization Engine,1,90.4,Partial Conflict
HIST-02087,BLK-02087,COR-020,2026-09-25,11:45,360,AI Optimization Engine,0,93.6,Executed Cleanly
HIST-02088,BLK-02088,COR-017,2026-09-24,21:00,360,Manual Rule-Based,8,65.3,Cancelled
HIST-02089,BLK-02089,COR-054,2026-09-13,08:30,240,AI Optimization Engine,0,86.5,Executed Cleanly
HIST-02090,BLK-02090,COR-009,2026-09-22,22:30,60,AI Optimization Engine,1,87.7,Partial Conflict
HIST-02091,BLK-02091,COR-060,2026-09-25,23:15,180,AI Optimization Engine,1,96.1,Partial Conflict
HIST-02092,BLK-02092,COR-077,2026-09-10,00:00,360,Manual Rule-Based,8,65.6,Cancelled
HIST-02093,BLK-02093,COR-087,2026-09-27,05:45,300,AI Optimization Engine,0,91.9,Executed Cleanly
HIST-02094,BLK-02094,COR-100,2026-09-11,06:00,180,AI Optimization Engine,0,85.3,Executed Cleanly
HIST-02095,BLK-02095,COR-005,2026-09-15,11:30,60,Manual Rule-Based,6,61.5,Cancelled
HIST-02096,BLK-02096,COR-076,2026-09-16,03:00,180,Manual Rule-Based,6,74.9,Cancelled
HIST-02097,BLK-02097,COR-041,2026-09-16,06:45,120,AI Optimization Engine,0,93.6,Executed Cleanly
HIST-02098,BLK-02098,COR-068,2026-09-09,19:30,60,Manual Rule-Based,6,71.6,Cancelled
HIST-02099,BLK-02099,COR-068,2026-09-24,10:30,360,AI Optimization Engine,1,95.7,Partial Conflict
HIST-02100,BLK-02100,COR-007,2026-09-25,20:15,180,AI Optimization Engine,1,89.6,Partial Conflict
HIST-02101,BLK-02101,COR-018,2026-09-12,13:30,240,AI Optimization Engine,0,95.9,Executed Cleanly
HIST-02102,BLK-02102,COR-092,2026-09-10,07:45,60,AI Optimization Engine,1,88.9,Partial Conflict
HIST-02103,BLK-02103,COR-080,2026-09-26,09:15,240,AI Optimization Engine,1,97.2,Partial Conflict
HIST-02104,BLK-02104,COR-053,2026-09-27,08:15,360,Manual Rule-Based,7,69.4,Cancelled
HIST-02105,BLK-02105,COR-051,2026-09-20,12:00,120,Manual Rule-Based,3,61.6,Partial Conflict
HIST-02106,BLK-02106,COR-012,2026-09-25,21:00,180,AI Optimization Engine,1,97.3,Partial Conflict
HIST-02107,BLK-02107,COR-057,2026-09-11,06:00,360,Manual Rule-Based,5,63.3,Cancelled
HIST-02108,BLK-02108,COR-022,2026-09-14,09:30,120,AI Optimization Engine,0,88.2,Executed Cleanly
HIST-02109,BLK-02109,COR-073,2026-09-14,21:00,360,Manual Rule-Based,7,71.0,Cancelled
HIST-02110,BLK-02110,COR-038,2026-09-11,19:45,60,Manual Rule-Based,6,62.9,Cancelled
HIST-02111,BLK-02111,COR-014,2026-09-13,16:15,120,Manual Rule-Based,5,69.3,Cancelled
HIST-02112,BLK-02112,COR-045,2026-09-18,01:45,180,AI Optimization Engine,1,95.2,Partial Conflict
HIST-02113,BLK-02113,COR-001,2026-09-13,21:15,120,Manual Rule-Based,4,65.2,Cancelled
HIST-02114,BLK-02114,COR-007,2026-09-12,09:15,300,Manual Rule-Based,8,66.0,Cancelled
HIST-02115,BLK-02115,COR-083,2026-09-22,03:30,360,Manual Rule-Based,5,73.8,Cancelled
HIST-02116,BLK-02116,COR-030,2026-09-25,10:00,240,Manual Rule-Based,8,71.3,Cancelled
HIST-02117,BLK-02117,COR-003,2026-09-16,00:45,300,Manual Rule-Based,6,73.5,Cancelled
HIST-02118,BLK-02118,COR-061,2026-09-13,09:00,240,Manual Rule-Based,3,70.3,Partial Conflict
HIST-02119,BLK-02119,COR-085,2026-09-10,22:15,60,AI Optimization Engine,1,89.4,Partial Conflict
HIST-02120,BLK-02120,COR-047,2026-09-25,13:30,240,AI Optimization Engine,0,96.4,Executed Cleanly
HIST-02121,BLK-02121,COR-066,2026-09-10,21:30,120,Manual Rule-Based,6,75.5,Cancelled
HIST-02122,BLK-02122,COR-054,2026-09-18,06:00,240,AI Optimization Engine,1,95.7,Partial Conflict
HIST-02123,BLK-02123,COR-001,2026-09-23,14:45,120,AI Optimization Engine,0,85.9,Executed Cleanly
HIST-02124,BLK-02124,COR-094,2026-09-18,21:30,360,AI Optimization Engine,1,87.2,Partial Conflict
HIST-02125,BLK-02125,COR-069,2026-09-15,02:00,240,AI Optimization Engine,0,88.9,Executed Cleanly
HIST-02126,BLK-02126,COR-058,2026-09-18,02:15,240,Manual Rule-Based,5,69.8,Cancelled
HIST-02127,BLK-02127,COR-018,2026-09-21,06:00,300,AI Optimization Engine,1,92.3,Partial Conflict
HIST-02128,BLK-02128,COR-040,2026-09-16,04:00,120,AI Optimization Engine,0,88.7,Executed Cleanly
HIST-02129,BLK-02129,COR-011,2026-09-28,12:30,300,Manual Rule-Based,7,62.0,Cancelled
HIST-02130,BLK-02130,COR-024,2026-09-16,12:00,300,AI Optimization Engine,1,96.6,Partial Conflict
HIST-02131,BLK-02131,COR-064,2026-09-09,22:45,120,Manual Rule-Based,8,74.5,Cancelled
HIST-02132,BLK-02132,COR-042,2026-09-29,15:15,360,Manual Rule-Based,8,61.9,Cancelled
HIST-02133,BLK-02133,COR-061,2026-09-16,10:45,360,Manual Rule-Based,7,68.5,Cancelled
HIST-02134,BLK-02134,COR-061,2026-09-24,21:00,300,Manual Rule-Based,4,67.6,Cancelled
HIST-02135,BLK-02135,COR-066,2026-09-09,14:00,300,Manual Rule-Based,8,63.9,Cancelled
HIST-02136,BLK-02136,COR-003,2026-09-24,21:15,240,AI Optimization Engine,0,95.0,Executed Cleanly
HIST-02137,BLK-02137,COR-005,2026-09-20,18:15,60,AI Optimization Engine,0,95.5,Executed Cleanly
HIST-02138,BLK-02138,COR-036,2026-09-17,09:45,240,Manual Rule-Based,7,72.7,Cancelled
HIST-02139,BLK-02139,COR-008,2026-09-10,05:00,360,Manual Rule-Based,4,74.8,Cancelled
HIST-02140,BLK-02140,COR-033,2026-09-11,11:00,360,Manual Rule-Based,8,64.5,Cancelled
HIST-02141,BLK-02141,COR-076,2026-09-25,10:30,360,AI Optimization Engine,1,92.1,Partial Conflict
HIST-02142,BLK-02142,COR-011,2026-09-11,17:00,300,AI Optimization Engine,1,93.1,Partial Conflict
HIST-02143,BLK-02143,COR-019,2026-09-11,16:45,300,AI Optimization Engine,1,88.2,Partial Conflict
HIST-02144,BLK-02144,COR-055,2026-09-27,16:00,60,Manual Rule-Based,6,74.6,Cancelled
HIST-02145,BLK-02145,COR-073,2026-09-17,09:00,240,Manual Rule-Based,4,69.5,Cancelled
HIST-02146,BLK-02146,COR-063,2026-09-09,17:45,120,AI Optimization Engine,0,93.8,Executed Cleanly
HIST-02147,BLK-02147,COR-041,2026-09-25,16:00,360,Manual Rule-Based,3,65.4,Partial Conflict
HIST-02148,BLK-02148,COR-096,2026-09-12,20:30,240,Manual Rule-Based,4,74.6,Cancelled
HIST-02149,BLK-02149,COR-035,2026-09-27,13:30,360,Manual Rule-Based,4,66.1,Cancelled
HIST-02150,BLK-02150,COR-055,2026-09-20,00:45,180,AI Optimization Engine,1,86.8,Partial Conflict
HIST-02151,BLK-02151,COR-032,2026-09-26,22:45,120,Manual Rule-Based,8,61.4,Cancelled
HIST-02152,BLK-02152,COR-031,2026-09-15,19:15,360,AI Optimization Engine,1,94.6,Partial Conflict
HIST-02153,BLK-02153,COR-031,2026-09-26,18:15,180,AI Optimization Engine,1,89.0,Partial Conflict
HIST-02154,BLK-02154,COR-096,2026-09-27,00:45,360,AI Optimization Engine,0,85.4,Executed Cleanly
HIST-02155,BLK-02155,COR-090,2026-09-21,01:00,120,AI Optimization Engine,1,87.4,Partial Conflict
HIST-02156,BLK-02156,COR-014,2026-09-23,10:00,360,Manual Rule-Based,8,62.3,Cancelled
HIST-02157,BLK-02157,COR-047,2026-09-16,22:00,180,AI Optimization Engine,0,95.8,Executed Cleanly
HIST-02158,BLK-02158,COR-055,2026-09-25,12:00,300,AI Optimization Engine,0,95.5,Executed Cleanly
HIST-02159,BLK-02159,COR-075,2026-09-19,11:45,300,AI Optimization Engine,0,97.4,Executed Cleanly
HIST-02160,BLK-02160,COR-027,2026-09-26,07:00,60,Manual Rule-Based,3,70.5,Partial Conflict
HIST-02161,BLK-02161,COR-009,2026-09-14,11:15,180,AI Optimization Engine,1,96.0,Partial Conflict
HIST-02162,BLK-02162,COR-054,2026-09-20,05:45,300,Manual Rule-Based,4,62.4,Cancelled
HIST-02163,BLK-02163,COR-069,2026-09-20,14:00,300,Manual Rule-Based,6,61.1,Cancelled
HIST-02164,BLK-02164,COR-003,2026-09-10,23:45,120,AI Optimization Engine,0,89.0,Executed Cleanly
HIST-02165,BLK-02165,COR-098,2026-09-14,04:30,360,Manual Rule-Based,8,75.8,Cancelled
HIST-02166,BLK-02166,COR-036,2026-09-29,15:45,120,Manual Rule-Based,3,60.2,Partial Conflict
HIST-02167,BLK-02167,COR-017,2026-09-11,22:45,180,Manual Rule-Based,7,64.4,Cancelled
HIST-02168,BLK-02168,COR-062,2026-09-11,21:15,240,Manual Rule-Based,3,63.4,Partial Conflict
HIST-02169,BLK-02169,COR-041,2026-09-15,16:15,240,Manual Rule-Based,7,73.4,Cancelled
HIST-02170,BLK-02170,COR-067,2026-09-24,17:30,60,AI Optimization Engine,1,85.7,Partial Conflict
HIST-02171,BLK-02171,COR-032,2026-09-24,22:15,60,AI Optimization Engine,0,93.0,Executed Cleanly
HIST-02172,BLK-02172,COR-077,2026-09-21,12:00,240,AI Optimization Engine,0,86.4,Executed Cleanly
HIST-02173,BLK-02173,COR-068,2026-09-21,14:30,60,AI Optimization Engine,1,86.2,Partial Conflict
HIST-02174,BLK-02174,COR-088,2026-09-20,04:45,300,Manual Rule-Based,5,65.5,Cancelled
HIST-02175,BLK-02175,COR-079,2026-09-15,14:45,60,Manual Rule-Based,3,75.7,Partial Conflict
HIST-02176,BLK-02176,COR-077,2026-09-09,09:15,60,AI Optimization Engine,1,91.1,Partial Conflict
HIST-02177,BLK-02177,COR-062,2026-09-11,10:30,180,AI Optimization Engine,1,96.6,Partial Conflict
HIST-02178,BLK-02178,COR-009,2026-09-12,21:45,300,AI Optimization Engine,0,90.4,Executed Cleanly
HIST-02179,BLK-02179,COR-091,2026-09-20,21:00,60,AI Optimization Engine,0,91.7,Executed Cleanly
HIST-02180,BLK-02180,COR-027,2026-09-25,01:45,360,AI Optimization Engine,0,91.0,Executed Cleanly
HIST-02181,BLK-02181,COR-099,2026-09-09,07:45,60,AI Optimization Engine,1,95.4,Partial Conflict
HIST-02182,BLK-02182,COR-081,2026-09-20,13:00,360,Manual Rule-Based,3,60.7,Partial Conflict
HIST-02183,BLK-02183,COR-054,2026-09-18,16:45,60,Manual Rule-Based,6,60.4,Cancelled
HIST-02184,BLK-02184,COR-089,2026-09-09,05:45,60,AI Optimization Engine,0,93.6,Executed Cleanly
HIST-02185,BLK-02185,COR-013,2026-09-19,08:00,300,AI Optimization Engine,0,94.9,Executed Cleanly
HIST-02186,BLK-02186,COR-002,2026-09-18,21:15,300,Manual Rule-Based,7,64.5,Cancelled
HIST-02187,BLK-02187,COR-089,2026-09-24,08:45,120,AI Optimization Engine,0,90.3,Executed Cleanly
HIST-02188,BLK-02188,COR-085,2026-09-11,17:45,240,Manual Rule-Based,6,66.6,Cancelled
HIST-02189,BLK-02189,COR-025,2026-09-14,21:00,360,AI Optimization Engine,1,90.7,Partial Conflict
HIST-02190,BLK-02190,COR-086,2026-09-19,03:15,120,Manual Rule-Based,7,75.3,Cancelled
HIST-02191,BLK-02191,COR-082,2026-09-16,12:30,240,AI Optimization Engine,0,94.7,Executed Cleanly
HIST-02192,BLK-02192,COR-030,2026-09-11,09:00,300,Manual Rule-Based,7,73.1,Cancelled
HIST-02193,BLK-02193,COR-017,2026-09-19,15:45,180,Manual Rule-Based,7,73.6,Cancelled
HIST-02194,BLK-02194,COR-026,2026-09-10,20:45,120,Manual Rule-Based,6,69.5,Cancelled
HIST-02195,BLK-02195,COR-056,2026-09-18,04:30,360,Manual Rule-Based,7,69.5,Cancelled
HIST-02196,BLK-02196,COR-080,2026-09-12,16:00,300,AI Optimization Engine,1,92.7,Partial Conflict
HIST-02197,BLK-02197,COR-098,2026-09-22,02:00,60,Manual Rule-Based,7,67.6,Cancelled
HIST-02198,BLK-02198,COR-078,2026-09-21,05:15,180,Manual Rule-Based,6,60.4,Cancelled
HIST-02199,BLK-02199,COR-016,2026-09-11,17:45,60,Manual Rule-Based,6,64.8,Cancelled
HIST-02200,BLK-02200,COR-036,2026-09-26,13:15,180,AI Optimization Engine,1,88.4,Partial Conflict
HIST-02201,BLK-02201,COR-003,2026-09-09,13:45,300,AI Optimization Engine,1,89.6,Partial Conflict
HIST-02202,BLK-02202,COR-098,2026-09-12,07:45,360,Manual Rule-Based,7,60.0,Cancelled
HIST-02203,BLK-02203,COR-010,2026-09-16,17:30,120,AI Optimization Engine,0,93.7,Executed Cleanly
HIST-02204,BLK-02204,COR-089,2026-09-11,10:15,180,Manual Rule-Based,3,73.4,Partial Conflict
HIST-02205,BLK-02205,COR-053,2026-09-11,15:45,240,Manual Rule-Based,8,71.7,Cancelled
HIST-02206,BLK-02206,COR-061,2026-09-27,04:30,240,AI Optimization Engine,0,90.3,Executed Cleanly
HIST-02207,BLK-02207,COR-069,2026-09-26,19:15,60,AI Optimization Engine,0,90.8,Executed Cleanly
HIST-02208,BLK-02208,COR-074,2026-09-18,17:00,300,Manual Rule-Based,7,63.4,Cancelled
HIST-02209,BLK-02209,COR-003,2026-09-29,00:15,60,Manual Rule-Based,3,70.2,Partial Conflict
HIST-02210,BLK-02210,COR-098,2026-09-25,04:30,300,Manual Rule-Based,6,70.8,Cancelled
HIST-02211,BLK-02211,COR-028,2026-09-25,23:15,60,AI Optimization Engine,1,96.9,Partial Conflict
HIST-02212,BLK-02212,COR-066,2026-09-18,08:15,300,AI Optimization Engine,0,85.1,Executed Cleanly
HIST-02213,BLK-02213,COR-012,2026-09-17,06:30,120,Manual Rule-Based,6,62.2,Cancelled
HIST-02214,BLK-02214,COR-055,2026-09-13,18:00,120,AI Optimization Engine,1,95.4,Partial Conflict
HIST-02215,BLK-02215,COR-034,2026-09-09,18:00,240,Manual Rule-Based,4,71.6,Cancelled
HIST-02216,BLK-02216,COR-025,2026-09-23,03:30,180,AI Optimization Engine,0,93.4,Executed Cleanly
HIST-02217,BLK-02217,COR-004,2026-09-18,17:00,300,AI Optimization Engine,0,86.1,Executed Cleanly
HIST-02218,BLK-02218,COR-012,2026-09-22,21:45,60,Manual Rule-Based,4,71.4,Cancelled
HIST-02219,BLK-02219,COR-095,2026-09-12,09:00,180,Manual Rule-Based,8,69.8,Cancelled
HIST-02220,BLK-02220,COR-068,2026-09-26,12:00,300,AI Optimization Engine,1,88.6,Partial Conflict
HIST-02221,BLK-02221,COR-081,2026-09-25,11:15,360,Manual Rule-Based,8,67.6,Cancelled
HIST-02222,BLK-02222,COR-040,2026-09-14,17:45,360,AI Optimization Engine,0,87.5,Executed Cleanly
HIST-02223,BLK-02223,COR-065,2026-09-18,15:15,300,AI Optimization Engine,0,89.8,Executed Cleanly
HIST-02224,BLK-02224,COR-066,2026-09-13,02:45,60,Manual Rule-Based,5,66.2,Cancelled
HIST-02225,BLK-02225,COR-092,2026-09-23,02:15,120,Manual Rule-Based,5,72.4,Cancelled
HIST-02226,BLK-02226,COR-094,2026-09-22,14:15,120,Manual Rule-Based,6,72.8,Cancelled
HIST-02227,BLK-02227,COR-020,2026-09-28,18:15,120,Manual Rule-Based,4,69.1,Cancelled
HIST-02228,BLK-02228,COR-032,2026-09-10,16:15,240,AI Optimization Engine,1,91.5,Partial Conflict
HIST-02229,BLK-02229,COR-001,2026-09-14,05:30,60,Manual Rule-Based,4,67.8,Cancelled
HIST-02230,BLK-02230,COR-011,2026-09-20,17:45,300,Manual Rule-Based,3,66.7,Partial Conflict
HIST-02231,BLK-02231,COR-047,2026-09-26,19:00,240,Manual Rule-Based,6,68.7,Cancelled
HIST-02232,BLK-02232,COR-027,2026-09-19,08:30,240,AI Optimization Engine,1,86.2,Partial Conflict
HIST-02233,BLK-02233,COR-091,2026-09-15,19:30,60,Manual Rule-Based,4,71.8,Cancelled
HIST-02234,BLK-02234,COR-045,2026-09-15,11:00,360,AI Optimization Engine,1,88.1,Partial Conflict
HIST-02235,BLK-02235,COR-094,2026-09-12,19:00,240,AI Optimization Engine,1,95.2,Partial Conflict
HIST-02236,BLK-02236,COR-021,2026-09-22,10:00,240,AI Optimization Engine,1,94.3,Partial Conflict
HIST-02237,BLK-02237,COR-066,2026-09-15,11:15,300,Manual Rule-Based,8,63.4,Cancelled
HIST-02238,BLK-02238,COR-011,2026-09-16,12:15,300,AI Optimization Engine,0,95.4,Executed Cleanly
HIST-02239,BLK-02239,COR-038,2026-09-28,23:45,300,Manual Rule-Based,3,66.8,Partial Conflict
HIST-02240,BLK-02240,COR-041,2026-09-17,01:00,240,AI Optimization Engine,1,86.8,Partial Conflict
HIST-02241,BLK-02241,COR-019,2026-09-15,17:00,360,AI Optimization Engine,0,93.2,Executed Cleanly
HIST-02242,BLK-02242,COR-054,2026-09-14,12:45,300,Manual Rule-Based,8,61.8,Cancelled
HIST-02243,BLK-02243,COR-018,2026-09-22,04:00,240,AI Optimization Engine,1,91.8,Partial Conflict
HIST-02244,BLK-02244,COR-022,2026-09-09,03:00,300,Manual Rule-Based,7,69.3,Cancelled
HIST-02245,BLK-02245,COR-096,2026-09-27,11:00,60,AI Optimization Engine,1,86.7,Partial Conflict
HIST-02246,BLK-02246,COR-091,2026-09-20,15:45,60,AI Optimization Engine,0,97.4,Executed Cleanly
HIST-02247,BLK-02247,COR-072,2026-09-20,04:30,60,AI Optimization Engine,0,95.8,Executed Cleanly
HIST-02248,BLK-02248,COR-081,2026-09-13,19:15,240,AI Optimization Engine,1,93.7,Partial Conflict
HIST-02249,BLK-02249,COR-046,2026-09-25,17:00,300,AI Optimization Engine,0,93.2,Executed Cleanly
HIST-02250,BLK-02250,COR-011,2026-09-29,01:15,180,AI Optimization Engine,0,88.8,Executed Cleanly
HIST-02251,BLK-02251,COR-081,2026-09-15,06:30,60,Manual Rule-Based,8,69.8,Cancelled
HIST-02252,BLK-02252,COR-055,2026-09-25,10:15,300,Manual Rule-Based,7,73.0,Cancelled
HIST-02253,BLK-02253,COR-076,2026-09-11,13:30,120,AI Optimization Engine,1,90.6,Partial Conflict
HIST-02254,BLK-02254,COR-086,2026-09-28,15:15,120,AI Optimization Engine,1,86.1,Partial Conflict
HIST-02255,BLK-02255,COR-098,2026-09-29,17:30,300,AI Optimization Engine,0,85.1,Executed Cleanly
HIST-02256,BLK-02256,COR-010,2026-09-20,01:00,360,Manual Rule-Based,7,75.7,Cancelled
HIST-02257,BLK-02257,COR-076,2026-09-18,19:00,300,Manual Rule-Based,6,69.8,Cancelled
HIST-02258,BLK-02258,COR-002,2026-09-10,23:30,180,AI Optimization Engine,0,85.4,Executed Cleanly
HIST-02259,BLK-02259,COR-100,2026-09-25,00:30,120,Manual Rule-Based,7,70.9,Cancelled
HIST-02260,BLK-02260,COR-032,2026-09-10,22:45,240,AI Optimization Engine,1,85.7,Partial Conflict
HIST-02261,BLK-02261,COR-036,2026-09-12,16:15,300,Manual Rule-Based,7,74.4,Cancelled
HIST-02262,BLK-02262,COR-046,2026-09-15,04:15,60,Manual Rule-Based,3,66.0,Partial Conflict
HIST-02263,BLK-02263,COR-069,2026-09-20,16:45,60,Manual Rule-Based,3,70.7,Partial Conflict
HIST-02264,BLK-02264,COR-098,2026-09-14,03:15,60,AI Optimization Engine,1,89.3,Partial Conflict
HIST-02265,BLK-02265,COR-046,2026-09-11,14:45,300,Manual Rule-Based,6,65.1,Cancelled
HIST-02266,BLK-02266,COR-093,2026-09-24,19:30,120,AI Optimization Engine,1,96.8,Partial Conflict
HIST-02267,BLK-02267,COR-011,2026-09-27,04:30,120,AI Optimization Engine,1,86.1,Partial Conflict
HIST-02268,BLK-02268,COR-040,2026-09-12,21:45,240,Manual Rule-Based,8,65.6,Cancelled
HIST-02269,BLK-02269,COR-011,2026-09-13,21:15,60,AI Optimization Engine,1,87.8,Partial Conflict
HIST-02270,BLK-02270,COR-043,2026-09-12,17:15,60,Manual Rule-Based,8,72.9,Cancelled
HIST-02271,BLK-02271,COR-034,2026-09-24,03:15,60,Manual Rule-Based,6,72.9,Cancelled
HIST-02272,BLK-02272,COR-082,2026-09-15,00:30,60,Manual Rule-Based,6,71.1,Cancelled
HIST-02273,BLK-02273,COR-077,2026-09-19,12:45,180,Manual Rule-Based,7,65.8,Cancelled
HIST-02274,BLK-02274,COR-042,2026-09-27,13:45,300,Manual Rule-Based,4,65.1,Cancelled
HIST-02275,BLK-02275,COR-021,2026-09-17,18:30,60,AI Optimization Engine,1,92.7,Partial Conflict
HIST-02276,BLK-02276,COR-072,2026-09-09,10:15,300,AI Optimization Engine,0,92.1,Executed Cleanly
HIST-02277,BLK-02277,COR-048,2026-09-17,08:00,360,AI Optimization Engine,0,86.8,Executed Cleanly
HIST-02278,BLK-02278,COR-055,2026-09-17,17:15,300,AI Optimization Engine,1,93.1,Partial Conflict
HIST-02279,BLK-02279,COR-057,2026-09-24,17:45,300,AI Optimization Engine,1,87.5,Partial Conflict
HIST-02280,BLK-02280,COR-082,2026-09-20,10:30,360,AI Optimization Engine,1,97.0,Partial Conflict
HIST-02281,BLK-02281,COR-093,2026-09-29,19:30,180,Manual Rule-Based,4,69.0,Cancelled
HIST-02282,BLK-02282,COR-076,2026-09-13,06:30,240,AI Optimization Engine,1,87.6,Partial Conflict
HIST-02283,BLK-02283,COR-099,2026-09-25,02:15,60,Manual Rule-Based,5,73.4,Cancelled
HIST-02284,BLK-02284,COR-060,2026-09-17,17:15,240,Manual Rule-Based,6,71.3,Cancelled
HIST-02285,BLK-02285,COR-060,2026-09-18,00:30,180,Manual Rule-Based,6,62.4,Cancelled
HIST-02286,BLK-02286,COR-096,2026-09-29,10:00,300,Manual Rule-Based,6,75.1,Cancelled
HIST-02287,BLK-02287,COR-100,2026-09-19,20:15,300,Manual Rule-Based,5,63.1,Cancelled
HIST-02288,BLK-02288,COR-033,2026-09-09,23:45,180,AI Optimization Engine,0,86.6,Executed Cleanly
HIST-02289,BLK-02289,COR-016,2026-09-18,22:15,120,AI Optimization Engine,0,89.4,Executed Cleanly
HIST-02290,BLK-02290,COR-060,2026-09-16,18:30,300,Manual Rule-Based,5,71.4,Cancelled
HIST-02291,BLK-02291,COR-096,2026-09-11,21:15,60,Manual Rule-Based,5,66.3,Cancelled
HIST-02292,BLK-02292,COR-041,2026-09-12,00:15,360,Manual Rule-Based,3,70.2,Partial Conflict
HIST-02293,BLK-02293,COR-052,2026-09-26,10:15,60,AI Optimization Engine,1,96.2,Partial Conflict
HIST-02294,BLK-02294,COR-063,2026-09-18,14:00,240,AI Optimization Engine,1,87.7,Partial Conflict
HIST-02295,BLK-02295,COR-010,2026-09-29,01:00,120,Manual Rule-Based,4,64.0,Cancelled
HIST-02296,BLK-02296,COR-062,2026-09-18,18:45,60,AI Optimization Engine,0,94.0,Executed Cleanly
HIST-02297,BLK-02297,COR-059,2026-09-14,04:00,180,Manual Rule-Based,8,67.0,Cancelled
HIST-02298,BLK-02298,COR-044,2026-09-19,11:00,240,AI Optimization Engine,0,92.2,Executed Cleanly
HIST-02299,BLK-02299,COR-075,2026-09-17,11:00,300,Manual Rule-Based,4,65.7,Cancelled
HIST-02300,BLK-02300,COR-011,2026-09-24,18:45,300,Manual Rule-Based,8,73.6,Cancelled
HIST-02301,BLK-02301,COR-034,2026-09-09,23:30,180,AI Optimization Engine,1,87.0,Partial Conflict
HIST-02302,BLK-02302,COR-099,2026-09-22,11:30,300,AI Optimization Engine,0,96.4,Executed Cleanly
HIST-02303,BLK-02303,COR-027,2026-09-09,01:30,180,AI Optimization Engine,0,92.7,Executed Cleanly
HIST-02304,BLK-02304,COR-069,2026-09-15,22:45,180,Manual Rule-Based,8,71.9,Cancelled
HIST-02305,BLK-02305,COR-032,2026-09-27,12:15,60,Manual Rule-Based,6,73.7,Cancelled
HIST-02306,BLK-02306,COR-066,2026-09-24,10:30,180,AI Optimization Engine,0,94.2,Executed Cleanly
HIST-02307,BLK-02307,COR-070,2026-09-27,06:15,360,AI Optimization Engine,1,91.3,Partial Conflict
HIST-02308,BLK-02308,COR-013,2026-09-10,20:00,120,AI Optimization Engine,0,96.6,Executed Cleanly
HIST-02309,BLK-02309,COR-006,2026-09-18,17:15,240,Manual Rule-Based,6,61.5,Cancelled
HIST-02310,BLK-02310,COR-076,2026-09-25,21:30,180,AI Optimization Engine,0,96.6,Executed Cleanly
HIST-02311,BLK-02311,COR-073,2026-09-20,20:45,300,Manual Rule-Based,3,66.5,Partial Conflict
HIST-02312,BLK-02312,COR-095,2026-09-12,20:30,120,Manual Rule-Based,8,69.6,Cancelled
HIST-02313,BLK-02313,COR-023,2026-09-28,09:30,180,AI Optimization Engine,0,86.0,Executed Cleanly
HIST-02314,BLK-02314,COR-018,2026-09-12,02:30,240,Manual Rule-Based,4,60.5,Cancelled
HIST-02315,BLK-02315,COR-078,2026-09-17,05:45,180,Manual Rule-Based,8,70.6,Cancelled
HIST-02316,BLK-02316,COR-058,2026-09-15,00:45,360,AI Optimization Engine,0,95.3,Executed Cleanly
HIST-02317,BLK-02317,COR-021,2026-09-24,01:30,300,AI Optimization Engine,0,85.9,Executed Cleanly
HIST-02318,BLK-02318,COR-073,2026-09-10,13:30,360,Manual Rule-Based,5,60.6,Cancelled
HIST-02319,BLK-02319,COR-025,2026-09-15,15:00,240,AI Optimization Engine,0,90.5,Executed Cleanly
HIST-02320,BLK-02320,COR-012,2026-09-17,07:15,300,AI Optimization Engine,1,91.4,Partial Conflict
HIST-02321,BLK-02321,COR-097,2026-09-18,18:30,300,Manual Rule-Based,7,70.3,Cancelled
HIST-02322,BLK-02322,COR-042,2026-09-23,22:30,240,AI Optimization Engine,0,91.5,Executed Cleanly
HIST-02323,BLK-02323,COR-029,2026-09-18,17:45,300,AI Optimization Engine,1,91.5,Partial Conflict
HIST-02324,BLK-02324,COR-100,2026-09-09,06:30,120,Manual Rule-Based,7,64.2,Cancelled
HIST-02325,BLK-02325,COR-050,2026-09-12,07:00,180,Manual Rule-Based,8,75.8,Cancelled
HIST-02326,BLK-02326,COR-053,2026-09-13,14:00,60,Manual Rule-Based,3,73.3,Partial Conflict
HIST-02327,BLK-02327,COR-054,2026-09-19,23:15,120,Manual Rule-Based,5,70.1,Cancelled
HIST-02328,BLK-02328,COR-035,2026-09-25,21:15,60,AI Optimization Engine,0,93.1,Executed Cleanly
HIST-02329,BLK-02329,COR-049,2026-09-20,06:45,180,Manual Rule-Based,7,64.2,Cancelled
HIST-02330,BLK-02330,COR-005,2026-09-20,12:45,240,AI Optimization Engine,0,89.1,Executed Cleanly
HIST-02331,BLK-02331,COR-049,2026-09-28,10:30,60,AI Optimization Engine,1,93.0,Partial Conflict
HIST-02332,BLK-02332,COR-046,2026-09-13,09:00,240,Manual Rule-Based,3,72.7,Partial Conflict
HIST-02333,BLK-02333,COR-030,2026-09-12,17:15,360,AI Optimization Engine,1,86.1,Partial Conflict
HIST-02334,BLK-02334,COR-003,2026-09-12,09:00,360,AI Optimization Engine,1,95.3,Partial Conflict
HIST-02335,BLK-02335,COR-025,2026-09-11,00:30,360,Manual Rule-Based,3,61.5,Partial Conflict
HIST-02336,BLK-02336,COR-092,2026-09-20,00:30,180,Manual Rule-Based,6,69.4,Cancelled
HIST-02337,BLK-02337,COR-015,2026-09-29,01:00,180,AI Optimization Engine,0,92.9,Executed Cleanly
HIST-02338,BLK-02338,COR-032,2026-09-21,16:45,360,Manual Rule-Based,8,68.3,Cancelled
HIST-02339,BLK-02339,COR-004,2026-09-23,04:30,240,AI Optimization Engine,0,96.3,Executed Cleanly
HIST-02340,BLK-02340,COR-072,2026-09-17,10:00,360,Manual Rule-Based,4,69.3,Cancelled
HIST-02341,BLK-02341,COR-067,2026-09-26,09:30,180,AI Optimization Engine,0,91.2,Executed Cleanly
HIST-02342,BLK-02342,COR-086,2026-09-23,14:45,120,Manual Rule-Based,5,67.5,Cancelled
HIST-02343,BLK-02343,COR-001,2026-09-26,10:00,180,AI Optimization Engine,0,94.2,Executed Cleanly
HIST-02344,BLK-02344,COR-088,2026-09-10,23:15,120,AI Optimization Engine,0,96.6,Executed Cleanly
HIST-02345,BLK-02345,COR-036,2026-09-25,05:45,300,Manual Rule-Based,3,68.4,Partial Conflict
HIST-02346,BLK-02346,COR-100,2026-09-20,05:00,60,Manual Rule-Based,4,61.0,Cancelled
HIST-02347,BLK-02347,COR-038,2026-09-24,02:00,120,AI Optimization Engine,1,88.9,Partial Conflict
HIST-02348,BLK-02348,COR-069,2026-09-22,17:15,360,Manual Rule-Based,8,62.6,Cancelled
HIST-02349,BLK-02349,COR-063,2026-09-29,10:15,60,AI Optimization Engine,1,86.3,Partial Conflict
HIST-02350,BLK-02350,COR-006,2026-09-29,00:45,120,AI Optimization Engine,1,89.4,Partial Conflict
HIST-02351,BLK-02351,COR-006,2026-09-24,13:00,180,AI Optimization Engine,1,97.1,Partial Conflict
HIST-02352,BLK-02352,COR-035,2026-09-28,23:45,360,Manual Rule-Based,6,75.6,Cancelled
HIST-02353,BLK-02353,COR-016,2026-09-23,07:00,120,Manual Rule-Based,4,69.4,Cancelled
HIST-02354,BLK-02354,COR-039,2026-09-22,19:45,60,AI Optimization Engine,1,92.8,Partial Conflict
HIST-02355,BLK-02355,COR-045,2026-09-22,20:45,180,Manual Rule-Based,5,60.7,Cancelled
HIST-02356,BLK-02356,COR-098,2026-09-14,20:00,300,Manual Rule-Based,8,64.8,Cancelled
HIST-02357,BLK-02357,COR-080,2026-09-21,09:45,360,Manual Rule-Based,6,65.7,Cancelled
HIST-02358,BLK-02358,COR-029,2026-09-21,12:30,60,AI Optimization Engine,0,93.1,Executed Cleanly
HIST-02359,BLK-02359,COR-038,2026-09-13,14:15,60,Manual Rule-Based,4,69.9,Cancelled
HIST-02360,BLK-02360,COR-090,2026-09-27,09:30,180,Manual Rule-Based,6,64.2,Cancelled
HIST-02361,BLK-02361,COR-077,2026-09-09,08:15,300,AI Optimization Engine,1,91.0,Partial Conflict
HIST-02362,BLK-02362,COR-087,2026-09-23,20:00,180,AI Optimization Engine,1,88.5,Partial Conflict
HIST-02363,BLK-02363,COR-034,2026-09-14,16:45,360,Manual Rule-Based,7,63.3,Cancelled
HIST-02364,BLK-02364,COR-079,2026-09-28,05:30,240,AI Optimization Engine,1,87.8,Partial Conflict
HIST-02365,BLK-02365,COR-098,2026-09-16,13:00,60,Manual Rule-Based,7,62.3,Cancelled
HIST-02366,BLK-02366,COR-022,2026-09-16,12:00,240,Manual Rule-Based,4,68.2,Cancelled
HIST-02367,BLK-02367,COR-078,2026-09-09,04:15,360,AI Optimization Engine,0,86.6,Executed Cleanly
HIST-02368,BLK-02368,COR-065,2026-09-21,20:00,300,Manual Rule-Based,5,72.4,Cancelled
HIST-02369,BLK-02369,COR-077,2026-09-19,14:00,300,AI Optimization Engine,1,97.3,Partial Conflict
HIST-02370,BLK-02370,COR-030,2026-09-26,18:45,300,Manual Rule-Based,6,66.2,Cancelled
HIST-02371,BLK-02371,COR-072,2026-09-27,20:45,120,Manual Rule-Based,4,63.5,Cancelled
HIST-02372,BLK-02372,COR-044,2026-09-23,22:30,240,AI Optimization Engine,1,93.5,Partial Conflict
HIST-02373,BLK-02373,COR-098,2026-09-22,08:00,360,Manual Rule-Based,5,65.8,Cancelled
HIST-02374,BLK-02374,COR-042,2026-09-13,13:30,360,Manual Rule-Based,5,65.7,Cancelled
HIST-02375,BLK-02375,COR-046,2026-09-21,02:45,240,AI Optimization Engine,0,85.2,Executed Cleanly
HIST-02376,BLK-02376,COR-051,2026-09-14,15:30,120,Manual Rule-Based,3,71.6,Partial Conflict
HIST-02377,BLK-02377,COR-099,2026-09-27,14:00,180,AI Optimization Engine,1,91.2,Partial Conflict
HIST-02378,BLK-02378,COR-079,2026-09-18,03:00,360,Manual Rule-Based,5,67.8,Cancelled
HIST-02379,BLK-02379,COR-023,2026-09-27,10:45,120,Manual Rule-Based,7,71.7,Cancelled
HIST-02380,BLK-02380,COR-092,2026-09-23,15:15,300,AI Optimization Engine,0,96.6,Executed Cleanly
HIST-02381,BLK-02381,COR-041,2026-09-16,10:15,120,AI Optimization Engine,0,92.2,Executed Cleanly
HIST-02382,BLK-02382,COR-088,2026-09-11,19:30,60,AI Optimization Engine,1,94.7,Partial Conflict
HIST-02383,BLK-02383,COR-007,2026-09-25,23:30,120,AI Optimization Engine,1,93.7,Partial Conflict
HIST-02384,BLK-02384,COR-085,2026-09-28,06:15,120,Manual Rule-Based,3,61.0,Partial Conflict
HIST-02385,BLK-02385,COR-077,2026-09-10,16:45,120,Manual Rule-Based,7,63.6,Cancelled
HIST-02386,BLK-02386,COR-062,2026-09-29,14:15,300,AI Optimization Engine,1,92.9,Partial Conflict
HIST-02387,BLK-02387,COR-020,2026-09-25,00:15,120,Manual Rule-Based,3,73.6,Partial Conflict
HIST-02388,BLK-02388,COR-099,2026-09-18,13:30,240,Manual Rule-Based,6,71.1,Cancelled
HIST-02389,BLK-02389,COR-053,2026-09-19,12:45,240,AI Optimization Engine,1,90.5,Partial Conflict
HIST-02390,BLK-02390,COR-048,2026-09-16,08:15,120,Manual Rule-Based,6,63.7,Cancelled
HIST-02391,BLK-02391,COR-027,2026-09-14,13:30,60,AI Optimization Engine,1,88.9,Partial Conflict
HIST-02392,BLK-02392,COR-045,2026-09-11,22:30,240,Manual Rule-Based,6,61.9,Cancelled
HIST-02393,BLK-02393,COR-003,2026-09-25,13:30,300,AI Optimization Engine,0,85.2,Executed Cleanly
HIST-02394,BLK-02394,COR-037,2026-09-13,14:00,120,AI Optimization Engine,1,86.8,Partial Conflict
HIST-02395,BLK-02395,COR-085,2026-09-21,17:45,300,Manual Rule-Based,3,71.9,Partial Conflict
HIST-02396,BLK-02396,COR-081,2026-09-16,14:15,360,Manual Rule-Based,5,63.6,Cancelled
HIST-02397,BLK-02397,COR-068,2026-09-22,21:30,60,AI Optimization Engine,1,90.7,Partial Conflict
HIST-02398,BLK-02398,COR-003,2026-09-28,01:15,120,Manual Rule-Based,4,74.7,Cancelled
HIST-02399,BLK-02399,COR-089,2026-09-23,16:30,240,AI Optimization Engine,0,92.9,Executed Cleanly
HIST-02400,BLK-02400,COR-001,2026-09-27,23:30,300,Manual Rule-Based,5,73.6,Cancelled
HIST-02401,BLK-02401,COR-024,2026-09-12,10:15,180,AI Optimization Engine,1,93.0,Partial Conflict
HIST-02402,BLK-02402,COR-009,2026-09-13,12:30,60,AI Optimization Engine,0,89.3,Executed Cleanly
HIST-02403,BLK-02403,COR-063,2026-09-28,10:15,60,Manual Rule-Based,8,75.2,Cancelled
HIST-02404,BLK-02404,COR-071,2026-09-15,12:45,240,AI Optimization Engine,0,91.9,Executed Cleanly
HIST-02405,BLK-02405,COR-069,2026-09-18,02:30,300,AI Optimization Engine,0,95.5,Executed Cleanly
HIST-02406,BLK-02406,COR-010,2026-09-23,13:15,300,AI Optimization Engine,1,94.5,Partial Conflict
HIST-02407,BLK-02407,COR-078,2026-09-09,08:00,120,AI Optimization Engine,1,87.4,Partial Conflict
HIST-02408,BLK-02408,COR-075,2026-09-23,03:30,240,AI Optimization Engine,1,89.9,Partial Conflict
HIST-02409,BLK-02409,COR-009,2026-09-09,08:15,180,AI Optimization Engine,1,90.6,Partial Conflict
HIST-02410,BLK-02410,COR-002,2026-09-18,06:15,240,AI Optimization Engine,1,88.7,Partial Conflict
HIST-02411,BLK-02411,COR-040,2026-09-29,00:45,300,AI Optimization Engine,0,89.2,Executed Cleanly
HIST-02412,BLK-02412,COR-085,2026-09-22,15:00,120,Manual Rule-Based,3,66.3,Partial Conflict
HIST-02413,BLK-02413,COR-061,2026-09-19,03:00,120,Manual Rule-Based,4,63.1,Cancelled
HIST-02414,BLK-02414,COR-029,2026-09-14,23:15,180,AI Optimization Engine,1,96.4,Partial Conflict
HIST-02415,BLK-02415,COR-051,2026-09-29,13:15,60,AI Optimization Engine,1,97.1,Partial Conflict
HIST-02416,BLK-02416,COR-022,2026-09-10,03:00,180,AI Optimization Engine,1,85.3,Partial Conflict
HIST-02417,BLK-02417,COR-011,2026-09-11,19:00,360,AI Optimization Engine,0,89.6,Executed Cleanly
HIST-02418,BLK-02418,COR-050,2026-09-25,03:15,120,AI Optimization Engine,0,91.4,Executed Cleanly
HIST-02419,BLK-02419,COR-066,2026-09-23,14:00,300,AI Optimization Engine,0,90.1,Executed Cleanly
HIST-02420,BLK-02420,COR-057,2026-09-21,00:15,240,Manual Rule-Based,4,69.1,Cancelled
HIST-02421,BLK-02421,COR-015,2026-09-17,07:45,180,AI Optimization Engine,0,93.9,Executed Cleanly
HIST-02422,BLK-02422,COR-012,2026-09-18,09:00,60,Manual Rule-Based,8,74.0,Cancelled
HIST-02423,BLK-02423,COR-085,2026-09-22,08:00,240,Manual Rule-Based,7,62.4,Cancelled
HIST-02424,BLK-02424,COR-047,2026-09-26,10:00,360,AI Optimization Engine,1,86.9,Partial Conflict
HIST-02425,BLK-02425,COR-092,2026-09-15,13:15,240,AI Optimization Engine,1,87.6,Partial Conflict
HIST-02426,BLK-02426,COR-089,2026-09-22,03:30,180,AI Optimization Engine,0,95.3,Executed Cleanly
HIST-02427,BLK-02427,COR-085,2026-09-10,22:45,240,AI Optimization Engine,0,89.1,Executed Cleanly
HIST-02428,BLK-02428,COR-016,2026-09-15,18:45,60,AI Optimization Engine,0,87.4,Executed Cleanly
HIST-02429,BLK-02429,COR-030,2026-09-15,01:45,240,Manual Rule-Based,5,75.3,Cancelled
HIST-02430,BLK-02430,COR-048,2026-09-10,15:30,240,Manual Rule-Based,4,70.9,Cancelled
HIST-02431,BLK-02431,COR-063,2026-09-26,15:00,120,Manual Rule-Based,4,67.5,Cancelled
HIST-02432,BLK-02432,COR-096,2026-09-22,12:45,60,AI Optimization Engine,1,86.5,Partial Conflict
HIST-02433,BLK-02433,COR-007,2026-09-11,10:15,360,AI Optimization Engine,0,92.4,Executed Cleanly
HIST-02434,BLK-02434,COR-010,2026-09-14,12:30,300,AI Optimization Engine,0,89.6,Executed Cleanly
HIST-02435,BLK-02435,COR-084,2026-09-14,11:30,240,AI Optimization Engine,0,89.3,Executed Cleanly
HIST-02436,BLK-02436,COR-087,2026-09-18,20:45,180,AI Optimization Engine,0,96.0,Executed Cleanly
HIST-02437,BLK-02437,COR-047,2026-09-16,13:00,180,Manual Rule-Based,3,68.3,Partial Conflict
HIST-02438,BLK-02438,COR-028,2026-09-24,13:15,120,AI Optimization Engine,1,94.4,Partial Conflict
HIST-02439,BLK-02439,COR-053,2026-09-28,17:45,360,Manual Rule-Based,4,60.7,Cancelled
HIST-02440,BLK-02440,COR-056,2026-09-16,18:45,360,Manual Rule-Based,8,65.6,Cancelled
HIST-02441,BLK-02441,COR-069,2026-09-14,07:00,60,AI Optimization Engine,1,87.9,Partial Conflict
HIST-02442,BLK-02442,COR-022,2026-09-15,14:30,360,Manual Rule-Based,5,62.3,Cancelled
HIST-02443,BLK-02443,COR-099,2026-09-16,09:30,180,AI Optimization Engine,1,85.7,Partial Conflict
HIST-02444,BLK-02444,COR-033,2026-09-10,15:00,60,AI Optimization Engine,1,87.1,Partial Conflict
HIST-02445,BLK-02445,COR-099,2026-09-29,08:30,60,Manual Rule-Based,4,74.4,Cancelled
HIST-02446,BLK-02446,COR-003,2026-09-10,15:30,120,AI Optimization Engine,1,87.0,Partial Conflict
HIST-02447,BLK-02447,COR-019,2026-09-21,04:45,60,AI Optimization Engine,0,90.0,Executed Cleanly
HIST-02448,BLK-02448,COR-099,2026-09-27,23:00,180,AI Optimization Engine,1,88.0,Partial Conflict
HIST-02449,BLK-02449,COR-073,2026-09-14,03:45,360,Manual Rule-Based,4,72.5,Cancelled
HIST-02450,BLK-02450,COR-002,2026-09-18,08:30,360,AI Optimization Engine,0,89.7,Executed Cleanly
HIST-02451,BLK-02451,COR-094,2026-09-28,10:00,240,Manual Rule-Based,8,70.4,Cancelled
HIST-02452,BLK-02452,COR-081,2026-09-13,02:45,60,AI Optimization Engine,0,85.6,Executed Cleanly
HIST-02453,BLK-02453,COR-022,2026-09-24,10:30,180,AI Optimization Engine,1,92.3,Partial Conflict
HIST-02454,BLK-02454,COR-018,2026-09-16,06:45,120,AI Optimization Engine,1,92.7,Partial Conflict
HIST-02455,BLK-02455,COR-079,2026-09-23,23:00,360,AI Optimization Engine,0,85.5,Executed Cleanly
HIST-02456,BLK-02456,COR-088,2026-09-17,01:45,60,Manual Rule-Based,8,69.6,Cancelled
HIST-02457,BLK-02457,COR-055,2026-09-23,01:30,120,AI Optimization Engine,1,90.8,Partial Conflict
HIST-02458,BLK-02458,COR-020,2026-09-23,19:30,60,AI Optimization Engine,1,87.2,Partial Conflict
HIST-02459,BLK-02459,COR-027,2026-09-23,22:00,360,AI Optimization Engine,0,90.2,Executed Cleanly
HIST-02460,BLK-02460,COR-055,2026-09-27,22:15,60,AI Optimization Engine,1,94.0,Partial Conflict
HIST-02461,BLK-02461,COR-048,2026-09-09,18:45,60,AI Optimization Engine,1,95.4,Partial Conflict
HIST-02462,BLK-02462,COR-038,2026-09-17,15:45,60,Manual Rule-Based,5,72.2,Cancelled
HIST-02463,BLK-02463,COR-067,2026-09-17,13:15,60,Manual Rule-Based,7,66.4,Cancelled
HIST-02464,BLK-02464,COR-094,2026-09-24,06:15,240,Manual Rule-Based,3,72.4,Partial Conflict
HIST-02465,BLK-02465,COR-042,2026-09-18,15:15,180,AI Optimization Engine,1,95.1,Partial Conflict
HIST-02466,BLK-02466,COR-052,2026-09-10,19:00,180,AI Optimization Engine,1,94.1,Partial Conflict
HIST-02467,BLK-02467,COR-065,2026-09-09,19:45,360,Manual Rule-Based,4,72.4,Cancelled
HIST-02468,BLK-02468,COR-069,2026-09-27,16:45,240,AI Optimization Engine,1,93.1,Partial Conflict
HIST-02469,BLK-02469,COR-070,2026-09-20,20:00,300,AI Optimization Engine,0,94.9,Executed Cleanly
HIST-02470,BLK-02470,COR-006,2026-09-11,05:45,300,AI Optimization Engine,0,95.8,Executed Cleanly
HIST-02471,BLK-02471,COR-076,2026-09-26,13:00,360,AI Optimization Engine,1,97.3,Partial Conflict
HIST-02472,BLK-02472,COR-050,2026-09-11,04:15,120,AI Optimization Engine,1,88.5,Partial Conflict
HIST-02473,BLK-02473,COR-100,2026-09-22,19:30,120,AI Optimization Engine,1,95.7,Partial Conflict
HIST-02474,BLK-02474,COR-056,2026-09-12,12:45,120,AI Optimization Engine,1,85.8,Partial Conflict
HIST-02475,BLK-02475,COR-095,2026-09-29,06:15,300,Manual Rule-Based,5,66.9,Cancelled
HIST-02476,BLK-02476,COR-090,2026-09-11,15:30,60,AI Optimization Engine,1,88.8,Partial Conflict
HIST-02477,BLK-02477,COR-094,2026-09-27,01:15,240,Manual Rule-Based,8,70.3,Cancelled
HIST-02478,BLK-02478,COR-090,2026-09-19,23:15,180,Manual Rule-Based,7,62.0,Cancelled
HIST-02479,BLK-02479,COR-041,2026-09-13,12:45,240,Manual Rule-Based,4,63.6,Cancelled
HIST-02480,BLK-02480,COR-018,2026-09-13,23:30,240,Manual Rule-Based,5,70.1,Cancelled
HIST-02481,BLK-02481,COR-004,2026-09-22,05:00,240,Manual Rule-Based,3,69.4,Partial Conflict
HIST-02482,BLK-02482,COR-078,2026-09-25,07:30,360,AI Optimization Engine,0,86.5,Executed Cleanly
HIST-02483,BLK-02483,COR-086,2026-09-25,08:45,120,AI Optimization Engine,0,96.1,Executed Cleanly
HIST-02484,BLK-02484,COR-057,2026-09-28,21:30,360,Manual Rule-Based,3,68.0,Partial Conflict
HIST-02485,BLK-02485,COR-066,2026-09-29,03:15,360,Manual Rule-Based,7,70.3,Cancelled
HIST-02486,BLK-02486,COR-017,2026-09-17,20:15,180,Manual Rule-Based,6,64.2,Cancelled
HIST-02487,BLK-02487,COR-059,2026-09-22,19:00,360,Manual Rule-Based,7,74.4,Cancelled
HIST-02488,BLK-02488,COR-032,2026-09-14,08:30,180,Manual Rule-Based,3,70.6,Partial Conflict
HIST-02489,BLK-02489,COR-045,2026-09-09,23:00,60,Manual Rule-Based,3,60.4,Partial Conflict
HIST-02490,BLK-02490,COR-040,2026-09-16,22:45,360,Manual Rule-Based,6,70.3,Cancelled
HIST-02491,BLK-02491,COR-082,2026-09-27,21:00,240,Manual Rule-Based,6,65.4,Cancelled
HIST-02492,BLK-02492,COR-084,2026-09-25,18:45,120,AI Optimization Engine,1,89.3,Partial Conflict
HIST-02493,BLK-02493,COR-042,2026-09-25,23:15,300,Manual Rule-Based,5,68.5,Cancelled
HIST-02494,BLK-02494,COR-064,2026-09-22,00:00,240,AI Optimization Engine,0,97.0,Executed Cleanly
HIST-02495,BLK-02495,COR-087,2026-09-10,15:15,360,AI Optimization Engine,0,85.6,Executed Cleanly
HIST-02496,BLK-02496,COR-024,2026-09-11,02:30,240,Manual Rule-Based,7,70.9,Cancelled
HIST-02497,BLK-02497,COR-083,2026-09-22,08:00,180,AI Optimization Engine,1,94.7,Partial Conflict
HIST-02498,BLK-02498,COR-040,2026-09-19,23:15,120,Manual Rule-Based,5,64.6,Cancelled
HIST-02499,BLK-02499,COR-097,2026-09-23,05:45,60,Manual Rule-Based,6,72.9,Cancelled
HIST-02500,BLK-02500,COR-004,2026-09-18,22:15,360,AI Optimization Engine,0,91.8,Executed Cleanly
HIST-02501,BLK-02501,COR-024,2026-09-15,16:30,120,AI Optimization Engine,0,89.1,Executed Cleanly
HIST-02502,BLK-02502,COR-052,2026-09-12,03:00,360,Manual Rule-Based,5,64.5,Cancelled
HIST-02503,BLK-02503,COR-034,2026-09-12,01:45,240,Manual Rule-Based,6,65.1,Cancelled
HIST-02504,BLK-02504,COR-083,2026-09-11,19:45,240,AI Optimization Engine,0,94.7,Executed Cleanly
HIST-02505,BLK-02505,COR-071,2026-09-23,08:00,120,AI Optimization Engine,1,86.2,Partial Conflict
HIST-02506,BLK-02506,COR-041,2026-09-23,08:15,120,AI Optimization Engine,1,89.8,Partial Conflict
HIST-02507,BLK-02507,COR-077,2026-09-20,14:45,180,AI Optimization Engine,1,88.7,Partial Conflict
HIST-02508,BLK-02508,COR-044,2026-09-20,02:30,360,Manual Rule-Based,7,72.5,Cancelled
HIST-02509,BLK-02509,COR-089,2026-09-14,22:30,120,AI Optimization Engine,0,85.8,Executed Cleanly
HIST-02510,BLK-02510,COR-023,2026-09-26,04:45,360,AI Optimization Engine,0,94.9,Executed Cleanly
HIST-02511,BLK-02511,COR-011,2026-09-13,19:45,300,AI Optimization Engine,0,93.1,Executed Cleanly
HIST-02512,BLK-02512,COR-089,2026-09-29,17:00,300,Manual Rule-Based,4,66.0,Cancelled
HIST-02513,BLK-02513,COR-093,2026-09-21,16:45,300,Manual Rule-Based,4,64.0,Cancelled
HIST-02514,BLK-02514,COR-058,2026-09-26,01:45,360,Manual Rule-Based,8,61.1,Cancelled
HIST-02515,BLK-02515,COR-087,2026-09-20,22:45,60,Manual Rule-Based,4,62.3,Cancelled
HIST-02516,BLK-02516,COR-086,2026-09-27,04:45,300,Manual Rule-Based,5,73.8,Cancelled
HIST-02517,BLK-02517,COR-080,2026-09-18,16:30,240,Manual Rule-Based,3,72.5,Partial Conflict
HIST-02518,BLK-02518,COR-033,2026-09-19,14:45,180,AI Optimization Engine,0,94.4,Executed Cleanly
HIST-02519,BLK-02519,COR-015,2026-09-24,13:15,360,Manual Rule-Based,5,73.1,Cancelled
HIST-02520,BLK-02520,COR-057,2026-09-27,09:45,120,AI Optimization Engine,1,85.0,Partial Conflict
HIST-02521,BLK-02521,COR-044,2026-09-27,08:30,360,Manual Rule-Based,3,75.2,Partial Conflict
HIST-02522,BLK-02522,COR-036,2026-09-14,11:30,360,AI Optimization Engine,0,87.3,Executed Cleanly
HIST-02523,BLK-02523,COR-057,2026-09-27,08:30,360,AI Optimization Engine,0,90.9,Executed Cleanly
HIST-02524,BLK-02524,COR-019,2026-09-17,04:30,60,AI Optimization Engine,1,90.2,Partial Conflict
HIST-02525,BLK-02525,COR-053,2026-09-28,23:00,240,Manual Rule-Based,3,67.8,Partial Conflict
HIST-02526,BLK-02526,COR-074,2026-09-14,02:30,60,Manual Rule-Based,7,69.3,Cancelled
HIST-02527,BLK-02527,COR-020,2026-09-17,23:00,300,AI Optimization Engine,1,90.7,Partial Conflict
HIST-02528,BLK-02528,COR-074,2026-09-25,22:00,180,AI Optimization Engine,0,96.9,Executed Cleanly
HIST-02529,BLK-02529,COR-078,2026-09-12,15:15,300,AI Optimization Engine,0,93.5,Executed Cleanly
HIST-02530,BLK-02530,COR-088,2026-09-21,06:15,120,Manual Rule-Based,3,74.8,Partial Conflict
HIST-02531,BLK-02531,COR-045,2026-09-16,08:00,120,AI Optimization Engine,0,94.4,Executed Cleanly
HIST-02532,BLK-02532,COR-061,2026-09-21,09:45,300,AI Optimization Engine,0,91.1,Executed Cleanly
HIST-02533,BLK-02533,COR-093,2026-09-16,05:30,60,AI Optimization Engine,1,88.5,Partial Conflict
HIST-02534,BLK-02534,COR-085,2026-09-17,11:00,60,AI Optimization Engine,1,91.4,Partial Conflict
HIST-02535,BLK-02535,COR-068,2026-09-10,20:15,240,Manual Rule-Based,8,71.0,Cancelled
HIST-02536,BLK-02536,COR-018,2026-09-28,14:00,60,Manual Rule-Based,8,68.2,Cancelled
HIST-02537,BLK-02537,COR-041,2026-09-26,11:15,180,AI Optimization Engine,0,85.1,Executed Cleanly
HIST-02538,BLK-02538,COR-087,2026-09-20,23:30,180,Manual Rule-Based,3,67.1,Partial Conflict
HIST-02539,BLK-02539,COR-009,2026-09-23,12:00,60,Manual Rule-Based,7,62.4,Cancelled
HIST-02540,BLK-02540,COR-051,2026-09-17,15:45,360,Manual Rule-Based,5,73.3,Cancelled
HIST-02541,BLK-02541,COR-042,2026-09-11,04:45,60,AI Optimization Engine,0,96.9,Executed Cleanly
HIST-02542,BLK-02542,COR-075,2026-09-11,23:15,120,Manual Rule-Based,7,70.1,Cancelled
HIST-02543,BLK-02543,COR-005,2026-09-11,17:30,360,Manual Rule-Based,7,70.9,Cancelled
HIST-02544,BLK-02544,COR-027,2026-09-19,02:45,360,AI Optimization Engine,0,93.8,Executed Cleanly
HIST-02545,BLK-02545,COR-055,2026-09-26,11:15,360,Manual Rule-Based,8,67.2,Cancelled
HIST-02546,BLK-02546,COR-058,2026-09-25,17:30,360,Manual Rule-Based,8,65.6,Cancelled
HIST-02547,BLK-02547,COR-082,2026-09-26,08:45,360,Manual Rule-Based,6,66.1,Cancelled
HIST-02548,BLK-02548,COR-008,2026-09-22,11:45,180,AI Optimization Engine,1,90.8,Partial Conflict
HIST-02549,BLK-02549,COR-022,2026-09-17,10:15,120,Manual Rule-Based,7,64.9,Cancelled
HIST-02550,BLK-02550,COR-038,2026-09-29,02:30,60,Manual Rule-Based,4,61.8,Cancelled
HIST-02551,BLK-02551,COR-072,2026-09-17,08:15,240,AI Optimization Engine,1,91.6,Partial Conflict
HIST-02552,BLK-02552,COR-049,2026-09-28,23:00,360,Manual Rule-Based,5,68.6,Cancelled
HIST-02553,BLK-02553,COR-080,2026-09-19,04:30,300,Manual Rule-Based,4,71.3,Cancelled
HIST-02554,BLK-02554,COR-085,2026-09-25,11:30,60,AI Optimization Engine,1,92.3,Partial Conflict
HIST-02555,BLK-02555,COR-036,2026-09-11,03:15,300,Manual Rule-Based,4,61.5,Cancelled
HIST-02556,BLK-02556,COR-089,2026-09-21,22:00,240,AI Optimization Engine,1,93.2,Partial Conflict
HIST-02557,BLK-02557,COR-071,2026-09-27,10:15,360,Manual Rule-Based,7,62.2,Cancelled
HIST-02558,BLK-02558,COR-027,2026-09-10,12:45,360,Manual Rule-Based,8,70.1,Cancelled
HIST-02559,BLK-02559,COR-010,2026-09-28,13:15,180,Manual Rule-Based,4,62.4,Cancelled
HIST-02560,BLK-02560,COR-044,2026-09-11,22:30,120,AI Optimization Engine,1,86.5,Partial Conflict
HIST-02561,BLK-02561,COR-057,2026-09-16,09:45,360,Manual Rule-Based,3,74.6,Partial Conflict
HIST-02562,BLK-02562,COR-008,2026-09-16,23:15,360,AI Optimization Engine,1,85.9,Partial Conflict
HIST-02563,BLK-02563,COR-012,2026-09-29,20:15,120,Manual Rule-Based,3,63.3,Partial Conflict
HIST-02564,BLK-02564,COR-081,2026-09-21,09:30,120,Manual Rule-Based,8,70.6,Cancelled
HIST-02565,BLK-02565,COR-093,2026-09-23,23:45,120,Manual Rule-Based,7,61.2,Cancelled
HIST-02566,BLK-02566,COR-074,2026-09-26,19:30,60,Manual Rule-Based,6,64.3,Cancelled
HIST-02567,BLK-02567,COR-091,2026-09-23,03:45,300,AI Optimization Engine,0,85.0,Executed Cleanly
HIST-02568,BLK-02568,COR-053,2026-09-11,14:30,240,Manual Rule-Based,4,72.8,Cancelled
HIST-02569,BLK-02569,COR-061,2026-09-19,13:00,240,Manual Rule-Based,6,63.5,Cancelled
HIST-02570,BLK-02570,COR-031,2026-09-11,01:15,60,Manual Rule-Based,7,75.1,Cancelled
HIST-02571,BLK-02571,COR-006,2026-09-26,21:30,360,AI Optimization Engine,0,92.7,Executed Cleanly
HIST-02572,BLK-02572,COR-039,2026-09-15,13:30,240,AI Optimization Engine,1,94.9,Partial Conflict
HIST-02573,BLK-02573,COR-051,2026-09-21,14:15,180,Manual Rule-Based,4,73.2,Cancelled
HIST-02574,BLK-02574,COR-007,2026-09-22,07:15,300,Manual Rule-Based,8,62.7,Cancelled
HIST-02575,BLK-02575,COR-038,2026-09-11,16:15,360,Manual Rule-Based,3,64.9,Partial Conflict
HIST-02576,BLK-02576,COR-056,2026-09-10,17:00,120,AI Optimization Engine,1,94.3,Partial Conflict
HIST-02577,BLK-02577,COR-046,2026-09-29,01:45,180,Manual Rule-Based,3,67.5,Partial Conflict
HIST-02578,BLK-02578,COR-083,2026-09-29,18:15,180,AI Optimization Engine,0,90.9,Executed Cleanly
HIST-02579,BLK-02579,COR-008,2026-09-21,01:00,120,Manual Rule-Based,3,75.1,Partial Conflict
HIST-02580,BLK-02580,COR-099,2026-09-13,18:00,60,AI Optimization Engine,1,95.4,Partial Conflict
HIST-02581,BLK-02581,COR-036,2026-09-18,15:00,60,AI Optimization Engine,0,94.9,Executed Cleanly
HIST-02582,BLK-02582,COR-038,2026-09-10,11:30,240,Manual Rule-Based,8,61.6,Cancelled
HIST-02583,BLK-02583,COR-024,2026-09-18,23:45,120,Manual Rule-Based,6,75.1,Cancelled
HIST-02584,BLK-02584,COR-015,2026-09-20,09:15,180,AI Optimization Engine,1,90.0,Partial Conflict
HIST-02585,BLK-02585,COR-070,2026-09-12,19:45,120,Manual Rule-Based,5,71.2,Cancelled
HIST-02586,BLK-02586,COR-089,2026-09-21,07:45,360,AI Optimization Engine,1,88.9,Partial Conflict
HIST-02587,BLK-02587,COR-051,2026-09-09,16:15,60,Manual Rule-Based,6,67.0,Cancelled
HIST-02588,BLK-02588,COR-052,2026-09-10,04:30,180,AI Optimization Engine,0,95.4,Executed Cleanly
HIST-02589,BLK-02589,COR-057,2026-09-12,23:30,300,AI Optimization Engine,0,90.7,Executed Cleanly
HIST-02590,BLK-02590,COR-014,2026-09-22,20:30,300,AI Optimization Engine,0,90.1,Executed Cleanly
HIST-02591,BLK-02591,COR-091,2026-09-23,02:30,300,Manual Rule-Based,5,61.5,Cancelled
HIST-02592,BLK-02592,COR-064,2026-09-09,11:45,60,AI Optimization Engine,0,89.7,Executed Cleanly
HIST-02593,BLK-02593,COR-055,2026-09-23,01:30,240,AI Optimization Engine,1,96.1,Partial Conflict
HIST-02594,BLK-02594,COR-076,2026-09-25,00:00,60,Manual Rule-Based,8,63.6,Cancelled
HIST-02595,BLK-02595,COR-075,2026-09-09,06:00,360,Manual Rule-Based,7,69.1,Cancelled
HIST-02596,BLK-02596,COR-005,2026-09-24,22:30,180,Manual Rule-Based,4,72.7,Cancelled
HIST-02597,BLK-02597,COR-025,2026-09-14,21:00,360,Manual Rule-Based,5,72.9,Cancelled
HIST-02598,BLK-02598,COR-091,2026-09-16,00:45,240,AI Optimization Engine,1,91.7,Partial Conflict
HIST-02599,BLK-02599,COR-095,2026-09-10,14:15,360,AI Optimization Engine,1,91.9,Partial Conflict
HIST-02600,BLK-02600,COR-096,2026-09-11,07:45,300,Manual Rule-Based,5,66.6,Cancelled
HIST-02601,BLK-02601,COR-075,2026-09-19,07:00,360,AI Optimization Engine,1,93.7,Partial Conflict
HIST-02602,BLK-02602,COR-088,2026-09-15,04:15,360,AI Optimization Engine,1,97.1,Partial Conflict
HIST-02603,BLK-02603,COR-058,2026-09-17,05:15,180,Manual Rule-Based,7,60.1,Cancelled
HIST-02604,BLK-02604,COR-041,2026-09-26,06:00,120,Manual Rule-Based,3,68.3,Partial Conflict
HIST-02605,BLK-02605,COR-085,2026-09-10,07:45,60,AI Optimization Engine,0,87.7,Executed Cleanly
HIST-02606,BLK-02606,COR-092,2026-09-18,04:45,300,Manual Rule-Based,3,66.5,Partial Conflict
HIST-02607,BLK-02607,COR-093,2026-09-20,23:45,180,Manual Rule-Based,6,68.0,Cancelled
HIST-02608,BLK-02608,COR-049,2026-09-14,09:00,120,AI Optimization Engine,1,86.9,Partial Conflict
HIST-02609,BLK-02609,COR-023,2026-09-09,05:15,60,Manual Rule-Based,5,73.1,Cancelled
HIST-02610,BLK-02610,COR-059,2026-09-18,09:00,300,Manual Rule-Based,6,63.0,Cancelled
HIST-02611,BLK-02611,COR-097,2026-09-17,01:30,360,Manual Rule-Based,8,66.8,Cancelled
HIST-02612,BLK-02612,COR-086,2026-09-12,14:45,240,AI Optimization Engine,1,90.5,Partial Conflict
HIST-02613,BLK-02613,COR-053,2026-09-22,19:30,300,AI Optimization Engine,0,97.2,Executed Cleanly
HIST-02614,BLK-02614,COR-006,2026-09-16,11:15,240,Manual Rule-Based,3,68.2,Partial Conflict
HIST-02615,BLK-02615,COR-064,2026-09-25,12:00,180,Manual Rule-Based,7,67.6,Cancelled
HIST-02616,BLK-02616,COR-063,2026-09-25,05:15,300,Manual Rule-Based,4,64.0,Cancelled
HIST-02617,BLK-02617,COR-051,2026-09-24,04:00,120,AI Optimization Engine,0,91.0,Executed Cleanly
HIST-02618,BLK-02618,COR-076,2026-09-14,12:45,60,Manual Rule-Based,6,73.0,Cancelled
HIST-02619,BLK-02619,COR-024,2026-09-24,05:30,360,AI Optimization Engine,0,90.9,Executed Cleanly
HIST-02620,BLK-02620,COR-057,2026-09-14,09:00,360,Manual Rule-Based,8,70.6,Cancelled
HIST-02621,BLK-02621,COR-056,2026-09-26,15:15,300,Manual Rule-Based,8,68.7,Cancelled
HIST-02622,BLK-02622,COR-098,2026-09-18,18:30,120,Manual Rule-Based,5,66.3,Cancelled
HIST-02623,BLK-02623,COR-018,2026-09-24,20:15,360,Manual Rule-Based,7,72.5,Cancelled
HIST-02624,BLK-02624,COR-029,2026-09-20,07:30,300,AI Optimization Engine,1,90.8,Partial Conflict
HIST-02625,BLK-02625,COR-070,2026-09-16,00:00,120,AI Optimization Engine,0,89.9,Executed Cleanly
HIST-02626,BLK-02626,COR-025,2026-09-09,21:15,60,Manual Rule-Based,4,60.1,Cancelled
HIST-02627,BLK-02627,COR-047,2026-09-23,20:45,240,AI Optimization Engine,1,91.7,Partial Conflict
HIST-02628,BLK-02628,COR-062,2026-09-09,12:30,360,Manual Rule-Based,8,74.3,Cancelled
HIST-02629,BLK-02629,COR-013,2026-09-12,00:00,60,Manual Rule-Based,4,68.7,Cancelled
HIST-02630,BLK-02630,COR-081,2026-09-26,21:30,300,AI Optimization Engine,1,91.3,Partial Conflict
HIST-02631,BLK-02631,COR-029,2026-09-27,22:45,360,AI Optimization Engine,1,90.3,Partial Conflict
HIST-02632,BLK-02632,COR-013,2026-09-24,08:30,300,AI Optimization Engine,1,85.4,Partial Conflict
HIST-02633,BLK-02633,COR-002,2026-09-23,11:15,180,AI Optimization Engine,0,89.0,Executed Cleanly
HIST-02634,BLK-02634,COR-054,2026-09-13,04:45,180,Manual Rule-Based,8,73.6,Cancelled
HIST-02635,BLK-02635,COR-094,2026-09-13,06:00,180,AI Optimization Engine,0,97.1,Executed Cleanly
HIST-02636,BLK-02636,COR-073,2026-09-13,10:15,360,AI Optimization Engine,0,86.1,Executed Cleanly
HIST-02637,BLK-02637,COR-001,2026-09-20,16:15,60,AI Optimization Engine,0,94.7,Executed Cleanly
HIST-02638,BLK-02638,COR-008,2026-09-19,00:30,300,Manual Rule-Based,8,65.9,Cancelled
HIST-02639,BLK-02639,COR-086,2026-09-29,09:00,240,Manual Rule-Based,5,69.7,Cancelled
HIST-02640,BLK-02640,COR-065,2026-09-29,20:15,300,Manual Rule-Based,8,65.8,Cancelled
HIST-02641,BLK-02641,COR-078,2026-09-18,23:00,360,AI Optimization Engine,1,86.0,Partial Conflict
HIST-02642,BLK-02642,COR-097,2026-09-25,05:15,120,AI Optimization Engine,0,95.9,Executed Cleanly
HIST-02643,BLK-02643,COR-056,2026-09-21,09:45,240,AI Optimization Engine,1,87.3,Partial Conflict
HIST-02644,BLK-02644,COR-002,2026-09-16,12:15,360,Manual Rule-Based,7,66.6,Cancelled
HIST-02645,BLK-02645,COR-089,2026-09-14,12:45,180,AI Optimization Engine,0,86.4,Executed Cleanly
HIST-02646,BLK-02646,COR-050,2026-09-29,18:45,300,AI Optimization Engine,0,85.8,Executed Cleanly
HIST-02647,BLK-02647,COR-036,2026-09-21,02:30,180,AI Optimization Engine,0,95.5,Executed Cleanly
HIST-02648,BLK-02648,COR-096,2026-09-29,23:15,180,AI Optimization Engine,0,94.1,Executed Cleanly
HIST-02649,BLK-02649,COR-100,2026-09-29,02:00,300,Manual Rule-Based,8,70.7,Cancelled
HIST-02650,BLK-02650,COR-031,2026-09-17,19:00,60,AI Optimization Engine,1,95.4,Partial Conflict
HIST-02651,BLK-02651,COR-039,2026-09-27,19:00,240,Manual Rule-Based,5,70.5,Cancelled
HIST-02652,BLK-02652,COR-011,2026-09-09,02:00,180,AI Optimization Engine,0,86.1,Executed Cleanly
HIST-02653,BLK-02653,COR-091,2026-09-26,11:15,300,AI Optimization Engine,0,90.0,Executed Cleanly
HIST-02654,BLK-02654,COR-028,2026-09-25,08:00,60,Manual Rule-Based,4,74.5,Cancelled
HIST-02655,BLK-02655,COR-096,2026-09-21,20:45,120,AI Optimization Engine,0,96.7,Executed Cleanly
HIST-02656,BLK-02656,COR-009,2026-09-11,18:15,240,AI Optimization Engine,1,94.9,Partial Conflict
HIST-02657,BLK-02657,COR-078,2026-09-17,00:45,360,AI Optimization Engine,0,96.1,Executed Cleanly
HIST-02658,BLK-02658,COR-086,2026-09-12,16:30,60,AI Optimization Engine,1,91.6,Partial Conflict
HIST-02659,BLK-02659,COR-001,2026-09-11,08:15,360,Manual Rule-Based,7,71.4,Cancelled
HIST-02660,BLK-02660,COR-090,2026-09-14,17:45,60,AI Optimization Engine,1,95.5,Partial Conflict
HIST-02661,BLK-02661,COR-018,2026-09-21,10:00,300,Manual Rule-Based,7,62.4,Cancelled
HIST-02662,BLK-02662,COR-067,2026-09-29,03:45,240,Manual Rule-Based,7,67.2,Cancelled
HIST-02663,BLK-02663,COR-093,2026-09-20,13:45,360,Manual Rule-Based,4,75.6,Cancelled
HIST-02664,BLK-02664,COR-015,2026-09-17,20:45,180,AI Optimization Engine,1,86.8,Partial Conflict
HIST-02665,BLK-02665,COR-008,2026-09-26,11:15,180,AI Optimization Engine,1,89.4,Partial Conflict
HIST-02666,BLK-02666,COR-085,2026-09-15,23:30,60,Manual Rule-Based,5,75.7,Cancelled
HIST-02667,BLK-02667,COR-071,2026-09-19,18:00,120,AI Optimization Engine,0,87.2,Executed Cleanly
HIST-02668,BLK-02668,COR-067,2026-09-21,02:45,360,AI Optimization Engine,0,95.4,Executed Cleanly
HIST-02669,BLK-02669,COR-014,2026-09-15,18:30,180,Manual Rule-Based,4,70.9,Cancelled
HIST-02670,BLK-02670,COR-002,2026-09-20,15:00,300,AI Optimization Engine,0,92.0,Executed Cleanly
HIST-02671,BLK-02671,COR-088,2026-09-18,15:30,360,Manual Rule-Based,6,69.5,Cancelled
HIST-02672,BLK-02672,COR-086,2026-09-14,15:15,180,Manual Rule-Based,6,62.3,Cancelled
HIST-02673,BLK-02673,COR-052,2026-09-17,17:30,180,Manual Rule-Based,6,62.5,Cancelled
HIST-02674,BLK-02674,COR-016,2026-09-24,17:45,120,AI Optimization Engine,0,94.6,Executed Cleanly
HIST-02675,BLK-02675,COR-011,2026-09-22,02:30,300,AI Optimization Engine,1,93.4,Partial Conflict
HIST-02676,BLK-02676,COR-052,2026-09-28,03:15,60,AI Optimization Engine,1,91.3,Partial Conflict
HIST-02677,BLK-02677,COR-088,2026-09-12,11:45,180,AI Optimization Engine,1,88.0,Partial Conflict
HIST-02678,BLK-02678,COR-023,2026-09-29,06:45,180,Manual Rule-Based,5,64.3,Cancelled
HIST-02679,BLK-02679,COR-009,2026-09-10,20:30,240,AI Optimization Engine,0,89.8,Executed Cleanly
HIST-02680,BLK-02680,COR-025,2026-09-21,19:30,60,Manual Rule-Based,6,66.6,Cancelled
HIST-02681,BLK-02681,COR-093,2026-09-13,09:15,360,Manual Rule-Based,5,63.1,Cancelled
HIST-02682,BLK-02682,COR-036,2026-09-20,01:00,360,AI Optimization Engine,0,91.4,Executed Cleanly
HIST-02683,BLK-02683,COR-089,2026-09-10,05:30,360,AI Optimization Engine,1,89.8,Partial Conflict
HIST-02684,BLK-02684,COR-080,2026-09-22,17:15,240,AI Optimization Engine,1,85.1,Partial Conflict
HIST-02685,BLK-02685,COR-021,2026-09-18,01:45,60,Manual Rule-Based,7,69.8,Cancelled
HIST-02686,BLK-02686,COR-037,2026-09-16,01:45,300,AI Optimization Engine,0,97.0,Executed Cleanly
HIST-02687,BLK-02687,COR-081,2026-09-11,22:00,180,Manual Rule-Based,3,62.8,Partial Conflict
HIST-02688,BLK-02688,COR-043,2026-09-28,12:00,300,Manual Rule-Based,3,67.2,Partial Conflict
HIST-02689,BLK-02689,COR-051,2026-09-21,06:30,240,Manual Rule-Based,5,60.7,Cancelled
HIST-02690,BLK-02690,COR-011,2026-09-23,00:45,240,AI Optimization Engine,0,92.4,Executed Cleanly
HIST-02691,BLK-02691,COR-048,2026-09-22,06:45,60,AI Optimization Engine,0,93.1,Executed Cleanly
HIST-02692,BLK-02692,COR-029,2026-09-10,04:00,300,Manual Rule-Based,6,71.6,Cancelled
HIST-02693,BLK-02693,COR-046,2026-09-12,17:15,180,Manual Rule-Based,3,67.2,Partial Conflict
HIST-02694,BLK-02694,COR-032,2026-09-10,17:45,300,AI Optimization Engine,1,86.3,Partial Conflict
HIST-02695,BLK-02695,COR-029,2026-09-16,00:00,360,Manual Rule-Based,4,72.9,Cancelled
HIST-02696,BLK-02696,COR-061,2026-09-16,20:45,360,AI Optimization Engine,1,90.9,Partial Conflict
HIST-02697,BLK-02697,COR-029,2026-09-16,01:15,180,Manual Rule-Based,8,73.6,Cancelled
HIST-02698,BLK-02698,COR-078,2026-09-15,21:30,360,Manual Rule-Based,4,71.0,Cancelled
HIST-02699,BLK-02699,COR-040,2026-09-09,03:45,240,Manual Rule-Based,4,71.3,Cancelled
HIST-02700,BLK-02700,COR-002,2026-09-27,19:00,120,Manual Rule-Based,6,70.1,Cancelled
HIST-02701,BLK-02701,COR-075,2026-09-11,03:30,120,AI Optimization Engine,1,96.7,Partial Conflict
HIST-02702,BLK-02702,COR-034,2026-09-17,19:30,60,AI Optimization Engine,1,96.7,Partial Conflict
HIST-02703,BLK-02703,COR-052,2026-09-17,02:45,120,AI Optimization Engine,0,89.3,Executed Cleanly
HIST-02704,BLK-02704,COR-044,2026-09-20,11:30,60,AI Optimization Engine,1,93.1,Partial Conflict
HIST-02705,BLK-02705,COR-016,2026-09-28,17:30,60,Manual Rule-Based,3,64.2,Partial Conflict
HIST-02706,BLK-02706,COR-033,2026-09-18,13:00,60,AI Optimization Engine,1,87.9,Partial Conflict
HIST-02707,BLK-02707,COR-022,2026-09-22,03:45,360,Manual Rule-Based,3,62.0,Partial Conflict
HIST-02708,BLK-02708,COR-074,2026-09-11,21:00,60,Manual Rule-Based,5,66.4,Cancelled
HIST-02709,BLK-02709,COR-010,2026-09-11,09:30,180,Manual Rule-Based,5,60.5,Cancelled
HIST-02710,BLK-02710,COR-023,2026-09-15,11:15,120,AI Optimization Engine,1,95.7,Partial Conflict
HIST-02711,BLK-02711,COR-005,2026-09-19,14:15,360,Manual Rule-Based,3,65.4,Partial Conflict
HIST-02712,BLK-02712,COR-064,2026-09-22,02:00,360,AI Optimization Engine,0,87.0,Executed Cleanly
HIST-02713,BLK-02713,COR-100,2026-09-24,21:45,120,Manual Rule-Based,3,60.4,Partial Conflict
HIST-02714,BLK-02714,COR-068,2026-09-11,06:45,180,Manual Rule-Based,7,60.2,Cancelled
HIST-02715,BLK-02715,COR-005,2026-09-16,05:15,240,Manual Rule-Based,7,63.0,Cancelled
HIST-02716,BLK-02716,COR-008,2026-09-16,10:30,60,AI Optimization Engine,1,90.4,Partial Conflict
HIST-02717,BLK-02717,COR-086,2026-09-21,04:45,180,AI Optimization Engine,0,96.8,Executed Cleanly
HIST-02718,BLK-02718,COR-015,2026-09-16,19:00,360,Manual Rule-Based,5,66.4,Cancelled
HIST-02719,BLK-02719,COR-066,2026-09-09,01:00,120,AI Optimization Engine,1,87.7,Partial Conflict
HIST-02720,BLK-02720,COR-045,2026-09-18,14:45,240,Manual Rule-Based,6,75.1,Cancelled
HIST-02721,BLK-02721,COR-007,2026-09-25,20:00,120,AI Optimization Engine,0,94.3,Executed Cleanly
HIST-02722,BLK-02722,COR-084,2026-09-21,03:45,180,Manual Rule-Based,4,73.3,Cancelled
HIST-02723,BLK-02723,COR-057,2026-09-20,05:00,180,Manual Rule-Based,6,74.1,Cancelled
HIST-02724,BLK-02724,COR-022,2026-09-16,06:45,60,Manual Rule-Based,6,63.4,Cancelled
HIST-02725,BLK-02725,COR-004,2026-09-16,23:15,180,AI Optimization Engine,0,87.3,Executed Cleanly
HIST-02726,BLK-02726,COR-026,2026-09-12,21:45,360,AI Optimization Engine,0,90.4,Executed Cleanly
HIST-02727,BLK-02727,COR-100,2026-09-29,04:00,300,AI Optimization Engine,0,96.3,Executed Cleanly
HIST-02728,BLK-02728,COR-091,2026-09-25,05:00,240,Manual Rule-Based,5,66.4,Cancelled
HIST-02729,BLK-02729,COR-027,2026-09-13,14:00,60,AI Optimization Engine,0,95.3,Executed Cleanly
HIST-02730,BLK-02730,COR-028,2026-09-24,05:00,360,Manual Rule-Based,6,73.2,Cancelled
HIST-02731,BLK-02731,COR-091,2026-09-11,17:45,60,AI Optimization Engine,1,94.8,Partial Conflict
HIST-02732,BLK-02732,COR-069,2026-09-22,07:00,360,Manual Rule-Based,8,68.2,Cancelled
HIST-02733,BLK-02733,COR-067,2026-09-27,23:30,180,AI Optimization Engine,1,88.6,Partial Conflict
HIST-02734,BLK-02734,COR-091,2026-09-21,01:15,360,Manual Rule-Based,8,65.0,Cancelled
HIST-02735,BLK-02735,COR-093,2026-09-20,16:15,120,Manual Rule-Based,8,73.4,Cancelled
HIST-02736,BLK-02736,COR-031,2026-09-22,07:30,240,Manual Rule-Based,3,64.6,Partial Conflict
HIST-02737,BLK-02737,COR-087,2026-09-12,14:00,240,Manual Rule-Based,5,67.2,Cancelled
HIST-02738,BLK-02738,COR-098,2026-09-24,02:00,60,AI Optimization Engine,1,94.8,Partial Conflict
HIST-02739,BLK-02739,COR-068,2026-09-24,14:00,180,AI Optimization Engine,1,92.5,Partial Conflict
HIST-02740,BLK-02740,COR-060,2026-09-23,19:15,180,AI Optimization Engine,0,95.6,Executed Cleanly
HIST-02741,BLK-02741,COR-024,2026-09-27,13:45,240,Manual Rule-Based,7,65.1,Cancelled
HIST-02742,BLK-02742,COR-064,2026-09-25,17:15,180,Manual Rule-Based,7,73.7,Cancelled
HIST-02743,BLK-02743,COR-004,2026-09-15,12:30,60,AI Optimization Engine,1,94.1,Partial Conflict
HIST-02744,BLK-02744,COR-016,2026-09-12,11:15,240,Manual Rule-Based,8,73.2,Cancelled
HIST-02745,BLK-02745,COR-046,2026-09-23,18:45,120,AI Optimization Engine,0,89.8,Executed Cleanly
HIST-02746,BLK-02746,COR-008,2026-09-22,11:00,120,Manual Rule-Based,5,68.5,Cancelled
HIST-02747,BLK-02747,COR-003,2026-09-19,15:00,300,AI Optimization Engine,1,85.7,Partial Conflict
HIST-02748,BLK-02748,COR-073,2026-09-24,22:00,360,Manual Rule-Based,7,69.2,Cancelled
HIST-02749,BLK-02749,COR-077,2026-09-28,06:30,360,Manual Rule-Based,8,74.1,Cancelled
HIST-02750,BLK-02750,COR-069,2026-09-20,23:45,60,Manual Rule-Based,4,70.8,Cancelled
HIST-02751,BLK-02751,COR-065,2026-09-17,23:00,180,AI Optimization Engine,1,95.7,Partial Conflict
HIST-02752,BLK-02752,COR-076,2026-09-27,06:30,240,AI Optimization Engine,0,90.7,Executed Cleanly
HIST-02753,BLK-02753,COR-087,2026-09-12,02:30,240,AI Optimization Engine,1,87.0,Partial Conflict
HIST-02754,BLK-02754,COR-037,2026-09-12,15:00,360,AI Optimization Engine,0,87.2,Executed Cleanly
HIST-02755,BLK-02755,COR-048,2026-09-09,03:30,120,AI Optimization Engine,1,94.7,Partial Conflict
HIST-02756,BLK-02756,COR-099,2026-09-14,23:30,360,AI Optimization Engine,1,95.0,Partial Conflict
HIST-02757,BLK-02757,COR-019,2026-09-16,07:45,120,Manual Rule-Based,8,62.4,Cancelled
HIST-02758,BLK-02758,COR-077,2026-09-17,14:00,300,Manual Rule-Based,5,65.1,Cancelled
HIST-02759,BLK-02759,COR-017,2026-09-22,21:15,60,Manual Rule-Based,6,64.0,Cancelled
HIST-02760,BLK-02760,COR-004,2026-09-28,08:00,120,AI Optimization Engine,1,94.7,Partial Conflict
HIST-02761,BLK-02761,COR-019,2026-09-22,22:00,240,Manual Rule-Based,6,63.1,Cancelled
HIST-02762,BLK-02762,COR-082,2026-09-27,06:30,300,Manual Rule-Based,3,63.8,Partial Conflict
HIST-02763,BLK-02763,COR-056,2026-09-10,21:15,360,Manual Rule-Based,8,62.1,Cancelled
HIST-02764,BLK-02764,COR-072,2026-09-19,09:45,120,Manual Rule-Based,6,71.0,Cancelled
HIST-02765,BLK-02765,COR-011,2026-09-27,09:15,300,AI Optimization Engine,0,90.1,Executed Cleanly
HIST-02766,BLK-02766,COR-051,2026-09-16,23:30,360,Manual Rule-Based,6,67.3,Cancelled
HIST-02767,BLK-02767,COR-012,2026-09-15,04:15,240,AI Optimization Engine,0,95.5,Executed Cleanly
HIST-02768,BLK-02768,COR-052,2026-09-18,23:30,360,AI Optimization Engine,0,94.4,Executed Cleanly
HIST-02769,BLK-02769,COR-024,2026-09-22,14:30,240,Manual Rule-Based,4,70.7,Cancelled
HIST-02770,BLK-02770,COR-037,2026-09-14,01:15,180,Manual Rule-Based,8,66.5,Cancelled
HIST-02771,BLK-02771,COR-070,2026-09-12,10:30,60,Manual Rule-Based,7,69.4,Cancelled
HIST-02772,BLK-02772,COR-040,2026-09-25,18:00,240,AI Optimization Engine,1,88.0,Partial Conflict
HIST-02773,BLK-02773,COR-077,2026-09-16,06:30,360,AI Optimization Engine,0,85.4,Executed Cleanly
HIST-02774,BLK-02774,COR-050,2026-09-12,14:00,300,AI Optimization Engine,1,96.5,Partial Conflict
HIST-02775,BLK-02775,COR-043,2026-09-29,00:15,120,AI Optimization Engine,0,91.5,Executed Cleanly
HIST-02776,BLK-02776,COR-035,2026-09-21,15:15,240,AI Optimization Engine,0,93.2,Executed Cleanly
HIST-02777,BLK-02777,COR-032,2026-09-09,03:45,60,Manual Rule-Based,5,66.7,Cancelled
HIST-02778,BLK-02778,COR-030,2026-09-29,12:15,60,Manual Rule-Based,8,62.3,Cancelled
HIST-02779,BLK-02779,COR-064,2026-09-23,17:30,60,Manual Rule-Based,3,65.6,Partial Conflict
HIST-02780,BLK-02780,COR-065,2026-09-16,04:45,240,AI Optimization Engine,0,95.1,Executed Cleanly
HIST-02781,BLK-02781,COR-078,2026-09-17,21:45,300,Manual Rule-Based,8,63.3,Cancelled
HIST-02782,BLK-02782,COR-033,2026-09-16,03:45,60,Manual Rule-Based,6,69.0,Cancelled
HIST-02783,BLK-02783,COR-007,2026-09-26,05:30,300,AI Optimization Engine,1,94.5,Partial Conflict
HIST-02784,BLK-02784,COR-031,2026-09-16,21:00,300,Manual Rule-Based,4,74.6,Cancelled
HIST-02785,BLK-02785,COR-053,2026-09-13,03:00,300,Manual Rule-Based,3,66.3,Partial Conflict
HIST-02786,BLK-02786,COR-052,2026-09-24,03:45,120,Manual Rule-Based,8,71.8,Cancelled
HIST-02787,BLK-02787,COR-068,2026-09-23,18:00,120,AI Optimization Engine,0,86.8,Executed Cleanly
HIST-02788,BLK-02788,COR-003,2026-09-11,18:00,180,Manual Rule-Based,5,71.4,Cancelled
HIST-02789,BLK-02789,COR-040,2026-09-23,09:00,300,AI Optimization Engine,0,90.7,Executed Cleanly
HIST-02790,BLK-02790,COR-077,2026-09-09,23:15,300,Manual Rule-Based,5,61.1,Cancelled
HIST-02791,BLK-02791,COR-058,2026-09-24,06:00,60,Manual Rule-Based,6,66.8,Cancelled
HIST-02792,BLK-02792,COR-055,2026-09-17,04:00,300,Manual Rule-Based,3,68.1,Partial Conflict
HIST-02793,BLK-02793,COR-054,2026-09-11,01:30,300,Manual Rule-Based,4,73.1,Cancelled
HIST-02794,BLK-02794,COR-096,2026-09-11,17:15,120,AI Optimization Engine,1,96.9,Partial Conflict
HIST-02795,BLK-02795,COR-041,2026-09-15,15:00,120,AI Optimization Engine,0,86.3,Executed Cleanly
HIST-02796,BLK-02796,COR-025,2026-09-18,16:45,360,AI Optimization Engine,0,86.6,Executed Cleanly
HIST-02797,BLK-02797,COR-054,2026-09-12,16:45,180,Manual Rule-Based,8,61.7,Cancelled
HIST-02798,BLK-02798,COR-035,2026-09-29,19:45,120,AI Optimization Engine,0,87.5,Executed Cleanly
HIST-02799,BLK-02799,COR-093,2026-09-17,15:15,60,AI Optimization Engine,1,91.4,Partial Conflict
HIST-02800,BLK-02800,COR-037,2026-09-22,20:00,300,AI Optimization Engine,1,93.1,Partial Conflict
HIST-02801,BLK-02801,COR-025,2026-09-10,20:30,120,Manual Rule-Based,7,75.1,Cancelled
HIST-02802,BLK-02802,COR-005,2026-09-19,15:30,360,Manual Rule-Based,3,61.7,Partial Conflict
HIST-02803,BLK-02803,COR-071,2026-09-13,03:45,60,AI Optimization Engine,0,94.8,Executed Cleanly
HIST-02804,BLK-02804,COR-059,2026-09-15,15:15,60,AI Optimization Engine,1,95.6,Partial Conflict
HIST-02805,BLK-02805,COR-008,2026-09-28,14:45,300,AI Optimization Engine,0,85.6,Executed Cleanly
HIST-02806,BLK-02806,COR-037,2026-09-16,21:45,360,Manual Rule-Based,7,73.7,Cancelled
HIST-02807,BLK-02807,COR-095,2026-09-16,13:00,240,AI Optimization Engine,0,97.2,Executed Cleanly
HIST-02808,BLK-02808,COR-024,2026-09-27,06:30,240,Manual Rule-Based,7,74.6,Cancelled
HIST-02809,BLK-02809,COR-098,2026-09-26,14:45,60,AI Optimization Engine,0,94.4,Executed Cleanly
HIST-02810,BLK-02810,COR-004,2026-09-28,06:00,300,Manual Rule-Based,4,74.6,Cancelled
HIST-02811,BLK-02811,COR-007,2026-09-09,17:45,240,Manual Rule-Based,4,70.1,Cancelled
HIST-02812,BLK-02812,COR-063,2026-09-26,23:15,60,AI Optimization Engine,0,91.5,Executed Cleanly
HIST-02813,BLK-02813,COR-014,2026-09-27,05:30,360,Manual Rule-Based,3,63.0,Partial Conflict
HIST-02814,BLK-02814,COR-090,2026-09-18,19:15,300,Manual Rule-Based,8,67.9,Cancelled
HIST-02815,BLK-02815,COR-037,2026-09-25,23:30,360,AI Optimization Engine,1,89.8,Partial Conflict
HIST-02816,BLK-02816,COR-093,2026-09-18,20:30,360,AI Optimization Engine,1,86.0,Partial Conflict
HIST-02817,BLK-02817,COR-064,2026-09-09,04:45,360,Manual Rule-Based,5,68.2,Cancelled
HIST-02818,BLK-02818,COR-050,2026-09-22,03:15,360,AI Optimization Engine,0,97.3,Executed Cleanly
HIST-02819,BLK-02819,COR-055,2026-09-15,14:15,60,AI Optimization Engine,0,86.0,Executed Cleanly
HIST-02820,BLK-02820,COR-048,2026-09-17,01:00,360,AI Optimization Engine,1,97.4,Partial Conflict
HIST-02821,BLK-02821,COR-066,2026-09-25,15:15,120,Manual Rule-Based,6,66.0,Cancelled
HIST-02822,BLK-02822,COR-077,2026-09-17,11:45,360,Manual Rule-Based,4,64.5,Cancelled
HIST-02823,BLK-02823,COR-038,2026-09-13,05:30,120,Manual Rule-Based,7,66.9,Cancelled
HIST-02824,BLK-02824,COR-066,2026-09-15,04:30,120,Manual Rule-Based,6,70.9,Cancelled
HIST-02825,BLK-02825,COR-089,2026-09-22,00:15,120,Manual Rule-Based,3,70.4,Partial Conflict
HIST-02826,BLK-02826,COR-083,2026-09-26,16:00,120,AI Optimization Engine,0,96.5,Executed Cleanly
HIST-02827,BLK-02827,COR-021,2026-09-18,02:15,60,Manual Rule-Based,5,70.6,Cancelled
HIST-02828,BLK-02828,COR-024,2026-09-22,21:15,60,AI Optimization Engine,1,85.8,Partial Conflict
HIST-02829,BLK-02829,COR-003,2026-09-09,02:15,240,AI Optimization Engine,1,89.3,Partial Conflict
HIST-02830,BLK-02830,COR-039,2026-09-22,06:00,300,AI Optimization Engine,1,95.1,Partial Conflict
HIST-02831,BLK-02831,COR-014,2026-09-14,21:00,120,AI Optimization Engine,0,92.6,Executed Cleanly
HIST-02832,BLK-02832,COR-048,2026-09-18,11:45,300,Manual Rule-Based,5,61.5,Cancelled
HIST-02833,BLK-02833,COR-039,2026-09-25,21:00,360,AI Optimization Engine,1,92.3,Partial Conflict
HIST-02834,BLK-02834,COR-054,2026-09-15,01:15,60,Manual Rule-Based,3,69.2,Partial Conflict
HIST-02835,BLK-02835,COR-085,2026-09-24,03:30,120,Manual Rule-Based,7,61.8,Cancelled
HIST-02836,BLK-02836,COR-080,2026-09-26,14:00,180,Manual Rule-Based,5,71.7,Cancelled
HIST-02837,BLK-02837,COR-057,2026-09-23,14:45,360,AI Optimization Engine,1,94.5,Partial Conflict
HIST-02838,BLK-02838,COR-022,2026-09-28,21:15,360,Manual Rule-Based,7,68.4,Cancelled
HIST-02839,BLK-02839,COR-035,2026-09-21,04:45,240,AI Optimization Engine,1,86.2,Partial Conflict
HIST-02840,BLK-02840,COR-056,2026-09-26,17:15,360,Manual Rule-Based,5,72.5,Cancelled
HIST-02841,BLK-02841,COR-091,2026-09-29,05:15,300,AI Optimization Engine,1,95.5,Partial Conflict
HIST-02842,BLK-02842,COR-074,2026-09-26,02:30,60,Manual Rule-Based,6,64.4,Cancelled
HIST-02843,BLK-02843,COR-074,2026-09-12,13:00,240,Manual Rule-Based,4,74.5,Cancelled
HIST-02844,BLK-02844,COR-058,2026-09-15,01:45,60,AI Optimization Engine,0,91.7,Executed Cleanly
HIST-02845,BLK-02845,COR-047,2026-09-10,01:45,240,Manual Rule-Based,5,70.5,Cancelled
HIST-02846,BLK-02846,COR-054,2026-09-19,02:30,360,Manual Rule-Based,5,67.1,Cancelled
HIST-02847,BLK-02847,COR-013,2026-09-11,01:45,360,Manual Rule-Based,8,60.7,Cancelled
HIST-02848,BLK-02848,COR-070,2026-09-10,13:45,300,Manual Rule-Based,8,60.3,Cancelled
HIST-02849,BLK-02849,COR-100,2026-09-13,11:15,300,AI Optimization Engine,0,90.5,Executed Cleanly
HIST-02850,BLK-02850,COR-058,2026-09-26,17:15,180,AI Optimization Engine,0,95.6,Executed Cleanly
HIST-02851,BLK-02851,COR-061,2026-09-22,19:45,360,Manual Rule-Based,5,65.4,Cancelled
HIST-02852,BLK-02852,COR-003,2026-09-14,02:15,60,Manual Rule-Based,7,66.8,Cancelled
HIST-02853,BLK-02853,COR-018,2026-09-14,11:15,120,Manual Rule-Based,8,70.6,Cancelled
HIST-02854,BLK-02854,COR-056,2026-09-16,05:15,360,Manual Rule-Based,6,66.8,Cancelled
HIST-02855,BLK-02855,COR-049,2026-09-13,01:00,180,Manual Rule-Based,7,65.6,Cancelled
HIST-02856,BLK-02856,COR-084,2026-09-28,12:15,240,Manual Rule-Based,5,69.9,Cancelled
HIST-02857,BLK-02857,COR-011,2026-09-11,21:30,360,AI Optimization Engine,1,88.7,Partial Conflict
HIST-02858,BLK-02858,COR-001,2026-09-21,12:00,180,AI Optimization Engine,1,87.6,Partial Conflict
HIST-02859,BLK-02859,COR-026,2026-09-14,16:00,60,AI Optimization Engine,1,86.1,Partial Conflict
HIST-02860,BLK-02860,COR-075,2026-09-09,16:00,180,Manual Rule-Based,3,64.0,Partial Conflict
HIST-02861,BLK-02861,COR-044,2026-09-12,22:30,60,AI Optimization Engine,1,85.3,Partial Conflict
HIST-02862,BLK-02862,COR-027,2026-09-18,14:45,240,Manual Rule-Based,5,64.8,Cancelled
HIST-02863,BLK-02863,COR-052,2026-09-18,23:15,180,Manual Rule-Based,8,73.5,Cancelled
HIST-02864,BLK-02864,COR-031,2026-09-21,09:15,240,AI Optimization Engine,1,88.6,Partial Conflict
HIST-02865,BLK-02865,COR-018,2026-09-21,22:00,240,AI Optimization Engine,0,85.9,Executed Cleanly
HIST-02866,BLK-02866,COR-016,2026-09-10,09:00,60,AI Optimization Engine,1,93.7,Partial Conflict
HIST-02867,BLK-02867,COR-014,2026-09-14,00:15,180,Manual Rule-Based,8,73.3,Cancelled
HIST-02868,BLK-02868,COR-004,2026-09-13,01:15,120,AI Optimization Engine,0,97.5,Executed Cleanly
HIST-02869,BLK-02869,COR-006,2026-09-20,03:30,360,Manual Rule-Based,7,76.0,Cancelled
HIST-02870,BLK-02870,COR-055,2026-09-23,02:15,180,AI Optimization Engine,0,87.3,Executed Cleanly
HIST-02871,BLK-02871,COR-027,2026-09-21,08:15,60,Manual Rule-Based,5,66.1,Cancelled
HIST-02872,BLK-02872,COR-014,2026-09-20,06:45,300,Manual Rule-Based,7,64.4,Cancelled
HIST-02873,BLK-02873,COR-016,2026-09-15,22:30,60,Manual Rule-Based,5,60.9,Cancelled
HIST-02874,BLK-02874,COR-055,2026-09-19,18:15,180,AI Optimization Engine,1,93.9,Partial Conflict
HIST-02875,BLK-02875,COR-063,2026-09-29,19:30,60,AI Optimization Engine,0,90.6,Executed Cleanly
HIST-02876,BLK-02876,COR-069,2026-09-26,18:15,300,Manual Rule-Based,6,68.4,Cancelled
HIST-02877,BLK-02877,COR-036,2026-09-18,13:15,120,AI Optimization Engine,1,86.1,Partial Conflict
HIST-02878,BLK-02878,COR-015,2026-09-17,07:15,240,AI Optimization Engine,1,94.3,Partial Conflict
HIST-02879,BLK-02879,COR-063,2026-09-23,06:15,180,Manual Rule-Based,3,61.3,Partial Conflict
HIST-02880,BLK-02880,COR-005,2026-09-29,02:00,180,Manual Rule-Based,5,74.3,Cancelled
HIST-02881,BLK-02881,COR-004,2026-09-14,21:45,240,Manual Rule-Based,6,62.4,Cancelled
HIST-02882,BLK-02882,COR-059,2026-09-15,14:30,60,AI Optimization Engine,0,92.8,Executed Cleanly
HIST-02883,BLK-02883,COR-037,2026-09-20,15:15,180,AI Optimization Engine,0,85.2,Executed Cleanly
HIST-02884,BLK-02884,COR-014,2026-09-29,14:45,120,Manual Rule-Based,6,66.2,Cancelled
HIST-02885,BLK-02885,COR-023,2026-09-11,09:30,120,AI Optimization Engine,1,90.2,Partial Conflict
HIST-02886,BLK-02886,COR-062,2026-09-18,05:45,360,Manual Rule-Based,6,62.2,Cancelled
HIST-02887,BLK-02887,COR-061,2026-09-18,10:15,180,AI Optimization Engine,1,88.5,Partial Conflict
HIST-02888,BLK-02888,COR-089,2026-09-13,15:00,120,AI Optimization Engine,1,90.2,Partial Conflict
HIST-02889,BLK-02889,COR-077,2026-09-21,23:00,240,AI Optimization Engine,1,94.8,Partial Conflict
HIST-02890,BLK-02890,COR-034,2026-09-14,01:30,300,AI Optimization Engine,1,93.2,Partial Conflict
HIST-02891,BLK-02891,COR-099,2026-09-09,20:15,60,Manual Rule-Based,4,64.3,Cancelled
HIST-02892,BLK-02892,COR-060,2026-09-15,15:00,360,Manual Rule-Based,3,67.5,Partial Conflict
HIST-02893,BLK-02893,COR-046,2026-09-12,20:30,180,AI Optimization Engine,0,90.9,Executed Cleanly
HIST-02894,BLK-02894,COR-027,2026-09-24,23:00,240,AI Optimization Engine,1,92.5,Partial Conflict
HIST-02895,BLK-02895,COR-002,2026-09-26,06:30,120,AI Optimization Engine,1,89.0,Partial Conflict
HIST-02896,BLK-02896,COR-034,2026-09-27,11:15,60,AI Optimization Engine,1,90.6,Partial Conflict
HIST-02897,BLK-02897,COR-041,2026-09-21,08:00,120,AI Optimization Engine,0,96.5,Executed Cleanly
HIST-02898,BLK-02898,COR-090,2026-09-23,15:00,360,AI Optimization Engine,0,96.3,Executed Cleanly
HIST-02899,BLK-02899,COR-008,2026-09-11,07:30,60,Manual Rule-Based,4,73.9,Cancelled
HIST-02900,BLK-02900,COR-072,2026-09-13,19:45,300,Manual Rule-Based,7,72.8,Cancelled
HIST-02901,BLK-02901,COR-004,2026-09-26,20:30,240,Manual Rule-Based,8,73.5,Cancelled
HIST-02902,BLK-02902,COR-038,2026-09-13,03:00,120,Manual Rule-Based,4,73.1,Cancelled
HIST-02903,BLK-02903,COR-034,2026-09-24,09:30,120,Manual Rule-Based,8,72.2,Cancelled
HIST-02904,BLK-02904,COR-039,2026-09-12,07:45,300,Manual Rule-Based,3,60.1,Partial Conflict
HIST-02905,BLK-02905,COR-084,2026-09-10,13:15,360,Manual Rule-Based,8,67.6,Cancelled
HIST-02906,BLK-02906,COR-094,2026-09-25,05:30,60,AI Optimization Engine,1,85.1,Partial Conflict
HIST-02907,BLK-02907,COR-073,2026-09-17,07:30,60,Manual Rule-Based,8,74.0,Cancelled
HIST-02908,BLK-02908,COR-028,2026-09-20,06:45,360,AI Optimization Engine,0,95.6,Executed Cleanly
HIST-02909,BLK-02909,COR-020,2026-09-11,04:45,120,AI Optimization Engine,1,86.1,Partial Conflict
HIST-02910,BLK-02910,COR-093,2026-09-27,19:15,180,AI Optimization Engine,1,94.6,Partial Conflict
HIST-02911,BLK-02911,COR-058,2026-09-16,07:45,360,Manual Rule-Based,3,63.8,Partial Conflict
HIST-02912,BLK-02912,COR-019,2026-09-16,02:00,360,AI Optimization Engine,0,86.2,Executed Cleanly
HIST-02913,BLK-02913,COR-060,2026-09-26,18:15,360,Manual Rule-Based,4,67.3,Cancelled
HIST-02914,BLK-02914,COR-011,2026-09-16,21:15,300,Manual Rule-Based,7,60.1,Cancelled
HIST-02915,BLK-02915,COR-062,2026-09-10,06:15,60,AI Optimization Engine,1,93.4,Partial Conflict
HIST-02916,BLK-02916,COR-024,2026-09-09,00:30,180,Manual Rule-Based,8,68.4,Cancelled
HIST-02917,BLK-02917,COR-099,2026-09-09,06:30,240,Manual Rule-Based,4,73.4,Cancelled
HIST-02918,BLK-02918,COR-033,2026-09-09,21:15,360,Manual Rule-Based,8,75.2,Cancelled
HIST-02919,BLK-02919,COR-061,2026-09-21,20:15,240,AI Optimization Engine,1,94.7,Partial Conflict
HIST-02920,BLK-02920,COR-007,2026-09-13,05:00,60,AI Optimization Engine,1,85.1,Partial Conflict
HIST-02921,BLK-02921,COR-095,2026-09-11,06:00,240,AI Optimization Engine,0,93.2,Executed Cleanly
HIST-02922,BLK-02922,COR-070,2026-09-14,20:45,360,AI Optimization Engine,1,87.0,Partial Conflict
HIST-02923,BLK-02923,COR-067,2026-09-21,10:00,240,AI Optimization Engine,0,94.7,Executed Cleanly
HIST-02924,BLK-02924,COR-010,2026-09-28,13:00,300,Manual Rule-Based,3,71.2,Partial Conflict
HIST-02925,BLK-02925,COR-022,2026-09-15,04:45,120,AI Optimization Engine,1,87.0,Partial Conflict
HIST-02926,BLK-02926,COR-002,2026-09-22,13:45,240,AI Optimization Engine,1,90.2,Partial Conflict
HIST-02927,BLK-02927,COR-084,2026-09-28,17:00,300,Manual Rule-Based,3,64.4,Partial Conflict
HIST-02928,BLK-02928,COR-043,2026-09-11,21:00,60,AI Optimization Engine,0,90.4,Executed Cleanly
HIST-02929,BLK-02929,COR-023,2026-09-17,20:45,180,Manual Rule-Based,4,61.4,Cancelled
HIST-02930,BLK-02930,COR-006,2026-09-17,07:30,240,AI Optimization Engine,1,85.9,Partial Conflict
HIST-02931,BLK-02931,COR-014,2026-09-18,15:00,120,AI Optimization Engine,0,96.7,Executed Cleanly
HIST-02932,BLK-02932,COR-058,2026-09-22,06:15,180,AI Optimization Engine,0,90.5,Executed Cleanly
HIST-02933,BLK-02933,COR-065,2026-09-12,22:45,240,Manual Rule-Based,5,68.7,Cancelled
HIST-02934,BLK-02934,COR-036,2026-09-09,14:00,360,Manual Rule-Based,7,63.0,Cancelled
HIST-02935,BLK-02935,COR-070,2026-09-09,17:45,120,AI Optimization Engine,0,89.4,Executed Cleanly
HIST-02936,BLK-02936,COR-051,2026-09-26,12:15,360,AI Optimization Engine,1,89.3,Partial Conflict
HIST-02937,BLK-02937,COR-044,2026-09-24,04:45,240,AI Optimization Engine,0,88.6,Executed Cleanly
HIST-02938,BLK-02938,COR-059,2026-09-14,17:15,60,Manual Rule-Based,8,66.5,Cancelled
HIST-02939,BLK-02939,COR-049,2026-09-11,19:15,300,Manual Rule-Based,3,63.6,Partial Conflict
HIST-02940,BLK-02940,COR-035,2026-09-17,20:45,360,Manual Rule-Based,5,70.7,Cancelled
HIST-02941,BLK-02941,COR-079,2026-09-29,18:30,60,AI Optimization Engine,1,86.8,Partial Conflict
HIST-02942,BLK-02942,COR-064,2026-09-22,20:30,300,Manual Rule-Based,7,75.5,Cancelled
HIST-02943,BLK-02943,COR-040,2026-09-19,08:45,60,Manual Rule-Based,6,66.6,Cancelled
HIST-02944,BLK-02944,COR-046,2026-09-27,16:45,300,Manual Rule-Based,8,68.1,Cancelled
HIST-02945,BLK-02945,COR-068,2026-09-19,01:15,60,AI Optimization Engine,1,92.2,Partial Conflict
HIST-02946,BLK-02946,COR-014,2026-09-18,16:45,60,Manual Rule-Based,7,68.7,Cancelled
HIST-02947,BLK-02947,COR-018,2026-09-19,09:15,240,AI Optimization Engine,1,85.3,Partial Conflict
HIST-02948,BLK-02948,COR-090,2026-09-15,22:15,60,Manual Rule-Based,8,66.5,Cancelled
HIST-02949,BLK-02949,COR-062,2026-09-10,18:45,300,AI Optimization Engine,0,93.1,Executed Cleanly
HIST-02950,BLK-02950,COR-071,2026-09-19,16:30,60,AI Optimization Engine,1,89.0,Partial Conflict
HIST-02951,BLK-02951,COR-048,2026-09-28,04:00,300,Manual Rule-Based,5,73.3,Cancelled
HIST-02952,BLK-02952,COR-065,2026-09-29,15:15,360,Manual Rule-Based,8,71.9,Cancelled
HIST-02953,BLK-02953,COR-008,2026-09-25,14:45,360,AI Optimization Engine,0,92.1,Executed Cleanly
HIST-02954,BLK-02954,COR-022,2026-09-20,23:15,180,AI Optimization Engine,1,95.0,Partial Conflict
HIST-02955,BLK-02955,COR-088,2026-09-29,10:15,300,Manual Rule-Based,5,73.2,Cancelled
HIST-02956,BLK-02956,COR-033,2026-09-15,03:30,240,AI Optimization Engine,1,90.3,Partial Conflict
HIST-02957,BLK-02957,COR-066,2026-09-15,18:30,360,AI Optimization Engine,0,95.2,Executed Cleanly
HIST-02958,BLK-02958,COR-090,2026-09-16,06:00,300,Manual Rule-Based,7,65.3,Cancelled
HIST-02959,BLK-02959,COR-091,2026-09-13,09:00,120,AI Optimization Engine,0,88.5,Executed Cleanly
HIST-02960,BLK-02960,COR-051,2026-09-10,13:00,240,Manual Rule-Based,8,63.3,Cancelled
HIST-02961,BLK-02961,COR-009,2026-09-10,08:45,360,AI Optimization Engine,0,96.1,Executed Cleanly
HIST-02962,BLK-02962,COR-017,2026-09-21,17:30,240,AI Optimization Engine,0,89.0,Executed Cleanly
HIST-02963,BLK-02963,COR-056,2026-09-29,19:15,240,Manual Rule-Based,3,66.5,Partial Conflict
HIST-02964,BLK-02964,COR-001,2026-09-11,03:00,180,Manual Rule-Based,6,68.7,Cancelled
HIST-02965,BLK-02965,COR-021,2026-09-12,04:15,180,AI Optimization Engine,1,91.6,Partial Conflict
HIST-02966,BLK-02966,COR-093,2026-09-23,11:00,360,AI Optimization Engine,0,94.6,Executed Cleanly
HIST-02967,BLK-02967,COR-005,2026-09-26,19:15,240,AI Optimization Engine,0,87.0,Executed Cleanly
HIST-02968,BLK-02968,COR-083,2026-09-22,09:30,180,Manual Rule-Based,5,62.2,Cancelled
HIST-02969,BLK-02969,COR-037,2026-09-21,16:30,300,Manual Rule-Based,4,62.1,Cancelled
HIST-02970,BLK-02970,COR-075,2026-09-17,14:45,240,Manual Rule-Based,4,75.8,Cancelled
HIST-02971,BLK-02971,COR-004,2026-09-29,04:15,60,Manual Rule-Based,5,64.8,Cancelled
HIST-02972,BLK-02972,COR-061,2026-09-18,09:00,120,AI Optimization Engine,0,95.8,Executed Cleanly
HIST-02973,BLK-02973,COR-061,2026-09-09,08:45,120,Manual Rule-Based,6,61.1,Cancelled
HIST-02974,BLK-02974,COR-014,2026-09-15,10:15,60,AI Optimization Engine,0,93.1,Executed Cleanly
HIST-02975,BLK-02975,COR-009,2026-09-24,19:15,180,AI Optimization Engine,1,95.8,Partial Conflict
HIST-02976,BLK-02976,COR-080,2026-09-29,03:45,60,Manual Rule-Based,4,63.4,Cancelled
HIST-02977,BLK-02977,COR-091,2026-09-22,11:45,180,Manual Rule-Based,7,61.3,Cancelled
HIST-02978,BLK-02978,COR-057,2026-09-24,12:30,360,AI Optimization Engine,0,96.7,Executed Cleanly
HIST-02979,BLK-02979,COR-087,2026-09-22,01:15,360,Manual Rule-Based,6,65.2,Cancelled
HIST-02980,BLK-02980,COR-025,2026-09-22,08:15,120,Manual Rule-Based,6,70.1,Cancelled
HIST-02981,BLK-02981,COR-019,2026-09-24,17:30,180,AI Optimization Engine,1,97.3,Partial Conflict
HIST-02982,BLK-02982,COR-021,2026-09-17,23:45,180,AI Optimization Engine,0,97.3,Executed Cleanly
HIST-02983,BLK-02983,COR-070,2026-09-25,00:45,360,AI Optimization Engine,1,88.6,Partial Conflict
HIST-02984,BLK-02984,COR-058,2026-09-27,21:00,180,AI Optimization Engine,1,94.7,Partial Conflict
HIST-02985,BLK-02985,COR-038,2026-09-15,02:30,240,AI Optimization Engine,1,89.2,Partial Conflict
HIST-02986,BLK-02986,COR-043,2026-09-28,00:30,60,AI Optimization Engine,0,92.9,Executed Cleanly
HIST-02987,BLK-02987,COR-094,2026-09-13,22:30,240,Manual Rule-Based,6,75.5,Cancelled
HIST-02988,BLK-02988,COR-082,2026-09-29,22:30,60,AI Optimization Engine,0,90.4,Executed Cleanly
HIST-02989,BLK-02989,COR-082,2026-09-15,03:30,60,Manual Rule-Based,7,72.4,Cancelled
HIST-02990,BLK-02990,COR-076,2026-09-27,22:15,300,Manual Rule-Based,5,65.8,Cancelled
HIST-02991,BLK-02991,COR-037,2026-09-14,11:00,60,Manual Rule-Based,6,69.5,Cancelled
HIST-02992,BLK-02992,COR-023,2026-09-18,22:45,240,AI Optimization Engine,1,88.8,Partial Conflict
HIST-02993,BLK-02993,COR-078,2026-09-17,09:30,60,Manual Rule-Based,8,68.2,Cancelled
HIST-02994,BLK-02994,COR-026,2026-09-14,10:15,240,Manual Rule-Based,4,64.3,Cancelled
HIST-02995,BLK-02995,COR-057,2026-09-28,19:15,180,Manual Rule-Based,4,60.7,Cancelled
HIST-02996,BLK-02996,COR-088,2026-09-13,21:00,60,Manual Rule-Based,7,70.1,Cancelled
HIST-02997,BLK-02997,COR-075,2026-09-24,14:15,360,AI Optimization Engine,0,90.3,Executed Cleanly
HIST-02998,BLK-02998,COR-042,2026-09-23,01:15,120,Manual Rule-Based,4,62.7,Cancelled
HIST-02999,BLK-02999,COR-008,2026-09-13,13:30,120,Manual Rule-Based,3,68.3,Partial Conflict
HIST-03000,BLK-03000,COR-014,2026-09-15,10:45,120,AI Optimization Engine,1,86.2,Partial Conflict
HIST-03001,BLK-03001,COR-065,2026-09-18,09:30,60,Manual Rule-Based,7,68.7,Cancelled
HIST-03002,BLK-03002,COR-097,2026-09-20,19:45,60,Manual Rule-Based,8,72.2,Cancelled
HIST-03003,BLK-03003,COR-086,2026-09-14,13:15,360,Manual Rule-Based,3,71.1,Partial Conflict
HIST-03004,BLK-03004,COR-051,2026-09-29,22:15,240,AI Optimization Engine,1,92.5,Partial Conflict
HIST-03005,BLK-03005,COR-012,2026-09-17,05:00,120,AI Optimization Engine,0,88.9,Executed Cleanly
HIST-03006,BLK-03006,COR-001,2026-09-20,05:45,120,Manual Rule-Based,8,67.2,Cancelled
HIST-03007,BLK-03007,COR-099,2026-09-09,02:00,360,Manual Rule-Based,6,67.1,Cancelled
HIST-03008,BLK-03008,COR-024,2026-09-22,01:45,180,Manual Rule-Based,3,63.9,Partial Conflict
HIST-03009,BLK-03009,COR-074,2026-09-19,08:30,120,AI Optimization Engine,0,85.7,Executed Cleanly
HIST-03010,BLK-03010,COR-040,2026-09-24,08:15,240,AI Optimization Engine,1,89.4,Partial Conflict
HIST-03011,BLK-03011,COR-039,2026-09-10,05:30,300,AI Optimization Engine,0,93.4,Executed Cleanly
HIST-03012,BLK-03012,COR-033,2026-09-26,14:30,120,Manual Rule-Based,3,66.6,Partial Conflict
HIST-03013,BLK-03013,COR-022,2026-09-13,02:15,60,AI Optimization Engine,0,95.5,Executed Cleanly
HIST-03014,BLK-03014,COR-088,2026-09-24,00:30,300,AI Optimization Engine,0,85.5,Executed Cleanly
HIST-03015,BLK-03015,COR-013,2026-09-28,05:30,360,AI Optimization Engine,0,96.1,Executed Cleanly
HIST-03016,BLK-03016,COR-096,2026-09-10,20:45,300,Manual Rule-Based,3,74.0,Partial Conflict
HIST-03017,BLK-03017,COR-023,2026-09-18,02:00,240,Manual Rule-Based,8,74.5,Cancelled
HIST-03018,BLK-03018,COR-006,2026-09-11,10:15,120,Manual Rule-Based,8,62.6,Cancelled
HIST-03019,BLK-03019,COR-026,2026-09-12,01:00,300,Manual Rule-Based,8,75.9,Cancelled
HIST-03020,BLK-03020,COR-021,2026-09-24,16:00,180,AI Optimization Engine,0,94.5,Executed Cleanly
HIST-03021,BLK-03021,COR-094,2026-09-11,10:15,240,AI Optimization Engine,0,96.0,Executed Cleanly
HIST-03022,BLK-03022,COR-042,2026-09-23,15:00,240,AI Optimization Engine,1,92.4,Partial Conflict
HIST-03023,BLK-03023,COR-073,2026-09-11,23:45,180,AI Optimization Engine,0,96.9,Executed Cleanly
HIST-03024,BLK-03024,COR-004,2026-09-29,10:30,180,AI Optimization Engine,0,89.7,Executed Cleanly
HIST-03025,BLK-03025,COR-041,2026-09-20,01:15,120,AI Optimization Engine,1,95.2,Partial Conflict
HIST-03026,BLK-03026,COR-073,2026-09-14,10:30,360,AI Optimization Engine,0,94.6,Executed Cleanly
HIST-03027,BLK-03027,COR-040,2026-09-22,14:30,300,AI Optimization Engine,1,93.2,Partial Conflict
HIST-03028,BLK-03028,COR-090,2026-09-24,04:30,300,AI Optimization Engine,1,93.0,Partial Conflict
HIST-03029,BLK-03029,COR-095,2026-09-29,12:45,120,Manual Rule-Based,4,68.7,Cancelled
HIST-03030,BLK-03030,COR-098,2026-09-13,05:00,300,Manual Rule-Based,8,75.7,Cancelled
HIST-03031,BLK-03031,COR-065,2026-09-13,11:00,360,Manual Rule-Based,3,62.6,Partial Conflict
HIST-03032,BLK-03032,COR-068,2026-09-24,08:45,120,Manual Rule-Based,6,71.5,Cancelled
HIST-03033,BLK-03033,COR-081,2026-09-26,01:45,60,Manual Rule-Based,8,64.8,Cancelled
HIST-03034,BLK-03034,COR-026,2026-09-13,20:00,360,Manual Rule-Based,4,74.4,Cancelled
HIST-03035,BLK-03035,COR-093,2026-09-18,12:15,120,AI Optimization Engine,1,88.4,Partial Conflict
HIST-03036,BLK-03036,COR-022,2026-09-20,19:00,360,AI Optimization Engine,0,97.1,Executed Cleanly
HIST-03037,BLK-03037,COR-008,2026-09-14,02:15,60,AI Optimization Engine,1,90.5,Partial Conflict
HIST-03038,BLK-03038,COR-089,2026-09-16,12:15,60,AI Optimization Engine,1,96.2,Partial Conflict
HIST-03039,BLK-03039,COR-028,2026-09-11,02:15,360,Manual Rule-Based,5,65.4,Cancelled
HIST-03040,BLK-03040,COR-019,2026-09-24,12:00,240,Manual Rule-Based,3,64.1,Partial Conflict
HIST-03041,BLK-03041,COR-098,2026-09-15,06:15,360,AI Optimization Engine,0,95.2,Executed Cleanly
HIST-03042,BLK-03042,COR-021,2026-09-20,07:45,120,Manual Rule-Based,4,66.4,Cancelled
HIST-03043,BLK-03043,COR-023,2026-09-13,06:00,240,Manual Rule-Based,3,66.7,Partial Conflict
HIST-03044,BLK-03044,COR-001,2026-09-23,05:30,360,AI Optimization Engine,0,90.8,Executed Cleanly
HIST-03045,BLK-03045,COR-007,2026-09-20,08:00,180,AI Optimization Engine,0,96.6,Executed Cleanly
HIST-03046,BLK-03046,COR-052,2026-09-26,07:15,240,AI Optimization Engine,0,90.2,Executed Cleanly
HIST-03047,BLK-03047,COR-081,2026-09-27,07:45,60,AI Optimization Engine,1,96.4,Partial Conflict
HIST-03048,BLK-03048,COR-078,2026-09-10,12:15,360,AI Optimization Engine,0,95.7,Executed Cleanly
HIST-03049,BLK-03049,COR-057,2026-09-27,07:15,180,AI Optimization Engine,0,90.7,Executed Cleanly
HIST-03050,BLK-03050,COR-001,2026-09-16,17:30,240,Manual Rule-Based,8,69.7,Cancelled
HIST-03051,BLK-03051,COR-071,2026-09-09,01:00,300,Manual Rule-Based,5,63.5,Cancelled
HIST-03052,BLK-03052,COR-080,2026-09-27,12:00,180,AI Optimization Engine,1,90.5,Partial Conflict
HIST-03053,BLK-03053,COR-036,2026-09-26,02:15,300,Manual Rule-Based,4,62.8,Cancelled
HIST-03054,BLK-03054,COR-092,2026-09-18,14:15,300,AI Optimization Engine,0,89.5,Executed Cleanly
HIST-03055,BLK-03055,COR-090,2026-09-13,14:15,120,AI Optimization Engine,1,85.3,Partial Conflict
HIST-03056,BLK-03056,COR-062,2026-09-17,12:30,180,AI Optimization Engine,0,92.9,Executed Cleanly
HIST-03057,BLK-03057,COR-093,2026-09-16,01:30,120,Manual Rule-Based,7,71.3,Cancelled
HIST-03058,BLK-03058,COR-044,2026-09-14,13:00,120,Manual Rule-Based,5,68.9,Cancelled
HIST-03059,BLK-03059,COR-028,2026-09-10,14:00,240,AI Optimization Engine,0,95.6,Executed Cleanly
HIST-03060,BLK-03060,COR-065,2026-09-17,22:00,180,Manual Rule-Based,7,63.6,Cancelled
HIST-03061,BLK-03061,COR-075,2026-09-16,14:45,240,Manual Rule-Based,5,65.5,Cancelled
HIST-03062,BLK-03062,COR-061,2026-09-16,01:15,300,Manual Rule-Based,4,75.5,Cancelled
HIST-03063,BLK-03063,COR-063,2026-09-18,03:30,240,AI Optimization Engine,0,96.5,Executed Cleanly
HIST-03064,BLK-03064,COR-054,2026-09-10,18:00,60,Manual Rule-Based,3,72.5,Partial Conflict
HIST-03065,BLK-03065,COR-073,2026-09-21,07:45,60,Manual Rule-Based,6,67.7,Cancelled
HIST-03066,BLK-03066,COR-008,2026-09-25,19:30,180,Manual Rule-Based,8,69.5,Cancelled
HIST-03067,BLK-03067,COR-017,2026-09-23,00:00,60,AI Optimization Engine,0,86.0,Executed Cleanly
HIST-03068,BLK-03068,COR-091,2026-09-21,14:30,360,Manual Rule-Based,3,62.5,Partial Conflict
HIST-03069,BLK-03069,COR-066,2026-09-15,17:45,120,AI Optimization Engine,1,87.1,Partial Conflict
HIST-03070,BLK-03070,COR-025,2026-09-19,13:15,300,AI Optimization Engine,1,88.4,Partial Conflict
HIST-03071,BLK-03071,COR-092,2026-09-10,14:15,120,AI Optimization Engine,0,88.8,Executed Cleanly
HIST-03072,BLK-03072,COR-038,2026-09-09,09:00,360,AI Optimization Engine,1,91.9,Partial Conflict
HIST-03073,BLK-03073,COR-029,2026-09-18,06:45,240,AI Optimization Engine,0,93.3,Executed Cleanly
HIST-03074,BLK-03074,COR-064,2026-09-19,17:30,240,Manual Rule-Based,3,67.8,Partial Conflict
HIST-03075,BLK-03075,COR-043,2026-09-26,05:15,360,Manual Rule-Based,8,73.2,Cancelled
HIST-03076,BLK-03076,COR-018,2026-09-18,06:30,300,AI Optimization Engine,1,86.0,Partial Conflict
HIST-03077,BLK-03077,COR-084,2026-09-13,00:45,180,AI Optimization Engine,0,89.7,Executed Cleanly
HIST-03078,BLK-03078,COR-060,2026-09-22,04:45,180,AI Optimization Engine,1,97.2,Partial Conflict
HIST-03079,BLK-03079,COR-081,2026-09-14,06:30,360,Manual Rule-Based,5,68.3,Cancelled
HIST-03080,BLK-03080,COR-095,2026-09-17,03:30,300,Manual Rule-Based,7,62.9,Cancelled
HIST-03081,BLK-03081,COR-056,2026-09-28,22:15,300,AI Optimization Engine,1,96.5,Partial Conflict
HIST-03082,BLK-03082,COR-060,2026-09-29,02:45,240,AI Optimization Engine,1,90.7,Partial Conflict
HIST-03083,BLK-03083,COR-050,2026-09-17,08:15,60,AI Optimization Engine,0,87.6,Executed Cleanly
HIST-03084,BLK-03084,COR-033,2026-09-12,00:15,120,AI Optimization Engine,0,89.6,Executed Cleanly
HIST-03085,BLK-03085,COR-069,2026-09-22,23:45,300,AI Optimization Engine,1,88.2,Partial Conflict
HIST-03086,BLK-03086,COR-049,2026-09-28,21:45,60,Manual Rule-Based,6,68.3,Cancelled
HIST-03087,BLK-03087,COR-008,2026-09-19,23:45,120,AI Optimization Engine,1,88.7,Partial Conflict
HIST-03088,BLK-03088,COR-014,2026-09-10,01:45,360,AI Optimization Engine,1,93.9,Partial Conflict
HIST-03089,BLK-03089,COR-023,2026-09-23,09:45,120,AI Optimization Engine,1,93.6,Partial Conflict
HIST-03090,BLK-03090,COR-012,2026-09-09,04:45,300,AI Optimization Engine,1,94.6,Partial Conflict
HIST-03091,BLK-03091,COR-054,2026-09-11,06:30,300,Manual Rule-Based,7,69.0,Cancelled
HIST-03092,BLK-03092,COR-033,2026-09-26,10:00,60,Manual Rule-Based,3,73.2,Partial Conflict
HIST-03093,BLK-03093,COR-054,2026-09-21,23:30,240,AI Optimization Engine,1,93.3,Partial Conflict
HIST-03094,BLK-03094,COR-019,2026-09-11,20:00,240,AI Optimization Engine,0,93.0,Executed Cleanly
HIST-03095,BLK-03095,COR-068,2026-09-19,20:30,120,Manual Rule-Based,5,65.7,Cancelled
HIST-03096,BLK-03096,COR-045,2026-09-20,17:00,300,AI Optimization Engine,0,89.9,Executed Cleanly
HIST-03097,BLK-03097,COR-033,2026-09-23,17:45,60,AI Optimization Engine,1,87.0,Partial Conflict
HIST-03098,BLK-03098,COR-027,2026-09-22,23:15,300,Manual Rule-Based,6,64.0,Cancelled
HIST-03099,BLK-03099,COR-029,2026-09-19,00:00,360,Manual Rule-Based,8,67.4,Cancelled
HIST-03100,BLK-03100,COR-063,2026-09-28,02:15,180,Manual Rule-Based,5,65.0,Cancelled
HIST-03101,BLK-03101,COR-096,2026-09-25,08:15,180,Manual Rule-Based,7,65.4,Cancelled
HIST-03102,BLK-03102,COR-088,2026-09-19,04:45,180,Manual Rule-Based,4,70.3,Cancelled
HIST-03103,BLK-03103,COR-065,2026-09-19,11:45,60,AI Optimization Engine,1,90.3,Partial Conflict
HIST-03104,BLK-03104,COR-065,2026-09-10,02:30,360,Manual Rule-Based,8,64.3,Cancelled
HIST-03105,BLK-03105,COR-084,2026-09-11,06:15,240,AI Optimization Engine,0,89.3,Executed Cleanly
HIST-03106,BLK-03106,COR-002,2026-09-15,15:30,300,AI Optimization Engine,1,94.1,Partial Conflict
HIST-03107,BLK-03107,COR-028,2026-09-24,05:45,240,Manual Rule-Based,7,72.9,Cancelled
HIST-03108,BLK-03108,COR-013,2026-09-12,15:45,240,Manual Rule-Based,5,70.3,Cancelled
HIST-03109,BLK-03109,COR-043,2026-09-15,06:15,300,Manual Rule-Based,5,64.5,Cancelled
HIST-03110,BLK-03110,COR-001,2026-09-13,19:00,300,Manual Rule-Based,3,60.3,Partial Conflict
HIST-03111,BLK-03111,COR-052,2026-09-13,10:45,60,Manual Rule-Based,8,62.4,Cancelled
HIST-03112,BLK-03112,COR-073,2026-09-16,05:15,60,AI Optimization Engine,1,95.0,Partial Conflict
HIST-03113,BLK-03113,COR-086,2026-09-21,18:15,360,Manual Rule-Based,4,73.1,Cancelled
HIST-03114,BLK-03114,COR-081,2026-09-13,15:30,360,AI Optimization Engine,0,86.9,Executed Cleanly
HIST-03115,BLK-03115,COR-019,2026-09-11,17:30,180,AI Optimization Engine,0,95.2,Executed Cleanly
HIST-03116,BLK-03116,COR-020,2026-09-18,21:15,180,Manual Rule-Based,4,60.9,Cancelled
HIST-03117,BLK-03117,COR-057,2026-09-21,16:15,300,AI Optimization Engine,0,96.7,Executed Cleanly
HIST-03118,BLK-03118,COR-098,2026-09-18,13:30,120,AI Optimization Engine,1,94.6,Partial Conflict
HIST-03119,BLK-03119,COR-038,2026-09-14,00:30,120,Manual Rule-Based,8,64.9,Cancelled
HIST-03120,BLK-03120,COR-052,2026-09-22,12:00,120,Manual Rule-Based,6,76.0,Cancelled
HIST-03121,BLK-03121,COR-026,2026-09-10,23:30,60,Manual Rule-Based,4,61.8,Cancelled
HIST-03122,BLK-03122,COR-092,2026-09-17,12:30,300,AI Optimization Engine,1,90.1,Partial Conflict
HIST-03123,BLK-03123,COR-018,2026-09-13,06:30,120,AI Optimization Engine,0,89.7,Executed Cleanly
HIST-03124,BLK-03124,COR-067,2026-09-26,06:00,120,Manual Rule-Based,3,68.9,Partial Conflict
HIST-03125,BLK-03125,COR-010,2026-09-22,06:15,300,AI Optimization Engine,1,97.1,Partial Conflict
HIST-03126,BLK-03126,COR-037,2026-09-19,12:15,240,Manual Rule-Based,5,74.4,Cancelled
HIST-03127,BLK-03127,COR-074,2026-09-13,13:00,360,Manual Rule-Based,8,60.0,Cancelled
HIST-03128,BLK-03128,COR-017,2026-09-16,10:15,240,AI Optimization Engine,0,88.3,Executed Cleanly
HIST-03129,BLK-03129,COR-026,2026-09-12,03:30,60,AI Optimization Engine,1,94.5,Partial Conflict
HIST-03130,BLK-03130,COR-094,2026-09-29,11:00,60,Manual Rule-Based,8,67.8,Cancelled
HIST-03131,BLK-03131,COR-022,2026-09-18,16:00,60,Manual Rule-Based,7,75.5,Cancelled
HIST-03132,BLK-03132,COR-069,2026-09-28,19:45,300,Manual Rule-Based,6,61.0,Cancelled
HIST-03133,BLK-03133,COR-091,2026-09-21,03:15,60,Manual Rule-Based,5,66.8,Cancelled
HIST-03134,BLK-03134,COR-016,2026-09-12,15:15,180,AI Optimization Engine,0,93.9,Executed Cleanly
HIST-03135,BLK-03135,COR-064,2026-09-11,12:15,240,AI Optimization Engine,0,96.6,Executed Cleanly
HIST-03136,BLK-03136,COR-057,2026-09-09,21:45,60,Manual Rule-Based,5,67.5,Cancelled
HIST-03137,BLK-03137,COR-063,2026-09-17,23:30,180,Manual Rule-Based,4,62.2,Cancelled
HIST-03138,BLK-03138,COR-025,2026-09-12,07:30,60,AI Optimization Engine,1,90.3,Partial Conflict
HIST-03139,BLK-03139,COR-046,2026-09-26,15:30,240,Manual Rule-Based,6,75.7,Cancelled
HIST-03140,BLK-03140,COR-067,2026-09-25,20:00,240,Manual Rule-Based,8,66.1,Cancelled
HIST-03141,BLK-03141,COR-041,2026-09-25,11:15,180,Manual Rule-Based,7,68.7,Cancelled
HIST-03142,BLK-03142,COR-065,2026-09-18,08:15,180,AI Optimization Engine,1,96.1,Partial Conflict
HIST-03143,BLK-03143,COR-032,2026-09-17,15:30,180,AI Optimization Engine,0,92.4,Executed Cleanly
HIST-03144,BLK-03144,COR-039,2026-09-11,02:00,300,Manual Rule-Based,3,71.8,Partial Conflict
HIST-03145,BLK-03145,COR-068,2026-09-26,04:45,240,Manual Rule-Based,6,74.1,Cancelled
HIST-03146,BLK-03146,COR-012,2026-09-24,03:45,180,Manual Rule-Based,5,65.4,Cancelled
HIST-03147,BLK-03147,COR-093,2026-09-14,04:30,360,AI Optimization Engine,0,92.9,Executed Cleanly
HIST-03148,BLK-03148,COR-053,2026-09-29,23:15,60,AI Optimization Engine,0,90.3,Executed Cleanly
HIST-03149,BLK-03149,COR-090,2026-09-21,09:45,360,AI Optimization Engine,1,88.8,Partial Conflict
HIST-03150,BLK-03150,COR-065,2026-09-10,23:00,240,Manual Rule-Based,8,74.3,Cancelled
HIST-03151,BLK-03151,COR-099,2026-09-23,10:30,120,AI Optimization Engine,0,90.7,Executed Cleanly
HIST-03152,BLK-03152,COR-042,2026-09-11,10:00,300,AI Optimization Engine,1,95.1,Partial Conflict
HIST-03153,BLK-03153,COR-012,2026-09-17,19:00,300,Manual Rule-Based,7,62.7,Cancelled
HIST-03154,BLK-03154,COR-081,2026-09-10,23:30,120,Manual Rule-Based,3,73.0,Partial Conflict
HIST-03155,BLK-03155,COR-023,2026-09-10,17:15,240,Manual Rule-Based,7,75.3,Cancelled
HIST-03156,BLK-03156,COR-003,2026-09-26,15:15,60,AI Optimization Engine,0,90.6,Executed Cleanly
HIST-03157,BLK-03157,COR-040,2026-09-09,12:45,300,AI Optimization Engine,1,88.8,Partial Conflict
HIST-03158,BLK-03158,COR-033,2026-09-25,15:45,60,AI Optimization Engine,0,89.0,Executed Cleanly
HIST-03159,BLK-03159,COR-023,2026-09-19,21:45,300,Manual Rule-Based,5,75.6,Cancelled
HIST-03160,BLK-03160,COR-079,2026-09-25,05:45,360,Manual Rule-Based,7,74.2,Cancelled
HIST-03161,BLK-03161,COR-011,2026-09-14,20:45,300,Manual Rule-Based,6,67.0,Cancelled
HIST-03162,BLK-03162,COR-076,2026-09-13,03:30,60,Manual Rule-Based,5,64.2,Cancelled
HIST-03163,BLK-03163,COR-036,2026-09-20,03:15,180,AI Optimization Engine,0,94.9,Executed Cleanly
HIST-03164,BLK-03164,COR-045,2026-09-29,20:45,240,Manual Rule-Based,7,64.2,Cancelled
HIST-03165,BLK-03165,COR-009,2026-09-26,00:30,240,Manual Rule-Based,8,73.3,Cancelled
HIST-03166,BLK-03166,COR-055,2026-09-19,02:00,120,AI Optimization Engine,0,96.6,Executed Cleanly
HIST-03167,BLK-03167,COR-059,2026-09-23,00:15,120,AI Optimization Engine,0,88.3,Executed Cleanly
HIST-03168,BLK-03168,COR-021,2026-09-22,19:00,240,Manual Rule-Based,3,67.9,Partial Conflict
HIST-03169,BLK-03169,COR-015,2026-09-14,02:15,120,AI Optimization Engine,0,97.2,Executed Cleanly
HIST-03170,BLK-03170,COR-042,2026-09-27,10:45,360,Manual Rule-Based,7,72.5,Cancelled
HIST-03171,BLK-03171,COR-089,2026-09-10,07:45,180,AI Optimization Engine,0,85.9,Executed Cleanly
HIST-03172,BLK-03172,COR-038,2026-09-16,18:00,180,AI Optimization Engine,1,86.1,Partial Conflict
HIST-03173,BLK-03173,COR-094,2026-09-27,20:15,300,AI Optimization Engine,0,89.4,Executed Cleanly
HIST-03174,BLK-03174,COR-084,2026-09-22,11:45,60,Manual Rule-Based,7,69.0,Cancelled
HIST-03175,BLK-03175,COR-043,2026-09-21,10:15,360,Manual Rule-Based,3,67.9,Partial Conflict
HIST-03176,BLK-03176,COR-062,2026-09-26,22:15,60,Manual Rule-Based,6,67.9,Cancelled
HIST-03177,BLK-03177,COR-004,2026-09-09,02:15,120,AI Optimization Engine,0,93.5,Executed Cleanly
HIST-03178,BLK-03178,COR-038,2026-09-17,12:30,60,AI Optimization Engine,0,95.2,Executed Cleanly
HIST-03179,BLK-03179,COR-061,2026-09-17,16:30,300,Manual Rule-Based,6,67.7,Cancelled
HIST-03180,BLK-03180,COR-017,2026-09-20,08:30,60,AI Optimization Engine,1,85.1,Partial Conflict
HIST-03181,BLK-03181,COR-003,2026-09-20,11:15,240,Manual Rule-Based,4,62.7,Cancelled
HIST-03182,BLK-03182,COR-028,2026-09-14,09:15,180,Manual Rule-Based,5,61.4,Cancelled
HIST-03183,BLK-03183,COR-044,2026-09-10,04:30,360,Manual Rule-Based,4,70.5,Cancelled
HIST-03184,BLK-03184,COR-077,2026-09-20,20:00,60,AI Optimization Engine,1,97.5,Partial Conflict
HIST-03185,BLK-03185,COR-091,2026-09-20,15:00,360,AI Optimization Engine,0,94.6,Executed Cleanly
HIST-03186,BLK-03186,COR-087,2026-09-24,23:45,60,Manual Rule-Based,6,63.7,Cancelled
HIST-03187,BLK-03187,COR-047,2026-09-29,00:15,240,Manual Rule-Based,7,74.1,Cancelled
HIST-03188,BLK-03188,COR-099,2026-09-13,10:00,180,Manual Rule-Based,5,74.6,Cancelled
HIST-03189,BLK-03189,COR-038,2026-09-22,04:30,300,AI Optimization Engine,1,96.2,Partial Conflict
HIST-03190,BLK-03190,COR-085,2026-09-23,21:30,240,Manual Rule-Based,6,65.8,Cancelled
HIST-03191,BLK-03191,COR-032,2026-09-11,12:15,360,Manual Rule-Based,7,69.2,Cancelled
HIST-03192,BLK-03192,COR-050,2026-09-14,03:30,180,Manual Rule-Based,4,70.9,Cancelled
HIST-03193,BLK-03193,COR-084,2026-09-25,19:30,120,AI Optimization Engine,1,91.8,Partial Conflict
HIST-03194,BLK-03194,COR-087,2026-09-19,10:15,180,AI Optimization Engine,1,85.9,Partial Conflict
HIST-03195,BLK-03195,COR-027,2026-09-28,20:45,300,Manual Rule-Based,8,69.7,Cancelled
HIST-03196,BLK-03196,COR-071,2026-09-19,12:00,240,AI Optimization Engine,1,85.1,Partial Conflict
HIST-03197,BLK-03197,COR-053,2026-09-18,01:00,300,AI Optimization Engine,0,86.6,Executed Cleanly
HIST-03198,BLK-03198,COR-023,2026-09-29,06:30,120,AI Optimization Engine,0,86.6,Executed Cleanly
HIST-03199,BLK-03199,COR-074,2026-09-27,19:15,300,Manual Rule-Based,8,60.6,Cancelled
HIST-03200,BLK-03200,COR-058,2026-09-10,17:30,180,AI Optimization Engine,0,91.7,Executed Cleanly
HIST-03201,BLK-03201,COR-076,2026-09-16,07:45,180,Manual Rule-Based,3,60.9,Partial Conflict
HIST-03202,BLK-03202,COR-001,2026-09-14,10:15,360,AI Optimization Engine,1,96.1,Partial Conflict
HIST-03203,BLK-03203,COR-006,2026-09-21,05:30,60,AI Optimization Engine,1,95.8,Partial Conflict
HIST-03204,BLK-03204,COR-015,2026-09-21,20:30,180,Manual Rule-Based,5,70.4,Cancelled
HIST-03205,BLK-03205,COR-053,2026-09-13,13:45,240,Manual Rule-Based,4,72.2,Cancelled
HIST-03206,BLK-03206,COR-093,2026-09-18,22:30,180,AI Optimization Engine,0,93.7,Executed Cleanly
HIST-03207,BLK-03207,COR-041,2026-09-21,02:45,120,Manual Rule-Based,4,73.2,Cancelled
HIST-03208,BLK-03208,COR-084,2026-09-11,16:00,300,Manual Rule-Based,7,65.8,Cancelled
HIST-03209,BLK-03209,COR-009,2026-09-12,18:15,60,Manual Rule-Based,4,63.6,Cancelled
HIST-03210,BLK-03210,COR-056,2026-09-19,14:30,300,Manual Rule-Based,4,73.0,Cancelled
HIST-03211,BLK-03211,COR-043,2026-09-13,23:30,60,Manual Rule-Based,8,65.6,Cancelled
HIST-03212,BLK-03212,COR-067,2026-09-16,19:45,240,AI Optimization Engine,1,96.8,Partial Conflict
HIST-03213,BLK-03213,COR-046,2026-09-15,17:30,360,AI Optimization Engine,0,86.6,Executed Cleanly
HIST-03214,BLK-03214,COR-047,2026-09-24,08:15,120,AI Optimization Engine,1,89.6,Partial Conflict
HIST-03215,BLK-03215,COR-087,2026-09-28,02:45,60,AI Optimization Engine,1,89.4,Partial Conflict
HIST-03216,BLK-03216,COR-032,2026-09-23,13:15,360,Manual Rule-Based,7,65.1,Cancelled
HIST-03217,BLK-03217,COR-010,2026-09-24,21:15,60,AI Optimization Engine,0,95.4,Executed Cleanly
HIST-03218,BLK-03218,COR-098,2026-09-17,20:15,240,Manual Rule-Based,5,63.7,Cancelled
HIST-03219,BLK-03219,COR-035,2026-09-20,14:00,240,Manual Rule-Based,3,65.8,Partial Conflict
HIST-03220,BLK-03220,COR-019,2026-09-17,09:45,360,AI Optimization Engine,0,87.8,Executed Cleanly
HIST-03221,BLK-03221,COR-075,2026-09-14,00:45,120,Manual Rule-Based,8,61.0,Cancelled
HIST-03222,BLK-03222,COR-052,2026-09-10,22:45,180,Manual Rule-Based,6,66.0,Cancelled
HIST-03223,BLK-03223,COR-084,2026-09-21,16:30,300,AI Optimization Engine,1,87.2,Partial Conflict
HIST-03224,BLK-03224,COR-089,2026-09-17,12:15,60,Manual Rule-Based,7,72.1,Cancelled
HIST-03225,BLK-03225,COR-009,2026-09-25,05:45,60,AI Optimization Engine,1,90.5,Partial Conflict
HIST-03226,BLK-03226,COR-100,2026-09-23,14:00,360,AI Optimization Engine,1,94.6,Partial Conflict
HIST-03227,BLK-03227,COR-059,2026-09-20,16:15,360,AI Optimization Engine,0,92.0,Executed Cleanly
HIST-03228,BLK-03228,COR-050,2026-09-29,09:45,60,Manual Rule-Based,5,69.6,Cancelled
HIST-03229,BLK-03229,COR-098,2026-09-19,04:00,180,AI Optimization Engine,1,97.4,Partial Conflict
HIST-03230,BLK-03230,COR-065,2026-09-27,10:15,120,Manual Rule-Based,3,66.4,Partial Conflict
HIST-03231,BLK-03231,COR-025,2026-09-24,12:15,360,AI Optimization Engine,1,97.3,Partial Conflict
HIST-03232,BLK-03232,COR-013,2026-09-23,11:00,240,AI Optimization Engine,1,90.8,Partial Conflict
HIST-03233,BLK-03233,COR-065,2026-09-17,16:15,60,Manual Rule-Based,6,62.1,Cancelled
HIST-03234,BLK-03234,COR-019,2026-09-26,23:45,60,AI Optimization Engine,0,88.3,Executed Cleanly
HIST-03235,BLK-03235,COR-049,2026-09-27,21:30,300,AI Optimization Engine,1,95.6,Partial Conflict
HIST-03236,BLK-03236,COR-069,2026-09-23,01:15,60,Manual Rule-Based,4,68.0,Cancelled
HIST-03237,BLK-03237,COR-082,2026-09-23,01:00,360,Manual Rule-Based,6,73.4,Cancelled
HIST-03238,BLK-03238,COR-087,2026-09-21,03:15,240,Manual Rule-Based,3,68.4,Partial Conflict
HIST-03239,BLK-03239,COR-059,2026-09-28,20:00,300,Manual Rule-Based,8,61.6,Cancelled
HIST-03240,BLK-03240,COR-031,2026-09-17,04:15,240,AI Optimization Engine,1,85.2,Partial Conflict
HIST-03241,BLK-03241,COR-082,2026-09-24,23:15,60,AI Optimization Engine,1,85.4,Partial Conflict
HIST-03242,BLK-03242,COR-001,2026-09-25,07:15,240,Manual Rule-Based,7,69.1,Cancelled
HIST-03243,BLK-03243,COR-092,2026-09-12,11:45,360,Manual Rule-Based,4,62.8,Cancelled
HIST-03244,BLK-03244,COR-018,2026-09-18,15:30,240,Manual Rule-Based,3,72.6,Partial Conflict
HIST-03245,BLK-03245,COR-007,2026-09-22,04:30,240,AI Optimization Engine,0,93.1,Executed Cleanly
HIST-03246,BLK-03246,COR-005,2026-09-21,11:15,240,Manual Rule-Based,6,75.2,Cancelled
HIST-03247,BLK-03247,COR-003,2026-09-24,10:00,120,AI Optimization Engine,0,86.8,Executed Cleanly
HIST-03248,BLK-03248,COR-097,2026-09-26,10:15,180,Manual Rule-Based,8,64.6,Cancelled
HIST-03249,BLK-03249,COR-083,2026-09-24,01:30,60,AI Optimization Engine,0,90.0,Executed Cleanly
HIST-03250,BLK-03250,COR-068,2026-09-23,08:30,240,AI Optimization Engine,0,93.9,Executed Cleanly
HIST-03251,BLK-03251,COR-100,2026-09-28,01:30,360,AI Optimization Engine,1,96.3,Partial Conflict
HIST-03252,BLK-03252,COR-030,2026-09-18,10:30,120,AI Optimization Engine,1,96.9,Partial Conflict
HIST-03253,BLK-03253,COR-052,2026-09-11,09:00,120,Manual Rule-Based,3,62.8,Partial Conflict
HIST-03254,BLK-03254,COR-073,2026-09-16,00:45,360,Manual Rule-Based,5,71.6,Cancelled
HIST-03255,BLK-03255,COR-013,2026-09-20,05:45,240,AI Optimization Engine,0,89.4,Executed Cleanly
HIST-03256,BLK-03256,COR-042,2026-09-18,06:15,360,Manual Rule-Based,8,63.5,Cancelled
HIST-03257,BLK-03257,COR-085,2026-09-26,09:45,120,Manual Rule-Based,7,68.3,Cancelled
HIST-03258,BLK-03258,COR-093,2026-09-20,09:45,60,Manual Rule-Based,8,65.1,Cancelled
HIST-03259,BLK-03259,COR-015,2026-09-21,09:45,360,Manual Rule-Based,3,65.1,Partial Conflict
HIST-03260,BLK-03260,COR-030,2026-09-28,00:15,360,AI Optimization Engine,1,90.2,Partial Conflict
HIST-03261,BLK-03261,COR-042,2026-09-12,22:30,180,Manual Rule-Based,6,62.0,Cancelled
HIST-03262,BLK-03262,COR-010,2026-09-15,03:15,180,AI Optimization Engine,0,97.4,Executed Cleanly
HIST-03263,BLK-03263,COR-034,2026-09-11,06:45,300,AI Optimization Engine,0,94.1,Executed Cleanly
HIST-03264,BLK-03264,COR-038,2026-09-13,08:30,240,AI Optimization Engine,1,96.6,Partial Conflict
HIST-03265,BLK-03265,COR-074,2026-09-10,19:15,180,Manual Rule-Based,5,75.1,Cancelled
HIST-03266,BLK-03266,COR-096,2026-09-21,07:45,120,AI Optimization Engine,0,92.2,Executed Cleanly
HIST-03267,BLK-03267,COR-024,2026-09-22,22:15,180,AI Optimization Engine,1,96.3,Partial Conflict
HIST-03268,BLK-03268,COR-057,2026-09-22,00:15,300,Manual Rule-Based,5,63.7,Cancelled
HIST-03269,BLK-03269,COR-052,2026-09-25,10:15,60,AI Optimization Engine,0,95.0,Executed Cleanly
HIST-03270,BLK-03270,COR-058,2026-09-14,15:30,240,AI Optimization Engine,0,86.5,Executed Cleanly
HIST-03271,BLK-03271,COR-078,2026-09-19,15:00,300,Manual Rule-Based,3,61.5,Partial Conflict
HIST-03272,BLK-03272,COR-061,2026-09-22,10:00,180,Manual Rule-Based,4,73.2,Cancelled
HIST-03273,BLK-03273,COR-042,2026-09-17,10:45,240,AI Optimization Engine,0,89.3,Executed Cleanly
HIST-03274,BLK-03274,COR-051,2026-09-28,16:45,120,AI Optimization Engine,1,93.5,Partial Conflict
HIST-03275,BLK-03275,COR-047,2026-09-12,23:15,60,Manual Rule-Based,3,62.1,Partial Conflict
HIST-03276,BLK-03276,COR-093,2026-09-28,06:30,60,AI Optimization Engine,0,90.9,Executed Cleanly
HIST-03277,BLK-03277,COR-047,2026-09-17,19:15,180,AI Optimization Engine,1,94.9,Partial Conflict
HIST-03278,BLK-03278,COR-078,2026-09-14,15:45,240,Manual Rule-Based,5,68.2,Cancelled
HIST-03279,BLK-03279,COR-045,2026-09-24,15:45,180,AI Optimization Engine,0,87.7,Executed Cleanly
HIST-03280,BLK-03280,COR-036,2026-09-24,06:00,300,AI Optimization Engine,1,86.4,Partial Conflict
HIST-03281,BLK-03281,COR-068,2026-09-29,01:45,120,AI Optimization Engine,1,89.4,Partial Conflict
HIST-03282,BLK-03282,COR-041,2026-09-27,02:15,300,Manual Rule-Based,7,66.4,Cancelled
HIST-03283,BLK-03283,COR-056,2026-09-18,10:45,360,Manual Rule-Based,8,61.7,Cancelled
HIST-03284,BLK-03284,COR-032,2026-09-15,00:15,180,Manual Rule-Based,3,62.3,Partial Conflict
HIST-03285,BLK-03285,COR-089,2026-09-17,00:00,60,Manual Rule-Based,6,63.4,Cancelled
HIST-03286,BLK-03286,COR-027,2026-09-17,13:45,60,AI Optimization Engine,0,91.0,Executed Cleanly
HIST-03287,BLK-03287,COR-041,2026-09-20,13:15,300,AI Optimization Engine,0,89.0,Executed Cleanly
HIST-03288,BLK-03288,COR-035,2026-09-12,14:00,180,Manual Rule-Based,5,63.7,Cancelled
HIST-03289,BLK-03289,COR-078,2026-09-10,01:30,120,AI Optimization Engine,0,90.0,Executed Cleanly
HIST-03290,BLK-03290,COR-068,2026-09-25,02:15,300,Manual Rule-Based,7,72.6,Cancelled
HIST-03291,BLK-03291,COR-034,2026-09-17,15:15,180,AI Optimization Engine,1,87.4,Partial Conflict
HIST-03292,BLK-03292,COR-062,2026-09-16,03:30,300,AI Optimization Engine,1,93.4,Partial Conflict
HIST-03293,BLK-03293,COR-048,2026-09-25,15:15,120,Manual Rule-Based,8,69.0,Cancelled
HIST-03294,BLK-03294,COR-094,2026-09-11,15:00,120,AI Optimization Engine,0,86.5,Executed Cleanly
HIST-03295,BLK-03295,COR-049,2026-09-20,02:00,60,Manual Rule-Based,3,72.2,Partial Conflict
HIST-03296,BLK-03296,COR-053,2026-09-19,02:00,180,Manual Rule-Based,3,72.2,Partial Conflict
HIST-03297,BLK-03297,COR-031,2026-09-24,17:30,60,AI Optimization Engine,0,88.4,Executed Cleanly
HIST-03298,BLK-03298,COR-021,2026-09-24,23:00,300,AI Optimization Engine,1,97.3,Partial Conflict
HIST-03299,BLK-03299,COR-065,2026-09-19,23:45,60,Manual Rule-Based,6,73.3,Cancelled
HIST-03300,BLK-03300,COR-075,2026-09-17,15:45,360,AI Optimization Engine,0,94.0,Executed Cleanly
HIST-03301,BLK-03301,COR-043,2026-09-20,07:30,180,AI Optimization Engine,1,87.2,Partial Conflict
HIST-03302,BLK-03302,COR-021,2026-09-12,21:00,120,AI Optimization Engine,0,92.5,Executed Cleanly
HIST-03303,BLK-03303,COR-019,2026-09-26,23:15,120,Manual Rule-Based,3,64.3,Partial Conflict
HIST-03304,BLK-03304,COR-016,2026-09-16,01:15,120,Manual Rule-Based,7,61.4,Cancelled
HIST-03305,BLK-03305,COR-086,2026-09-14,03:30,180,Manual Rule-Based,6,72.4,Cancelled
HIST-03306,BLK-03306,COR-026,2026-09-21,15:30,180,Manual Rule-Based,3,74.6,Partial Conflict
HIST-03307,BLK-03307,COR-011,2026-09-25,08:15,300,AI Optimization Engine,1,97.0,Partial Conflict
HIST-03308,BLK-03308,COR-050,2026-09-13,07:45,300,AI Optimization Engine,0,87.1,Executed Cleanly
HIST-03309,BLK-03309,COR-037,2026-09-25,15:00,120,Manual Rule-Based,5,73.5,Cancelled
HIST-03310,BLK-03310,COR-073,2026-09-23,07:45,180,AI Optimization Engine,0,94.7,Executed Cleanly
HIST-03311,BLK-03311,COR-055,2026-09-13,14:30,60,AI Optimization Engine,0,89.9,Executed Cleanly
HIST-03312,BLK-03312,COR-045,2026-09-20,09:15,120,AI Optimization Engine,1,91.1,Partial Conflict
HIST-03313,BLK-03313,COR-085,2026-09-20,20:00,300,Manual Rule-Based,7,61.6,Cancelled
HIST-03314,BLK-03314,COR-020,2026-09-20,02:45,360,Manual Rule-Based,4,73.8,Cancelled
HIST-03315,BLK-03315,COR-015,2026-09-15,05:45,60,Manual Rule-Based,7,69.6,Cancelled
HIST-03316,BLK-03316,COR-067,2026-09-29,19:45,240,AI Optimization Engine,1,89.0,Partial Conflict
HIST-03317,BLK-03317,COR-091,2026-09-21,13:30,60,AI Optimization Engine,1,89.1,Partial Conflict
HIST-03318,BLK-03318,COR-081,2026-09-12,15:45,180,Manual Rule-Based,4,67.3,Cancelled
HIST-03319,BLK-03319,COR-056,2026-09-25,19:45,300,Manual Rule-Based,7,74.0,Cancelled
HIST-03320,BLK-03320,COR-063,2026-09-27,23:15,360,Manual Rule-Based,8,68.3,Cancelled
HIST-03321,BLK-03321,COR-009,2026-09-22,02:45,60,AI Optimization Engine,1,94.8,Partial Conflict
HIST-03322,BLK-03322,COR-094,2026-09-15,01:15,240,Manual Rule-Based,6,67.1,Cancelled
HIST-03323,BLK-03323,COR-041,2026-09-29,07:00,60,Manual Rule-Based,5,72.5,Cancelled
HIST-03324,BLK-03324,COR-010,2026-09-20,18:15,60,Manual Rule-Based,4,64.4,Cancelled
HIST-03325,BLK-03325,COR-030,2026-09-09,22:45,120,Manual Rule-Based,8,75.3,Cancelled
HIST-03326,BLK-03326,COR-033,2026-09-27,10:30,120,Manual Rule-Based,3,69.2,Partial Conflict
HIST-03327,BLK-03327,COR-017,2026-09-09,09:15,60,AI Optimization Engine,0,92.0,Executed Cleanly
HIST-03328,BLK-03328,COR-036,2026-09-24,17:15,180,AI Optimization Engine,0,91.7,Executed Cleanly
HIST-03329,BLK-03329,COR-100,2026-09-11,18:00,120,AI Optimization Engine,0,97.4,Executed Cleanly
HIST-03330,BLK-03330,COR-043,2026-09-22,22:30,240,AI Optimization Engine,1,95.4,Partial Conflict
HIST-03331,BLK-03331,COR-094,2026-09-18,12:15,120,AI Optimization Engine,1,91.3,Partial Conflict
HIST-03332,BLK-03332,COR-018,2026-09-14,09:45,120,AI Optimization Engine,0,91.5,Executed Cleanly
HIST-03333,BLK-03333,COR-061,2026-09-15,07:45,300,Manual Rule-Based,7,73.3,Cancelled
HIST-03334,BLK-03334,COR-056,2026-09-11,21:45,360,Manual Rule-Based,7,74.6,Cancelled
HIST-03335,BLK-03335,COR-056,2026-09-14,09:45,300,AI Optimization Engine,0,87.6,Executed Cleanly
HIST-03336,BLK-03336,COR-017,2026-09-27,03:15,300,AI Optimization Engine,0,91.6,Executed Cleanly
HIST-03337,BLK-03337,COR-083,2026-09-19,02:00,240,AI Optimization Engine,0,92.0,Executed Cleanly
HIST-03338,BLK-03338,COR-089,2026-09-19,00:00,120,Manual Rule-Based,6,70.0,Cancelled
HIST-03339,BLK-03339,COR-032,2026-09-22,02:45,180,Manual Rule-Based,4,62.6,Cancelled
HIST-03340,BLK-03340,COR-075,2026-09-19,21:15,60,Manual Rule-Based,8,69.8,Cancelled
HIST-03341,BLK-03341,COR-078,2026-09-20,00:00,240,Manual Rule-Based,4,75.5,Cancelled
HIST-03342,BLK-03342,COR-088,2026-09-20,05:30,360,Manual Rule-Based,8,66.5,Cancelled
HIST-03343,BLK-03343,COR-092,2026-09-13,16:45,300,AI Optimization Engine,1,86.2,Partial Conflict
HIST-03344,BLK-03344,COR-025,2026-09-23,16:30,180,AI Optimization Engine,1,88.3,Partial Conflict
HIST-03345,BLK-03345,COR-055,2026-09-16,13:45,300,Manual Rule-Based,5,75.5,Cancelled
HIST-03346,BLK-03346,COR-073,2026-09-22,05:00,240,Manual Rule-Based,7,68.1,Cancelled
HIST-03347,BLK-03347,COR-002,2026-09-18,09:30,300,Manual Rule-Based,8,72.9,Cancelled
HIST-03348,BLK-03348,COR-019,2026-09-27,13:15,240,AI Optimization Engine,1,90.0,Partial Conflict
HIST-03349,BLK-03349,COR-100,2026-09-10,21:45,300,Manual Rule-Based,3,64.9,Partial Conflict
HIST-03350,BLK-03350,COR-051,2026-09-29,06:30,300,AI Optimization Engine,1,91.5,Partial Conflict
HIST-03351,BLK-03351,COR-048,2026-09-15,11:15,240,AI Optimization Engine,0,88.7,Executed Cleanly
HIST-03352,BLK-03352,COR-057,2026-09-22,18:00,180,AI Optimization Engine,0,90.9,Executed Cleanly
HIST-03353,BLK-03353,COR-080,2026-09-11,09:45,60,Manual Rule-Based,6,71.5,Cancelled
HIST-03354,BLK-03354,COR-081,2026-09-18,20:45,360,AI Optimization Engine,0,87.0,Executed Cleanly
HIST-03355,BLK-03355,COR-030,2026-09-17,03:45,60,AI Optimization Engine,0,91.5,Executed Cleanly
HIST-03356,BLK-03356,COR-086,2026-09-15,16:00,240,AI Optimization Engine,0,88.7,Executed Cleanly
HIST-03357,BLK-03357,COR-099,2026-09-09,08:30,60,AI Optimization Engine,1,86.5,Partial Conflict
HIST-03358,BLK-03358,COR-061,2026-09-27,03:45,180,AI Optimization Engine,0,86.0,Executed Cleanly
HIST-03359,BLK-03359,COR-045,2026-09-11,04:30,240,Manual Rule-Based,8,60.6,Cancelled
HIST-03360,BLK-03360,COR-002,2026-09-28,08:30,240,AI Optimization Engine,1,90.9,Partial Conflict
HIST-03361,BLK-03361,COR-030,2026-09-25,22:15,120,Manual Rule-Based,5,69.2,Cancelled
HIST-03362,BLK-03362,COR-003,2026-09-16,17:15,120,AI Optimization Engine,1,91.7,Partial Conflict
HIST-03363,BLK-03363,COR-023,2026-09-28,10:45,180,AI Optimization Engine,1,85.6,Partial Conflict
HIST-03364,BLK-03364,COR-015,2026-09-18,11:30,300,AI Optimization Engine,0,90.7,Executed Cleanly
HIST-03365,BLK-03365,COR-041,2026-09-19,18:15,60,Manual Rule-Based,3,70.9,Partial Conflict
HIST-03366,BLK-03366,COR-097,2026-09-29,07:00,120,AI Optimization Engine,0,90.9,Executed Cleanly
HIST-03367,BLK-03367,COR-012,2026-09-28,06:15,360,Manual Rule-Based,5,70.7,Cancelled
HIST-03368,BLK-03368,COR-013,2026-09-10,03:30,300,AI Optimization Engine,1,90.1,Partial Conflict
HIST-03369,BLK-03369,COR-011,2026-09-22,15:30,120,Manual Rule-Based,4,63.4,Cancelled
HIST-03370,BLK-03370,COR-021,2026-09-23,20:45,240,Manual Rule-Based,3,62.6,Partial Conflict
HIST-03371,BLK-03371,COR-014,2026-09-18,20:30,120,Manual Rule-Based,4,70.9,Cancelled
HIST-03372,BLK-03372,COR-040,2026-09-10,18:30,180,AI Optimization Engine,1,90.8,Partial Conflict
HIST-03373,BLK-03373,COR-088,2026-09-10,20:15,60,AI Optimization Engine,0,95.8,Executed Cleanly
HIST-03374,BLK-03374,COR-016,2026-09-16,06:45,360,Manual Rule-Based,3,75.2,Partial Conflict
HIST-03375,BLK-03375,COR-015,2026-09-17,04:15,360,AI Optimization Engine,1,89.3,Partial Conflict
HIST-03376,BLK-03376,COR-032,2026-09-20,23:45,60,Manual Rule-Based,3,75.1,Partial Conflict
HIST-03377,BLK-03377,COR-038,2026-09-28,19:30,60,Manual Rule-Based,6,67.9,Cancelled
HIST-03378,BLK-03378,COR-054,2026-09-27,03:15,360,Manual Rule-Based,8,66.4,Cancelled
HIST-03379,BLK-03379,COR-056,2026-09-16,19:30,300,Manual Rule-Based,4,70.1,Cancelled
HIST-03380,BLK-03380,COR-055,2026-09-28,17:30,180,AI Optimization Engine,0,85.6,Executed Cleanly
HIST-03381,BLK-03381,COR-036,2026-09-15,14:30,240,AI Optimization Engine,0,95.0,Executed Cleanly
HIST-03382,BLK-03382,COR-013,2026-09-14,07:45,240,Manual Rule-Based,3,70.1,Partial Conflict
HIST-03383,BLK-03383,COR-089,2026-09-20,12:30,300,Manual Rule-Based,6,62.0,Cancelled
HIST-03384,BLK-03384,COR-070,2026-09-20,12:30,120,AI Optimization Engine,1,86.6,Partial Conflict
HIST-03385,BLK-03385,COR-002,2026-09-22,02:30,120,AI Optimization Engine,1,96.0,Partial Conflict
HIST-03386,BLK-03386,COR-035,2026-09-28,19:00,120,Manual Rule-Based,8,69.3,Cancelled
HIST-03387,BLK-03387,COR-047,2026-09-24,14:00,120,AI Optimization Engine,1,88.0,Partial Conflict
HIST-03388,BLK-03388,COR-011,2026-09-28,01:15,240,AI Optimization Engine,0,87.7,Executed Cleanly
HIST-03389,BLK-03389,COR-073,2026-09-26,02:30,60,AI Optimization Engine,0,96.6,Executed Cleanly
HIST-03390,BLK-03390,COR-094,2026-09-21,19:30,360,AI Optimization Engine,1,85.3,Partial Conflict
HIST-03391,BLK-03391,COR-035,2026-09-12,01:15,300,Manual Rule-Based,3,72.8,Partial Conflict
HIST-03392,BLK-03392,COR-098,2026-09-18,03:15,60,AI Optimization Engine,0,94.0,Executed Cleanly
HIST-03393,BLK-03393,COR-031,2026-09-29,17:00,120,Manual Rule-Based,3,60.3,Partial Conflict
HIST-03394,BLK-03394,COR-016,2026-09-16,19:30,180,AI Optimization Engine,1,87.9,Partial Conflict
HIST-03395,BLK-03395,COR-041,2026-09-22,13:30,300,Manual Rule-Based,6,65.4,Cancelled
HIST-03396,BLK-03396,COR-005,2026-09-20,02:45,240,Manual Rule-Based,6,65.3,Cancelled
HIST-03397,BLK-03397,COR-085,2026-09-23,23:30,180,Manual Rule-Based,4,69.7,Cancelled
HIST-03398,BLK-03398,COR-078,2026-09-27,17:15,360,Manual Rule-Based,4,69.3,Cancelled
HIST-03399,BLK-03399,COR-020,2026-09-15,05:45,240,AI Optimization Engine,0,85.0,Executed Cleanly
HIST-03400,BLK-03400,COR-014,2026-09-22,13:45,360,AI Optimization Engine,0,95.8,Executed Cleanly
HIST-03401,BLK-03401,COR-098,2026-09-10,18:00,360,AI Optimization Engine,1,87.1,Partial Conflict
HIST-03402,BLK-03402,COR-018,2026-09-11,06:15,300,Manual Rule-Based,6,70.9,Cancelled
HIST-03403,BLK-03403,COR-027,2026-09-24,05:45,180,Manual Rule-Based,4,63.8,Cancelled
HIST-03404,BLK-03404,COR-080,2026-09-27,12:45,180,Manual Rule-Based,6,63.3,Cancelled
HIST-03405,BLK-03405,COR-058,2026-09-29,02:30,60,Manual Rule-Based,7,63.3,Cancelled
HIST-03406,BLK-03406,COR-026,2026-09-28,09:30,180,AI Optimization Engine,1,89.0,Partial Conflict
HIST-03407,BLK-03407,COR-074,2026-09-26,13:30,240,AI Optimization Engine,0,95.0,Executed Cleanly
HIST-03408,BLK-03408,COR-046,2026-09-14,21:00,120,Manual Rule-Based,6,62.1,Cancelled
HIST-03409,BLK-03409,COR-073,2026-09-25,12:15,240,Manual Rule-Based,5,63.7,Cancelled
HIST-03410,BLK-03410,COR-066,2026-09-14,16:30,60,AI Optimization Engine,0,96.3,Executed Cleanly
HIST-03411,BLK-03411,COR-058,2026-09-13,18:00,300,Manual Rule-Based,7,69.8,Cancelled
HIST-03412,BLK-03412,COR-092,2026-09-15,21:45,60,Manual Rule-Based,6,75.4,Cancelled
HIST-03413,BLK-03413,COR-025,2026-09-12,03:00,360,AI Optimization Engine,1,93.0,Partial Conflict
HIST-03414,BLK-03414,COR-054,2026-09-24,11:15,360,Manual Rule-Based,5,73.5,Cancelled
HIST-03415,BLK-03415,COR-013,2026-09-20,23:00,360,AI Optimization Engine,1,87.6,Partial Conflict
HIST-03416,BLK-03416,COR-047,2026-09-19,03:45,360,Manual Rule-Based,8,71.8,Cancelled
HIST-03417,BLK-03417,COR-057,2026-09-12,09:30,120,AI Optimization Engine,0,93.4,Executed Cleanly
HIST-03418,BLK-03418,COR-041,2026-09-13,00:00,360,Manual Rule-Based,8,72.3,Cancelled
HIST-03419,BLK-03419,COR-042,2026-09-26,14:15,120,AI Optimization Engine,0,94.0,Executed Cleanly
HIST-03420,BLK-03420,COR-008,2026-09-22,05:30,360,Manual Rule-Based,5,69.2,Cancelled
HIST-03421,BLK-03421,COR-015,2026-09-26,11:15,60,Manual Rule-Based,7,75.7,Cancelled
HIST-03422,BLK-03422,COR-081,2026-09-14,19:00,120,AI Optimization Engine,1,95.6,Partial Conflict
HIST-03423,BLK-03423,COR-035,2026-09-28,21:15,60,AI Optimization Engine,1,94.6,Partial Conflict
HIST-03424,BLK-03424,COR-092,2026-09-09,23:45,360,AI Optimization Engine,0,85.1,Executed Cleanly
HIST-03425,BLK-03425,COR-047,2026-09-10,01:30,360,Manual Rule-Based,3,64.9,Partial Conflict
HIST-03426,BLK-03426,COR-008,2026-09-17,11:15,120,Manual Rule-Based,5,62.6,Cancelled
HIST-03427,BLK-03427,COR-050,2026-09-29,04:00,240,Manual Rule-Based,3,68.4,Partial Conflict
HIST-03428,BLK-03428,COR-031,2026-09-24,07:15,240,Manual Rule-Based,8,64.1,Cancelled
HIST-03429,BLK-03429,COR-099,2026-09-24,05:15,240,Manual Rule-Based,5,71.9,Cancelled
HIST-03430,BLK-03430,COR-075,2026-09-29,19:30,360,AI Optimization Engine,0,97.2,Executed Cleanly
HIST-03431,BLK-03431,COR-049,2026-09-10,08:45,60,AI Optimization Engine,0,90.4,Executed Cleanly
HIST-03432,BLK-03432,COR-066,2026-09-19,05:45,120,AI Optimization Engine,1,89.4,Partial Conflict
HIST-03433,BLK-03433,COR-096,2026-09-22,13:30,300,Manual Rule-Based,5,65.2,Cancelled
HIST-03434,BLK-03434,COR-074,2026-09-18,02:45,180,AI Optimization Engine,1,94.2,Partial Conflict
HIST-03435,BLK-03435,COR-083,2026-09-19,01:30,180,Manual Rule-Based,4,63.5,Cancelled
HIST-03436,BLK-03436,COR-058,2026-09-15,20:30,60,Manual Rule-Based,3,70.0,Partial Conflict
HIST-03437,BLK-03437,COR-040,2026-09-24,18:15,360,AI Optimization Engine,1,92.8,Partial Conflict
HIST-03438,BLK-03438,COR-047,2026-09-13,17:00,360,Manual Rule-Based,7,75.4,Cancelled
HIST-03439,BLK-03439,COR-068,2026-09-26,05:00,300,Manual Rule-Based,8,60.3,Cancelled
HIST-03440,BLK-03440,COR-006,2026-09-27,09:45,300,AI Optimization Engine,1,88.9,Partial Conflict
HIST-03441,BLK-03441,COR-018,2026-09-25,11:45,60,Manual Rule-Based,3,66.8,Partial Conflict
HIST-03442,BLK-03442,COR-042,2026-09-11,14:45,180,AI Optimization Engine,1,92.1,Partial Conflict
HIST-03443,BLK-03443,COR-050,2026-09-09,00:00,180,AI Optimization Engine,0,97.4,Executed Cleanly
HIST-03444,BLK-03444,COR-028,2026-09-20,17:45,240,AI Optimization Engine,0,90.3,Executed Cleanly
HIST-03445,BLK-03445,COR-087,2026-09-20,10:30,120,Manual Rule-Based,3,72.1,Partial Conflict
HIST-03446,BLK-03446,COR-053,2026-09-13,08:00,120,Manual Rule-Based,7,66.1,Cancelled
HIST-03447,BLK-03447,COR-026,2026-09-13,21:30,360,Manual Rule-Based,6,74.9,Cancelled
HIST-03448,BLK-03448,COR-088,2026-09-21,16:30,300,Manual Rule-Based,5,64.1,Cancelled
HIST-03449,BLK-03449,COR-088,2026-09-21,14:00,180,Manual Rule-Based,3,65.6,Partial Conflict
HIST-03450,BLK-03450,COR-055,2026-09-14,07:00,300,AI Optimization Engine,1,85.1,Partial Conflict
HIST-03451,BLK-03451,COR-028,2026-09-12,17:15,240,Manual Rule-Based,3,60.8,Partial Conflict
HIST-03452,BLK-03452,COR-080,2026-09-11,05:45,300,Manual Rule-Based,5,64.6,Cancelled
HIST-03453,BLK-03453,COR-054,2026-09-21,21:30,240,Manual Rule-Based,7,71.0,Cancelled
HIST-03454,BLK-03454,COR-076,2026-09-19,00:00,300,AI Optimization Engine,1,88.9,Partial Conflict
HIST-03455,BLK-03455,COR-088,2026-09-21,22:45,360,AI Optimization Engine,1,93.2,Partial Conflict
HIST-03456,BLK-03456,COR-021,2026-09-19,13:45,300,Manual Rule-Based,7,68.6,Cancelled
HIST-03457,BLK-03457,COR-002,2026-09-10,04:45,180,AI Optimization Engine,0,97.1,Executed Cleanly
HIST-03458,BLK-03458,COR-046,2026-09-27,01:30,300,AI Optimization Engine,1,96.2,Partial Conflict
HIST-03459,BLK-03459,COR-089,2026-09-21,07:00,60,Manual Rule-Based,6,62.0,Cancelled
HIST-03460,BLK-03460,COR-022,2026-09-17,22:15,240,Manual Rule-Based,8,69.4,Cancelled
HIST-03461,BLK-03461,COR-038,2026-09-09,18:00,60,Manual Rule-Based,7,67.3,Cancelled
HIST-03462,BLK-03462,COR-029,2026-09-23,11:00,120,AI Optimization Engine,1,96.1,Partial Conflict
HIST-03463,BLK-03463,COR-018,2026-09-24,02:15,60,AI Optimization Engine,0,86.2,Executed Cleanly
HIST-03464,BLK-03464,COR-068,2026-09-19,02:30,60,AI Optimization Engine,1,94.5,Partial Conflict
HIST-03465,BLK-03465,COR-009,2026-09-18,12:45,300,AI Optimization Engine,1,93.6,Partial Conflict
HIST-03466,BLK-03466,COR-062,2026-09-11,09:45,300,AI Optimization Engine,1,93.3,Partial Conflict
HIST-03467,BLK-03467,COR-004,2026-09-14,21:00,300,AI Optimization Engine,1,90.4,Partial Conflict
HIST-03468,BLK-03468,COR-011,2026-09-21,08:45,180,AI Optimization Engine,0,87.3,Executed Cleanly
HIST-03469,BLK-03469,COR-021,2026-09-20,19:45,240,Manual Rule-Based,8,71.1,Cancelled
HIST-03470,BLK-03470,COR-089,2026-09-23,17:00,360,AI Optimization Engine,0,89.1,Executed Cleanly
HIST-03471,BLK-03471,COR-061,2026-09-15,12:00,180,AI Optimization Engine,0,95.1,Executed Cleanly
HIST-03472,BLK-03472,COR-091,2026-09-12,21:00,240,Manual Rule-Based,6,61.4,Cancelled
HIST-03473,BLK-03473,COR-078,2026-09-18,02:45,180,AI Optimization Engine,0,85.9,Executed Cleanly
HIST-03474,BLK-03474,COR-035,2026-09-29,07:15,120,Manual Rule-Based,8,71.2,Cancelled
HIST-03475,BLK-03475,COR-014,2026-09-13,08:15,300,Manual Rule-Based,7,72.7,Cancelled
HIST-03476,BLK-03476,COR-072,2026-09-25,00:30,300,Manual Rule-Based,3,62.3,Partial Conflict
HIST-03477,BLK-03477,COR-063,2026-09-20,00:15,120,Manual Rule-Based,6,61.1,Cancelled
HIST-03478,BLK-03478,COR-099,2026-09-27,17:15,240,AI Optimization Engine,1,96.6,Partial Conflict
HIST-03479,BLK-03479,COR-086,2026-09-11,02:15,60,AI Optimization Engine,0,91.9,Executed Cleanly
HIST-03480,BLK-03480,COR-093,2026-09-12,18:45,360,AI Optimization Engine,1,88.5,Partial Conflict
HIST-03481,BLK-03481,COR-006,2026-09-27,13:45,240,AI Optimization Engine,0,86.2,Executed Cleanly
HIST-03482,BLK-03482,COR-053,2026-09-29,09:45,240,Manual Rule-Based,8,62.6,Cancelled
HIST-03483,BLK-03483,COR-002,2026-09-22,04:30,360,AI Optimization Engine,1,94.7,Partial Conflict
HIST-03484,BLK-03484,COR-071,2026-09-11,21:15,120,Manual Rule-Based,8,75.6,Cancelled
HIST-03485,BLK-03485,COR-056,2026-09-09,08:30,300,AI Optimization Engine,1,92.9,Partial Conflict
HIST-03486,BLK-03486,COR-027,2026-09-09,03:00,300,AI Optimization Engine,0,92.4,Executed Cleanly
HIST-03487,BLK-03487,COR-026,2026-09-15,20:45,120,Manual Rule-Based,5,69.6,Cancelled
HIST-03488,BLK-03488,COR-089,2026-09-24,07:30,120,Manual Rule-Based,4,72.2,Cancelled
HIST-03489,BLK-03489,COR-008,2026-09-14,13:30,180,AI Optimization Engine,0,90.4,Executed Cleanly
HIST-03490,BLK-03490,COR-092,2026-09-27,00:15,300,AI Optimization Engine,0,97.1,Executed Cleanly
HIST-03491,BLK-03491,COR-016,2026-09-26,17:15,120,Manual Rule-Based,5,70.5,Cancelled
HIST-03492,BLK-03492,COR-050,2026-09-27,15:00,60,AI Optimization Engine,1,88.7,Partial Conflict
HIST-03493,BLK-03493,COR-023,2026-09-23,11:45,180,AI Optimization Engine,0,91.2,Executed Cleanly
HIST-03494,BLK-03494,COR-027,2026-09-17,15:45,300,Manual Rule-Based,4,73.0,Cancelled
HIST-03495,BLK-03495,COR-056,2026-09-18,12:30,120,AI Optimization Engine,0,96.6,Executed Cleanly
HIST-03496,BLK-03496,COR-008,2026-09-26,08:00,240,Manual Rule-Based,5,68.8,Cancelled
HIST-03497,BLK-03497,COR-048,2026-09-12,21:15,240,AI Optimization Engine,1,94.7,Partial Conflict
HIST-03498,BLK-03498,COR-061,2026-09-15,11:45,300,Manual Rule-Based,7,60.8,Cancelled
HIST-03499,BLK-03499,COR-088,2026-09-16,11:45,240,AI Optimization Engine,0,88.2,Executed Cleanly
HIST-03500,BLK-03500,COR-070,2026-09-18,14:00,120,AI Optimization Engine,0,92.9,Executed Cleanly
HIST-03501,BLK-03501,COR-041,2026-09-27,00:30,360,Manual Rule-Based,5,66.7,Cancelled
HIST-03502,BLK-03502,COR-021,2026-09-17,04:00,240,AI Optimization Engine,1,94.2,Partial Conflict
HIST-03503,BLK-03503,COR-068,2026-09-15,06:00,60,Manual Rule-Based,4,75.1,Cancelled
HIST-03504,BLK-03504,COR-081,2026-09-16,00:00,300,AI Optimization Engine,1,91.2,Partial Conflict
HIST-03505,BLK-03505,COR-100,2026-09-17,09:00,180,AI Optimization Engine,0,92.4,Executed Cleanly
HIST-03506,BLK-03506,COR-023,2026-09-11,08:15,120,AI Optimization Engine,0,85.0,Executed Cleanly
HIST-03507,BLK-03507,COR-039,2026-09-12,16:00,120,Manual Rule-Based,3,75.1,Partial Conflict
HIST-03508,BLK-03508,COR-056,2026-09-21,10:45,360,AI Optimization Engine,0,96.0,Executed Cleanly
HIST-03509,BLK-03509,COR-089,2026-09-11,07:45,180,Manual Rule-Based,6,76.0,Cancelled
HIST-03510,BLK-03510,COR-038,2026-09-15,20:00,300,AI Optimization Engine,0,86.1,Executed Cleanly
HIST-03511,BLK-03511,COR-026,2026-09-20,09:00,360,AI Optimization Engine,0,91.3,Executed Cleanly
HIST-03512,BLK-03512,COR-042,2026-09-25,16:45,60,Manual Rule-Based,4,68.6,Cancelled
HIST-03513,BLK-03513,COR-055,2026-09-11,22:15,120,AI Optimization Engine,0,93.5,Executed Cleanly
HIST-03514,BLK-03514,COR-026,2026-09-17,02:15,180,Manual Rule-Based,6,66.3,Cancelled
HIST-03515,BLK-03515,COR-006,2026-09-27,07:15,120,Manual Rule-Based,5,73.8,Cancelled
HIST-03516,BLK-03516,COR-013,2026-09-16,08:15,300,AI Optimization Engine,0,90.7,Executed Cleanly
HIST-03517,BLK-03517,COR-055,2026-09-24,18:30,180,AI Optimization Engine,0,88.2,Executed Cleanly
HIST-03518,BLK-03518,COR-076,2026-09-24,00:45,300,Manual Rule-Based,5,64.7,Cancelled
HIST-03519,BLK-03519,COR-087,2026-09-23,06:15,180,AI Optimization Engine,0,87.9,Executed Cleanly
HIST-03520,BLK-03520,COR-072,2026-09-27,00:15,120,Manual Rule-Based,4,72.3,Cancelled
HIST-03521,BLK-03521,COR-069,2026-09-19,10:45,120,Manual Rule-Based,3,60.1,Partial Conflict
HIST-03522,BLK-03522,COR-009,2026-09-29,00:45,60,AI Optimization Engine,1,87.5,Partial Conflict
HIST-03523,BLK-03523,COR-029,2026-09-14,23:30,240,Manual Rule-Based,5,60.8,Cancelled
HIST-03524,BLK-03524,COR-014,2026-09-14,03:15,240,AI Optimization Engine,0,85.6,Executed Cleanly
HIST-03525,BLK-03525,COR-081,2026-09-14,11:15,120,Manual Rule-Based,6,65.4,Cancelled
HIST-03526,BLK-03526,COR-062,2026-09-20,10:45,360,Manual Rule-Based,6,63.1,Cancelled
HIST-03527,BLK-03527,COR-046,2026-09-25,03:15,60,AI Optimization Engine,0,88.1,Executed Cleanly
HIST-03528,BLK-03528,COR-033,2026-09-19,08:30,360,AI Optimization Engine,0,90.6,Executed Cleanly
HIST-03529,BLK-03529,COR-055,2026-09-16,04:30,120,AI Optimization Engine,0,88.1,Executed Cleanly
HIST-03530,BLK-03530,COR-023,2026-09-29,12:45,60,AI Optimization Engine,0,92.7,Executed Cleanly
HIST-03531,BLK-03531,COR-013,2026-09-14,15:30,180,AI Optimization Engine,0,85.7,Executed Cleanly
HIST-03532,BLK-03532,COR-079,2026-09-15,21:45,180,AI Optimization Engine,1,88.2,Partial Conflict
HIST-03533,BLK-03533,COR-024,2026-09-15,18:15,240,AI Optimization Engine,1,95.4,Partial Conflict
HIST-03534,BLK-03534,COR-026,2026-09-13,13:15,60,AI Optimization Engine,0,93.1,Executed Cleanly
HIST-03535,BLK-03535,COR-083,2026-09-14,06:30,240,Manual Rule-Based,3,71.1,Partial Conflict
HIST-03536,BLK-03536,COR-037,2026-09-21,03:15,360,Manual Rule-Based,7,61.9,Cancelled
HIST-03537,BLK-03537,COR-044,2026-09-28,23:45,240,AI Optimization Engine,1,96.9,Partial Conflict
HIST-03538,BLK-03538,COR-094,2026-09-14,05:00,240,AI Optimization Engine,1,96.3,Partial Conflict
HIST-03539,BLK-03539,COR-008,2026-09-09,13:15,300,Manual Rule-Based,7,63.0,Cancelled
HIST-03540,BLK-03540,COR-096,2026-09-22,00:00,240,Manual Rule-Based,3,66.3,Partial Conflict
HIST-03541,BLK-03541,COR-046,2026-09-29,23:45,300,Manual Rule-Based,5,63.8,Cancelled
HIST-03542,BLK-03542,COR-098,2026-09-09,02:45,360,Manual Rule-Based,4,67.5,Cancelled
HIST-03543,BLK-03543,COR-063,2026-09-14,23:30,120,AI Optimization Engine,1,97.0,Partial Conflict
HIST-03544,BLK-03544,COR-046,2026-09-23,03:45,360,Manual Rule-Based,7,67.8,Cancelled
HIST-03545,BLK-03545,COR-068,2026-09-20,06:30,120,AI Optimization Engine,0,97.3,Executed Cleanly
HIST-03546,BLK-03546,COR-081,2026-09-10,21:45,300,Manual Rule-Based,4,72.6,Cancelled
HIST-03547,BLK-03547,COR-087,2026-09-21,05:45,360,Manual Rule-Based,6,62.9,Cancelled
HIST-03548,BLK-03548,COR-082,2026-09-25,23:45,180,Manual Rule-Based,4,62.0,Cancelled
HIST-03549,BLK-03549,COR-081,2026-09-13,17:15,240,Manual Rule-Based,7,69.4,Cancelled
HIST-03550,BLK-03550,COR-009,2026-09-24,12:30,300,AI Optimization Engine,0,94.9,Executed Cleanly
HIST-03551,BLK-03551,COR-099,2026-09-15,17:00,60,AI Optimization Engine,0,85.4,Executed Cleanly
HIST-03552,BLK-03552,COR-099,2026-09-15,03:30,360,Manual Rule-Based,3,61.6,Partial Conflict
HIST-03553,BLK-03553,COR-027,2026-09-27,08:15,240,Manual Rule-Based,4,70.1,Cancelled
HIST-03554,BLK-03554,COR-079,2026-09-28,12:30,360,AI Optimization Engine,1,89.9,Partial Conflict
HIST-03555,BLK-03555,COR-020,2026-09-11,14:30,240,Manual Rule-Based,7,75.2,Cancelled
HIST-03556,BLK-03556,COR-033,2026-09-21,18:00,120,Manual Rule-Based,3,68.0,Partial Conflict
HIST-03557,BLK-03557,COR-057,2026-09-09,19:00,360,AI Optimization Engine,1,86.0,Partial Conflict
HIST-03558,BLK-03558,COR-023,2026-09-16,21:30,360,Manual Rule-Based,3,65.2,Partial Conflict
HIST-03559,BLK-03559,COR-095,2026-09-24,03:00,240,AI Optimization Engine,1,88.4,Partial Conflict
HIST-03560,BLK-03560,COR-021,2026-09-13,02:15,360,Manual Rule-Based,3,62.6,Partial Conflict
HIST-03561,BLK-03561,COR-036,2026-09-14,20:15,60,Manual Rule-Based,6,67.8,Cancelled
HIST-03562,BLK-03562,COR-019,2026-09-14,01:00,120,Manual Rule-Based,8,73.8,Cancelled
HIST-03563,BLK-03563,COR-037,2026-09-18,15:00,300,AI Optimization Engine,1,86.5,Partial Conflict
HIST-03564,BLK-03564,COR-010,2026-09-16,05:00,360,Manual Rule-Based,6,69.7,Cancelled
HIST-03565,BLK-03565,COR-047,2026-09-09,13:00,300,Manual Rule-Based,8,67.6,Cancelled
HIST-03566,BLK-03566,COR-067,2026-09-10,07:00,60,AI Optimization Engine,1,87.0,Partial Conflict
HIST-03567,BLK-03567,COR-084,2026-09-10,06:15,300,Manual Rule-Based,7,72.1,Cancelled
HIST-03568,BLK-03568,COR-094,2026-09-13,03:15,240,Manual Rule-Based,6,69.0,Cancelled
HIST-03569,BLK-03569,COR-066,2026-09-26,16:30,180,Manual Rule-Based,8,65.7,Cancelled
HIST-03570,BLK-03570,COR-085,2026-09-23,09:45,300,Manual Rule-Based,6,73.4,Cancelled
HIST-03571,BLK-03571,COR-041,2026-09-29,20:15,360,AI Optimization Engine,1,90.1,Partial Conflict
HIST-03572,BLK-03572,COR-058,2026-09-22,02:30,60,AI Optimization Engine,0,92.9,Executed Cleanly
HIST-03573,BLK-03573,COR-042,2026-09-11,06:30,180,AI Optimization Engine,1,92.7,Partial Conflict
HIST-03574,BLK-03574,COR-017,2026-09-21,21:30,300,AI Optimization Engine,0,92.1,Executed Cleanly
HIST-03575,BLK-03575,COR-094,2026-09-26,04:45,240,AI Optimization Engine,1,94.6,Partial Conflict
HIST-03576,BLK-03576,COR-024,2026-09-29,03:45,360,Manual Rule-Based,6,75.0,Cancelled
HIST-03577,BLK-03577,COR-093,2026-09-16,07:00,120,Manual Rule-Based,3,60.8,Partial Conflict
HIST-03578,BLK-03578,COR-097,2026-09-22,13:00,360,AI Optimization Engine,0,93.4,Executed Cleanly
HIST-03579,BLK-03579,COR-082,2026-09-15,15:15,180,Manual Rule-Based,6,61.4,Cancelled
HIST-03580,BLK-03580,COR-027,2026-09-16,23:30,60,AI Optimization Engine,0,96.7,Executed Cleanly
HIST-03581,BLK-03581,COR-074,2026-09-11,08:45,60,AI Optimization Engine,0,91.7,Executed Cleanly
HIST-03582,BLK-03582,COR-056,2026-09-10,01:15,300,Manual Rule-Based,6,72.2,Cancelled
HIST-03583,BLK-03583,COR-087,2026-09-12,00:15,180,Manual Rule-Based,8,60.4,Cancelled
HIST-03584,BLK-03584,COR-020,2026-09-27,11:15,360,AI Optimization Engine,1,86.3,Partial Conflict
HIST-03585,BLK-03585,COR-033,2026-09-22,04:15,300,Manual Rule-Based,8,66.6,Cancelled
HIST-03586,BLK-03586,COR-065,2026-09-09,11:45,180,Manual Rule-Based,6,72.2,Cancelled
HIST-03587,BLK-03587,COR-076,2026-09-17,20:00,300,Manual Rule-Based,6,67.6,Cancelled
HIST-03588,BLK-03588,COR-049,2026-09-19,23:45,180,Manual Rule-Based,3,63.9,Partial Conflict
HIST-03589,BLK-03589,COR-083,2026-09-25,23:00,120,Manual Rule-Based,6,67.7,Cancelled
HIST-03590,BLK-03590,COR-061,2026-09-18,13:45,60,Manual Rule-Based,8,68.9,Cancelled
HIST-03591,BLK-03591,COR-075,2026-09-09,15:15,300,Manual Rule-Based,4,63.3,Cancelled
HIST-03592,BLK-03592,COR-043,2026-09-29,19:00,240,AI Optimization Engine,0,90.0,Executed Cleanly
HIST-03593,BLK-03593,COR-056,2026-09-20,23:45,180,AI Optimization Engine,0,95.6,Executed Cleanly
HIST-03594,BLK-03594,COR-040,2026-09-21,13:30,240,Manual Rule-Based,4,70.9,Cancelled
HIST-03595,BLK-03595,COR-001,2026-09-21,03:00,300,AI Optimization Engine,1,91.8,Partial Conflict
HIST-03596,BLK-03596,COR-087,2026-09-18,03:45,120,Manual Rule-Based,8,71.7,Cancelled
HIST-03597,BLK-03597,COR-008,2026-09-21,08:15,240,AI Optimization Engine,1,95.8,Partial Conflict
HIST-03598,BLK-03598,COR-079,2026-09-18,08:45,120,AI Optimization Engine,1,94.4,Partial Conflict
HIST-03599,BLK-03599,COR-047,2026-09-10,04:30,60,AI Optimization Engine,0,92.8,Executed Cleanly
HIST-03600,BLK-03600,COR-057,2026-09-25,14:15,120,AI Optimization Engine,0,85.1,Executed Cleanly
HIST-03601,BLK-03601,COR-095,2026-09-22,19:30,360,AI Optimization Engine,0,96.2,Executed Cleanly
HIST-03602,BLK-03602,COR-041,2026-09-13,16:30,240,Manual Rule-Based,8,60.9,Cancelled
HIST-03603,BLK-03603,COR-032,2026-09-28,23:45,240,AI Optimization Engine,0,89.0,Executed Cleanly
HIST-03604,BLK-03604,COR-022,2026-09-23,14:15,180,AI Optimization Engine,1,92.3,Partial Conflict
HIST-03605,BLK-03605,COR-074,2026-09-09,20:45,180,Manual Rule-Based,4,74.7,Cancelled
HIST-03606,BLK-03606,COR-054,2026-09-21,16:00,360,AI Optimization Engine,0,87.6,Executed Cleanly
HIST-03607,BLK-03607,COR-061,2026-09-16,01:30,180,Manual Rule-Based,7,72.9,Cancelled
HIST-03608,BLK-03608,COR-003,2026-09-17,11:00,60,Manual Rule-Based,7,60.4,Cancelled
HIST-03609,BLK-03609,COR-046,2026-09-17,05:30,360,Manual Rule-Based,5,68.7,Cancelled
HIST-03610,BLK-03610,COR-011,2026-09-24,20:45,240,AI Optimization Engine,0,95.0,Executed Cleanly
HIST-03611,BLK-03611,COR-044,2026-09-12,05:30,60,AI Optimization Engine,1,94.8,Partial Conflict
HIST-03612,BLK-03612,COR-076,2026-09-17,16:15,240,AI Optimization Engine,0,97.1,Executed Cleanly
HIST-03613,BLK-03613,COR-091,2026-09-25,13:45,240,Manual Rule-Based,5,69.1,Cancelled
HIST-03614,BLK-03614,COR-035,2026-09-10,23:00,300,Manual Rule-Based,8,68.9,Cancelled
HIST-03615,BLK-03615,COR-099,2026-09-11,10:45,60,Manual Rule-Based,4,68.2,Cancelled
HIST-03616,BLK-03616,COR-072,2026-09-16,04:00,60,AI Optimization Engine,0,91.2,Executed Cleanly
HIST-03617,BLK-03617,COR-050,2026-09-15,03:45,60,AI Optimization Engine,1,95.5,Partial Conflict
HIST-03618,BLK-03618,COR-040,2026-09-16,16:00,60,AI Optimization Engine,0,91.6,Executed Cleanly
HIST-03619,BLK-03619,COR-049,2026-09-20,08:30,120,AI Optimization Engine,0,95.2,Executed Cleanly
HIST-03620,BLK-03620,COR-041,2026-09-19,22:30,60,AI Optimization Engine,0,94.4,Executed Cleanly
HIST-03621,BLK-03621,COR-068,2026-09-16,08:30,360,AI Optimization Engine,1,91.3,Partial Conflict
HIST-03622,BLK-03622,COR-066,2026-09-15,00:00,300,Manual Rule-Based,4,74.7,Cancelled
HIST-03623,BLK-03623,COR-023,2026-09-15,14:30,240,AI Optimization Engine,1,90.6,Partial Conflict
HIST-03624,BLK-03624,COR-039,2026-09-16,07:00,240,Manual Rule-Based,3,75.0,Partial Conflict
HIST-03625,BLK-03625,COR-016,2026-09-22,00:00,180,Manual Rule-Based,6,67.6,Cancelled
HIST-03626,BLK-03626,COR-014,2026-09-17,06:00,60,Manual Rule-Based,6,73.4,Cancelled
HIST-03627,BLK-03627,COR-014,2026-09-15,14:15,360,AI Optimization Engine,0,91.8,Executed Cleanly
HIST-03628,BLK-03628,COR-068,2026-09-14,03:15,240,Manual Rule-Based,6,73.7,Cancelled
HIST-03629,BLK-03629,COR-049,2026-09-27,10:45,180,Manual Rule-Based,8,75.2,Cancelled
HIST-03630,BLK-03630,COR-003,2026-09-09,00:30,120,AI Optimization Engine,1,87.7,Partial Conflict
HIST-03631,BLK-03631,COR-025,2026-09-13,21:30,240,AI Optimization Engine,0,96.8,Executed Cleanly
HIST-03632,BLK-03632,COR-001,2026-09-10,17:45,300,Manual Rule-Based,6,66.6,Cancelled
HIST-03633,BLK-03633,COR-019,2026-09-28,10:45,60,AI Optimization Engine,1,90.6,Partial Conflict
HIST-03634,BLK-03634,COR-027,2026-09-12,19:30,120,AI Optimization Engine,1,88.1,Partial Conflict
HIST-03635,BLK-03635,COR-016,2026-09-13,07:15,180,AI Optimization Engine,1,85.4,Partial Conflict
HIST-03636,BLK-03636,COR-057,2026-09-27,00:00,300,AI Optimization Engine,0,94.2,Executed Cleanly
HIST-03637,BLK-03637,COR-054,2026-09-15,16:30,300,Manual Rule-Based,8,64.7,Cancelled
HIST-03638,BLK-03638,COR-078,2026-09-27,11:15,120,Manual Rule-Based,4,73.4,Cancelled
HIST-03639,BLK-03639,COR-063,2026-09-09,01:45,60,Manual Rule-Based,4,66.6,Cancelled
HIST-03640,BLK-03640,COR-074,2026-09-11,00:30,360,AI Optimization Engine,1,86.6,Partial Conflict
HIST-03641,BLK-03641,COR-065,2026-09-29,13:00,180,AI Optimization Engine,1,86.6,Partial Conflict
HIST-03642,BLK-03642,COR-052,2026-09-17,15:30,180,Manual Rule-Based,8,72.3,Cancelled
HIST-03643,BLK-03643,COR-060,2026-09-28,17:45,300,Manual Rule-Based,4,62.3,Cancelled
HIST-03644,BLK-03644,COR-094,2026-09-12,17:15,120,AI Optimization Engine,0,85.7,Executed Cleanly
HIST-03645,BLK-03645,COR-011,2026-09-23,15:00,300,AI Optimization Engine,1,95.2,Partial Conflict
HIST-03646,BLK-03646,COR-038,2026-09-17,21:15,360,AI Optimization Engine,1,95.3,Partial Conflict
HIST-03647,BLK-03647,COR-075,2026-09-23,14:15,360,Manual Rule-Based,3,67.4,Partial Conflict
HIST-03648,BLK-03648,COR-026,2026-09-19,04:00,300,AI Optimization Engine,1,93.5,Partial Conflict
HIST-03649,BLK-03649,COR-079,2026-09-23,18:00,240,Manual Rule-Based,4,70.0,Cancelled
HIST-03650,BLK-03650,COR-020,2026-09-13,16:45,180,AI Optimization Engine,1,91.5,Partial Conflict
HIST-03651,BLK-03651,COR-043,2026-09-25,23:45,120,Manual Rule-Based,6,62.3,Cancelled
HIST-03652,BLK-03652,COR-039,2026-09-19,07:15,120,AI Optimization Engine,0,88.3,Executed Cleanly
HIST-03653,BLK-03653,COR-071,2026-09-23,05:45,360,Manual Rule-Based,3,71.9,Partial Conflict
HIST-03654,BLK-03654,COR-084,2026-09-13,11:45,120,Manual Rule-Based,3,69.3,Partial Conflict
HIST-03655,BLK-03655,COR-034,2026-09-18,08:15,180,Manual Rule-Based,7,74.5,Cancelled
HIST-03656,BLK-03656,COR-032,2026-09-26,08:00,60,Manual Rule-Based,7,61.0,Cancelled
HIST-03657,BLK-03657,COR-016,2026-09-18,14:30,240,AI Optimization Engine,1,85.2,Partial Conflict
HIST-03658,BLK-03658,COR-002,2026-09-09,21:15,240,AI Optimization Engine,0,87.2,Executed Cleanly
HIST-03659,BLK-03659,COR-024,2026-09-26,09:45,240,AI Optimization Engine,1,96.4,Partial Conflict
HIST-03660,BLK-03660,COR-002,2026-09-20,17:45,300,Manual Rule-Based,3,73.7,Partial Conflict
HIST-03661,BLK-03661,COR-076,2026-09-19,11:45,60,AI Optimization Engine,1,85.2,Partial Conflict
HIST-03662,BLK-03662,COR-005,2026-09-29,05:15,180,AI Optimization Engine,1,89.3,Partial Conflict
HIST-03663,BLK-03663,COR-032,2026-09-16,21:15,60,Manual Rule-Based,6,61.2,Cancelled
HIST-03664,BLK-03664,COR-055,2026-09-25,03:30,240,Manual Rule-Based,8,65.7,Cancelled
HIST-03665,BLK-03665,COR-028,2026-09-21,07:00,300,Manual Rule-Based,6,70.5,Cancelled
HIST-03666,BLK-03666,COR-052,2026-09-15,22:45,180,Manual Rule-Based,7,67.7,Cancelled
HIST-03667,BLK-03667,COR-020,2026-09-20,23:00,60,AI Optimization Engine,1,85.7,Partial Conflict
HIST-03668,BLK-03668,COR-061,2026-09-15,06:15,300,AI Optimization Engine,0,96.7,Executed Cleanly
HIST-03669,BLK-03669,COR-069,2026-09-11,09:15,360,AI Optimization Engine,1,96.9,Partial Conflict
HIST-03670,BLK-03670,COR-056,2026-09-10,19:30,300,AI Optimization Engine,1,93.2,Partial Conflict
HIST-03671,BLK-03671,COR-033,2026-09-17,08:15,360,Manual Rule-Based,8,67.6,Cancelled
HIST-03672,BLK-03672,COR-058,2026-09-21,05:30,120,Manual Rule-Based,8,74.0,Cancelled
HIST-03673,BLK-03673,COR-052,2026-09-26,15:15,360,Manual Rule-Based,6,66.9,Cancelled
HIST-03674,BLK-03674,COR-071,2026-09-15,09:00,120,AI Optimization Engine,0,85.1,Executed Cleanly
HIST-03675,BLK-03675,COR-066,2026-09-24,00:00,180,Manual Rule-Based,4,65.1,Cancelled
HIST-03676,BLK-03676,COR-060,2026-09-19,20:00,360,AI Optimization Engine,0,85.2,Executed Cleanly
HIST-03677,BLK-03677,COR-089,2026-09-20,16:15,180,Manual Rule-Based,6,67.6,Cancelled
HIST-03678,BLK-03678,COR-084,2026-09-17,04:45,180,AI Optimization Engine,1,87.2,Partial Conflict
HIST-03679,BLK-03679,COR-053,2026-09-14,11:30,180,AI Optimization Engine,1,85.7,Partial Conflict
HIST-03680,BLK-03680,COR-084,2026-09-19,06:00,240,Manual Rule-Based,3,67.7,Partial Conflict
HIST-03681,BLK-03681,COR-047,2026-09-10,13:45,300,AI Optimization Engine,0,89.4,Executed Cleanly
HIST-03682,BLK-03682,COR-065,2026-09-11,07:15,120,AI Optimization Engine,0,93.3,Executed Cleanly
HIST-03683,BLK-03683,COR-061,2026-09-21,09:00,360,AI Optimization Engine,0,93.6,Executed Cleanly
HIST-03684,BLK-03684,COR-062,2026-09-16,23:30,240,Manual Rule-Based,8,63.1,Cancelled
HIST-03685,BLK-03685,COR-100,2026-09-23,14:00,300,Manual Rule-Based,7,71.7,Cancelled
HIST-03686,BLK-03686,COR-032,2026-09-17,22:00,120,Manual Rule-Based,5,75.0,Cancelled
HIST-03687,BLK-03687,COR-087,2026-09-24,21:45,240,AI Optimization Engine,1,97.3,Partial Conflict
HIST-03688,BLK-03688,COR-063,2026-09-22,12:45,120,Manual Rule-Based,5,67.2,Cancelled
HIST-03689,BLK-03689,COR-072,2026-09-12,19:30,180,Manual Rule-Based,3,66.3,Partial Conflict
HIST-03690,BLK-03690,COR-062,2026-09-16,17:00,240,Manual Rule-Based,7,67.3,Cancelled
HIST-03691,BLK-03691,COR-091,2026-09-10,02:00,60,AI Optimization Engine,1,93.7,Partial Conflict
HIST-03692,BLK-03692,COR-054,2026-09-23,08:15,300,AI Optimization Engine,0,96.8,Executed Cleanly
HIST-03693,BLK-03693,COR-029,2026-09-25,13:45,240,Manual Rule-Based,6,62.5,Cancelled
HIST-03694,BLK-03694,COR-010,2026-09-17,16:45,120,Manual Rule-Based,5,73.9,Cancelled
HIST-03695,BLK-03695,COR-005,2026-09-11,19:15,60,Manual Rule-Based,6,69.3,Cancelled
HIST-03696,BLK-03696,COR-067,2026-09-18,12:15,300,Manual Rule-Based,8,61.4,Cancelled
HIST-03697,BLK-03697,COR-093,2026-09-16,05:00,240,AI Optimization Engine,1,91.0,Partial Conflict
HIST-03698,BLK-03698,COR-056,2026-09-10,02:00,240,Manual Rule-Based,3,62.4,Partial Conflict
HIST-03699,BLK-03699,COR-079,2026-09-16,02:45,180,Manual Rule-Based,7,68.9,Cancelled
HIST-03700,BLK-03700,COR-080,2026-09-22,19:30,360,AI Optimization Engine,0,96.3,Executed Cleanly
HIST-03701,BLK-03701,COR-058,2026-09-25,11:15,360,AI Optimization Engine,1,85.2,Partial Conflict
HIST-03702,BLK-03702,COR-051,2026-09-20,11:30,60,AI Optimization Engine,0,88.7,Executed Cleanly
HIST-03703,BLK-03703,COR-096,2026-09-24,10:30,240,AI Optimization Engine,0,88.4,Executed Cleanly
HIST-03704,BLK-03704,COR-003,2026-09-11,12:15,300,AI Optimization Engine,0,91.7,Executed Cleanly
HIST-03705,BLK-03705,COR-030,2026-09-28,20:00,300,AI Optimization Engine,1,94.5,Partial Conflict
HIST-03706,BLK-03706,COR-050,2026-09-10,04:45,300,AI Optimization Engine,1,96.0,Partial Conflict
HIST-03707,BLK-03707,COR-078,2026-09-25,15:45,240,Manual Rule-Based,6,71.7,Cancelled
HIST-03708,BLK-03708,COR-067,2026-09-24,08:45,300,Manual Rule-Based,4,66.7,Cancelled
HIST-03709,BLK-03709,COR-014,2026-09-24,14:15,360,AI Optimization Engine,1,88.9,Partial Conflict
HIST-03710,BLK-03710,COR-077,2026-09-27,12:15,360,AI Optimization Engine,0,85.0,Executed Cleanly
HIST-03711,BLK-03711,COR-006,2026-09-13,07:15,240,Manual Rule-Based,3,73.2,Partial Conflict
HIST-03712,BLK-03712,COR-045,2026-09-23,04:00,120,AI Optimization Engine,0,87.5,Executed Cleanly
HIST-03713,BLK-03713,COR-052,2026-09-11,18:45,240,Manual Rule-Based,7,72.8,Cancelled
HIST-03714,BLK-03714,COR-028,2026-09-12,08:15,60,Manual Rule-Based,6,73.1,Cancelled
HIST-03715,BLK-03715,COR-034,2026-09-26,09:00,60,AI Optimization Engine,1,96.7,Partial Conflict
HIST-03716,BLK-03716,COR-076,2026-09-23,07:30,360,AI Optimization Engine,0,90.2,Executed Cleanly
HIST-03717,BLK-03717,COR-078,2026-09-19,01:30,240,Manual Rule-Based,7,64.4,Cancelled
HIST-03718,BLK-03718,COR-096,2026-09-22,22:00,240,AI Optimization Engine,1,95.4,Partial Conflict
HIST-03719,BLK-03719,COR-058,2026-09-19,18:30,60,Manual Rule-Based,3,74.8,Partial Conflict
HIST-03720,BLK-03720,COR-071,2026-09-24,05:30,120,Manual Rule-Based,8,73.1,Cancelled
HIST-03721,BLK-03721,COR-058,2026-09-13,12:00,300,Manual Rule-Based,5,66.9,Cancelled
HIST-03722,BLK-03722,COR-059,2026-09-23,04:45,180,AI Optimization Engine,0,91.8,Executed Cleanly
HIST-03723,BLK-03723,COR-079,2026-09-23,17:15,360,AI Optimization Engine,0,90.8,Executed Cleanly
HIST-03724,BLK-03724,COR-024,2026-09-12,11:00,300,AI Optimization Engine,0,92.7,Executed Cleanly
HIST-03725,BLK-03725,COR-031,2026-09-10,12:15,360,Manual Rule-Based,3,62.3,Partial Conflict
HIST-03726,BLK-03726,COR-036,2026-09-20,11:15,180,Manual Rule-Based,6,75.2,Cancelled
HIST-03727,BLK-03727,COR-014,2026-09-23,01:00,360,AI Optimization Engine,1,89.3,Partial Conflict
HIST-03728,BLK-03728,COR-065,2026-09-12,12:00,360,AI Optimization Engine,1,92.7,Partial Conflict
HIST-03729,BLK-03729,COR-037,2026-09-25,04:15,300,Manual Rule-Based,7,74.1,Cancelled
HIST-03730,BLK-03730,COR-025,2026-09-16,23:45,120,AI Optimization Engine,1,93.9,Partial Conflict
HIST-03731,BLK-03731,COR-089,2026-09-17,11:45,60,Manual Rule-Based,7,65.4,Cancelled
HIST-03732,BLK-03732,COR-029,2026-09-28,18:15,240,Manual Rule-Based,5,61.0,Cancelled
HIST-03733,BLK-03733,COR-051,2026-09-29,07:15,60,Manual Rule-Based,3,63.4,Partial Conflict
HIST-03734,BLK-03734,COR-028,2026-09-13,19:00,240,Manual Rule-Based,3,60.6,Partial Conflict
HIST-03735,BLK-03735,COR-048,2026-09-16,19:15,240,AI Optimization Engine,1,94.6,Partial Conflict
HIST-03736,BLK-03736,COR-087,2026-09-22,20:45,240,Manual Rule-Based,7,62.6,Cancelled
HIST-03737,BLK-03737,COR-028,2026-09-18,17:45,240,Manual Rule-Based,3,64.3,Partial Conflict
HIST-03738,BLK-03738,COR-089,2026-09-25,18:30,240,AI Optimization Engine,1,93.6,Partial Conflict
HIST-03739,BLK-03739,COR-100,2026-09-09,10:00,60,Manual Rule-Based,5,67.5,Cancelled
HIST-03740,BLK-03740,COR-098,2026-09-19,17:45,300,Manual Rule-Based,6,61.3,Cancelled
HIST-03741,BLK-03741,COR-014,2026-09-25,15:45,120,Manual Rule-Based,5,62.6,Cancelled
HIST-03742,BLK-03742,COR-016,2026-09-27,02:45,240,Manual Rule-Based,7,68.3,Cancelled
HIST-03743,BLK-03743,COR-033,2026-09-26,17:45,180,AI Optimization Engine,1,87.1,Partial Conflict
HIST-03744,BLK-03744,COR-032,2026-09-27,17:30,180,AI Optimization Engine,1,91.4,Partial Conflict
HIST-03745,BLK-03745,COR-050,2026-09-09,12:45,180,AI Optimization Engine,0,87.5,Executed Cleanly
HIST-03746,BLK-03746,COR-048,2026-09-25,09:00,60,Manual Rule-Based,3,69.4,Partial Conflict
HIST-03747,BLK-03747,COR-004,2026-09-14,22:15,240,Manual Rule-Based,6,60.4,Cancelled
HIST-03748,BLK-03748,COR-062,2026-09-19,15:45,180,Manual Rule-Based,4,73.9,Cancelled
HIST-03749,BLK-03749,COR-081,2026-09-14,05:45,120,Manual Rule-Based,5,64.0,Cancelled
HIST-03750,BLK-03750,COR-086,2026-09-18,08:15,240,Manual Rule-Based,7,62.4,Cancelled
HIST-03751,BLK-03751,COR-067,2026-09-09,01:45,120,Manual Rule-Based,5,64.2,Cancelled
HIST-03752,BLK-03752,COR-052,2026-09-15,07:00,300,AI Optimization Engine,0,86.9,Executed Cleanly
HIST-03753,BLK-03753,COR-064,2026-09-19,18:45,120,AI Optimization Engine,0,88.6,Executed Cleanly
HIST-03754,BLK-03754,COR-011,2026-09-22,08:00,300,Manual Rule-Based,6,70.6,Cancelled
HIST-03755,BLK-03755,COR-095,2026-09-14,06:00,300,Manual Rule-Based,7,70.2,Cancelled
HIST-03756,BLK-03756,COR-004,2026-09-22,17:30,60,AI Optimization Engine,1,94.8,Partial Conflict
HIST-03757,BLK-03757,COR-088,2026-09-13,00:45,240,AI Optimization Engine,1,97.5,Partial Conflict
HIST-03758,BLK-03758,COR-043,2026-09-17,19:45,360,Manual Rule-Based,6,69.7,Cancelled
HIST-03759,BLK-03759,COR-005,2026-09-19,22:15,60,Manual Rule-Based,8,67.4,Cancelled
HIST-03760,BLK-03760,COR-039,2026-09-19,22:15,180,Manual Rule-Based,3,68.0,Partial Conflict
HIST-03761,BLK-03761,COR-083,2026-09-15,09:00,360,AI Optimization Engine,0,92.1,Executed Cleanly
HIST-03762,BLK-03762,COR-008,2026-09-13,10:15,60,Manual Rule-Based,8,64.7,Cancelled
HIST-03763,BLK-03763,COR-059,2026-09-27,16:45,360,AI Optimization Engine,0,97.0,Executed Cleanly
HIST-03764,BLK-03764,COR-076,2026-09-14,19:00,360,AI Optimization Engine,0,96.2,Executed Cleanly
HIST-03765,BLK-03765,COR-075,2026-09-29,04:30,240,AI Optimization Engine,1,95.3,Partial Conflict
HIST-03766,BLK-03766,COR-028,2026-09-15,12:00,300,AI Optimization Engine,1,91.3,Partial Conflict
HIST-03767,BLK-03767,COR-004,2026-09-23,01:30,240,Manual Rule-Based,3,68.9,Partial Conflict
HIST-03768,BLK-03768,COR-091,2026-09-24,11:30,120,Manual Rule-Based,3,71.9,Partial Conflict
HIST-03769,BLK-03769,COR-061,2026-09-11,02:00,240,Manual Rule-Based,5,62.2,Cancelled
HIST-03770,BLK-03770,COR-029,2026-09-14,13:15,240,Manual Rule-Based,5,71.7,Cancelled
HIST-03771,BLK-03771,COR-014,2026-09-26,22:15,180,Manual Rule-Based,3,60.7,Partial Conflict
HIST-03772,BLK-03772,COR-012,2026-09-09,05:00,120,AI Optimization Engine,0,89.4,Executed Cleanly
HIST-03773,BLK-03773,COR-011,2026-09-25,08:15,120,AI Optimization Engine,1,97.0,Partial Conflict
HIST-03774,BLK-03774,COR-069,2026-09-19,14:15,120,Manual Rule-Based,7,70.6,Cancelled
HIST-03775,BLK-03775,COR-055,2026-09-20,09:15,60,Manual Rule-Based,4,73.6,Cancelled
HIST-03776,BLK-03776,COR-092,2026-09-13,16:15,120,Manual Rule-Based,4,74.9,Cancelled
HIST-03777,BLK-03777,COR-013,2026-09-10,22:00,120,AI Optimization Engine,0,86.9,Executed Cleanly
HIST-03778,BLK-03778,COR-094,2026-09-12,06:45,240,AI Optimization Engine,1,91.5,Partial Conflict
HIST-03779,BLK-03779,COR-010,2026-09-20,07:15,60,Manual Rule-Based,7,60.5,Cancelled
HIST-03780,BLK-03780,COR-017,2026-09-09,14:30,180,AI Optimization Engine,1,92.1,Partial Conflict
HIST-03781,BLK-03781,COR-093,2026-09-11,10:15,240,Manual Rule-Based,8,62.6,Cancelled
HIST-03782,BLK-03782,COR-011,2026-09-28,07:45,180,Manual Rule-Based,8,64.5,Cancelled
HIST-03783,BLK-03783,COR-057,2026-09-16,02:30,60,AI Optimization Engine,0,95.2,Executed Cleanly
HIST-03784,BLK-03784,COR-013,2026-09-27,22:15,180,Manual Rule-Based,8,66.7,Cancelled
HIST-03785,BLK-03785,COR-051,2026-09-19,16:45,60,AI Optimization Engine,0,86.2,Executed Cleanly
HIST-03786,BLK-03786,COR-072,2026-09-13,09:30,60,Manual Rule-Based,3,63.0,Partial Conflict
HIST-03787,BLK-03787,COR-014,2026-09-16,10:15,360,AI Optimization Engine,1,96.2,Partial Conflict
HIST-03788,BLK-03788,COR-014,2026-09-15,03:30,240,Manual Rule-Based,8,68.4,Cancelled
HIST-03789,BLK-03789,COR-079,2026-09-16,01:15,180,Manual Rule-Based,7,62.1,Cancelled
HIST-03790,BLK-03790,COR-048,2026-09-22,05:30,60,AI Optimization Engine,1,90.8,Partial Conflict
HIST-03791,BLK-03791,COR-057,2026-09-22,06:45,300,Manual Rule-Based,6,71.7,Cancelled
HIST-03792,BLK-03792,COR-029,2026-09-19,21:30,120,AI Optimization Engine,0,97.0,Executed Cleanly
HIST-03793,BLK-03793,COR-070,2026-09-28,23:30,360,Manual Rule-Based,6,60.5,Cancelled
HIST-03794,BLK-03794,COR-047,2026-09-28,11:30,180,Manual Rule-Based,4,63.9,Cancelled
HIST-03795,BLK-03795,COR-083,2026-09-17,13:45,240,AI Optimization Engine,0,97.5,Executed Cleanly
HIST-03796,BLK-03796,COR-067,2026-09-23,08:00,360,AI Optimization Engine,1,86.0,Partial Conflict
HIST-03797,BLK-03797,COR-042,2026-09-16,22:30,180,AI Optimization Engine,1,85.5,Partial Conflict
HIST-03798,BLK-03798,COR-073,2026-09-10,11:15,300,AI Optimization Engine,1,85.2,Partial Conflict
HIST-03799,BLK-03799,COR-034,2026-09-11,08:15,60,Manual Rule-Based,3,67.3,Partial Conflict
HIST-03800,BLK-03800,COR-033,2026-09-16,22:00,240,Manual Rule-Based,3,61.4,Partial Conflict
HIST-03801,BLK-03801,COR-054,2026-09-21,16:30,60,Manual Rule-Based,7,68.3,Cancelled
HIST-03802,BLK-03802,COR-090,2026-09-29,19:00,300,AI Optimization Engine,0,89.8,Executed Cleanly
HIST-03803,BLK-03803,COR-097,2026-09-12,17:00,180,Manual Rule-Based,4,70.0,Cancelled
HIST-03804,BLK-03804,COR-049,2026-09-17,03:15,60,Manual Rule-Based,3,62.7,Partial Conflict
HIST-03805,BLK-03805,COR-100,2026-09-21,10:15,60,AI Optimization Engine,0,91.8,Executed Cleanly
HIST-03806,BLK-03806,COR-069,2026-09-09,15:45,120,AI Optimization Engine,1,93.8,Partial Conflict
HIST-03807,BLK-03807,COR-079,2026-09-21,21:45,180,Manual Rule-Based,5,60.6,Cancelled
HIST-03808,BLK-03808,COR-020,2026-09-29,06:45,240,Manual Rule-Based,6,71.4,Cancelled
HIST-03809,BLK-03809,COR-047,2026-09-14,10:30,120,AI Optimization Engine,0,94.4,Executed Cleanly
HIST-03810,BLK-03810,COR-055,2026-09-24,04:00,180,Manual Rule-Based,6,63.6,Cancelled
HIST-03811,BLK-03811,COR-043,2026-09-28,10:15,180,Manual Rule-Based,5,73.7,Cancelled
HIST-03812,BLK-03812,COR-067,2026-09-26,09:30,300,Manual Rule-Based,4,60.1,Cancelled
HIST-03813,BLK-03813,COR-045,2026-09-09,07:30,180,AI Optimization Engine,1,87.2,Partial Conflict
HIST-03814,BLK-03814,COR-011,2026-09-12,22:00,300,Manual Rule-Based,8,70.4,Cancelled
HIST-03815,BLK-03815,COR-045,2026-09-20,14:30,240,Manual Rule-Based,3,60.5,Partial Conflict
HIST-03816,BLK-03816,COR-014,2026-09-25,00:45,360,AI Optimization Engine,0,95.9,Executed Cleanly
HIST-03817,BLK-03817,COR-087,2026-09-18,15:15,360,AI Optimization Engine,0,96.2,Executed Cleanly
HIST-03818,BLK-03818,COR-100,2026-09-17,15:15,240,AI Optimization Engine,1,94.7,Partial Conflict
HIST-03819,BLK-03819,COR-037,2026-09-10,19:00,180,AI Optimization Engine,0,92.1,Executed Cleanly
HIST-03820,BLK-03820,COR-087,2026-09-11,06:15,120,AI Optimization Engine,0,94.2,Executed Cleanly
HIST-03821,BLK-03821,COR-100,2026-09-19,04:15,120,Manual Rule-Based,8,69.4,Cancelled
HIST-03822,BLK-03822,COR-065,2026-09-25,19:15,240,Manual Rule-Based,5,64.8,Cancelled
HIST-03823,BLK-03823,COR-070,2026-09-19,15:45,360,Manual Rule-Based,8,69.5,Cancelled
HIST-03824,BLK-03824,COR-029,2026-09-13,11:00,180,Manual Rule-Based,7,75.9,Cancelled
HIST-03825,BLK-03825,COR-080,2026-09-14,00:30,360,Manual Rule-Based,8,66.2,Cancelled
HIST-03826,BLK-03826,COR-048,2026-09-13,17:30,120,AI Optimization Engine,1,93.7,Partial Conflict
HIST-03827,BLK-03827,COR-076,2026-09-25,08:15,300,AI Optimization Engine,1,88.7,Partial Conflict
HIST-03828,BLK-03828,COR-023,2026-09-22,01:00,240,Manual Rule-Based,6,70.0,Cancelled
HIST-03829,BLK-03829,COR-067,2026-09-29,09:15,180,Manual Rule-Based,5,73.0,Cancelled
HIST-03830,BLK-03830,COR-070,2026-09-24,00:15,240,AI Optimization Engine,0,90.4,Executed Cleanly
HIST-03831,BLK-03831,COR-061,2026-09-20,08:45,120,Manual Rule-Based,8,68.5,Cancelled
HIST-03832,BLK-03832,COR-059,2026-09-18,10:00,120,Manual Rule-Based,6,66.7,Cancelled
HIST-03833,BLK-03833,COR-089,2026-09-09,04:30,240,AI Optimization Engine,0,94.3,Executed Cleanly
HIST-03834,BLK-03834,COR-048,2026-09-18,12:00,360,AI Optimization Engine,0,87.8,Executed Cleanly
HIST-03835,BLK-03835,COR-074,2026-09-25,18:00,180,Manual Rule-Based,6,67.1,Cancelled
HIST-03836,BLK-03836,COR-027,2026-09-27,02:30,180,AI Optimization Engine,0,91.3,Executed Cleanly
HIST-03837,BLK-03837,COR-026,2026-09-18,01:15,360,AI Optimization Engine,0,92.5,Executed Cleanly
HIST-03838,BLK-03838,COR-099,2026-09-22,10:30,300,AI Optimization Engine,1,85.9,Partial Conflict
HIST-03839,BLK-03839,COR-026,2026-09-10,08:45,180,Manual Rule-Based,5,68.0,Cancelled
HIST-03840,BLK-03840,COR-001,2026-09-20,23:30,60,AI Optimization Engine,1,94.9,Partial Conflict
HIST-03841,BLK-03841,COR-084,2026-09-25,01:00,240,Manual Rule-Based,3,65.9,Partial Conflict
HIST-03842,BLK-03842,COR-005,2026-09-29,08:15,300,AI Optimization Engine,0,90.1,Executed Cleanly
HIST-03843,BLK-03843,COR-017,2026-09-24,16:15,300,AI Optimization Engine,0,85.8,Executed Cleanly
HIST-03844,BLK-03844,COR-093,2026-09-29,21:00,300,Manual Rule-Based,5,70.6,Cancelled
HIST-03845,BLK-03845,COR-098,2026-09-13,19:15,120,AI Optimization Engine,1,93.5,Partial Conflict
HIST-03846,BLK-03846,COR-047,2026-09-28,03:45,300,AI Optimization Engine,1,96.5,Partial Conflict
HIST-03847,BLK-03847,COR-047,2026-09-16,18:30,60,AI Optimization Engine,1,91.4,Partial Conflict
HIST-03848,BLK-03848,COR-079,2026-09-12,19:00,300,AI Optimization Engine,0,85.9,Executed Cleanly
HIST-03849,BLK-03849,COR-026,2026-09-24,17:00,360,AI Optimization Engine,0,95.3,Executed Cleanly
HIST-03850,BLK-03850,COR-033,2026-09-17,03:00,180,AI Optimization Engine,1,92.6,Partial Conflict
HIST-03851,BLK-03851,COR-067,2026-09-13,23:30,240,AI Optimization Engine,0,93.2,Executed Cleanly
HIST-03852,BLK-03852,COR-038,2026-09-13,15:45,120,AI Optimization Engine,0,87.7,Executed Cleanly
HIST-03853,BLK-03853,COR-095,2026-09-15,03:00,60,AI Optimization Engine,1,97.5,Partial Conflict
HIST-03854,BLK-03854,COR-014,2026-09-23,23:45,300,Manual Rule-Based,7,61.3,Cancelled
HIST-03855,BLK-03855,COR-018,2026-09-14,03:45,300,AI Optimization Engine,1,94.9,Partial Conflict
HIST-03856,BLK-03856,COR-013,2026-09-23,10:15,360,AI Optimization Engine,1,90.9,Partial Conflict
HIST-03857,BLK-03857,COR-073,2026-09-12,07:15,360,Manual Rule-Based,4,74.3,Cancelled
HIST-03858,BLK-03858,COR-095,2026-09-16,04:15,60,AI Optimization Engine,0,93.5,Executed Cleanly
HIST-03859,BLK-03859,COR-049,2026-09-29,04:45,180,Manual Rule-Based,7,73.6,Cancelled
HIST-03860,BLK-03860,COR-049,2026-09-09,03:45,240,AI Optimization Engine,1,89.4,Partial Conflict
HIST-03861,BLK-03861,COR-096,2026-09-27,15:00,180,Manual Rule-Based,3,61.8,Partial Conflict
HIST-03862,BLK-03862,COR-059,2026-09-29,00:45,360,AI Optimization Engine,0,90.7,Executed Cleanly
HIST-03863,BLK-03863,COR-024,2026-09-10,20:30,180,AI Optimization Engine,0,96.5,Executed Cleanly
HIST-03864,BLK-03864,COR-044,2026-09-17,03:30,180,Manual Rule-Based,8,75.0,Cancelled
HIST-03865,BLK-03865,COR-022,2026-09-23,13:15,120,Manual Rule-Based,8,67.5,Cancelled
HIST-03866,BLK-03866,COR-090,2026-09-19,19:15,180,Manual Rule-Based,4,66.1,Cancelled
HIST-03867,BLK-03867,COR-026,2026-09-13,08:30,360,AI Optimization Engine,1,85.8,Partial Conflict
HIST-03868,BLK-03868,COR-044,2026-09-15,16:30,240,AI Optimization Engine,1,91.8,Partial Conflict
HIST-03869,BLK-03869,COR-062,2026-09-18,14:15,120,Manual Rule-Based,8,72.2,Cancelled
HIST-03870,BLK-03870,COR-065,2026-09-18,13:15,360,Manual Rule-Based,3,75.4,Partial Conflict
HIST-03871,BLK-03871,COR-083,2026-09-21,09:30,120,Manual Rule-Based,7,64.1,Cancelled
HIST-03872,BLK-03872,COR-087,2026-09-12,15:00,300,Manual Rule-Based,3,66.7,Partial Conflict
HIST-03873,BLK-03873,COR-084,2026-09-26,20:45,240,Manual Rule-Based,5,63.1,Cancelled
HIST-03874,BLK-03874,COR-073,2026-09-21,17:15,60,Manual Rule-Based,6,64.7,Cancelled
HIST-03875,BLK-03875,COR-004,2026-09-13,05:00,180,AI Optimization Engine,0,86.5,Executed Cleanly
HIST-03876,BLK-03876,COR-010,2026-09-29,22:15,300,Manual Rule-Based,4,75.4,Cancelled
HIST-03877,BLK-03877,COR-080,2026-09-23,16:15,180,Manual Rule-Based,5,74.2,Cancelled
HIST-03878,BLK-03878,COR-076,2026-09-09,10:30,60,AI Optimization Engine,1,90.2,Partial Conflict
HIST-03879,BLK-03879,COR-005,2026-09-18,09:45,300,AI Optimization Engine,0,91.6,Executed Cleanly
HIST-03880,BLK-03880,COR-038,2026-09-14,06:30,180,AI Optimization Engine,1,91.4,Partial Conflict
HIST-03881,BLK-03881,COR-004,2026-09-24,19:45,240,Manual Rule-Based,4,65.0,Cancelled
HIST-03882,BLK-03882,COR-004,2026-09-29,11:45,300,Manual Rule-Based,5,69.2,Cancelled
HIST-03883,BLK-03883,COR-008,2026-09-15,03:45,360,AI Optimization Engine,1,85.2,Partial Conflict
HIST-03884,BLK-03884,COR-012,2026-09-13,15:00,120,AI Optimization Engine,0,91.4,Executed Cleanly
HIST-03885,BLK-03885,COR-035,2026-09-19,09:00,240,Manual Rule-Based,4,75.4,Cancelled
HIST-03886,BLK-03886,COR-061,2026-09-10,07:45,60,Manual Rule-Based,3,61.5,Partial Conflict
HIST-03887,BLK-03887,COR-091,2026-09-27,11:00,180,Manual Rule-Based,3,64.0,Partial Conflict
HIST-03888,BLK-03888,COR-014,2026-09-20,15:45,60,Manual Rule-Based,5,61.0,Cancelled
HIST-03889,BLK-03889,COR-064,2026-09-11,13:15,240,AI Optimization Engine,1,94.4,Partial Conflict
HIST-03890,BLK-03890,COR-093,2026-09-22,19:00,300,Manual Rule-Based,8,68.7,Cancelled
HIST-03891,BLK-03891,COR-031,2026-09-28,16:45,180,AI Optimization Engine,1,87.1,Partial Conflict
HIST-03892,BLK-03892,COR-004,2026-09-11,13:00,180,Manual Rule-Based,5,65.2,Cancelled
HIST-03893,BLK-03893,COR-040,2026-09-26,00:15,240,Manual Rule-Based,7,71.0,Cancelled
HIST-03894,BLK-03894,COR-020,2026-09-18,13:30,120,AI Optimization Engine,0,85.1,Executed Cleanly
HIST-03895,BLK-03895,COR-011,2026-09-25,20:30,300,Manual Rule-Based,5,72.1,Cancelled
HIST-03896,BLK-03896,COR-064,2026-09-29,00:15,240,Manual Rule-Based,3,63.2,Partial Conflict
HIST-03897,BLK-03897,COR-033,2026-09-11,02:45,60,AI Optimization Engine,1,97.2,Partial Conflict
HIST-03898,BLK-03898,COR-008,2026-09-15,19:45,300,Manual Rule-Based,3,74.5,Partial Conflict
HIST-03899,BLK-03899,COR-094,2026-09-21,22:30,120,AI Optimization Engine,0,92.0,Executed Cleanly
HIST-03900,BLK-03900,COR-001,2026-09-09,17:30,240,Manual Rule-Based,7,70.6,Cancelled
HIST-03901,BLK-03901,COR-100,2026-09-26,08:30,360,Manual Rule-Based,3,71.7,Partial Conflict
HIST-03902,BLK-03902,COR-002,2026-09-21,04:30,60,Manual Rule-Based,4,64.8,Cancelled
HIST-03903,BLK-03903,COR-006,2026-09-16,19:00,120,AI Optimization Engine,0,96.2,Executed Cleanly
HIST-03904,BLK-03904,COR-075,2026-09-25,14:45,120,Manual Rule-Based,7,66.3,Cancelled
HIST-03905,BLK-03905,COR-077,2026-09-25,07:15,60,Manual Rule-Based,3,71.6,Partial Conflict
HIST-03906,BLK-03906,COR-053,2026-09-13,15:30,60,Manual Rule-Based,4,64.6,Cancelled
HIST-03907,BLK-03907,COR-099,2026-09-23,23:30,240,Manual Rule-Based,4,69.2,Cancelled
HIST-03908,BLK-03908,COR-043,2026-09-26,03:45,360,AI Optimization Engine,1,90.7,Partial Conflict
HIST-03909,BLK-03909,COR-075,2026-09-18,08:15,360,Manual Rule-Based,6,73.6,Cancelled
HIST-03910,BLK-03910,COR-041,2026-09-15,10:00,240,Manual Rule-Based,5,72.3,Cancelled
HIST-03911,BLK-03911,COR-059,2026-09-23,20:00,360,Manual Rule-Based,5,67.5,Cancelled
HIST-03912,BLK-03912,COR-065,2026-09-12,07:15,360,AI Optimization Engine,0,91.7,Executed Cleanly
HIST-03913,BLK-03913,COR-052,2026-09-16,22:30,360,AI Optimization Engine,0,96.0,Executed Cleanly
HIST-03914,BLK-03914,COR-092,2026-09-27,06:45,300,Manual Rule-Based,5,71.8,Cancelled
HIST-03915,BLK-03915,COR-035,2026-09-24,15:00,360,Manual Rule-Based,8,69.6,Cancelled
HIST-03916,BLK-03916,COR-075,2026-09-26,03:45,180,AI Optimization Engine,0,93.2,Executed Cleanly
HIST-03917,BLK-03917,COR-036,2026-09-21,03:30,180,Manual Rule-Based,8,62.2,Cancelled
HIST-03918,BLK-03918,COR-082,2026-09-23,19:45,360,AI Optimization Engine,1,90.5,Partial Conflict
HIST-03919,BLK-03919,COR-057,2026-09-17,14:45,360,AI Optimization Engine,0,95.3,Executed Cleanly
HIST-03920,BLK-03920,COR-091,2026-09-24,15:15,240,Manual Rule-Based,7,69.5,Cancelled
HIST-03921,BLK-03921,COR-052,2026-09-16,14:15,300,Manual Rule-Based,7,65.7,Cancelled
HIST-03922,BLK-03922,COR-067,2026-09-16,07:45,180,AI Optimization Engine,0,86.0,Executed Cleanly
HIST-03923,BLK-03923,COR-017,2026-09-26,02:00,360,AI Optimization Engine,0,88.6,Executed Cleanly
HIST-03924,BLK-03924,COR-093,2026-09-23,22:45,300,AI Optimization Engine,1,94.2,Partial Conflict
HIST-03925,BLK-03925,COR-078,2026-09-19,11:15,60,AI Optimization Engine,0,94.7,Executed Cleanly
HIST-03926,BLK-03926,COR-088,2026-09-11,14:30,180,Manual Rule-Based,5,71.1,Cancelled
HIST-03927,BLK-03927,COR-038,2026-09-25,05:15,240,Manual Rule-Based,8,75.1,Cancelled
HIST-03928,BLK-03928,COR-041,2026-09-12,23:30,360,AI Optimization Engine,1,89.1,Partial Conflict
HIST-03929,BLK-03929,COR-100,2026-09-13,07:15,240,AI Optimization Engine,1,89.2,Partial Conflict
HIST-03930,BLK-03930,COR-029,2026-09-23,20:00,60,AI Optimization Engine,0,91.6,Executed Cleanly
HIST-03931,BLK-03931,COR-043,2026-09-22,23:15,240,AI Optimization Engine,0,91.4,Executed Cleanly
HIST-03932,BLK-03932,COR-058,2026-09-23,13:30,60,Manual Rule-Based,4,71.4,Cancelled
HIST-03933,BLK-03933,COR-095,2026-09-19,06:30,300,AI Optimization Engine,0,85.1,Executed Cleanly
HIST-03934,BLK-03934,COR-039,2026-09-29,00:30,120,AI Optimization Engine,1,91.8,Partial Conflict
HIST-03935,BLK-03935,COR-034,2026-09-29,19:15,60,AI Optimization Engine,0,91.5,Executed Cleanly
HIST-03936,BLK-03936,COR-094,2026-09-09,01:00,180,AI Optimization Engine,1,88.2,Partial Conflict
HIST-03937,BLK-03937,COR-081,2026-09-15,22:00,180,AI Optimization Engine,0,89.1,Executed Cleanly
HIST-03938,BLK-03938,COR-037,2026-09-11,09:45,180,Manual Rule-Based,6,70.6,Cancelled
HIST-03939,BLK-03939,COR-044,2026-09-20,03:45,120,AI Optimization Engine,0,85.8,Executed Cleanly
HIST-03940,BLK-03940,COR-030,2026-09-21,19:00,360,AI Optimization Engine,1,93.5,Partial Conflict
HIST-03941,BLK-03941,COR-031,2026-09-09,10:15,240,Manual Rule-Based,4,74.1,Cancelled
HIST-03942,BLK-03942,COR-051,2026-09-18,16:15,120,Manual Rule-Based,8,74.8,Cancelled
HIST-03943,BLK-03943,COR-008,2026-09-14,00:15,240,Manual Rule-Based,6,67.6,Cancelled
HIST-03944,BLK-03944,COR-084,2026-09-14,23:15,300,AI Optimization Engine,0,92.6,Executed Cleanly
HIST-03945,BLK-03945,COR-036,2026-09-20,02:15,360,Manual Rule-Based,3,75.6,Partial Conflict
HIST-03946,BLK-03946,COR-052,2026-09-22,00:45,60,Manual Rule-Based,7,62.7,Cancelled
HIST-03947,BLK-03947,COR-058,2026-09-19,14:30,60,Manual Rule-Based,3,71.1,Partial Conflict
HIST-03948,BLK-03948,COR-028,2026-09-11,11:00,120,AI Optimization Engine,0,86.6,Executed Cleanly
HIST-03949,BLK-03949,COR-073,2026-09-21,21:45,180,Manual Rule-Based,6,67.4,Cancelled
HIST-03950,BLK-03950,COR-051,2026-09-11,18:00,240,Manual Rule-Based,4,70.9,Cancelled
HIST-03951,BLK-03951,COR-052,2026-09-14,19:15,180,Manual Rule-Based,6,60.3,Cancelled
HIST-03952,BLK-03952,COR-059,2026-09-12,23:45,180,Manual Rule-Based,6,65.0,Cancelled
HIST-03953,BLK-03953,COR-038,2026-09-15,14:00,180,Manual Rule-Based,6,64.9,Cancelled
HIST-03954,BLK-03954,COR-041,2026-09-28,00:15,180,Manual Rule-Based,7,72.9,Cancelled
HIST-03955,BLK-03955,COR-004,2026-09-09,05:00,360,AI Optimization Engine,1,89.0,Partial Conflict
HIST-03956,BLK-03956,COR-071,2026-09-14,23:15,300,Manual Rule-Based,8,60.4,Cancelled
HIST-03957,BLK-03957,COR-005,2026-09-23,13:30,360,Manual Rule-Based,4,60.1,Cancelled
HIST-03958,BLK-03958,COR-061,2026-09-10,00:00,360,Manual Rule-Based,7,72.1,Cancelled
HIST-03959,BLK-03959,COR-035,2026-09-10,06:15,180,AI Optimization Engine,1,96.2,Partial Conflict
HIST-03960,BLK-03960,COR-065,2026-09-16,12:45,60,Manual Rule-Based,5,71.8,Cancelled
HIST-03961,BLK-03961,COR-097,2026-09-19,19:45,60,Manual Rule-Based,6,70.5,Cancelled
HIST-03962,BLK-03962,COR-019,2026-09-09,01:15,240,AI Optimization Engine,1,89.5,Partial Conflict
HIST-03963,BLK-03963,COR-056,2026-09-19,21:45,300,AI Optimization Engine,1,96.4,Partial Conflict
HIST-03964,BLK-03964,COR-003,2026-09-25,16:45,240,AI Optimization Engine,1,89.0,Partial Conflict
HIST-03965,BLK-03965,COR-063,2026-09-26,03:15,300,AI Optimization Engine,1,87.0,Partial Conflict
HIST-03966,BLK-03966,COR-001,2026-09-23,21:30,180,AI Optimization Engine,0,94.6,Executed Cleanly
HIST-03967,BLK-03967,COR-001,2026-09-15,08:00,180,AI Optimization Engine,0,91.3,Executed Cleanly
HIST-03968,BLK-03968,COR-074,2026-09-15,13:30,180,AI Optimization Engine,1,86.8,Partial Conflict
HIST-03969,BLK-03969,COR-049,2026-09-23,19:00,120,AI Optimization Engine,0,85.3,Executed Cleanly
HIST-03970,BLK-03970,COR-051,2026-09-29,17:00,60,Manual Rule-Based,4,66.6,Cancelled
HIST-03971,BLK-03971,COR-003,2026-09-16,04:45,300,Manual Rule-Based,3,72.2,Partial Conflict
HIST-03972,BLK-03972,COR-001,2026-09-29,21:30,120,AI Optimization Engine,0,85.4,Executed Cleanly
HIST-03973,BLK-03973,COR-096,2026-09-27,09:15,240,Manual Rule-Based,7,68.3,Cancelled
HIST-03974,BLK-03974,COR-036,2026-09-16,17:30,240,AI Optimization Engine,0,87.8,Executed Cleanly
HIST-03975,BLK-03975,COR-043,2026-09-12,17:30,180,AI Optimization Engine,0,92.4,Executed Cleanly
HIST-03976,BLK-03976,COR-073,2026-09-11,05:00,120,AI Optimization Engine,1,85.3,Partial Conflict
HIST-03977,BLK-03977,COR-080,2026-09-26,21:00,240,Manual Rule-Based,7,66.0,Cancelled
HIST-03978,BLK-03978,COR-089,2026-09-16,15:15,120,Manual Rule-Based,8,71.5,Cancelled
HIST-03979,BLK-03979,COR-078,2026-09-27,20:45,300,Manual Rule-Based,8,65.9,Cancelled
HIST-03980,BLK-03980,COR-048,2026-09-20,04:00,360,Manual Rule-Based,8,67.5,Cancelled
HIST-03981,BLK-03981,COR-067,2026-09-11,23:00,360,AI Optimization Engine,0,87.4,Executed Cleanly
HIST-03982,BLK-03982,COR-096,2026-09-25,14:30,240,AI Optimization Engine,1,93.1,Partial Conflict
HIST-03983,BLK-03983,COR-094,2026-09-12,18:00,300,Manual Rule-Based,8,72.0,Cancelled
HIST-03984,BLK-03984,COR-022,2026-09-13,17:15,300,AI Optimization Engine,1,89.3,Partial Conflict
HIST-03985,BLK-03985,COR-085,2026-09-20,15:15,60,Manual Rule-Based,7,67.2,Cancelled
HIST-03986,BLK-03986,COR-019,2026-09-23,06:30,180,AI Optimization Engine,0,85.2,Executed Cleanly
HIST-03987,BLK-03987,COR-096,2026-09-14,10:00,300,Manual Rule-Based,3,65.7,Partial Conflict
HIST-03988,BLK-03988,COR-001,2026-09-14,22:30,180,AI Optimization Engine,0,91.7,Executed Cleanly
HIST-03989,BLK-03989,COR-048,2026-09-16,23:00,60,AI Optimization Engine,0,88.7,Executed Cleanly
HIST-03990,BLK-03990,COR-040,2026-09-14,09:30,240,AI Optimization Engine,1,88.7,Partial Conflict
HIST-03991,BLK-03991,COR-044,2026-09-20,11:30,180,Manual Rule-Based,8,60.1,Cancelled
HIST-03992,BLK-03992,COR-020,2026-09-22,20:00,60,AI Optimization Engine,1,87.5,Partial Conflict
HIST-03993,BLK-03993,COR-075,2026-09-19,09:45,180,AI Optimization Engine,0,89.9,Executed Cleanly
HIST-03994,BLK-03994,COR-092,2026-09-21,11:00,60,AI Optimization Engine,0,93.8,Executed Cleanly
HIST-03995,BLK-03995,COR-071,2026-09-18,22:15,300,Manual Rule-Based,3,61.6,Partial Conflict
HIST-03996,BLK-03996,COR-080,2026-09-22,08:45,360,Manual Rule-Based,7,74.1,Cancelled
HIST-03997,BLK-03997,COR-081,2026-09-22,13:15,180,Manual Rule-Based,8,72.5,Cancelled
HIST-03998,BLK-03998,COR-008,2026-09-11,16:30,360,Manual Rule-Based,3,72.7,Partial Conflict
HIST-03999,BLK-03999,COR-040,2026-09-28,02:30,360,AI Optimization Engine,1,87.1,Partial Conflict
HIST-04000,BLK-04000,COR-004,2026-09-25,12:30,360,Manual Rule-Based,3,60.3,Partial Conflict
